date,actual_return,estimation_failed,var_0.01,es_0.01,var_0.05,es_0.05
2007-05-31,0.00265886888894421,False,0.06208344817097761,0.07349978185771759,0.03312133530919221,0.04987451068959689
2007-06-01,0.0,False,0.06208344817097761,0.07349978185771759,0.03312133530919221,0.04987451068959689
2007-06-04,-0.014442615311006527,False,0.06208344817097761,0.07349978185771759,0.03312133530919221,0.04987451068959689
2007-06-05,0.013379915954884457,False,0.06208344817097761,0.07349978185771759,0.03312133530919221,0.04987451068959689
2007-06-06,-0.0031948908965191767,False,0.06208344817097761,0.07349978185771759,0.03253009293539121,0.049601677535104735
2007-06-07,-0.016129381929883644,False,0.06208344817097761,0.07349978185771759,0.03253009293539121,0.049601677535104735
2007-06-08,-0.012544478654723955,False,0.06208344817097761,0.07349978185771759,0.03253009293539121,0.049601677535104735
2007-06-11,0.009287146784417482,False,0.06208344817097761,0.07349978185771759,0.032408211221574064,0.049514337309729116
2007-06-12,-0.0016326534238853348,False,0.06208344817097761,0.07349978185771759,0.032408211221574064,0.049514337309729116
2007-06-13,0.0005445140346898021,False,0.06208344817097761,0.07349978185771759,0.032408211221574064,0.049514337309729116
2007-06-14,0.035297782081023896,False,0.06208344817097761,0.07349978185771759,0.032408211221574064,0.049514337309729116
2007-06-15,0.0005253480551612175,False,0.06208344817097761,0.07349978185771759,0.032408211221574064,0.049514337309729116
2007-06-18,0.02847720259323003,False,0.06208344817097761,0.07349978185771759,0.032408211221574064,0.049514337309729116
2007-06-19,-0.005630933742060297,False,0.06208344817097761,0.07349978185771759,0.032408211221574064,0.049514337309729116
2007-06-20,-0.011877237480595835,False,0.06208344817097761,0.07349978185771759,0.032408211221574064,0.049514337309729116
2007-06-21,0.0051813587419975845,False,0.06208344817097761,0.07349978185771759,0.032408211221574064,0.049514337309729116
2007-06-22,0.01181621762657356,False,0.06208344817097761,0.07349978185771759,0.032408211221574064,0.049514337309729116
2007-06-25,-0.0030690561174178833,False,0.06208344817097761,0.07349978185771759,0.032408211221574064,0.049514337309729116
2007-06-26,0.035232632607379036,False,0.06208344817097761,0.07349978185771759,0.032408211221574064,0.049514337309729116
2007-06-27,0.0,False,0.06208344817097761,0.07349978185771759,0.032408211221574064,0.049514337309729116
2007-06-28,-0.009940439705250801,False,0.06208344817097761,0.07349978185771759,0.032408211221574064,0.049514337309729116
2007-06-29,0.025642430613337652,False,0.06208344817097761,0.07349978185771759,0.032408211221574064,0.049514337309729116
2007-07-02,-0.0053697956708815275,False,0.06208344817097761,0.07349978185771759,0.032408211221574064,0.049514337309729116
2007-07-03,0.011195054861961738,False,0.06208344817097761,0.07349978185771759,0.032408211221574064,0.049514337309729116
2007-07-05,0.0239131432986062,False,0.06208344817097761,0.07349978185771759,0.032408211221574064,0.049514337309729116
2007-07-06,0.0056550574833450565,False,0.06208344817097761,0.07349978185771759,0.032408211221574064,0.049514337309729116
2007-07-09,-0.01515180502060222,False,0.06208344817097761,0.07349978185771759,0.032408211221574064,0.049514337309729116
2007-07-10,-0.034461065900293304,False,0.06208344817097761,0.07349978185771759,0.032408211221574064,0.049514337309729116
2007-07-11,0.019560525854493572,False,0.06208344817097761,0.07349978185771759,0.03253009293539121,0.049553575279875896
2007-07-12,0.007718320998501331,False,0.06208344817097761,0.07349978185771759,0.03253009293539121,0.049553575279875896
2007-07-13,-0.0004806536982707965,False,0.06208344817097761,0.07349978185771759,0.03253009293539121,0.049553575279875896
2007-07-16,-0.04172384337139979,False,0.06208344817097761,0.07349978185771759,0.03253009293539121,0.049553575279875896
2007-07-17,0.0484320621065183,False,0.061918276687644276,0.07086554619512812,0.03253009293539121,0.048619542726767336
2007-07-18,0.0014316394714378922,False,0.061918276687644276,0.07086554619512812,0.03253009293539121,0.048619542726767336
2007-07-19,0.008074135528262963,False,0.061918276687644276,0.07086554619512812,0.03253009293539121,0.048619542726767336
2007-07-20,-0.007120846609549976,False,0.06071677023718315,0.06965716803939448,0.032408211221574064,0.04778951821027495
2007-07-23,-0.015362760138864739,False,0.06071677023718315,0.06965716803939448,0.032408211221574064,0.04778951821027495
2007-07-24,0.015839064029746167,False,0.06071677023718315,0.06965716803939448,0.032408211221574064,0.04778951821027495
2007-07-25,-0.01971691668372489,False,0.06071677023718315,0.06965716803939448,0.032408211221574064,0.04778951821027495
2007-07-26,-0.0275743713619712,False,0.06071677023718315,0.06965716803939448,0.03224104645253199,0.04750260709988668
2007-07-27,-0.036608053237303845,False,0.06071677023718315,0.06965716803939448,0.03224104645253199,0.04750260709988668
2007-07-30,0.0,False,0.06071677023718315,0.06965716803939448,0.032408211221574064,0.04758669968353956
2007-07-31,0.005680366422755846,False,0.06071677023718315,0.06965716803939448,0.032408211221574064,0.04758669968353956
2007-08-01,-0.01295690580562574,False,0.06071677023718315,0.06965716803939448,0.032408211221574064,0.04758669968353956
2007-08-02,-0.0015661710327449462,False,0.06071677023718315,0.06965716803939448,0.032408211221574064,0.04758669968353956
2007-08-03,-0.011032420803576725,False,0.06071677023718315,0.06965716803939448,0.032408211221574064,0.04758669968353956
2007-08-06,-0.014365769802033752,False,0.06071677023718315,0.06965716803939448,0.032408211221574064,0.04758669968353956
2007-08-07,-0.021121825029282434,False,0.06071677023718315,0.06965716803939448,0.03224104645253199,0.04756787383443657
2007-08-08,0.023797769896082944,False,0.06071677023718315,0.06965716803939448,0.03224104645253199,0.04756787383443657
2007-08-09,-0.024345265119175865,False,0.06071677023718315,0.06965716803939448,0.03224104645253199,0.04756787383443657
2007-08-10,0.0005474952230928441,False,0.06071677023718315,0.06965716803939448,0.03224104645253199,0.04756787383443657
2007-08-13,0.01951281422358172,False,0.06071677023718315,0.06965716803939448,0.03224104645253199,0.04756787383443657
2007-08-14,-0.0053821443162287,False,0.06071677023718315,0.06965716803939448,0.03224104645253199,0.04756787383443657
2007-08-15,0.010201430752177618,False,0.06071677023718315,0.06965716803939448,0.03224104645253199,0.04756787383443657
2007-08-16,-0.046469141878109264,False,0.06071677023718315,0.06965716803939448,0.03224104645253199,0.04756787383443657
2007-08-17,-0.006737813249911853,False,0.06071677023718315,0.06965716803939448,0.032408211221574064,0.04784918819090556
2007-08-20,-0.001127395835308235,False,0.06071677023718315,0.06965716803939448,0.032408211221574064,0.04784918819090556
2007-08-21,0.011217167530924924,False,0.06071677023718315,0.06965716803939448,0.032408211221574064,0.04784918819090556
2007-08-22,-0.01065331073560813,False,0.06071677023718315,0.06965716803939448,0.032408211221574064,0.04784918819090556
2007-08-23,0.02724661180913831,False,0.06071677023718315,0.06965716803939448,0.032408211221574064,0.04784918819090556
2007-08-24,0.009825406554414858,False,0.06071677023718315,0.06965716803939448,0.032408211221574064,0.04784918819090556
2007-08-27,-0.010374103413174235,False,0.06071677023718315,0.06965716803939448,0.032408211221574064,0.04784918819090556
2007-08-28,-0.005503591216978952,False,0.06071677023718315,0.06965716803939448,0.032408211221574064,0.04784918819090556
2007-08-29,0.0071487794136673305,False,0.06071677023718315,0.06965716803939448,0.032408211221574064,0.04784918819090556
2007-08-30,-0.005494519317640702,False,0.06071677023718315,0.06965716803939448,0.032408211221574064,0.04784918819090556
2007-08-31,0.02878287208983678,False,0.06071677023718315,0.06965716803939448,0.032408211221574064,0.04784918819090556
2007-09-04,-0.025482539061179945,False,0.06071677023718315,0.06965716803939448,0.032408211221574064,0.04784918819090556
2007-09-05,0.010923101505469863,False,0.06071677023718315,0.06965716803939448,0.032408211221574064,0.04784918819090556
2007-09-06,0.017766281565289713,False,0.06071677023718315,0.06965716803939448,0.032408211221574064,0.04784918819090556
2007-09-07,0.0015995737881413724,False,0.06071677023718315,0.06965716803939448,0.032408211221574064,0.04784918819090556
2007-09-10,0.020564921944296984,False,0.06071677023718315,0.06965716803939448,0.032408211221574064,0.04784918819090556
2007-09-11,-0.021097828964635926,False,0.06071677023718315,0.06965716803939448,0.032408211221574064,0.04784918819090556
2007-09-12,-0.004808986024447407,False,0.06071677023718315,0.06965716803939448,0.032408211221574064,0.04784918819090556
2007-09-13,-0.0053705821890168304,False,0.06071677023718315,0.06965716803939448,0.032408211221574064,0.04784918819090556
2007-09-14,-0.010828476137580161,False,0.06071677023718315,0.06965716803939448,0.032408211221574064,0.04784918819090556
2007-09-17,0.014590910030410907,False,0.06071677023718315,0.06965716803939448,0.032408211221574064,0.04784918819090556
2007-09-18,0.004816707198552034,False,0.06071677023718315,0.06965716803939448,0.032408211221574064,0.04784918819090556
2007-09-19,0.014312462710443315,False,0.06071677023718315,0.06965716803939448,0.032408211221574064,0.04784918819090556
2007-09-20,0.036687141998188295,False,0.06071677023718315,0.06965716803939448,0.032408211221574064,0.04784918819090556
2007-09-21,0.006069821367075774,False,0.06071677023718315,0.06965716803939448,0.032408211221574064,0.04784918819090556
2007-09-24,0.014021261252855986,False,0.06071677023718315,0.06965716803939448,0.032408211221574064,0.04784918819090556
2007-09-25,0.015297608951958842,False,0.06071677023718315,0.06965716803939448,0.032408211221574064,0.04784918819090556
2007-09-26,0.001956947786960947,False,0.06071677023718315,0.06965716803939448,0.032408211221574064,0.04784918819090556
2007-09-27,-0.0073583849311871,False,0.06071677023718315,0.06965716803939448,0.032408211221574064,0.04784918819090556
2007-09-28,0.0024588160900287748,False,0.06071677023718315,0.06965716803939448,0.032408211221574064,0.04784918819090556
2007-10-01,-0.0029513056345803093,False,0.06071677023718315,0.06965716803939448,0.032408211221574064,0.04784918819090556
2007-10-02,-0.057274328990188555,False,0.06071677023718315,0.06965716803939448,0.032408211221574064,0.04784918819090556
2007-10-03,-0.021619613479474564,False,0.06071677023718315,0.06965716803939448,0.032408211221574064,0.0483308583788744
2007-10-04,-0.000533191161658835,False,0.06071677023718315,0.06965716803939448,0.032408211221574064,0.0483308583788744
2007-10-05,-0.009108019030727364,False,0.06071677023718315,0.06965716803939448,0.032408211221574064,0.0483308583788744
2007-10-08,-0.02286436021254524,False,0.06071677023718315,0.06965716803939448,0.032408211221574064,0.0483308583788744
2007-10-09,0.003847215517424492,False,0.06071677023718315,0.06965716803939448,0.032408211221574064,0.0483308583788744
2007-10-10,0.006560985810007635,False,0.060506970352548164,0.06951598396154096,0.03224104645253199,0.04773659703185989
2007-10-11,0.010840214552864807,False,0.060506970352548164,0.06951598396154096,0.03224104645253199,0.04773659703185989
2007-10-12,-0.009206672125903136,False,0.059904209901079274,0.06816539614245767,0.03206892772010415,0.04690103000166015
2007-10-15,0.011360684805811616,False,0.059904209901079274,0.06816539614245767,0.03206892772010415,0.04690103000166015
2007-10-16,0.005899722127188322,False,0.059904209901079274,0.06816539614245767,0.03206892772010415,0.04690103000166015
2007-10-17,0.002670228555878892,False,0.059904209901079274,0.06816539614245767,0.03206892772010415,0.04690103000166015
2007-10-18,0.004257590252641196,False,0.059904209901079274,0.06816539614245767,0.03206892772010415,0.04690103000166015
2007-10-19,-0.0021265292436870712,False,0.059904209901079274,0.06816539614245767,0.03206892772010415,0.04690103000166015
2007-10-22,-0.020430818180387476,False,0.059904209901079274,0.06816539614245767,0.03206892772010415,0.04690103000166015
2007-10-23,0.005957233973046935,False,0.059904209901079274,0.06816539614245767,0.03206892772010415,0.04690103000166015
2007-10-24,-0.007588112290492323,False,0.059904209901079274,0.06816539614245767,0.03206892772010415,0.04690103000166015
2007-10-25,-0.006550241760718542,False,0.059904209901079274,0.06816539614245767,0.03206892772010415,0.04690103000166015
2007-10-26,0.04549888308535925,False,0.059904209901079274,0.06816539614245767,0.03206892772010415,0.04690103000166015
2007-10-29,0.02071539638283816,False,0.059904209901079274,0.06816539614245767,0.03206892772010415,0.04690103000166015
2007-10-30,-0.003080084570564535,False,0.059904209901079274,0.06816539614245767,0.03206892772010415,0.04690103000166015
2007-10-31,0.0,False,0.059904209901079274,0.06816539614245767,0.03206892772010415,0.04690103000166015
2007-11-01,0.01479996394088013,False,0.059904209901079274,0.06816539614245767,0.03206892772010415,0.04690103000166015
2007-11-02,-0.0020283982613927207,False,0.059904209901079274,0.06816539614245767,0.03185664416223042,0.04658225963298486
2007-11-05,-0.016893158325038352,False,0.059904209901079274,0.06816539614245767,0.03185664416223042,0.04658225963298486
2007-11-06,0.002577985444274297,False,0.059904209901079274,0.06816539614245767,0.03185664416223042,0.04658225963298486
2007-11-07,-0.0005150656822599119,False,0.059904209901079274,0.06816539614245767,0.03185664416223042,0.04658225963298486
2007-11-08,0.002058672883536368,False,0.059904209901079274,0.06816539614245767,0.03185664416223042,0.04658225963298486
2007-11-09,-0.012416093283990006,False,0.059904209901079274,0.06816539614245767,0.03185664416223042,0.04658225963298486
2007-11-12,-0.023171126182047887,False,0.059904209901079274,0.06816539614245767,0.03185664416223042,0.04658225963298486
2007-11-13,0.0010649628269565903,False,0.059904209901079274,0.06816539614245767,0.03185664416223042,0.04658225963298486
2007-11-14,0.0015953207318595544,False,0.059904209901079274,0.06816539614245767,0.03185664416223042,0.04658225963298486
2007-11-15,0.0015927797367861123,False,0.059904209901079274,0.06816539614245767,0.03185664416223042,0.04658225963298486
2007-11-16,0.010554187678690171,False,0.059904209901079274,0.06816539614245767,0.03185664416223042,0.04658225963298486
2007-11-19,-0.010554187678690256,False,0.059904209901079274,0.06816539614245767,0.03185664416223042,0.04658225963298486
2007-11-20,0.027212563524884794,False,0.059904209901079274,0.06816539614245767,0.03185664416223042,0.04658225963298486
2007-11-21,-0.01090070487619005,False,0.059904209901079274,0.06816539614245767,0.031249877079529847,0.04645031467676828
2007-11-26,-0.00785961604237674,False,0.059904209901079274,0.06816539614245767,0.031154492752692265,0.04640214322577462
2007-11-27,0.0010515248077204197,False,0.059904209901079274,0.06816539614245767,0.031154492752692265,0.04640214322577462
2007-11-28,-0.0005256241908138504,False,0.059904209901079274,0.06816539614245767,0.031154492752692265,0.04640214322577462
2007-11-29,0.033603575283723465,False,0.059904209901079274,0.06816539614245767,0.030790631914702042,0.04594956633575967
2007-11-30,0.005576693793598256,False,0.059904209901079274,0.06816539614245767,0.030790631914702042,0.04594956633575967
2007-12-03,0.03770287830584605,False,0.059904209901079274,0.06816539614245767,0.030790631914702042,0.04594956633575967
2007-12-04,0.02831962712755314,False,0.059904209901079274,0.06816539614245767,0.030790631914702042,0.04594956633575967
2007-12-05,0.009889414245642077,False,0.059904209901079274,0.06816539614245767,0.030790631914702042,0.04594956633575967
2007-12-06,0.008399489419976348,False,0.059904209901079274,0.06816539614245767,0.030790631914702042,0.04594956633575967
2007-12-07,0.0,False,0.059904209901079274,0.06816539614245767,0.030790631914702042,0.04594956633575967
2007-12-10,0.029306126585499487,False,0.059904209901079274,0.06816539614245767,0.030790631914702042,0.04594956633575967
2007-12-11,-0.00497625998622802,False,0.059904209901079274,0.06816539614245767,0.030790631914702042,0.04594956633575967
2007-12-12,0.018423347417442025,False,0.059904209901079274,0.06816539614245767,0.030790631914702042,0.04594956633575967
2007-12-13,-0.020239053771926793,False,0.059904209901079274,0.06816539614245767,0.030790631914702042,0.04594956633575967
2007-12-14,-0.055582832351547456,False,0.059904209901079274,0.06816539614245767,0.030790631914702042,0.04594956633575967
2007-12-17,0.00191938638580367,False,0.059904209901079274,0.06816539614245767,0.031154492752692265,0.04643820051027618
2007-12-18,0.013333530869465168,False,0.059904209901079274,0.06816539614245767,0.031154492752692265,0.04643820051027618
2007-12-19,0.008478618855552195,False,0.059904209901079274,0.06816539614245767,0.031154492752692265,0.04643820051027618
2007-12-20,-0.018939960100921614,False,0.059904209901079274,0.06816539614245767,0.031154492752692265,0.04643820051027618
2007-12-21,-0.0028721896240957384,False,0.059904209901079274,0.06816539614245767,0.031154492752692265,0.04643820051027618
2007-12-26,-0.025244058952212538,False,0.059904209901079274,0.06816539614245767,0.031154492752692265,0.04643820051027618
2007-12-27,0.015610073071078668,False,0.059904209901079274,0.06816539614245767,0.031154492752692265,0.04643820051027618
2007-12-28,-0.004365760026626671,False,0.059904209901079274,0.06816539614245767,0.031154492752692265,0.04643820051027618
2007-12-31,-0.01075279177626185,False,0.059904209901079274,0.06816539614245767,0.031154492752692265,0.04643820051027618
2008-01-02,0.030011933025224636,False,0.059904209901079274,0.06816539614245767,0.031154492752692265,0.04643820051027618
2008-01-03,0.010908336764138287,False,0.059904209901079274,0.06816539614245767,0.031154492752692265,0.04643820051027618
2008-01-04,-0.010431578709815707,False,0.059904209901079274,0.06816539614245767,0.031154492752692265,0.04643820051027618
2008-01-07,0.015606843142374753,False,0.059904209901079274,0.06816539614245767,0.031154492752692265,0.04643820051027618
2008-01-08,0.011663299930270607,False,0.059904209901079274,0.06816539614245767,0.031154492752692265,0.04643820051027618
2008-01-09,-0.0023218027611576803,False,0.059904209901079274,0.06816539614245767,0.031154492752692265,0.04643820051027618
2008-01-10,0.006949298293205944,False,0.059904209901079274,0.06816539614245767,0.031154492752692265,0.04643820051027618
2008-01-11,-0.001848429361782316,False,0.059904209901079274,0.06816539614245767,0.031154492752692265,0.04643820051027618
2008-01-14,0.018332319083471656,False,0.059904209901079274,0.06816539614245767,0.031154492752692265,0.04643820051027618
2008-01-15,-0.007292648546141398,False,0.059904209901079274,0.06816539614245767,0.030790631914702042,0.0463454408257589
2008-01-16,-0.014746811020150019,False,0.059904209901079274,0.06816539614245767,0.030790631914702042,0.0463454408257589
2008-01-17,0.007861312161957998,False,0.059904209901079274,0.06816539614245767,0.030790631914702042,0.0463454408257589
2008-01-18,-0.013914881288609028,False,0.059904209901079274,0.06816539614245767,0.030790631914702042,0.0463454408257589
2008-01-22,-0.004681656491065668,False,0.059904209901079274,0.06816539614245767,0.030790631914702042,0.0463454408257589
2008-01-23,0.003279459486373459,False,0.059904209901079274,0.06816539614245767,0.030790631914702042,0.0463454408257589
2008-01-24,0.024943556482915567,False,0.05861919916845367,0.0674576377941434,0.030222412316538005,0.045621359497809745
2008-01-25,0.009082714574319226,False,0.05728764850586892,0.06724780078728099,0.03011131192457937,0.04501113657755065
2008-01-28,0.000451977408824306,False,0.05728764850586892,0.06724780078728099,0.03011131192457937,0.04501113657755065
2008-01-29,0.009892166996619647,False,0.05728764850586892,0.06724780078728099,0.03011131192457937,0.04501113657755065
2008-01-30,0.0234368454520194,False,0.05728764850586892,0.06724780078728099,0.03011131192457937,0.04501113657755065
2008-01-31,0.016471980578921276,False,0.05728764850586892,0.06724780078728099,0.03011131192457937,0.04501113657755065
2008-02-01,0.0,False,0.05728764850586892,0.06724780078728099,0.03011131192457937,0.04501113657755065
2008-02-04,0.00856169613481098,False,0.05728764850586892,0.06724780078728099,0.03011131192457937,0.04501113657755065
2008-02-05,-0.003415887181407072,False,0.05728764850586892,0.06724780078728099,0.03011131192457937,0.04501113657755065
2008-02-06,0.006820145788208327,False,0.05728764850586892,0.06724780078728099,0.02957946429401443,0.044865869266129454
2008-02-07,-0.008532474973720703,False,0.05728764850586892,0.06724780078728099,0.02957946429401443,0.044865869266129454
2008-02-08,0.018676264404225738,False,0.05728764850586892,0.06724780078728099,0.02957946429401443,0.044865869266129454
2008-02-11,0.003358525407134224,False,0.05728764850586892,0.06724780078728099,0.02911111219295146,0.044666584072284625
2008-02-12,0.014562354280197165,False,0.05728764850586892,0.06724780078728099,0.02911111219295146,0.044666584072284625
2008-02-13,0.013538668332798265,False,0.05728764850586892,0.06724780078728099,0.02911111219295146,0.044666584072284625
2008-02-14,0.0052834912585000594,False,0.05728764850586892,0.06724780078728099,0.02911111219295146,0.044666584072284625
2008-02-15,0.011686612959961658,False,0.05728764850586892,0.06724780078728099,0.02911111219295146,0.044666584072284625
2008-02-19,-0.0028084271217263253,False,0.05616839374723964,0.06678357252027613,0.028590484186721988,0.04401001030630619
2008-02-20,-0.013347013100558969,False,0.05616839374723964,0.06678357252027613,0.028590484186721988,0.04401001030630619
2008-02-21,0.01173864926369608,False,0.05616839374723964,0.06678357252027613,0.028590484186721988,0.04401001030630619
2008-02-22,0.030515543925950413,False,0.05616839374723964,0.06678357252027613,0.028590484186721988,0.04401001030630619
2008-02-25,0.009710699729349478,False,0.05616839374723964,0.06678357252027613,0.028590484186721988,0.04401001030630619
2008-02-26,0.013438482137616019,False,0.05616839374723964,0.06678357252027613,0.028590484186721988,0.04401001030630619
2008-02-27,0.03559094510270253,False,0.05616839374723964,0.06678357252027613,0.028590484186721988,0.04401001030630619
2008-02-28,0.03009108673694745,False,0.055626176299997186,0.06595458720422867,0.028026060353703704,0.04329235485296377
2008-02-29,-0.01656501687469517,False,0.055626176299997186,0.06595458720422867,0.028026060353703704,0.04329235485296377
2008-03-03,0.006514681021193672,False,0.055626176299997186,0.06595458720422867,0.028026060353703704,0.04329235485296377
2008-03-04,-0.0072411612565595855,False,0.055626176299997186,0.06595458720422867,0.028026060353703704,0.04329235485296377
2008-03-07,-0.00441339443841275,False,0.055626176299997186,0.06595458720422867,0.028026060353703704,0.04329235485296377
2008-03-10,-0.005544275891230564,False,0.055626176299997186,0.06595458720422867,0.028026060353703704,0.04329235485296377
2008-03-11,0.024891475457002262,False,0.055626176299997186,0.06595458720422867,0.028026060353703704,0.04329235485296377
2008-03-12,0.0007228045128565787,False,0.055626176299997186,0.06595458720422867,0.028026060353703704,0.04329235485296377
2008-03-13,0.05414327557308464,False,0.055626176299997186,0.06595458720422867,0.028026060353703704,0.04329235485296377
2008-03-14,-0.00617921636595812,False,0.055626176299997186,0.06595458720422867,0.028026060353703704,0.04329235485296377
2008-03-17,-0.06178748776568126,False,0.055626176299997186,0.06595458720422867,0.028026060353703704,0.04329235485296377
2008-03-18,-0.0472528848505455,False,0.05616839374723964,0.06651761371237884,0.028590484186721988,0.04395681854472674
2008-03-19,-0.02764435332678468,False,0.05616839374723964,0.06651761371237884,0.02911111219295146,0.044320117774511336
2008-03-20,-0.09693012523849363,False,0.05616839374723964,0.06651761371237884,0.02911111219295146,0.044320117774511336
2008-03-24,-0.01489948684604718,False,0.05728764850586892,0.07048319333720934,0.02957946429401443,0.04566768627940045
2008-03-25,0.05706029767032506,False,0.05728764850586892,0.07048319333720934,0.02957946429401443,0.04566768627940045
2008-03-26,0.010371385229066086,False,0.05728764850586892,0.07048319333720934,0.02911111219295146,0.04556642177614249
2008-03-27,0.003707522269531828,False,0.05728764850586892,0.07048319333720934,0.02911111219295146,0.04556642177614249
2008-03-28,-0.02878196589914982,False,0.05728764850586892,0.07048319333720934,0.02911111219295146,0.04556642177614249
2008-03-31,-0.01793387091247077,False,0.05728764850586892,0.07048319333720934,0.02911111219295146,0.04556642177614249
2008-04-01,-0.01694587585241609,False,0.05728764850586892,0.07048319333720934,0.02911111219295146,0.04556642177614249
2008-04-02,-0.0230506659678565,False,0.05728764850586892,0.07048319333720934,0.02911111219295146,0.04556642177614249
2008-04-03,0.007594407731164727,False,0.05728764850586892,0.07048319333720934,0.02911111219295146,0.04556642177614249
2008-04-04,0.0075371671377444,False,0.05728764850586892,0.07048319333720934,0.02911111219295146,0.04556642177614249
2008-04-07,0.022276527197260833,False,0.05728764850586892,0.07048319333720934,0.02911111219295146,0.04556642177614249
2008-04-08,-0.011731614020645887,False,0.05728764850586892,0.07048319333720934,0.028797263772258094,0.045506973870590765
2008-04-09,0.03774032798284711,False,0.05728764850586892,0.07048319333720934,0.028797263772258094,0.045506973870590765
2008-04-10,0.03839480886264396,False,0.05728764850586892,0.07048319333720934,0.028797263772258094,0.045506973870590765
2008-04-11,0.0287444939749846,False,0.05728764850586892,0.07048319333720934,0.028797263772258094,0.045506973870590765
2008-04-14,0.003535654832307797,False,0.05728764850586892,0.07048319333720934,0.028797263772258094,0.045506973870590765
2008-04-15,0.03468555798789011,False,0.05728764850586892,0.07048319333720934,0.028797263772258094,0.045506973870590765
2008-04-16,0.017274180942820957,False,0.05728764850586892,0.07048319333720934,0.028797263772258094,0.045506973870590765
2008-04-17,0.032957944543512335,False,0.05728764850586892,0.07048319333720934,0.028797263772258094,0.045506973870590765
2008-04-18,-0.027759269634274716,False,0.05728764850586892,0.07048319333720934,0.028797263772258094,0.045506973870590765
2008-04-21,0.007747686790825957,False,0.05728764850586892,0.07048319333720934,0.028575186313613714,0.04528499970231662
2008-04-22,0.04174769602560498,False,0.05728764850586892,0.07048319333720934,0.028575186313613714,0.04528499970231662
2008-04-23,0.01051903107451838,False,0.05728764850586892,0.07048319333720934,0.028575186313613714,0.04528499970231662
2008-04-24,-0.0027942735610580233,False,0.05728764850586892,0.07048319333720934,0.028575186313613714,0.04528499970231662
2008-04-25,-0.002100841108811839,False,0.05728764850586892,0.07048319333720934,0.028575186313613714,0.04528499970231662
2008-04-28,0.0038481768670362865,False,0.05728764850586892,0.07048319333720934,0.028575186313613714,0.04528499970231662
2008-04-29,0.0020927806731305776,False,0.05728764850586892,0.07048319333720934,0.028575186313613714,0.04528499970231662
2008-04-30,0.004172467805800703,False,0.05728764850586892,0.07048319333720934,0.028575186313613714,0.04528499970231662
2008-05-01,-0.057485037776221125,False,0.05728764850586892,0.07048319333720934,0.028575186313613714,0.04528499970231662
2008-05-02,0.00695846059886967,False,0.057496250204041165,0.07048319333720934,0.028797263772258094,0.04585906113985804
2008-05-08,0.008248208856495673,False,0.057496250204041165,0.07048319333720934,0.028797263772258094,0.04585906113985804
2008-05-09,0.02643325706815543,False,0.057496250204041165,0.07048319333720934,0.028797263772258094,0.04585906113985804
2008-05-12,0.001737619898540878,False,0.057496250204041165,0.07048319333720934,0.028797263772258094,0.04585906113985804
2008-05-13,-0.06342802685354396,False,0.057496250204041165,0.07048319333720934,0.028797263772258094,0.04585906113985804
2008-05-14,0.0259280545983293,False,0.05861919916845367,0.07096536796674122,0.02911111219295146,0.04654586320970261
2008-05-15,-0.053686776144895657,False,0.05861919916845367,0.07096536796674122,0.02911111219295146,0.04654586320970261
2008-05-16,0.017719596518237887,False,0.05861919916845367,0.07096536796674122,0.02957946429401443,0.04702856473271976
2008-05-19,-0.024589852548990276,False,0.05861919916845367,0.07096536796674122,0.02957946429401443,0.04702856473271976
2008-05-20,-0.003068663704563505,False,0.05861919916845367,0.07096536796674122,0.02957946429401443,0.04702856473271976
2008-05-21,-0.0065523456627626315,False,0.05861919916845367,0.07096536796674122,0.02911111219295146,0.046779803931905166
2008-05-22,-0.004651171175730844,False,0.05861919916845367,0.07096536796674122,0.02911111219295146,0.046779803931905166
2008-05-23,0.0011648224962931065,False,0.05861919916845367,0.07096536796674122,0.02911111219295146,0.046779803931905166
2008-05-27,0.0050319440412183135,False,0.05861919916845367,0.07096536796674122,0.028797263772258094,0.046539352849227396
2008-05-28,0.012279509630061781,False,0.05861919916845367,0.07096536796674122,0.028797263772258094,0.046539352849227396
2008-05-29,0.04036422385536035,False,0.05861919916845367,0.07096536796674122,0.028797263772258094,0.046539352849227396
2008-05-30,-0.0025673955052458097,False,0.05861919916845367,0.07096536796674122,0.028797263772258094,0.046539352849227396
2008-06-02,0.024307382141651814,False,0.05861919916845367,0.07096536796674122,0.028797263772258094,0.046539352849227396
2008-06-03,0.006074701546471114,False,0.05861919916845367,0.07096536796674122,0.028797263772258094,0.046539352849227396
2008-06-04,-0.003926473008181609,False,0.05861919916845367,0.07096536796674122,0.028797263772258094,0.046539352849227396
2008-06-05,-0.0014316394714377388,False,0.05861919916845367,0.07096536796674122,0.028575186313613714,0.046389491049916146
2008-06-06,0.030337423565050137,False,0.05861919916845367,0.07096536796674122,0.028575186313613714,0.046389491049916146
2008-06-09,-0.0027835786936463705,False,0.05861919916845367,0.07096536796674122,0.028575186313613714,0.046389491049916146
2008-06-10,-0.004189950263854065,False,0.05861919916845367,0.07096536796674122,0.028575186313613714,0.046389491049916146
2008-06-11,0.020433611377908733,False,0.05861919916845367,0.07096536796674122,0.028575186313613714,0.046389491049916146
2008-06-12,0.018342905594886244,False,0.05861919916845367,0.07096536796674122,0.028575186313613714,0.046389491049916146
2008-06-13,0.0006729475354900949,False,0.05861919916845367,0.07096536796674122,0.028575186313613714,0.046389491049916146
2008-06-16,0.010040244985232505,False,0.05861919916845367,0.07096536796674122,0.028575186313613714,0.046389491049916146
2008-06-17,-0.001666389320787318,False,0.05861919916845367,0.07096536796674122,0.028026060353703704,0.046158530525510694
2008-06-18,0.023080483824603787,False,0.05861919916845367,0.07096536796674122,0.028026060353703704,0.046158530525510694
2008-06-19,0.030495060818502038,False,0.05861919916845367,0.07096536796674122,0.028026060353703704,0.046158530525510694
2008-06-20,0.012879084882601007,False,0.05861919916845367,0.07096536796674122,0.028026060353703704,0.046158530525510694
2008-06-23,-0.004065681910006285,False,0.05861919916845367,0.07096536796674122,0.028026060353703704,0.046158530525510694
2008-06-24,0.012147789938458742,False,0.05861919916845367,0.07096536796674122,0.028026060353703704,0.046158530525510694
2008-06-25,-0.009331327428884305,False,0.05861919916845367,0.07096536796674122,0.028026060353703704,0.046158530525510694
2008-06-26,0.011496165138426356,False,0.05861919916845367,0.07096536796674122,0.028026060353703704,0.046158530525510694
2008-06-27,0.011670894143108035,False,0.05861919916845367,0.07096536796674122,0.028026060353703704,0.046158530525510694
2008-06-30,-0.009202518931161894,False,0.05861919916845367,0.07096536796674122,0.028026060353703704,0.046158530525510694
2008-07-01,0.034825623819059494,False,0.05861919916845367,0.07096536796674122,0.028026060353703704,0.046158530525510694
2008-07-02,-0.008068174649510203,False,0.05861919916845367,0.07096536796674122,0.028026060353703704,0.046158530525510694
2008-07-08,0.01680711831638119,False,0.05861919916845367,0.07096536796674122,0.028026060353703704,0.046158530525510694
2008-07-09,-0.011398044952369311,False,0.05861919916845367,0.07096536796674122,0.028026060353703704,0.046158530525510694
2008-07-15,0.012566302927663068,False,0.05861919916845367,0.07096536796674122,0.028026060353703704,0.046158530525510694
2008-07-16,0.021457260161782746,False,0.05861919916845367,0.07096536796674122,0.028026060353703704,0.046158530525510694
2008-07-17,-0.060664828478684235,False,0.05861919916845367,0.07096536796674122,0.028026060353703704,0.046158530525510694
2008-07-18,-0.044374092064616066,False,0.059904209901079274,0.07104203665650276,0.028575186313613714,0.04680054103153373
2008-07-21,0.00924615406508783,False,0.059904209901079274,0.07104203665650276,0.028797263772258094,0.04711238355484305
2008-07-22,-0.01533827109715305,False,0.059904209901079274,0.07104203665650276,0.028797263772258094,0.04711238355484305
2008-07-23,-0.010115693194788082,False,0.059904209901079274,0.07104203665650276,0.028797263772258094,0.04711238355484305
2008-07-24,-0.003637690442824361,False,0.059904209901079274,0.07104203665650276,0.028797263772258094,0.04711238355484305
2008-07-25,0.024834819644080967,False,0.059904209901079274,0.07104203665650276,0.028797263772258094,0.04711238355484305
2008-07-28,-0.006419422900657304,False,0.059904209901079274,0.07104203665650276,0.028797263772258094,0.04711238355484305
2008-07-29,0.014209830572653003,False,0.059904209901079274,0.07104203665650276,0.028797263772258094,0.04711238355484305
2008-07-30,-0.009569451016150672,False,0.059904209901079274,0.07104203665650276,0.028797263772258094,0.04711238355484305
2008-07-31,0.017649593344110988,False,0.05861919916845367,0.07028312358896371,0.028575186313613714,0.04633827742769686
2008-08-01,0.04715598614729748,False,0.05861919916845367,0.07028312358896371,0.028575186313613714,0.04633827742769686
2008-08-04,-0.07374858311121928,False,0.05861919916845367,0.07028312358896371,0.028575186313613714,0.04633827742769686
2008-08-05,-0.023633166814801713,False,0.059904209901079274,0.07166816774197873,0.028797263772258094,0.04723760977193824
2008-08-06,0.013884037422460166,False,0.059904209901079274,0.07166816774197873,0.028797263772258094,0.04723760977193824
2008-08-07,0.010467520227835125,False,0.059904209901079274,0.07166816774197873,0.028797263772258094,0.04723760977193824
2008-08-08,-0.03545045071834429,False,0.059904209901079274,0.07166816774197873,0.028797263772258094,0.04723760977193824
2008-08-11,-0.006718950248744981,False,0.059904209901079274,0.07166816774197873,0.02911111219295146,0.04736486031907883
2008-08-12,0.00857734141730365,False,0.059904209901079274,0.07166816774197873,0.02911111219295146,0.04736486031907883
2008-08-13,-0.0007429420846931526,False,0.059904209901079274,0.07166816774197873,0.02911111219295146,0.04736486031907883
2008-08-14,-0.012715204967092284,False,0.059904209901079274,0.07166816774197873,0.02911111219295146,0.04736486031907883
2008-08-15,-0.022840734097065083,False,0.059904209901079274,0.07166816774197873,0.028797263772258094,0.04729663543844605
2008-08-18,0.004610073473980068,False,0.059904209901079274,0.07166816774197873,0.028797263772258094,0.04729663543844605
2008-08-19,0.025356136111390714,False,0.059904209901079274,0.07166816774197873,0.028797263772258094,0.04729663543844605
2008-08-20,-0.0067491819749284495,False,0.059904209901079274,0.07166816774197873,0.028797263772258094,0.04729663543844605
2008-08-21,0.06058035933994202,False,0.059904209901079274,0.07166816774197873,0.028797263772258094,0.04729663543844605
2008-08-22,-0.012112723797721402,False,0.059904209901079274,0.07166816774197873,0.028797263772258094,0.04729663543844605
2008-09-03,0.0014986889279467019,False,0.059904209901079274,0.07166816774197873,0.028797263772258094,0.04729663543844605
2008-09-04,-0.002624181449681154,False,0.059904209901079274,0.07166816774197873,0.028797263772258094,0.04729663543844605
2008-09-05,-0.004137677522540079,False,0.059904209901079274,0.07166816774197873,0.028797263772258094,0.04729663543844605
2008-09-08,-0.03490287168106014,False,0.059904209901079274,0.07166816774197873,0.028797263772258094,0.04729663543844605
2008-09-16,-0.01045103377348292,False,0.059904209901079274,0.07166816774197873,0.02911111219295146,0.047412934404840935
2008-09-17,-0.008989702909808443,False,0.059904209901079274,0.07166816774197873,0.02911111219295146,0.047412934404840935
2008-09-18,0.041905035616867474,False,0.059904209901079274,0.07166816774197873,0.02911111219295146,0.047412934404840935
2008-09-19,0.012719961999560367,False,0.059904209901079274,0.07166816774197873,0.02911111219295146,0.047412934404840935
2008-09-22,0.013294139660593132,False,0.059904209901079274,0.07166816774197873,0.02911111219295146,0.047412934404840935
2008-09-23,-0.008843093736333707,False,0.059904209901079274,0.07166816774197873,0.02911111219295146,0.047412934404840935
2008-09-24,0.020150892503652554,False,0.059904209901079274,0.07166816774197873,0.02911111219295146,0.047412934404840935
2008-09-25,-0.006185211641680838,False,0.059904209901079274,0.07166816774197873,0.02911111219295146,0.047412934404840935
2008-09-26,0.0010942915554873272,False,0.059904209901079274,0.07166816774197873,0.02911111219295146,0.047412934404840935
2008-09-29,-0.07021751564641664,False,0.059904209901079274,0.07166816774197873,0.02911111219295146,0.047412934404840935
2008-09-30,0.0003910068476013222,False,0.06050657213106651,0.07263942194841033,0.02957946429401443,0.0482262507178885
2008-10-01,-0.018544622981202977,False,0.06050657213106651,0.07263942194841033,0.02957946429401443,0.0482262507178885
2008-10-02,-0.024184975629472402,False,0.06050657213106651,0.07263942194841033,0.02957946429401443,0.0482262507178885
2008-10-03,0.007317105817066848,False,0.06050657213106651,0.07263942194841033,0.02957946429401443,0.0482262507178885
2008-10-06,-0.028344473009142553,False,0.06050657213106651,0.07263942194841033,0.028820452603894237,0.04764515910660477
2008-10-07,0.009124907777000674,False,0.06050657213106651,0.07263942194841033,0.028820452603894237,0.04764515910660477
2008-10-08,-0.03358837995537496,False,0.06050657213106651,0.07263942194841033,0.028820452603894237,0.04764515910660477
2008-10-09,-0.005136997597916357,False,0.06050657213106651,0.07263942194841033,0.02957946429401443,0.047725892705831496
2008-10-10,-0.03760827991715931,False,0.06050657213106651,0.07263942194841033,0.02957946429401443,0.047725892705831496
2008-10-13,0.014598799421152631,False,0.06050657213106651,0.07263942194841033,0.03011131192457937,0.047875918584303435
2008-10-14,0.013089192110014046,False,0.06050657213106651,0.07263942194841033,0.03011131192457937,0.047875918584303435
2008-10-15,-0.04703617664729203,False,0.06050657213106651,0.07263942194841033,0.03011131192457937,0.047875918584303435
2008-10-16,-0.03561069916463223,False,0.06050657213106651,0.07263942194841033,0.030222412316538005,0.04821277202497137
2008-10-17,-0.0009420631879010176,False,0.06050657213106651,0.07263942194841033,0.030790631914702042,0.048309552834928944
2008-10-20,-0.017590184941026633,False,0.06050657213106651,0.07263942194841033,0.030790631914702042,0.048309552834928944
2008-10-21,-0.023290718006095994,False,0.06050657213106651,0.07263942194841033,0.030790631914702042,0.048309552834928944
2008-10-22,-0.020332959355396574,False,0.06050657213106651,0.07263942194841033,0.030790631914702042,0.048309552834928944
2008-10-23,-0.003010539152871152,False,0.06050657213106651,0.07263942194841033,0.030790631914702042,0.048309552834928944
2008-10-24,-0.006554094547921119,False,0.06050657213106651,0.07263942194841033,0.030790631914702042,0.048309552834928944
2008-10-27,-0.010678972575854255,False,0.06050657213106651,0.07263942194841033,0.030790631914702042,0.048309552834928944
2008-10-28,0.005099450112349261,False,0.06050657213106651,0.07263942194841033,0.030790631914702042,0.048309552834928944
2008-10-29,0.08340195461203581,False,0.06050657213106651,0.07263942194841033,0.030222412316538005,0.04827691752717083
2008-10-30,-0.0251138524458901,False,0.06050657213106651,0.07263942194841033,0.030222412316538005,0.04827691752717083
2008-10-31,-0.01498698585432399,False,0.06050657213106651,0.07263942194841033,0.030222412316538005,0.04827691752717083
2008-11-03,-0.04177633837980803,False,0.06050657213106651,0.07263942194841033,0.030222412316538005,0.04827691752717083
2008-11-04,0.015121255861274437,False,0.06050657213106651,0.07263942194841033,0.030790631914702042,0.04849701112143192
2008-11-05,-0.013091828477784683,False,0.06050657213106651,0.07263942194841033,0.030790631914702042,0.04849701112143192
2008-11-06,-0.030882536582362514,False,0.06050657213106651,0.07263942194841033,0.030790631914702042,0.04849701112143192
2008-11-07,0.011951298396269378,False,0.06050657213106651,0.07263942194841033,0.030895965934530454,0.04849701112143192
2008-11-10,0.0015483874061295432,False,0.06050657213106651,0.07263942194841033,0.030895965934530454,0.04849701112143192
2008-11-11,0.0005155968147220496,False,0.06050657213106651,0.07263942194841033,0.030895965934530454,0.04849701112143192
2008-11-12,-0.014538158446027169,False,0.06050657213106651,0.07263942194841033,0.030895965934530454,0.04849701112143192
2008-11-13,0.007814574803019713,False,0.06050657213106651,0.07263942194841033,0.030895965934530454,0.04849701112143192
2008-11-14,0.05698541842389571,False,0.06050657213106651,0.07263942194841033,0.030895965934530454,0.04849701112143192
2008-11-17,0.037050184296603166,False,0.06050657213106651,0.07263942194841033,0.030895965934530454,0.04849701112143192
2008-11-18,0.034814376933041014,False,0.06050657213106651,0.07263942194841033,0.030895965934530454,0.04849701112143192
2008-11-19,-0.004114291517962218,False,0.06050657213106651,0.07263942194841033,0.030895965934530454,0.04849701112143192
2008-11-20,-0.0018340216053239877,False,0.06050657213106651,0.07263942194841033,0.030895965934530454,0.04849701112143192
2008-11-21,-0.0041388884101146405,False,0.06050657213106651,0.07263942194841033,0.030895965934530454,0.04849701112143192
2008-11-24,0.019621893516544482,False,0.06050657213106651,0.07263942194841033,0.030895965934530454,0.04849701112143192
2008-11-25,0.019244272566899808,False,0.06050657213106651,0.07263942194841033,0.030895965934530454,0.04849701112143192
2008-12-02,0.01838204639493368,False,0.06050657213106651,0.07263942194841033,0.030895965934530454,0.04849701112143192
2008-12-03,-0.012516926942535643,False,0.06050657213106651,0.07263942194841033,0.030895965934530454,0.04849701112143192
2008-12-04,0.011628037995119214,False,0.06050657213106651,0.07263942194841033,0.030777202562534103,0.047991517399395583
2008-12-05,-0.0156848386907335,False,0.06050657213106651,0.07263942194841033,0.030777202562534103,0.047991517399395583
2008-12-08,0.03331420668398442,False,0.06050657213106651,0.07263942194841033,0.030777202562534103,0.047991517399395583
2008-12-16,-0.005047574296704258,False,0.06050657213106651,0.07263942194841033,0.030222412316538005,0.04771626536049961
2008-12-17,0.01812971546720565,False,0.06050657213106651,0.07263942194841033,0.030222412316538005,0.04771626536049961
2008-12-18,0.021180822079447045,False,0.06050657213106651,0.07263942194841033,0.030222412316538005,0.04771626536049961
2008-12-19,-0.02924073905654736,False,0.06050657213106651,0.07263942194841033,0.03011131192457937,0.04765778188794373
2008-12-22,-0.012798313143309509,False,0.06050657213106651,0.07263942194841033,0.03011131192457937,0.04765778188794373
2008-12-23,0.03414872383234591,False,0.06050657213106651,0.07263942194841033,0.03011131192457937,0.04765778188794373
2008-12-24,-0.00947515142628406,False,0.06050657213106651,0.07263942194841033,0.03011131192457937,0.04765778188794373
2008-12-26,0.0,False,0.06050657213106651,0.07263942194841033,0.03011131192457937,0.04765778188794373
2008-12-29,-0.028976336720930067,False,0.06050657213106651,0.07263942194841033,0.03011131192457937,0.04765778188794373
2008-12-30,-0.008661471471846276,False,0.06050657213106651,0.07263942194841033,0.02957946429401443,0.047615271602556054
2008-12-31,0.052380089929979744,False,0.06050657213106651,0.07263942194841033,0.02957946429401443,0.047615271602556054
2009-01-02,-0.048039976587362636,False,0.06050657213106651,0.07263942194841033,0.02957946429401443,0.047615271602556054
2009-01-05,0.005888142625222532,False,0.06050657213106651,0.07263942194841033,0.03011131192457937,0.04797393141443205
2009-01-06,0.005075162172046885,False,0.06050657213106651,0.07263942194841033,0.03011131192457937,0.04797393141443205
2009-01-07,0.010844413014128876,False,0.06050657213106651,0.07263942194841033,0.03011131192457937,0.04797393141443205
2009-01-08,0.007674634753108666,False,0.06050657213106651,0.07263942194841033,0.02957946429401443,0.04746365489040118
2009-01-09,-0.011920925634559789,False,0.06050657213106651,0.07263942194841033,0.02957946429401443,0.04746365489040118
2009-01-12,-0.03103765148651589,False,0.06050657213106651,0.07263942194841033,0.02957946429401443,0.04746365489040118
2009-01-13,-0.008415196925284472,False,0.05990580845004511,0.07263942194841033,0.02957946429401443,0.04687430844848948
2009-01-14,-0.03563760294326953,False,0.05990580845004511,0.07263942194841033,0.02957946429401443,0.04687430844848948
2009-01-15,-0.013011726073475675,False,0.05990580845004511,0.07263942194841033,0.03011131192457937,0.046984920787483606
2009-01-16,0.039756788606553954,False,0.05990580845004511,0.07263942194841033,0.03011131192457937,0.046984920787483606
2009-01-20,0.0028380315014849638,False,0.05990580845004511,0.07263942194841033,0.03011131192457937,0.046984920787483606
2009-01-21,0.052062229450427634,False,0.05990580845004511,0.07263942194841033,0.03011131192457937,0.046984920787483606
2009-01-22,-0.008490981156787444,False,0.05990580845004511,0.07263942194841033,0.03011131192457937,0.046984920787483606
2009-01-23,0.03091259306202617,False,0.05990580845004511,0.07263942194841033,0.03011131192457937,0.046984920787483606
2009-01-26,0.002252253204325053,False,0.05990580845004511,0.07263942194841033,0.03011131192457937,0.046984920787483606
2009-01-27,0.028826829761616747,False,0.05990580845004511,0.07263942194841033,0.03011131192457937,0.046984920787483606
2009-01-28,0.016977109938632117,False,0.05990580845004511,0.07263942194841033,0.03011131192457937,0.046984920787483606
2009-01-29,0.0032183113778453433,False,0.05990580845004511,0.07263942194841033,0.02957946429401443,0.046727867990294304
2009-01-30,-0.010768230397130093,False,0.05990580845004511,0.07263942194841033,0.02957946429401443,0.046727867990294304
2009-02-02,-0.01857638557293542,False,0.05990580845004511,0.07263942194841033,0.02957946429401443,0.046727867990294304
2009-02-03,0.009513427037873324,False,0.05990580845004511,0.07263942194841033,0.02957946429401443,0.046727867990294304
2009-02-04,-0.006576567364563602,False,0.05990580845004511,0.07263942194841033,0.02957946429401443,0.046727867990294304
2009-02-05,0.013471894993082554,False,0.05990580845004511,0.07263942194841033,0.02957946429401443,0.046727867990294304
2009-02-06,0.022529113060028104,False,0.05990580845004511,0.07263942194841033,0.02957946429401443,0.046727867990294304
2009-02-09,0.0014134277971469427,False,0.05990580845004511,0.07263942194841033,0.02957946429401443,0.046727867990294304
2009-02-10,-0.04108686010252136,False,0.05990580845004511,0.07263942194841033,0.02957946429401443,0.046727867990294304
2009-02-11,-0.0014727543162745406,False,0.05990580845004511,0.07263942194841033,0.03011131192457937,0.046947465472473485
2009-02-12,-0.026130639423237505,False,0.05990580845004511,0.07263942194841033,0.03011131192457937,0.046947465472473485
2009-02-13,0.04003499808165733,False,0.05990580845004511,0.07263942194841033,0.03011131192457937,0.046947465472473485
2009-02-17,-0.021672106241635382,False,0.05990580845004511,0.07263942194841033,0.03011131192457937,0.046947465472473485
2009-02-18,-0.018741178207309712,False,0.05990580845004511,0.07263942194841033,0.03011131192457937,0.046947465472473485
2009-02-19,0.004530019071750119,False,0.05990580845004511,0.07263942194841033,0.03011131192457937,0.046947465472473485
2009-02-20,-0.04901617840929118,False,0.05990580845004511,0.07263942194841033,0.03011131192457937,0.046947465472473485
2009-02-23,-0.049462858732123895,False,0.05990580845004511,0.07263942194841033,0.030222412316538005,0.047323918948381415
2009-02-24,-0.007090749208814676,False,0.05990580845004511,0.07263942194841033,0.030777202562534103,0.047697742949688815
2009-02-25,0.04541586353048262,False,0.05990580845004511,0.07263942194841033,0.030777202562534103,0.047697742949688815
2009-02-26,-0.0032051309489483358,False,0.05990580845004511,0.07263942194841033,0.030777202562534103,0.047697742949688815
2009-02-27,0.006400021845467505,False,0.05990580845004511,0.07263942194841033,0.030777202562534103,0.047697742949688815
2009-03-02,-0.09180754925312286,False,0.05990580845004511,0.07263942194841033,0.030777202562534103,0.047697742949688815
2009-03-03,0.0074026029310604495,False,0.06067605507155421,0.0757536940258542,0.030890292327570183,0.04891624320310402
2009-03-04,0.01720472544963076,False,0.06067605507155421,0.0757536940258542,0.030890292327570183,0.04891624320310402
2009-03-09,-0.026168087136871746,False,0.06067605507155421,0.0757536940258542,0.030890292327570183,0.04891624320310402
2009-03-17,-0.009966859915392147,False,0.06067605507155421,0.0757536940258542,0.030890292327570183,0.04891624320310402
2009-03-18,0.022695424292772624,False,0.06067605507155421,0.0757536940258542,0.030890292327570183,0.04891624320310402
2009-03-19,0.05554779703399748,False,0.06067605507155421,0.0757536940258542,0.030890292327570183,0.04891624320310402
2009-03-24,0.006151499598064101,False,0.06067605507155421,0.0757536940258542,0.030890292327570183,0.04891624320310402
2009-03-25,-0.00885472580492566,False,0.06067605507155421,0.0757536940258542,0.030890292327570183,0.04891624320310402
2009-03-26,0.0023174981403624824,False,0.06067605507155421,0.0757536940258542,0.030890292327570183,0.04891624320310402
2009-03-27,-0.007357245190421092,False,0.06067605507155421,0.0757536940258542,0.030890292327570183,0.04891624320310402
2009-03-30,0.0011652749424999856,False,0.06067605507155421,0.0757536940258542,0.030890292327570183,0.04891624320310402
2009-03-31,0.01119486696322299,False,0.06067605507155421,0.0757536940258542,0.030777202562534103,0.048335931103129885
2009-04-01,0.004977992282377951,False,0.06067605507155421,0.0757536940258542,0.030777202562534103,0.048335931103129885
2009-04-02,0.031211407322770304,False,0.06067605507155421,0.0757536940258542,0.030777202562534103,0.048335931103129885
2009-04-03,0.031343673689332704,False,0.06067605507155421,0.0757536940258542,0.030777202562534103,0.048335931103129885
2009-04-06,-0.08965701078989424,False,0.06067605507155421,0.0757536940258542,0.030222412316538005,0.04823035596690392
2009-04-07,0.04452001496822576,False,0.06179044403203378,0.07854064632827551,0.030222412316538005,0.049139842628166626
2009-04-08,-0.04452001496822575,False,0.06179044403203378,0.07854064632827551,0.030222412316538005,0.049139842628166626
2009-04-09,0.002743485945750834,False,0.06179044403203378,0.07854064632827551,0.030777202562534103,0.04941480975419607
2009-04-13,0.002345583561720456,False,0.06179044403203378,0.07854064632827551,0.030777202562534103,0.04941480975419607
2009-04-14,-0.03861176154611489,False,0.06179044403203378,0.07854064632827551,0.030777202562534103,0.04941480975419607
2009-04-15,-0.015954521281826797,False,0.06179044403203378,0.07854064632827551,0.030890292327570183,0.049569394253471115
2009-04-16,-0.036108036787404506,False,0.06179044403203378,0.07854064632827551,0.030890292327570183,0.049569394253471115
2009-04-17,0.026578236055749754,False,0.06179044403203378,0.07854064632827551,0.03104332509347616,0.04967080195948889
2009-04-20,-0.020185714819706792,False,0.06179044403203378,0.07854064632827551,0.03104332509347616,0.04967080195948889
2009-04-21,0.023510738664478614,False,0.06179044403203378,0.07854064632827551,0.03104332509347616,0.04967080195948889
2009-04-22,-0.016736792355523864,False,0.06179044403203378,0.07854064632827551,0.03104332509347616,0.04967080195948889
2009-04-23,0.029108084158070764,False,0.06179044403203378,0.07854064632827551,0.03104332509347616,0.04967080195948889
2009-04-24,-0.00451838928507511,False,0.06179044403203378,0.07854064632827551,0.03104332509347616,0.04967080195948889
2009-04-27,-0.025433932998276145,False,0.06179044403203378,0.07854064632827551,0.03104332509347616,0.04967080195948889
2009-04-28,0.005054770661624054,False,0.06179044403203378,0.07854064632827551,0.03104332509347616,0.04967080195948889
2009-05-06,-0.002559728360112733,False,0.06179044403203378,0.07854064632827551,0.03104332509347616,0.04967080195948889
2009-05-14,0.00346921423401132,False,0.06179044403203378,0.07854064632827551,0.030890292327570183,0.049627695642103925
2009-05-15,0.012048338516174574,False,0.06179044403203378,0.07854064632827551,0.030890292327570183,0.049627695642103925
2009-05-18,-0.017691939342915457,False,0.06179044403203378,0.07854064632827551,0.030890292327570183,0.049627695642103925
2009-05-19,0.006941459542340984,False,0.06179044403203378,0.07854064632827551,0.030890292327570183,0.049627695642103925
2009-05-20,0.020539874854073666,False,0.06179044403203378,0.07854064632827551,0.030890292327570183,0.049627695642103925
2009-05-21,0.008015229580007483,False,0.06179044403203378,0.07854064632827551,0.030890292327570183,0.049627695642103925
2009-05-22,0.016667052485211643,False,0.06179044403203378,0.07854064632827551,0.030890292327570183,0.049627695642103925
2009-05-26,-0.0024824174932553066,False,0.06179044403203378,0.07854064632827551,0.030890292327570183,0.049627695642103925
2009-05-27,0.0385991447089455,False,0.06179044403203378,0.07854064632827551,0.030890292327570183,0.049627695642103925
2009-05-28,0.029067246729418107,False,0.06179044403203378,0.07854064632827551,0.030890292327570183,0.049627695642103925
2009-05-29,0.0019338625249507497,False,0.06179044403203378,0.07854064632827551,0.030890292327570183,0.049627695642103925
2009-06-01,0.02027225667634096,False,0.06179044403203378,0.07854064632827551,0.030890292327570183,0.049627695642103925
2009-06-02,0.011295300812828594,False,0.06179044403203378,0.07854064632827551,0.030890292327570183,0.049627695642103925
2009-06-03,0.023312804173934033,False,0.06179044403203378,0.07854064632827551,0.030890292327570183,0.049627695642103925
2009-06-04,-0.009555383251729235,False,0.06179044403203378,0.07854064632827551,0.030890292327570183,0.049627695642103925
2009-06-05,-0.0003693444178643993,False,0.06179044403203378,0.07854064632827551,0.030890292327570183,0.049627695642103925
2009-06-08,-0.0029596765962964914,False,0.06179044403203378,0.07854064632827551,0.030890292327570183,0.049627695642103925
2009-06-09,0.02524370371955549,False,0.06179044403203378,0.07854064632827551,0.030890292327570183,0.049627695642103925
2009-06-10,-0.0018079918141436508,False,0.06179044403203378,0.07854064632827551,0.030890292327570183,0.049627695642103925
2009-06-11,0.01793448356644032,False,0.06179044403203378,0.07854064632827551,0.030890292327570183,0.049627695642103925
2009-06-12,-0.01865859655970246,False,0.06179044403203378,0.07854064632827551,0.030890292327570183,0.049627695642103925
2009-06-15,-0.05969694648150283,False,0.06179044403203378,0.07854064632827551,0.030890292327570183,0.049627695642103925
2009-06-16,0.008422714418222087,False,0.06179044403203378,0.07854064632827551,0.03104332509347616,0.05020088154200367
2009-06-17,-0.04244359071668093,False,0.06179044403203378,0.07854064632827551,0.03104332509347616,0.05020088154200367
2009-06-18,0.009501259124140215,False,0.06179044403203378,0.07854064632827551,0.031154492752692265,0.05042673088382286
2009-06-19,-0.01308763475536776,False,0.06179044403203378,0.07854064632827551,0.031154492752692265,0.05042673088382286
2009-06-22,-0.020976969260475865,False,0.06179044403203378,0.07854064632827551,0.031154492752692265,0.05042673088382286
2009-06-23,0.00852450869394397,False,0.06179044403203378,0.07854064632827551,0.031154492752692265,0.05042673088382286
2009-06-24,0.0048387191182231275,False,0.06179044403203378,0.07854064632827551,0.031154492752692265,0.05042673088382286
2009-06-25,0.015962030839780022,False,0.06179044403203378,0.07854064632827551,0.031154492752692265,0.05042673088382286
2009-06-26,-0.0003959612009761826,False,0.06179044403203378,0.07854064632827551,0.031154492752692265,0.05042673088382286
2009-06-29,0.0,False,0.06179044403203378,0.07854064632827551,0.031154492752692265,0.05042673088382286
2009-07-08,0.027066891695772224,False,0.06179044403203378,0.07854064632827551,0.031154492752692265,0.05042673088382286
2009-07-09,0.04290829814128962,False,0.06179044403203378,0.07854064632827551,0.031154492752692265,0.05042673088382286
2009-07-10,0.002288330518012216,False,0.06179044403203378,0.07854064632827551,0.031154492752692265,0.05042673088382286
2009-07-16,-0.016114270368783493,False,0.06179044403203378,0.07854064632827551,0.03104332509347616,0.050282395807878105
2009-07-17,0.04252813174213615,False,0.06179044403203378,0.07854064632827551,0.03104332509347616,0.050282395807878105
2009-07-20,0.037659867750273475,False,0.06179044403203378,0.07854064632827551,0.03104332509347616,0.050282395807878105
2009-07-21,0.002437751511939885,False,0.06179044403203378,0.07854064632827551,0.03104332509347616,0.050282395807878105
2009-07-22,-0.043724754178216564,False,0.06179044403203378,0.07854064632827551,0.03104332509347616,0.050282395807878105
2009-07-23,0.04650349858516796,False,0.06179044403203378,0.07854064632827551,0.031154492752692265,0.050533868418928006
2009-07-24,0.00829020292047366,False,0.06179044403203378,0.07854064632827551,0.031154492752692265,0.050533868418928006
2009-07-27,-0.01280959180520918,False,0.06179044403203378,0.07854064632827551,0.031154492752692265,0.050533868418928006
2009-07-28,0.0031309818585089867,False,0.06179044403203378,0.07854064632827551,0.031154492752692265,0.050533868418928006
2009-07-29,-0.026752739447387645,False,0.06179044403203378,0.07854064632827551,0.031154492752692265,0.050533868418928006
2009-07-30,0.03333057171583948,False,0.06179044403203378,0.07854064632827551,0.031154492752692265,0.050533868418928006
2009-07-31,-0.0020725396019724233,False,0.06179044403203378,0.07854064632827551,0.031154492752692265,0.050533868418928006
2009-08-03,0.014759148983541465,False,0.06179044403203378,0.07854064632827551,0.031154492752692265,0.050533868418928006
2009-08-04,0.0034013638234902605,False,0.06179044403203378,0.07854064632827551,0.031154492752692265,0.050533868418928006
2009-08-05,-0.028588135969290815,False,0.06179044403203378,0.07854064632827551,0.031154492752692265,0.050533868418928006
2009-08-06,-0.018336197788604715,False,0.06179044403203378,0.07854064632827551,0.031154492752692265,0.050533868418928006
2009-08-07,0.009562672481059858,False,0.06179044403203378,0.07854064632827551,0.031154492752692265,0.050533868418928006
2009-08-10,0.021618694112804142,False,0.06179044403203378,0.07854064632827551,0.031154492752692265,0.050533868418928006
2009-08-11,-0.02621153030852284,False,0.06179044403203378,0.07854064632827551,0.031154492752692265,0.050533868418928006
2009-08-12,0.01336636150326362,False,0.06179044403203378,0.07854064632827551,0.031154492752692265,0.050533868418928006
2009-08-13,0.012845168805259188,False,0.06179044403203378,0.07854064632827551,0.031154492752692265,0.050533868418928006
2009-08-14,-0.02762896498949628,False,0.06179044403203378,0.07854064632827551,0.031154492752692265,0.050533868418928006
2009-08-17,-0.03536998072074789,False,0.06179044403203378,0.07854064632827551,0.031154492752692265,0.050533868418928006
2009-08-18,0.008049805634364372,False,0.06179044403203378,0.07854064632827551,0.031249877079529847,0.050616897910040155
2009-08-19,0.044198212873735106,False,0.06179044403203378,0.07854064632827551,0.031249877079529847,0.050616897910040155
2009-08-20,0.013850636933898933,False,0.06067605507155421,0.07851108366475032,0.031154492752692265,0.049999605745324305
2009-08-21,0.01400057016186629,False,0.06067605507155421,0.07851108366475032,0.031154492752692265,0.049999605745324305
2009-08-24,-0.01296946506965307,False,0.05970662530147464,0.07595517517570591,0.03104332509347616,0.04889814995045617
2009-08-25,0.029448734916919687,False,0.05970662530147464,0.07595517517570591,0.03104332509347616,0.04889814995045617
2009-08-26,-0.020216321928720395,False,0.05970662530147464,0.07595517517570591,0.03104332509347616,0.04889814995045617
2009-08-27,-0.04953925338012174,False,0.05970662530147464,0.07595517517570591,0.03104332509347616,0.04889814995045617
2009-08-28,-0.005738896669018167,False,0.05970662530147464,0.07595517517570591,0.031154492752692265,0.049265912545544174
2009-08-31,-0.0028818463748889263,False,0.05970662530147464,0.07595517517570591,0.031154492752692265,0.049265912545544174
2009-09-01,0.011477887844686839,False,0.05970662530147464,0.07595517517570591,0.031154492752692265,0.049265912545544174
2009-09-02,0.041563516956765224,False,0.05970662530147464,0.07595517517570591,0.031154492752692265,0.049265912545544174
2009-09-03,-0.008589642230618305,False,0.05970662530147464,0.07595517517570591,0.031154492752692265,0.049265912545544174
2009-09-09,0.025521868795119338,False,0.05970662530147464,0.07595517517570591,0.031154492752692265,0.049265912545544174
2009-09-10,0.009569451016150672,False,0.05970662530147464,0.07595517517570591,0.031154492752692265,0.049265912545544174
2009-09-11,0.0032786914616982953,False,0.05970662530147464,0.07595517517570591,0.031154492752692265,0.049265912545544174
2009-09-14,-0.014507343123961854,False,0.05970662530147464,0.07595517517570591,0.031154492752692265,0.049265912545544174
2009-09-15,0.012213388324803143,False,0.05970662530147464,0.07595517517570591,0.031154492752692265,0.049265912545544174
2009-09-16,0.008494007292004337,False,0.05970662530147464,0.07595517517570591,0.031154492752692265,0.049265912545544174
2009-09-17,0.0,False,0.05970662530147464,0.07595517517570591,0.031154492752692265,0.049265912545544174
2009-09-18,0.012285961199740979,False,0.05970662530147464,0.07595517517570591,0.031154492752692265,0.049265912545544174
2009-09-21,-0.011635554672747576,False,0.05970662530147464,0.07595517517570591,0.031154492752692265,0.049265912545544174
2009-09-22,0.030101536245791795,False,0.05970662530147464,0.07595517517570591,0.031154492752692265,0.049265912545544174
2009-09-23,-0.004743091896012737,False,0.05970662530147464,0.07595517517570591,0.031154492752692265,0.049265912545544174
2009-09-24,-0.028614715543554093,False,0.05970662530147464,0.07595517517570591,0.031154492752692265,0.049265912545544174
2009-09-25,0.00552936845439084,False,0.05970662530147464,0.07595517517570591,0.031154492752692265,0.049265912545544174
2009-09-28,0.0006485084533378676,False,0.05970662530147464,0.07595517517570591,0.031154492752692265,0.049265912545544174
2009-09-29,-0.009444786053077118,False,0.05970662530147464,0.07595517517570591,0.031154492752692265,0.049265912545544174
2009-09-30,0.027115928615887956,False,0.05970662530147464,0.07595517517570591,0.031154492752692265,0.049265912545544174
2009-10-01,-0.015404669194986467,False,0.05970662530147464,0.07595517517570591,0.031154492752692265,0.049265912545544174
2009-10-02,-0.02987256426694541,False,0.05970662530147464,0.07595517517570591,0.031154492752692265,0.049265912545544174
2009-10-05,0.07662776334600803,False,0.05970662530147464,0.07595517517570591,0.031154492752692265,0.049265912545544174
2009-10-06,-0.008990914696861155,False,0.05970662530147464,0.07595517517570591,0.031154492752692265,0.049265912545544174
2009-10-07,0.009608008206107493,False,0.05970662530147464,0.07595517517570591,0.031154492752692265,0.049265912545544174
2009-10-08,0.0006167129396820761,False,0.05970662530147464,0.07595517517570591,0.031154492752692265,0.049265912545544174
2009-10-09,-0.0003083089279855335,False,0.05970662530147464,0.07595517517570591,0.031154492752692265,0.049265912545544174
2009-10-12,-0.055472943820171185,False,0.05970662530147464,0.07595517517570591,0.031154492752692265,0.049265912545544174
2009-10-13,0.009085072222470836,False,0.05970662530147464,0.07595517517570591,0.031249877079529847,0.04975100129864479
2009-10-14,0.016973986391407014,False,0.05970662530147464,0.07595517517570591,0.031249877079529847,0.04975100129864479
2009-10-15,0.036787190500045454,False,0.05970662530147464,0.07595517517570591,0.031249877079529847,0.04975100129864479
2009-10-16,0.00183486290011044,False,0.05970662530147464,0.07595517517570591,0.031249877079529847,0.04975100129864479
2009-10-19,0.009729477784606231,False,0.05970662530147464,0.07595517517570591,0.031249877079529847,0.04975100129864479
2009-10-20,0.008436326021953109,False,0.05970662530147464,0.07595517517570591,0.031249877079529847,0.04975100129864479
2009-10-21,0.015185642418374185,False,0.05970662530147464,0.07595517517570591,0.031249877079529847,0.04975100129864479
2009-10-22,0.0023612761856796854,False,0.05970662530147464,0.07595517517570591,0.031249877079529847,0.04975100129864479
2009-10-23,-0.007991754832965561,False,0.05970662530147464,0.07595517517570591,0.031249877079529847,0.04975100129864479
2009-10-26,-0.003274299695674007,False,0.05970662530147464,0.07595517517570591,0.031249877079529847,0.04975100129864479
2009-10-27,-0.0020892411718275456,False,0.05970662530147464,0.07595517517570591,0.031249877079529847,0.04975100129864479
2009-10-28,-0.005692899270227361,False,0.05970662530147464,0.07595517517570591,0.031249877079529847,0.04975100129864479
2009-10-29,0.008080247464683023,False,0.05970662530147464,0.07595517517570591,0.031249877079529847,0.04975100129864479
2009-10-30,-0.01743880633405107,False,0.05970662530147464,0.07595517517570591,0.031249877079529847,0.04975100129864479
2009-11-02,-0.014357967747947913,False,0.05970662530147464,0.07595517517570591,0.031249877079529847,0.04975100129864479
2009-11-03,0.007357482607296982,False,0.05970662530147464,0.07595517517570591,0.031249877079529847,0.04975100129864479
2009-11-04,-0.0006110602084425462,False,0.05970662530147464,0.07595517517570591,0.031249877079529847,0.04975100129864479
2009-11-05,-0.016641370170309106,False,0.05970662530147464,0.07595517517570591,0.031249877079529847,0.04975100129864479
2009-11-06,-0.009993837082334717,False,0.05970662530147464,0.07595517517570591,0.031249877079529847,0.04975100129864479
2009-11-09,-0.007561472700576475,False,0.05970662530147464,0.07595517517570591,0.031249877079529847,0.04975100129864479
2009-11-10,-0.023357324850835606,False,0.05970662530147464,0.07595517517570591,0.031249877079529847,0.04975100129864479
2009-11-11,0.02018975805918808,False,0.05970662530147464,0.07595517517570591,0.031249877079529847,0.04975100129864479
2009-11-12,-0.025382888847285047,False,0.05970662530147464,0.07595517517570591,0.031249877079529847,0.04975100129864479
2009-11-13,0.0,False,0.05970662530147464,0.07595517517570591,0.031249877079529847,0.04975100129864479
2009-11-16,0.006163847576827998,False,0.05970662530147464,0.07595517517570591,0.031249877079529847,0.04975100129864479
2009-11-17,-0.0019423767842064576,False,0.05970662530147464,0.07595517517570591,0.031249877079529847,0.04975100129864479
2009-11-18,0.035962507026411905,False,0.05970662530147464,0.07595517517570591,0.031249877079529847,0.04975100129864479
2009-11-19,-0.018297040410871504,False,0.05970662530147464,0.07595517517570591,0.031249877079529847,0.04975100129864479
2009-11-20,0.03257412959954385,False,0.05970662530147464,0.07595517517570591,0.031249877079529847,0.04975100129864479
2009-11-23,-0.0009249268425689124,False,0.05970662530147464,0.07595517517570591,0.031249877079529847,0.04975100129864479
2009-11-24,-0.011478332940851037,False,0.05970662530147464,0.07595517517570591,0.031249877079529847,0.04975100129864479
2009-11-30,-0.005584873343528051,False,0.05970662530147464,0.07595517517570591,0.031249877079529847,0.04975100129864479
2009-12-01,0.03094135632250503,False,0.05970662530147464,0.07595517517570591,0.031249877079529847,0.04975100129864479
2009-12-02,0.0006031363270895348,False,0.05970662530147464,0.07595517517570591,0.031249877079529847,0.04975100129864479
2009-12-03,0.018223058420693054,False,0.05970662530147464,0.07595517517570591,0.031249877079529847,0.04975100129864479
2009-12-04,-0.005045269642639694,False,0.05970662530147464,0.07595517517570591,0.031249877079529847,0.04975100129864479
2009-12-07,0.005341258989184212,False,0.05970662530147464,0.07595517517570591,0.031249877079529847,0.04975100129864479
2009-12-08,-0.0032607113520726526,False,0.05970662530147464,0.07595517517570591,0.031249877079529847,0.04975100129864479
2009-12-09,0.014443876753074451,False,0.05970662530147464,0.07595517517570591,0.031249877079529847,0.04975100129864479
2009-12-10,0.0017543864148935955,False,0.05970662530147464,0.07595517517570591,0.031249877079529847,0.04975100129864479
2009-12-11,-0.004098366392282248,False,0.05970662530147464,0.07595517517570591,0.031249877079529847,0.04975100129864479
2009-12-14,-0.0023494871307076426,False,0.05970662530147464,0.07595517517570591,0.031249877079529847,0.04975100129864479
2009-12-15,-0.013617735601413328,False,0.05970662530147464,0.07595517517570591,0.031249877079529847,0.04975100129864479
2009-12-16,0.04173960617276513,False,0.05970662530147464,0.07595517517570591,0.031249877079529847,0.04975100129864479
2009-12-17,-0.021381918316914696,False,0.05970662530147464,0.07595517517570591,0.031249877079529847,0.04975100129864479
2009-12-18,-0.05184681695772736,False,0.05970662530147464,0.07595517517570591,0.031249877079529847,0.04975100129864479
2009-12-21,0.0,False,0.05970662530147464,0.07595517517570591,0.03193304722805407,0.05015101914874071
2009-12-22,0.004297121406626183,False,0.05970662530147464,0.07595517517570591,0.03193304722805407,0.05015101914874071
2009-12-23,-0.004297121406626094,False,0.05970662530147464,0.07595517517570591,0.03193304722805407,0.05015101914874071
2009-12-29,0.002164837709542107,False,0.05970662530147464,0.07595517517570591,0.03193304722805407,0.05015101914874071
2009-12-30,0.0030845181766017086,False,0.05970662530147464,0.07595517517570591,0.03193304722805407,0.05015101914874071
2010-01-05,0.019766494254315686,False,0.05970662530147464,0.07595517517570591,0.03193304722805407,0.05015101914874071
2010-01-06,-0.008770659579786138,False,0.05970662530147464,0.07595517517570591,0.03193304722805407,0.05015101914874071
2010-01-07,0.005150746124651794,False,0.05970662530147464,0.07595517517570591,0.03193304722805407,0.05015101914874071
2010-01-08,-0.003936416892249848,False,0.05970662530147464,0.07595517517570591,0.03193304722805407,0.05015101914874071
2010-01-11,0.01415899539073619,False,0.05970662530147464,0.07595517517570591,0.03193304722805407,0.05015101914874071
2010-01-12,-0.00029917726475958884,False,0.05970662530147464,0.07595517517570591,0.03193304722805407,0.05015101914874071
2010-01-13,0.013965462451712376,False,0.05970662530147464,0.07595517517570591,0.03193304722805407,0.05015101914874071
2010-01-14,0.0008848253047424643,False,0.05970662530147464,0.07595517517570591,0.03193304722805407,0.05015101914874071
2010-01-15,0.0023557136924589835,False,0.05970662530147464,0.07595517517570591,0.03193304722805407,0.05015101914874071
2010-01-19,0.01778213303109139,False,0.05970662530147464,0.07595517517570591,0.03193304722805407,0.05015101914874071
2010-01-20,-0.01133238918320542,False,0.05970662530147464,0.07595517517570591,0.03193304722805407,0.05015101914874071
2010-01-21,0.002626588406310868,False,0.05970662530147464,0.07595517517570591,0.03193304722805407,0.05015101914874071
2010-01-22,-0.0017502921621241057,False,0.05970662530147464,0.07595517517570591,0.03193304722805407,0.05015101914874071
2010-01-25,-0.005562889473692082,False,0.05970662530147464,0.07595517517570591,0.03193304722805407,0.05015101914874071
2010-01-26,-0.01270514948236404,False,0.05970662530147464,0.07595517517570591,0.03193304722805407,0.05015101914874071
2010-01-27,-0.02865525576037606,False,0.05970662530147464,0.07595517517570591,0.03193304722805407,0.05015101914874071
2010-01-28,-0.002450981619140185,False,0.05970662530147464,0.07595517517570591,0.03193304722805407,0.05015101914874071
2010-01-29,-0.02358892739647967,False,0.05970662530147464,0.07595517517570591,0.03193304722805407,0.05015101914874071
2010-02-01,-0.010101095986503933,False,0.05970662530147464,0.07595517517570591,0.03193304722805407,0.05015101914874071
2010-02-02,-0.006365393867076071,False,0.05970662530147464,0.07595517517570591,0.03193304722805407,0.05015101914874071
2010-02-03,0.0038240964384034758,False,0.05970662530147464,0.07595517517570591,0.03193304722805407,0.05015101914874071
2010-02-04,-0.01732478365730602,False,0.05970662530147464,0.07595517517570591,0.03193304722805407,0.05015101914874071
2010-02-05,-0.038935964054141355,False,0.05970662530147464,0.07595517517570591,0.03193304722805407,0.05015101914874071
2010-02-08,0.015690523869189087,False,0.05970662530147464,0.07595517517570591,0.0336050131907602,0.05025797083071603
2010-02-09,-0.005313861723508539,False,0.05970662530147464,0.07595517517570591,0.0336050131907602,0.05025797083071603
2010-02-10,0.0029925209364539294,False,0.05970662530147464,0.07595517517570591,0.0336050131907602,0.05025797083071603
2010-02-11,0.02524310399879749,False,0.05970662530147464,0.07595517517570591,0.0336050131907602,0.05025797083071603
2010-02-12,0.001294079766487952,False,0.05970662530147464,0.07595517517570591,0.0336050131907602,0.05025797083071603
2010-02-16,0.01921288685999123,False,0.05970662530147464,0.07595517517570591,0.0336050131907602,0.05025797083071603
2010-02-17,-0.02374951162056048,False,0.05970662530147464,0.07595517517570591,0.0336050131907602,0.05025797083071603
2010-02-18,-0.0026016274836779575,False,0.05970662530147464,0.07595517517570591,0.0336050131907602,0.05025797083071603
2010-02-19,0.008753500535991622,False,0.05970662530147464,0.07595517517570591,0.0336050131907602,0.05025797083071603
2010-02-22,-0.007777096878272744,False,0.05970662530147464,0.07595517517570591,0.0336050131907602,0.05025797083071603
2010-02-23,-0.047635983387648746,False,0.05970662530147464,0.07595517517570591,0.0336050131907602,0.05025797083071603
2010-02-24,0.008154989129306164,False,0.05970662530147464,0.07595517517570591,0.03394804572494044,0.05053226960520741
2010-02-25,-0.012942959972477111,False,0.05970662530147464,0.07595517517570591,0.03394804572494044,0.05053226960520741
2010-02-26,0.0,False,0.05970662530147464,0.07595517517570591,0.03394804572494044,0.05053226960520741
2010-03-01,-0.021483847777610872,False,0.05970662530147464,0.07595517517570591,0.03394804572494044,0.05053226960520741
2010-03-02,-0.012689630975998003,False,0.05970662530147464,0.07595517517570591,0.03394804572494044,0.05053226960520741
2010-03-03,-0.002130682624255694,False,0.05970662530147464,0.07595517517570591,0.03394804572494044,0.05053226960520741
2010-03-04,-0.000355555559301344,False,0.05970662530147464,0.07595517517570591,0.03394804572494044,0.05053226960520741
2010-03-05,0.015175869159555036,False,0.05970662530147464,0.07595517517570591,0.03394804572494044,0.05053226960520741
2010-03-08,-0.009855764396520243,False,0.05970662530147464,0.07595517517570591,0.03394804572494044,0.05053226960520741
2010-03-09,-0.014250330211642175,False,0.05970662530147464,0.07595517517570591,0.03394804572494044,0.05053226960520741
2010-03-10,0.01813383023803986,False,0.05970662530147464,0.07595517517570591,0.03394804572494044,0.05053226960520741
2010-03-11,0.0021119332031435513,False,0.05970662530147464,0.07595517517570591,0.03394804572494044,0.05053226960520741
2010-03-12,0.02294156924240675,False,0.05970662530147464,0.07595517517570591,0.03394804572494044,0.05053226960520741
2010-03-17,0.024391453124159267,False,0.05970662530147464,0.07595517517570591,0.03394804572494044,0.05053226960520741
2010-03-18,-0.004139364309876556,False,0.05970662530147464,0.07595517517570591,0.03394804572494044,0.05053226960520741
2010-03-19,-0.020604884725509403,False,0.05970662530147464,0.07595517517570591,0.03394804572494044,0.05053226960520741
2010-03-22,0.013667638728663835,False,0.05970662530147464,0.07595517517570591,0.03394804572494044,0.05053226960520741
2010-03-23,0.007628331027805988,False,0.05970662530147464,0.07595517517570591,0.03394804572494044,0.05053226960520741
2010-03-24,-0.02164889017657906,False,0.05970662530147464,0.07595517517570591,0.03394804572494044,0.05053226960520741
2010-03-25,-0.004599335898357285,False,0.05970662530147464,0.07595517517570591,0.03394804572494044,0.05053226960520741
2010-03-26,0.011984634104622418,False,0.05970662530147464,0.07595517517570591,0.03394804572494044,0.05053226960520741
2010-03-29,0.024572961629175237,False,0.05970662530147464,0.07595517517570591,0.03394804572494044,0.05053226960520741
2010-03-30,0.014930715097803013,False,0.05970662530147464,0.07595517517570591,0.03394804572494044,0.05053226960520741
2010-03-31,0.0,False,0.05970662530147464,0.07595517517570591,0.03394804572494044,0.05053226960520741
2010-04-06,-0.013638124784488071,False,0.05970662530147464,0.07595517517570591,0.03394804572494044,0.05053226960520741
2010-04-07,-0.02011163486932401,False,0.05970662530147464,0.07595517517570591,0.03394804572494044,0.05053226960520741
2010-04-08,0.0020993709599996433,False,0.05970662530147464,0.07595517517570591,0.03394804572494044,0.05053226960520741
2010-04-13,-0.017626169134603745,False,0.05970662530147464,0.07595517517570591,0.03394804572494044,0.05053226960520741
2010-04-14,0.0076415793869668595,False,0.05970662530147464,0.07595517517570591,0.03394804572494044,0.05053226960520741
2010-04-15,-0.004856062265540501,False,0.05970662530147464,0.07595517517570591,0.03394804572494044,0.05053226960520741
2010-04-16,0.030476592590888488,False,0.05970662530147464,0.07595517517570591,0.03394804572494044,0.05053226960520741
2010-04-19,-0.007787410270442997,False,0.05970662530147464,0.07595517517570591,0.03394804572494044,0.05053226960520741
2010-04-20,0.029802975896420246,False,0.05970662530147464,0.07595517517570591,0.03394804572494044,0.05053226960520741
2010-04-21,0.01376168507268153,False,0.05970662530147464,0.07595517517570591,0.03394804572494044,0.05053226960520741
2010-04-22,0.01678000004001714,False,0.05970662530147464,0.07595517517570591,0.03394804572494044,0.05053226960520741
2010-04-23,0.01807564672723034,False,0.05970662530147464,0.07595517517570591,0.03394804572494044,0.05053226960520741
2010-04-26,0.011560822401076006,False,0.05970662530147464,0.07595517517570591,0.03394804572494044,0.05053226960520741
2010-04-27,-0.0074836644871729965,False,0.05970662530147464,0.07595517517570591,0.03394804572494044,0.05053226960520741
2010-04-30,0.00964687736437569,False,0.05970662530147464,0.07595517517570591,0.03394804572494044,0.05053226960520741
2010-05-03,-0.0027911322198211725,False,0.05970662530147464,0.07595517517570591,0.03394804572494044,0.05053226960520741
2010-05-04,-0.01912583773636878,False,0.05970662530147464,0.07595517517570591,0.03394804572494044,0.05053226960520741
2010-05-05,0.00976539497680506,False,0.05970662530147464,0.07595517517570591,0.03394804572494044,0.05053226960520741
2010-05-06,0.0,False,0.05970662530147464,0.07595517517570591,0.03394804572494044,0.05053226960520741
2010-05-11,-0.035243009105213975,False,0.05970662530147464,0.07595517517570591,0.03394804572494044,0.05053226960520741
2010-05-12,0.0013527225600110963,False,0.05970662530147464,0.07595517517570591,0.03448315618933164,0.05054790846930582
2010-05-13,-0.02014063642564431,False,0.05970662530147464,0.07595517517570591,0.03448315618933164,0.05054790846930582
2010-05-14,-0.030814763044009912,False,0.05970662530147464,0.07595517517570591,0.03448315618933164,0.05054790846930582
2010-05-17,0.0007109847437789285,False,0.05970662530147464,0.07595517517570591,0.03448315618933164,0.05054790846930582
2010-05-18,0.012361096823573926,False,0.05970662530147464,0.07595517517570591,0.03448315618933164,0.05054790846930582
2010-05-19,-0.006691343860625033,False,0.05970662530147464,0.07595517517570591,0.03448315618933164,0.05054790846930582
2010-05-20,0.003175165835687813,False,0.05970662530147464,0.07595517517570591,0.03448315618933164,0.05054790846930582
2010-05-21,0.01953323353412434,False,0.05970662530147464,0.07595517517570591,0.03448315618933164,0.05054790846930582
2010-05-24,0.006884708777497233,False,0.05970662530147464,0.07595517517570591,0.03448315618933164,0.05054790846930582
2010-05-25,0.0023984935260520585,False,0.05970662530147464,0.07595517517570591,0.03448315618933164,0.05054790846930582
2010-05-26,-0.00617921636595812,False,0.05970662530147464,0.07595517517570591,0.03448315618933164,0.05054790846930582
2010-05-27,0.023482447053410925,False,0.05970662530147464,0.07595517517570591,0.03448315618933164,0.05054790846930582
2010-05-28,-0.0026945115662718594,False,0.05970662530147464,0.07595517517570591,0.03448315618933164,0.05054790846930582
2010-06-01,0.008396354952906358,False,0.05970662530147464,0.07595517517570591,0.03448315618933164,0.05054790846930582
2010-06-02,0.017241806434505954,False,0.05970662530147464,0.07595517517570591,0.03448315618933164,0.05054790846930582
2010-06-03,0.0019704439872987385,False,0.05970662530147464,0.07595517517570591,0.03448315618933164,0.05054790846930582
2010-06-04,-0.04324454595242218,False,0.05970662530147464,0.07595517517570591,0.03448315618933164,0.05054790846930582
2010-06-07,0.0027369158377711735,False,0.05970662530147464,0.07595517517570591,0.03491987855226783,0.050714741954733064
2010-06-08,0.011886708135858268,False,0.05970662530147464,0.07595517517570591,0.03491987855226783,0.050714741954733064
2010-06-09,0.003370411009905794,False,0.05970662530147464,0.07595517517570591,0.03491987855226783,0.050714741954733064
2010-06-10,-0.01799403498353508,False,0.05970662530147464,0.07595517517570591,0.03448315618933164,0.050339436532884335
2010-06-11,0.0,False,0.05970662530147464,0.07595517517570591,0.03448315618933164,0.050339436532884335
2010-06-14,0.011580510889807969,False,0.05970662530147464,0.07595517517570591,0.03448315618933164,0.050339436532884335
2010-06-15,-0.006795812766471579,False,0.05970662530147464,0.07595517517570591,0.03448315618933164,0.050339436532884335
2010-06-16,-0.007529125231827776,False,0.05970662530147464,0.07595517517570591,0.03448315618933164,0.050339436532884335
2010-06-17,0.001030043009526921,False,0.05970662530147464,0.07595517517570591,0.03448315618933164,0.050339436532884335
2010-06-18,0.006158076251392067,False,0.05970662530147464,0.07595517517570591,0.03448315618933164,0.050339436532884335
2010-06-21,0.009166589393667619,False,0.05970662530147464,0.07595517517570591,0.03448315618933164,0.050339436532884335
2010-06-22,0.024371094362052714,False,0.05970662530147464,0.07595517517570591,0.03448315618933164,0.050339436532884335
2010-06-23,0.002635047638005032,False,0.05970662530147464,0.07595517517570591,0.03448315618933164,0.050339436532884335
2010-06-24,0.014369940282952826,False,0.05970662530147464,0.07595517517570591,0.03448315618933164,0.050339436532884335
2010-06-25,0.0025906750240924626,False,0.05970662530147464,0.07595517517570591,0.03448315618933164,0.050339436532884335
2010-06-28,0.003551254741067667,False,0.05970662530147464,0.07595517517570591,0.03448315618933164,0.050339436532884335
2010-06-29,-0.05124241113915296,False,0.05970662530147464,0.07595517517570591,0.03448315618933164,0.050339436532884335
2010-06-30,-0.018487346117798023,False,0.05970662530147464,0.07595517517570591,0.03491987855226783,0.05066622732204621
2010-07-01,0.025585567572330714,False,0.05970662530147464,0.07595517517570591,0.03491987855226783,0.05066622732204621
2010-07-13,0.021376899520557168,False,0.05970662530147464,0.07595517517570591,0.03491987855226783,0.05066622732204621
2010-07-16,0.031453170464025036,False,0.05970662530147464,0.07595517517570591,0.03491987855226783,0.05066622732204621
2010-07-19,-0.05989424090020513,False,0.05970662530147464,0.07595517517570591,0.03491987855226783,0.05066622732204621
2010-07-20,-0.0013427326622951121,False,0.059901946775989916,0.07595517517570591,0.03524935768599067,0.05115925195794604
2010-07-21,-0.014208628753579578,False,0.059901946775989916,0.07595517517570591,0.03524935768599067,0.05115925195794604
2010-07-22,-0.006494639133648106,False,0.059901946775989916,0.07595517517570591,0.03524935768599067,0.05115925195794604
2010-07-23,0.01700142956932854,False,0.059901946775989916,0.07595517517570591,0.03524935768599067,0.05115925195794604
2010-07-26,0.002357300300220344,False,0.059901946775989916,0.07595517517570591,0.03524935768599067,0.05115925195794604
2010-07-27,0.0023517565013524023,False,0.059901946775989916,0.07595517517570591,0.03524935768599067,0.05115925195794604
2010-07-28,0.010016778243471209,False,0.059901946775989916,0.07595517517570591,0.03524935768599067,0.05115925195794604
2010-07-29,0.01188917571218561,False,0.059901946775989916,0.07595517517570591,0.03524935768599067,0.05115925195794604
2010-07-30,0.014665408677009141,False,0.059901946775989916,0.07595517517570591,0.03524935768599067,0.05115925195794604
2010-08-02,-0.0029159262520552804,False,0.059901946775989916,0.07595517517570591,0.03524935768599067,0.05115925195794604
2010-08-03,-0.0078176293910534,False,0.059901946775989916,0.07595517517570591,0.03524935768599067,0.05115925195794604
2010-08-04,0.019430663128714238,False,0.059901946775989916,0.07595517517570591,0.03524935768599067,0.05115925195794604
2010-08-05,-0.0016048791761136421,False,0.059901946775989916,0.07595517517570591,0.03524935768599067,0.05115925195794604
2010-08-10,-0.03582674478955595,False,0.059901946775989916,0.07595517517570591,0.03524935768599067,0.05115925195794604
2010-08-11,-0.018056046093446528,False,0.059901946775989916,0.07595517517570591,0.035374004220627704,0.05116838723932218
2010-08-12,0.007678920804155527,False,0.059901946775989916,0.07595517517570591,0.035374004220627704,0.05116838723932218
2010-08-13,-0.007678920804155532,False,0.059901946775989916,0.07595517517570591,0.035374004220627704,0.05116838723932218
2010-08-16,-0.005621940316793769,False,0.059901946775989916,0.07595517517570591,0.035374004220627704,0.05116838723932218
2010-08-17,0.0,False,0.059901946775989916,0.07595517517570591,0.035374004220627704,0.05116838723932218
2010-08-18,0.00035229875298326013,False,0.059901946775989916,0.07595517517570591,0.035374004220627704,0.05116838723932218
2010-08-19,0.0035161780249370815,False,0.059901946775989916,0.07595517517570591,0.035374004220627704,0.05116838723932218
2010-08-20,-0.02092645968249697,False,0.059901946775989916,0.07595517517570591,0.035374004220627704,0.05116838723932218
2010-08-23,0.002863280410015155,False,0.059901946775989916,0.07595517517570591,0.035374004220627704,0.05116838723932218
2010-08-24,-0.007533667918626946,False,0.059901946775989916,0.07595517517570591,0.035374004220627704,0.05116838723932218
2010-08-25,-0.021107042674328877,False,0.059901946775989916,0.07595517517570591,0.035374004220627704,0.05116838723932218
2010-08-26,-0.0033155307587241,False,0.059901946775989916,0.07595517517570591,0.035374004220627704,0.05116838723932218
2010-08-27,-0.01299925454363971,False,0.059901946775989916,0.07595517517570591,0.035374004220627704,0.05116838723932218
2010-08-30,-0.001122124673570591,False,0.059901946775989916,0.07595517517570591,0.035374004220627704,0.05116838723932218
2010-08-31,0.009683502111164742,False,0.059901946775989916,0.07595517517570591,0.03524935768599067,0.051083874532045284
2010-09-01,0.0033302528465999994,False,0.059901946775989916,0.07595517517570591,0.03524935768599067,0.051083874532045284
2010-09-02,-0.00592813888739541,False,0.059901946775989916,0.07595517517570591,0.03524935768599067,0.051083874532045284
2010-09-08,0.00560434868704826,False,0.059901946775989916,0.07595517517570591,0.03524935768599067,0.051083874532045284
2010-09-09,-0.01577201300930176,False,0.059901946775989916,0.07595517517570591,0.03524935768599067,0.051083874532045284
2010-09-10,-0.01794968948228157,False,0.059901946775989916,0.07595517517570591,0.03524935768599067,0.051083874532045284
2010-09-13,-0.012798313143309509,False,0.059901946775989916,0.07595517517570591,0.03524935768599067,0.051083874532045284
2010-09-16,0.03114823558703897,False,0.059901946775989916,0.07595517517570591,0.03524935768599067,0.051083874532045284
2010-09-17,0.002552417064838131,False,0.059901946775989916,0.07595517517570591,0.03524935768599067,0.051083874532045284
2010-09-20,-0.010985097649329584,False,0.059901946775989916,0.07595517517570591,0.03524935768599067,0.051083874532045284
2010-09-21,0.022930941063916892,False,0.059901946775989916,0.07595517517570591,0.03524935768599067,0.051083874532045284
2010-09-22,-0.0061360957732662915,False,0.059901946775989916,0.07595517517570591,0.03524935768599067,0.051083874532045284
2010-09-23,0.006495872715445235,False,0.059901946775989916,0.07595517517570591,0.03524935768599067,0.051083874532045284
2010-09-24,0.0050233331322244775,False,0.059901946775989916,0.07595517517570591,0.03524935768599067,0.051083874532045284
2010-09-27,0.015977616656064113,False,0.059901946775989916,0.07595517517570591,0.03524935768599067,0.051083874532045284
2010-09-28,-0.007779388596598623,False,0.059901946775989916,0.07595517517570591,0.03524935768599067,0.051083874532045284
2010-09-29,0.016895861272467266,False,0.059901946775989916,0.07595517517570591,0.03524935768599067,0.051083874532045284
2010-09-30,-0.01796139147450558,False,0.059901946775989916,0.07595517517570591,0.03524935768599067,0.051083874532045284
2010-10-01,-0.011077476148443625,False,0.059901946775989916,0.07595517517570591,0.03524935768599067,0.051083874532045284
2010-10-04,-0.01703248278344966,False,0.059901946775989916,0.07595517517570591,0.03524935768599067,0.051083874532045284
2010-10-05,-0.008073438347626636,False,0.059901946775989916,0.07595517517570591,0.03524935768599067,0.051083874532045284
2010-10-06,0.010993148450961344,False,0.059901946775989916,0.07595517517570591,0.03524935768599067,0.051083874532045284
2010-10-07,-0.0014587894636599842,False,0.059901946775989916,0.07595517517570591,0.03524935768599067,0.051083874532045284
2010-10-08,0.022732351782672456,False,0.059901946775989916,0.07595517517570591,0.03524935768599067,0.051083874532045284
2010-10-11,0.017680800048711712,False,0.059901946775989916,0.07595517517570591,0.03524935768599067,0.051083874532045284
2010-10-12,-0.0010520779508037803,False,0.059901946775989916,0.07595517517570591,0.03524935768599067,0.051083874532045284
2010-10-13,0.0059471926206736,False,0.059901946775989916,0.07595517517570591,0.03524935768599067,0.051083874532045284
2010-10-14,0.00452410724662175,False,0.059901946775989916,0.07595517517570591,0.03524935768599067,0.051083874532045284
2010-10-15,-0.026386755173194887,False,0.059901946775989916,0.07595517517570591,0.03524935768599067,0.051083874532045284
2010-10-18,-0.00392927813988955,False,0.059901946775989916,0.07595517517570591,0.03524935768599067,0.051083874532045284
2010-10-19,-0.01587334915629012,False,0.059901946775989916,0.07595517517570591,0.03524935768599067,0.051083874532045284
2010-10-20,0.00977029664618248,False,0.059901946775989916,0.07595517517570591,0.03524935768599067,0.051083874532045284
2010-10-21,0.014301280569573147,False,0.059901946775989916,0.07595517517570591,0.03524935768599067,0.051083874532045284
2010-10-22,0.010242010773425052,False,0.059901946775989916,0.07595517517570591,0.03524935768599067,0.051083874532045284
2010-10-25,0.029087923361315254,False,0.059901946775989916,0.07595517517570591,0.03524935768599067,0.051083874532045284
2010-10-26,-0.014092001544877705,False,0.059901946775989916,0.07595517517570591,0.03524935768599067,0.051083874532045284
2010-10-27,-0.0020790028278331015,False,0.059901946775989916,0.07595517517570591,0.03524935768599067,0.051083874532045284
2010-10-28,-0.013268351077970836,False,0.059901946775989916,0.07595517517570591,0.03524935768599067,0.051083874532045284
2010-10-29,-0.01701565335847158,False,0.059901946775989916,0.07595517517570591,0.03524935768599067,0.051083874532045284
2010-11-01,-0.013679118984673588,False,0.059901946775989916,0.07595517517570591,0.03524935768599067,0.051083874532045284
2010-11-02,0.01653524373951066,False,0.059901946775989916,0.07595517517570591,0.03524935768599067,0.051083874532045284
2010-11-03,-0.014724633069236204,False,0.059901946775989916,0.07595517517570591,0.03524935768599067,0.051083874532045284
2010-11-04,-0.002898552754011304,False,0.059901946775989916,0.07595517517570591,0.03524935768599067,0.051083874532045284
2010-11-05,-0.008014614849654352,False,0.059901946775989916,0.07595517517570591,0.03524935768599067,0.051083874532045284
2010-11-08,0.021708522533012156,False,0.059901946775989916,0.07595517517570591,0.03524935768599067,0.051083874532045284
2010-11-09,0.022297862413865888,False,0.059901946775989916,0.07595517517570591,0.03524935768599067,0.051083874532045284
2010-11-10,-0.010909838986300328,False,0.059901946775989916,0.07595517517570591,0.03524935768599067,0.051083874532045284
2010-11-11,0.0028268570061530693,False,0.059901946775989916,0.07595517517570591,0.03524935768599067,0.051083874532045284
2010-11-12,-0.0355577053945442,False,0.059901946775989916,0.07595517517570591,0.03524935768599067,0.051083874532045284
2010-11-15,0.009461497074072957,False,0.059901946775989916,0.07595517517570591,0.035374004220627704,0.05108762902552121
2010-11-16,-0.013491544660751432,False,0.059901946775989916,0.07595517517570591,0.035374004220627704,0.05108762902552121
2010-11-17,0.02178735418490723,False,0.059901946775989916,0.07595517517570591,0.035374004220627704,0.05108762902552121
2010-11-18,0.03944173205129662,False,0.059901946775989916,0.07595517517570591,0.035374004220627704,0.05108762902552121
2010-11-19,-0.024468190261134184,False,0.059901946775989916,0.07595517517570591,0.035374004220627704,0.05108762902552121
2010-11-22,-0.005321992337940869,False,0.059901946775989916,0.07595517517570591,0.035374004220627704,0.05108762902552121
2010-11-23,-0.012889544725996958,False,0.059901946775989916,0.07595517517570591,0.035374004220627704,0.05108762902552121
2010-11-29,-0.01278089335030287,False,0.059901946775989916,0.07595517517570591,0.035374004220627704,0.05108762902552121
2010-11-30,0.018569621526547633,False,0.059698919425689854,0.07304575384252696,0.03524935768599067,0.05001525955529629
2010-12-01,-0.016733748053315938,False,0.059698919425689854,0.07304575384252696,0.03491987855226783,0.04992132289717926
2010-12-02,0.03955927539554016,False,0.059698919425689854,0.07304575384252696,0.03491987855226783,0.04992132289717926
2010-12-08,-0.01742605332586102,False,0.059698919425689854,0.07304575384252696,0.03491987855226783,0.04992132289717926
2010-12-16,0.017806618649464815,False,0.059698919425689854,0.07304575384252696,0.03491987855226783,0.04992132289717926
2010-12-17,-0.017467693040390832,False,0.059698919425689854,0.07304575384252696,0.03491987855226783,0.04992132289717926
2010-12-20,0.0023692683278056987,False,0.059698919425689854,0.07304575384252696,0.03491987855226783,0.04992132289717926
2010-12-21,0.0057306747089850745,False,0.059698919425689854,0.07304575384252696,0.03491987855226783,0.04992132289717926
2010-12-22,-0.0016820861829848262,False,0.059698919425689854,0.07304575384252696,0.03491987855226783,0.04992132289717926
2010-12-23,0.016694878572170054,False,0.059698919425689854,0.07304575384252696,0.03491987855226783,0.04992132289717926
2010-12-27,0.006600684031352093,False,0.059698919425689854,0.07304575384252696,0.03491987855226783,0.04992132289717926
2010-12-28,0.008190053970044403,False,0.059698919425689854,0.07304575384252696,0.03491987855226783,0.04992132289717926
2010-12-29,0.0,False,0.059698919425689854,0.07304575384252696,0.03491987855226783,0.04992132289717926
2010-12-30,-0.021435280720065033,False,0.059698919425689854,0.07304575384252696,0.03491987855226783,0.04992132289717926
2010-12-31,0.01159913584335194,False,0.059698919425689854,0.07304575384252696,0.03491987855226783,0.04992132289717926
2011-01-04,-0.034526640487056566,False,0.059698919425689854,0.07304575384252696,0.03491987855226783,0.04992132289717926
2011-01-05,-0.02766428147235551,False,0.059698919425689854,0.07304575384252696,0.03491987855226783,0.04992132289717926
2011-01-06,-0.007743790896903289,False,0.059698919425689854,0.07304575384252696,0.03491987855226783,0.04992132289717926
2011-01-07,0.007042282625412951,False,0.059698919425689854,0.07304575384252696,0.03491987855226783,0.04992132289717926
2011-01-10,0.010818461821832175,False,0.059698919425689854,0.07304575384252696,0.03491987855226783,0.04992132289717926
2011-01-11,0.018229223618398495,False,0.059698919425689854,0.07304575384252696,0.03491987855226783,0.04992132289717926
2011-01-12,0.008484693697282551,False,0.059698919425689854,0.07304575384252696,0.03491987855226783,0.04992132289717926
2011-01-13,-0.0023684666798465532,False,0.059698919425689854,0.07304575384252696,0.03491987855226783,0.04992132289717926
2011-01-19,0.02086125195771702,False,0.059698919425689854,0.07304575384252696,0.03491987855226783,0.04992132289717926
2011-01-20,0.024849956623423663,False,0.059698919425689854,0.07304575384252696,0.03491987855226783,0.04992132289717926
2011-01-21,0.0018861998676122948,False,0.059698919425689854,0.07304575384252696,0.03491987855226783,0.04992132289717926
2011-01-24,0.03941396854087663,False,0.059698919425689854,0.07304575384252696,0.03491987855226783,0.04992132289717926
2011-01-25,0.006920442844573757,False,0.059698919425689854,0.07304575384252696,0.03491987855226783,0.04992132289717926
2011-01-26,0.005084503252249644,False,0.059698919425689854,0.07304575384252696,0.03491987855226783,0.04992132289717926
2011-01-27,0.001788376035512424,False,0.059698919425689854,0.07304575384252696,0.03491987855226783,0.04992132289717926
2011-01-28,-0.02441718893867155,False,0.059698919425689854,0.07304575384252696,0.03454545204675674,0.04987255175202237
2011-01-31,0.022628812903159157,False,0.059698919425689854,0.07304575384252696,0.03454545204675674,0.04987255175202237
2011-02-01,-0.011703059302077832,False,0.059698919425689854,0.07304575384252696,0.03454545204675674,0.04987255175202237
2011-02-02,0.011703059302077854,False,0.059698919425689854,0.07304575384252696,0.03454545204675674,0.04987255175202237
2011-02-03,0.001788376035512424,False,0.059698919425689854,0.07304575384252696,0.03454545204675674,0.04987255175202237
2011-02-04,-0.032382917333580785,False,0.059698919425689854,0.07304575384252696,0.03454545204675674,0.04987255175202237
2011-02-07,-0.008650038488467446,False,0.059698919425689854,0.07304575384252696,0.03454545204675674,0.04987255175202237
2011-02-08,0.0049520373558914815,False,0.059698919425689854,0.07304575384252696,0.03454545204675674,0.04987255175202237
2011-02-09,0.01013677855130829,False,0.059698919425689854,0.07304575384252696,0.03454545204675674,0.04987255175202237
2011-02-10,0.03749127043794621,False,0.059698919425689854,0.07304575384252696,0.03454545204675674,0.04987255175202237
2011-02-11,-0.006793705054670266,False,0.059698919425689854,0.07304575384252696,0.03454545204675674,0.04987255175202237
2011-02-14,0.00767644749833912,False,0.059698919425689854,0.07304575384252696,0.03454545204675674,0.04987255175202237
2011-02-15,0.0029368596733097057,False,0.059698919425689854,0.07304575384252696,0.034464344629631466,0.049830199244417034
2011-02-16,0.015422974124859561,False,0.059698919425689854,0.07304575384252696,0.034464344629631466,0.049830199244417034
2011-02-17,0.005471575925712459,False,0.059698919425689854,0.07304575384252696,0.034464344629631466,0.049830199244417034
2011-02-23,0.007677580899034332,False,0.059698919425689854,0.07304575384252696,0.034464344629631466,0.049830199244417034
2011-02-24,0.0062627842549613285,False,0.059698919425689854,0.07304575384252696,0.034464344629631466,0.049830199244417034
2011-02-25,0.003793014571872694,False,0.059698919425689854,0.07304575384252696,0.034464344629631466,0.049830199244417034
2011-02-28,0.01582863362689871,False,0.059698919425689854,0.07304575384252696,0.034464344629631466,0.049830199244417034
2011-03-03,0.019532393542339616,False,0.059698919425689854,0.07304575384252696,0.034464344629631466,0.049830199244417034
2011-03-08,-0.004849147433009838,False,0.059698919425689854,0.07304575384252696,0.034464344629631466,0.049830199244417034
2011-03-09,-0.032384827879892004,False,0.059698919425689854,0.07304575384252696,0.034464344629631466,0.049830199244417034
2011-03-14,-0.008416825193320179,False,0.059698919425689854,0.07304575384252696,0.034464344629631466,0.049830199244417034
2011-03-17,0.015042493924603153,False,0.059698919425689854,0.07304575384252696,0.034464344629631466,0.049830199244417034
2011-03-18,-0.048378914192194956,False,0.059698919425689854,0.07304575384252696,0.034464344629631466,0.049830199244417034
2011-03-21,0.019633309552216243,False,0.059698919425689854,0.07304575384252696,0.03454545204675674,0.050107244718519794
2011-03-22,0.02293962958326304,False,0.059698919425689854,0.07304575384252696,0.03454545204675674,0.050107244718519794
2011-03-23,-0.0036843762894153294,False,0.059698919425689854,0.07304575384252696,0.03454545204675674,0.050107244718519794
2011-03-24,-0.0148747706947472,False,0.059698919425689854,0.07304575384252696,0.03454545204675674,0.050107244718519794
2011-03-25,0.012102552686463262,False,0.059698919425689854,0.07304575384252696,0.03454545204675674,0.050107244718519794
2011-03-28,0.0018489989859472242,False,0.059698919425689854,0.07304575384252696,0.03454545204675674,0.050107244718519794
2011-03-29,-0.0606053793907341,False,0.059698919425689854,0.07304575384252696,0.03454545204675674,0.050107244718519794
2011-03-30,-0.023164503674724692,False,0.05990135228511042,0.07311686769157985,0.03491987855226783,0.05062129487271327
2011-03-31,-0.011786632495746682,False,0.05990135228511042,0.07311686769157985,0.03491987855226783,0.05062129487271327
2011-04-01,0.019789342761370673,False,0.05990135228511042,0.07311686769157985,0.03491987855226783,0.05062129487271327
2011-04-04,0.00298458188718144,False,0.05990135228511042,0.07311686769157985,0.03491987855226783,0.05062129487271327
2011-04-05,-0.015012792389185209,False,0.05990135228511042,0.07311686769157985,0.03491987855226783,0.05062129487271327
2011-04-06,0.008034860769278881,False,0.05990135228511042,0.07311686769157985,0.03491987855226783,0.05062129487271327
2011-04-07,-0.004009360532899312,False,0.05990135228511042,0.07311686769157985,0.03491987855226783,0.05062129487271327
2011-04-08,-0.0043616911960094405,False,0.05990135228511042,0.07311686769157985,0.03491987855226783,0.05062129487271327
2011-04-11,0.016011015812584586,False,0.05990135228511042,0.07311686769157985,0.03491987855226783,0.05062129487271327
2011-04-12,0.010205849902192992,False,0.05990135228511042,0.07311686769157985,0.03491987855226783,0.05062129487271327
2011-04-13,0.0042490666968815075,False,0.05990135228511042,0.07311686769157985,0.03491987855226783,0.05062129487271327
2011-04-14,0.01906050273874241,False,0.05990135228511042,0.07311686769157985,0.03491987855226783,0.05062129487271327
2011-04-15,0.03583035700082749,False,0.05990135228511042,0.07311686769157985,0.03491987855226783,0.05062129487271327
2011-04-18,-0.03519056171348806,False,0.05990135228511042,0.07311686769157985,0.03491987855226783,0.05062129487271327
2011-04-19,-0.003203077690504232,False,0.05990135228511042,0.07311686769157985,0.035193184083074355,0.05062129487271327
2011-04-20,0.00448144155906867,False,0.05990135228511042,0.07311686769157985,0.035193184083074355,0.05062129487271327
2011-04-26,0.000958619661203917,False,0.05990135228511042,0.07311686769157985,0.035193184083074355,0.05062129487271327
2011-04-29,0.01785761740000647,False,0.05990135228511042,0.07311686769157985,0.035193184083074355,0.05062129487271327
2011-05-02,-0.010974453908267368,False,0.05990135228511042,0.07311686769157985,0.035193184083074355,0.05062129487271327
2011-05-03,-0.02475971892784464,False,0.05990135228511042,0.07311686769157985,0.035193184083074355,0.05062129487271327
2011-05-04,-0.01075774936000156,False,0.05990135228511042,0.07311686769157985,0.035193184083074355,0.05062129487271327
2011-05-05,-0.047138253676222965,False,0.05990135228511042,0.07311686769157985,0.035193184083074355,0.05062129487271327
2011-05-06,0.01606718368851888,False,0.05990135228511042,0.07311686769157985,0.03524935768599067,0.05085919976413345
2011-05-16,0.001998002662673058,False,0.05990135228511042,0.07311686769157985,0.03524935768599067,0.05085919976413345
2011-05-17,-0.008686990813469672,False,0.05990135228511042,0.07311686769157985,0.03524935768599067,0.05085919976413345
2011-05-18,0.005020931050099664,False,0.05990135228511042,0.07311686769157985,0.03524935768599067,0.05085919976413345
2011-05-19,-0.00535655783626744,False,0.05990135228511042,0.07311686769157985,0.03524935768599067,0.05085919976413345
2011-05-20,-0.026187519269149084,False,0.05990135228511042,0.07311686769157985,0.03524935768599067,0.05085919976413345
2011-05-23,-0.012831804295293172,False,0.05990135228511042,0.07311686769157985,0.03524935768599067,0.05085919976413345
2011-05-24,0.006609869255999737,False,0.05990135228511042,0.07311686769157985,0.03524935768599067,0.05085919976413345
2011-05-25,0.026686496422904386,False,0.05990135228511042,0.07311686769157985,0.03524935768599067,0.05085919976413345
2011-05-26,0.016075362915177235,False,0.05990135228511042,0.07311686769157985,0.03524935768599067,0.05085919976413345
2011-06-01,-0.015457297005086449,False,0.05990135228511042,0.07311686769157985,0.03524935768599067,0.05085919976413345
2011-06-02,-0.016732505799235926,False,0.05990135228511042,0.07311686769157985,0.03524935768599067,0.05085919976413345
2011-06-03,-0.008993488497373532,False,0.05990135228511042,0.07311686769157985,0.03524935768599067,0.05085919976413345
2011-06-06,-0.005225582349198075,False,0.05990135228511042,0.07311686769157985,0.03524935768599067,0.05085919976413345
2011-06-07,0.009732436918231054,False,0.05990135228511042,0.07311686769157985,0.03524935768599067,0.05085919976413345
2011-06-08,0.012375544675539854,False,0.05990135228511042,0.07311686769157985,0.03524935768599067,0.05085919976413345
2011-06-09,0.017945292807564326,False,0.05990135228511042,0.07311686769157985,0.03524935768599067,0.05085919976413345
2011-06-10,0.005688487817213029,False,0.05990135228511042,0.07311686769157985,0.035193184083074355,0.050804703899515836
2011-06-13,0.0013337781237038747,False,0.05990135228511042,0.07311686769157985,0.035193184083074355,0.050804703899515836
2011-06-14,0.0043225337460737305,False,0.05990135228511042,0.07311686769157985,0.035193184083074355,0.050804703899515836
2011-06-15,-0.008998560970330974,False,0.05990135228511042,0.07311686769157985,0.035193184083074355,0.050804703899515836
2011-06-16,-0.02474283146095971,False,0.05990135228511042,0.07311686769157985,0.035193184083074355,0.050804703899515836
2011-06-17,0.001028983112571219,False,0.05990135228511042,0.07311686769157985,0.035193184083074355,0.050804703899515836
2011-06-20,0.01699565042310034,False,0.05990135228511042,0.07311686769157985,0.035193184083074355,0.050804703899515836
2011-06-21,0.020020688730896772,False,0.05990135228511042,0.07311686769157985,0.035193184083074355,0.050804703899515836
2011-06-22,0.004285485378548639,False,0.05990135228511042,0.07311686769157985,0.035193184083074355,0.050804703899515836
2011-06-23,-0.01792281630113166,False,0.05990135228511042,0.07311686769157985,0.035193184083074355,0.050804703899515836
2011-06-24,-0.009421334828390596,False,0.05990135228511042,0.07311686769157985,0.035193184083074355,0.050804703899515836
2011-06-27,0.012430867278804526,False,0.05990135228511042,0.07311686769157985,0.035193184083074355,0.050804703899515836
2011-06-28,0.007650128778244409,False,0.05990135228511042,0.07311686769157985,0.035193184083074355,0.050804703899515836
2011-06-29,0.0313137130661494,False,0.05990135228511042,0.07311686769157985,0.035193184083074355,0.050804703899515836
2011-06-30,0.017823514477382674,False,0.05990135228511042,0.07311686769157985,0.035193184083074355,0.050804703899515836
2011-07-12,0.005868944136526966,False,0.05990135228511042,0.07311686769157985,0.035193184083074355,0.050804703899515836
2011-07-15,0.0006315124933591015,False,0.05990135228511042,0.07311686769157985,0.035193184083074355,0.050804703899515836
2011-07-18,-0.0028449521322312507,False,0.05990135228511042,0.07311686769157985,0.035193184083074355,0.050804703899515836
2011-07-19,0.001581528085459335,False,0.05990135228511042,0.07311686769157985,0.035193184083074355,0.050804703899515836
2011-07-20,0.00598709839454843,False,0.05990135228511042,0.07311686769157985,0.035193184083074355,0.050804703899515836
2011-07-21,-0.0034618445273542574,False,0.05990135228511042,0.07311686769157985,0.035193184083074355,0.050804703899515836
2011-07-22,-0.03431473438442684,False,0.05990135228511042,0.07311686769157985,0.035193184083074355,0.050804703899515836
2011-07-25,-0.02276950373320167,False,0.05990135228511042,0.07311686769157985,0.035193184083074355,0.050804703899515836
2011-07-26,0.006321764524175685,False,0.05990135228511042,0.07311686769157985,0.035193184083074355,0.050804703899515836
2011-07-27,0.006941029354234763,False,0.05990135228511042,0.07311686769157985,0.035193184083074355,0.050804703899515836
2011-07-28,-0.020633011495420194,False,0.05990135228511042,0.07311686769157985,0.035193184083074355,0.050804703899515836
2011-07-29,0.0,False,0.05990135228511042,0.07311686769157985,0.035193184083074355,0.050804703899515836
2011-08-01,-0.006409197179901856,False,0.05990135228511042,0.07311686769157985,0.035193184083074355,0.050804703899515836
2011-08-02,-0.007472860862747529,False,0.05990135228511042,0.07311686769157985,0.035193184083074355,0.050804703899515836
2011-08-03,-0.0058129758489022625,False,0.05990135228511042,0.07311686769157985,0.035193184083074355,0.050804703899515836
2011-08-04,-0.003779423842537156,False,0.05990135228511042,0.07311686769157985,0.035193184083074355,0.050804703899515836
2011-08-05,0.010614720448394547,False,0.05990135228511042,0.07311686769157985,0.035193184083074355,0.050804703899515836
2011-08-08,-0.009238731239204578,False,0.05990135228511042,0.07311686769157985,0.035193184083074355,0.050804703899515836
2011-08-09,-0.0010318143649734597,False,0.05990135228511042,0.07311686769157985,0.035193184083074355,0.050804703899515836
2011-08-10,-0.020511756852190675,False,0.05990135228511042,0.07311686769157985,0.035193184083074355,0.050804703899515836
2011-08-11,0.00315623618143741,False,0.05990135228511042,0.07311686769157985,0.035193184083074355,0.050804703899515836
2011-08-12,0.008020967152700838,False,0.05990135228511042,0.07311686769157985,0.035193184083074355,0.050804703899515836
2011-08-15,0.007957142831957361,False,0.05990135228511042,0.07311686769157985,0.035193184083074355,0.050804703899515836
2011-08-16,0.02012689465745807,False,0.05990135228511042,0.07311686769157985,0.035193184083074355,0.050804703899515836
2011-08-17,0.018735911057469846,False,0.05990135228511042,0.07311686769157985,0.035193184083074355,0.050804703899515836
2011-08-18,-0.010663213332358614,False,0.05990135228511042,0.07311686769157985,0.035193184083074355,0.050804703899515836
2011-08-19,0.004345652835840446,False,0.05990135228511042,0.07311686769157985,0.035193184083074355,0.050804703899515836
2011-08-22,0.01489847123442806,False,0.05990135228511042,0.07311686769157985,0.035193184083074355,0.050804703899515836
2011-08-23,0.03042305829370706,False,0.05990135228511042,0.07311686769157985,0.035193184083074355,0.050804703899515836
2011-08-24,-0.018337332223057994,False,0.05990135228511042,0.07311686769157985,0.035193184083074355,0.050804703899515836
2011-08-25,-0.023654190897889716,False,0.05990135228511042,0.07311686769157985,0.035193184083074355,0.050804703899515836
2011-08-26,0.016812659081172993,False,0.05990135228511042,0.07311686769157985,0.035193184083074355,0.050804703899515836
2011-08-29,0.01974493665262466,False,0.05990135228511042,0.07311686769157985,0.035193184083074355,0.050804703899515836
2011-08-30,-0.010633256301368703,False,0.05990135228511042,0.07311686769157985,0.035193184083074355,0.050804703899515836
2011-08-31,0.0035569964746546886,False,0.05990135228511042,0.07311686769157985,0.035193184083074355,0.050804703899515836
2011-09-01,-0.012341826030387536,False,0.05990135228511042,0.07311686769157985,0.035193184083074355,0.050804703899515836
2011-09-08,-0.012638938527373944,False,0.05990135228511042,0.07311686769157985,0.035193184083074355,0.050804703899515836
2011-09-09,-0.014194456775690692,False,0.05990135228511042,0.07311686769157985,0.035193184083074355,0.050804703899515836
2011-09-12,-0.005945112806838958,False,0.05990135228511042,0.07311686769157985,0.035193184083074355,0.050804703899515836
2011-09-13,-0.0010528163808055636,False,0.05990135228511042,0.07311686769157985,0.035193184083074355,0.050804703899515836
2011-09-14,-0.019500706586689637,False,0.05990135228511042,0.07311686769157985,0.035193184083074355,0.050804703899515836
2011-09-15,-0.003227544490866488,False,0.05990135228511042,0.07311686769157985,0.035193184083074355,0.050804703899515836
2011-09-16,0.002869442427952739,False,0.05990135228511042,0.07311686769157985,0.035193184083074355,0.050804703899515836
2011-09-19,-0.027597975203676288,False,0.05990135228511042,0.07311686769157985,0.035193184083074355,0.050804703899515836
2011-09-20,0.005141399500418652,False,0.05990135228511042,0.07311686769157985,0.035193184083074355,0.050804703899515836
2011-09-21,-0.0010995053334168876,False,0.05990135228511042,0.07311686769157985,0.035193184083074355,0.050804703899515836
2011-09-22,-0.0173853093406862,False,0.05990135228511042,0.07311686769157985,0.035193184083074355,0.050804703899515836
2011-09-23,-0.01731319120167605,False,0.05990135228511042,0.07311686769157985,0.035193184083074355,0.050804703899515836
2011-09-26,0.016566643947891375,False,0.05990135228511042,0.07311686769157985,0.035193184083074355,0.050804703899515836
2011-09-27,0.015929212532128506,False,0.05990135228511042,0.07311686769157985,0.035193184083074355,0.050804703899515836
2011-09-28,-0.021170707122966596,False,0.05990135228511042,0.07311686769157985,0.035193184083074355,0.050804703899515836
2011-09-29,0.011198325310029535,False,0.05990135228511042,0.07311686769157985,0.035193184083074355,0.050804703899515836
2011-09-30,-0.032443433923765745,False,0.05990135228511042,0.07311686769157985,0.035193184083074355,0.050804703899515836
2011-10-03,-0.012734109948707063,False,0.059698919425689854,0.07287407474279953,0.03491725618268154,0.05026207172602544
2011-10-04,0.006580244374328869,False,0.059698919425689854,0.07287407474279953,0.03491725618268154,0.05026207172602544
2011-10-05,0.011507606851479944,False,0.059698919425689854,0.07287407474279953,0.03491725618268154,0.05026207172602544
2011-10-06,0.01438873745209967,False,0.059698919425689854,0.07287407474279953,0.03491725618268154,0.05026207172602544
2011-10-07,-0.0030120504699916095,False,0.059698919425689854,0.07287407474279953,0.03491725618268154,0.05026207172602544
2011-10-10,0.0015071592905713386,False,0.059698919425689854,0.07287407474279953,0.03491725618268154,0.05026207172602544
2011-10-11,-0.01977250726786463,False,0.059698919425689854,0.07287407474279953,0.03491725618268154,0.05026207172602544
2011-10-12,0.011075156167849595,False,0.059698919425689854,0.07287407474279953,0.03491725618268154,0.05026207172602544
2011-10-13,-0.0011400343244991986,False,0.059698919425689854,0.07287407474279953,0.03491725618268154,0.05026207172602544
2011-10-14,0.015469087938150732,False,0.059698919425689854,0.07287407474279953,0.03491725618268154,0.05026207172602544
2011-10-17,-0.01851554878631567,False,0.059698919425689854,0.07287407474279953,0.03491725618268154,0.05026207172602544
2011-10-18,-0.019642457057755663,False,0.059698919425689854,0.07287407474279953,0.03491725618268154,0.05026207172602544
2011-10-19,0.012369697728675817,False,0.059698919425689854,0.07287407474279953,0.03454545204675674,0.050011084486743726
2011-10-20,-0.01587642253788578,False,0.059698919425689854,0.07287407474279953,0.03454545204675674,0.050011084486743726
2011-10-21,0.0015600627189021842,False,0.059698919425689854,0.07287407474279953,0.03454545204675674,0.050011084486743726
2011-10-24,0.02349424450995812,False,0.059698919425689854,0.07287407474279953,0.03454545204675674,0.050011084486743726
2011-10-25,0.003420105936858022,False,0.059698919425689854,0.07287407474279953,0.03454545204675674,0.050011084486743726
2011-10-26,0.021393197189200994,False,0.059698919425689854,0.07287407474279953,0.03454545204675674,0.050011084486743726
2011-10-27,0.023124539321950188,False,0.059698919425689854,0.07287407474279953,0.03454545204675674,0.050011084486743726
2011-10-28,-0.0029069787913092726,False,0.059698919425689854,0.07287407474279953,0.03454545204675674,0.050011084486743726
2011-10-31,-0.019104181310042274,False,0.059698919425689854,0.07287407474279953,0.03454545204675674,0.050011084486743726
2011-11-01,-0.03625774802262425,False,0.059698919425689854,0.07287407474279953,0.03454545204675674,0.050011084486743726
2011-11-02,0.024692612590371414,False,0.059698919425689854,0.07287407474279953,0.03491725618268154,0.05003818201357501
2011-11-03,0.020427822690098005,False,0.059698919425689854,0.07287407474279953,0.03491725618268154,0.05003818201357501
2011-11-04,-0.008491836150313008,False,0.059698919425689854,0.07287407474279953,0.03491725618268154,0.05003818201357501
2011-11-07,0.01142869582362285,False,0.059698919425689854,0.07287407474279953,0.03491725618268154,0.05003818201357501
2011-11-08,-0.024115433149420464,False,0.059698919425689854,0.07287407474279953,0.03491725618268154,0.05003818201357501
2011-11-09,-0.03554740792466678,False,0.059698919425689854,0.07287407474279953,0.03491725618268154,0.05003818201357501
2011-11-10,-0.02601644566927636,False,0.059698919425689854,0.07287407474279953,0.035193184083074355,0.05004531893779858
2011-11-11,-0.006008429852397177,False,0.059698919425689854,0.07287407474279953,0.035193184083074355,0.05004531893779858
2011-11-14,-0.018244982076106104,False,0.059698919425689854,0.07287407474279953,0.035193184083074355,0.05004531893779858
2011-11-15,-0.08137337985924152,False,0.059698919425689854,0.07287407474279953,0.035193184083074355,0.05004531893779858
2011-11-16,0.016725742021250996,False,0.05990135228511042,0.07502198863870317,0.03524935768599067,0.050967926352879125
2011-11-17,0.03558789271611785,False,0.05990135228511042,0.07502198863870317,0.03524935768599067,0.050967926352879125
2011-11-18,-0.028194947541623175,False,0.05990135228511042,0.07502198863870317,0.03524935768599067,0.050967926352879125
2011-11-21,-0.019248188304916578,False,0.05990135228511042,0.07502198863870317,0.03524935768599067,0.050967926352879125
2011-11-22,-0.006202944124607781,False,0.05990135228511042,0.07502198863870317,0.03524935768599067,0.050967926352879125
2011-11-28,-0.007625064977443142,False,0.05990135228511042,0.07502198863870317,0.03524935768599067,0.050967926352879125
2011-11-29,-0.02000976265988003,False,0.05990135228511042,0.07502198863870317,0.03524935768599067,0.050967926352879125
2011-11-30,-0.006914063035393831,False,0.05990135228511042,0.07502198863870317,0.03524935768599067,0.050967926352879125
2011-12-01,-0.039146710341140686,False,0.05990135228511042,0.07502198863870317,0.03524935768599067,0.050967926352879125
2011-12-02,-0.02385121582217991,False,0.05990135228511042,0.07502198863870317,0.035374004220627704,0.05104346094528699
2011-12-05,0.002460025840862399,False,0.05990135228511042,0.07502198863870317,0.035374004220627704,0.05104346094528699
2011-12-06,-0.017348638334612976,False,0.05990135228511042,0.07502198863870317,0.035374004220627704,0.05104346094528699
2011-12-07,-0.01308523954865548,False,0.05990135228511042,0.07502198863870317,0.035374004220627704,0.05104346094528699
2011-12-08,-0.0030441423812281325,False,0.05990135228511042,0.07502198863870317,0.035374004220627704,0.05104346094528699
2011-12-09,-0.016393809775676383,False,0.05990135228511042,0.07502198863870317,0.035374004220627704,0.05104346094528699
2011-12-12,0.04296844956709858,False,0.05990135228511042,0.07502198863870317,0.035374004220627704,0.05104346094528699
2011-12-13,0.038820983441379395,False,0.05990135228511042,0.07502198863870317,0.035374004220627704,0.05104346094528699
2011-12-14,-0.03783186367725496,False,0.05990135228511042,0.07502198863870317,0.035374004220627704,0.05104346094528699
2011-12-15,0.06135129209998463,False,0.05990135228511042,0.07502198863870317,0.035455298578660414,0.0510910892044652
2011-12-16,-0.02351942842272962,False,0.05990135228511042,0.07502198863870317,0.035455298578660414,0.0510910892044652
2011-12-19,-0.01486481458558568,False,0.05990135228511042,0.07502198863870317,0.035455298578660414,0.0510910892044652
2011-12-20,0.05406722127027579,False,0.05990135228511042,0.07502198863870317,0.035455298578660414,0.0510910892044652
2011-12-21,0.026644159112896304,False,0.05990135228511042,0.07502198863870317,0.035455298578660414,0.0510910892044652
2011-12-22,-0.010302442748159496,False,0.05990135228511042,0.07502198863870317,0.035455298578660414,0.0510910892044652
2011-12-28,-0.03817432939582384,False,0.05990135228511042,0.07502198863870317,0.035455298578660414,0.0510910892044652
2011-12-29,-0.02372027721037852,False,0.05990135228511042,0.07502198863870317,0.035547922798160644,0.051143627633888335
2012-01-04,-0.0190936588155797,False,0.05990135228511042,0.07502198863870317,0.035547922798160644,0.051143627633888335
2012-01-05,-0.0229110679537249,False,0.05990135228511042,0.07502198863870317,0.035547922798160644,0.051143627633888335
2012-01-06,0.0,False,0.05990135228511042,0.07502198863870317,0.035547922798160644,0.051143627633888335
2012-01-09,0.06767708182343148,False,0.05990135228511042,0.07502198863870317,0.035547922798160644,0.051143627633888335
2012-01-10,0.07242782548692477,False,0.05990135228511042,0.07502198863870317,0.035547922798160644,0.051143627633888335
2012-01-11,0.007260335116774635,False,0.05990135228511042,0.07502198863870317,0.035547922798160644,0.051143627633888335
2012-01-12,-0.010265274059594903,False,0.05990135228511042,0.07502198863870317,0.035547922798160644,0.051143627633888335
2012-01-18,-0.002205072558313981,False,0.05990135228511042,0.07502198863870317,0.035547922798160644,0.051143627633888335
2012-01-19,0.02399242674322115,False,0.05990135228511042,0.07502198863870317,0.035547922798160644,0.051143627633888335
2012-01-20,-0.026644948192352354,False,0.05990135228511042,0.07502198863870317,0.035547922798160644,0.051143627633888335
2012-01-23,0.004416968311838528,False,0.05990135228511042,0.07502198863870317,0.035547922798160644,0.051143627633888335
2012-01-24,0.061531580845190004,False,0.05990135228511042,0.07502198863870317,0.035547922798160644,0.051143627633888335
2012-01-25,0.00372285848800588,False,0.05990135228511042,0.07502198863870317,0.035547922798160644,0.051143627633888335
2012-01-26,0.012310372943064474,False,0.05990135228511042,0.07502198863870317,0.035547922798160644,0.051143627633888335
2012-01-27,-0.018938400521477862,False,0.05990135228511042,0.07502198863870317,0.035455298578660414,0.05102009892495367
2012-01-30,-0.05379017458613769,False,0.05990135228511042,0.07502198863870317,0.035455298578660414,0.05102009892495367
2012-01-31,0.004812960505009027,False,0.05990135228511042,0.07502198863870317,0.035547922798160644,0.0513849542581831
2012-02-01,-0.02923148785315498,False,0.05990135228511042,0.07502198863870317,0.035547922798160644,0.0513849542581831
2012-02-02,0.0,False,0.05990135228511042,0.07502198863870317,0.035547922798160644,0.0513849542581831
2012-02-03,0.03315220731690055,False,0.05990135228511042,0.07502198863870317,0.035547922798160644,0.0513849542581831
2012-02-06,-0.016217756283703633,False,0.05990135228511042,0.07502198863870317,0.035547922798160644,0.0513849542581831
2012-02-07,0.004409178219005926,False,0.05990135228511042,0.07502198863870317,0.035547922798160644,0.0513849542581831
2012-02-08,-0.004409178219005883,False,0.05990135228511042,0.07502198863870317,0.035547922798160644,0.0513849542581831
2012-02-09,-0.012002811358547591,False,0.05990135228511042,0.07502198863870317,0.035455298578660414,0.051363741351930364
2012-02-10,-0.03643390224610202,False,0.05990135228511042,0.07502198863870317,0.035455298578660414,0.051363741351930364
2012-02-13,0.0197480585258734,False,0.05990135228511042,0.07502198863870317,0.035547922798160644,0.05138147123835907
2012-02-14,0.03177711992068708,False,0.05990135228511042,0.07502198863870317,0.035547922798160644,0.05138147123835907
2012-02-15,0.05235000459507406,False,0.05990135228511042,0.07502198863870317,0.035547922798160644,0.05138147123835907
2012-02-16,0.02518192918796685,False,0.05990135228511042,0.07502198863870317,0.035547922798160644,0.05138147123835907
2012-02-17,-0.026436896932679817,False,0.05990135228511042,0.07502198863870317,0.035547922798160644,0.05138147123835907
2012-02-21,0.027659141941223497,False,0.05990135228511042,0.07502198863870317,0.035547922798160644,0.05138147123835907
2012-02-22,0.0004070832541460892,False,0.05990135228511042,0.07502198863870317,0.035547922798160644,0.05138147123835907
2012-02-23,-0.03562928645577366,False,0.05990135228511042,0.07502198863870317,0.035547922798160644,0.05138147123835907
2012-02-24,-0.0004218519362285663,False,0.05990135228511042,0.07502198863870317,0.0355603550830486,0.05138290285958364
2012-02-27,0.017980831495854884,False,0.05990135228511042,0.07502198863870317,0.0355603550830486,0.05138290285958364
2012-02-28,0.00041433603244518235,False,0.05990135228511042,0.07502198863870317,0.0355603550830486,0.05138290285958364
2012-02-29,-0.012924924558734736,False,0.05990135228511042,0.07502198863870317,0.0355603550830486,0.05138290285958364
2012-03-01,0.0037696379717803226,False,0.05990135228511042,0.07502198863870317,0.035547922798160644,0.051164674129912345
2012-03-02,-0.014316033973206166,False,0.05990135228511042,0.07502198863870317,0.035547922798160644,0.051164674129912345
2012-03-05,-0.018836173343694296,False,0.05990135228511042,0.07502198863870317,0.035547922798160644,0.051164674129912345
2012-03-06,0.000863930939263878,False,0.05990135228511042,0.07502198863870317,0.035547922798160644,0.051164674129912345
2012-03-07,-0.0025940351770466466,False,0.05990135228511042,0.07502198863870317,0.035547922798160644,0.051164674129912345
2012-03-08,0.05434059470008102,False,0.05990135228511042,0.07502198863870317,0.035547922798160644,0.051164674129912345
2012-03-09,0.00040992007132726314,False,0.05990135228511042,0.07502198863870317,0.035547922798160644,0.051164674129912345
2012-03-12,-0.010298752200574473,False,0.05990135228511042,0.07502198863870317,0.035547922798160644,0.051164674129912345
2012-03-13,-0.009569451016150672,False,0.05990135228511042,0.07502198863870317,0.035547922798160644,0.051164674129912345
2012-03-14,-0.02197890671877523,False,0.05990135228511042,0.07502198863870317,0.035547922798160644,0.051164674129912345
2012-03-15,-0.03744451375202548,False,0.05990135228511042,0.07502198863870317,0.035547922798160644,0.051164674129912345
2012-03-16,0.0008869180182279546,False,0.05990135228511042,0.07502198863870317,0.0355603550830486,0.051202410297061976
2012-03-19,0.014521707334617195,False,0.05990135228511042,0.07502198863870317,0.0355603550830486,0.051202410297061976
2012-03-20,0.035618440165049295,False,0.05990135228511042,0.07502198863870317,0.0355603550830486,0.051202410297061976
2012-03-21,-0.005495680709941001,False,0.05990135228511042,0.07502198863870317,0.0355603550830486,0.051202410297061976
2012-03-22,-0.031871776079369925,False,0.05990135228511042,0.07502198863870317,0.0355603550830486,0.051202410297061976
2012-03-23,0.009581954845448536,False,0.05990135228511042,0.07502198863870317,0.0355603550830486,0.051202410297061976
2012-03-26,0.010349380862003512,False,0.05990135228511042,0.07502198863870317,0.0355603550830486,0.051202410297061976
2012-03-27,0.010667905735720221,False,0.05990135228511042,0.07502198863870317,0.0355603550830486,0.051202410297061976
2012-03-28,-0.02623242227683179,False,0.05990135228511042,0.07502198863870317,0.0355603550830486,0.051202410297061976
2012-03-29,-0.03187520853044895,False,0.05990135228511042,0.07502198863870317,0.0355603550830486,0.051202410297061976
2012-03-30,-0.0018009910316026765,False,0.05990135228511042,0.07502198863870317,0.0355603550830486,0.051202410297061976
2012-04-02,-0.014525902255826085,False,0.05990135228511042,0.07502198863870317,0.0355603550830486,0.051202410297061976
2012-04-03,-0.020324025203190817,False,0.05990135228511042,0.07502198863870317,0.0355603550830486,0.051202410297061976
2012-04-04,-0.028397554212605012,False,0.05990135228511042,0.07502198863870317,0.0355603550830486,0.051202410297061976
2012-04-10,-0.021093783059799594,False,0.05990135228511042,0.07502198863870317,0.0355603550830486,0.051202410297061976
2012-04-11,0.018719049101246353,False,0.05990135228511042,0.07502198863870317,0.0355603550830486,0.051202410297061976
2012-04-12,0.026743324975510893,False,0.05990135228511042,0.07502198863870317,0.0355603550830486,0.051202410297061976
2012-04-13,0.03993271033537101,False,0.05990135228511042,0.07502198863870317,0.0355603550830486,0.051202410297061976
2012-04-16,0.022868190903659345,False,0.05990135228511042,0.07502198863870317,0.0355603550830486,0.051202410297061976
2012-04-17,0.008226935338290525,False,0.05990135228511042,0.07502198863870317,0.0355603550830486,0.051202410297061976
2012-04-18,-0.01564569072573611,False,0.05990135228511042,0.07502198863870317,0.0355603550830486,0.051202410297061976
2012-04-19,-0.011010901820188237,False,0.05990135228511042,0.07502198863870317,0.035547922798160644,0.05076807782514908
2012-04-20,0.017994780053574255,False,0.05990135228511042,0.07502198863870317,0.035547922798160644,0.05076807782514908
2012-04-23,-0.02376872458682683,False,0.05990135228511042,0.07502198863870317,0.035547922798160644,0.05076807782514908
2012-04-24,0.03501451784510205,False,0.05990135228511042,0.07502198863870317,0.035547922798160644,0.05076807782514908
2012-04-25,-0.009941728739628728,False,0.05990135228511042,0.07502198863870317,0.035547922798160644,0.05076807782514908
2012-04-26,0.010801574020463847,False,0.05990135228511042,0.07502198863870317,0.035547922798160644,0.05076807782514908
2012-04-27,0.015775215223697105,False,0.05990135228511042,0.07502198863870317,0.035547922798160644,0.05076807782514908
2012-04-30,-0.04366373289245147,False,0.05990135228511042,0.07502198863870317,0.035547922798160644,0.05076807782514908
2012-05-01,0.04154643377413756,False,0.05990135228511042,0.07502198863870317,0.0355603550830486,0.05093019837510724
2012-05-02,0.005495680709941121,False,0.05990135228511042,0.07502198863870317,0.0355603550830486,0.05093019837510724
2012-05-03,-0.01700721264723311,False,0.05990135228511042,0.07502198863870317,0.0355603550830486,0.05093019837510724
2012-05-04,-0.008613317678114947,False,0.05990135228511042,0.07502198863870317,0.0355603550830486,0.05093019837510724
2012-05-07,0.028146847458458992,False,0.05990135228511042,0.07502198863870317,0.0355603550830486,0.05093019837510724
2012-05-08,-0.009294532479249766,False,0.05990135228511042,0.07502198863870317,0.0355603550830486,0.05093019837510724
2012-05-09,0.003389833754511524,False,0.05990135228511042,0.07502198863870317,0.0355603550830486,0.05093019837510724
2012-05-10,0.010938266399567438,False,0.05990135228511042,0.07502198863870317,0.0355603550830486,0.05093019837510724
2012-05-11,-0.007559884807940288,False,0.05990135228511042,0.07502198863870317,0.0355603550830486,0.05093019837510724
2012-05-14,-0.021735353843179043,False,0.05990135228511042,0.07502198863870317,0.0355603550830486,0.05093019837510724
2012-05-15,-0.01870026226730957,False,0.05990135228511042,0.07502198863870317,0.0355603550830486,0.05093019837510724
2012-05-16,0.006126933827502738,False,0.05990135228511042,0.07502198863870317,0.0355603550830486,0.05093019837510724
2012-05-17,-0.03011742246415724,False,0.05990135228511042,0.07502198863870317,0.0355603550830486,0.05093019837510724
2012-05-18,0.021793168482070132,False,0.05990135228511042,0.07502198863870317,0.0355603550830486,0.05093019837510724
2012-05-21,-0.015517934980672624,False,0.05990135228511042,0.07502198863870317,0.0355603550830486,0.05093019837510724
2012-05-22,-0.02671655392725072,False,0.05990135228511042,0.07502198863870317,0.0355603550830486,0.05093019837510724
2012-05-23,-0.025564952582790373,False,0.05990135228511042,0.07502198863870317,0.0355603550830486,0.05093019837510724
2012-05-24,-0.008985636245347699,False,0.05990135228511042,0.07502198863870317,0.0355603550830486,0.05093019837510724
2012-05-30,-0.019139340210697395,False,0.05990135228511042,0.07502198863870317,0.0355603550830486,0.05093019837510724
2012-05-31,0.0062605550015571755,False,0.05990135228511042,0.07502198863870317,0.0355603550830486,0.05093019837510724
2012-06-01,-0.009647928189720134,False,0.05990135228511042,0.07502198863870317,0.0355603550830486,0.05093019837510724
2012-06-04,0.014914878359230447,False,0.05990135228511042,0.07502198863870317,0.0355603550830486,0.05093019837510724
2012-06-05,0.03242003452257665,False,0.05990135228511042,0.07502198863870317,0.0355603550830486,0.05093019837510724
2012-06-06,0.01832392084928442,False,0.05990135228511042,0.07502198863870317,0.0355603550830486,0.05093019837510724
2012-06-07,0.010386185033147123,False,0.05990135228511042,0.07502198863870317,0.0355603550830486,0.05093019837510724
2012-06-08,-0.0117488924890829,False,0.05990135228511042,0.07502198863870317,0.0355603550830486,0.05093019837510724
2012-06-11,-0.0013645669617969943,False,0.05990135228511042,0.07502198863870317,0.0355603550830486,0.05093019837510724
2012-06-12,0.023392879574705375,False,0.05990135228511042,0.07502198863870317,0.0355603550830486,0.05093019837510724
2012-06-13,0.0035508248582200932,False,0.05990135228511042,0.07502198863870317,0.0355603550830486,0.05093019837510724
2012-06-14,-0.014279582217195158,False,0.05990135228511042,0.07502198863870317,0.0355603550830486,0.05093019837510724
2012-06-15,-0.002700271667746648,False,0.05990135228511042,0.07502198863870317,0.0355603550830486,0.05093019837510724
2012-06-18,-0.020487855251439167,False,0.05990135228511042,0.07502198863870317,0.0355603550830486,0.05093019837510724
2012-06-19,0.02543279677300972,False,0.05990135228511042,0.07502198863870317,0.0355603550830486,0.05093019837510724
2012-06-20,-0.028657862917805383,False,0.05990135228511042,0.07502198863870317,0.0355603550830486,0.05093019837510724
2012-06-21,-0.017221742832888274,False,0.05990135228511042,0.07502198863870317,0.0355603550830486,0.05093019837510724
2012-06-22,-0.01704586727298861,False,0.05990135228511042,0.07502198863870317,0.0355603550830486,0.05093019837510724
2012-06-25,-0.0033484843532813713,False,0.05990135228511042,0.07502198863870317,0.0355603550830486,0.05093019837510724
2012-06-26,0.029274989565309623,False,0.05990135228511042,0.07502198863870317,0.0355603550830486,0.05093019837510724
2012-06-27,0.0352036351929797,False,0.05990135228511042,0.07502198863870317,0.0355603550830486,0.05093019837510724
2012-06-28,0.0,False,0.05990135228511042,0.07502198863870317,0.0355603550830486,0.05093019837510724
2012-06-29,0.027908788117076658,False,0.05990135228511042,0.07502198863870317,0.0355603550830486,0.05093019837510724
2012-07-02,-0.003062789530545767,False,0.05990135228511042,0.07502198863870317,0.0355603550830486,0.05093019837510724
2012-07-06,-0.03199922372334237,False,0.05990135228511042,0.07502198863870317,0.0355603550830486,0.05093019837510724
2012-07-09,0.029407429615913423,False,0.05990135228511042,0.07502198863870317,0.035547922798160644,0.05052969583596718
2012-07-10,-0.005203827875026998,False,0.05990135228511042,0.07502198863870317,0.035547922798160644,0.05052969583596718
2012-07-11,-0.006105557562485147,False,0.05990135228511042,0.07502198863870317,0.035547922798160644,0.05052969583596718
2012-07-12,-0.04564550748996026,False,0.05990135228511042,0.07502198863870317,0.035547922798160644,0.05052969583596718
2012-07-13,0.011834457647002798,False,0.05990135228511042,0.07502198863870317,0.0355603550830486,0.05073145187787549
2012-07-16,-0.005899722127188271,False,0.05990135228511042,0.07502198863870317,0.0355603550830486,0.05073145187787549
2012-07-17,-0.0009107468753384797,False,0.05990135228511042,0.07502198863870317,0.0355603550830486,0.05073145187787549
2012-07-18,0.004091844763533311,False,0.05990135228511042,0.07502198863870317,0.0355603550830486,0.05073145187787549
2012-07-19,0.011727694181359343,False,0.05990135228511042,0.07502198863870317,0.0355603550830486,0.05073145187787549
2012-07-20,-0.0004485310682956321,False,0.05990135228511042,0.07502198863870317,0.0355603550830486,0.05073145187787549
2012-07-23,0.004029555486001642,False,0.05990135228511042,0.07502198863870317,0.0355603550830486,0.05073145187787549
2012-07-24,-0.013042685451753414,False,0.05990135228511042,0.07502198863870317,0.0355603550830486,0.05073145187787549
2012-07-25,0.009461661034047308,False,0.05990135228511042,0.07502198863870317,0.0355603550830486,0.05073145187787549
2012-07-26,0.037839974238721354,False,0.05990135228511042,0.07502198863870317,0.0355603550830486,0.05073145187787549
2012-07-27,0.006026707866860335,False,0.05990135228511042,0.07502198863870317,0.0355603550830486,0.05073145187787549
2012-07-30,0.004709920931164412,False,0.05990135228511042,0.07502198863870317,0.0355603550830486,0.05073145187787549
2012-07-31,0.01484021299162486,False,0.05990135228511042,0.07502198863870317,0.0355603550830486,0.05073145187787549
2012-08-01,0.01046691573871775,False,0.05990135228511042,0.07502198863870317,0.0355603550830486,0.05073145187787549
2012-08-02,-0.013417392062467764,False,0.05990135228511042,0.07502198863870317,0.0355603550830486,0.05073145187787549
2012-08-03,0.012167131428674201,False,0.05990135228511042,0.07502198863870317,0.0355603550830486,0.05073145187787549
2012-08-06,0.0,False,0.05990135228511042,0.07502198863870317,0.0355603550830486,0.05073145187787549
2012-08-07,0.020227727855212155,False,0.05990135228511042,0.07502198863870317,0.0355603550830486,0.05073145187787549
2012-08-08,0.006517334677866347,False,0.05990135228511042,0.07502198863870317,0.0355603550830486,0.05073145187787549
2012-08-09,0.0,False,0.05990135228511042,0.07502198863870317,0.0355603550830486,0.05073145187787549
2012-08-10,-0.0069260818734202725,False,0.05990135228511042,0.07502198863870317,0.0355603550830486,0.05073145187787549
2012-08-13,-0.02399784173462491,False,0.05990135228511042,0.07502198863870317,0.0355603550830486,0.05073145187787549
2012-08-14,0.017435061822101347,False,0.05990135228511042,0.07502198863870317,0.0355603550830486,0.05073145187787549
2012-08-15,-0.00041160733242167496,False,0.05990135228511042,0.07502198863870317,0.0355603550830486,0.05073145187787549
2012-08-16,-0.0020605818129674153,False,0.05990135228511042,0.07502198863870317,0.0355603550830486,0.05073145187787549
2012-08-17,0.02565809661419951,False,0.05990135228511042,0.07502198863870317,0.0355603550830486,0.05073145187787549
2012-08-20,-0.008885357326614229,False,0.05990135228511042,0.07502198863870317,0.0355603550830486,0.05073145187787549
2012-08-21,0.0032401810446258334,False,0.05990135228511042,0.07502198863870317,0.0355603550830486,0.05073145187787549
2012-08-22,-0.021664448370684087,False,0.05990135228511042,0.07502198863870317,0.0355603550830486,0.05073145187787549
2012-08-23,0.0020639842208514275,False,0.05990135228511042,0.07502198863870317,0.0355603550830486,0.05073145187787549
2012-08-24,0.004936250253622592,False,0.05990135228511042,0.07502198863870317,0.0355603550830486,0.05073145187787549
2012-08-27,0.03269716097908623,False,0.05990135228511042,0.07502198863870317,0.0355603550830486,0.05073145187787549
2012-08-28,0.037416679579874774,False,0.05990135228511042,0.07502198863870317,0.0355603550830486,0.05073145187787549
2012-08-29,0.0019109503235446063,False,0.05990135228511042,0.07502198863870317,0.0355603550830486,0.05073145187787549
2012-08-30,0.008743640574558627,False,0.05990135228511042,0.07502198863870317,0.0355603550830486,0.05073145187787549
2012-09-05,0.04194833795803422,False,0.05990135228511042,0.07502198863870317,0.0355603550830486,0.05073145187787549
2012-09-06,0.01542447032563173,False,0.05990135228511042,0.07502198863870317,0.0355603550830486,0.05073145187787549
2012-09-07,-0.007315321576372882,False,0.05990135228511042,0.07502198863870317,0.0355603550830486,0.05073145187787549
2012-09-10,-0.010332195237205301,False,0.05990135228511042,0.07502198863870317,0.0355603550830486,0.05073145187787549
2012-09-11,-0.008193714370309198,False,0.05990135228511042,0.07502198863870317,0.0355603550830486,0.05073145187787549
2012-09-12,0.0007476635862306695,False,0.05990135228511042,0.07502198863870317,0.0355603550830486,0.05073145187787549
2012-09-13,-0.005997019472374291,False,0.05990135228511042,0.07502198863870317,0.0355603550830486,0.05073145187787549
2012-09-14,-0.006789916693474136,False,0.05990135228511042,0.07502198863870317,0.0355603550830486,0.05073145187787549
2012-09-17,-0.02219762017977812,False,0.05990135228511042,0.07502198863870317,0.0355603550830486,0.05073145187787549
2012-09-18,-0.020329081638425672,False,0.05990135228511042,0.07502198863870317,0.0355603550830486,0.05073145187787549
2012-09-19,0.002366865010266244,False,0.05990135228511042,0.07502198863870317,0.0355603550830486,0.05073145187787549
2012-09-20,-0.007514371921722733,False,0.05990135228511042,0.07502198863870317,0.0355603550830486,0.05073145187787549
2012-09-21,0.0007936508353095939,False,0.05990135228511042,0.07502198863870317,0.0355603550830486,0.05073145187787549
2012-09-24,-0.030201610940802162,False,0.05990135228511042,0.07502198863870317,0.0355603550830486,0.05073145187787549
2012-09-25,0.015013469261048932,False,0.05990135228511042,0.07502198863870317,0.0355603550830486,0.05073145187787549
2012-09-26,-0.005654296162987103,False,0.05990135228511042,0.07502198863870317,0.0355603550830486,0.05073145187787549
2012-09-27,0.00525147641937305,False,0.05990135228511042,0.07502198863870317,0.0355603550830486,0.05073145187787549
2012-09-28,0.013605652055778678,False,0.05990135228511042,0.07502198863870317,0.0355603550830486,0.05073145187787549
2012-10-01,-0.026582314281558474,False,0.05990135228511042,0.07502198863870317,0.0355603550830486,0.05073145187787549
2012-10-02,0.010152371464017908,False,0.05990135228511042,0.07502198863870317,0.0355603550830486,0.05073145187787549
2012-10-03,-0.024127115948085153,False,0.059698919425689854,0.07483266395215556,0.035547922798160644,0.050206856230452755
2012-10-04,-0.008730049209689932,False,0.059698919425689854,0.07483266395215556,0.035455298578660414,0.049972746691935174
2012-10-05,-0.0054427599297701525,False,0.059698919425689854,0.07483266395215556,0.035455298578660414,0.049972746691935174
2012-10-08,-0.00041990342838260923,False,0.05750715686327394,0.07110934607645648,0.035374004220627704,0.04874315320153219
2012-10-09,0.015006534216620272,False,0.05750715686327394,0.07110934607645648,0.035374004220627704,0.04874315320153219
2012-10-10,-0.01879362058586695,False,0.05750715686327394,0.07110934607645648,0.035374004220627704,0.04874315320153219
2012-10-11,-0.008892711577546572,False,0.05750715686327394,0.07110934607645648,0.035374004220627704,0.04874315320153219
2012-10-12,0.006359995998262531,False,0.05750715686327394,0.07110934607645648,0.035374004220627704,0.04874315320153219
2012-10-15,-0.005084756718110102,False,0.05750715686327394,0.07110934607645648,0.035374004220627704,0.04874315320153219
2012-10-16,0.026824743354516036,False,0.05750715686327394,0.07110934607645648,0.035374004220627704,0.04874315320153219
2012-10-17,-0.013741627852296353,False,0.05750715686327394,0.07110934607645648,0.035374004220627704,0.04874315320153219
2012-10-18,0.021978906718775167,False,0.05750715686327394,0.07110934607645648,0.035374004220627704,0.04874315320153219
2012-10-19,0.020702992326375236,False,0.05750715686327394,0.07110934607645648,0.035374004220627704,0.04874315320153219
2012-10-22,0.010789315452739185,False,0.05750715686327394,0.07110934607645648,0.035374004220627704,0.04874315320153219
2012-10-23,-0.007179927134808118,False,0.05750715686327394,0.07110934607645648,0.035374004220627704,0.04874315320153219
2012-10-24,-0.04043842784582837,False,0.05750715686327394,0.07110934607645648,0.035374004220627704,0.04874315320153219
2012-10-25,0.0012497398002342531,False,0.05750715686327394,0.07110934607645648,0.035455298578660414,0.04884291274408187
2012-10-26,-0.007941525541186713,False,0.05750715686327394,0.07110934607645648,0.035455298578660414,0.04884291274408187
2012-10-31,0.0020959974137504853,False,0.05750715686327394,0.07110934607645648,0.035455298578660414,0.04884291274408187
2012-11-01,0.013311344638239287,False,0.05750715686327394,0.07110934607645648,0.035455298578660414,0.04884291274408187
2012-11-02,0.011095244291939687,False,0.05750715686327394,0.07110934607645648,0.035455298578660414,0.04884291274408187
2012-11-05,-0.0012267431511856974,False,0.05750715686327394,0.07110934607645648,0.035455298578660414,0.04884291274408187
2012-11-06,0.007337986452912791,False,0.05750715686327394,0.07110934607645648,0.035455298578660414,0.04884291274408187
2012-11-07,-0.02592204390470424,False,0.05750715686327394,0.07110934607645648,0.035455298578660414,0.04884291274408187
2012-11-08,-0.026183928300836566,False,0.05750715686327394,0.07110934607645648,0.035455298578660414,0.04884291274408187
2012-11-09,0.008945746558458267,False,0.05750715686327394,0.07110934607645648,0.035455298578660414,0.04884291274408187
2012-11-12,0.009706765389546493,False,0.05750715686327394,0.07110934607645648,0.035455298578660414,0.04884291274408187
2012-11-13,0.005862663358152919,False,0.05750715686327394,0.07110934607645648,0.035455298578660414,0.04884291274408187
2012-11-14,0.0300248751802628,False,0.05750715686327394,0.07110934607645648,0.035455298578660414,0.04884291274408187
2012-11-15,0.01368230600157806,False,0.05750715686327394,0.07110934607645648,0.035455298578660414,0.04884291274408187
2012-11-16,-0.018149318505677334,False,0.05750715686327394,0.07110934607645648,0.035455298578660414,0.04884291274408187
2012-11-19,0.009720611170621856,False,0.05750715686327394,0.07110934607645648,0.035455298578660414,0.04884291274408187
2012-11-20,0.010026151764212624,False,0.0555151838467845,0.07110934607645648,0.035374004220627704,0.04840222100292433
2012-11-26,-0.009411834182346595,False,0.0555151838467845,0.07110934607645648,0.035374004220627704,0.04840222100292433
2012-11-27,-0.014285957247476541,False,0.0555151838467845,0.07110934607645648,0.035374004220627704,0.04840222100292433
2012-11-28,0.00239521072595485,False,0.0555151838467845,0.07110934607645648,0.035374004220627704,0.04840222100292433
2012-11-29,0.0071514011576250865,False,0.0555151838467845,0.07110934607645648,0.035374004220627704,0.04840222100292433
2012-11-30,0.004739345363896568,False,0.053807002278478025,0.0703138377731192,0.03524935768599067,0.04784106008026841
2012-12-03,0.009411834182346597,False,0.053807002278478025,0.0703138377731192,0.03524935768599067,0.04784106008026841
2012-12-04,-0.028103967194499164,False,0.053807002278478025,0.0703138377731192,0.035193184083074355,0.04747218473947478
2012-12-05,-0.012522886335771945,False,0.053807002278478025,0.0703138377731192,0.035193184083074355,0.04747218473947478
2012-12-06,0.005270638595007794,False,0.053807002278478025,0.0703138377731192,0.035193184083074355,0.04747218473947478
2012-12-07,-0.0008090615328061228,False,0.053807002278478025,0.0703138377731192,0.035193184083074355,0.04747218473947478
2012-12-10,-0.01714327698643754,False,0.053807002278478025,0.0703138377731192,0.035193184083074355,0.04747218473947478
2012-12-11,0.002056344545300084,False,0.053807002278478025,0.0703138377731192,0.035193184083074355,0.04747218473947478
2012-12-12,0.02274671591128089,False,0.053807002278478025,0.0703138377731192,0.035193184083074355,0.04747218473947478
2012-12-13,-0.015378692402651271,False,0.053807002278478025,0.0703138377731192,0.035193184083074355,0.04747218473947478
2012-12-14,-0.006957261539411843,False,0.053807002278478025,0.0703138377731192,0.035193184083074355,0.04747218473947478
2012-12-17,-0.004115232145106544,False,0.053807002278478025,0.0703138377731192,0.035193184083074355,0.04747218473947478
2012-12-18,-0.011613568937199217,False,0.053807002278478025,0.0703138377731192,0.035193184083074355,0.04747218473947478
2012-12-19,-0.016404153337068073,False,0.053807002278478025,0.0703138377731192,0.035193184083074355,0.04747218473947478
2012-12-20,-0.01280427224598774,False,0.053807002278478025,0.0703138377731192,0.035193184083074355,0.04747218473947478
2012-12-21,-0.006896579059060329,False,0.053807002278478025,0.0703138377731192,0.035193184083074355,0.04747218473947478
2012-12-27,-0.0035413936967586632,False,0.053807002278478025,0.0703138377731192,0.035193184083074355,0.04747218473947478
2012-12-28,-0.002664299977463062,False,0.053807002278478025,0.0703138377731192,0.035193184083074355,0.04747218473947478
2012-12-31,-0.005797117684325958,False,0.053807002278478025,0.0703138377731192,0.035193184083074355,0.04747218473947478
2013-01-02,0.010233682193013474,False,0.053807002278478025,0.0703138377731192,0.035193184083074355,0.04747218473947478
2013-01-03,-0.001328903850053752,False,0.053807002278478025,0.0703138377731192,0.035193184083074355,0.04747218473947478
2013-01-04,-0.01608613775162438,False,0.053807002278478025,0.0703138377731192,0.035193184083074355,0.04747218473947478
2013-01-07,0.02095017564120376,False,0.053807002278478025,0.0703138377731192,0.035193184083074355,0.04747218473947478
2013-01-08,-0.02320496802829303,False,0.053807002278478025,0.0703138377731192,0.035193184083074355,0.04747218473947478
2013-01-09,0.003605231484960557,False,0.053807002278478025,0.0703138377731192,0.035193184083074355,0.04747218473947478
2013-01-10,0.020481570815645122,False,0.053807002278478025,0.0703138377731192,0.035193184083074355,0.04747218473947478
2013-01-11,-0.005745872161892243,False,0.053807002278478025,0.0703138377731192,0.035193184083074355,0.04747218473947478
2013-01-14,0.004864037889579409,False,0.053807002278478025,0.0703138377731192,0.035193184083074355,0.04747218473947478
2013-01-15,0.0013224599679194165,False,0.053807002278478025,0.0703138377731192,0.035193184083074355,0.04747218473947478
2013-01-16,-0.006186497857498847,False,0.053807002278478025,0.0703138377731192,0.035193184083074355,0.04747218473947478
2013-01-17,0.019315789299291487,False,0.053807002278478025,0.0703138377731192,0.035193184083074355,0.04747218473947478
2013-01-23,0.0009033424281864037,False,0.053807002278478025,0.0703138377731192,0.035193184083074355,0.04747218473947478
2013-01-24,-0.009070356969964265,False,0.053807002278478025,0.0703138377731192,0.035193184083074355,0.04747218473947478
2013-01-25,-0.010073345252842099,False,0.053807002278478025,0.0703138377731192,0.035193184083074355,0.04747218473947478
2013-01-28,-0.0055376237495436895,False,0.053807002278478025,0.0703138377731192,0.035193184083074355,0.04747218473947478
2013-01-29,0.015610969002385853,False,0.053807002278478025,0.0703138377731192,0.035193184083074355,0.04747218473947478
2013-01-30,-0.007315990564651797,False,0.053807002278478025,0.0703138377731192,0.035193184083074355,0.04747218473947478
2013-01-31,0.011861452936326542,False,0.053807002278478025,0.0703138377731192,0.035193184083074355,0.04747218473947478
2013-02-01,0.0,False,0.053807002278478025,0.0703138377731192,0.035193184083074355,0.04747218473947478
2013-02-04,-0.005913139813040162,False,0.053807002278478025,0.0703138377731192,0.035193184083074355,0.04747218473947478
2013-02-05,0.02433648723048232,False,0.05186625053401146,0.06962637238386454,0.03491725618268154,0.04696269940417085
2013-02-06,-0.010293221334191928,False,0.05186625053401146,0.06962637238386454,0.03454545204675674,0.04677327499649974
2013-02-07,0.006724974907673916,False,0.05186625053401146,0.06962637238386454,0.03454545204675674,0.04677327499649974
2013-02-08,-0.002684565370668987,False,0.05186625053401146,0.06962637238386454,0.03454545204675674,0.04677327499649974
2013-02-11,-0.026329255820046856,False,0.05186625053401146,0.06962637238386454,0.03454545204675674,0.04677327499649974
2013-02-12,0.0022972672634651212,False,0.05186625053401146,0.06962637238386454,0.03454545204675674,0.04677327499649974
2013-02-13,-0.01665933947104286,False,0.05186625053401146,0.06962637238386454,0.03454545204675674,0.04677327499649974
2013-02-14,-0.006554330580097544,False,0.05186625053401146,0.06962637238386454,0.03454545204675674,0.04677327499649974
2013-02-20,-0.0009398496932422736,False,0.05186625053401146,0.06962637238386454,0.03454545204675674,0.04677327499649974
2013-02-21,0.007494180273339816,False,0.05186625053401146,0.06962637238386454,0.03454545204675674,0.04677327499649974
2013-02-22,0.008364361033308954,False,0.05186625053401146,0.06962637238386454,0.03454545204675674,0.04677327499649974
2013-02-25,-0.00789783431619342,False,0.05186625053401146,0.06962637238386454,0.03454545204675674,0.04677327499649974
2013-02-26,-0.008430963288799408,False,0.051248455197338706,0.06743619576851535,0.03432532968955832,0.045988836144016484
2013-02-27,0.007497692105800935,False,0.051248455197338706,0.06743619576851535,0.03432532968955832,0.045988836144016484
2013-02-28,0.0018656721829496967,False,0.051248455197338706,0.06743619576851535,0.03432532968955832,0.045988836144016484
2013-03-01,-0.030276674015729636,False,0.051248455197338706,0.06743619576851535,0.03432532968955832,0.045988836144016484
2013-03-04,-0.013053122244579217,False,0.051248455197338706,0.06743619576851535,0.033624697676827554,0.04596612181733813
2013-03-05,0.010167117355444242,False,0.051248455197338706,0.06743619576851535,0.033624697676827554,0.04596612181733813
2013-03-06,-0.014556297774207487,False,0.051248455197338706,0.06743619576851535,0.033624697676827554,0.04596612181733813
2013-03-07,0.008759180089881554,False,0.051248455197338706,0.06743619576851535,0.033624697676827554,0.04596612181733813
2013-03-08,0.026298431666845656,False,0.051248455197338706,0.06743619576851535,0.033624697676827554,0.04596612181733813
2013-03-11,0.004708106625180459,False,0.051248455197338706,0.06743619576851535,0.033624697676827554,0.04596612181733813
2013-03-12,0.013992765621327785,False,0.051248455197338706,0.06743619576851535,0.033624697676827554,0.04596612181733813
2013-03-13,-0.005107974886052005,False,0.051248455197338706,0.06743619576851535,0.033624697676827554,0.04596612181733813
2013-03-14,-0.008415196925284472,False,0.051248455197338706,0.06743619576851535,0.033624697676827554,0.04596612181733813
2013-03-15,-0.007067167223092443,False,0.051248455197338706,0.06743619576851535,0.033624697676827554,0.04596612181733813
2013-03-18,-0.012848142477849024,False,0.051248455197338706,0.06743619576851535,0.033624697676827554,0.04596612181733813
2013-03-19,0.005254370818103639,False,0.051248455197338706,0.06743619576851535,0.033624697676827554,0.04596612181733813
2013-03-20,0.024936601461042145,False,0.051248455197338706,0.06743619576851535,0.033624697676827554,0.04596612181733813
2013-03-21,0.006484506279260935,False,0.051248455197338706,0.06743619576851535,0.033624697676827554,0.04596612181733813
2013-03-22,-0.0032369970461285365,False,0.051248455197338706,0.06743619576851535,0.032500681225346204,0.045939831982824426
2013-03-25,-0.013523171811336599,False,0.051248455197338706,0.06743619576851535,0.032500681225346204,0.045939831982824426
2013-03-26,0.007483664487173048,False,0.051248455197338706,0.06743619576851535,0.032500681225346204,0.045939831982824426
2013-03-27,0.001862197931064621,False,0.051248455197338706,0.06743619576851535,0.032500681225346204,0.045939831982824426
2013-04-02,-0.005970166986503796,False,0.051248455197338706,0.06743619576851535,0.032500681225346204,0.045939831982824426
2013-04-03,-0.009720048756583404,False,0.051248455197338706,0.06743619576851535,0.032500681225346204,0.045939831982824426
2013-04-04,-0.004194832532025684,False,0.051248455197338706,0.06743619576851535,0.032500681225346204,0.045939831982824426
2013-04-05,-0.004212503303947625,False,0.051248455197338706,0.06743619576851535,0.032500681225346204,0.045939831982824426
2013-04-08,0.024555322243955454,False,0.051248455197338706,0.06743619576851535,0.032500681225346204,0.045939831982824426
2013-04-09,0.015440815402903431,False,0.051248455197338706,0.06743619576851535,0.032500681225346204,0.045939831982824426
2013-04-10,-0.0022558096640117814,False,0.04955628495771205,0.06553868531778897,0.03238775818208569,0.04518435034837141
2013-04-11,0.008992866360563807,False,0.04955628495771205,0.06553868531778897,0.03238775818208569,0.04518435034837141
2013-04-12,0.012013492648823754,False,0.04955628495771205,0.06553868531778897,0.03238775818208569,0.04518435034837141
2013-04-15,-0.00799293775776154,False,0.04955628495771205,0.06553868531778897,0.03238775818208569,0.04518435034837141
2013-04-16,0.02248276316910763,False,0.04955628495771205,0.06553868531778897,0.03238775818208569,0.04518435034837141
2013-04-17,0.0021772270738655403,False,0.04955628495771205,0.06553868531778897,0.03238775818208569,0.04518435034837141
2013-04-18,0.0047732787526575905,False,0.04955628495771205,0.06553868531778897,0.03238775818208569,0.04518435034837141
2013-04-19,0.0038885337396923746,False,0.04955628495771205,0.06553868531778897,0.03238301286089634,0.045160279306861756
2013-04-22,-0.008661812492350146,False,0.04955628495771205,0.06553868531778897,0.03238301286089634,0.045160279306861756
2013-04-23,0.007367313929704382,False,0.04955628495771205,0.06553868531778897,0.03201840840385429,0.04505577205519017
2013-04-24,0.0025873235649509544,False,0.04955628495771205,0.06553868531778897,0.03201840840385429,0.04505577205519017
2013-04-25,0.015808917149838227,False,0.04955628495771205,0.06553868531778897,0.03201840840385429,0.04505577205519017
2013-04-26,0.0021172991183137494,False,0.04955628495771205,0.06553868531778897,0.03188140929009362,0.0447550329967112
2013-04-29,-0.012343208422991178,False,0.04955628495771205,0.06553868531778897,0.03187194770192388,0.04468032318402752
2013-04-30,0.01403382590089872,False,0.04955628495771205,0.06553868531778897,0.03187194770192388,0.04468032318402752
2013-05-01,0.019653570082776815,False,0.04955628495771205,0.06553868531778897,0.03187194770192388,0.04468032318402752
2013-05-02,-0.0004141644291962591,False,0.04955628495771205,0.06553868531778897,0.03187194770192388,0.04468032318402752
2013-05-03,-0.004151106002378575,False,0.04955628495771205,0.06553868531778897,0.03187194770192388,0.04468032318402752
2013-05-06,-0.005840650729541842,False,0.04955628495771205,0.06553868531778897,0.03187194770192388,0.04468032318402752
2013-05-07,-0.0025136167403160123,False,0.04955628495771205,0.06553868531778897,0.03187194770192388,0.04468032318402752
2013-05-08,-0.0020995178822826787,False,0.04955628495771205,0.06553868531778897,0.03187194770192388,0.04468032318402752
2013-05-09,-0.018240166354840028,False,0.04955628495771205,0.06553868531778897,0.03187194770192388,0.04468032318402752
2013-05-10,-0.016400885539416668,False,0.04955628495771205,0.06553868531778897,0.03187194770192388,0.04468032318402752
2013-05-13,0.007370508111633513,False,0.04955628495771205,0.06553868531778897,0.03187194770192388,0.04468032318402752
2013-05-14,0.01159557763732816,False,0.04955628495771205,0.06553868531778897,0.03187194770192388,0.04468032318402752
2013-05-15,-0.0038502721362327044,False,0.04955628495771205,0.06553868531778897,0.03107935771615859,0.044482231938018764
2013-05-16,-0.016857974332113917,False,0.04955628495771205,0.06553868531778897,0.03107935771615859,0.044482231938018764
2013-05-17,0.002612104227924961,False,0.04955628495771205,0.06553868531778897,0.03107935771615859,0.044482231938018764
2013-05-20,0.0004346881181248389,False,0.04955628495771205,0.06553868531778897,0.03107935771615859,0.044482231938018764
2013-05-21,0.018941590845013807,False,0.04955628495771205,0.06553868531778897,0.03107935771615859,0.044482231938018764
2013-05-22,-0.012012156448003545,False,0.04955628495771205,0.06553868531778897,0.03107935771615859,0.044482231938018764
2013-05-23,-0.014782877902580715,False,0.04955628495771205,0.06553868531778897,0.03107935771615859,0.044482231938018764
2013-05-29,0.0022650066308520615,False,0.04955628495771205,0.06553868531778897,0.03107935771615859,0.044482231938018764
2013-05-30,0.0004523863456477932,False,0.04955628495771205,0.06553868531778897,0.03107935771615859,0.044482231938018764
2013-05-31,-0.009086841261979731,False,0.04955628495771205,0.06553868531778897,0.03107935771615859,0.044482231938018764
2013-06-03,0.024792795702922053,False,0.04955628495771205,0.06553868531778897,0.03107935771615859,0.044482231938018764
2013-06-04,0.016339511231406947,False,0.04955628495771205,0.06553868531778897,0.03107935771615859,0.044482231938018764
2013-06-05,0.010890981098194577,False,0.04955628495771205,0.06553868531778897,0.03107935771615859,0.044482231938018764
2013-06-06,0.02355064955891757,False,0.04955628495771205,0.06553868531778897,0.03107935771615859,0.044482231938018764
2013-06-07,0.00042310133908102915,False,0.04955628495771205,0.06553868531778897,0.03107935771615859,0.044482231938018764
2013-06-10,-0.0016934805063330315,False,0.04955628495771205,0.06553868531778897,0.03107935771615859,0.044482231938018764
2013-06-11,-0.0021208915691376244,False,0.04955628495771205,0.06553868531778897,0.03107935771615859,0.044482231938018764
2013-06-12,0.007192753667097946,False,0.04955628495771205,0.06553868531778897,0.03107935771615859,0.044482231938018764
2013-06-13,-0.027352132489625862,False,0.04955628495771205,0.06553868531778897,0.03107935771615859,0.044482231938018764
2013-06-14,-0.027230492329601685,False,0.04955628495771205,0.06553868531778897,0.03107935771615859,0.044482231938018764
2013-06-17,-0.01119331140396108,False,0.04955628495771205,0.06553868531778897,0.03107935771615859,0.044482231938018764
2013-06-18,0.016964692573575888,False,0.04955628495771205,0.06553868531778897,0.03107935771615859,0.044482231938018764
2013-06-19,-0.01023368219301352,False,0.04955628495771205,0.06553868531778897,0.03107935771615859,0.044482231938018764
2013-06-20,-0.029040153221163687,False,0.04955628495771205,0.06553868531778897,0.03107935771615859,0.044482231938018764
2013-06-21,-0.00046051117553424034,False,0.04955628495771205,0.06553868531778897,0.03107935771615859,0.044482231938018764
2013-06-24,-0.0009216590514174637,False,0.04955628495771205,0.06553868531778897,0.03107935771615859,0.044482231938018764
2013-06-25,0.010091828768592107,False,0.04955628495771205,0.06553868531778897,0.03107935771615859,0.044482231938018764
2013-06-26,-0.005033183812331846,False,0.04955628495771205,0.06553868531778897,0.03107935771615859,0.044482231938018764
2013-06-27,-0.0009178522902288858,False,0.04955628495771205,0.06553868531778897,0.03107935771615859,0.044482231938018764
2013-06-28,0.007319337342269702,False,0.04955628495771205,0.06553868531778897,0.03107935771615859,0.044482231938018764
2013-07-01,0.003185440691286154,False,0.04955628495771205,0.06553868531778897,0.03107935771615859,0.044482231938018764
2013-07-02,0.0009082652758814336,False,0.04955628495771205,0.06553868531778897,0.03107935771615859,0.044482231938018764
2013-07-03,0.021110148396122793,False,0.04955628495771205,0.06553868531778897,0.03107935771615859,0.044482231938018764
2013-07-05,-0.016129381929883644,False,0.04955628495771205,0.06553868531778897,0.03082590746613521,0.04414218543600183
2013-07-08,-0.015934778323962267,False,0.04955628495771205,0.06553868531778897,0.03082590746613521,0.04414218543600183
2013-07-09,0.00549200465084672,False,0.04955628495771205,0.06553868531778897,0.03082590746613521,0.04414218543600183
2013-07-10,-0.003657983045522579,False,0.04955628495771205,0.06553868531778897,0.03082590746613521,0.04414218543600183
2013-07-11,0.027559910092643025,False,0.04955628495771205,0.06553868531778897,0.03082590746613521,0.04414218543600183
2013-07-12,-0.0013377928416599422,False,0.04955628495771205,0.06553868531778897,0.03082590746613521,0.04414218543600183
2013-07-15,-0.00671594196543683,False,0.04955628495771205,0.06553868531778897,0.030303578467143648,0.04413772766715171
2013-07-16,0.030090765853825946,False,0.04955628495771205,0.06553868531778897,0.030303578467143648,0.04413772766715171
2013-07-17,0.002612104227924961,False,0.04955628495771205,0.06553868531778897,0.030205364094548534,0.044030509088600914
2013-07-18,0.02022879393378249,False,0.04955628495771205,0.06553868531778897,0.030205364094548534,0.044030509088600914
2013-07-19,0.007217182674965262,False,0.04955628495771205,0.06553868531778897,0.030205364094548534,0.044030509088600914
2013-07-22,-0.006791197578001733,False,0.04955628495771205,0.06553868531778897,0.030205364094548534,0.044030509088600914
2013-07-23,0.0046738984596879935,False,0.04955628495771205,0.06553868531778897,0.030205364094548534,0.044030509088600914
2013-07-24,0.00042381861198062754,False,0.04955628495771205,0.06553868531778897,0.030205364094548534,0.044030509088600914
2013-07-25,-0.005523702168632292,False,0.04955628495771205,0.06553868531778897,0.030205364094548534,0.044030509088600914
2013-07-26,-0.0059829238295935104,False,0.04955628495771205,0.06553868531778897,0.030205364094548534,0.044030509088600914
2013-07-29,-0.02297955007294347,False,0.04955628495771205,0.06553868531778897,0.030205364094548534,0.044030509088600914
2013-07-30,0.0030654720742946395,False,0.04955628495771205,0.06553868531778897,0.030205364094548534,0.044030509088600914
2013-07-31,0.004798264385919742,False,0.04955628495771205,0.06553868531778897,0.030205364094548534,0.044030509088600914
2013-08-01,0.0013046316266649492,False,0.04955628495771205,0.06553868531778897,0.030205364094548534,0.044030509088600914
2013-08-02,-0.0043554075818703335,False,0.04955628495771205,0.06553868531778897,0.030205364094548534,0.044030509088600914
2013-08-05,0.031366696072493316,False,0.04955628495771205,0.06553868531778897,0.030205364094548534,0.044030509088600914
2013-08-06,0.004221196643624561,False,0.04955628495771205,0.06553868531778897,0.030205364094548534,0.044030509088600914
2013-08-07,0.028241079501036652,False,0.04955628495771205,0.06553868531778897,0.030205364094548534,0.044030509088600914
2013-08-08,0.0097800290536397,False,0.04955628495771205,0.06553868531778897,0.030205364094548534,0.044030509088600914
2013-08-09,-0.0012172856037517487,False,0.04955628495771205,0.06553868531778897,0.030205364094548534,0.044030509088600914
2013-08-12,0.004051869400878319,False,0.04955628495771205,0.06553868531778897,0.030121631887989483,0.04381280410536652
2013-08-13,-0.018364115342027327,False,0.04955628495771205,0.06553868531778897,0.030121631887989483,0.04381280410536652
2013-08-14,0.011466137087644225,False,0.04955628495771205,0.06553868531778897,0.030121631887989483,0.04381280410536652
2013-08-15,-0.008176660437245444,False,0.04955628495771205,0.06553868531778897,0.030121631887989483,0.04381280410536652
2013-08-16,0.003687773079184836,False,0.04955628495771205,0.06553868531778897,0.030121631887989483,0.04381280410536652
2013-08-19,0.007740922744438099,False,0.04955628495771205,0.06553868531778897,0.030121631887989483,0.04381280410536652
2013-08-20,0.005262104835949153,False,0.04955628495771205,0.06553868531778897,0.030121631887989483,0.04381280410536652
2013-08-21,-0.023280610338627453,False,0.04955628495771205,0.06553868531778897,0.029884807176806003,0.04343482898646385
2013-08-22,0.0,False,0.04955628495771205,0.06553868531778897,0.0292635416738445,0.04304302309716028
2013-08-23,0.0028883865758692123,False,0.04955628495771205,0.06553868531778897,0.0292635416738445,0.04304302309716028
2013-08-26,0.008206857716070232,False,0.04955628495771205,0.06553868531778897,0.0292635416738445,0.04304302309716028
2013-08-27,-0.011095244291939593,False,0.04955628495771205,0.06553868531778897,0.0292635416738445,0.04304302309716028
2013-08-28,0.01761257896980574,False,0.04955628495771205,0.06553868531778897,0.0292635416738445,0.04304302309716028
2013-08-29,-0.002846108853504828,False,0.04839051758407423,0.061311855730488876,0.029049719952763252,0.04179150186916091
2013-09-04,0.032022440568406224,False,0.04839051758407423,0.061311855730488876,0.029049719952763252,0.04179150186916091
2013-09-05,0.028283104114561117,False,0.04839051758407423,0.061311855730488876,0.029049719952763252,0.04179150186916091
2013-09-06,-0.0007858546573390916,False,0.04839051758407423,0.061311855730488876,0.029049719952763252,0.04179150186916091
2013-09-09,-0.0071006215495763155,False,0.04839051758407423,0.061311855730488876,0.029049719952763252,0.04179150186916091
2013-09-10,0.0071006215495763685,False,0.04839051758407423,0.061311855730488876,0.029049719952763252,0.04179150186916091
2013-09-11,-0.00039315903789311326,False,0.04839051758407423,0.061311855730488876,0.029049719952763252,0.04179150186916091
2013-09-12,0.00783396094195155,False,0.04839051758407423,0.061311855730488876,0.029049719952763252,0.04179150186916091
2013-09-13,0.005059360860173085,False,0.04839051758407423,0.061311855730488876,0.029049719952763252,0.04179150186916091
2013-09-16,0.023024808398153674,False,0.04839051758407423,0.061311855730488876,0.029049719952763252,0.04179150186916091
2013-09-17,-0.008381001438230572,False,0.04839051758407423,0.061311855730488876,0.029049719952763252,0.04179150186916091
2013-09-18,0.0034370856827063557,False,0.04839051758407423,0.061311855730488876,0.029049719952763252,0.04179150186916091
2013-09-19,0.002665145304936535,False,0.04839051758407423,0.061311855730488876,0.029049719952763252,0.04179150186916091
2013-09-20,-0.008400202125266668,False,0.04839051758407423,0.061311855730488876,0.029049719952763252,0.04179150186916091
2013-09-23,0.0007665772701954624,False,0.04839051758407423,0.061311855730488876,0.029049719952763252,0.04179150186916091
2013-09-24,-0.0026855953221736747,False,0.04839051758407423,0.061311855730488876,0.029049719952763252,0.04179150186916091
2013-09-25,-0.01159209271282118,False,0.04764341269569421,0.05718404607071894,0.028676977432973295,0.04057916471778631
2013-09-26,0.009284399381004312,False,0.04764341269569421,0.05718404607071894,0.028676977432973295,0.04057916471778631
2013-09-27,0.016043124840575684,False,0.04764341269569421,0.05718404607071894,0.028655386118247528,0.0402619216767779
2013-09-30,0.0003788596370377704,False,0.04764341269569421,0.05718404607071894,0.028655386118247528,0.0402619216767779
2013-10-01,-0.0022753138371355394,False,0.04764341269569421,0.05718404607071894,0.028655386118247528,0.0402619216767779
2013-10-02,-0.0007595898580185669,False,0.04764341269569421,0.05718404607071894,0.02861674255439519,0.04006279156106312
2013-10-03,-0.018018505502678365,False,0.04764341269569421,0.05718404607071894,0.02861674255439519,0.04006279156106312
2013-10-04,0.010007781756599256,False,0.04764341269569421,0.05718404607071894,0.02858946494800398,0.03991292513618612
2013-10-07,0.03314804431887574,False,0.04764341269569421,0.05718404607071894,0.02858946494800398,0.03991292513618612
2013-10-08,0.007014981693084272,False,0.04764341269569421,0.05718404607071894,0.02858946494800398,0.03991292513618612
2013-10-09,-0.005534048434641443,False,0.04764341269569421,0.05718404607071894,0.02858946494800398,0.03991292513618612
2013-10-10,0.009572974431890903,False,0.04764341269569421,0.05718404607071894,0.02858946494800398,0.03991292513618612
2013-10-11,0.006210065619577911,False,0.04764341269569421,0.05718404607071894,0.02858946494800398,0.03991292513618612
2013-10-14,-0.01209027366898456,False,0.04764341269569421,0.05718404607071894,0.02858946494800398,0.03991292513618612
2013-10-15,0.017175646052264015,False,0.04764341269569421,0.05718404607071894,0.02858946494800398,0.03991292513618612
2013-10-16,-0.004721272615921776,False,0.04764341269569421,0.05718404607071894,0.02858946494800398,0.03991292513618612
2013-10-17,0.007254293691652128,False,0.04764341269569421,0.05718404607071894,0.02858946494800398,0.03991292513618612
2013-10-18,-0.01676424100367966,False,0.04764341269569421,0.05718404607071894,0.02858946494800398,0.03991292513618612
2013-10-21,0.0033021493957590318,False,0.04764341269569421,0.05718404607071894,0.02858946494800398,0.03991292513618612
2013-10-22,0.014184634991956381,False,0.04764341269569421,0.05718404607071894,0.02858946494800398,0.03991292513618612
2013-10-23,-0.020062682776147343,False,0.04764341269569421,0.05718404607071894,0.02858946494800398,0.03991292513618612
2013-10-24,-0.010370463311631573,False,0.04764341269569421,0.05718404607071894,0.02858946494800398,0.03991292513618612
2013-10-25,0.010001935575748758,False,0.04764341269569421,0.05718404607071894,0.02858946494800398,0.03991292513618612
2013-10-28,-0.01074681456735933,False,0.04764341269569421,0.05718404607071894,0.02858946494800398,0.03991292513618612
2013-10-29,-0.009358106848552615,False,0.04764341269569421,0.05718404607071894,0.02858946494800398,0.03991292513618612
2013-10-30,0.0003760105327249878,False,0.04764341269569421,0.05718404607071894,0.02858946494800398,0.03991292513618612
2013-10-31,0.006370641744607785,False,0.04764341269569421,0.05718404607071894,0.02858946494800398,0.03991292513618612
2013-11-01,-0.009759837231326928,False,0.04764341269569421,0.05718404607071894,0.02858946494800398,0.03991292513618612
2013-11-04,0.0011310086031272148,False,0.04764341269569421,0.05718404607071894,0.02858946494800398,0.03991292513618612
2013-11-05,0.03042906385028825,False,0.04764341269569421,0.05718404607071894,0.02858946494800398,0.03991292513618612
2013-11-06,-0.002195390563435615,False,0.04764341269569421,0.05718404607071894,0.02858946494800398,0.03991292513618612
2013-11-07,-0.01997846693088639,False,0.04764341269569421,0.05718404607071894,0.02858946494800398,0.03991292513618612
2013-11-08,-0.010896219021017813,False,0.04764341269569421,0.05718404607071894,0.02858946494800398,0.03991292513618612
2013-11-11,-0.023314642895298537,False,0.04764341269569421,0.05718404607071894,0.02858946494800398,0.03991292513618612
2013-11-12,0.008087854601698906,False,0.04764341269569421,0.05718404607071894,0.02858946494800398,0.03991292513618612
2013-11-13,0.015226788293599552,False,0.04764341269569421,0.05718404607071894,0.02858946494800398,0.03991292513618612
2013-11-14,0.005275068750587933,False,0.04764341269569421,0.05718404607071894,0.02858946494800398,0.03991292513618612
2013-11-15,0.0277950077647518,False,0.04764341269569421,0.05718404607071894,0.02858946494800398,0.03991292513618612
2013-11-18,0.015953927942241684,False,0.047143230973337225,0.05597794976133354,0.0284070833004393,0.03929074892594187
2013-11-19,0.00538117890451675,False,0.047143230973337225,0.05597794976133354,0.0284070833004393,0.03929074892594187
2013-11-20,0.005352376738591839,False,0.047143230973337225,0.05597794976133354,0.028205077875172267,0.03900982819586036
2013-11-21,-0.004994658974090536,False,0.047143230973337225,0.05597794976133354,0.028205077875172267,0.03900982819586036
2013-11-22,0.0014295928095943715,False,0.047143230973337225,0.05597794976133354,0.028205077875172267,0.03900982819586036
2013-11-25,0.0028530689824064807,False,0.047143230973337225,0.05597794976133354,0.028205077875172267,0.03900982819586036
2013-11-26,-0.01254271952992373,False,0.047143230973337225,0.05597794976133354,0.028205077875172267,0.03900982819586036
2013-12-02,0.01069147746567417,False,0.047143230973337225,0.05597794976133354,0.028205077875172267,0.03900982819586036
2013-12-03,-0.0017739937240632685,False,0.047143230973337225,0.05597794976133354,0.028205077875172267,0.03900982819586036
2013-12-04,-0.01394622997113342,False,0.047143230973337225,0.05597794976133354,0.028205077875172267,0.03900982819586036
2013-12-05,-0.005416153337562074,False,0.047143230973337225,0.05597794976133354,0.028205077875172267,0.03900982819586036
2013-12-06,0.018296474520619502,False,0.047143230973337225,0.05597794976133354,0.028205077875172267,0.03900982819586036
2013-12-09,-0.01865859655970246,False,0.047143230973337225,0.05597794976133354,0.028205077875172267,0.03900982819586036
2013-12-10,0.007936549595736342,False,0.047143230973337225,0.05597794976133354,0.028205077875172267,0.03900982819586036
2013-12-11,-0.006488847569455598,False,0.047143230973337225,0.05597794976133354,0.028205077875172267,0.03900982819586036
2013-12-12,0.01150677924552455,False,0.047143230973337225,0.05597794976133354,0.028205077875172267,0.03900982819586036
2013-12-13,-0.005017931676068992,False,0.047143230973337225,0.05597794976133354,0.028205077875172267,0.03900982819586036
2013-12-16,0.0032287023563722537,False,0.047143230973337225,0.05597794976133354,0.028205077875172267,0.03900982819586036
2013-12-17,-0.00754991901928469,False,0.047143230973337225,0.05597794976133354,0.028108516211855363,0.03869923206312849
2013-12-18,-0.0003609456815942414,False,0.047143230973337225,0.05597794976133354,0.028108516211855363,0.03869923206312849
2013-12-19,0.007552634354938094,False,0.047143230973337225,0.05597794976133354,0.028108516211855363,0.03869923206312849
2013-12-20,0.009982257577790414,False,0.047143230973337225,0.05597794976133354,0.028108516211855363,0.03869923206312849
2013-12-23,-0.003909725968410837,False,0.047143230973337225,0.05597794976133354,0.028108516211855363,0.03869923206312849
2013-12-24,0.004264398786457518,False,0.047143230973337225,0.05597794976133354,0.028108516211855363,0.03869923206312849
2013-12-26,-0.013207402406268484,False,0.047143230973337225,0.05597794976133354,0.028108516211855363,0.03869923206312849
2013-12-27,0.0007183908354936538,False,0.047143230973337225,0.05597794976133354,0.028108516211855363,0.03869923206312849
2013-12-30,-0.02656150330109818,False,0.047143230973337225,0.05597794976133354,0.028108516211855363,0.03869923206312849
2013-12-31,-0.0011068069751911064,False,0.047143230973337225,0.05597794976133354,0.028108516211855363,0.03869923206312849
2014-01-02,-0.02731694646269725,False,0.047143230973337225,0.05597794976133354,0.027686265758462694,0.038689548687632656
2014-01-03,0.023618717395606843,False,0.047143230973337225,0.05597794976133354,0.027686265758462694,0.038689548687632656
2014-01-06,-0.011927088835990406,False,0.047143230973337225,0.05597794976133354,0.027686265758462694,0.038689548687632656
2014-01-07,0.002995135148092637,False,0.047143230973337225,0.05597794976133354,0.027686265758462694,0.038689548687632656
2014-01-08,0.00930239266231341,False,0.047143230973337225,0.05597794976133354,0.027686265758462694,0.038689548687632656
2014-01-09,-0.005943553900847994,False,0.047143230973337225,0.05597794976133354,0.027686265758462694,0.038689548687632656
2014-01-10,0.010378150968713688,False,0.047143230973337225,0.05597794976133354,0.027686265758462694,0.038689548687632656
2014-01-13,0.0,False,0.047143230973337225,0.05597794976133354,0.027686265758462694,0.038689548687632656
2014-01-14,0.014641549992948187,False,0.047143230973337225,0.05597794976133354,0.027601290517110248,0.038535434702664816
2014-01-15,-0.001454545710994324,False,0.047143230973337225,0.05597794976133354,0.027601290517110248,0.038535434702664816
2014-01-16,0.0018178518003674612,False,0.047143230973337225,0.05597794976133354,0.027601290517110248,0.038535434702664816
2014-01-17,-0.019439453150186907,False,0.047143230973337225,0.05597794976133354,0.027601290517110248,0.038535434702664816
2014-01-21,-0.007808182447811699,False,0.047143230973337225,0.05597794976133354,0.027601290517110248,0.038535434702664816
2014-01-22,0.006696453595121294,False,0.047143230973337225,0.05597794976133354,0.027601290517110248,0.038535434702664816
2014-01-23,0.03425991039659211,False,0.047143230973337225,0.05597794976133354,0.027601290517110248,0.038535434702664816
2014-01-24,0.00035823034594081947,False,0.047143230973337225,0.05597794976133354,0.027601290517110248,0.038535434702664816
2014-01-27,0.03415223658397222,False,0.04566043495182289,0.055737849790943664,0.02736442462532838,0.0380966091391359
2014-01-28,0.005522968819776455,False,0.04566043495182289,0.055737849790943664,0.02736442462532838,0.0380966091391359
2014-01-29,0.004465059796719395,False,0.04566043495182289,0.055737849790943664,0.02736442462532838,0.0380966091391359
2014-01-30,-0.0020583197661543586,False,0.04566043495182289,0.055737849790943664,0.02736442462532838,0.0380966091391359
2014-01-31,-0.00034346557095336184,False,0.04566043495182289,0.055737849790943664,0.02736442462532838,0.0380966091391359
2014-02-03,0.001030043009526921,False,0.04566043495182289,0.055737849790943664,0.02736442462532838,0.0380966091391359
2014-02-04,-0.012778623203602185,False,0.04566043495182289,0.055737849790943664,0.02736442462532838,0.0380966091391359
2014-02-05,0.0024301348532918907,False,0.04566043495182289,0.055737849790943664,0.02736442462532838,0.0380966091391359
2014-02-06,0.0006932409289764863,False,0.04566043495182289,0.055737849790943664,0.02736442462532838,0.0380966091391359
2014-02-07,0.012396852976828502,False,0.04566043495182289,0.055737849790943664,0.02736442462532838,0.0380966091391359
2014-02-10,-0.004115232145106544,False,0.04566043495182289,0.055737849790943664,0.02736442462532838,0.0380966091391359
2014-02-11,0.0017167386190545491,False,0.04566043495182289,0.055737849790943664,0.02736442462532838,0.0380966091391359
2014-02-12,0.008879839769402252,False,0.04566043495182289,0.055737849790943664,0.02736442462532838,0.0380966091391359
2014-02-13,-0.0040885917262614944,False,0.04566043495182289,0.055737849790943664,0.02736442462532838,0.0380966091391359
2014-02-19,-0.006510216586000539,False,0.04566043495182289,0.055737849790943664,0.02736442462532838,0.0380966091391359
2014-02-20,0.013995790838663803,False,0.04566043495182289,0.055737849790943664,0.02736442462532838,0.0380966091391359
2014-02-21,-0.00714410250613203,False,0.04566043495182289,0.055737849790943664,0.02736442462532838,0.0380966091391359
2014-02-24,0.002046385434463331,False,0.04566043495182289,0.055737849790943664,0.02731870576404368,0.03807135747805734
2014-02-25,-0.012341603340541293,False,0.04566043495182289,0.055737849790943664,0.02731870576404368,0.03807135747805734
2014-02-26,0.0034435295735461137,False,0.04566043495182289,0.055737849790943664,0.02731870576404368,0.03807135747805734
2014-02-27,0.008216410482249505,False,0.04566043495182289,0.055737849790943664,0.02731870576404368,0.03807135747805734
2014-02-28,0.0006816632847458644,False,0.04566043495182289,0.055737849790943664,0.02731870576404368,0.03807135747805734
2014-03-03,-0.014067825070767618,False,0.04566043495182289,0.055737849790943664,0.02731870576404368,0.03807135747805734
2014-03-04,0.009970857919816712,False,0.04566043495182289,0.055737849790943664,0.027234815036256462,0.03802024512197237
2014-03-05,0.0051185916225767744,False,0.04566043495182289,0.055737849790943664,0.027234815036256462,0.03802024512197237
2014-03-06,0.0,False,0.04566043495182289,0.055737849790943664,0.027234815036256462,0.03802024512197237
2014-03-07,0.009485165964054737,False,0.04566043495182289,0.055737849790943664,0.027234815036256462,0.03802024512197237
2014-03-10,0.00269360432222296,False,0.04566043495182289,0.055737849790943664,0.027234815036256462,0.03802024512197237
2014-03-11,0.008704440630146318,False,0.04566043495182289,0.055737849790943664,0.027234815036256462,0.03802024512197237
2014-03-12,-0.01545210455892161,False,0.043683550638426556,0.05475510615792256,0.026742250847368268,0.03745539609216098
2014-03-13,0.019112065390408706,False,0.043683550638426556,0.05475510615792256,0.026742250847368268,0.03745539609216098
2014-03-14,-0.0046604611650705756,False,0.043683550638426556,0.05475510615792256,0.026742250847368268,0.03745539609216098
2014-03-17,0.0109508311867517,False,0.043683550638426556,0.05475510615792256,0.026742250847368268,0.03745539609216098
2014-03-18,-0.005294519316974099,False,0.043683550638426556,0.05475510615792256,0.026742250847368268,0.03745539609216098
2014-03-19,0.0036429912785010087,False,0.043683550638426556,0.05475510615792256,0.026742250847368268,0.03745539609216098
2014-03-20,-0.01700324344484141,False,0.043683550638426556,0.05475510615792256,0.026742250847368268,0.03745539609216098
2014-03-21,-0.005732607167623189,False,0.043683550638426556,0.05475510615792256,0.026742250847368268,0.03745539609216098
2014-03-24,-0.005765659519749878,False,0.043683550638426556,0.05475510615792256,0.026742250847368268,0.03745539609216098
2014-03-25,0.003056548482548874,False,0.043683550638426556,0.05475510615792256,0.026742250847368268,0.03745539609216098
2014-03-26,0.004736138758289086,False,0.043683550638426556,0.05475510615792256,0.026742250847368268,0.03745539609216098
2014-03-27,-0.002703617733366702,False,0.043683550638426556,0.05475510615792256,0.026742250847368268,0.03745539609216098
2014-03-28,0.009430854674549856,False,0.043683550638426556,0.05475510615792256,0.026742250847368268,0.03745539609216098
2014-03-31,-0.009430854674549925,False,0.043683550638426556,0.05475510615792256,0.026742250847368268,0.03745539609216098
2014-04-01,-0.004069181606725743,False,0.043683550638426556,0.05475510615792256,0.026742250847368268,0.03745539609216098
2014-04-02,-0.00887377836575136,False,0.043683550638426556,0.05475510615792256,0.026742250847368268,0.03745539609216098
2014-04-03,0.0,False,0.043683550638426556,0.05475510615792256,0.026742250847368268,0.03745539609216098
2014-04-04,0.016658552830155923,False,0.043683550638426556,0.05475510615792256,0.026742250847368268,0.03745539609216098
2014-04-07,-0.0023628702976677108,False,0.043683550638426556,0.05475510615792256,0.026742250847368268,0.03745539609216098
2014-04-08,0.011090686694158138,False,0.043683550638426556,0.05475510615792256,0.026742250847368268,0.03745539609216098
2014-04-09,0.006330189387365966,False,0.043683550638426556,0.05475510615792256,0.026742250847368268,0.03745539609216098
2014-04-10,-0.013710296684988549,False,0.043683550638426556,0.05475510615792256,0.026742250847368268,0.03745539609216098
2014-04-11,0.005707586419364569,False,0.043683550638426556,0.05475510615792256,0.026742250847368268,0.03745539609216098
2014-04-14,-0.0026818655028275555,False,0.043683550638426556,0.05475510615792256,0.026742250847368268,0.03745539609216098
2014-04-15,-0.009443577770342918,False,0.043683550638426556,0.05475510615792256,0.026742250847368268,0.03745539609216098
2014-04-16,0.0016929071251530464,False,0.043683550638426556,0.05475510615792256,0.026742250847368268,0.03745539609216098
2014-04-17,0.015108563372274742,False,0.043683550638426556,0.05475510615792256,0.026742250847368268,0.03745539609216098
2014-04-21,-0.004676027224257288,False,0.043683550638426556,0.05475510615792256,0.026742250847368268,0.03745539609216098
2014-04-22,0.002006689636589027,False,0.043683550638426556,0.05475510615792256,0.026742250847368268,0.03745539609216098
2014-04-23,0.0013355594639642174,False,0.043683550638426556,0.05475510615792256,0.026742250847368268,0.03745539609216098
2014-04-24,-0.009723463029392147,False,0.043683550638426556,0.05475510615792256,0.026742250847368268,0.03745539609216098
2014-04-25,-0.007779508201583997,False,0.043683550638426556,0.05475510615792256,0.026742250847368268,0.03745539609216098
2014-04-28,-0.00340136382349029,False,0.043683550638426556,0.05475510615792256,0.026742250847368268,0.03745539609216098
2014-04-29,0.0017021280705303626,False,0.043683550638426556,0.05475510615792256,0.026742250847368268,0.03745539609216098
2014-04-30,0.011498266687373079,False,0.043683550638426556,0.05475510615792256,0.026742250847368268,0.03745539609216098
2014-05-01,-0.019695033891551597,False,0.043683550638426556,0.05475510615792256,0.026742250847368268,0.03745539609216098
2014-05-02,-0.002059732963010616,False,0.043683550638426556,0.05475510615792256,0.026742250847368268,0.03745539609216098
2014-05-05,0.0037729422222027528,False,0.043683550638426556,0.05475510615792256,0.026742250847368268,0.03745539609216098
2014-05-06,-0.0027425454283063516,False,0.043683550638426556,0.05475510615792256,0.026742250847368268,0.03745539609216098
2014-05-07,-0.007235173680779337,False,0.043683550638426556,0.05475510615792256,0.026742250847368268,0.03745539609216098
2014-05-08,-0.003116885640253111,False,0.043683550638426556,0.05475510615792256,0.026742250847368268,0.03745539609216098
2014-05-09,-0.010460346424902199,False,0.043683550638426556,0.05475510615792256,0.026742250847368268,0.03745539609216098
2014-05-12,0.0017510072763127819,False,0.043683550638426556,0.05475510615792256,0.026742250847368268,0.03745539609216098
2014-05-13,0.012517548701616433,False,0.043683550638426556,0.05475510615792256,0.026742250847368268,0.03745539609216098
2014-05-14,-0.0031147282492292668,False,0.043683550638426556,0.05475510615792256,0.026742250847368268,0.03745539609216098
2014-05-15,0.007596721616676011,False,0.043683550638426556,0.05475510615792256,0.026742250847368268,0.03745539609216098
2014-05-16,0.0034340693088454367,False,0.043248737821822474,0.05393679775139497,0.026648528479097273,0.03695279083155145
2014-05-19,0.004446732143391568,False,0.043248737821822474,0.05393679775139497,0.026648528479097273,0.03695279083155145
2014-05-20,0.012885902276158092,False,0.043248737821822474,0.05393679775139497,0.026648528479097273,0.03695279083155145
2014-05-21,0.004370489390800411,False,0.043248737821822474,0.05393679775139497,0.026648528479097273,0.03695279083155145
2014-05-22,0.0066867517622956,False,0.043248737821822474,0.05393679775139497,0.026648528479097273,0.03695279083155145
2014-05-28,-0.0006600660305658253,False,0.043248737821822474,0.05393679775139497,0.026648528479097273,0.03695279083155145
2014-05-29,0.005596722427869915,False,0.043248737821822474,0.05393679775139497,0.026648528479097273,0.03695279083155145
2014-05-30,0.008173986985715245,False,0.043248737821822474,0.05393679775139497,0.026648528479097273,0.03695279083155145
2014-06-02,-0.0006514658210862151,False,0.043248737821822474,0.05393679775139497,0.026648528479097273,0.03695279083155145
2014-06-03,0.0003257859615067385,False,0.043248737821822474,0.05393679775139497,0.026648528479097273,0.03695279083155145
2014-06-04,0.00584607056342391,False,0.043248737821822474,0.05393679775139497,0.026648528479097273,0.03695279083155145
2014-06-05,0.0012944985626457955,False,0.043248737821822474,0.05393679775139497,0.026648528479097273,0.03695279083155145
2014-06-06,-0.004213261782812152,False,0.043248737821822474,0.05393679775139497,0.026648528479097273,0.03695279083155145
2014-06-09,-0.0006497726024585898,False,0.043248737821822474,0.05393679775139497,0.026648528479097273,0.03695279083155145
2014-06-10,0.0032446491801174497,False,0.043248737821822474,0.05393679775139497,0.026648528479097273,0.03695279083155145
2014-06-11,0.01063325630136866,False,0.043248737821822474,0.05393679775139497,0.026648528479097273,0.03695279083155145
2014-06-12,-0.01128134446403981,False,0.043248737821822474,0.05393679775139497,0.026648528479097273,0.03695279083155145
2014-06-13,0.01192216473588923,False,0.043248737821822474,0.05393679775139497,0.026648528479097273,0.03695279083155145
2014-06-16,0.0012804099060446127,False,0.043248737821822474,0.05393679775139497,0.026648528479097273,0.03695279083155145
2014-06-17,0.0031938704888766364,False,0.043248737821822474,0.05393679775139497,0.026648528479097273,0.03695279083155145
2014-06-18,0.0015931180683481608,False,0.043248737821822474,0.05393679775139497,0.026648528479097273,0.03695279083155145
2014-06-19,-0.0003184206363474698,False,0.043248737821822474,0.05393679775139497,0.02658544597709817,0.03691258468019098
2014-06-20,-0.007351799134962021,False,0.043248737821822474,0.05393679775139497,0.02658544597709817,0.03691258468019098
2014-06-23,-0.006760045057719325,False,0.043248737821822474,0.05393679775139497,0.02658544597709817,0.03691258468019098
2014-06-24,-0.013004084423206573,False,0.043248737821822474,0.05393679775139497,0.02658544597709817,0.03691258468019098
2014-06-25,0.006523180339123476,False,0.043248737821822474,0.05393679775139497,0.02658544597709817,0.03691258468019098
2014-06-26,-0.006850459019838919,False,0.043248737821822474,0.05393679775139497,0.02658544597709817,0.03691258468019098
2014-06-27,0.027443207296603368,False,0.043248737821822474,0.05393679775139497,0.02658544597709817,0.03691258468019098
2014-06-30,0.0009549578952684918,False,0.043248737821822474,0.05393679775139497,0.026562543850121197,0.03666551168473932
2014-07-03,-0.0038338705107219006,False,0.043248737821822474,0.05393679775139497,0.026562543850121197,0.03666551168473932
2014-07-07,-0.0022432311922394666,False,0.043248737821822474,0.05393679775139497,0.026562543850121197,0.03666551168473932
2014-07-08,0.005439143148628997,False,0.043248737821822474,0.05393679775139497,0.026562543850121197,0.03666551168473932
2014-07-09,-0.006723252474358006,False,0.043248737821822474,0.05393679775139497,0.026562543850121197,0.03666551168473932
2014-07-10,0.0016048791761135506,False,0.043248737821822474,0.05393679775139497,0.026562543850121197,0.03666551168473932
2014-07-11,0.002882307840119468,False,0.043248737821822474,0.05393679775139497,0.026562543850121197,0.03666551168473932
2014-07-14,-0.0022410766543132558,False,0.043248737821822474,0.05393679775139497,0.026562543850121197,0.03666551168473932
2014-07-15,0.007344755994039533,False,0.043248737821822474,0.05393679775139497,0.026562543850121197,0.03666551168473932
2014-07-16,-0.01216404242998845,False,0.043248737821822474,0.05393679775139497,0.026562543850121197,0.03666551168473932
2014-07-17,-0.013292463507097237,False,0.043248737821822474,0.05393679775139497,0.026562543850121197,0.03666551168473932
2014-07-18,0.005857485019579088,False,0.04046648902689431,0.05349765400787232,0.026443127251100734,0.0362440220830083
2014-07-21,0.014815085785140682,False,0.04046648902689431,0.05349765400787232,0.026443127251100734,0.0362440220830083
2014-07-22,0.000958619661203917,False,0.04046648902689431,0.05349765400787232,0.026443127251100734,0.0362440220830083
2014-07-23,0.017099846679858095,False,0.04046648902689431,0.05349765400787232,0.026443127251100734,0.0362440220830083
2014-07-24,0.004073325387635869,False,0.04046648902689431,0.05349765400787232,0.026443127251100734,0.0362440220830083
2014-07-25,-0.0012515646189417958,False,0.04046648902689431,0.05349765400787232,0.026443127251100734,0.0362440220830083
2014-07-28,-0.009120994196681205,False,0.04046648902689431,0.05349765400787232,0.026443127251100734,0.0362440220830083
2014-07-29,0.0037842996912396273,False,0.04046648902689431,0.05349765400787232,0.026443127251100734,0.0362440220830083
2014-07-30,0.008774735085254295,False,0.04046648902689431,0.05349765400787232,0.026443127251100734,0.0362440220830083
2014-07-31,0.004358661944037696,False,0.04046648902689431,0.05349765400787232,0.026443127251100734,0.0362440220830083
2014-08-01,-0.0037348316056531965,False,0.04046648902689431,0.05349765400787232,0.026443127251100734,0.0362440220830083
2014-08-04,-0.003748832881519685,False,0.04046648902689431,0.05349765400787232,0.026443127251100734,0.0362440220830083
2014-08-05,0.0,False,0.04046648902689431,0.05349765400787232,0.026443127251100734,0.0362440220830083
2014-08-06,0.007483664487173048,False,0.04046648902689431,0.05349765400787232,0.026443127251100734,0.0362440220830083
2014-08-07,0.004030388342177809,False,0.04046648902689431,0.05349765400787232,0.026443127251100734,0.0362440220830083
2014-08-08,-0.0012383902511465827,False,0.04046648902689431,0.05349765400787232,0.026443127251100734,0.0362440220830083
2014-08-11,-0.0018604656529196783,False,0.04046648902689431,0.05349765400787232,0.026443127251100734,0.0362440220830083
2014-08-12,0.0,False,0.04046648902689431,0.05349765400787232,0.026443127251100734,0.0362440220830083
2014-08-13,-0.0009315324381114966,False,0.04046648902689431,0.05349765400787232,0.026443127251100734,0.0362440220830083
2014-08-14,-0.0012433946270883846,False,0.04046648902689431,0.05349765400787232,0.026443127251100734,0.0362440220830083
2014-08-15,0.0037255553802421075,False,0.04046648902689431,0.05349765400787232,0.026443127251100734,0.0362440220830083
2014-08-18,0.009867486785599639,False,0.04046648902689431,0.05349765400787232,0.026443127251100734,0.0362440220830083
2014-08-19,-0.018582138888043487,False,0.04046648902689431,0.05349765400787232,0.026443127251100734,0.0362440220830083
2014-08-20,0.006853609381680876,False,0.04046648902689431,0.05349765400787232,0.026443127251100734,0.0362440220830083
2014-08-21,-0.007166255937299283,False,0.04046648902689431,0.05349765400787232,0.026443127251100734,0.0362440220830083
2014-08-22,-0.0006255865077343095,False,0.04046648902689431,0.05349765400787232,0.026443127251100734,0.0362440220830083
2014-08-25,0.00779184244503356,False,0.04046648902689431,0.05349765400787232,0.026443127251100734,0.0362440220830083
2014-08-26,-0.0003105107927448847,False,0.04046648902689431,0.05349765400787232,0.026443127251100734,0.0362440220830083
2014-08-27,-0.0012430082395970253,False,0.04046648902689431,0.05349765400787232,0.026443127251100734,0.0362440220830083
2014-08-28,0.0006216972534715411,False,0.04046648902689431,0.05349765400787232,0.026443127251100734,0.0362440220830083
2014-08-29,0.00031070374647968683,False,0.04046648902689431,0.05349765400787232,0.026443127251100734,0.0362440220830083
2014-09-02,-0.02008225632349459,False,0.04046648902689431,0.05349765400787232,0.026443127251100734,0.0362440220830083
2014-09-03,-0.006040393505015027,False,0.04046648902689431,0.05349765400787232,0.026443127251100734,0.0362440220830083
2014-09-04,-0.0015956601438927404,False,0.04046648902689431,0.05349765400787232,0.026443127251100734,0.0362440220830083
2014-09-05,-0.00640822442876865,False,0.04046648902689431,0.05349765400787232,0.026443127251100734,0.0362440220830083
2014-09-08,-0.009365481017575904,False,0.04046648902689431,0.05349765400787232,0.026443127251100734,0.0362440220830083
2014-09-09,-0.003575495439238683,False,0.04046648902689431,0.05349765400787232,0.026443127251100734,0.0362440220830083
2014-09-10,-0.004242133951814777,False,0.04046648902689431,0.05349765400787232,0.026443127251100734,0.0362440220830083
2014-09-11,-0.005903592088740212,False,0.04046648902689431,0.05349765400787232,0.026443127251100734,0.0362440220830083
2014-09-12,0.011122129698273796,False,0.04046648902689431,0.05349765400787232,0.026443127251100734,0.0362440220830083
2014-09-15,0.0074542558746615575,False,0.04046648902689431,0.05349765400787232,0.026443127251100734,0.0362440220830083
2014-09-16,-0.008756339391959994,False,0.04046648902689431,0.05349765400787232,0.026443127251100734,0.0362440220830083
2014-09-17,0.026676818963817947,False,0.04046648902689431,0.05349765400787232,0.026443127251100734,0.0362440220830083
2014-09-18,0.012293299024638656,False,0.04046648902689431,0.05349765400787232,0.026443127251100734,0.0362440220830083
2014-09-19,0.020772720267862244,False,0.04046648902689431,0.05349765400787232,0.02638926226116913,0.036067899839557625
2014-09-22,0.020951123103537608,False,0.04046648902689431,0.05349765400787232,0.02638926226116913,0.036067899839557625
2014-09-23,-0.009358558869368165,False,0.04046648902689431,0.05349765400787232,0.02638926226116913,0.036067899839557625
2014-09-24,0.022196472162329606,False,0.04046648902689431,0.05349765400787232,0.026332130787704258,0.03597933968214132
2014-09-25,-0.011336636926321043,False,0.04046648902689431,0.05349765400787232,0.026332130787704258,0.03597933968214132
2014-09-26,-0.006622540760493382,False,0.04046648902689431,0.05349765400787232,0.026332130787704258,0.03597933968214132
2014-09-29,0.0,False,0.04046648902689431,0.05349765400787232,0.026332130787704258,0.03597933968214132
2014-09-30,-0.003327790092674691,False,0.04046648902689431,0.05349765400787232,0.026332130787704258,0.03597933968214132
2014-10-01,-0.03956016469983303,False,0.04046648902689431,0.05349765400787232,0.026332130787704258,0.03597933968214132
2014-10-02,-0.026191212862947406,False,0.04046648902689431,0.05349765400787232,0.02638926226116913,0.03624280787267408
2014-10-03,-0.011064219605380015,False,0.04046648902689431,0.05349765400787232,0.02638926226116913,0.03624280787267408
2014-10-06,0.007497997638089233,False,0.04046648902689431,0.05349765400787232,0.02638926226116913,0.03624280787267408
2014-10-07,-0.009135463207830785,False,0.04046648902689431,0.05349765400787232,0.02638926226116913,0.03624280787267408
2014-10-08,-0.004270001560951451,False,0.04046648902689431,0.05349765400787232,0.02638926226116913,0.03624280787267408
2014-10-09,0.006234638735116258,False,0.04046648902689431,0.05349765400787232,0.02638926226116913,0.03624280787267408
2014-10-10,0.0321881666671571,False,0.04046648902689431,0.05349765400787232,0.02638926226116913,0.03624280787267408
2014-10-13,-0.03153414440708816,False,0.04046648902689431,0.05349765400787232,0.02638926226116913,0.03624280787267408
2014-10-14,0.013958999585580615,False,0.03956894733129298,0.05321704219721294,0.02638926226116913,0.0360085998417674
2014-10-15,0.016307315808576774,False,0.03956894733129298,0.05321704219721294,0.02638926226116913,0.0360085998417674
2014-10-16,-0.02147862662195467,False,0.03956894733129298,0.05321704219721294,0.02638926226116913,0.0360085998417674
2014-10-17,0.010316016694615722,False,0.03956894733129298,0.05321704219721294,0.02638926226116913,0.0360085998417674
2014-10-20,0.000641231185806115,False,0.03956894733129298,0.05321704219721294,0.02638926226116913,0.0360085998417674
2014-10-21,-0.0032102756302482102,False,0.03956894733129298,0.05321704219721294,0.02638926226116913,0.0360085998417674
2014-10-22,0.0009641652683282743,False,0.03956894733129298,0.05321704219721294,0.02638926226116913,0.0360085998417674
2014-10-23,0.0022461103619198066,False,0.03956894733129298,0.05321704219721294,0.02638926226116913,0.0360085998417674
2014-10-24,-0.022691411202070765,False,0.03956894733129298,0.05321704219721294,0.02638926226116913,0.0360085998417674
2014-10-27,-0.026579637804712012,False,0.03956894733129298,0.05321704219721294,0.02638926226116913,0.0360085998417674
2014-10-28,-0.01595146668549939,False,0.03956894733129298,0.05321704219721294,0.026443127251100734,0.03601145465920805
2014-10-29,0.004778166087374095,False,0.03956894733129298,0.05321704219721294,0.026443127251100734,0.03601145465920805
2014-10-30,0.0030596658239554933,False,0.03956894733129298,0.05321704219721294,0.026443127251100734,0.03601145465920805
2014-10-31,-0.016082468100920098,False,0.03956894733129298,0.05321704219721294,0.026443127251100734,0.03601145465920805
2014-11-03,-0.013194635871545186,False,0.03956894733129298,0.05321704219721294,0.026443127251100734,0.03601145465920805
2014-11-04,0.006966242034418261,False,0.03956894733129298,0.05321704219721294,0.026443127251100734,0.03601145465920805
2014-11-05,-0.003477054963464547,False,0.03956894733129298,0.05321704219721294,0.026443127251100734,0.03601145465920805
2014-11-06,-0.0006968641396991812,False,0.03915084488472761,0.052048817553280946,0.02638926226116913,0.03551534437507859
2014-11-07,0.006946884484870378,False,0.03915084488472761,0.052048817553280946,0.02638926226116913,0.03551534437507859
2014-11-10,0.002074689540860297,False,0.03915084488472761,0.052048817553280946,0.02638926226116913,0.03551534437507859
2014-11-11,0.00859850525523177,False,0.03915084488472761,0.052048817553280946,0.02638926226116913,0.03551534437507859
2014-11-12,-0.02391380634965541,False,0.03915084488472761,0.052048817553280946,0.02638926226116913,0.03551534437507859
2014-11-13,-0.018764933687245553,False,0.038184053205277006,0.0499740644973745,0.026332130787704258,0.034845194660538384
2014-11-14,0.01736093205261102,False,0.038184053205277006,0.0499740644973745,0.026332130787704258,0.034845194660538384
2014-11-17,-0.0038711996260193914,False,0.038184053205277006,0.0499740644973745,0.026332130787704258,0.034845194660538384
2014-11-18,0.003168458908413117,False,0.038184053205277006,0.0499740644973745,0.026332130787704258,0.034845194660538384
2014-11-19,0.009097333560632637,False,0.038184053205277006,0.0499740644973745,0.026332130787704258,0.034845194660538384
2014-11-20,0.002782610491111982,False,0.038184053205277006,0.0499740644973745,0.026332130787704258,0.034845194660538384
2014-11-21,-0.004176824728806062,False,0.038184053205277006,0.0499740644973745,0.026332130787704258,0.034845194660538384
2014-11-24,0.015230477862253396,False,0.038184053205277006,0.0499740644973745,0.026332130787704258,0.034845194660538384
2014-11-25,-0.016626638647508126,False,0.038184053205277006,0.0499740644973745,0.026332130787704258,0.034845194660538384
2014-11-26,0.01559553355529495,False,0.038184053205277006,0.0499740644973745,0.026332130787704258,0.034845194660538384
2014-11-28,-0.009675265523418422,False,0.038184053205277006,0.0499740644973745,0.026332130787704258,0.034845194660538384
2014-12-01,0.018235495847459413,False,0.038184053205277006,0.0499740644973745,0.026332130787704258,0.034845194660538384
2014-12-02,-0.012695315471844043,False,0.038184053205277006,0.0499740644973745,0.026332130787704258,0.034845194660538384
2014-12-03,-0.00242005303937171,False,0.038184053205277006,0.0499740644973745,0.026332130787704258,0.034845194660538384
2014-12-04,0.004489732977897823,False,0.038184053205277006,0.0499740644973745,0.02623726395399254,0.0346552448811482
2014-12-05,0.009260913383600342,False,0.038184053205277006,0.0499740644973745,0.02623726395399254,0.0346552448811482
2014-12-08,0.0027275843708866516,False,0.038184053205277006,0.0499740644973745,0.02623726395399254,0.0346552448811482
2014-12-09,0.0165460469005156,False,0.038184053205277006,0.0499740644973745,0.02623726395399254,0.0346552448811482
2014-12-10,-0.0036906601194055203,False,0.038184053205277006,0.0499740644973745,0.02623726395399254,0.0346552448811482
2014-12-11,-0.029679817967013272,False,0.038184053205277006,0.0499740644973745,0.02623726395399254,0.0346552448811482
2014-12-12,0.0010382420036292304,False,0.038184053205277006,0.0499740644973745,0.026332130787704258,0.03472225612408753
2014-12-15,0.00655061814919211,False,0.038184053205277006,0.0499740644973745,0.026332130787704258,0.03472225612408753
2014-12-16,0.0013736265896119398,False,0.038184053205277006,0.0499740644973745,0.026332130787704258,0.03472225612408753
2014-12-17,0.00034311202944259145,False,0.038184053205277006,0.0499740644973745,0.026332130787704258,0.03472225612408753
2014-12-18,0.01700721264723315,False,0.038184053205277006,0.0499740644973745,0.026332130787704258,0.03472225612408753
2014-12-19,0.005046268067624219,False,0.038184053205277006,0.0499740644973745,0.026332130787704258,0.03472225612408753
2014-12-22,0.002011398599685635,False,0.038184053205277006,0.0499740644973745,0.026332130787704258,0.03472225612408753
2014-12-23,-0.006720455401258329,False,0.038184053205277006,0.0499740644973745,0.026332130787704258,0.03472225612408753
2014-12-24,-0.0006745362818999494,False,0.038184053205277006,0.0499740644973745,0.026332130787704258,0.03472225612408753
2014-12-26,-0.007790047861982469,False,0.038184053205277006,0.0499740644973745,0.026332130787704258,0.03472225612408753
2014-12-29,0.007790047861982394,False,0.038184053205277006,0.0499740644973745,0.026332130787704258,0.03472225612408753
2014-12-30,0.0026954194216723027,False,0.038184053205277006,0.0499740644973745,0.026332130787704258,0.03472225612408753
2014-12-31,-0.021082045672111548,False,0.038184053205277006,0.0499740644973745,0.026332130787704258,0.03472225612408753
2015-01-02,0.005824926526347631,False,0.038184053205277006,0.0499740644973745,0.026332130787704258,0.03472225612408753
2015-01-05,0.00579119315688102,False,0.038184053205277006,0.0499740644973745,0.026332130787704258,0.03472225612408753
2015-01-06,-0.014369046404633667,False,0.038184053205277006,0.0499740644973745,0.026332130787704258,0.03472225612408753
2015-01-07,0.0034399758724434804,False,0.038184053205277006,0.0499740644973745,0.026332130787704258,0.03472225612408753
2015-01-08,0.02509456878255902,False,0.038184053205277006,0.0499740644973745,0.026332130787704258,0.03472225612408753
2015-01-09,-0.006046373811864673,False,0.038184053205277006,0.0499740644973745,0.026332130787704258,0.03472225612408753
2015-01-12,0.008721960692302667,False,0.038184053205277006,0.0499740644973745,0.026332130787704258,0.03472225612408753
2015-01-13,-0.00100250634962559,False,0.038184053205277006,0.0499740644973745,0.026332130787704258,0.03472225612408753
2015-01-14,0.0003342804644198897,False,0.038184053205277006,0.0499740644973745,0.026332130787704258,0.03472225612408753
2015-01-15,-0.00502597807859147,False,0.038184053205277006,0.0499740644973745,0.026332130787704258,0.03472225612408753
2015-01-21,-0.025273978131770267,False,0.038184053205277006,0.0499740644973745,0.026332130787704258,0.03472225612408753
2015-01-22,-0.018044006274077994,False,0.038184053205277006,0.0499740644973745,0.026332130787704258,0.03472225612408753
2015-01-23,-0.01655905367309362,False,0.038184053205277006,0.0499740644973745,0.026332130787704258,0.03472225612408753
2015-01-26,-0.006555012546335775,False,0.038184053205277006,0.0499740644973745,0.026332130787704258,0.03472225612408753
2015-01-27,0.002189781896924225,False,0.038184053205277006,0.0499740644973745,0.026332130787704258,0.03472225612408753
2015-01-28,-0.010260258569567405,False,0.038184053205277006,0.0499740644973745,0.026332130787704258,0.03472225612408753
2015-01-29,-0.01073885528485297,False,0.038184053205277006,0.0499740644973745,0.026332130787704258,0.03472225612408753
2015-01-30,0.0026027157284159736,False,0.038184053205277006,0.0499740644973745,0.026332130787704258,0.03472225612408753
2015-02-02,-0.00782855815506257,False,0.038184053205277006,0.0499740644973745,0.026332130787704258,0.03472225612408753
2015-02-03,0.0070856160703693894,False,0.038184053205277006,0.0499740644973745,0.026332130787704258,0.03472225612408753
2015-02-04,0.012188516542497094,False,0.038184053205277006,0.0499740644973745,0.026332130787704258,0.03472225612408753
2015-02-05,0.006950823668200245,False,0.038184053205277006,0.0499740644973745,0.026332130787704258,0.03472225612408753
2015-02-06,0.011598535242931637,False,0.038184053205277006,0.0499740644973745,0.026332130787704258,0.03472225612408753
2015-02-09,0.03261543970283505,False,0.038184053205277006,0.0499740644973745,0.026332130787704258,0.03472225612408753
2015-02-10,-0.001396160785254836,False,0.038184053205277006,0.0499740644973745,0.02623726395399254,0.034721106137024574
2015-02-11,0.005572985514060847,False,0.038184053205277006,0.0499740644973745,0.02623726395399254,0.034721106137024574
2015-02-12,0.026055639228022752,False,0.038184053205277006,0.0499740644973745,0.02623726395399254,0.034721106137024574
2015-02-13,0.004726544923561185,False,0.038184053205277006,0.0499740644973745,0.02623726395399254,0.034721106137024574
2015-02-17,0.007048191620972216,False,0.038184053205277006,0.0499740644973745,0.02623726395399254,0.034721106137024574
2015-02-18,0.01229864263698655,False,0.038184053205277006,0.0499740644973745,0.02623726395399254,0.034721106137024574
2015-02-19,-0.0006609385567767875,False,0.038184053205277006,0.0499740644973745,0.02623726395399254,0.034721106137024574
2015-02-20,0.0006609385567768349,False,0.038184053205277006,0.0499740644973745,0.02623726395399254,0.034721106137024574
2015-02-23,0.00888017675685917,False,0.038184053205277006,0.0499740644973745,0.02623726395399254,0.034721106137024574
2015-02-24,0.009126530101483425,False,0.038184053205277006,0.0499740644973745,0.02623726395399254,0.034721106137024574
2015-02-25,-0.018998278580637403,False,0.038184053205277006,0.0499740644973745,0.02623726395399254,0.034721106137024574
2015-02-26,0.008888947417245994,False,0.038184053205277006,0.0499740644973745,0.02623726395399254,0.034721106137024574
2015-02-27,0.01657765901981454,False,0.038184053205277006,0.0499740644973745,0.02623726395399254,0.034721106137024574
2015-03-02,-0.00517131081337795,False,0.038184053205277006,0.0499740644973745,0.02623726395399254,0.034721106137024574
2015-03-03,0.004526357550131456,False,0.038184053205277006,0.0499740644973745,0.02623726395399254,0.034721106137024574
2015-03-04,-0.004202365971078276,False,0.038184053205277006,0.0499740644973745,0.02623726395399254,0.034721106137024574
2015-03-05,-0.0038948442615410737,False,0.038184053205277006,0.0499740644973745,0.02623726395399254,0.034721106137024574
2015-03-06,-0.017055185461160246,False,0.038184053205277006,0.0499740644973745,0.02623726395399254,0.034721106137024574
2015-03-09,-0.007637427129211261,False,0.038184053205277006,0.0499740644973745,0.02623726395399254,0.034721106137024574
2015-03-10,-0.007024614936964466,False,0.038184053205277006,0.0499740644973745,0.02623726395399254,0.034721106137024574
2015-03-11,-0.013178092380555027,False,0.038184053205277006,0.0499740644973745,0.026193273333641624,0.03453460047467032
2015-03-12,-0.006141268022082465,False,0.038184053205277006,0.0499740644973745,0.026193273333641624,0.03453460047467032
2015-03-13,-0.006868158866511663,False,0.038184053205277006,0.0499740644973745,0.026193273333641624,0.03453460047467032
2015-03-16,-0.011436617462768415,False,0.038184053205277006,0.0499740644973745,0.026193273333641624,0.03453460047467032
2015-03-17,-0.02863904410095029,False,0.038184053205277006,0.0499740644973745,0.026193273333641624,0.03453460047467032
2015-03-18,-0.010818713527167364,False,0.038184053205277006,0.0499740644973745,0.02623726395399254,0.034582732911152686
2015-03-19,-0.015713825985211333,False,0.038184053205277006,0.0499740644973745,0.02623726395399254,0.034582732911152686
2015-03-20,0.02724964244737554,False,0.038184053205277006,0.0499740644973745,0.02623726395399254,0.034582732911152686
2015-03-23,-0.011898463791614584,False,0.038184053205277006,0.0499740644973745,0.02623726395399254,0.034582732911152686
2015-03-24,0.009386350502093969,False,0.038184053205277006,0.0499740644973745,0.02623726395399254,0.034582732911152686
2015-03-25,0.0010773928138602853,False,0.038184053205277006,0.0499740644973745,0.02623726395399254,0.034582732911152686
2015-03-26,-0.009376195628555333,False,0.038184053205277006,0.0499740644973745,0.02623726395399254,0.034582732911152686
2015-03-27,-0.005813969865419845,False,0.038184053205277006,0.0499740644973745,0.02623726395399254,0.034582732911152686
2015-03-30,-0.018018505502678365,False,0.038184053205277006,0.0499740644973745,0.02623726395399254,0.034582732911152686
2015-03-31,0.0014831296749070627,False,0.038184053205277006,0.0499740644973745,0.02623726395399254,0.034582732911152686
2015-04-01,0.017992040324235372,False,0.038184053205277006,0.0499740644973745,0.02623726395399254,0.034582732911152686
2015-04-02,0.0072516633953202065,False,0.038184053205277006,0.0499740644973745,0.02623726395399254,0.034582732911152686
2015-04-06,0.011494379425735212,False,0.038184053205277006,0.0499740644973745,0.02623726395399254,0.034582732911152686
2015-04-07,-0.005371543801910877,False,0.038184053205277006,0.0499740644973745,0.02623726395399254,0.034582732911152686
2015-04-08,0.00786842400049816,False,0.038184053205277006,0.0499740644973745,0.02623726395399254,0.034582732911152686
2015-04-09,-0.005358112479619432,False,0.038184053205277006,0.0499740644973745,0.02623726395399254,0.034582732911152686
2015-04-10,-0.003947609648298211,False,0.038184053205277006,0.0499740644973745,0.02623726395399254,0.034582732911152686
2015-04-13,0.006451635281488595,False,0.038184053205277006,0.0499740644973745,0.02623726395399254,0.034582732911152686
2015-04-14,0.017354783016412866,False,0.038184053205277006,0.0499740644973745,0.02623726395399254,0.034582732911152686
2015-04-15,-0.010944504655493834,False,0.038184053205277006,0.0499740644973745,0.026193273333641624,0.034416848546948195
2015-04-16,0.01863954087729413,False,0.038184053205277006,0.0499740644973745,0.026187703948839,0.03438738717476003
2015-04-17,-0.010860152280695583,False,0.038184053205277006,0.0499740644973745,0.026187703948839,0.03438738717476003
2015-04-20,-0.021360726730467433,False,0.038184053205277006,0.0499740644973745,0.026187703948839,0.03438738717476003
2015-04-21,-0.002161384126725701,False,0.038184053205277006,0.0499740644973745,0.026187703948839,0.03438738717476003
2015-04-22,-0.00036068530598420224,False,0.038184053205277006,0.0499740644973745,0.026187703948839,0.03438738717476003
2015-04-23,0.012190900352612334,False,0.038184053205277006,0.0499740644973745,0.026187703948839,0.03438738717476003
2015-04-24,0.02915043980382899,False,0.038184053205277006,0.0499740644973745,0.026187703948839,0.03438738717476003
2015-04-27,0.009988028616495722,False,0.038184053205277006,0.0499740644973745,0.026187703948839,0.03438738717476003
2015-04-28,0.0020540917869382694,False,0.038184053205277006,0.0499740644973745,0.026187703948839,0.03438738717476003
2015-04-29,0.008174432439558127,False,0.038184053205277006,0.0499740644973745,0.026187703948839,0.03438738717476003
2015-04-30,-0.001697505075754468,False,0.038184053205277006,0.0499740644973745,0.026187703948839,0.03438738717476003
2015-05-01,-0.022681384681924814,False,0.038184053205277006,0.0499740644973745,0.026187703948839,0.03438738717476003
2015-05-04,-0.0006954103200970963,False,0.038184053205277006,0.0499740644973745,0.026187703948839,0.03438738717476003
2015-05-05,0.020995436502955413,False,0.038184053205277006,0.0499740644973745,0.026187703948839,0.03438738717476003
2015-05-06,-0.016137689268170895,False,0.038184053205277006,0.0499740644973745,0.026187703948839,0.03438738717476003
2015-05-07,0.0034554284554201985,False,0.038184053205277006,0.0499740644973745,0.026187703948839,0.03438738717476003
2015-05-08,0.007902463388989285,False,0.038184053205277006,0.0499740644973745,0.026187703948839,0.03438738717476003
2015-05-11,0.009875782632294609,False,0.038184053205277006,0.0499740644973745,0.026187703948839,0.03438738717476003
2015-05-12,0.010450120381744228,False,0.038184053205277006,0.0499740644973745,0.026187703948839,0.03438738717476003
2015-05-13,0.006351350115683337,False,0.038184053205277006,0.0499740644973745,0.02618410784925219,0.0342634792134714
2015-05-14,0.028578065704299743,False,0.038184053205277006,0.0499740644973745,0.02618410784925219,0.0342634792134714
2015-05-15,0.014467379807524994,False,0.038184053205277006,0.0499740644973745,0.02618410784925219,0.0342634792134714
2015-05-18,0.0022317879501073112,False,0.038184053205277006,0.0499740644973745,0.02618410784925219,0.0342634792134714
2015-05-19,0.0015910902322419035,False,0.038184053205277006,0.0499740644973745,0.02618410784925219,0.0342634792134714
2015-05-20,-0.00637960696403904,False,0.038184053205277006,0.0499740644973745,0.02618410784925219,0.0342634792134714
2015-05-21,0.012086661135146917,False,0.038184053205277006,0.0499740644973745,0.02618410784925219,0.0342634792134714
2015-05-22,-0.003166563760587985,False,0.038184053205277006,0.0499740644973745,0.02618410784925219,0.0342634792134714
2015-05-26,-0.000951927725382069,False,0.038184053205277006,0.0499740644973745,0.02618410784925219,0.0342634792134714
2015-05-27,-0.005092308903712658,False,0.038184053205277006,0.0499740644973745,0.02618410784925219,0.0342634792134714
2015-05-28,-0.005118373298244283,False,0.038184053205277006,0.0499740644973745,0.02618410784925219,0.0342634792134714
2015-05-29,-0.01064011327823361,False,0.038184053205277006,0.0499740644973745,0.02618410784925219,0.0342634792134714
2015-06-01,-0.010426943604610373,False,0.038184053205277006,0.0499740644973745,0.02618410784925219,0.0342634792134714
2015-06-02,0.019140892563404392,False,0.038184053205277006,0.0499740644973745,0.02618410784925219,0.0342634792134714
2015-06-03,0.004168676872219679,False,0.038184053205277006,0.0499740644973745,0.02618410784925219,0.0342634792134714
2015-06-04,-0.0032051309489483358,False,0.038184053205277006,0.0499740644973745,0.02618410784925219,0.0342634792134714
2015-06-05,0.0003209757690854733,False,0.038184053205277006,0.0499740644973745,0.02602481980085437,0.03413946122189029
2015-06-08,0.0003208727766982485,False,0.038184053205277006,0.0499740644973745,0.02602481980085437,0.03413946122189029
2015-06-09,-0.0032133703742897065,False,0.038184053205277006,0.0499740644973745,0.02602481980085437,0.03413946122189029
2015-06-10,0.0067361922721543436,False,0.03783528833444065,0.04895360601773739,0.025926763992932846,0.03369221185143192
2015-06-11,-0.010929070532190317,False,0.03783528833444065,0.04895360601773739,0.025926763992932846,0.03369221185143192
2015-06-12,0.014758047769287568,False,0.03783528833444065,0.04895360601773739,0.025926763992932846,0.03369221185143192
2015-06-15,0.021113120790855807,False,0.03783528833444065,0.04895360601773739,0.025926763992932846,0.03369221185143192
2015-06-16,0.008383840443897148,False,0.03783528833444065,0.04895360601773739,0.025926763992932846,0.03369221185143192
2015-06-17,-0.0018570107472127711,False,0.03783528833444065,0.04895360601773739,0.025926763992932846,0.03369221185143192
2015-06-18,0.022059718064732257,False,0.03783528833444065,0.04895360601773739,0.025926763992932846,0.03369221185143192
2015-06-19,-0.009132483563272474,False,0.037448387251277776,0.04667625444638948,0.025582807148886066,0.03299854514171132
2015-06-22,0.006097579868118538,False,0.037448387251277776,0.04667625444638948,0.025582807148886066,0.03299854514171132
2015-06-23,-0.008547060578458408,False,0.037448387251277776,0.04667625444638948,0.025582807148886066,0.03299854514171132
2015-06-24,0.008850965762380699,False,0.037448387251277776,0.04667625444638948,0.025582807148886066,0.03299854514171132
2015-06-25,-0.00517899101225973,False,0.037448387251277776,0.04667625444638948,0.025582807148886066,0.03299854514171132
2015-06-26,0.016359044010019086,False,0.037448387251277776,0.04667625444638948,0.025582807148886066,0.03299854514171132
2015-06-29,0.002400961537538268,False,0.037448387251277776,0.04667625444638948,0.025582807148886066,0.03299854514171132
2015-06-30,-0.018454615409285082,False,0.037448387251277776,0.04667625444638948,0.025582807148886066,0.03299854514171132
2015-07-01,0.0021351235806840096,False,0.037448387251277776,0.04667625444638948,0.025582807148886066,0.03299854514171132
2015-07-02,0.003649639087549331,False,0.037448387251277776,0.04667625444638948,0.025582807148886066,0.03299854514171132
2015-07-06,-0.0027359798188747488,False,0.037448387251277776,0.04667625444638948,0.025582807148886066,0.03299854514171132
2015-07-07,-0.008560125642477373,False,0.037448387251277776,0.04667625444638948,0.025582807148886066,0.03299854514171132
2015-07-08,-0.0009215174972504269,False,0.037448387251277776,0.04667625444638948,0.025582807148886066,0.03299854514171132
2015-07-09,0.009786010818230228,False,0.037448387251277776,0.04667625444638948,0.025582807148886066,0.03299854514171132
2015-07-10,0.00485732588286002,False,0.037448387251277776,0.04667625444638948,0.025288526854321272,0.03280603295909737
2015-07-13,0.0021176834415389248,False,0.037448387251277776,0.04667625444638948,0.025288526854321272,0.03280603295909737
2015-07-14,0.020341712463955604,False,0.037448387251277776,0.04667625444638948,0.025288526854321272,0.03280603295909737
2015-07-15,-0.006237952798470894,False,0.037448387251277776,0.04667625444638948,0.025288526854321272,0.03280603295909737
2015-07-16,0.0005957700503893883,False,0.037448387251277776,0.04667625444638948,0.025288526854321272,0.03280603295909737
2015-07-17,-0.003579956090716891,False,0.037448387251277776,0.04667625444638948,0.025288526854321272,0.03280603295909737
2015-07-20,0.0020898649194592365,False,0.037448387251277776,0.04667625444638948,0.025288526854321272,0.03280603295909737
2015-07-21,-0.005082982987591202,False,0.037448387251277776,0.04667625444638948,0.025288526854321272,0.03280603295909737
2015-07-22,-0.01784411477982278,False,0.036444008361161254,0.04570688045396973,0.024769388794500236,0.032368747448208314
2015-07-23,-0.011046445557267272,False,0.036444008361161254,0.04570688045396973,0.024769388794500236,0.032368747448208314
2015-07-24,-0.018686311392403315,False,0.036444008361161254,0.04570688045396973,0.024769388794500236,0.032368747448208314
2015-07-27,0.0037653009656379763,False,0.036444008361161254,0.04570688045396973,0.024769388794500236,0.032368747448208314
2015-07-28,0.0034391154734678504,False,0.036444008361161254,0.04570688045396973,0.024769388794500236,0.032368747448208314
2015-07-29,0.004049219050776573,False,0.036444008361161254,0.04570688045396973,0.024769388794500236,0.032368747448208314
2015-07-30,0.0012426220921724434,False,0.036444008361161254,0.04570688045396973,0.024157901723728878,0.03233985369204453
2015-07-31,-0.003732508221341979,False,0.036444008361161254,0.04570688045396973,0.024157901723728878,0.03233985369204453
2015-08-03,-0.013490400668899451,False,0.036444008361161254,0.04570688045396973,0.024157901723728878,0.03233985369204453
2015-08-04,-0.0003159058626809386,False,0.036444008361161254,0.04570688045396973,0.024157901723728878,0.03233985369204453
2015-08-05,-0.014320053774748558,False,0.036444008361161254,0.04570688045396973,0.024157901723728878,0.03233985369204453
2015-08-06,-0.020398958912693575,False,0.036444008361161254,0.04570688045396973,0.024157901723728878,0.03233985369204453
2015-08-07,0.016223587502212873,False,0.036444008361161254,0.04570688045396973,0.024157901723728878,0.03233985369204453
2015-08-10,-0.0038697242743509536,False,0.036444008361161254,0.04570688045396973,0.024157901723728878,0.03233985369204453
2015-08-11,-0.0042091692386354495,False,0.036444008361161254,0.04570688045396973,0.024157901723728878,0.03233985369204453
2015-08-12,-0.015367312386462394,False,0.036444008361161254,0.04570688045396973,0.024157901723728878,0.03233985369204453
2015-08-13,0.0023037693256395325,False,0.036444008361161254,0.04570688045396973,0.024157901723728878,0.03233985369204453
2015-08-14,-0.0009866799024450975,False,0.036444008361161254,0.04570688045396973,0.024157901723728878,0.03233985369204453
2015-08-17,-0.0023060461545307545,False,0.036444008361161254,0.04570688045396973,0.024157901723728878,0.03233985369204453
2015-08-18,0.01732918957722592,False,0.036444008361161254,0.04570688045396973,0.024157901723728878,0.03233985369204453
2015-08-19,0.011281344464039758,False,0.036444008361161254,0.04570688045396973,0.024157901723728878,0.03233985369204453
2015-08-20,0.007026538012038402,False,0.036444008361161254,0.04570688045396973,0.024157901723728878,0.03233985369204453
2015-08-21,-0.020904443493524626,False,0.036444008361161254,0.04570688045396973,0.024116017289353697,0.032327539381787035
2015-08-24,0.0032446491801174497,False,0.036444008361161254,0.04570688045396973,0.024116017289353697,0.032327539381787035
2015-08-25,0.00838714593944886,False,0.036444008361161254,0.04570688045396973,0.024116017289353697,0.032327539381787035
2015-08-26,-0.005152990468405401,False,0.036444008361161254,0.04570688045396973,0.024116017289353697,0.032327539381787035
2015-08-27,0.004831705325079411,False,0.036444008361161254,0.04570688045396973,0.024116017289353697,0.032327539381787035
2015-08-28,0.0009635459232713203,False,0.036444008361161254,0.04570688045396973,0.024116017289353697,0.032327539381787035
2015-08-31,-0.0041820874850693555,False,0.036444008361161254,0.04570688045396973,0.024116017289353697,0.032327539381787035
2015-09-01,0.013766825398056872,False,0.036444008361161254,0.04570688045396973,0.024116017289353697,0.032327539381787035
2015-09-02,-0.008942889367203789,False,0.036444008361161254,0.04570688045396973,0.024116017289353697,0.032327539381787035
2015-09-03,-0.0009629273733934415,False,0.036444008361161254,0.04570688045396973,0.024116017289353697,0.032327539381787035
2015-09-04,0.01719240054037277,False,0.036444008361161254,0.04570688045396973,0.024116017289353697,0.032327539381787035
2015-09-08,0.017522350692202492,False,0.036444008361161254,0.04570688045396973,0.024116017289353697,0.032327539381787035
2015-09-09,0.015389654304561256,False,0.036444008361161254,0.04570688045396973,0.024116017289353697,0.032327539381787035
2015-09-10,0.0006106870418797265,False,0.036444008361161254,0.04570688045396973,0.024116017289353697,0.032327539381787035
2015-09-11,-0.008583743691391442,False,0.036444008361161254,0.04570688045396973,0.024116017289353697,0.032327539381787035
2015-09-14,0.009804000096620835,False,0.036444008361161254,0.04570688045396973,0.024116017289353697,0.032327539381787035
2015-09-15,-0.019083373825860915,False,0.036444008361161254,0.04570688045396973,0.024116017289353697,0.032327539381787035
2015-09-16,0.015112084048741732,False,0.036444008361161254,0.04570688045396973,0.024003721305364687,0.03212355335708691
2015-09-17,0.004580860048966053,False,0.036444008361161254,0.04570688045396973,0.024003721305364687,0.03212355335708691
2015-09-18,0.008797265897210095,False,0.036444008361161254,0.04570688045396973,0.024003721305364687,0.03212355335708691
2015-09-21,0.0,False,0.036444008361161254,0.04570688045396973,0.024003721305364687,0.03212355335708691
2015-09-22,0.00030197795790401033,False,0.036444008361161254,0.04570688045396973,0.024003721305364687,0.03212355335708691
2015-09-23,0.0009053871148125196,False,0.036444008361161254,0.04570688045396973,0.024003721305364687,0.03212355335708691
2015-09-24,-0.006658620243598576,False,0.036444008361161254,0.04570688045396973,0.024003721305364687,0.03212355335708691
2015-09-25,-0.005175837403404265,False,0.036444008361161254,0.04570688045396973,0.024003721305364687,0.03212355335708691
2015-09-28,-0.010432742677338593,False,0.036444008361161254,0.04570688045396973,0.024003721305364687,0.03212355335708691
2015-09-29,-0.01868049339788923,False,0.036444008361161254,0.04570688045396973,0.024003721305364687,0.03212355335708691
2015-09-30,-0.021601856503788517,False,0.036444008361161254,0.04570688045396973,0.024003721305364687,0.03212355335708691
2015-10-01,-0.002894358026364526,False,0.036444008361161254,0.04570688045396973,0.024003721305364687,0.03212355335708691
2015-10-02,-0.003225809248882677,False,0.036444008361161254,0.04570688045396973,0.024003721305364687,0.03212355335708691
2015-10-05,-0.0009697754113839125,False,0.036444008361161254,0.04570688045396973,0.024003721305364687,0.03212355335708691
2015-10-06,0.0,False,0.036444008361161254,0.04570688045396973,0.024003721305364687,0.03212355335708691
2015-10-07,-0.004213261782812152,False,0.036444008361161254,0.04570688045396973,0.024003721305364687,0.03212355335708691
2015-10-08,-0.006189952978073886,False,0.036444008361161254,0.04570688045396973,0.024003721305364687,0.03212355335708691
2015-10-09,-0.0036012479581716624,False,0.036444008361161254,0.04570688045396973,0.024003721305364687,0.03212355335708691
2015-10-12,0.008165977110286412,False,0.036444008361161254,0.04570688045396973,0.024003721305364687,0.03212355335708691
2015-10-13,0.016454638071960643,False,0.036444008361161254,0.04570688045396973,0.024003721305364687,0.03212355335708691
2015-10-14,-0.005133152111748075,False,0.036444008361161254,0.04570688045396973,0.024003721305364687,0.03212355335708691
2015-10-15,-0.0016095287556444585,False,0.036444008361161254,0.04570688045396973,0.024003721305364687,0.03212355335708691
2015-10-16,0.004820835304693984,False,0.036444008361161254,0.04570688045396973,0.024003721305364687,0.03212355335708691
2015-10-19,0.01590364308311746,False,0.036444008361161254,0.04570688045396973,0.024003721305364687,0.03212355335708691
2015-10-20,0.010359533865739273,False,0.036444008361161254,0.04570688045396973,0.024003721305364687,0.03212355335708691
2015-10-21,-0.01764380993843687,False,0.036444008361161254,0.04570688045396973,0.024003721305364687,0.03212355335708691
2015-10-22,-0.0019090047159241192,False,0.036444008361161254,0.04570688045396973,0.024003721305364687,0.03212355335708691
2015-10-23,-0.004788516731797233,False,0.036444008361161254,0.04570688045396973,0.024003721305364687,0.03212355335708691
2015-10-26,0.015558338915852427,False,0.036444008361161254,0.04570688045396973,0.024003721305364687,0.03212355335708691
2015-10-27,0.007220247973487097,False,0.036444008361161254,0.04570688045396973,0.024003721305364687,0.03212355335708691
2015-10-28,0.006857882238966653,False,0.036444008361161254,0.04570688045396973,0.024003721305364687,0.03212355335708691
2015-10-29,-0.0012433946270883846,False,0.036444008361161254,0.04570688045396973,0.024003721305364687,0.03212355335708691
2015-10-30,0.013593042165841802,False,0.036444008361161254,0.04570688045396973,0.024003721305364687,0.03212355335708691
2015-11-02,0.010985768099046,False,0.036444008361161254,0.04570688045396973,0.024003721305364687,0.03212355335708691
2015-11-03,0.0006067961351235483,False,0.036444008361161254,0.04570688045396973,0.024003721305364687,0.03212355335708691
2015-11-04,-0.018984036136730126,False,0.036444008361161254,0.04570688045396973,0.024003721305364687,0.03212355335708691
2015-11-05,0.008618089658319634,False,0.036444008361161254,0.04570688045396973,0.024003721305364687,0.03212355335708691
2015-11-06,-0.008000042667076265,False,0.036444008361161254,0.04570688045396973,0.023918008118903888,0.032051550687705876
2015-11-09,-0.008687612816387469,False,0.036444008361161254,0.04570688045396973,0.023918008118903888,0.032051550687705876
2015-11-10,0.0182188148700366,False,0.036444008361161254,0.04570688045396973,0.023918008118903888,0.032051550687705876
2015-11-11,0.01186325700189937,False,0.036444008361161254,0.04570688045396973,0.023918008118903888,0.032051550687705876
2015-11-12,0.000604594939819473,False,0.036444008361161254,0.04570688045396973,0.023918008118903888,0.032051550687705876
2015-11-13,0.011119573625157204,False,0.036444008361161254,0.04570688045396973,0.023918008118903888,0.032051550687705876
2015-11-16,0.006850361859783644,False,0.036444008361161254,0.04570688045396973,0.023918008118903888,0.032051550687705876
2015-11-17,-0.00446230102339868,False,0.036444008361161254,0.04570688045396973,0.023918008118903888,0.032051550687705876
2015-11-18,-0.007481704808129248,False,0.036444008361161254,0.04570688045396973,0.023918008118903888,0.032051550687705876
2015-11-19,0.011053137175726424,False,0.036444008361161254,0.04570688045396973,0.023854345348553685,0.03188095813622367
2015-11-20,0.0,False,0.036444008361161254,0.04570688045396973,0.023854345348553685,0.03188095813622367
2015-11-23,-0.01859124010988261,False,0.036444008361161254,0.04570688045396973,0.023854345348553685,0.03188095813622367
2015-11-24,0.007538102934156255,False,0.036444008361161254,0.04570688045396973,0.023854345348553685,0.03188095813622367
2015-11-25,-0.008446505721831912,False,0.036444008361161254,0.04570688045396973,0.023854345348553685,0.03188095813622367
2015-11-27,0.0021183242903888106,False,0.036444008361161254,0.04570688045396973,0.023854345348553685,0.03188095813622367
2015-11-30,0.0057272198748948835,False,0.036444008361161254,0.04570688045396973,0.023854345348553685,0.03188095813622367
2015-12-01,0.00030052592262251967,False,0.036444008361161254,0.04570688045396973,0.023854345348553685,0.03188095813622367
2015-12-02,-0.004819286435948883,False,0.036444008361161254,0.04570688045396973,0.023854345348553685,0.03188095813622367
2015-12-03,0.015875726573677775,False,0.036444008361161254,0.04570688045396973,0.023854345348553685,0.03188095813622367
2015-12-04,0.0011880013277246885,False,0.036444008361161254,0.04570688045396973,0.023854345348553685,0.03188095813622367
2015-12-07,0.012096326871009633,False,0.036444008361161254,0.04570688045396973,0.023854345348553685,0.03188095813622367
2015-12-08,-0.030066262355950352,False,0.036444008361161254,0.04570688045396973,0.023854345348553685,0.03188095813622367
2015-12-09,0.017969935484940643,False,0.036444008361161254,0.04570688045396973,0.023918008118903888,0.032004007256349574
2015-12-10,-0.0074482692019606144,False,0.036444008361161254,0.04570688045396973,0.023918008118903888,0.032004007256349574
2015-12-11,0.0011954574047737313,False,0.036444008361161254,0.04570688045396973,0.023918008118903888,0.032004007256349574
2015-12-14,0.0062528117971868535,False,0.036444008361161254,0.04570688045396973,0.023918008118903888,0.032004007256349574
2015-12-15,-0.012244441465453693,False,0.036444008361161254,0.04570688045396973,0.023918008118903888,0.032004007256349574
2015-12-16,-0.011180052997759248,False,0.036444008361161254,0.04570688045396973,0.023918008118903888,0.032004007256349574
2015-12-17,-0.011613822469988459,False,0.036444008361161254,0.04570688045396973,0.023918008118903888,0.032004007256349574
2015-12-18,-0.0003074558056502336,False,0.036444008361161254,0.04570688045396973,0.023918008118903888,0.032004007256349574
2015-12-21,-0.004005551496371914,False,0.036444008361161254,0.04570688045396973,0.023918008118903888,0.032004007256349574
2015-12-22,-0.013051770111487882,False,0.036444008361161254,0.04570688045396973,0.023854345348553685,0.0317571284228902
2015-12-23,0.019514325300911864,False,0.036444008361161254,0.04570688045396973,0.023854345348553685,0.0317571284228902
2015-12-24,-0.015456258236691802,False,0.036444008361161254,0.04570688045396973,0.023854345348553685,0.0317571284228902
2015-12-28,-0.0049968873491038285,False,0.036444008361161254,0.04570688045396973,0.023854345348553685,0.0317571284228902
2015-12-29,0.005308365314556187,False,0.036444008361161254,0.04570688045396973,0.023854345348553685,0.0317571284228902
2015-12-30,0.0055900766687613694,False,0.036444008361161254,0.04570688045396973,0.023772849148594486,0.03175184407634539
2015-12-31,-0.005590076668761288,False,0.036444008361161254,0.04570688045396973,0.023722699579200937,0.031516270409588584
2016-01-04,-0.0274681831299374,False,0.036444008361161254,0.04570688045396973,0.023529470862112066,0.03147034704041063
2016-01-05,-0.02102616680867312,False,0.036444008361161254,0.04570688045396973,0.023722699579200937,0.03154530515880181
2016-01-06,-0.025829250472832025,False,0.036444008361161254,0.04570688045396973,0.023722699579200937,0.03154530515880181
2016-01-07,-0.006056546104506161,False,0.03563733261367694,0.04121293269265578,0.023722699579200937,0.03043442257107362
2016-01-08,0.018060691585495912,False,0.03563733261367694,0.04121293269265578,0.023722699579200937,0.03043442257107362
2016-01-11,-0.038862805714927964,False,0.03563733261367694,0.04121293269265578,0.023722699579200937,0.03043442257107362
2016-01-12,-0.014578529630234862,False,0.036444008361161254,0.041455823039538375,0.023722699579200937,0.030647779734539714
2016-01-13,0.011126679464757053,False,0.036444008361161254,0.041455823039538375,0.023722699579200937,0.030647779734539714
2016-01-14,-0.01217618104788219,False,0.036444008361161254,0.041455823039538375,0.023722699579200937,0.030647779734539714
2016-01-15,0.01666126705523854,False,0.036444008361161254,0.041455823039538375,0.023722699579200937,0.030647779734539714
2016-01-19,0.009933289416915382,False,0.036444008361161254,0.041455823039538375,0.023722699579200937,0.030647779734539714
2016-01-20,-0.043182196375135526,False,0.036444008361161254,0.041455823039538375,0.023722699579200937,0.030647779734539714
2016-01-21,0.015887359762319146,False,0.036444008361161254,0.04185937164293786,0.023722699579200937,0.030728489455219613
2016-01-22,0.00593680807800425,False,0.036444008361161254,0.04185937164293786,0.023529470862112066,0.030725870682983585
2016-01-25,-0.018626439054002308,False,0.036444008361161254,0.04185937164293786,0.023529470862112066,0.030725870682983585
2016-01-26,0.003541080187454701,False,0.036444008361161254,0.04185937164293786,0.023529470862112066,0.030725870682983585
2016-01-27,-0.02324438641400665,False,0.036444008361161254,0.04185937164293786,0.023529470862112066,0.030725870682983585
2016-01-28,0.009721048648761622,False,0.036444008361161254,0.04185937164293786,0.023529470862112066,0.030725870682983585
2016-01-29,-0.010807021606167795,False,0.036444008361161254,0.04185937164293786,0.023529470862112066,0.030725870682983585
2016-02-01,0.03802198978935652,False,0.036444008361161254,0.04185937164293786,0.023529470862112066,0.030725870682983585
2016-02-02,-0.03802198978935652,False,0.036444008361161254,0.04185937164293786,0.023529470862112066,0.030725870682983585
2016-02-03,0.027154222878696895,False,0.036444008361161254,0.04187838425414801,0.023529470862112066,0.030729673205225613
2016-02-04,-0.02606824992129079,False,0.036444008361161254,0.04187838425414801,0.023529470862112066,0.030729673205225613
2016-02-05,0.0028901754222334236,False,0.036444008361161254,0.04187838425414801,0.023722699579200937,0.03077663265944386
2016-02-08,0.030552998180018796,False,0.036444008361161254,0.04187838425414801,0.023722699579200937,0.03077663265944386
2016-02-09,-0.007374923680961373,False,0.036444008361161254,0.04187838425414801,0.023722699579200937,0.03077663265944386
2016-02-10,-0.004238791228309987,False,0.036444008361161254,0.04187838425414801,0.023722699579200937,0.03077663265944386
2016-02-11,-0.021106131355837797,False,0.036444008361161254,0.04187838425414801,0.023722699579200937,0.03077663265944386
2016-02-12,0.02181384546888673,False,0.03563733261367694,0.041704341539175835,0.023334924611052535,0.030487551615734954
2016-02-16,-0.012099791748413599,False,0.03563733261367694,0.041704341539175835,0.02328231196646101,0.030479438929433347
2016-02-17,0.029979321502136388,False,0.03563733261367694,0.041704341539175835,0.02328231196646101,0.030479438929433347
2016-02-18,0.002775851886502981,False,0.03563733261367694,0.041704341539175835,0.02328231196646101,0.030479438929433347
2016-02-19,-0.01747685168179808,False,0.03563733261367694,0.041704341539175835,0.02328231196646101,0.030479438929433347
2016-02-22,0.006677234438092518,False,0.03563733261367694,0.041704341539175835,0.02328231196646101,0.030479438929433347
2016-02-23,0.00593680807800425,False,0.03563733261367694,0.041704341539175835,0.02328231196646101,0.030479438929433347
2016-02-24,0.01828582949784212,False,0.03563733261367694,0.041704341539175835,0.02328231196646101,0.030479438929433347
2016-02-25,0.00477490675296038,False,0.03563733261367694,0.041704341539175835,0.02328231196646101,0.030479438929433347
2016-02-26,-0.01958488985945,False,0.03563733261367694,0.041704341539175835,0.02328231196646101,0.030479438929433347
2016-02-29,0.02298163225580889,False,0.03563733261367694,0.041704341539175835,0.02328231196646101,0.030479438929433347
2016-03-03,0.0006800408286554666,False,0.03563733261367694,0.041704341539175835,0.02324619761023769,0.03041215217235885
2016-03-04,0.019855944278984364,False,0.03563733261367694,0.041704341539175835,0.02324619761023769,0.03041215217235885
2016-03-07,-0.00233528046079349,False,0.03563733261367694,0.041704341539175835,0.02324619761023769,0.03041215217235885
2016-03-08,-0.013450101888248531,False,0.03563733261367694,0.041704341539175835,0.02324619761023769,0.03041215217235885
2016-03-09,0.017450107221594617,False,0.03563733261367694,0.041704341539175835,0.02324619761023769,0.03041215217235885
2016-03-10,0.00828230674488346,False,0.03563733261367694,0.041704341539175835,0.02324619761023769,0.03041215217235885
2016-03-11,0.0,False,0.032035524350666686,0.039888252726139425,0.02320693894757871,0.029801236408916233
2016-03-14,0.003951272839167995,False,0.032035524350666686,0.039888252726139425,0.02320693894757871,0.029801236408916233
2016-03-15,-0.014564971147962033,False,0.032035524350666686,0.039888252726139425,0.022990820970710948,0.02968070601241899
2016-03-16,0.013578615651258286,False,0.032035524350666686,0.039888252726139425,0.022990820970710948,0.02968070601241899
2016-03-17,0.024692612590371414,False,0.032035524350666686,0.039888252726139425,0.022990820970710948,0.02968070601241899
2016-03-18,0.0006416426270830401,False,0.032035524350666686,0.039888252726139425,0.022990820970710948,0.02968070601241899
2016-03-21,-0.014862955350159055,False,0.032035524350666686,0.039888252726139425,0.022990820970710948,0.02968070601241899
2016-03-22,-0.012117390773964187,False,0.032035524350666686,0.039888252726139425,0.022990820970710948,0.02968070601241899
2016-03-23,-0.024009155920033366,False,0.032035524350666686,0.039888252726139425,0.022990820970710948,0.02968070601241899
2016-03-24,-0.0003375527458211257,False,0.031876448682377885,0.039444784873863464,0.022990820970710948,0.029432211085897615
2016-03-28,0.0026972369690011593,False,0.031876448682377885,0.039444784873863464,0.022990820970710948,0.029432211085897615
2016-03-29,0.0,False,0.031876448682377885,0.039444784873863464,0.022990820970710948,0.029432211085897615
2016-03-30,0.001345895223355163,False,0.031876448682377885,0.039444784873863464,0.022990820970710948,0.029432211085897615
2016-03-31,-0.00810267768623492,False,0.031876448682377885,0.039444784873863464,0.022990820970710948,0.029432211085897615
2016-04-01,-0.023667714249336988,False,0.031876448682377885,0.039444784873863464,0.022705818145614398,0.029363064148702888
2016-04-04,-0.003477054963464547,False,0.031876448682377885,0.039444784873863464,0.022990820970710948,0.029376827432230756
2016-04-05,0.0038240964384034758,False,0.031876448682377885,0.039444784873863464,0.022990820970710948,0.029376827432230756
2016-04-06,0.006226239415098098,False,0.031871810403880714,0.03906937708133099,0.022705818145614398,0.02912383270457415
2016-04-07,-0.01739174271186922,False,0.031871810403880714,0.03906937708133099,0.022705818145614398,0.02912383270457415
2016-04-08,0.007689656905418571,False,0.031871810403880714,0.03906937708133099,0.022705818145614398,0.02912383270457415
2016-04-11,0.011768913962113454,False,0.031871810403880714,0.03906937708133099,0.022705818145614398,0.02912383270457415
2016-04-12,0.008907218876313973,False,0.031871810403880714,0.03906937708133099,0.022705818145614398,0.02912383270457415
2016-04-13,-0.004786333923811173,False,0.031871810403880714,0.03906937708133099,0.022705818145614398,0.02912383270457415
2016-04-14,0.011923152661191644,False,0.031871810403880714,0.03906937708133099,0.022705818145614398,0.02912383270457415
2016-04-15,-0.004071943189927587,False,0.031871810403880714,0.03906937708133099,0.022705818145614398,0.02912383270457415
2016-04-18,0.018194571995554784,False,0.031871810403880714,0.03906937708133099,0.022705818145614398,0.02912383270457415
2016-04-19,0.015899639347421245,False,0.031871810403880714,0.03906937708133099,0.022705818145614398,0.02912383270457415
2016-04-20,0.0055710450494554295,False,0.031871810403880714,0.03906937708133099,0.022705818145614398,0.02912383270457415
2016-04-21,0.00032674399898604796,False,0.031871810403880714,0.03906937708133099,0.022705818145614398,0.02912383270457415
2016-04-22,0.024525269245265616,False,0.031871810403880714,0.03906937708133099,0.022705818145614398,0.02912383270457415
2016-04-25,-0.0076800377490699265,False,0.031871810403880714,0.03906937708133099,0.022705818145614398,0.02912383270457415
2016-04-26,0.021608721307535914,False,0.031871810403880714,0.03906937708133099,0.022705818145614398,0.02912383270457415
2016-04-27,-0.0034640248778177625,False,0.03153752072381098,0.03851210331406543,0.02268188600793211,0.02882877065357506
2016-04-28,-0.004109378313334687,False,0.03153752072381098,0.03851210331406543,0.02268188600793211,0.02882877065357506
2016-04-29,0.015713711135163354,False,0.03153752072381098,0.03851210331406543,0.02268188600793211,0.02882877065357506
2016-05-02,-0.0056285326830972735,False,0.03153752072381098,0.03851210331406543,0.02268188600793211,0.02882877065357506
2016-05-03,-0.003455319913396282,False,0.03153752072381098,0.03851210331406543,0.02268188600793211,0.02882877065357506
2016-05-04,-0.0059965462945761275,False,0.03028924871964322,0.03847834014683726,0.022221808404885454,0.02864496282562616
2016-05-05,-0.008903079475679473,False,0.03028924871964322,0.03847834014683726,0.022221808404885454,0.02864496282562616
2016-05-06,-0.02719494234069663,False,0.03028924871964322,0.03847834014683726,0.022221808404885454,0.02864496282562616
2016-05-09,0.003930565165194448,False,0.03028924871964322,0.03847834014683726,0.02268188600793211,0.028735233978801594
2016-05-10,0.007166154445764537,False,0.03028924871964322,0.03847834014683726,0.022221808404885454,0.028664213226903455
2016-05-11,-0.011753318452670492,False,0.030202361571551435,0.038318486695365334,0.021758467160008996,0.028470661459890037
2016-05-12,-0.008906540816203226,False,0.030202361571551435,0.038318486695365334,0.021758467160008996,0.028470661459890037
2016-05-13,-0.019067311226202897,False,0.030202361571551435,0.038318486695365334,0.021758467160008996,0.028470661459890037
2016-05-16,-0.011549041409705458,False,0.030202361571551435,0.038318486695365334,0.021758467160008996,0.028470661459890037
2016-05-17,-0.009612157770230376,False,0.030202361571551435,0.038318486695365334,0.021667993644308835,0.028337417452501523
2016-05-18,0.010977811789237036,False,0.030202361571551435,0.038318486695365334,0.021667993644308835,0.028337417452501523
2016-05-19,-0.013049635734757373,False,0.030202361571551435,0.038318486695365334,0.021667993644308835,0.028337417452501523
2016-05-20,0.006546104340441419,False,0.030202361571551435,0.038318486695365334,0.021667993644308835,0.028337417452501523
2016-05-23,0.016011243083633116,False,0.030202361571551435,0.038318486695365334,0.021667993644308835,0.028337417452501523
2016-05-24,-0.0020297706562870284,False,0.030202361571551435,0.038318486695365334,0.021667993644308835,0.028337417452501523
2016-05-25,-0.009869060874253564,False,0.030202361571551435,0.038318486695365334,0.021667993644308835,0.028337417452501523
2016-05-26,-0.0027397277411203274,False,0.030202361571551435,0.038318486695365334,0.021667993644308835,0.028337417452501523
2016-06-01,-0.004258810695796338,False,0.030202361571551435,0.038318486695365334,0.021667993644308835,0.028337417452501523
2016-06-02,0.0036047884357273924,False,0.030202361571551435,0.038318486695365334,0.021667993644308835,0.028337417452501523
2016-06-03,-0.008541444833031358,False,0.030202361571551435,0.038318486695365334,0.021604986097133294,0.028295331928178666
2016-06-06,0.010502229774972137,False,0.030202361571551435,0.038318486695365334,0.021604986097133294,0.028295331928178666
2016-06-07,0.008128804311891483,False,0.030202361571551435,0.038318486695365334,0.021604986097133294,0.028295331928178666
2016-06-08,0.008063259296941407,False,0.030202361571551435,0.038318486695365334,0.021604986097133294,0.028295331928178666
2016-06-09,0.0009632365490307814,False,0.030202361571551435,0.038318486695365334,0.021604986097133294,0.028295331928178666
2016-06-10,0.0060790460763821925,False,0.030118264348923687,0.0369722745002004,0.02148478811604636,0.027854094400405406
2016-06-13,0.003820443997385728,False,0.030118264348923687,0.0369722745002004,0.02148478811604636,0.027854094400405406
2016-06-14,-0.0006357279298659814,False,0.030118264348923687,0.0369722745002004,0.02148478811604636,0.027854094400405406
2016-06-15,0.004758137446416798,False,0.030118264348923687,0.0369722745002004,0.02148478811604636,0.027854094400405406
2016-06-16,-0.03248396243005429,False,0.030118264348923687,0.0369722745002004,0.02148478811604636,0.027854094400405406
2016-06-17,0.015247659557729014,False,0.030202361571551435,0.037200509649125614,0.021604986097133294,0.02807173651893072
2016-06-20,0.020395863162693834,False,0.030202361571551435,0.037200509649125614,0.021604986097133294,0.02807173651893072
2016-06-21,0.007855499940308833,False,0.030202361571551435,0.037200509649125614,0.021604986097133294,0.02807173651893072
2016-06-22,0.0031250025431352807,False,0.030202361571551435,0.037200509649125614,0.021604986097133294,0.02807173651893072
2016-06-23,0.009316837580230539,False,0.030202361571551435,0.037200509649125614,0.021604986097133294,0.02807173651893072
2016-06-24,-0.05235136635375813,False,0.030202361571551435,0.037200509649125614,0.02148478811604636,0.02806906657214291
2016-06-27,-0.011795680672765308,False,0.03028924871964322,0.03940797888292847,0.021604986097133294,0.028684056769142305
2016-06-28,0.00525970969297982,False,0.03028924871964322,0.03940797888292847,0.021604986097133294,0.028684056769142305
2016-06-29,0.009138444797367246,False,0.03028924871964322,0.03940797888292847,0.02148478811604636,0.028513745449934933
2016-06-30,-0.024335301514799228,False,0.03028924871964322,0.03940797888292847,0.02148478811604636,0.028513745449934933
2016-07-06,0.004820835304693984,False,0.03028924871964322,0.03940797888292847,0.021604986097133294,0.02856841435015514
2016-07-07,0.009572504493221327,False,0.03028924871964322,0.03940797888292847,0.02148478811604636,0.028466120401685897
2016-07-08,-0.004136839630726211,False,0.03028924871964322,0.03940797888292847,0.021366621725041796,0.02838439388246919
2016-07-11,0.0006375518226795118,False,0.03028924871964322,0.03940797888292847,0.021366621725041796,0.02838439388246919
2016-07-12,0.004768726252082873,False,0.03028924871964322,0.03940797888292847,0.021366621725041796,0.02838439388246919
2016-07-13,0.009155549352671308,False,0.03028924871964322,0.03940797888292847,0.021366621725041796,0.02838439388246919
2016-07-14,0.004702940162109207,False,0.03028924871964322,0.03940797888292847,0.021366621725041796,0.02838439388246919
2016-07-15,-0.04216530068952963,False,0.03028924871964322,0.03940797888292847,0.021366621725041796,0.02838439388246919
2016-07-18,0.0065040879691764825,False,0.031538795200250706,0.04047109451117261,0.02148478811604636,0.028798127363820685
2016-07-19,-0.028606257676945183,False,0.031538795200250706,0.04047109451117261,0.02148478811604636,0.028798127363820685
2016-07-20,-0.009720203898783187,False,0.031538795200250706,0.04047109451117261,0.021604986097133294,0.028938215387283823
2016-07-21,-0.022825041319626593,False,0.031538795200250706,0.04047109451117261,0.021604986097133294,0.028938215387283823
2016-07-22,-0.00552869411031694,False,0.031538795200250706,0.04047109451117261,0.02169110696113879,0.028961427246262668
2016-07-25,-0.011149941297034418,False,0.031538795200250706,0.04047109451117261,0.02169110696113879,0.028961427246262668
2016-07-26,-0.0010517091241097566,False,0.031538795200250706,0.04047109451117261,0.02169110696113879,0.028961427246262668
2016-07-27,0.0021023133181009928,False,0.031538795200250706,0.04047109451117261,0.02169110696113879,0.028961427246262668
2016-07-28,-0.002453128968076863,False,0.031538795200250706,0.04047109451117261,0.02169110696113879,0.028961427246262668
2016-07-29,-0.005277057100843781,False,0.031538795200250706,0.04047109451117261,0.02169110696113879,0.028961427246262668
2016-08-01,0.03159436541821718,False,0.031538795200250706,0.04047109451117261,0.02169110696113879,0.028961427246262668
2016-08-02,-0.010305828074462607,False,0.031538795200250706,0.04047109451117261,0.021604986097133294,0.028821558955320247
2016-08-03,0.03294575434709205,False,0.031538795200250706,0.04047109451117261,0.021604986097133294,0.028821558955320247
2016-08-04,-0.0006684492227508814,False,0.031538795200250706,0.04047109451117261,0.021604986097133294,0.028821558955320247
2016-08-05,0.009980122756723891,False,0.031538795200250706,0.04047109451117261,0.021604986097133294,0.028821558955320247
2016-08-08,0.0033046956711311306,False,0.031538795200250706,0.04047109451117261,0.021604986097133294,0.028821558955320247
2016-08-09,-0.0183124811048207,False,0.031538795200250706,0.04047109451117261,0.021604986097133294,0.028821558955320247
2016-08-10,0.014676714415932934,False,0.031538795200250706,0.04047109451117261,0.021604986097133294,0.028821558955320247
2016-08-11,-0.005978098175508067,False,0.031538795200250706,0.04047109451117261,0.021604986097133294,0.028821558955320247
2016-08-12,-0.0030025043407082824,False,0.031538795200250706,0.04047109451117261,0.021604986097133294,0.028821558955320247
2016-08-15,0.012286390650715786,False,0.03028924871964322,0.040424586579547186,0.02148478811604636,0.028613611610929172
2016-08-16,0.0036237891739498967,False,0.03028924871964322,0.040424586579547186,0.02148478811604636,0.028613611610929172
2016-08-17,0.004593183928331142,False,0.03028924871964322,0.040424586579547186,0.02148478811604636,0.028613611610929172
2016-08-18,0.01752153845305804,False,0.03028924871964322,0.040424586579547186,0.02148478811604636,0.028613611610929172
2016-08-19,-0.004513224940057381,False,0.030202361571551435,0.03888770323212413,0.021366621725041796,0.028130273993569058
2016-08-22,-0.03685840060394797,False,0.030202361571551435,0.03888770323212413,0.021366621725041796,0.028130273993569058
2016-08-23,0.018599008402044516,False,0.03028924871964322,0.03954587589094596,0.02148478811604636,0.02843786947320892
2016-08-24,-0.007928683755507256,False,0.03028924871964322,0.03954587589094596,0.02148478811604636,0.02843786947320892
2016-08-25,0.003311261303656005,False,0.03028924871964322,0.03954587589094596,0.02148478811604636,0.02843786947320892
2016-08-26,-0.004306781545157689,False,0.03028924871964322,0.03954587589094596,0.02148478811604636,0.02843786947320892
2016-08-29,-0.022495492834097096,False,0.03028924871964322,0.03954587589094596,0.02148478811604636,0.02843786947320892
2016-08-30,-0.010925339126252447,False,0.03028924871964322,0.03954587589094596,0.021604986097133294,0.028455742199815094
2016-08-31,0.002742545428306376,False,0.03028924871964322,0.03954587589094596,0.021604986097133294,0.028455742199815094
2016-09-07,-0.0047602946063002305,False,0.03028924871964322,0.03954587589094596,0.021604986097133294,0.028455742199815094
2016-09-08,-0.012345835822299379,False,0.03028924871964322,0.03954587589094596,0.021604986097133294,0.028455742199815094
2016-09-09,-0.03654658306372053,False,0.03028924871964322,0.03954587589094596,0.021604986097133294,0.028455742199815094
2016-09-12,0.01280245082037618,False,0.03154364258731782,0.0400471197566092,0.02169110696113879,0.02875338489367582
2016-09-13,-0.002830858224523949,False,0.03154364258731782,0.0400471197566092,0.02169110696113879,0.02875338489367582
2016-09-14,0.009522202085149008,False,0.03154364258731782,0.0400471197566092,0.02169110696113879,0.02875338489367582
2016-09-15,0.008040595670206471,False,0.03154364258731782,0.0400471197566092,0.02169110696113879,0.02875338489367582
2016-09-16,-0.024318379003326493,False,0.03154364258731782,0.0400471197566092,0.02169110696113879,0.02875338489367582
2016-09-19,0.024318379003326528,False,0.03154364258731782,0.0400471197566092,0.022212513812494068,0.028795800070146794
2016-09-20,-0.00209132177999761,False,0.03154364258731782,0.0400471197566092,0.022212513812494068,0.028795800070146794
2016-09-21,0.0038307551634307628,False,0.03154364258731782,0.0400471197566092,0.022212513812494068,0.028795800070146794
2016-09-22,0.014835531710779611,False,0.03154364258731782,0.0400471197566092,0.022212513812494068,0.028795800070146794
2016-09-23,-0.023563113728140836,False,0.03154364258731782,0.0400471197566092,0.022212513812494068,0.028795800070146794
2016-09-26,-0.002457434973755253,False,0.03154364258731782,0.0400471197566092,0.022212513812494068,0.02878710551001711
2016-09-27,0.008051855159079645,False,0.03154364258731782,0.0400471197566092,0.022212513812494068,0.02878710551001711
2016-09-28,-0.015106558138969686,False,0.03154364258731782,0.0400471197566092,0.022212513812494068,0.02878710551001711
2016-09-29,-0.03493962461718859,False,0.03154364258731782,0.0400471197566092,0.022212513812494068,0.02878710551001711
2016-09-30,0.012024192966801812,False,0.03250851905192563,0.04029268597532262,0.022504787426488482,0.029035988145678936
2016-10-03,0.011523354015022321,False,0.03250851905192563,0.04029268597532262,0.022504787426488482,0.029035988145678936
2016-10-04,0.007845974628614073,False,0.03250851905192563,0.04029268597532262,0.022504787426488482,0.029035988145678936
2016-10-05,0.007432347078227345,False,0.03250851905192563,0.04029268597532262,0.022504787426488482,0.029035988145678936
2016-10-06,-0.017428860170069938,False,0.03250851905192563,0.04029268597532262,0.022504787426488482,0.029035988145678936
2016-10-07,-0.0007178751205637791,False,0.03250851905192563,0.04029268597532262,0.022504787426488482,0.029035988145678936
2016-10-11,-0.04404381576143944,False,0.03250851905192563,0.04029268597532262,0.022504787426488482,0.029035988145678936
2016-10-12,-0.008289421995655749,False,0.034955694201653904,0.04120310508974771,0.02268188600793211,0.02946323676726923
2016-10-13,0.0198545574279085,False,0.034955694201653904,0.04120310508974771,0.02268188600793211,0.02946323676726923
2016-10-14,0.00812712267889129,False,0.034955694201653904,0.04120310508974771,0.02268188600793211,0.02946323676726923
2016-10-17,-0.010355122115204247,False,0.034955694201653904,0.04120310508974771,0.02268188600793211,0.02946323676726923
2016-10-18,0.0029695641718164986,False,0.034955694201653904,0.04120310508974771,0.02268188600793211,0.02946323676726923
2016-10-19,0.009590630501701839,False,0.034955694201653904,0.04120310508974771,0.02268188600793211,0.02946323676726923
2016-10-20,-0.0025730578430552095,False,0.034955694201653904,0.04120310508974771,0.02268188600793211,0.02946323676726923
2016-10-21,0.0029400976709966567,False,0.034955694201653904,0.04120310508974771,0.02268188600793211,0.02946323676726923
2016-10-24,-0.007366515816762554,False,0.034955694201653904,0.04120310508974771,0.02268188600793211,0.02946323676726923
2016-10-25,0.011029523575499604,False,0.034955694201653904,0.04120310508974771,0.02268188600793211,0.02946323676726923
2016-10-26,0.012354808314880257,False,0.034955694201653904,0.04120310508974771,0.02268188600793211,0.02946323676726923
2016-10-27,-0.01345230248028118,False,0.034955694201653904,0.04120310508974771,0.02268188600793211,0.02946323676726923
2016-10-28,0.008746411442868453,False,0.034955694201653904,0.04120310508974771,0.02268188600793211,0.02946323676726923
2016-10-31,-0.007648917277467594,False,0.034955694201653904,0.04120310508974771,0.02268188600793211,0.02946323676726923
2016-11-01,-0.01436224282388398,False,0.034955694201653904,0.04120310508974771,0.02268188600793211,0.02946323676726923
2016-11-02,0.0048103700528974724,False,0.034955694201653904,0.04120310508974771,0.02268188600793211,0.02946323676726923
2016-11-03,-0.0014776508045132126,False,0.034955694201653904,0.04120310508974771,0.022504787426488482,0.029312832242091687
2016-11-04,-0.04692499156196808,False,0.034955694201653904,0.04120310508974771,0.022504787426488482,0.029312832242091687
2016-11-07,-0.035492684456433395,False,0.0365497012391228,0.04224094593957246,0.02268188600793211,0.029797704379692546
2016-11-08,0.004006415615438579,False,0.0365497012391228,0.04224094593957246,0.022698092707948557,0.0300537298447798
2016-11-09,-0.010854377925185815,False,0.0365497012391228,0.04224094593957246,0.022698092707948557,0.0300537298447798
2016-11-10,-0.00974824941366059,False,0.0365497012391228,0.04224094593957246,0.02268188600793211,0.029975911783190045
2016-11-14,-0.023958188468250263,False,0.0365497012391228,0.04224094593957246,0.02268188600793211,0.029975911783190045
2016-11-15,-0.005870037819795266,False,0.0365497012391228,0.04224094593957246,0.02268188600793211,0.029972533233593345
2016-11-16,0.014196480596348895,False,0.0365497012391228,0.04224094593957246,0.02268188600793211,0.029972533233593345
2016-11-17,0.005787531656919408,False,0.0365497012391228,0.04224094593957246,0.02268188600793211,0.029972533233593345
2016-11-18,0.002470153582062117,False,0.0365497012391228,0.04224094593957246,0.02268188600793211,0.029972533233593345
2016-11-21,0.0024640669551592785,False,0.0365497012391228,0.04224094593957246,0.02268188600793211,0.029972533233593345
2016-11-22,0.0004100881747034629,False,0.0365497012391228,0.04224094593957246,0.02268188600793211,0.029972533233593345
2016-11-23,-0.000410088174703443,False,0.0365497012391228,0.04224094593957246,0.02268188600793211,0.029972533233593345
2016-11-25,-0.007823799431189632,False,0.0365497012391228,0.04224094593957246,0.02268188600793211,0.029972533233593345
2016-11-28,-0.006636274873558302,False,0.0365497012391228,0.04224094593957246,0.02268188600793211,0.029972533233593345
2016-11-29,0.0008319468033927185,False,0.0365497012391228,0.04224094593957246,0.02268188600793211,0.029972533233593345
2016-11-30,-0.007512556201031461,False,0.0365497012391228,0.04224094593957246,0.02268188600793211,0.029972533233593345
2016-12-01,0.004180608095554165,False,0.0365497012391228,0.04224094593957246,0.02268188600793211,0.029972533233593345
2016-12-02,-0.0037617599218916845,False,0.0365497012391228,0.04224094593957246,0.02268188600793211,0.029972533233593345
2016-12-05,-0.013490929741015402,False,0.0365497012391228,0.04224094593957246,0.02268188600793211,0.029972533233593345
2016-12-06,-0.0038273489204538194,False,0.0365497012391228,0.04224094593957246,0.02268188600793211,0.029972533233593345
2016-12-07,-0.027647549321227937,False,0.03550322344250627,0.04185176146136168,0.022504787426488482,0.029617392370315274
2016-12-08,-0.009240989853729785,False,0.03550322344250627,0.04185176146136168,0.02268188600793211,0.029716715663101342
2016-12-09,-0.04475323072300695,False,0.03550322344250627,0.04185176146136168,0.02268188600793211,0.029716715663101342
2016-12-12,0.03184982588709917,False,0.0365497012391228,0.042672426227290325,0.022698092707948557,0.03015795205352007
2016-12-13,0.021706278581863074,False,0.0365497012391228,0.042672426227290325,0.022698092707948557,0.03015795205352007
2016-12-14,0.01132909720596923,False,0.0365497012391228,0.042672426227290325,0.022698092707948557,0.03015795205352007
2016-12-15,-0.02901302399588494,False,0.0365497012391228,0.042672426227290325,0.022698092707948557,0.03015795205352007
2016-12-16,-0.0017857147602346438,False,0.0365497012391228,0.042672426227290325,0.022832766757292438,0.030281711707045234
2016-12-19,0.028630010948814708,False,0.0365497012391228,0.042672426227290325,0.022698092707948557,0.030219771655343678
2016-12-20,-0.020619287202735703,False,0.0365497012391228,0.042672426227290325,0.02268188600793211,0.030149921313368366
2016-12-21,0.010143416627734818,False,0.0365497012391228,0.042672426227290325,0.02268188600793211,0.030149921313368366
2016-12-22,-0.040291931722821285,False,0.0365497012391228,0.042672426227290325,0.02268188600793211,0.030149921313368366
2016-12-23,0.03368834180021071,False,0.036870036495802054,0.043015779339177655,0.022698092707948557,0.03050193172378337
2016-12-27,-0.011997477832943918,False,0.036870036495802054,0.043015779339177655,0.022698092707948557,0.03050193172378337
2016-12-28,-0.014408173609183268,False,0.036870036495802054,0.043015779339177655,0.022698092707948557,0.03050193172378337
2016-12-29,-0.018307147444356128,False,0.036870036495802054,0.043015779339177655,0.022698092707948557,0.03050193172378337
2016-12-30,-0.018178081534696952,False,0.036870036495802054,0.043015779339177655,0.022698092707948557,0.03050193172378337
2017-01-03,0.018639868659042703,False,0.036870036495802054,0.043015779339177655,0.022698092707948557,0.03050193172378337
2017-01-04,0.03225353392919371,False,0.036870036495802054,0.043015779339177655,0.022698092707948557,0.03050193172378337
2017-01-05,0.011113695185936119,False,0.036870036495802054,0.043015779339177655,0.022698092707948557,0.03050193172378337
2017-01-06,-0.00044218439809587114,False,0.036870036495802054,0.043015779339177655,0.022698092707948557,0.03050193172378337
2017-01-09,-0.03464913541317413,False,0.036870036495802054,0.043015779339177655,0.022698092707948557,0.03050193172378337
2017-01-10,0.010476069391940701,False,0.036870036495802054,0.043015779339177655,0.022832766757292438,0.030738413605654324
2017-01-11,-0.036921591056499205,False,0.036870036495802054,0.043015779339177655,0.022832766757292438,0.030738413605654324
2017-01-12,0.04728904925392718,False,0.03693259504382778,0.043015779339177655,0.022832766757292438,0.030914766082894327
2017-01-18,-0.0008952552075112774,False,0.03693259504382778,0.043015779339177655,0.022832766757292438,0.030914766082894327
2017-01-19,-0.03138761187378574,False,0.03693259504382778,0.043015779339177655,0.022832766757292438,0.030914766082894327
2017-01-20,-0.011152531950475003,False,0.03693259504382778,0.043015779339177655,0.022990820970710948,0.031082927318911175
2017-01-23,0.011614532420693083,False,0.03693259504382778,0.043015779339177655,0.022990820970710948,0.031082927318911175
2017-01-24,0.016491441089871432,False,0.03693259504382778,0.043015779339177655,0.022990820970710948,0.031082927318911175
2017-01-25,-0.0040974334585555236,False,0.03693259504382778,0.043015779339177655,0.022990820970710948,0.031082927318911175
2017-01-26,-0.02775386278217099,False,0.03693259504382778,0.043015779339177655,0.022990820970710948,0.031082927318911175
2017-01-27,-0.01750695292949704,False,0.03693259504382778,0.043015779339177655,0.02320693894757871,0.031173905213988728
2017-01-30,-0.008147660697065417,False,0.03693259504382778,0.043015779339177655,0.02320693894757871,0.031173905213988728
2017-01-31,0.011959004043526981,False,0.03693259504382778,0.043015779339177655,0.02320693894757871,0.031173905213988728
2017-02-01,0.002849004776074871,False,0.03693259504382778,0.043015779339177655,0.02320693894757871,0.031173905213988728
2017-02-02,-0.01192477760551709,False,0.03693259504382778,0.043015779339177655,0.02320693894757871,0.031173905213988728
2017-02-03,-0.005774799493883908,False,0.03693259504382778,0.043015779339177655,0.02320693894757871,0.031173905213988728
2017-02-06,-0.012139017718084096,False,0.03693259504382778,0.043015779339177655,0.02320693894757871,0.031173905213988728
2017-02-07,-0.020731245920620023,False,0.03693259504382778,0.043015779339177655,0.02320693894757871,0.031173905213988728
2017-02-08,-0.006003019527874869,False,0.03693259504382778,0.043015779339177655,0.02320693894757871,0.031173905213988728
2017-02-09,-0.009579100219367783,False,0.03693259504382778,0.043015779339177655,0.02320693894757871,0.031173905213988728
2017-02-10,-0.017889564750775057,False,0.03693259504382778,0.043015779339177655,0.02320693894757871,0.031173905213988728
2017-02-13,-0.026124787741142207,False,0.03693259504382778,0.043015779339177655,0.02320693894757871,0.031173905213988728
2017-02-14,0.02095414540421943,False,0.03693259504382778,0.043015779339177655,0.02324619761023769,0.031231513240531437
2017-02-15,0.04708538667468765,False,0.03693259504382778,0.043015779339177655,0.02324619761023769,0.031231513240531437
2017-02-16,0.02442720379895688,False,0.03693259504382778,0.043015779339177655,0.02324619761023769,0.031231513240531437
2017-02-22,-0.0009857073247591882,False,0.03693259504382778,0.043015779339177655,0.02324619761023769,0.031231513240531437
2017-02-23,0.01904819497069441,False,0.03693259504382778,0.043015779339177655,0.02324619761023769,0.031231513240531437
2017-02-24,-0.019048194970694474,False,0.03693259504382778,0.043015779339177655,0.02324619761023769,0.031231513240531437
2017-02-27,-0.005934735519814578,False,0.03693259504382778,0.043015779339177655,0.02324619761023769,0.031231513240531437
2017-02-28,-0.03688217981381913,False,0.03693259504382778,0.043015779339177655,0.02324619761023769,0.031231513240531437
2017-03-01,-0.006195166948925659,False,0.03693259504382778,0.043015779339177655,0.02328231196646101,0.03150354463003527
2017-03-02,0.01592635769679396,False,0.03693259504382778,0.043015779339177655,0.02328231196646101,0.03150354463003527
2017-03-03,0.013667638728663835,False,0.03693259504382778,0.043015779339177655,0.02328231196646101,0.03150354463003527
2017-03-06,-0.010614201241773428,False,0.03693259504382778,0.043015779339177655,0.02328231196646101,0.03150354463003527
2017-03-07,-0.009188426054406255,False,0.03693259504382778,0.043015779339177655,0.02328231196646101,0.03150354463003527
2017-03-08,-0.0025673955052458097,False,0.03693259504382778,0.043015779339177655,0.02328231196646101,0.03150354463003527
2017-03-09,-0.007223973624032275,False,0.03693259504382778,0.043015779339177655,0.02328231196646101,0.03150354463003527
2017-03-17,-0.006930720812208499,False,0.03693259504382778,0.043015779339177655,0.02328231196646101,0.03150354463003527
2017-03-20,0.04990136733839853,False,0.03693259504382778,0.043015779339177655,0.02328231196646101,0.03150354463003527
2017-03-21,0.01779906473814393,False,0.03693259504382778,0.043015779339177655,0.02328231196646101,0.03150354463003527
2017-03-22,0.005093782720256418,False,0.03693259504382778,0.043015779339177655,0.02328231196646101,0.03150354463003527
2017-03-23,0.005067967539243064,False,0.03693259504382778,0.043015779339177655,0.02328231196646101,0.03150354463003527
2017-03-24,-0.020896975877216062,False,0.03693259504382778,0.043015779339177655,0.02328231196646101,0.03150354463003527
2017-03-27,0.008876489023091419,False,0.03693259504382778,0.043015779339177655,0.02328231196646101,0.03150354463003527
2017-03-28,-0.00981545622822897,False,0.03693259504382778,0.043015779339177655,0.02324619761023769,0.03144257172040688
2017-03-29,-0.020404029332761683,False,0.03693259504382778,0.043015779339177655,0.02324619761023769,0.03144257172040688
2017-03-30,0.004782409880215098,False,0.03693259504382778,0.043015779339177655,0.02324619761023769,0.03144257172040688
2017-03-31,-0.0004772130846946423,False,0.03693259504382778,0.043015779339177655,0.02324619761023769,0.03144257172040688
2017-04-03,0.005711581447951002,False,0.03693259504382778,0.043015779339177655,0.02324619761023769,0.03144257172040688
2017-04-04,0.0014228126659230444,False,0.03693259504382778,0.043015779339177655,0.02324619761023769,0.03144257172040688
2017-04-05,0.0004738213782084904,False,0.03693259504382778,0.043015779339177655,0.02324619761023769,0.03144257172040688
2017-04-06,-0.011434140771119814,False,0.03693259504382778,0.043015779339177655,0.02324619761023769,0.03144257172040688
2017-04-07,-0.03958493855531993,False,0.03693259504382778,0.043015779339177655,0.02324619761023769,0.03144257172040688
2017-04-10,-0.02575249610241474,False,0.03803039794861223,0.043172074215774,0.02328231196646101,0.03176865828474073
2017-04-11,0.008658062743114531,False,0.03803039794861223,0.043172074215774,0.02332706643694065,0.031817415348883056
2017-04-12,-0.01584495199357045,False,0.03803039794861223,0.043172074215774,0.02328231196646101,0.03167817472647444
2017-04-13,-0.03246358375554493,False,0.03803039794861223,0.043172074215774,0.02328231196646101,0.03167817472647444
2017-04-17,0.01688694482680767,False,0.03803039794861223,0.043172074215774,0.02332706643694065,0.03186115354367936
2017-04-18,0.00885653093021798,False,0.03803039794861223,0.043172074215774,0.02332706643694065,0.03186115354367936
2017-04-19,-0.01779220142446742,False,0.03803039794861223,0.043172074215774,0.02332706643694065,0.03186115354367936
2017-04-20,-0.04425978714309886,False,0.03803039794861223,0.043172074215774,0.02332706643694065,0.03186115354367936
2017-04-21,0.025607501118519452,False,0.038869779304777016,0.04371177235859109,0.023568343754200645,0.03227508701197853
2017-04-24,-0.01845872170485215,False,0.038869779304777016,0.04371177235859109,0.023568343754200645,0.03227508701197853
2017-04-25,0.02489306025749781,False,0.038869779304777016,0.04371177235859109,0.023568343754200645,0.03227508701197853
2017-04-26,0.006393202383062906,False,0.038869779304777016,0.04371177235859109,0.023568343754200645,0.03227508701197853
2017-04-27,-0.0037243990909824397,False,0.038869779304777016,0.04371177235859109,0.023568343754200645,0.03227508701197853
2017-04-28,-0.017204725449630833,False,0.038869779304777016,0.04371177235859109,0.023568343754200645,0.03227508701197853
2017-05-01,-0.017505917513614522,False,0.038869779304777016,0.04371177235859109,0.023568343754200645,0.03227508701197853
2017-05-02,-0.0038706158359433085,False,0.038869779304777016,0.04371177235859109,0.023568343754200645,0.03227508701197853
2017-05-03,-0.01394722748085044,False,0.038869779304777016,0.04371177235859109,0.023568343754200645,0.03227508701197853
2017-05-04,0.03260858131819015,False,0.038869779304777016,0.04371177235859109,0.023568343754200645,0.03227508701197853
2017-05-05,0.014575156802968087,False,0.038869779304777016,0.04371177235859109,0.023568343754200645,0.03227508701197853
2017-05-08,0.04659309101217694,False,0.038869779304777016,0.04371177235859109,0.023568343754200645,0.03227508701197853
2017-05-09,0.01774444529907191,False,0.038869779304777016,0.04371177235859109,0.023568343754200645,0.03227508701197853
2017-05-10,-0.0030196298737199456,False,0.038869779304777016,0.04371177235859109,0.023568343754200645,0.03227508701197853
2017-05-11,-0.0010085729548847744,False,0.038869779304777016,0.04371177235859109,0.023568343754200645,0.03227508701197853
2017-05-12,0.0312913535869688,False,0.038869779304777016,0.04371177235859109,0.023568343754200645,0.03227508701197853
2017-05-15,0.012150817782512528,False,0.038869779304777016,0.04371177235859109,0.023568343754200645,0.03227508701197853
2017-05-16,-0.017544309650909508,False,0.038869779304777016,0.04371177235859109,0.023568343754200645,0.03227508701197853
2017-05-17,0.00978481387999827,False,0.038869779304777016,0.04371177235859109,0.023568343754200645,0.03227508701197853
2017-05-18,0.01450001238475404,False,0.038869779304777016,0.04371177235859109,0.023568343754200645,0.03227508701197853
2017-05-19,-0.02723903816218372,False,0.038869779304777016,0.04371177235859109,0.023568343754200645,0.03227508701197853
2017-05-22,0.0034457331656216534,False,0.038869779304777016,0.04371177235859109,0.02368001885435291,0.03234651349023546
2017-05-23,-0.006903380473074343,False,0.038869779304777016,0.04371177235859109,0.02368001885435291,0.03234651349023546
2017-05-24,-0.0649014436575975,False,0.038869779304777016,0.04371177235859109,0.02368001885435291,0.03234651349023546
2017-05-25,-0.009016237159514719,False,0.0395604124383879,0.04624590025436753,0.023916025455585153,0.0331662662363943
2017-05-31,0.005385569932592566,False,0.0395604124383879,0.04624590025436753,0.023916025455585153,0.0331662662363943
2017-06-01,-0.01178795575204224,False,0.0395604124383879,0.04624590025436753,0.023916025455585153,0.0331662662363943
2017-06-02,-0.011428695823622744,False,0.0395604124383879,0.04624590025436753,0.023916025455585153,0.0331662662363943
2017-06-05,-0.006517947367214105,False,0.0395604124383879,0.04624590025436753,0.023916025455585153,0.0331662662363943
2017-06-06,-0.006560709881297061,False,0.0395604124383879,0.04624590025436753,0.023916025455585153,0.0331662662363943
2017-06-07,-0.006094483058761233,False,0.0395604124383879,0.04624590025436753,0.023916025455585153,0.0331662662363943
2017-06-08,0.0,False,0.0395604124383879,0.04624590025436753,0.023916025455585153,0.0331662662363943
2017-06-09,0.02862359611878931,False,0.0395604124383879,0.04624590025436753,0.023916025455585153,0.0331662662363943
2017-06-12,0.01912291663253902,False,0.0395604124383879,0.04624590025436753,0.023916025455585153,0.0331662662363943
2017-06-13,-0.018133307447372755,False,0.0395604124383879,0.04624590025436753,0.023916025455585153,0.0331662662363943
2017-06-14,0.008862687257845324,False,0.0395604124383879,0.04624590025436753,0.023916025455585153,0.0331662662363943
2017-06-15,-0.00688640202963336,False,0.0395604124383879,0.04624590025436753,0.023916025455585153,0.0331662662363943
2017-06-16,-0.02549500747340647,False,0.0395604124383879,0.04624590025436753,0.023916025455585153,0.0331662662363943
2017-06-19,-0.03976769816534908,False,0.0395604124383879,0.04624590025436753,0.02396073684083942,0.033197002616497426
2017-06-20,-0.01059331940166494,False,0.03958676615142022,0.04626417621537045,0.02402461707419802,0.03351217346140374
2017-06-21,-0.03522444901335715,False,0.03958676615142022,0.04626417621537045,0.02402461707419802,0.03351217346140374
2017-06-22,-0.011092737149718122,False,0.03958676615142022,0.04626417621537045,0.02431922512890013,0.03373029486160435
2017-06-23,0.027504484064690464,False,0.03958676615142022,0.04626417621537045,0.02431922512890013,0.03373029486160435
2017-06-26,-0.01862047227452816,False,0.03958676615142022,0.04626417621537045,0.02431922512890013,0.03373029486160435
2017-06-27,0.009901070982711537,False,0.03958676615142022,0.04626417621537045,0.02431922512890013,0.03373029486160435
2017-06-28,0.0043692041106639995,False,0.03958676615142022,0.04626417621537045,0.02431922512890013,0.03373029486160435
2017-06-29,-0.00710968266876701,False,0.03958676615142022,0.04626417621537045,0.02431922512890013,0.03373029486160435
2017-06-30,0.04349678947624581,False,0.03958676615142022,0.04626417621537045,0.02431922512890013,0.03373029486160435
2017-07-07,-0.029532347565017388,False,0.03958676615142022,0.04626417621537045,0.02431922512890013,0.03373029486160435
2017-07-10,-0.01870241531271462,False,0.03958676615142022,0.04626417621537045,0.024382235345647776,0.03383423578260871
2017-07-11,-0.011728701889825235,False,0.03958676615142022,0.04626417621537045,0.024382235345647776,0.03383423578260871
2017-07-12,0.0011229647446237235,False,0.03958676615142022,0.04626417621537045,0.024382235345647776,0.03383423578260871
2017-07-13,0.028217639808950323,False,0.03958676615142022,0.04626417621537045,0.024382235345647776,0.03383423578260871
2017-07-14,0.023187881726464993,False,0.03958676615142022,0.04626417621537045,0.024382235345647776,0.03383423578260871
2017-07-17,0.01796139147450564,False,0.03958676615142022,0.04626417621537045,0.024382235345647776,0.03383423578260871
2017-07-18,0.0005234231995974092,False,0.03958676615142022,0.04626417621537045,0.024382235345647776,0.03383423578260871
2017-07-19,0.01712104078011135,False,0.03958676615142022,0.04626417621537045,0.024382235345647776,0.03383423578260871
2017-07-20,0.006153865574378286,False,0.03958676615142022,0.04626417621537045,0.024382235345647776,0.03383423578260871
2017-07-21,0.006116227017436054,False,0.03958676615142022,0.04626417621537045,0.024382235345647776,0.03383423578260871
2017-07-24,0.0,False,0.03958676615142022,0.04626417621537045,0.024382235345647776,0.03383423578260871
2017-07-25,-0.021572485254127888,False,0.03958676615142022,0.04626417621537045,0.024382235345647776,0.03383423578260871
2017-07-26,-0.007295498746724234,False,0.03958676615142022,0.04626417621537045,0.024382235345647776,0.03383423578260871
2017-07-27,0.05147633202844499,False,0.03958676615142022,0.04626417621537045,0.02431922512890013,0.03377389916311218
2017-07-28,0.023079836143835384,False,0.03958676615142022,0.04626417621537045,0.02402461707419802,0.033715656896586677
2017-07-31,0.0,False,0.03958676615142022,0.04626417621537045,0.02402461707419802,0.033715656896586677
2017-08-01,-0.018124424615881336,False,0.03958676615142022,0.04626417621537045,0.02402461707419802,0.033715656896586677
2017-08-02,0.015694289762589474,False,0.03958676615142022,0.04626417621537045,0.02402461707419802,0.033715656896586677
2017-08-03,0.002915453960124135,False,0.03958676615142022,0.04626417621537045,0.02396073684083942,0.03361503695056407
2017-08-04,-0.03304863036867537,False,0.03958676615142022,0.04626417621537045,0.02396073684083942,0.03361503695056407
2017-08-07,0.01740038930403114,False,0.03958676615142022,0.04626417621537045,0.02402461707419802,0.033795826439536915
2017-08-08,-0.005436138912260508,False,0.03958676615142022,0.04626417621537045,0.02402461707419802,0.033795826439536915
2017-08-09,-0.007960241038388428,False,0.03958676615142022,0.04626417621537045,0.02402461707419802,0.033795826439536915
2017-08-10,-0.017637141486106844,False,0.03958676615142022,0.04626417621537045,0.02402461707419802,0.033795826439536915
2017-08-11,0.011625099329478987,False,0.03958676615142022,0.04626417621537045,0.02402461707419802,0.033795826439536915
2017-08-14,-0.03424817212975835,False,0.03958676615142022,0.04626417621537045,0.02402461707419802,0.033795826439536915
2017-08-15,-0.03062541351086381,False,0.03958676615142022,0.04626417621537045,0.02431922512890013,0.03399442230206555
2017-08-16,-0.011323927961376764,False,0.03958676615142022,0.04626417621537045,0.024382235345647776,0.03412022454198684
2017-08-17,0.03201981123477157,False,0.03958676615142022,0.04626417621537045,0.024382235345647776,0.03412022454198684
2017-08-18,0.009409374178927146,False,0.03958676615142022,0.04626417621537045,0.024382235345647776,0.03412022454198684
2017-08-21,0.004153692368693395,False,0.03958676615142022,0.04626417621537045,0.024382235345647776,0.03412022454198684
2017-08-22,-0.0036335363101514507,False,0.03958676615142022,0.04626417621537045,0.024382235345647776,0.03412022454198684
2017-08-23,-0.007830893580547945,False,0.03958676615142022,0.04626417621537045,0.024382235345647776,0.03412022454198684
2017-08-24,0.008350779217419889,False,0.03958676615142022,0.04626417621537045,0.024382235345647776,0.03412022454198684
2017-08-25,0.019558008899656514,False,0.03958676615142022,0.04626417621537045,0.024382235345647776,0.03412022454198684
2017-08-28,0.02665483425547489,False,0.03958676615142022,0.04626417621537045,0.024382235345647776,0.03412022454198684
2017-08-29,-0.019038651210166468,False,0.03958676615142022,0.04626417621537045,0.024382235345647776,0.03412022454198684
2017-08-30,-0.01426412366305612,False,0.03958676615142022,0.04626417621537045,0.024382235345647776,0.03412022454198684
2017-08-31,0.00868460119955094,False,0.03958676615142022,0.04626417621537045,0.024382235345647776,0.03412022454198684
2017-09-01,0.010624941844704909,False,0.03958676615142022,0.04626417621537045,0.024382235345647776,0.03412022454198684
2017-09-13,0.019321879282270117,False,0.03958676615142022,0.04626417621537045,0.024382235345647776,0.03412022454198684
2017-09-14,-0.008376496379049164,False,0.03958676615142022,0.04626417621537045,0.024382235345647776,0.03412022454198684
2017-09-15,-0.005955352588686628,False,0.03958676615142022,0.04626417621537045,0.024382235345647776,0.03412022454198684
2017-09-18,-0.017068687479712224,False,0.03958676615142022,0.04626417621537045,0.024382235345647776,0.03412022454198684
2017-09-19,-0.005076153031860661,False,0.03958676615142022,0.04626417621537045,0.024382235345647776,0.03412022454198684
2017-09-20,0.01665443490513731,False,0.03958676615142022,0.04626417621537045,0.024382235345647776,0.03412022454198684
2017-09-21,0.01144575819512209,False,0.03958676615142022,0.04626417621537045,0.024382235345647776,0.03412022454198684
2017-09-22,-0.01898158888382508,False,0.03958676615142022,0.04626417621537045,0.024382235345647776,0.03412022454198684
2017-09-25,-0.005562593357215305,False,0.03958676615142022,0.04626417621537045,0.024382235345647776,0.03412022454198684
2017-09-26,-0.0005072280098605403,False,0.03958676615142022,0.04626417621537045,0.024382235345647776,0.03412022454198684
2017-09-27,0.02207816722806315,False,0.03958676615142022,0.04626417621537045,0.024382235345647776,0.03412022454198684
2017-09-28,-0.01752235069220249,False,0.03958676615142022,0.04626417621537045,0.024382235345647776,0.03412022454198684
2017-09-29,0.03132247112904107,False,0.03958676615142022,0.04626417621537045,0.024382235345647776,0.03412022454198684
2017-10-02,-0.0029411785908162623,False,0.03958676615142022,0.04626417621537045,0.024382235345647776,0.03412022454198684
2017-10-03,0.021850832948108297,False,0.03958676615142022,0.04626417621537045,0.024382235345647776,0.03412022454198684
2017-10-04,-0.0019230775157414877,False,0.03958676615142022,0.04626417621537045,0.024382235345647776,0.03412022454198684
2017-10-05,0.0028832312140849347,False,0.03958676615142022,0.04626417621537045,0.024382235345647776,0.03412022454198684
2017-10-06,0.0004797313596442441,False,0.03958676615142022,0.04626417621537045,0.024382235345647776,0.03412022454198684
2017-10-09,-0.03762965342128198,False,0.03958676615142022,0.04626417621537045,0.024382235345647776,0.03412022454198684
2017-10-10,0.0182585876652824,False,0.03958676615142022,0.04626417621537045,0.025285029598852076,0.03436733804777707
2017-10-11,0.02510996242501777,False,0.03958676615142022,0.04626417621537045,0.025285029598852076,0.03436733804777707
2017-10-12,-0.003343685943063266,False,0.03958676615142022,0.04626417621537045,0.025285029598852076,0.03436733804777707
2017-10-13,-0.0014364378816559135,False,0.03958676615142022,0.04626417621537045,0.025285029598852076,0.03436733804777707
2017-10-16,-0.020818955753605716,False,0.03958676615142022,0.04626417621537045,0.025285029598852076,0.03436733804777707
2017-10-17,0.009737175277858244,False,0.03958676615142022,0.04626417621537045,0.025285029598852076,0.03436733804777707
2017-10-18,0.0014524330803148008,False,0.03958676615142022,0.04626417621537045,0.025285029598852076,0.03436733804777707
2017-10-19,0.037041271680349076,False,0.03958676615142022,0.04626417621537045,0.025285029598852076,0.03436733804777707
2017-10-20,-0.0032687397771267897,False,0.03958676615142022,0.04626417621537045,0.025285029598852076,0.03436733804777707
2017-10-23,-0.006569709223161073,False,0.03958676615142022,0.04626417621537045,0.025285029598852076,0.03436733804777707
2017-10-24,-0.01901197948857189,False,0.03958676615142022,0.04626417621537045,0.025285029598852076,0.03436733804777707
2017-10-25,-0.002402115015244625,False,0.03958676615142022,0.04626417621537045,0.025285029598852076,0.03436733804777707
2017-10-26,0.022825527342224226,False,0.03958676615142022,0.04626417621537045,0.025285029598852076,0.03436733804777707
2017-10-27,-0.005657723719858837,False,0.03958676615142022,0.04626417621537045,0.025285029598852076,0.03436733804777707
2017-10-30,0.0014174346809733152,False,0.03958676615142022,0.04626417621537045,0.025285029598852076,0.03436733804777707
2017-10-31,-0.011396134730869582,False,0.03958676615142022,0.04626417621537045,0.025285029598852076,0.03436733804777707
2017-11-01,0.01375407027277394,False,0.03958676615142022,0.04626417621537045,0.025285029598852076,0.03436733804777707
2017-11-02,-0.03401525541259591,False,0.03958676615142022,0.04626417621537045,0.025285029598852076,0.03436733804777707
2017-11-03,0.0043763745997987815,False,0.03958676615142022,0.04626417621537045,0.025507881904856883,0.034537743006560866
2017-11-06,0.026808690244406137,False,0.03958676615142022,0.04626417621537045,0.025507881904856883,0.034537743006560866
2017-11-07,0.021496154818193575,False,0.03958676615142022,0.04626417621537045,0.025507881904856883,0.034537743006560866
2017-11-08,0.024207621914115577,False,0.03958676615142022,0.04626417621537045,0.025507881904856883,0.034537743006560866
2017-11-09,-0.008155912903607761,False,0.03958676615142022,0.04626417621537045,0.025507881904856883,0.034537743006560866
2017-11-10,0.01130977900062992,False,0.03958676615142022,0.04626417621537045,0.025507881904856883,0.034537743006560866
2017-11-13,-0.006770506567210602,False,0.03958676615142022,0.04626417621537045,0.025507881904856883,0.034537743006560866
2017-11-14,-0.027084510754475506,False,0.03958676615142022,0.04626417621537045,0.025507881904856883,0.034537743006560866
2017-11-15,-0.007473178171159925,False,0.03958676615142022,0.04626417621537045,0.025756333820935604,0.034564383299602076
2017-11-16,-0.0009380863727334674,False,0.03958676615142022,0.04626417621537045,0.025756333820935604,0.034564383299602076
2017-11-17,-0.002349073196723851,False,0.03958676615142022,0.04626417621537045,0.025756333820935604,0.034564383299602076
2017-11-20,-0.019953156028635677,False,0.03958676615142022,0.04626417621537045,0.025756333820935604,0.034564383299602076
2017-11-21,0.008600148563638806,False,0.03958676615142022,0.04626417621537045,0.025756333820935604,0.034564383299602076
2017-11-22,0.008055006831402678,False,0.03958676615142022,0.04626417621537045,0.025756333820935604,0.034564383299602076
2017-11-24,-0.0047303777895244216,False,0.03958676615142022,0.04626417621537045,0.025756333820935604,0.034564383299602076
2017-11-27,-0.021083675083641517,False,0.03958676615142022,0.04626417621537045,0.025756333820935604,0.034564383299602076
2017-11-28,-0.008754919733843559,False,0.03958676615142022,0.04626417621537045,0.025756333820935604,0.034564383299602076
2017-11-29,0.023655459779643225,False,0.03958676615142022,0.04626417621537045,0.025756333820935604,0.034564383299602076
2017-11-30,-0.023167059281534418,False,0.03958676615142022,0.04626417621537045,0.025756333820935604,0.034564383299602076
2017-12-06,-0.009375068665456045,False,0.03958676615142022,0.04626417621537045,0.025756333820935604,0.034564383299602076
2017-12-07,-0.013698844358161915,False,0.03958676615142022,0.04626417621537045,0.025756333820935604,0.034564383299602076
2017-12-08,0.003706649729712405,False,0.03958676615142022,0.04626417621537045,0.025756333820935604,0.034564383299602076
2017-12-14,0.0,False,0.03958676615142022,0.04626417621537045,0.025756333820935604,0.034564383299602076
2017-12-15,-0.008488114622813974,False,0.03958676615142022,0.04626417621537045,0.025756333820935604,0.034564383299602076
2017-12-18,0.02369155294372899,False,0.03958676615142022,0.04626417621537045,0.025756333820935604,0.034564383299602076
2017-12-19,-0.005216495918891212,False,0.03958676615142022,0.04626417621537045,0.025756333820935604,0.034564383299602076
2017-12-20,0.009888188817167742,False,0.03958676615142022,0.04626417621537045,0.025756333820935604,0.034564383299602076
2017-12-21,-0.012506676828095371,False,0.03958676615142022,0.04626417621537045,0.025756333820935604,0.034564383299602076
2017-12-22,-0.052757120205123985,False,0.03958676615142022,0.04626417621537045,0.025756333820935604,0.034564383299602076
2017-12-26,0.025649427950850744,False,0.0397729405009238,0.04756311841934794,0.025841200445254963,0.035102940694247915
2017-12-27,0.0053734680611431445,False,0.0397729405009238,0.04756311841934794,0.025841200445254963,0.035102940694247915
2017-12-28,0.023829562832983993,False,0.0397729405009238,0.04756311841934794,0.025841200445254963,0.035102940694247915
2017-12-29,-0.00999219462844948,False,0.0397729405009238,0.04756311841934794,0.025841200445254963,0.035102940694247915
2018-01-02,0.02298951822469878,False,0.0397729405009238,0.04756311841934794,0.025841200445254963,0.035102940694247915
2018-01-03,-0.015092662236103251,False,0.0397729405009238,0.04756311841934794,0.025841200445254963,0.035102940694247915
2018-01-04,-0.0010493180396177464,False,0.0397729405009238,0.04756311841934794,0.025841200445254963,0.035102940694247915
2018-01-05,-0.005263170044274644,False,0.0397729405009238,0.04756311841934794,0.025841200445254963,0.035102940694247915
2018-01-08,0.009976454496372791,False,0.0397729405009238,0.04756311841934794,0.025841200445254963,0.035102940694247915
2018-01-09,-0.007867861200613679,False,0.0397729405009238,0.04756311841934794,0.025841200445254963,0.035102940694247915
2018-01-10,0.021875872356724457,False,0.0397729405009238,0.04756311841934794,0.025841200445254963,0.035102940694247915
2018-01-11,-0.0067201079985193014,False,0.0397729405009238,0.04756311841934794,0.025841200445254963,0.035102940694247915
2018-01-12,-0.0072879031575913255,False,0.0397729405009238,0.04756311841934794,0.025841200445254963,0.035102940694247915
2018-01-16,0.009360442759563672,False,0.0397729405009238,0.04756311841934794,0.025841200445254963,0.035102940694247915
2018-01-17,0.027063178348827415,False,0.0397729405009238,0.04756311841934794,0.025841200445254963,0.035102940694247915
2018-01-18,-0.0005039052764726566,False,0.0397729405009238,0.04756311841934794,0.025841200445254963,0.035102940694247915
2018-01-19,-0.02707700541630368,False,0.0397729405009238,0.04756311841934794,0.025841200445254963,0.035102940694247915
2018-01-22,0.0036185100221970013,False,0.0397729405009238,0.04756311841934794,0.02607107681228336,0.035123115804148175
2018-01-23,-0.004654779544982516,False,0.0397729405009238,0.04756311841934794,0.02607107681228336,0.035123115804148175
2018-01-24,0.013388459513737062,False,0.0397729405009238,0.04756311841934794,0.02607107681228336,0.035123115804148175
2018-01-25,0.0025542798050967007,False,0.0397729405009238,0.04756311841934794,0.02607107681228336,0.035123115804148175
2018-01-26,0.013178092380555036,False,0.0397729405009238,0.04756311841934794,0.02607107681228336,0.035123115804148175
2018-01-29,-0.02034658185916755,False,0.0397729405009238,0.04756311841934794,0.02607107681228336,0.035123115804148175
2018-01-30,0.012257558986083838,False,0.0397729405009238,0.04756311841934794,0.02607107681228336,0.035123115804148175
2018-01-31,0.01311163513937511,False,0.0397729405009238,0.04756311841934794,0.02607107681228336,0.035123115804148175
2018-02-01,0.010466081082802526,False,0.0397729405009238,0.04756311841934794,0.02607107681228336,0.035123115804148175
2018-02-02,0.020609169073577596,False,0.0397729405009238,0.04756311841934794,0.02607107681228336,0.035123115804148175
2018-02-05,-0.006822638550887357,False,0.0397729405009238,0.04756311841934794,0.02607107681228336,0.035123115804148175
2018-02-06,-0.0019579056670573137,False,0.0397729405009238,0.04756311841934794,0.02607107681228336,0.035123115804148175
2018-02-07,-0.01381373717005335,False,0.0397729405009238,0.04756311841934794,0.02607107681228336,0.035123115804148175
2018-02-08,0.010378150968713688,False,0.0397729405009238,0.04756311841934794,0.02607107681228336,0.035123115804148175
2018-02-09,-0.0014760150281205415,False,0.0397729405009238,0.04756311841934794,0.02607107681228336,0.035123115804148175
2018-02-12,-0.030494739848350445,False,0.0397729405009238,0.04756311841934794,0.02607107681228336,0.035123115804148175
2018-02-13,0.014613512768365883,False,0.0397729405009238,0.04756311841934794,0.026128108997232467,0.03521051484629234
2018-02-14,0.027628792429934927,False,0.0397729405009238,0.04756311841934794,0.026128108997232467,0.03521051484629234
2018-02-15,0.03912712838881255,False,0.0397729405009238,0.04756311841934794,0.026128108997232467,0.03521051484629234
2018-02-21,0.012042757863182199,False,0.0397729405009238,0.04756311841934794,0.026128108997232467,0.03521051484629234
2018-02-22,-0.007393749024938265,False,0.0397729405009238,0.04756311841934794,0.026128108997232467,0.03521051484629234
2018-02-27,0.006721961228281736,False,0.0397729405009238,0.04756311841934794,0.026128108997232467,0.03521051484629234
2018-02-28,0.0004465282503306321,False,0.0397729405009238,0.04756311841934794,0.026128108997232467,0.03521051484629234
2018-03-01,0.013303965626362886,False,0.0397729405009238,0.04756311841934794,0.026128108997232467,0.03521051484629234
2018-03-02,0.02178735418490723,False,0.0397729405009238,0.04756311841934794,0.02607107681228336,0.03520178053509322
2018-03-05,0.058187577555837,False,0.0397729405009238,0.04756311841934794,0.02607107681228336,0.03520178053509322
2018-03-06,-0.00203541694533583,False,0.0397729405009238,0.04756311841934794,0.025841200445254963,0.035176806604265094
2018-03-07,0.0008146639961762836,False,0.0397729405009238,0.04756311841934794,0.025841200445254963,0.035176806604265094
2018-03-08,0.020153846188980428,False,0.0397729405009238,0.04756311841934794,0.025841200445254963,0.035176806604265094
2018-03-13,-0.005473039463058469,False,0.0397729405009238,0.04756311841934794,0.025841200445254963,0.035176806604265094
2018-03-14,0.009364094956025196,False,0.0397729405009238,0.04756311841934794,0.025841200445254963,0.035176806604265094
2018-03-15,-0.015261497540719997,False,0.0397729405009238,0.04756311841934794,0.025841200445254963,0.035176806604265094
2018-03-16,-0.005535799032251641,False,0.0397729405009238,0.04756311841934794,0.025841200445254963,0.035176806604265094
2018-03-19,-0.03100711461589247,False,0.0397729405009238,0.04756311841934794,0.025841200445254963,0.035176806604265094
2018-03-20,0.01421343725005545,False,0.0397729405009238,0.04756311841934794,0.02607107681228336,0.035275583898157124
2018-03-21,0.01758638450207599,False,0.0397729405009238,0.04756311841934794,0.02607107681228336,0.035275583898157124
2018-03-22,0.004348692364179859,False,0.0397729405009238,0.04756311841934794,0.02607107681228336,0.035275583898157124
2018-03-23,0.031070460473739677,False,0.0397729405009238,0.04756311841934794,0.02607107681228336,0.035275583898157124
2018-03-26,0.005339448230857977,False,0.0397729405009238,0.04756311841934794,0.02607107681228336,0.035275583898157124
2018-03-27,-0.02894278813739664,False,0.0397729405009238,0.04756311841934794,0.02607107681228336,0.035275583898157124
2018-03-28,0.016696175070263858,False,0.0397729405009238,0.04756311841934794,0.026128108997232467,0.03533194390608222
2018-03-29,-0.015913396165323074,False,0.0397729405009238,0.04756311841934794,0.026128108997232467,0.03533194390608222
2018-04-02,0.030439645478037226,False,0.0397729405009238,0.04756311841934794,0.026128108997232467,0.03533194390608222
2018-04-03,-0.053392770289939724,False,0.0397729405009238,0.04756311841934794,0.026128108997232467,0.03533194390608222
2018-04-04,-0.009250015682732341,False,0.040310665412488365,0.04887320227605978,0.026210634110035637,0.03587597505462206
2018-04-05,0.013245226750020723,False,0.040310665412488365,0.04887320227605978,0.026210634110035637,0.03587597505462206
2018-04-06,-0.022173857494321967,False,0.040310665412488365,0.04887320227605978,0.026210634110035637,0.03587597505462206
2018-04-09,0.019778646768367224,False,0.040310665412488365,0.04887320227605978,0.026210634110035637,0.03587597505462206
2018-04-10,-0.00520938865926445,False,0.040310665412488365,0.04887320227605978,0.026210634110035637,0.03587597505462206
2018-04-11,0.02303517261186495,False,0.040310665412488365,0.04887320227605978,0.026210634110035637,0.03587597505462206
2018-04-12,-0.001965023230057625,False,0.040310665412488365,0.04887320227605978,0.026210634110035637,0.03587597505462206
2018-04-13,0.0086173662911612,False,0.040310665412488365,0.04887320227605978,0.026210634110035637,0.03587597505462206
2018-04-16,0.052423700479583425,False,0.040310665412488365,0.04887320227605978,0.026210634110035637,0.03587597505462206
2018-04-17,0.009576500443208617,False,0.040310665412488365,0.04887320227605978,0.026210634110035637,0.03587597505462206
2018-04-18,0.03458557964977995,False,0.040310665412488365,0.04887320227605978,0.026210634110035637,0.03587597505462206
2018-04-19,0.0024756864987668242,False,0.040310665412488365,0.04887320227605978,0.026210634110035637,0.03587597505462206
2018-04-20,-0.029392796946653924,False,0.040310665412488365,0.04887320227605978,0.026210634110035637,0.03587597505462206
2018-04-25,0.00738010729762246,False,0.040310665412488365,0.04887320227605978,0.026604506185291595,0.0359322382374609
2018-04-26,-0.01197619104671565,False,0.040310665412488365,0.04887320227605978,0.026604506185291595,0.0359322382374609
2018-05-02,-0.027484770593297736,False,0.040310665412488365,0.04887320227605978,0.026604506185291595,0.0359322382374609
2018-05-03,0.009828088936262693,False,0.040310665412488365,0.04887320227605978,0.027077380683212273,0.03594039354100078
2018-05-14,-0.009325749079573684,False,0.040310665412488365,0.04887320227605978,0.027077380683212273,0.03594039354100078
2018-05-15,-0.03857227478623962,False,0.040310665412488365,0.04887320227605978,0.027077380683212273,0.03594039354100078
2018-05-16,0.022223136784710256,False,0.040310665412488365,0.04887320227605978,0.02709003233378656,0.036170148821636064
2018-05-17,-0.03390155167568134,False,0.040310665412488365,0.04887320227605978,0.02709003233378656,0.036170148821636064
2018-05-18,0.01467018974779384,False,0.040310665412488365,0.04887320227605978,0.027197147131770984,0.036304281008335756
2018-05-21,-0.023806149752094514,False,0.040310665412488365,0.04887320227605978,0.027197147131770984,0.036304281008335756
2018-05-22,-0.009992396747485683,False,0.040310665412488365,0.04887320227605978,0.027197147131770984,0.036304281008335756
2018-05-23,0.011138966718307617,False,0.040310665412488365,0.04887320227605978,0.027197147131770984,0.036304281008335756
2018-05-24,-0.005746041475279823,False,0.040310665412488365,0.04887320227605978,0.027197147131770984,0.036304281008335756
2018-05-25,-0.01822108949713997,False,0.040310665412488365,0.04887320227605978,0.027197147131770984,0.036304281008335756
2018-05-29,-0.023353525217652146,False,0.040310665412488365,0.04887320227605978,0.027197147131770984,0.036304281008335756
2018-05-30,0.012733956390191887,False,0.040310665412488365,0.04887320227605978,0.027197147131770984,0.036304281008335756
2018-05-31,-0.030104621399108418,False,0.040310665412488365,0.04887320227605978,0.027197147131770984,0.036304281008335756
2018-06-01,0.0016286648551232807,False,0.040310665412488365,0.04887320227605978,0.027250495410571406,0.036361592673074254
2018-06-04,-0.04450724158591059,False,0.040310665412488365,0.04887320227605978,0.027250495410571406,0.036361592673074254
2018-06-05,-0.02672572858750285,False,0.04217546964638569,0.04910739636569787,0.02746901250310542,0.03670237384219372
2018-06-06,0.003053437486890248,False,0.04217546964638569,0.04910739636569787,0.02746901250310542,0.03670237384219372
2018-06-07,-0.009628083128975664,False,0.04217546964638569,0.04910739636569787,0.02746901250310542,0.03670237384219372
2018-06-08,0.05100741359789199,False,0.04217546964638569,0.04910739636569787,0.02746901250310542,0.03670237384219372
2018-06-11,-0.008814327790757241,False,0.04217546964638569,0.04910739636569787,0.02746901250310542,0.03670237384219372
2018-06-12,0.017137305507415747,False,0.04217546964638569,0.04910739636569787,0.02746901250310542,0.03670237384219372
2018-06-13,-0.01377029895951136,False,0.04217546964638569,0.04910739636569787,0.02746901250310542,0.03670237384219372
2018-06-14,0.028987536873252187,False,0.04217546964638569,0.04910739636569787,0.02746901250310542,0.03670237384219372
2018-06-15,0.040789340925907885,False,0.04217546964638569,0.04910739636569787,0.02746901250310542,0.03670237384219372
2018-06-18,-0.016993098098258257,False,0.04217546964638569,0.04910739636569787,0.02746901250310542,0.03670237384219372
2018-06-19,-0.016476161341143904,False,0.04217546964638569,0.04910739636569787,0.02746901250310542,0.03670237384219372
2018-06-20,0.039719279784573375,False,0.04217546964638569,0.04910739636569787,0.02746901250310542,0.03670237384219372
2018-06-21,-0.023243118443429463,False,0.04217546964638569,0.04910739636569787,0.02746901250310542,0.03670237384219372
2018-06-22,-0.010014103313052887,False,0.04217546964638569,0.04910739636569787,0.02746901250310542,0.03670237384219372
2018-06-25,-0.02074510026984675,False,0.04217546964638569,0.04910739636569787,0.02746901250310542,0.03670237384219372
2018-06-26,-0.0008223684673993002,False,0.04217546964638569,0.04910739636569787,0.02746901250310542,0.03670237384219372
2018-06-27,-0.03857920773194428,False,0.04217546964638569,0.04910739636569787,0.02746901250310542,0.03670237384219372
2018-07-09,-0.006527970958452043,False,0.04217546964638569,0.04910739636569787,0.027492909529694246,0.036924262584966644
2018-07-10,0.023463859619878537,False,0.04217546964638569,0.04910739636569787,0.027492909529694246,0.036924262584966644
2018-07-16,-0.04344096865061523,False,0.04217546964638569,0.04910739636569787,0.027492909529694246,0.036924262584966644
2018-07-17,-0.006243516639685047,False,0.043184784097890325,0.04913327359324585,0.02765286499427509,0.03724013097155439
2018-07-18,-0.024515175306157683,False,0.043184784097890325,0.04913327359324585,0.02765286499427509,0.03724013097155439
2018-07-19,-0.01944325670422782,False,0.043184784097890325,0.04913327359324585,0.02765286499427509,0.03724013097155439
2018-07-20,0.01300408442320661,False,0.043184784097890325,0.04913327359324585,0.02765286499427509,0.03724013097155439
2018-07-23,-0.009954637494655263,False,0.043184784097890325,0.04913327359324585,0.02765286499427509,0.03724013097155439
2018-07-24,-0.01843774794564583,False,0.043184784097890325,0.04913327359324585,0.02765286499427509,0.03724013097155439
2018-07-25,-0.005330976641180989,False,0.043184784097890325,0.04913327359324585,0.02765286499427509,0.03724013097155439
2018-07-26,0.030704166343979676,False,0.043184784097890325,0.04913327359324585,0.02765286499427509,0.03724013097155439
2018-07-27,-0.03606371468017656,False,0.043184784097890325,0.04913327359324585,0.02765286499427509,0.03724013097155439
2018-07-30,0.002683364758597028,False,0.043184784097890325,0.04913327359324585,0.027796482526909697,0.0374063280095145
2018-07-31,-0.0313021700642496,False,0.043184784097890325,0.04913327359324585,0.027796482526909697,0.0374063280095145
2018-08-01,-0.0471785602750905,False,0.043184784097890325,0.04913327359324585,0.02860789699814544,0.03746024625726059
2018-08-02,0.0009657171199590132,False,0.04344699712172347,0.049507032755693375,0.028654231302772604,0.03783103658074339
2018-08-03,-0.012627656867801918,False,0.04344699712172347,0.049507032755693375,0.028654231302772604,0.03783103658074339
2018-08-06,0.036472372662356624,False,0.04344699712172347,0.049507032755693375,0.028654231302772604,0.03783103658074339
2018-08-07,-0.008994143471228651,False,0.04344699712172347,0.049507032755693375,0.028654231302772604,0.03783103658074339
2018-08-08,0.003796872145620904,False,0.04344699712172347,0.049507032755693375,0.028654231302772604,0.03783103658074339
2018-08-09,-0.01431322145468624,False,0.04344699712172347,0.049507032755693375,0.028654231302772604,0.03783103658074339
2018-08-10,0.002399809167083365,False,0.04344699712172347,0.049507032755693375,0.028654231302772604,0.03783103658074339
2018-08-13,0.016639319003964724,False,0.04344699712172347,0.049507032755693375,0.028654231302772604,0.03783103658074339
2018-08-14,-0.006148044903429529,False,0.04344699712172347,0.049507032755693375,0.028654231302772604,0.03783103658074339
2018-08-15,-0.011930468400280935,False,0.04344699712172347,0.049507032755693375,0.028654231302772604,0.03783103658074339
2018-08-16,0.010031132596628382,False,0.04344699712172347,0.049507032755693375,0.028654231302772604,0.03783103658074339
2018-08-17,0.005214517622777785,False,0.04344699712172347,0.049507032755693375,0.028654231302772604,0.03783103658074339
2018-08-20,0.03849304348318828,False,0.04344699712172347,0.049507032755693375,0.028654231302772604,0.03783103658074339
2018-08-21,0.031791349816274975,False,0.04344699712172347,0.049507032755693375,0.028654231302772604,0.03783103658074339
2018-08-22,0.017908318735997467,False,0.04344699712172347,0.049507032755693375,0.028654231302772604,0.03783103658074339
2018-08-23,0.016742181143073628,False,0.04344699712172347,0.049507032755693375,0.028654231302772604,0.03783103658074339
2018-08-28,-0.011265283779791475,False,0.04344699712172347,0.049507032755693375,0.028654231302772604,0.03783103658074339
2018-08-29,0.01770722145347223,False,0.04344699712172347,0.049507032755693375,0.028654231302772604,0.03783103658074339
2018-08-30,-0.0321906872720519,False,0.04344699712172347,0.049507032755693375,0.028654231302772604,0.03783103658074339
2018-09-07,-0.009569451016150672,False,0.04344699712172347,0.049507032755693375,0.028946299930321055,0.0378959945634365
2018-09-12,0.031050359920722633,False,0.04344699712172347,0.049507032755693375,0.028946299930321055,0.0378959945634365
2018-09-13,-0.017563098696896234,False,0.04344699712172347,0.049507032755693375,0.028946299930321055,0.0378959945634365
2018-09-14,-0.04192098482102797,False,0.04344699712172347,0.049507032755693375,0.028946299930321055,0.0378959945634365
2018-09-17,0.007631911342395938,False,0.04344699712172347,0.049507032755693375,0.029032012643423387,0.03815415377993936
2018-09-18,0.0026797693571155145,False,0.04344699712172347,0.049507032755693375,0.029032012643423387,0.03815415377993936
2018-09-19,-0.021186278122833455,False,0.04344699712172347,0.049507032755693375,0.029032012643423387,0.03815415377993936
2018-09-20,0.0027297560171898956,False,0.04344699712172347,0.049507032755693375,0.029032012643423387,0.03815415377993936
2018-09-21,-0.015568079990102563,False,0.04344699712172347,0.049507032755693375,0.029032012643423387,0.03815415377993936
2018-09-24,0.030897505511310073,False,0.04344699712172347,0.049507032755693375,0.029032012643423387,0.03815415377993936
2018-09-25,-0.018059181538397532,False,0.04344699712172347,0.049507032755693375,0.029032012643423387,0.03815415377993936
2018-09-26,-0.0202491962415417,False,0.04344699712172347,0.049507032755693375,0.029032012643423387,0.03815415377993936
2018-09-27,-0.017350962837547057,False,0.04344699712172347,0.049507032755693375,0.029032012643423387,0.03815415377993936
2018-09-28,-0.027333276777225787,False,0.04344699712172347,0.049507032755693375,0.029032012643423387,0.03815415377993936
2018-10-01,-0.0331139719344191,False,0.04344699712172347,0.049507032755693375,0.029032012643423387,0.03815415377993936
2018-10-02,0.047113717842179624,False,0.04344699712172347,0.049507032755693375,0.029399774477572096,0.03822857727969466
2018-10-03,-0.0326460172478803,False,0.04344699712172347,0.049507032755693375,0.029399774477572096,0.03822857727969466
2018-10-04,-0.004467617259716045,False,0.04344699712172347,0.049507032755693375,0.029539721085117182,0.038290850673351924
2018-10-05,0.006941029354234763,False,0.04344699712172347,0.049507032755693375,0.029539721085117182,0.038290850673351924
2018-10-08,0.03017260515336153,False,0.04344699712172347,0.049507032755693375,0.029539721085117182,0.038290850673351924
2018-10-09,0.01569592270758133,False,0.04344699712172347,0.049507032755693375,0.029539721085117182,0.038290850673351924
2018-10-10,-0.01473760926576969,False,0.04344699712172347,0.049507032755693375,0.029539721085117182,0.038290850673351924
2018-10-11,0.004301081899390702,False,0.04344699712172347,0.049507032755693375,0.029539721085117182,0.038290850673351924
2018-10-12,0.029600469776290682,False,0.04344699712172347,0.049507032755693375,0.029539721085117182,0.038290850673351924
2018-10-15,-0.008835212088527895,False,0.04344699712172347,0.049507032755693375,0.029539721085117182,0.038290850673351924
2018-10-16,0.02445335224549266,False,0.04344699712172347,0.049507032755693375,0.029539721085117182,0.038290850673351924
2018-10-17,0.01447989100031465,False,0.04344699712172347,0.049507032755693375,0.029539721085117182,0.038290850673351924
2018-10-18,-0.03706670047337282,False,0.04344699712172347,0.049507032755693375,0.029539721085117182,0.038290850673351924
2018-10-19,0.007894166837036172,False,0.04344699712172347,0.049507032755693375,0.029699140186460124,0.038438588323479114
2018-10-22,0.026473476667171585,False,0.04344699712172347,0.049507032755693375,0.029699140186460124,0.038438588323479114
2018-10-23,-0.014976454189557249,False,0.04344699712172347,0.049507032755693375,0.029699140186460124,0.038438588323479114
2018-10-24,-0.02312776535762024,False,0.04344699712172347,0.049507032755693375,0.029699140186460124,0.038438588323479114
2018-10-25,0.033136948100969635,False,0.04344699712172347,0.049507032755693375,0.029699140186460124,0.038438588323479114
2018-10-26,0.018834637486615145,False,0.04344699712172347,0.049507032755693375,0.029699140186460124,0.038438588323479114
2018-10-29,-0.025192515397460476,False,0.04344699712172347,0.049507032755693375,0.029699140186460124,0.038438588323479114
2018-10-30,0.009070356969964279,False,0.04344699712172347,0.049507032755693375,0.029699140186460124,0.038438588323479114
2018-10-31,0.008541297149910011,False,0.04344699712172347,0.049507032755693375,0.029699140186460124,0.038438588323479114
2018-11-01,0.013339459693927599,False,0.04344699712172347,0.049507032755693375,0.029699140186460124,0.038438588323479114
2018-11-02,0.0013242111844554507,False,0.04344699712172347,0.049507032755693375,0.029699140186460124,0.038438588323479114
2018-11-05,0.01965557928473899,False,0.04344699712172347,0.049507032755693375,0.029699140186460124,0.038438588323479114
2018-11-06,0.028567280510689616,False,0.04344699712172347,0.049507032755693375,0.029699140186460124,0.038438588323479114
2018-11-07,0.0016799667957843462,False,0.04344699712172347,0.049507032755693375,0.029699140186460124,0.038438588323479114
2018-11-08,-0.05078543918160774,False,0.04344699712172347,0.049507032755693375,0.029699140186460124,0.038438588323479114
2018-11-09,-0.006644542718668613,False,0.04404597547525603,0.050181195097710206,0.030068180308108254,0.038852971859992265
2018-11-12,-0.01839029177834867,False,0.04404597547525603,0.050181195097710206,0.030068180308108254,0.038852971859992265
2018-11-13,0.0009049774373291464,False,0.04404597547525603,0.050181195097710206,0.030068180308108254,0.038852971859992265
2018-11-14,-0.02426303503936633,False,0.04404597547525603,0.050181195097710206,0.030068180308108254,0.038852971859992265
2018-11-15,0.0037002817428559466,False,0.04404597547525603,0.050181195097710206,0.030068180308108254,0.038852971859992265
2018-11-16,0.012388320856952266,False,0.04404597547525603,0.050181195097710206,0.030068180308108254,0.038852971859992265
2018-11-19,-0.017479745880040004,False,0.04404597547525603,0.050181195097710206,0.030068180308108254,0.038852971859992265
2018-11-20,-0.005117480347155575,False,0.04404597547525603,0.050181195097710206,0.030068180308108254,0.038852971859992265
2018-11-21,-0.028384119317435126,False,0.04404597547525603,0.050181195097710206,0.030068180308108254,0.038852971859992265
2018-11-23,-0.011097821982798534,False,0.04404597547525603,0.050181195097710206,0.030068180308108254,0.038852971859992265
2018-11-26,-0.0019426912375018798,False,0.04404597547525603,0.050181195097710206,0.030068180308108254,0.038852971859992265
2018-12-07,0.04562277186361176,False,0.04404597547525603,0.050181195097710206,0.030068180308108254,0.038852971859992265
2018-12-14,0.01667832214372241,False,0.04404597547525603,0.050181195097710206,0.030068180308108254,0.038852971859992265
2018-12-17,-0.0031340970359651187,False,0.04404597547525603,0.050181195097710206,0.030068180308108254,0.038852971859992265
2018-12-18,0.01821867765139401,False,0.04404597547525603,0.050181195097710206,0.030068180308108254,0.038852971859992265
2018-12-19,0.02005298232681771,False,0.04404597547525603,0.050181195097710206,0.030068180308108254,0.038852971859992265
2018-12-20,-0.020052982326817716,False,0.04404597547525603,0.050181195097710206,0.030068180308108254,0.038852971859992265
2018-12-21,0.0,False,0.04404597547525603,0.050181195097710206,0.030068180308108254,0.038852971859992265
2018-12-24,0.019189424414776064,False,0.04404597547525603,0.050181195097710206,0.030068180308108254,0.038852971859992265
2018-12-26,0.04806996248183811,False,0.04404597547525603,0.050181195097710206,0.030068180308108254,0.038852971859992265
2018-12-27,-0.023324672566408893,False,0.04404597547525603,0.050181195097710206,0.030068180308108254,0.038852971859992265
2018-12-28,0.014641549992948187,False,0.04404597547525603,0.050181195097710206,0.030068180308108254,0.038852971859992265
2018-12-31,0.0033167526259938207,False,0.04404597547525603,0.050181195097710206,0.030068180308108254,0.038852971859992265
2019-01-02,-0.009147672936787072,False,0.04404597547525603,0.050181195097710206,0.030068180308108254,0.038852971859992265
2019-01-03,0.0025031302181184748,False,0.04404597547525603,0.050181195097710206,0.030068180308108254,0.038852971859992265
2019-01-04,-0.016383479250524056,False,0.04404597547525603,0.050181195097710206,0.030068180308108254,0.038852971859992265
2019-01-07,0.020541489399187728,False,0.04404597547525603,0.050181195097710206,0.030068180308108254,0.038852971859992265
2019-01-08,-0.011686276569455223,False,0.04404597547525603,0.050181195097710206,0.030068180308108254,0.038852971859992265
2019-01-09,-0.01309970137517594,False,0.04404597547525603,0.050181195097710206,0.030068180308108254,0.038852971859992265
2019-01-10,0.007627155618715897,False,0.04404597547525603,0.050181195097710206,0.030068180308108254,0.038852971859992265
2019-01-11,-0.005502659387308164,False,0.04404597547525603,0.050181195097710206,0.030068180308108254,0.038852971859992265
2019-01-14,-0.006387077280566536,False,0.04404597547525603,0.050181195097710206,0.030068180308108254,0.038852971859992265
2019-01-15,-0.02903779318042937,False,0.04404597547525603,0.050181195097710206,0.030068180308108254,0.038852971859992265
2019-01-16,0.02088848794735553,False,0.04404597547525603,0.050181195097710206,0.030068180308108254,0.038852971859992265
2019-01-17,0.00558300784516079,False,0.04404597547525603,0.050181195097710206,0.030068180308108254,0.038852971859992265
2019-01-18,-0.012063911929244,False,0.04404597547525603,0.050181195097710206,0.030068180308108254,0.038852971859992265
2019-01-22,-0.02679712287536521,False,0.04404597547525603,0.050181195097710206,0.030068180308108254,0.038852971859992265
2019-01-23,-0.0004453351220337745,False,0.04404597547525603,0.050181195097710206,0.030068180308108254,0.038852971859992265
2019-01-24,0.004887812441594806,False,0.04404597547525603,0.050181195097710206,0.029699140186460124,0.03866309381311461
2019-01-25,-0.013836418017608956,False,0.04404597547525603,0.050181195097710206,0.029699140186460124,0.03866309381311461
2019-01-28,0.011173300598125255,False,0.04404597547525603,0.050181195097710206,0.029699140186460124,0.03866309381311461
2019-01-29,-0.015677812719229793,False,0.04404597547525603,0.050181195097710206,0.029699140186460124,0.03866309381311461
2019-01-30,-0.017764074503402748,False,0.04404597547525603,0.050181195097710206,0.029699140186460124,0.03866309381311461
2019-01-31,-0.003683245416296405,False,0.04404597547525603,0.050181195097710206,0.029699140186460124,0.03866309381311461
2019-02-01,0.0,False,0.04404597547525603,0.050181195097710206,0.029699140186460124,0.03866309381311461
2019-02-04,0.02729923848763777,False,0.04404597547525603,0.050181195097710206,0.029699140186460124,0.03866309381311461
2019-02-05,-0.004047678114580742,False,0.04404597547525603,0.050181195097710206,0.029539721085117182,0.03862600728431311
2019-02-06,0.016979853884941793,False,0.04404597547525603,0.050181195097710206,0.029539721085117182,0.03862600728431311
2019-02-07,-0.016078952923108254,False,0.04404597547525603,0.050181195097710206,0.029539721085117182,0.03862600728431311
2019-02-08,-0.011320021265006187,False,0.04404597547525603,0.050181195097710206,0.029539721085117182,0.03862600728431311
2019-02-11,0.012669852741051686,False,0.04404597547525603,0.050181195097710206,0.029539721085117182,0.03862600728431311
2019-02-12,0.0013480118868945657,False,0.04404597547525603,0.050181195097710206,0.029539721085117182,0.03862600728431311
2019-02-13,0.00938554375621413,False,0.04404597547525603,0.050181195097710206,0.029539721085117182,0.03862600728431311
2019-02-14,-0.007142887512380114,False,0.04404597547525603,0.050181195097710206,0.029539721085117182,0.03862600728431311
2019-02-15,0.03304993467255219,False,0.04404597547525603,0.050181195097710206,0.029539721085117182,0.03862600728431311
2019-02-19,0.014202950177993535,False,0.04404597547525603,0.050181195097710206,0.029539721085117182,0.03862600728431311
2019-02-20,-0.01811174994304617,False,0.04404597547525603,0.050181195097710206,0.029539721085117182,0.03862600728431311
2019-02-25,-0.009743212594512532,False,0.04404597547525603,0.050181195097710206,0.029539721085117182,0.03862600728431311
2019-02-26,0.008861378322199857,False,0.04404597547525603,0.050181195097710206,0.029539721085117182,0.03862600728431311
2019-03-11,-0.004557893031898218,False,0.04404597547525603,0.050181195097710206,0.029539721085117182,0.03862600728431311
2019-03-14,-0.0009082652758814559,False,0.04404597547525603,0.050181195097710206,0.029539721085117182,0.03862600728431311
2019-03-15,-0.0018190091418514135,False,0.04404597547525603,0.050181195097710206,0.029539721085117182,0.03862600728431311
2019-03-18,-0.0004552697551890114,False,0.04404597547525603,0.050181195097710206,0.029539721085117182,0.03862600728431311
2019-03-19,0.002728514653203914,False,0.04404597547525603,0.050181195097710206,0.029539721085117182,0.03862600728431311
2019-03-20,-0.027159321809048263,False,0.04404597547525603,0.050181195097710206,0.029539721085117182,0.03862600728431311
2019-03-21,-0.005146210187841857,False,0.04404597547525603,0.050181195097710206,0.029539721085117182,0.03862600728431311
2019-03-22,0.012584645229072274,False,0.04404597547525603,0.050181195097710206,0.029539721085117182,0.03862600728431311
2019-03-25,0.02605861735236717,False,0.04404597547525603,0.050181195097710206,0.029539721085117182,0.03862600728431311
2019-03-26,0.009431913622955094,False,0.04404597547525603,0.050181195097710206,0.029539721085117182,0.03862600728431311
2019-03-27,0.00490524952345214,False,0.04404597547525603,0.050181195097710206,0.029539721085117182,0.03862600728431311
2019-03-28,0.0039955658039539455,False,0.04404597547525603,0.050181195097710206,0.029539721085117182,0.03862600728431311
2019-03-29,0.010138945130950785,False,0.04404597547525603,0.050181195097710206,0.029539721085117182,0.03862600728431311
2019-04-01,0.020404441353805286,False,0.04404597547525603,0.050181195097710206,0.029539721085117182,0.03862600728431311
2019-04-02,0.01238538146918555,False,0.04404597547525603,0.050181195097710206,0.029539721085117182,0.03862600728431311
2019-04-03,0.00845313571105819,False,0.04404597547525603,0.050181195097710206,0.029539721085117182,0.03862600728431311
2019-04-04,0.016280885604137537,False,0.04404597547525603,0.050181195097710206,0.029539721085117182,0.03862600728431311
2019-04-05,-0.0008285004616413452,False,0.04404597547525603,0.050181195097710206,0.029539721085117182,0.03862600728431311
2019-04-08,0.007020470709562407,False,0.04404597547525603,0.050181195097710206,0.029539721085117182,0.03862600728431311
2019-04-09,0.006562779912523582,False,0.04404597547525603,0.050181195097710206,0.029539721085117182,0.03862600728431311
2019-04-10,-0.0012272449893771594,False,0.04404597547525603,0.050181195097710206,0.029539721085117182,0.03862600728431311
2019-04-11,-0.02277059674524772,False,0.04404597547525603,0.050181195097710206,0.029539721085117182,0.03862600728431311
2019-04-12,0.01496287267671232,False,0.04404597547525603,0.050181195097710206,0.029539721085117182,0.03862600728431311
2019-04-15,-0.007453450654580891,False,0.04404597547525603,0.050181195097710206,0.029539721085117182,0.03862600728431311
2019-04-16,-0.017610518008635393,False,0.04404597547525603,0.050181195097710206,0.029539721085117182,0.03862600728431311
2019-04-17,0.02341244062474326,False,0.04404597547525603,0.050181195097710206,0.029539721085117182,0.03862600728431311
2019-04-18,-0.016667052485211647,False,0.04404597547525603,0.050181195097710206,0.029539721085117182,0.03862600728431311
2019-04-22,-0.014388737452099556,False,0.04404597547525603,0.050181195097710206,0.029539721085117182,0.03862600728431311
2019-04-23,-0.018065007397638888,False,0.04404597547525603,0.050181195097710206,0.029539721085117182,0.03862600728431311
2019-04-24,-0.019281929549450284,False,0.04404597547525603,0.050181195097710206,0.029399774477572096,0.0386230578762732
2019-04-25,0.014932205422984526,False,0.04404597547525603,0.050181195097710206,0.029399774477572096,0.0386230578762732
2019-05-03,0.0021048208149636208,False,0.04404597547525603,0.050181195097710206,0.029399774477572096,0.0386230578762732
2019-05-06,-0.019104805229297177,False,0.04404597547525603,0.050181195097710206,0.029399774477572096,0.0386230578762732
2019-05-16,0.014437618085602259,False,0.04404597547525603,0.050181195097710206,0.029399774477572096,0.0386230578762732
2019-05-17,-0.008042371390253615,False,0.04404597547525603,0.050181195097710206,0.029399774477572096,0.0386230578762732
2019-05-20,0.014346237611467525,False,0.04404597547525603,0.050181195097710206,0.029399774477572096,0.0386230578762732
2019-05-21,0.024416689908287673,False,0.04404597547525603,0.050181195097710206,0.029399774477572096,0.0386230578762732
2019-05-22,-0.01358325062208597,False,0.04404597547525603,0.050181195097710206,0.029399774477572096,0.0386230578762732
2019-05-23,0.005373023878963733,False,0.04404597547525603,0.050181195097710206,0.029399774477572096,0.0386230578762732
2019-05-24,0.016759027025361268,False,0.04404597547525603,0.050181195097710206,0.029399774477572096,0.0386230578762732
2019-05-28,-0.006914812990584019,False,0.04404597547525603,0.050181195097710206,0.029399774477572096,0.0386230578762732
2019-05-29,-0.004909993497555782,False,0.04404597547525603,0.050181195097710206,0.029399774477572096,0.0386230578762732
2019-05-30,-0.004110157861827986,False,0.04404597547525603,0.050181195097710206,0.029399774477572096,0.0386230578762732
2019-05-31,-0.011599135843351918,False,0.04404597547525603,0.050181195097710206,0.029399774477572096,0.0386230578762732
2019-06-03,-0.02062796779596745,False,0.04404597547525603,0.050181195097710206,0.029399774477572096,0.0386230578762732
2019-06-04,0.0038208494795862157,False,0.04404597547525603,0.050181195097710206,0.029399774477572096,0.0386230578762732
2019-06-05,0.017223698201597443,False,0.04404597547525603,0.050181195097710206,0.029399774477572096,0.0386230578762732
2019-06-06,0.010770609505348083,False,0.04404597547525603,0.050181195097710206,0.029399774477572096,0.0386230578762732
2019-06-07,0.020795856462486304,False,0.04404597547525603,0.050181195097710206,0.029399774477572096,0.0386230578762732
2019-06-10,0.02628586227092506,False,0.04404597547525603,0.050181195097710206,0.029399774477572096,0.0386230578762732
2019-06-11,-0.0019673427553343692,False,0.04404597547525603,0.050181195097710206,0.029399774477572096,0.0386230578762732
2019-06-12,0.011357083105173313,False,0.04404597547525603,0.050181195097710206,0.029399774477572096,0.0386230578762732
2019-06-13,-0.016094557421657555,False,0.04404597547525603,0.050181195097710206,0.029399774477572096,0.0386230578762732
2019-06-14,-0.00994241636133776,False,0.04404597547525603,0.050181195097710206,0.029399774477572096,0.0386230578762732
2019-06-17,-0.0007996801705642901,False,0.04404597547525603,0.050181195097710206,0.029399774477572096,0.0386230578762732
2019-06-18,0.011533235813673085,False,0.04404597547525603,0.050181195097710206,0.029399774477572096,0.0386230578762732
2019-06-19,0.0035524016043679218,False,0.04404597547525603,0.050181195097710206,0.029399774477572096,0.0386230578762732
2019-06-20,-0.02675344228572288,False,0.04404597547525603,0.050181195097710206,0.029399774477572096,0.0386230578762732
2019-07-17,-0.012300278081651676,False,0.04404597547525603,0.050181195097710206,0.029399774477572096,0.0386230578762732
2019-07-18,0.0065789710980425605,False,0.04404597547525603,0.050181195097710206,0.029399774477572096,0.0386230578762732
2019-07-19,0.01100479824210923,False,0.04404597547525603,0.050181195097710206,0.029399774477572096,0.0386230578762732
2019-07-22,0.026006666734710207,False,0.04404597547525603,0.050181195097710206,0.029399774477572096,0.0386230578762732
2019-07-23,-0.02276910826127611,False,0.04404597547525603,0.050181195097710206,0.029399774477572096,0.0386230578762732
2019-07-24,-0.0048602768822527944,False,0.04404597547525603,0.050181195097710206,0.029399774477572096,0.0386230578762732
2019-07-25,-0.011844124573065464,False,0.04404597547525603,0.050181195097710206,0.029399774477572096,0.0386230578762732
2019-07-26,-0.018661126221662924,False,0.04404597547525603,0.050181195097710206,0.029399774477572096,0.0386230578762732
2019-07-29,-0.0025146702270674426,False,0.04404597547525603,0.050181195097710206,0.029399774477572096,0.0386230578762732
2019-07-30,-0.001679966795784413,False,0.04404597547525603,0.050181195097710206,0.029399774477572096,0.0386230578762732
2019-07-31,-0.01439482942257797,False,0.04404597547525603,0.050181195097710206,0.029399774477572096,0.0386230578762732
2019-08-01,-0.0068464109960387825,False,0.04404597547525603,0.050181195097710206,0.029399774477572096,0.0386230578762732
2019-08-02,-0.0038718052239853384,False,0.04404597547525603,0.050181195097710206,0.029399774477572096,0.0386230578762732
2019-08-05,-0.005185837032365414,False,0.04404597547525603,0.050181195097710206,0.029399774477572096,0.0386230578762732
2019-08-06,-0.024562638368409197,False,0.04404597547525603,0.050181195097710206,0.029399774477572096,0.0386230578762732
2019-08-07,-0.01251133388910798,False,0.04404597547525603,0.050181195097710206,0.029399774477572096,0.0386230578762732
2019-08-08,-0.008579867489526629,False,0.04404597547525603,0.050181195097710206,0.029399774477572096,0.0386230578762732
2019-08-09,-0.0045454623716746105,False,0.04404597547525603,0.050181195097710206,0.029399774477572096,0.0386230578762732
2019-08-12,-0.0004556846740961244,False,0.04404597547525603,0.050181195097710206,0.029399774477572096,0.0386230578762732
2019-08-13,-0.01886414347081247,False,0.04404597547525603,0.050181195097710206,0.029399774477572096,0.0386230578762732
2019-08-14,-0.004655501890786011,False,0.04404597547525603,0.050181195097710206,0.029399774477572096,0.0386230578762732
2019-08-15,-0.004208563611878341,False,0.04404597547525603,0.050181195097710206,0.029399774477572096,0.0386230578762732
2019-08-16,-0.010836384013378077,False,0.04404597547525603,0.050181195097710206,0.029399774477572096,0.0386230578762732
2019-08-19,0.0070805110535726,False,0.04404597547525603,0.050181195097710206,0.029399774477572096,0.0386230578762732
2019-08-20,0.010760337740617167,False,0.04404597547525603,0.050181195097710206,0.029399774477572096,0.0386230578762732
2019-08-21,0.019355442952956072,False,0.04404597547525603,0.050181195097710206,0.029399774477572096,0.0386230578762732
2019-08-22,0.004099299750940674,False,0.04404597547525603,0.050181195097710206,0.029399774477572096,0.0386230578762732
2019-08-23,0.003629768050578731,False,0.04404597547525603,0.050181195097710206,0.029399774477572096,0.0386230578762732
2019-09-16,0.03719171965928513,False,0.04404597547525603,0.050181195097710206,0.029399774477572096,0.0386230578762732
2019-09-17,0.004605409019176298,False,0.04404597547525603,0.050181195097710206,0.029399774477572096,0.0386230578762732
2019-09-18,0.002919710103334846,False,0.04404597547525603,0.050181195097710206,0.029399774477572096,0.0386230578762732
2019-09-19,0.027522788804025266,False,0.04404597547525603,0.050181195097710206,0.029399774477572096,0.0386230578762732
2019-09-20,0.0020238824961378503,False,0.04404597547525603,0.050181195097710206,0.029399774477572096,0.0386230578762732
2019-09-23,-0.007712642250559477,False,0.04404597547525603,0.050181195097710206,0.029399774477572096,0.0386230578762732
2019-09-24,-0.006131227054936408,False,0.04404597547525603,0.050181195097710206,0.029399774477572096,0.0386230578762732
2019-09-25,0.012225091129259276,False,0.04404597547525603,0.050181195097710206,0.029399774477572096,0.0386230578762732
2019-09-26,0.01447552417378568,False,0.04404597547525603,0.050181195097710206,0.029399774477572096,0.0386230578762732
2019-09-27,-0.006006024060211922,False,0.04404597547525603,0.050181195097710206,0.029399774477572096,0.0386230578762732
2019-09-30,-0.01946533478810335,False,0.04404597547525603,0.050181195097710206,0.029399774477572096,0.0386230578762732
2019-10-01,0.004494389587839267,False,0.04404597547525603,0.050181195097710206,0.029399774477572096,0.0386230578762732
2019-10-02,0.011752921506063189,False,0.04404597547525603,0.050181195097710206,0.029399774477572096,0.0386230578762732
2019-10-03,0.015194214740916532,False,0.04404597547525603,0.050181195097710206,0.029399774477572096,0.0386230578762732
2019-10-04,-0.018018505502678365,False,0.04404597547525603,0.050181195097710206,0.029399774477572096,0.0386230578762732
2019-10-07,-0.021646750889753142,False,0.04404597547525603,0.050181195097710206,0.029399774477572096,0.0386230578762732
2019-10-08,0.01067771951917911,False,0.04404597547525603,0.050181195097710206,0.029399774477572096,0.0386230578762732
2019-10-09,-0.0168902058491448,False,0.04404597547525603,0.050181195097710206,0.029399774477572096,0.0386230578762732
2019-10-10,0.021780191143336528,False,0.04404597547525603,0.050181195097710206,0.029399774477572096,0.0386230578762732
2019-10-11,0.018526506529605212,False,0.04404597547525603,0.050181195097710206,0.029399774477572096,0.0386230578762732
2019-10-14,-0.02300807850384585,False,0.04404597547525603,0.050181195097710206,0.029399774477572096,0.0386230578762732
2019-10-15,0.02937245957269722,False,0.04404597547525603,0.050181195097710206,0.029399774477572096,0.0386230578762732
2019-10-16,-0.0027794339910252766,False,0.04404597547525603,0.050181195097710206,0.029399774477572096,0.0386230578762732
2019-10-17,-0.010793628674769478,False,0.04404597547525603,0.050181195097710206,0.029399774477572096,0.0386230578762732
2019-10-18,-0.0008041817884136879,False,0.04404597547525603,0.050181195097710206,0.029399774477572096,0.0386230578762732
2019-10-21,-0.004838719118223221,False,0.04404597547525603,0.050181195097710206,0.029399774477572096,0.0386230578762732
2019-10-22,-0.010564909320216469,False,0.04404597547525603,0.050181195097710206,0.029399774477572096,0.0386230578762732
2019-10-23,0.0036697288889624017,False,0.04404597547525603,0.050181195097710206,0.029399774477572096,0.0386230578762732
2019-10-24,0.002439025599358789,False,0.04404597547525603,0.050181195097710206,0.029399774477572096,0.0386230578762732
2019-10-25,-0.011433362603847735,False,0.04404597547525603,0.050181195097710206,0.029399774477572096,0.0386230578762732
2019-10-28,0.011433362603847653,False,0.04404597547525603,0.050181195097710206,0.029399774477572096,0.0386230578762732
2019-10-29,0.008892540410191115,False,0.04404597547525603,0.050181195097710206,0.029399774477572096,0.0386230578762732
2019-10-30,-0.01255331325987237,False,0.04404597547525603,0.050181195097710206,0.029399774477572096,0.0386230578762732
2019-10-31,-0.021001389534387845,False,0.04404597547525603,0.050181195097710206,0.029399774477572096,0.0386230578762732
2019-11-01,0.030733826452618917,False,0.04404597547525603,0.050181195097710206,0.029399774477572096,0.0386230578762732
2019-11-04,0.003223209881568699,False,0.04404597547525603,0.050181195097710206,0.029399774477572096,0.0386230578762732
2019-11-05,-0.0008048290172870395,False,0.04404597547525603,0.050181195097710206,0.029399774477572096,0.0386230578762732
2019-11-06,-0.0162341227618834,False,0.04404597547525603,0.050181195097710206,0.029399774477572096,0.0386230578762732
2019-11-07,-0.0016380020042383583,False,0.04404597547525603,0.050181195097710206,0.029399774477572096,0.0386230578762732
2019-11-08,0.025491973144526565,False,0.04404597547525603,0.050181195097710206,0.029399774477572096,0.0386230578762732
2019-11-11,0.011914358569901081,False,0.04404597547525603,0.050181195097710206,0.029399774477572096,0.0386230578762732
2019-11-12,0.03871950949463423,False,0.04404597547525603,0.050181195097710206,0.029399774477572096,0.0386230578762732
2019-11-13,0.015825499833797517,False,0.04404597547525603,0.050181195097710206,0.029399774477572096,0.0386230578762732
2019-11-14,0.03164355260004745,False,0.04404597547525603,0.050181195097710206,0.029399774477572096,0.0386230578762732
2019-11-15,0.0018093002945490874,False,0.04404597547525603,0.050181195097710206,0.029399774477572096,0.0386230578762732
2019-11-18,-0.008714652102443775,False,0.04404597547525603,0.050181195097710206,0.029399774477572096,0.0386230578762732
2019-11-19,-0.017660503151950363,False,0.04404597547525603,0.050181195097710206,0.029399774477572096,0.0386230578762732
2019-11-20,-0.004464293128685493,False,0.04404597547525603,0.050181195097710206,0.029399774477572096,0.0386230578762732
2019-11-25,-0.007152298511552654,False,0.04404597547525603,0.050181195097710206,0.029399774477572096,0.0386230578762732
2019-11-26,0.02167498905348052,False,0.04404597547525603,0.050181195097710206,0.029399774477572096,0.0386230578762732
2019-12-03,0.010315277711832799,False,0.04404597547525603,0.050181195097710206,0.029399774477572096,0.0386230578762732
2019-12-04,-0.007247790643971099,False,0.04404597547525603,0.050181195097710206,0.029399774477572096,0.0386230578762732
2019-12-05,0.01255485389607811,False,0.04404597547525603,0.050181195097710206,0.029399774477572096,0.0386230578762732
2019-12-06,0.002643007013353307,False,0.04404597547525603,0.050181195097710206,0.029399774477572096,0.0386230578762732
2019-12-16,-0.04419547279112168,False,0.04404597547525603,0.050181195097710206,0.029399774477572096,0.0386230578762732
2019-12-17,-0.004331568103538748,False,0.044196115934641456,0.050181195097710206,0.029559043304564034,0.03891632038079528
2019-12-18,-0.011111225425070722,False,0.044196115934641456,0.050181195097710206,0.029559043304564034,0.03891632038079528
2019-12-19,-0.028741099939323476,False,0.044196115934641456,0.050181195097710206,0.029559043304564034,0.03891632038079528
2019-12-20,-0.007419654813207107,False,0.044196115934641456,0.050181195097710206,0.029559043304564034,0.03891632038079528
2019-12-23,0.004128825023118396,False,0.044196115934641456,0.050181195097710206,0.029559043304564034,0.03891632038079528
2019-12-24,0.006570865531139048,False,0.044196115934641456,0.050181195097710206,0.029559043304564034,0.03891632038079528
2019-12-26,-0.01567688871787888,False,0.044196115934641456,0.050181195097710206,0.029559043304564034,0.03891632038079528
2019-12-27,0.03754010773991166,False,0.044196115934641456,0.050181195097710206,0.029559043304564034,0.03891632038079528
2019-12-30,-0.013709892159235331,False,0.044196115934641456,0.050181195097710206,0.029559043304564034,0.03891632038079528
2019-12-31,0.03078396189204432,False,0.044196115934641456,0.050181195097710206,0.029559043304564034,0.03891632038079528
2020-01-02,-0.0031545767485154324,False,0.044196115934641456,0.050181195097710206,0.029559043304564034,0.03891632038079528
2020-01-03,-0.005147506911456564,False,0.044196115934641456,0.050181195097710206,0.029559043304564034,0.03891632038079528
2020-01-06,-0.013991833299240801,False,0.044196115934641456,0.050181195097710206,0.029559043304564034,0.03891632038079528
2020-01-07,0.019534206948305922,False,0.044196115934641456,0.050181195097710206,0.029559043304564034,0.03891632038079528
2020-01-08,-0.012713719124056144,False,0.044196115934641456,0.050181195097710206,0.029559043304564034,0.03891632038079528
2020-01-09,0.020970105714865482,False,0.044196115934641456,0.050181195097710206,0.029559043304564034,0.03891632038079528
2020-01-10,0.013610943159053052,False,0.044196115934641456,0.050181195097710206,0.029559043304564034,0.03891632038079528
2020-01-13,-0.002320186655697198,False,0.044196115934641456,0.050181195097710206,0.029559043304564034,0.03891632038079528
2020-01-14,0.027493140580198708,False,0.044196115934641456,0.050181195097710206,0.029559043304564034,0.03891632038079528
2020-01-15,0.012724722592825505,False,0.044196115934641456,0.050181195097710206,0.029559043304564034,0.03891632038079528
2020-01-16,0.008516992791421516,False,0.044196115934641456,0.050181195097710206,0.029559043304564034,0.03891632038079528
2020-01-17,0.03086104414167363,False,0.044196115934641456,0.050181195097710206,0.029559043304564034,0.03891632038079528
2020-01-21,0.007479999256665702,False,0.044196115934641456,0.050181195097710206,0.029559043304564034,0.03891632038079528
2020-01-22,-0.005337141293837261,False,0.044196115934641456,0.050181195097710206,0.029559043304564034,0.03891632038079528
2020-01-23,-0.011482006301809913,False,0.044196115934641456,0.050181195097710206,0.029559043304564034,0.03891632038079528
2020-01-24,-0.013808358934910375,False,0.044196115934641456,0.050181195097710206,0.029559043304564034,0.03891632038079528
2020-01-27,0.0003658313558268845,False,0.044196115934641456,0.050181195097710206,0.029559043304564034,0.03891632038079528
2020-01-28,-0.01140347100744729,False,0.044196115934641456,0.050181195097710206,0.029559043304564034,0.03891632038079528
2020-01-29,0.008839836569141021,False,0.044196115934641456,0.050181195097710206,0.029559043304564034,0.03891632038079528
2020-01-30,0.026774392414519933,False,0.044196115934641456,0.050181195097710206,0.029559043304564034,0.03891632038079528
2020-01-31,-0.00860528795330894,False,0.044196115934641456,0.050181195097710206,0.029559043304564034,0.03891632038079528
2020-02-03,-0.015605470022904655,False,0.044196115934641456,0.050181195097710206,0.029559043304564034,0.03891632038079528
2020-02-04,0.008377393739901843,False,0.044196115934641456,0.050181195097710206,0.029559043304564034,0.03891632038079528
2020-02-05,0.011898463791614518,False,0.044196115934641456,0.050181195097710206,0.029559043304564034,0.03891632038079528
2020-02-06,0.02092645968249699,False,0.044196115934641456,0.050181195097710206,0.029559043304564034,0.03891632038079528
2020-02-07,0.017742681476657148,False,0.044196115934641456,0.050181195097710206,0.029559043304564034,0.03891632038079528
2020-02-10,0.013698844358161927,False,0.044196115934641456,0.050181195097710206,0.029559043304564034,0.03891632038079528
2020-02-11,-0.007511131249996392,False,0.044196115934641456,0.050181195097710206,0.029559043304564034,0.03891632038079528
2020-02-12,-0.004809353138044264,False,0.044196115934641456,0.050181195097710206,0.029559043304564034,0.03891632038079528
2020-02-13,0.028515170308021233,False,0.044196115934641456,0.050181195097710206,0.029559043304564034,0.03891632038079528
2020-02-14,-0.028515170308021233,False,0.044196115934641456,0.050181195097710206,0.029559043304564034,0.03891632038079528
2020-02-18,-0.0013783599701212709,False,0.044196115934641456,0.050181195097710206,0.029559043304564034,0.03891632038079528
2020-02-19,0.008583743691391435,False,0.044196115934641456,0.050181195097710206,0.029559043304564034,0.03891632038079528
2020-02-20,0.00477490675296038,False,0.044196115934641456,0.050181195097710206,0.029559043304564034,0.03891632038079528
2020-02-21,-0.005801074108272549,False,0.044196115934641456,0.050181195097710206,0.029559043304564034,0.03891632038079528
2020-02-24,-0.013436894672242556,False,0.044196115934641456,0.050181195097710206,0.029559043304564034,0.03891632038079528
2020-02-27,0.00176647281405321,False,0.044196115934641456,0.050181195097710206,0.029559043304564034,0.03891632038079528
2020-03-09,-0.005939141436961272,False,0.044196115934641456,0.050181195097710206,0.029559043304564034,0.03891632038079528
2020-03-16,-0.038608491252059854,False,0.044196115934641456,0.050181195097710206,0.029559043304564034,0.03891632038079528
2020-03-17,-0.029751450612795684,False,0.044196115934641456,0.050181195097710206,0.030068180308108254,0.039087164958717474
2020-03-18,-0.014776453123796145,False,0.044196115934641456,0.050181195097710206,0.030068180308108254,0.039087164958717474
2020-03-19,-0.030224522908726386,False,0.044196115934641456,0.050181195097710206,0.030068180308108254,0.039087164958717474
2020-03-20,0.006297816586990104,False,0.044196115934641456,0.050181195097710206,0.030110616474589316,0.03908956298890984
2020-03-23,0.012034912363371264,False,0.044196115934641456,0.050181195097710206,0.030110616474589316,0.03908956298890984
2020-03-24,0.007943554567515153,False,0.044196115934641456,0.050181195097710206,0.030110616474589316,0.03908956298890984
2020-03-25,-0.011939120371469077,False,0.044196115934641456,0.050181195097710206,0.030110616474589316,0.03908956298890984
2020-03-26,0.003109040923197061,False,0.044196115934641456,0.050181195097710206,0.030110616474589316,0.03908956298890984
2020-03-27,0.000886524880757052,False,0.044196115934641456,0.050181195097710206,0.030110616474589316,0.03908956298890984
2020-03-30,0.003538261099598604,False,0.044196115934641456,0.050181195097710206,0.030110616474589316,0.03908956298890984
2020-03-31,-0.0070890859578187256,False,0.044196115934641456,0.050181195097710206,0.030110616474589316,0.03908956298890984
2020-04-01,-0.00983028470194801,False,0.044196115934641456,0.050181195097710206,0.030110616474589316,0.03908956298890984
2020-04-02,0.025710636070937543,False,0.044196115934641456,0.050181195097710206,0.030110616474589316,0.03908956298890984
2020-04-03,-0.009232864005231538,False,0.044196115934641456,0.050181195097710206,0.030110616474589316,0.03908956298890984
2020-04-06,0.044067605215258626,False,0.044196115934641456,0.050181195097710206,0.030110616474589316,0.03908956298890984
2020-04-07,0.01842598194636856,False,0.044196115934641456,0.050181195097710206,0.030110616474589316,0.03908956298890984
2020-04-08,-0.012946516181742957,False,0.044196115934641456,0.050181195097710206,0.030110616474589316,0.03908956298890984
2020-04-09,-0.03159955487220881,False,0.044196115934641456,0.050181195097710206,0.030110616474589316,0.03908956298890984
2020-04-13,-0.022818014998504412,False,0.044196115934641456,0.050181195097710206,0.030238033755707588,0.03911706362817948
2020-04-14,0.005312097484889884,False,0.044196115934641456,0.050181195097710206,0.030238033755707588,0.03911706362817948
2020-04-15,-0.026847250036188052,False,0.044196115934641456,0.050181195097710206,0.030238033755707588,0.03911706362817948
2020-04-16,0.013513719166722855,False,0.044196115934641456,0.050181195097710206,0.030238033755707588,0.03911706362817948
2020-04-17,0.06243900325528842,False,0.044196115934641456,0.050181195097710206,0.030238033755707588,0.03911706362817948
2020-04-20,-0.01738436827094392,False,0.044196115934641456,0.050181195097710206,0.030238033755707588,0.03911706362817948
2020-04-21,-0.017256683623312674,False,0.044196115934641456,0.050181195097710206,0.030238033755707588,0.03911706362817948
2020-04-27,0.002985713457076229,False,0.044196115934641456,0.050181195097710206,0.030238033755707588,0.03911706362817948
2020-05-14,-0.0249654873274015,False,0.044196115934641456,0.050181195097710206,0.030238033755707588,0.03911706362817948
2020-05-15,-0.005818802785337179,False,0.044196115934641456,0.050181195097710206,0.030238033755707588,0.03911706362817948
2020-05-18,0.002082032815403585,False,0.044196115934641456,0.050181195097710206,0.030238033755707588,0.03911706362817948
2020-05-19,0.012812739861591956,False,0.044196115934641456,0.050181195097710206,0.030238033755707588,0.03911706362817948
2020-05-20,-0.014061439295436908,False,0.044196115934641456,0.050181195097710206,0.030238033755707588,0.03911706362817948
2020-05-21,-0.025734387869506076,False,0.044196115934641456,0.050181195097710206,0.030238033755707588,0.03911706362817948
2020-05-27,-0.013033608931010592,False,0.044196115934641456,0.050181195097710206,0.030238033755707588,0.03911706362817948
2020-05-28,0.027547651815264605,False,0.044196115934641456,0.050181195097710206,0.030238033755707588,0.03911706362817948
2020-05-29,0.010239696268684302,False,0.044196115934641456,0.050181195097710206,0.030238033755707588,0.03911706362817948
2020-06-01,0.015767458252701236,False,0.044196115934641456,0.050181195097710206,0.030238033755707588,0.03911706362817948
2020-06-02,-0.037185080883628985,False,0.044196115934641456,0.050181195097710206,0.030238033755707588,0.03911706362817948
2020-06-03,-0.002918492794913206,False,0.044196115934641456,0.050181195097710206,0.030501273531476112,0.03925087044888505
2020-06-04,0.00041744939032435456,False,0.044196115934641456,0.050181195097710206,0.030501273531476112,0.03925087044888505
2020-06-05,0.0008343763521195829,False,0.044196115934641456,0.050181195097710206,0.030501273531476112,0.03925087044888505
2020-06-08,0.006235730037572212,False,0.044196115934641456,0.050181195097710206,0.030501273531476112,0.03925087044888505
2020-06-09,0.028999377428337737,False,0.044196115934641456,0.050181195097710206,0.030501273531476112,0.03925087044888505
2020-06-10,-0.005652013431346529,False,0.044196115934641456,0.050181195097710206,0.030501273531476112,0.03925087044888505
2020-06-11,-0.04470943286471526,False,0.044196115934641456,0.050181195097710206,0.030501273531476112,0.03925087044888505
2020-06-12,0.014291962478032456,False,0.04426226168752698,0.05022615966987184,0.03064449856611524,0.03953255083596208
2020-06-15,-0.017259952784821887,False,0.04426226168752698,0.05022615966987184,0.03064449856611524,0.03953255083596208
2020-06-16,0.0021208915691376296,False,0.04426226168752698,0.05022615966987184,0.03064449856611524,0.03953255083596208
2020-06-17,0.00801861228330188,False,0.04426226168752698,0.05022615966987184,0.03064449856611524,0.03953255083596208
2020-07-17,-0.053628528567473625,False,0.04426226168752698,0.05022615966987184,0.03064449856611524,0.03953255083596208
2020-07-20,0.026948422254383212,False,0.04450926349869863,0.05113828836802814,0.031021867388310326,0.0399849791149937
2020-07-21,-0.019568314956760632,False,0.04450926349869863,0.05113828836802814,0.031021867388310326,0.0399849791149937
2020-07-22,0.013239179905113212,False,0.04450926349869863,0.05113828836802814,0.031021867388310326,0.0399849791149937
2020-07-23,-0.0013614705983210744,False,0.04450926349869863,0.05113828836802814,0.031021867388310326,0.0399849791149937
2020-07-24,0.009941338087847758,False,0.04450926349869863,0.05113828836802814,0.031021867388310326,0.0399849791149937
2020-07-27,0.02749618898428291,False,0.04450926349869863,0.05113828836802814,0.031021867388310326,0.0399849791149937
2020-07-28,0.002184838098739503,False,0.04450926349869863,0.05113828836802814,0.031021867388310326,0.0399849791149937
2020-07-29,0.021589785037415245,False,0.04450926349869863,0.05113828836802814,0.031021867388310326,0.0399849791149937
2020-07-30,0.001280683205992564,False,0.04450926349869863,0.05113828836802814,0.031021867388310326,0.0399849791149937
2020-07-31,0.023609865639133667,False,0.04450926349869863,0.05113828836802814,0.031021867388310326,0.0399849791149937
2020-08-03,0.028344473009142567,False,0.04450926349869863,0.05113828836802814,0.031021867388310326,0.0399849791149937
2020-08-04,-0.008133432393011756,False,0.04450926349869863,0.05113828836802814,0.031021867388310326,0.0399849791149937
2020-08-05,0.012981926739633349,False,0.04450926349869863,0.05113828836802814,0.031021867388310326,0.0399849791149937
2020-08-06,0.011621048434028516,False,0.04450926349869863,0.05113828836802814,0.031021867388310326,0.0399849791149937
2020-08-07,0.014240746991522203,False,0.04450926349869863,0.05113828836802814,0.031021867388310326,0.0399849791149937
2020-08-10,-0.020234770931732777,False,0.04450926349869863,0.05113828836802814,0.031021867388310326,0.0399849791149937
2020-08-11,-0.014940718059638857,False,0.04450926349869863,0.05113828836802814,0.031021867388310326,0.0399849791149937
2020-08-12,0.008507241909210449,False,0.04450926349869863,0.05113828836802814,0.031021867388310326,0.0399849791149937
2020-08-13,0.003221911768214195,False,0.04450926349869863,0.05113828836802814,0.031021867388310326,0.0399849791149937
2020-08-14,-0.020719814973616985,False,0.04450926349869863,0.05113828836802814,0.031021867388310326,0.0399849791149937
2020-08-17,-0.006176671891729174,False,0.04450926349869863,0.05113828836802814,0.031021867388310326,0.0399849791149937
2020-08-18,0.02246367686642817,False,0.04450926349869863,0.05113828836802814,0.031021867388310326,0.0399849791149937
2020-08-19,-0.012190317557369091,False,0.04450926349869863,0.05113828836802814,0.031021867388310326,0.0399849791149937
2020-08-20,-0.00245599795987015,False,0.04450926349869863,0.05113828836802814,0.031021867388310326,0.0399849791149937
2020-08-21,0.007756723928944918,False,0.04450926349869863,0.05113828836802814,0.031021867388310326,0.0399849791149937
2020-08-31,0.011449801909141135,False,0.04450926349869863,0.05113828836802814,0.031021867388310326,0.0399849791149937
2020-09-16,-0.061121853152252915,False,0.04450926349869863,0.05113828836802814,0.031021867388310326,0.0399849791149937
2020-09-17,-0.0007689350628771679,False,0.04470987084329817,0.05277953039678192,0.03130644215472641,0.04058137277675376
2020-09-18,0.01564618828755879,False,0.04470987084329817,0.05277953039678192,0.03130644215472641,0.04058137277675376
2020-09-21,-0.00455408756725096,False,0.04470987084329817,0.05277953039678192,0.03130644215472641,0.04058137277675376
2020-09-22,-0.028160009232455825,False,0.04470987084329817,0.05277953039678192,0.03130644215472641,0.04058137277675376
2020-09-23,0.009345862418237599,False,0.04470987084329817,0.05277953039678192,0.03130644215472641,0.04058137277675376
2020-09-24,0.00733735672582712,False,0.04470987084329817,0.05277953039678192,0.03130644215472641,0.04058137277675376
2020-09-25,-0.011999369831638426,False,0.04470987084329817,0.05277953039678192,0.03130644215472641,0.04058137277675376
2020-09-28,0.007371517376177298,False,0.04470987084329817,0.05277953039678192,0.03130644215472641,0.04058137277675376
2020-09-29,0.00038647343476209636,False,0.04470987084329817,0.05277953039678192,0.03130644215472641,0.04058137277675376
2020-09-30,-0.0163618765034394,False,0.04470987084329817,0.05277953039678192,0.03130644215472641,0.04058137277675376
2020-10-01,-0.015037877364540559,False,0.04470987084329817,0.05277953039678192,0.03130644215472641,0.04058137277675376
2020-10-02,-0.010420935988258757,False,0.04470987084329817,0.05277953039678192,0.03130644215472641,0.04058137277675376
2020-10-05,-0.00930992354835999,False,0.04470987084329817,0.05277953039678192,0.03130644215472641,0.04058137277675376
2020-10-06,-0.00898698859098632,False,0.04470987084329817,0.05277953039678192,0.03130644215472641,0.04058137277675376
2020-10-07,0.006136243430895871,False,0.04470987084329817,0.05277953039678192,0.03130644215472641,0.04058137277675376
2020-10-08,0.008527970465314083,False,0.04470987084329817,0.05277953039678192,0.03130644215472641,0.04058137277675376
2020-10-09,-0.0167180244353586,False,0.04470987084329817,0.05277953039678192,0.03130644215472641,0.04058137277675376
2020-10-12,0.004922077205428235,False,0.04470987084329817,0.05277953039678192,0.03130644215472641,0.04058137277675376
2020-10-13,-0.026115473804623188,False,0.04470987084329817,0.05277953039678192,0.03130644215472641,0.04058137277675376
2020-10-14,0.004191120971461888,False,0.04470987084329817,0.05277953039678192,0.03130644215472641,0.04058137277675376
2020-10-15,-0.020279528950529126,False,0.04470987084329817,0.05277953039678192,0.03130644215472641,0.04058137277675376
2020-10-16,0.007653098577717211,False,0.04470987084329817,0.05277953039678192,0.03130644215472641,0.04058137277675376
2020-10-19,0.026746266286070592,False,0.04470987084329817,0.05277953039678192,0.03130644215472641,0.04058137277675376
2020-10-20,-0.017891053456338138,False,0.04470987084329817,0.05277953039678192,0.03130644215472641,0.04058137277675376
2020-10-21,0.018715455811356002,False,0.04470987084329817,0.05277953039678192,0.03130644215472641,0.04058137277675376
2020-10-22,0.019180347225831767,False,0.04470987084329817,0.05277953039678192,0.03130644215472641,0.04058137277675376
2020-10-23,0.0020189790827573515,False,0.04470987084329817,0.05277953039678192,0.03130644215472641,0.04058137277675376
2020-10-26,0.00723475824458279,False,0.04470987084329817,0.05277953039678192,0.03130644215472641,0.04058137277675376
2020-10-27,-0.01818599322367115,False,0.04470987084329817,0.05277953039678192,0.03130644215472641,0.04058137277675376
2020-10-28,-0.031485616573566466,False,0.04470987084329817,0.05277953039678192,0.03130644215472641,0.04058137277675376
2020-10-29,-0.01569491389835652,False,0.04470987084329817,0.05277953039678192,0.03139251210877478,0.04058333287074938
2020-10-30,-0.019862483726274614,False,0.04470987084329817,0.05277953039678192,0.03139251210877478,0.04058333287074938
2020-11-02,-0.01582450604036872,False,0.04470987084329817,0.05277953039678192,0.03130644215472641,0.040433828993926536
2020-11-03,0.014515319730749597,False,0.04470987084329817,0.05277953039678192,0.03130644215472641,0.040433828993926536
2020-11-04,-0.006132301302063829,False,0.04470987084329817,0.05277953039678192,0.03130644215472641,0.040433828993926536
2020-11-05,0.015693434546046547,False,0.04470987084329817,0.05277953039678192,0.03130644215472641,0.040433828993926536
2020-11-06,0.00904204222916177,False,0.04470987084329817,0.05277953039678192,0.03130644215472641,0.040433828993926536
2020-11-09,0.024138372904126387,False,0.04470987084329817,0.05277953039678192,0.03130644215472641,0.040433828993926536
2020-11-10,-0.021569878341377274,False,0.04470987084329817,0.05277953039678192,0.031021867388310326,0.04019622846770882
2020-11-11,0.00596762214318349,False,0.04470987084329817,0.05277953039678192,0.031021867388310326,0.04019622846770882
2020-11-12,-0.005540180375615356,False,0.04470987084329817,0.05277953039678192,0.031021867388310326,0.04019622846770882
2020-11-13,0.010627092574286193,False,0.04470987084329817,0.05277953039678192,0.031021867388310326,0.04019622846770882
2020-11-16,0.11491305321170628,False,0.04470987084329817,0.05277953039678192,0.031021867388310326,0.04019622846770882
2020-11-17,0.04243396259982046,False,0.04470987084329817,0.05277953039678192,0.031021867388310326,0.04019622846770882
2020-11-18,0.022504968374339362,False,0.04470987084329817,0.05277953039678192,0.031021867388310326,0.04019622846770882
2020-11-19,0.029239813672693064,False,0.04470987084329817,0.05277953039678192,0.031021867388310326,0.04019622846770882
2020-11-20,0.015994896043151376,False,0.04470987084329817,0.05277953039678192,0.031021867388310326,0.04019622846770882
2020-11-23,0.020054148004940736,False,0.04470987084329817,0.05277953039678192,0.03064449856611524,0.04005593096423953
2020-12-16,-0.05713634146462904,False,0.04470987084329817,0.05277953039678192,0.03064449856611524,0.04005593096423953
2020-12-17,0.00948998818484821,False,0.044774948331396565,0.05401784147094413,0.031021867388310326,0.04057851550121426
2020-12-18,-0.013869847864150502,False,0.044774948331396565,0.05401784147094413,0.031021867388310326,0.04057851550121426
2020-12-21,0.019364367181791152,False,0.044774948331396565,0.05401784147094413,0.031021867388310326,0.04057851550121426
2020-12-22,-0.00785858661252127,False,0.044774948331396565,0.05401784147094413,0.031021867388310326,0.04057851550121426
2020-12-23,0.008641059265903169,False,0.044774948331396565,0.05401784147094413,0.031021867388310326,0.04057851550121426
2020-12-24,0.01398081024747768,False,0.044774948331396565,0.05401784147094413,0.031021867388310326,0.04057851550121426
2020-12-28,-0.012808248065056255,False,0.044774948331396565,0.05401784147094413,0.031021867388310326,0.04057851550121426
2020-12-29,-0.020920439315314815,False,0.044774948331396565,0.05401784147094413,0.031021867388310326,0.04057851550121426
2020-12-30,0.035270113504455136,False,0.044774948331396565,0.05401784147094413,0.031021867388310326,0.04057851550121426
2020-12-31,0.002307693331816971,False,0.044774948331396565,0.05401784147094413,0.031021867388310326,0.04057851550121426
2021-01-04,-0.0197872605298849,False,0.044774948331396565,0.05401784147094413,0.031021867388310326,0.04057851550121426
2021-01-05,-0.015002255314487761,False,0.044774948331396565,0.05401784147094413,0.031021867388310326,0.04057851550121426
2021-01-06,-0.01120011707953632,False,0.044774948331396565,0.05401784147094413,0.031021867388310326,0.04057851550121426
2021-01-07,0.024241202908800514,False,0.044774948331396565,0.05401784147094413,0.031021867388310326,0.04057851550121426
2021-01-08,-0.012245857159125876,False,0.044774948331396565,0.05401784147094413,0.031021867388310326,0.04057851550121426
2021-01-11,-0.014411778661303316,False,0.044774948331396565,0.05401784147094413,0.031021867388310326,0.04057851550121426
2021-01-12,0.007231851526495187,False,0.044774948331396565,0.05401784147094413,0.031021867388310326,0.04057851550121426
2021-01-13,0.0004002401494294996,False,0.044774948331396565,0.05401784147094413,0.031021867388310326,0.04057851550121426
2021-01-14,0.00040008002133967057,False,0.044774948331396565,0.05401784147094413,0.031021867388310326,0.04057851550121426
2021-01-15,0.010742096531902029,False,0.044774948331396565,0.05401784147094413,0.031021867388310326,0.04057851550121426
2021-01-19,0.024625047305389194,False,0.044774948331396565,0.05401784147094413,0.031021867388310326,0.04057851550121426
2021-01-20,-0.008141157583699885,False,0.044774948331396565,0.05401784147094413,0.031021867388310326,0.04057851550121426
2021-01-21,-0.007423358957411713,False,0.044774948331396565,0.05401784147094413,0.031021867388310326,0.04057851550121426
2021-01-22,-0.008269391482506631,False,0.044774948331396565,0.05401784147094413,0.031021867388310326,0.04057851550121426
2021-01-25,-0.008338344917153807,False,0.044774948331396565,0.05401784147094413,0.031021867388310326,0.04057851550121426
2021-01-26,0.01464502723181178,False,0.044774948331396565,0.05401784147094413,0.031021867388310326,0.04057851550121426
2021-01-27,-0.016241196764633932,False,0.044774948331396565,0.05401784147094413,0.031021867388310326,0.04057851550121426
2021-01-28,0.002393299905840484,False,0.044774948331396565,0.05401784147094413,0.031021867388310326,0.04057851550121426
2021-01-29,0.00833172841929443,False,0.044774948331396565,0.05401784147094413,0.031021867388310326,0.04057851550121426
2021-02-01,0.0063017144343328725,False,0.044774948331396565,0.05401784147094413,0.031021867388310326,0.04057851550121426
2021-02-02,0.02021055966203332,False,0.044774948331396565,0.05401784147094413,0.031021867388310326,0.04057851550121426
2021-02-03,-0.028093927253296,False,0.044774948331396565,0.05401784147094413,0.031021867388310326,0.04057851550121426
2021-02-04,0.001976675875872689,False,0.044774948331396565,0.05401784147094413,0.031021867388310326,0.04057851550121426
2021-02-05,0.02148939892196239,False,0.044774948331396565,0.05401784147094413,0.031021867388310326,0.04057851550121426
2021-02-08,-0.0038729715336640685,False,0.044774948331396565,0.05401784147094413,0.031021867388310326,0.04057851550121426
2021-02-09,0.001550989066248734,False,0.044774948331396565,0.05401784147094413,0.031021867388310326,0.04057851550121426
2021-02-10,0.036519843801738665,False,0.044774948331396565,0.05401784147094413,0.031021867388310326,0.04057851550121426
2021-02-11,-0.08901698656818474,False,0.044774948331396565,0.05401784147094413,0.031021867388310326,0.04057851550121426
2021-02-12,0.021810234479606477,False,0.04692752724909931,0.058227040971565794,0.03130644215472641,0.04173281183129297
2021-02-16,-0.0019996007462512416,False,0.04692752724909931,0.058227040971565794,0.03130644215472641,0.04173281183129297
2021-02-17,-0.020627627242851346,False,0.04692752724909931,0.058227040971565794,0.03130644215472641,0.04173281183129297
2021-02-18,0.042014581022008904,False,0.04692752724909931,0.058227040971565794,0.03130644215472641,0.04173281183129297
2021-02-19,-0.006683728439396982,False,0.04692752724909931,0.058227040971565794,0.03130644215472641,0.04173281183129297
2021-03-15,0.006196766537511399,False,0.04692752724909931,0.058227040971565794,0.03130644215472641,0.04173281183129297
2021-03-16,-0.0305786271054941,False,0.04692752724909931,0.058227040971565794,0.03130644215472641,0.04173281183129297
2021-03-17,0.0035763995998304874,False,0.04692752724909931,0.058227040971565794,0.03130644215472641,0.04173281183129297
2021-03-18,0.008295524561479596,False,0.04692752724909931,0.058227040971565794,0.03130644215472641,0.04173281183129297
2021-03-19,-0.019464368225841487,False,0.04692752724909931,0.058227040971565794,0.03130644215472641,0.04173281183129297
2021-03-22,0.0048019299954072114,False,0.04692752724909931,0.058227040971565794,0.03130644215472641,0.04173281183129297
2021-03-23,-0.023425950076293455,False,0.04692752724909931,0.058227040971565794,0.03130644215472641,0.04173281183129297
2021-03-24,-0.0049160279259815145,False,0.04692752724909931,0.058227040971565794,0.03130644215472641,0.04173281183129297
2021-03-25,0.0085872537503429,False,0.04692752724909931,0.058227040971565794,0.03130644215472641,0.04173281183129297
2021-03-26,0.000814000858946938,False,0.04692752724909931,0.058227040971565794,0.03130644215472641,0.04173281183129297
2021-03-29,-0.008990661296192526,False,0.04692752724909931,0.058227040971565794,0.03130644215472641,0.04173281183129297
2021-03-30,-0.03721943297876417,False,0.04692752724909931,0.058227040971565794,0.03130644215472641,0.04173281183129297
2021-03-31,0.00042598509696355105,False,0.04692752724909931,0.058227040971565794,0.03139251210877478,0.04184944825339255
2021-04-01,0.018565934122535193,False,0.04692752724909931,0.058227040971565794,0.03139251210877478,0.04184944825339255
2021-04-05,-0.023689771122404665,False,0.04692752724909931,0.058227040971565794,0.03139251210877478,0.04184944825339255
2021-04-06,0.029525552586506545,False,0.04692752724909931,0.058227040971565794,0.03139251210877478,0.04184944825339255
2021-04-07,-0.007090749208814676,False,0.04692752724909931,0.058227040971565794,0.03139251210877478,0.04184944825339255
2021-04-08,-0.014334140875291404,False,0.04692752724909931,0.058227040971565794,0.03139251210877478,0.04184944825339255
2021-04-09,-0.00042471863029609655,False,0.04692752724909931,0.058227040971565794,0.03139251210877478,0.04184944825339255
2021-04-12,0.005507321693761993,False,0.04692752724909931,0.058227040971565794,0.03139251210877478,0.04184944825339255
2021-04-13,0.017173196914727785,False,0.04692752724909931,0.058227040971565794,0.03139251210877478,0.04184944825339255
2021-04-14,0.005384150509346936,False,0.04692752724909931,0.058227040971565794,0.03139251210877478,0.04184944825339255
2021-04-15,-0.0033098913130267913,False,0.04692752724909931,0.058227040971565794,0.03139251210877478,0.04184944825339255
2021-04-16,-0.0020742591963200433,False,0.04692752724909931,0.058227040971565794,0.03139251210877478,0.04184944825339255
2021-04-19,0.011971247196494495,False,0.04692752724909931,0.058227040971565794,0.03139251210877478,0.04184944825339255
2021-04-20,-0.024087543322248516,False,0.04692752724909931,0.058227040971565794,0.03139251210877478,0.04184944825339255
2021-04-21,0.008371752536736839,False,0.04692752724909931,0.058227040971565794,0.03139251210877478,0.04184944825339255
2021-04-22,0.0012497398002342531,False,0.04692752724909931,0.058227040971565794,0.03139251210877478,0.04184944825339255
2021-04-23,0.003325023844771916,False,0.04692752724909931,0.058227040971565794,0.03139251210877478,0.04184944825339255
2021-04-26,0.01523603695797093,False,0.04692752724909931,0.058227040971565794,0.03139251210877478,0.04184944825339255
2021-05-14,0.005268502561377331,False,0.04692752724909931,0.058227040971565794,0.03139251210877478,0.04184944825339255
2021-05-17,0.025934028752245295,False,0.04692752724909931,0.058227040971565794,0.03139251210877478,0.04184944825339255
2021-05-18,-0.013880849484689265,False,0.04692752724909931,0.058227040971565794,0.03139251210877478,0.04184944825339255
2021-05-19,-0.014076242874809615,False,0.04692752724909931,0.058227040971565794,0.03139251210877478,0.04184944825339255
2021-05-20,-0.010177169053693525,False,0.04692752724909931,0.058227040971565794,0.03139251210877478,0.04184944825339255
2021-05-21,0.004897968975547156,False,0.04692752724909931,0.058227040971565794,0.03139251210877478,0.04184944825339255
2021-05-24,-0.027659141941223504,False,0.04692752724909931,0.058227040971565794,0.03139251210877478,0.04184944825339255
2021-05-25,-0.0037743806602892026,False,0.04692752724909931,0.058227040971565794,0.03139251210877478,0.04184944825339255
2021-05-26,0.01749315744751712,False,0.04692752724909931,0.058227040971565794,0.03139251210877478,0.04184944825339255
2021-05-27,0.003297612221556673,False,0.04692752724909931,0.058227040971565794,0.03139251210877478,0.04184944825339255
2021-05-28,-0.00743497848751809,False,0.04692752724909931,0.058227040971565794,0.03139251210877478,0.04184944825339255
2021-06-01,0.00784641646904729,False,0.04692752724909931,0.058227040971565794,0.03139251210877478,0.04184944825339255
2021-06-02,-0.0020588848121279027,False,0.04692752724909931,0.058227040971565794,0.03139251210877478,0.04184944825339255
2021-06-03,-0.0045445234173224,False,0.04692752724909931,0.058227040971565794,0.03139251210877478,0.04184944825339255
2021-06-04,-0.0024875634718017465,False,0.04692752724909931,0.058227040971565794,0.03139251210877478,0.04184944825339255
2021-06-07,-0.024796395476666743,False,0.04692752724909931,0.058227040971565794,0.03130644215472641,0.04182752124226718
2021-06-08,0.010582109330537008,False,0.04692752724909931,0.058227040971565794,0.03130644215472641,0.04182752124226718
2021-06-09,-0.011433535520754521,False,0.04692752724909931,0.058227040971565794,0.03130644215472641,0.04182752124226718
2021-06-10,0.014796296150755095,False,0.04692752724909931,0.058227040971565794,0.03130644215472641,0.04182752124226718
2021-06-11,-0.013944869960537478,False,0.04692752724909931,0.058227040971565794,0.03130644215472641,0.04182752124226718
2021-06-14,0.01938535209713537,False,0.04692752724909931,0.058227040971565794,0.03130644215472641,0.04182752124226718
2021-06-15,-0.009645702799576364,False,0.044774948331396565,0.05768440349238678,0.031021867388310326,0.041406537316477005
2021-06-16,-0.01101706058474,False,0.044774948331396565,0.05768440349238678,0.031021867388310326,0.041406537316477005
2021-06-17,-0.01545758557664281,False,0.044774948331396565,0.05768440349238678,0.031021867388310326,0.041406537316477005
2021-06-22,0.007768705450619489,False,0.044774948331396565,0.05768440349238678,0.031021867388310326,0.041406537316477005
2021-06-23,-0.012546130389511512,False,0.044774948331396565,0.05768440349238678,0.031021867388310326,0.041406537316477005
2021-06-24,0.007805763831236203,False,0.044774948331396565,0.05768440349238678,0.031021867388310326,0.041406537316477005
2021-06-25,0.015431082019735151,False,0.044774948331396565,0.05768440349238678,0.031021867388310326,0.041406537316477005
2021-07-02,-0.015168221473171317,False,0.044774948331396565,0.05768440349238678,0.031021867388310326,0.041406537316477005
2021-07-16,-0.008583743691391442,False,0.044774948331396565,0.05768440349238678,0.031021867388310326,0.041406537316477005
2021-07-19,-0.035537848061600756,False,0.044774948331396565,0.05768440349238678,0.031021867388310326,0.041406537316477005
2021-07-20,0.008007160218780812,False,0.044774948331396565,0.05768440349238678,0.03130644215472641,0.041491250876424024
2021-07-21,0.003538261099598604,False,0.044774948331396565,0.05768440349238678,0.03130644215472641,0.041491250876424024
2021-07-22,0.02269848651524188,False,0.044774948331396565,0.05768440349238678,0.031021867388310326,0.04127398826391841
2021-07-23,0.0017248818420608513,False,0.044774948331396565,0.05768440349238678,0.031021867388310326,0.04127398826391841
2021-07-26,0.030131708796085357,False,0.044774948331396565,0.05768440349238678,0.031021867388310326,0.04127398826391841
2021-07-27,0.0004179728378509955,False,0.044774948331396565,0.05768440349238678,0.031021867388310326,0.04127398826391841
2021-07-28,0.014108117818228124,False,0.044774948331396565,0.05768440349238678,0.031021867388310326,0.04127398826391841
2021-07-29,0.0032908297900887647,False,0.044774948331396565,0.05768440349238678,0.031021867388310326,0.04127398826391841
2021-07-30,-0.028745990978358088,False,0.044774948331396565,0.05768440349238678,0.031021867388310326,0.04127398826391841
2021-08-02,-0.0012687673514242875,False,0.044774948331396565,0.05768440349238678,0.031021867388310326,0.04127398826391841
2021-08-03,0.02631181231708762,False,0.044774948331396565,0.05768440349238678,0.031021867388310326,0.04127398826391841
2021-08-04,-0.01369600159562207,False,0.044774948331396565,0.05768440349238678,0.031021867388310326,0.04127398826391841
2021-08-05,0.00500209463148832,False,0.044774948331396565,0.05768440349238678,0.031021867388310326,0.04127398826391841
2021-08-06,0.004977198163621457,False,0.044774948331396565,0.05768440349238678,0.031021867388310326,0.04127398826391841
2021-08-09,-0.0024855025223119113,False,0.044774948331396565,0.05768440349238678,0.031021867388310326,0.04127398826391841
2021-08-10,0.023366506844107463,False,0.044774948331396565,0.05768440349238678,0.031021867388310326,0.04127398826391841
2021-08-11,0.016476161341143877,False,0.044774948331396565,0.05768440349238678,0.031021867388310326,0.04127398826391841
2021-08-12,-0.000797448208128891,False,0.044774948331396565,0.05768440349238678,0.031021867388310326,0.04127398826391841
2021-08-13,0.015829376821163532,False,0.044774948331396565,0.05768440349238678,0.031021867388310326,0.04127398826391841
2021-08-16,-0.0011785505194442526,False,0.044774948331396565,0.05768440349238678,0.031021867388310326,0.04127398826391841
2021-08-17,0.024462489473488974,False,0.044774948331396565,0.05768440349238678,0.031021867388310326,0.04127398826391841
2021-08-18,0.00878371123830846,False,0.044774948331396565,0.05768440349238678,0.031021867388310326,0.04127398826391841
2021-08-19,0.004173787125321874,False,0.044774948331396565,0.05768440349238678,0.031021867388310326,0.04127398826391841
2021-08-20,-0.02336823438146907,False,0.044774948331396565,0.05768440349238678,0.031021867388310326,0.04127398826391841
2021-08-23,-0.0023282897595911845,False,0.044774948331396565,0.05768440349238678,0.031021867388310326,0.04127398826391841
2021-09-16,-0.01716460051663415,False,0.044774948331396565,0.05768440349238678,0.031021867388310326,0.04127398826391841
2021-09-17,0.003006390840131428,False,0.044774948331396565,0.05768440349238678,0.031021867388310326,0.04127398826391841
2021-09-20,-0.027388551061280537,False,0.044774948331396565,0.05768440349238678,0.031021867388310326,0.04127398826391841
2021-09-21,0.004617168648802838,False,0.044774948331396565,0.05768440349238678,0.03064449856611524,0.04115696254415731
2021-09-22,0.0178813971182858,False,0.044774948331396565,0.05768440349238678,0.03064449856611524,0.04115696254415731
2021-09-23,-0.015197860909431392,False,0.044774948331396565,0.05768440349238678,0.03064449856611524,0.04115696254415731
2021-09-24,-0.00807230983421172,False,0.044774948331396565,0.05768440349238678,0.03064449856611524,0.04115696254415731
2021-09-27,-0.01752040144475819,False,0.044774948331396565,0.05768440349238678,0.03064449856611524,0.04115696254415731
2021-09-28,0.003528723520452984,False,0.044774948331396565,0.05768440349238678,0.03064449856611524,0.04115696254415731
2021-09-29,0.013219477113732805,False,0.044774948331396565,0.05768440349238678,0.03064449856611524,0.04115696254415731
2021-09-30,0.024042371554215545,False,0.044774948331396565,0.05768440349238678,0.03064449856611524,0.04115696254415731
2021-10-01,0.02163456256799338,False,0.044774948331396565,0.05768440349238678,0.03064449856611524,0.04115696254415731
2021-10-04,0.015379285179487707,False,0.044774948331396565,0.05768440349238678,0.03064449856611524,0.04115696254415731
2021-10-05,0.001089522533780556,False,0.044774948331396565,0.05768440349238678,0.030580966425762586,0.04103853915310018
2021-10-06,-0.014625489218979014,False,0.044774948331396565,0.05768440349238678,0.030580966425762586,0.04103853915310018
2021-10-07,0.004043379888442034,False,0.044774948331396565,0.05768440349238678,0.030580966425762586,0.04103853915310018
2021-10-08,0.008765578404139007,False,0.044774948331396565,0.05768440349238678,0.030580966425762586,0.04103853915310018
2021-10-11,-0.025038126818993124,False,0.044774948331396565,0.05768440349238678,0.030580966425762586,0.04103853915310018
2021-10-12,-0.002613404511516876,False,0.044774948331396565,0.05768440349238678,0.030580966425762586,0.04103853915310018
2021-10-13,-0.027669000257656333,False,0.044774948331396565,0.05768440349238678,0.030580966425762586,0.04103853915310018
2021-10-14,-0.00694179416995809,False,0.044774948331396565,0.05768440349238678,0.030580966425762586,0.04103853915310018
2021-10-15,0.008861549031009252,False,0.044774948331396565,0.05768440349238678,0.030580966425762586,0.04103853915310018
2021-10-18,0.00115008638323731,False,0.044774948331396565,0.05768440349238678,0.030580966425762586,0.04103853915310018
2021-10-19,-0.01973366415695025,False,0.044774948331396565,0.05768440349238678,0.030580966425762586,0.04103853915310018
2021-10-20,-0.02132782264082364,False,0.044774948331396565,0.05768440349238678,0.030580966425762586,0.04103853915310018
2021-10-21,0.019763489118839718,False,0.044774948331396565,0.05768440349238678,0.030580966425762586,0.04103853915310018
2021-10-22,0.010899290458035638,False,0.044774948331396565,0.05768440349238678,0.030580966425762586,0.04103853915310018
2021-10-25,0.012694919481248724,False,0.044774948331396565,0.05768440349238678,0.030498934211207626,0.040951319202866286
2021-10-26,-0.013469512858475495,False,0.044774948331396565,0.05768440349238678,0.030498934211207626,0.040951319202866286
2021-10-27,0.008487705275951584,False,0.044774948331396565,0.05768440349238678,0.030498934211207626,0.040951319202866286
2021-10-28,-0.012369697728675926,False,0.044774948331396565,0.05768440349238678,0.030498934211207626,0.040951319202866286
2021-10-29,-0.010557282805876726,False,0.044774948331396565,0.05768440349238678,0.030498934211207626,0.040951319202866286
2021-11-01,0.00783089358054784,False,0.044774948331396565,0.05768440349238678,0.030498934211207626,0.040951319202866286
2021-11-02,-0.0426274455193815,False,0.044774948331396565,0.05768440349238678,0.030498934211207626,0.040951319202866286
2021-11-03,-0.013522025331973997,False,0.044774948331396565,0.05768440349238678,0.030498934211207626,0.040922991798025124
2021-11-04,0.0065789710980425605,False,0.044774948331396565,0.05768440349238678,0.030498934211207626,0.040922991798025124
2021-11-05,-0.017780083852863195,False,0.044774948331396565,0.05768440349238678,0.030498934211207626,0.040922991798025124
2021-11-08,0.01490710834913816,False,0.044774948331396565,0.05768440349238678,0.030498934211207626,0.040922991798025124
2021-11-09,0.0,False,0.044774948331396565,0.05768440349238678,0.030498934211207626,0.040922991798025124
2021-11-10,0.016306924737893663,False,0.044774948331396565,0.05768440349238678,0.030498934211207626,0.040922991798025124
2021-11-11,0.004840671009312838,False,0.044774948331396565,0.05768440349238678,0.030498934211207626,0.040922991798025124
2021-11-12,-0.0060545089087062605,False,0.044774948331396565,0.05768440349238678,0.030498934211207626,0.040922991798025124
2021-11-15,-0.004870139496042774,False,0.044774948331396565,0.05768440349238678,0.030498934211207626,0.040922991798025124
2021-11-16,0.018940723392985002,False,0.044774948331396565,0.05768440349238678,0.030498934211207626,0.040922991798025124
2021-11-17,0.003586375631227653,False,0.044774948331396565,0.05768440349238678,0.030498934211207626,0.040922991798025124
2021-11-18,0.01500225531448775,False,0.044774948331396565,0.05768440349238678,0.030498934211207626,0.040922991798025124
2021-11-19,-0.023390560941122584,False,0.044774948331396565,0.05768440349238678,0.030498934211207626,0.040922991798025124
2021-12-14,0.021910109635744326,False,0.044774948331396565,0.05768440349238678,0.030498934211207626,0.040922991798025124
2021-12-15,0.016503924783047477,False,0.044774948331396565,0.05768440349238678,0.030498934211207626,0.040922991798025124
2021-12-16,-0.030926314706082855,False,0.044774948331396565,0.05768440349238678,0.030498934211207626,0.040922991798025124
2021-12-17,-0.01982618469968378,False,0.044774948331396565,0.05768440349238678,0.030580966425762586,0.0409299455500369
2021-12-20,-0.030083569463247518,False,0.044774948331396565,0.05768440349238678,0.030580966425762586,0.0409299455500369
2021-12-21,0.015154908109882731,False,0.04470987084329817,0.057467227408490675,0.030498934211207626,0.040603018260907425
2021-12-22,0.002436054797881121,False,0.04470987084329817,0.057467227408490675,0.030238033755707588,0.04050305936874577
2021-12-28,0.009704888139673228,False,0.04470987084329817,0.057467227408490675,0.030238033755707588,0.04050305936874577
2021-12-29,0.012000144003110558,False,0.04470987084329817,0.057467227408490675,0.030238033755707588,0.04050305936874577
2021-12-30,0.017343753625949317,False,0.04470987084329817,0.057467227408490675,0.030238033755707588,0.04050305936874577
2021-12-31,-0.01535765565431987,False,0.04470987084329817,0.057467227408490675,0.030238033755707588,0.04050305936874577
2022-01-03,-0.00836824967051658,False,0.04470987084329817,0.057467227408490675,0.030238033755707588,0.04050305936874577
2022-01-04,-0.014916624090553606,False,0.04470987084329817,0.057467227408490675,0.030238033755707588,0.04050305936874577
2022-01-05,-0.0020329342232197375,False,0.04470987084329817,0.057467227408490675,0.030238033755707588,0.04050305936874577
2022-01-06,-0.013934651704653408,False,0.04470987084329817,0.057467227408490675,0.030238033755707588,0.04050305936874577
2022-01-07,0.03964920637139402,False,0.04470987084329817,0.057467227408490675,0.030238033755707588,0.04050305936874577
2022-01-10,0.0,False,0.04470987084329817,0.057467227408490675,0.030238033755707588,0.04050305936874577
2022-01-11,0.02622972843287141,False,0.04470987084329817,0.057467227408490675,0.030238033755707588,0.04050305936874577
2022-01-12,-0.011268819461002387,False,0.04470987084329817,0.057467227408490675,0.030238033755707588,0.04050305936874577
2022-01-13,0.01935044897693968,False,0.04470987084329817,0.057467227408490675,0.030238033755707588,0.04050305936874577
2022-01-14,0.01898310610629136,False,0.04470987084329817,0.057467227408490675,0.030238033755707588,0.04050305936874577
2022-01-18,-0.010586110202727036,False,0.04470987084329817,0.057467227408490675,0.030238033755707588,0.04050305936874577
2022-01-19,0.009833664719520826,False,0.04470987084329817,0.057467227408490675,0.030238033755707588,0.04050305936874577
2022-01-20,0.001128456015931205,False,0.04470987084329817,0.057467227408490675,0.030238033755707588,0.04050305936874577
2022-01-21,-0.03208831455150051,False,0.04470987084329817,0.057467227408490675,0.030238033755707588,0.04050305936874577
2022-01-24,-0.03275100370068639,False,0.04470987084329817,0.057467227408490675,0.030498934211207626,0.040534930862808766
2022-01-25,0.004003207908216266,False,0.04470987084329817,0.057467227408490675,0.030580966425762586,0.040578378394712615
2022-01-26,0.003987246111817989,False,0.04470987084329817,0.057467227408490675,0.030580966425762586,0.040578378394712615
2022-01-27,-0.024981154015479626,False,0.04450926349869863,0.057462847622661496,0.030498934211207626,0.040294886322362354
2022-01-28,0.01739174271186924,False,0.04450926349869863,0.057462847622661496,0.030498934211207626,0.040294886322362354
2022-01-31,0.013540629026766266,False,0.04450926349869863,0.057462847622661496,0.030498934211207626,0.040294886322362354
2022-02-01,0.03307051025386435,False,0.04450926349869863,0.057462847622661496,0.030498934211207626,0.040294886322362354
2022-02-02,0.0015296370095334146,False,0.04450926349869863,0.057462847622661496,0.030498934211207626,0.040294886322362354
2022-02-03,0.0064749797730805315,False,0.04450926349869863,0.057462847622661496,0.030498934211207626,0.040294886322362354
2022-02-04,0.012825524732287936,False,0.04450926349869863,0.057462847622661496,0.030498934211207626,0.040294886322362354
2022-02-07,-0.01662925697153472,False,0.04450926349869863,0.057462847622661496,0.030498934211207626,0.040294886322362354
2022-02-08,0.017003999340544425,False,0.04450926349869863,0.057462847622661496,0.030498934211207626,0.040294886322362354
2022-02-09,0.03207648272902506,False,0.04450926349869863,0.057462847622661496,0.030238033755707588,0.04009894248487294
2022-02-10,0.010826522206201894,False,0.04450926349869863,0.057462847622661496,0.030238033755707588,0.04009894248487294
2022-02-11,-0.007204642115047506,False,0.04450926349869863,0.057462847622661496,0.030238033755707588,0.04009894248487294
2022-02-14,-0.03270546870435103,False,0.04450926349869863,0.057462847622661496,0.030238033755707588,0.04009894248487294
2022-02-15,-0.003742519338338223,False,0.04450926349869863,0.057462847622661496,0.030498934211207626,0.04014315706199295
2022-02-16,-0.021220955482885422,False,0.04450926349869863,0.057462847622661496,0.030498934211207626,0.04014315706199295
2022-02-17,-0.008461588947591248,False,0.04450926349869863,0.057462847622661496,0.030498934211207626,0.04014315706199295
2022-02-18,-0.00619916746979346,False,0.04450926349869863,0.057462847622661496,0.030498934211207626,0.04014315706199295
2022-02-22,0.014660756417384718,False,0.04450926349869863,0.057462847622661496,0.030498934211207626,0.04014315706199295
2022-02-23,0.0057284861636126855,False,0.04450926349869863,0.057462847622661496,0.030498934211207626,0.04014315706199295
2022-02-24,-0.018447871363608773,False,0.04450926349869863,0.057462847622661496,0.030238033755707588,0.04006006915069648
2022-02-25,-0.0007760962748885142,False,0.04450926349869863,0.057462847622661496,0.030238033755707588,0.04006006915069648
2022-02-28,-0.03355357196206384,False,0.04450926349869863,0.057462847622661496,0.030110616474589316,0.039926127787741024
2022-03-01,-0.003216729754013859,False,0.04450926349869863,0.057462847622661496,0.030238033755707588,0.03999270876880777
2022-03-02,0.0032167297540137475,False,0.04450926349869863,0.057462847622661496,0.030238033755707588,0.03999270876880777
2022-03-03,0.01316070839892338,False,0.04450926349869863,0.057462847622661496,0.030110616474589316,0.03996944698950658
2022-03-16,0.0040551555975541125,False,0.04450926349869863,0.057462847622661496,0.030110616474589316,0.03996944698950658
2022-03-17,0.013266526231379071,False,0.04450926349869863,0.057462847622661496,0.030110616474589316,0.03996944698950658
2022-03-18,0.01309282737929272,False,0.04450926349869863,0.057462847622661496,0.030110616474589316,0.03996944698950658
2022-03-21,-0.006326632411362025,False,0.04450926349869863,0.057462847622661496,0.030110616474589316,0.03996944698950658
2022-03-22,0.025456632143882864,False,0.04450926349869863,0.057462847622661496,0.030110616474589316,0.03996944698950658
2022-03-23,0.017251721708489962,False,0.04450926349869863,0.057462847622661496,0.030110616474589316,0.03996944698950658
2022-03-24,-0.018412487944452185,False,0.04450926349869863,0.057462847622661496,0.030110616474589316,0.03996944698950658
2022-03-25,-0.008163310639160981,False,0.04450926349869863,0.057462847622661496,0.030110616474589316,0.03996944698950658
2022-03-28,0.015492176615771047,False,0.04450926349869863,0.057462847622661496,0.030110616474589316,0.03996944698950658
2022-03-29,0.014119677430873487,False,0.04450926349869863,0.057462847622661496,0.030110616474589316,0.03996944698950658
2022-03-30,0.004536869785701364,False,0.04450926349869863,0.057462847622661496,0.030110616474589316,0.03996944698950658
2022-03-31,-0.00037728730875762523,False,0.04450926349869863,0.057462847622661496,0.030110616474589316,0.03996944698950658
2022-04-01,-0.019432884338777674,False,0.04450926349869863,0.057462847622661496,0.030110616474589316,0.03996944698950658
2022-04-04,-0.014338552184810737,False,0.04450926349869863,0.057462847622661496,0.030110616474589316,0.03996944698950658
2022-04-05,-0.010989121575595206,False,0.04450926349869863,0.057462847622661496,0.030110616474589316,0.03996944698950658
2022-04-06,0.005902043495031137,False,0.04450926349869863,0.057462847622661496,0.030110616474589316,0.03996944698950658
2022-04-07,0.009759983779956504,False,0.04450926349869863,0.057462847622661496,0.030110616474589316,0.03996944698950658
2022-04-08,0.017713208599070662,False,0.04450926349869863,0.057462847622661496,0.030110616474589316,0.03996944698950658
2022-04-11,-0.0015278841780531757,False,0.04450926349869863,0.057462847622661496,0.030110616474589316,0.03996944698950658
2022-04-12,-0.01269491948124878,False,0.04450926349869863,0.057462847622661496,0.030110616474589316,0.03996944698950658
2022-04-13,0.0,False,0.04450926349869863,0.057462847622661496,0.030110616474589316,0.03996944698950658
2022-04-14,0.0,False,0.04450926349869863,0.057462847622661496,0.030110616474589316,0.03996944698950658
2022-04-18,-0.022710451386380254,False,0.04450926349869863,0.057462847622661496,0.030110616474589316,0.03996944698950658
2022-04-19,0.0,False,0.04450926349869863,0.057462847622661496,0.030110616474589316,0.03996944698950658
2022-04-20,0.004346973847656346,False,0.04450926349869863,0.057462847622661496,0.03008462206004056,0.03983389582121237
2022-04-21,0.0015760444554657142,False,0.04450926349869863,0.057462847622661496,0.03008462206004056,0.03983389582121237
2022-04-22,-0.013476224556568677,False,0.04450926349869863,0.057462847622661496,0.03008462206004056,0.03983389582121237
2022-04-25,-0.029973892369956026,False,0.04450926349869863,0.057462847622661496,0.03008462206004056,0.03983389582121237
2022-04-26,0.0501207322051289,False,0.04450926349869863,0.057462847622661496,0.03008462206004056,0.03983389582121237
2022-04-27,0.005849110066323406,False,0.04450926349869863,0.057462847622661496,0.03008462206004056,0.03983389582121237
2022-04-28,0.011212180091141437,False,0.04450926349869863,0.057462847622661496,0.03008462206004056,0.03983389582121237
2022-04-29,-0.0015390537859030608,False,0.04450926349869863,0.057462847622661496,0.03008462206004056,0.03983389582121237
2022-05-16,0.008821228010798498,False,0.04450926349869863,0.057462847622661496,0.03008462206004056,0.03983389582121237
2022-05-17,0.003188524024627089,False,0.04450926349869863,0.057462847622661496,0.03008462206004056,0.03983389582121237
2022-05-18,-0.01725910792156931,False,0.04450926349869863,0.057462847622661496,0.03008462206004056,0.03983389582121237
2022-05-19,-0.005277057100843781,False,0.04450926349869863,0.057462847622661496,0.03008462206004056,0.03983389582121237
2022-05-20,-0.011461443519006652,False,0.04450926349869863,0.057462847622661496,0.03008462206004056,0.03983389582121237
2022-05-23,0.009016454525939983,False,0.04450926349869863,0.057462847622661496,0.03008462206004056,0.03983389582121237
2022-05-24,-0.00408831313515256,False,0.04450926349869863,0.057462847622661496,0.03008462206004056,0.03983389582121237
2022-05-25,-0.0140266326098881,False,0.04450926349869863,0.057462847622661496,0.03008462206004056,0.03983389582121237
2022-05-26,0.023404886870338374,False,0.04450926349869863,0.057462847622661496,0.03008462206004056,0.03983389582121237
2022-05-27,-0.0008120179090115837,False,0.04450926349869863,0.057462847622661496,0.03008462206004056,0.03983389582121237
2022-05-31,0.013715422744919424,False,0.04450926349869863,0.057462847622661496,0.03008462206004056,0.03983389582121237
2022-06-01,0.011155494171785452,False,0.04450926349869863,0.057462847622661496,0.03008462206004056,0.03983389582121237
2022-06-02,-0.01557228513037468,False,0.04450926349869863,0.057462847622661496,0.03008462206004056,0.03983389582121237
2022-06-03,-0.006459449185549573,False,0.04450926349869863,0.057462847622661496,0.03008462206004056,0.03983389582121237
2022-06-06,0.0076659645138905585,False,0.04450926349869863,0.057462847622661496,0.03008462206004056,0.03983389582121237
2022-06-07,-0.0052387788562794175,False,0.04450926349869863,0.057462847622661496,0.029979376224620602,0.03964386843937092
2022-06-08,-0.00689238487681059,False,0.04450926349869863,0.057462847622661496,0.029979376224620602,0.03964386843937092
2022-06-09,-0.0122801379465912,False,0.04450926349869863,0.057462847622661496,0.029979376224620602,0.03964386843937092
2022-06-10,-0.017868748856947263,False,0.04450926349869863,0.057462847622661496,0.029979376224620602,0.03964386843937092
2022-06-13,-0.021615590475940295,False,0.04450926349869863,0.057462847622661496,0.0297625727006537,0.03959407461165914
2022-06-14,-0.003433479767891519,False,0.04450926349869863,0.057462847622661496,0.0297625727006537,0.03959407461165914
2022-06-15,0.0025762143917732456,False,0.04450926349869863,0.057462847622661496,0.0297625727006537,0.03959407461165914
2022-06-16,-0.001287277586041996,False,0.04450926349869863,0.057462847622661496,0.0297625727006537,0.03959407461165914
2022-06-17,0.024598356454489108,False,0.04450926349869863,0.057462847622661496,0.0295433027174063,0.03930390788105308
2022-06-21,0.01207593271587543,False,0.04450926349869863,0.057462847622661496,0.0295433027174063,0.03930390788105308
2022-06-22,-0.007061296215011015,False,0.04450926349869863,0.057462847622661496,0.0295433027174063,0.03930390788105308
2022-06-23,-0.008371752536736849,False,0.04450926349869863,0.057462847622661496,0.0295433027174063,0.03930390788105308
2022-06-24,0.0008403361839050543,False,0.04450926349869863,0.057462847622661496,0.0295433027174063,0.03930390788105308
2022-06-27,-0.00843530940134985,False,0.04450926349869863,0.057462847622661496,0.0295433027174063,0.03930390788105308
2022-07-15,0.05445027131087037,False,0.04450926349869863,0.057462847622661496,0.0295433027174063,0.03930390788105308
2022-07-18,0.003440863609903911,False,0.04450926349869863,0.057462847622661496,0.0295433027174063,0.03930390788105308
2022-07-19,0.007698925966682483,False,0.04450926349869863,0.057462847622661496,0.0295433027174063,0.03930390788105308
2022-07-20,0.008907800152872736,False,0.04450926349869863,0.057462847622661496,0.0295433027174063,0.03930390788105308
2022-07-21,-0.027398974188114388,False,0.04450926349869863,0.057462847622661496,0.0295433027174063,0.03930390788105308
2022-07-22,-0.0030428191266835825,False,0.04450926349869863,0.057462847622661496,0.0295433027174063,0.03930390788105308
2022-07-25,0.03381447779343737,False,0.04450926349869863,0.057462847622661496,0.0295433027174063,0.03930390788105308
2022-07-26,0.010050335853501506,False,0.04450926349869863,0.057462847622661496,0.0295433027174063,0.03930390788105308
2022-07-27,-0.01892800988551891,False,0.04450926349869863,0.057462847622661496,0.0295433027174063,0.03930390788105308
2022-07-28,-0.016267482018141915,False,0.04450926349869863,0.057462847622661496,0.0295433027174063,0.03930390788105308
2022-07-29,0.002586208338032851,False,0.04450926349869863,0.057462847622661496,0.0295433027174063,0.03930390788105308
2022-08-01,0.006864033813769967,False,0.04450926349869863,0.057462847622661496,0.0295433027174063,0.03930390788105308
2022-08-02,0.0004274417675681524,False,0.04450926349869863,0.057462847622661496,0.0295433027174063,0.03930390788105308
2022-08-03,-0.025536986067359102,False,0.04450926349869863,0.057462847622661496,0.0295433027174063,0.03930390788105308
2022-08-04,0.029375762374524748,False,0.04450926349869863,0.057462847622661496,0.0295433027174063,0.03930390788105308
2022-08-05,-0.01890902922816386,False,0.04450926349869863,0.057462847622661496,0.0295433027174063,0.03930390788105308
2022-08-08,0.015070252920998173,False,0.04450926349869863,0.057462847622661496,0.0295433027174063,0.03930390788105308
2022-08-09,0.009781068835160691,False,0.04450926349869863,0.057462847622661496,0.0295433027174063,0.03930390788105308
2022-08-10,0.014703058400551677,False,0.04419859047906957,0.05542342741549281,0.029399774477572096,0.038596525959201475
2022-08-11,0.0045766670274118935,False,0.04419859047906957,0.05542342741549281,0.029399774477572096,0.038596525959201475
2022-08-12,-0.023945693596353807,False,0.04419859047906957,0.05542342741549281,0.029399774477572096,0.038596525959201475
2022-08-15,0.0033955890011381075,False,0.04419859047906957,0.05542342741549281,0.029399774477572096,0.038596525959201475
2022-08-16,-0.011506625998225798,False,0.04419859047906957,0.05542342741549281,0.029399774477572096,0.038596525959201475
2022-08-17,0.02831374431460709,False,0.04419859047906957,0.05542342741549281,0.029399774477572096,0.038596525959201475
2022-08-18,0.000832986303891771,False,0.04419859047906957,0.05542342741549281,0.029399774477572096,0.038596525959201475
2022-08-19,-0.01679300588262123,False,0.04419859047906957,0.05542342741549281,0.029399774477572096,0.038596525959201475
2022-08-22,-0.005944815809320505,False,0.04419859047906957,0.05542342741549281,0.029399774477572096,0.038596525959201475
2022-08-23,-0.020654779030746025,False,0.04419859047906957,0.05542342741549281,0.029399774477572096,0.038596525959201475
2022-08-24,0.0433926007226878,False,0.04419859047906957,0.05542342741549281,0.029399774477572096,0.038596525959201475
2022-08-25,0.006639028534809085,False,0.04419859047906957,0.05542342741549281,0.029399774477572096,0.038596525959201475
2022-09-02,0.019950786419348693,False,0.04419859047906957,0.05542342741549281,0.029399774477572096,0.038596525959201475
2022-09-06,-0.019531059235852053,False,0.04419859047906957,0.05542342741549281,0.029399774477572096,0.038596525959201475
2022-09-07,-0.03197884947075192,False,0.04419859047906957,0.05542342741549281,0.029399774477572096,0.038596525959201475
2022-09-15,0.027318361996052608,False,0.04419859047906957,0.05542342741549281,0.029399774477572096,0.03844074898530953
2022-09-16,-0.02179465982742032,False,0.04419859047906957,0.05542342741549281,0.029399774477572096,0.03844074898530953
2022-09-19,0.003806306139129676,False,0.04419859047906957,0.05542342741549281,0.029055543368740597,0.038324115943975466
2022-09-20,-0.005927197708267384,False,0.04419859047906957,0.05542342741549281,0.029055543368740597,0.038324115943975466
2022-09-21,-0.001274697432000584,False,0.04419859047906957,0.05542342741549281,0.029055543368740597,0.038324115943975466
2022-09-22,-0.0132679027440805,False,0.04419859047906957,0.05542342741549281,0.029055543368740597,0.038324115943975466
2022-09-23,-0.0324021340891079,False,0.04419859047906957,0.05542342741549281,0.029055543368740597,0.038324115943975466
2022-09-26,-0.0017817376651208365,False,0.04419859047906957,0.05542342741549281,0.029399774477572096,0.03838430268682455
2022-09-27,0.018989309834547635,False,0.04419859047906957,0.05542342741549281,0.029399774477572096,0.03838430268682455
2022-09-28,-0.001751313932735063,False,0.04419859047906957,0.05542342741549281,0.029399774477572096,0.03838430268682455
2022-09-29,0.019527632880270797,False,0.04419859047906957,0.05542342741549281,0.029055543368740597,0.038381511674457275
2022-09-30,0.011536124517930346,False,0.04419859047906957,0.05542342741549281,0.029055543368740597,0.038381511674457275
2022-10-03,-0.007247953281364108,False,0.04419859047906957,0.05542342741549281,0.029055543368740597,0.038381511674457275
2022-10-04,0.009793563480797834,False,0.04419859047906957,0.05542342741549281,0.029055543368740597,0.038381511674457275
2022-10-05,0.01346821705086661,False,0.04419859047906957,0.05542342741549281,0.029055543368740597,0.038381511674457275
2022-10-06,-0.007974858634758757,False,0.04419859047906957,0.05542342741549281,0.029055543368740597,0.038381511674457275
2022-10-07,0.009645702799576302,False,0.04419859047906957,0.05542342741549281,0.029055543368740597,0.038381511674457275
2022-10-10,-0.01598687813802378,False,0.04419859047906957,0.05542342741549281,0.029055543368740597,0.038381511674457275
2022-10-11,-0.0046758852462927365,False,0.04419859047906957,0.05542342741549281,0.029055543368740597,0.038381511674457275
2022-10-12,-0.012433171951326536,False,0.04419859047906957,0.05542342741549281,0.029055543368740597,0.038381511674457275
2022-10-13,0.02849437942274468,False,0.04419859047906957,0.05542342741549281,0.029055543368740597,0.038381511674457275
2022-10-14,-0.0033599359622477044,False,0.04419859047906957,0.05542342741549281,0.029055543368740597,0.038381511674457275
2022-10-17,-0.015688259008446802,False,0.04419859047906957,0.05542342741549281,0.029055543368740597,0.038381511674457275
2022-10-18,-0.015070252920998166,False,0.04419859047906957,0.05542342741549281,0.029055543368740597,0.038381511674457275
2022-10-19,0.001300672197241353,False,0.04419859047906957,0.05542342741549281,0.029055543368740597,0.038381511674457275
2022-10-20,0.008628181223338189,False,0.04419859047906957,0.05542342741549281,0.029055543368740597,0.038381511674457275
2022-10-21,-0.009495108022324072,False,0.04419859047906957,0.05542342741549281,0.029055543368740597,0.038381511674457275
2022-10-24,0.013353633709853615,False,0.04419859047906957,0.05542342741549281,0.029055543368740597,0.038381511674457275
2022-10-25,-0.017699577099400975,False,0.04419859047906957,0.05542342741549281,0.029055543368740597,0.038381511674457275
2022-10-26,-0.007870613432329579,False,0.04419859047906957,0.05542342741549281,0.029055543368740597,0.038381511674457275
2022-10-27,0.015679763746494414,False,0.04419859047906957,0.05542342741549281,0.028947538389548277,0.03830129493069236
2022-10-28,-0.005199318471793883,False,0.04419859047906957,0.05542342741549281,0.028947538389548277,0.03830129493069236
2022-10-31,0.01423358082116963,False,0.04419859047906957,0.05542342741549281,0.028947538389548277,0.03830129493069236
2022-11-01,0.005552010844989423,False,0.04419859047906957,0.05542342741549281,0.028947538389548277,0.03830129493069236
2022-11-02,0.013116329354970537,False,0.04419859047906957,0.05542342741549281,0.028947538389548277,0.03830129493069236
2022-11-03,-0.002946750185341651,False,0.04419859047906957,0.05542342741549281,0.028947538389548277,0.03830129493069236
2022-11-04,0.025802513429856504,False,0.04419859047906957,0.05542342741549281,0.028755830836310014,0.03819518725084512
2022-11-07,0.029151861908541132,False,0.04419859047906957,0.05542342741549281,0.028741344491275207,0.03815759880019501
2022-11-08,0.012294424143268371,False,0.04419859047906957,0.05542342741549281,0.028741344491275207,0.03815759880019501
2022-11-09,-0.0019727763352150396,False,0.04419859047906957,0.05542342741549281,0.028741344491275207,0.03815759880019501
2022-11-10,0.010216198874721097,False,0.04419859047906957,0.05542342741549281,0.028741344491275207,0.03815759880019501
2022-11-11,-0.014966801633318984,False,0.04419859047906957,0.05542342741549281,0.028741344491275207,0.03815759880019501
2022-11-14,-0.009168890225695739,False,0.04419859047906957,0.05542342741549281,0.028741344491275207,0.03815759880019501
2022-11-15,0.0012007205765188873,False,0.04419859047906957,0.05542342741549281,0.028741344491275207,0.03815759880019501
2022-11-16,0.001199280575482187,False,0.04419859047906957,0.05542342741549281,0.028741344491275207,0.03815759880019501
2022-11-17,-0.030422139252385298,False,0.04419859047906957,0.05542342741549281,0.028741344491275207,0.03815759880019501
2022-11-18,-0.006611594332312818,False,0.04419859047906957,0.05542342741549281,0.028755830836310014,0.03819112176567555
2022-11-21,-0.010418931508246002,False,0.04419859047906957,0.05542342741549281,0.028755830836310014,0.03819112176567555
2022-11-22,-0.0025167798519673437,False,0.04419859047906957,0.05542342741549281,0.028755830836310014,0.03819112176567555
2022-11-23,0.006697387947521523,False,0.04419859047906957,0.05542342741549281,0.028755830836310014,0.03819112176567555
2022-11-25,0.01654981919082176,False,0.04419859047906957,0.05542342741549281,0.028755830836310014,0.03819112176567555
2022-11-28,0.00041025641601061464,False,0.04419859047906957,0.05542342741549281,0.028755830836310014,0.03819112176567555
2022-12-05,-0.023167059281534418,False,0.04419859047906957,0.05542342741549281,0.028755830836310014,0.03819112176567555
2022-12-15,0.0172314421828827,False,0.04419859047906957,0.05542342741549281,0.028755830836310014,0.03819112176567555
2022-12-16,-0.016827320132525178,False,0.04419859047906957,0.05542342741549281,0.028755830836310014,0.03819112176567555
2022-12-19,0.009650255832161768,False,0.04419859047906957,0.05542342741549281,0.028755830836310014,0.03819112176567555
2022-12-20,-0.00040024014942944305,False,0.04419859047906957,0.05542342741549281,0.028755830836310014,0.03819112176567555
2022-12-21,0.012333555984442239,False,0.04419859047906957,0.05542342741549281,0.028755830836310014,0.03819112176567555
2022-12-22,0.029992511014825363,False,0.04419859047906957,0.05542342741549281,0.028755830836310014,0.03819112176567555
2022-12-23,0.008406621919710765,False,0.04419859047906957,0.05542342741549281,0.028755830836310014,0.03819112176567555
2022-12-27,0.0019007798918083407,False,0.04419859047906957,0.05542342741549281,0.028755830836310014,0.03819112176567555
2022-12-28,-0.004567956172903075,False,0.04419859047906957,0.05542342741549281,0.028755830836310014,0.03819112176567555
2022-12-29,-0.01654201982427367,False,0.04419859047906957,0.05542342741549281,0.028755830836310014,0.03819112176567555
2022-12-30,0.008497540510440719,False,0.04419859047906957,0.05542342741549281,0.028755830836310014,0.03819112176567555
2023-01-03,-0.010827638652063392,False,0.04419859047906957,0.05542342741549281,0.028755830836310014,0.03819112176567555
2023-01-04,0.011980819637055315,False,0.04419859047906957,0.05542342741549281,0.028755830836310014,0.03819112176567555
2023-01-05,0.005363997535580441,False,0.04419859047906957,0.05542342741549281,0.028755830836310014,0.03819112176567555
2023-01-06,-0.004595948342678513,False,0.04419859047906957,0.05542342741549281,0.028755830836310014,0.03819112176567555
2023-01-09,0.03210851840841752,False,0.04419859047906957,0.05542342741549281,0.028755830836310014,0.03819112176567555
2023-01-10,-0.03249246926742488,False,0.04419859047906957,0.05542342741549281,0.028741344491275207,0.038013448516817074
2023-01-11,0.011075156167849595,False,0.04419859047906957,0.05542342741549281,0.028755830836310014,0.03808837808259842
2023-01-12,0.0026550366440525556,False,0.04419859047906957,0.05542342741549281,0.028755830836310014,0.03808837808259842
2023-01-13,0.004158010148663677,False,0.04419859047906957,0.05542342741549281,0.028755830836310014,0.03808837808259842
2023-01-17,-0.003779293991893329,False,0.04419859047906957,0.05542342741549281,0.028755830836310014,0.03808837808259842
2023-01-18,-0.007983315541989684,False,0.04419859047906957,0.05542342741549281,0.028755830836310014,0.03808837808259842
2023-01-19,-0.019268418865877032,False,0.04419859047906957,0.05542342741549281,0.028755830836310014,0.03808837808259842
2023-01-20,-0.00038918077938190427,False,0.04419859047906957,0.05542342741549281,0.028755830836310014,0.03808837808259842
2023-01-23,0.01506692593665995,False,0.04419859047906957,0.05542342741549281,0.028755830836310014,0.03808837808259842
2023-01-24,-0.008858136104014043,False,0.04419859047906957,0.05542342741549281,0.028755830836310014,0.03808837808259842
2023-01-25,0.002704270529635801,False,0.04419859047906957,0.05542342741549281,0.028755830836310014,0.03808837808259842
2023-01-26,0.014173767257715934,False,0.04419859047906957,0.05542342741549281,0.028755830836310014,0.03808837808259842
2023-01-27,-0.0007610350443413372,False,0.04419859047906957,0.05542342741549281,0.028755830836310014,0.03808837808259842
2023-01-30,-0.006109220986410996,False,0.04419859047906957,0.05542342741549281,0.028755830836310014,0.03808837808259842
2023-01-31,-0.011556368980514941,False,0.04419859047906957,0.05542342741549281,0.028755830836310014,0.03808837808259842
2023-02-01,0.004252857753551374,False,0.04419859047906957,0.05542342741549281,0.028755830836310014,0.03808837808259842
2023-02-02,-0.0034782643763248086,False,0.04419859047906957,0.05542342741549281,0.028755830836310014,0.03808837808259842
2023-02-03,-0.005434795985956945,False,0.04419859047906957,0.05542342741549281,0.028755830836310014,0.03808837808259842
2023-02-06,0.003109213542481437,False,0.04419859047906957,0.05542342741549281,0.028741344491275207,0.03798299279391365
2023-02-07,0.001550989066248734,False,0.04419859047906957,0.05542342741549281,0.028741344491275207,0.03798299279391365
2023-02-08,-0.0007751938372690744,False,0.04419859047906957,0.05542342741549281,0.028741344491275207,0.03798299279391365
2023-02-09,-0.0003878223822120318,False,0.04419859047906957,0.05542342741549281,0.028741344491275207,0.03798299279391365
2023-02-10,-0.00544536545857206,False,0.04419859047906957,0.05542342741549281,0.028741344491275207,0.03798299279391365
2023-02-13,0.021987385282845634,False,0.04419859047906957,0.05542342741549281,0.028741344491275207,0.03798299279391365
2023-02-14,0.0,False,0.04419859047906957,0.05542342741549281,0.028741344491275207,0.03798299279391365
2023-02-15,0.026728487441212107,False,0.04419859047906957,0.05542342741549281,0.028741344491275207,0.03798299279391365
2023-02-16,0.002967361227802008,False,0.04419859047906957,0.05542342741549281,0.028741344491275207,0.03798299279391365
2023-02-17,0.008115131218991028,False,0.04419859047906957,0.05542342741549281,0.028741344491275207,0.03798299279391365
2023-02-21,0.0036670374792693397,False,0.04419859047906957,0.05542342741549281,0.028741344491275207,0.03798299279391365
2023-02-22,0.0021937851577136127,False,0.04419859047906957,0.05542342741549281,0.028741344491275207,0.03798299279391365
2023-02-23,-0.003292485140055723,False,0.04419859047906957,0.05542342741549281,0.028741344491275207,0.03798299279391365
2023-02-24,-0.00809423109403728,False,0.04419859047906957,0.05542342741549281,0.028741344491275207,0.03798299279391365
2023-02-27,0.0029509427537345928,False,0.04419859047906957,0.05542342741549281,0.028741344491275207,0.03798299279391365
2023-03-02,-0.014388737452099556,False,0.04419859047906957,0.05542342741549281,0.028741344491275207,0.03798299279391365
2023-03-03,-0.010929070532190317,False,0.04419859047906957,0.05542342741549281,0.028741344491275207,0.03798299279391365
2023-03-09,0.001110905502139462,False,0.04419859047906957,0.05542342741549281,0.028741344491275207,0.03798299279391365
2023-03-10,-0.010416760858255715,False,0.04419859047906957,0.05542342741549281,0.028741344491275207,0.03798299279391365
2023-03-17,0.029653766575203556,False,0.04419859047906957,0.05542342741549281,0.028741344491275207,0.03798299279391365
2023-03-20,0.017020146512990157,False,0.04419859047906957,0.05542342741549281,0.028741344491275207,0.03798299279391365
2023-03-21,0.011424615514988237,False,0.04419859047906957,0.05542342741549281,0.028741344491275207,0.03798299279391365
2023-03-22,0.02003229876259771,False,0.04419859047906957,0.05542342741549281,0.028741344491275207,0.03798299279391365
2023-03-23,-0.002089864919459242,False,0.04419859047906957,0.05542342741549281,0.028741344491275207,0.03798299279391365
2023-03-24,0.005563296685328732,False,0.04419859047906957,0.05542342741549281,0.028741344491275207,0.03798299279391365
2023-03-27,0.006221935039293459,False,0.04419859047906957,0.05542342741549281,0.028741344491275207,0.03798299279391365
2023-03-28,-0.00034464932272914363,False,0.04419859047906957,0.05542342741549281,0.028741344491275207,0.03798299279391365
2023-03-29,-0.007265210991412413,False,0.04419859047906957,0.05542342741549281,0.028741344491275207,0.03798299279391365
2023-03-30,0.012765396737729815,False,0.04419859047906957,0.05542342741549281,0.028741344491275207,0.03798299279391365
2023-03-31,0.0054700991097296646,False,0.043448513692020296,0.05456726267409258,0.028526466789586345,0.03750267238859765
2023-04-03,-0.022410867257940028,False,0.043448513692020296,0.05456726267409258,0.028526466789586345,0.03750267238859765
2023-04-04,0.01591178503563907,False,0.043448513692020296,0.05456726267409258,0.028526466789586345,0.03750267238859765
2023-04-05,-0.003782022730520261,False,0.043448513692020296,0.05456726267409258,0.028526466789586345,0.03750267238859765
2023-04-11,0.02133143351605774,False,0.043448513692020296,0.05456726267409258,0.028526466789586345,0.03750267238859765
2023-04-12,-0.010439562735377404,False,0.043448513692020296,0.05456726267409258,0.028526466789586345,0.03750267238859765
2023-04-13,0.016118549102082255,False,0.043448513692020296,0.05456726267409258,0.028526466789586345,0.03750267238859765
2023-04-14,-0.006014050869755808,False,0.043448513692020296,0.05456726267409258,0.028526466789586345,0.03750267238859765
2023-04-17,0.006347106659678894,False,0.043448513692020296,0.05456726267409258,0.028526466789586345,0.03750267238859765
2023-04-18,0.016840417795247448,False,0.043448513692020296,0.05456726267409258,0.028526466789586345,0.03750267238859765
2023-04-19,0.00815266214592264,False,0.043448513692020296,0.05456726267409258,0.028526466789586345,0.03750267238859765
2023-04-20,0.002594876577658877,False,0.043448513692020296,0.05456726267409258,0.028526466789586345,0.03750267238859765
2023-04-21,0.026847250036188056,False,0.043448513692020296,0.05456726267409258,0.028526466789586345,0.03750267238859765
2023-04-24,0.010040875070810902,False,0.043448513692020296,0.05456726267409258,0.028526466789586345,0.03750267238859765
2023-04-25,-0.017002928508133463,False,0.043448513692020296,0.05456726267409258,0.028526466789586345,0.03750267238859765
2023-04-26,0.00853760126600164,False,0.043448513692020296,0.05456726267409258,0.028526466789586345,0.03750267238859765
2023-04-27,-0.008220090547347573,False,0.043448513692020296,0.05456726267409258,0.028526466789586345,0.03750267238859765
2023-04-28,0.007590169266675653,False,0.043448513692020296,0.05456726267409258,0.028526466789586345,0.03750267238859765
2023-05-01,-0.0009456265480070661,False,0.043448513692020296,0.05456726267409258,0.028526466789586345,0.03750267238859765
2023-05-02,-0.013013991004148427,False,0.043448513692020296,0.05456726267409258,0.028526466789586345,0.03750267238859765
2023-05-03,-0.03776490434775808,False,0.043448513692020296,0.05456726267409258,0.028526466789586345,0.03750267238859765
2023-05-09,0.015605809847472469,False,0.043448513692020296,0.05456726267409258,0.028741344491275207,0.03768314847676634
2023-05-10,0.009554703602478213,False,0.043448513692020296,0.05456726267409258,0.028741344491275207,0.03768314847676634
2023-05-11,-0.005536772065131883,False,0.043448513692020296,0.05456726267409258,0.028741344491275207,0.03768314847676634
2023-05-12,-0.00494744361046727,False,0.043448513692020296,0.05456726267409258,0.028741344491275207,0.03768314847676634
2023-05-15,-0.02067095210419637,False,0.043448513692020296,0.05456726267409258,0.028741344491275207,0.03768314847676634
2023-05-16,-0.053627796031408013,False,0.043448513692020296,0.05456726267409258,0.028741344491275207,0.03768314847676634
2023-05-17,0.0016680571006970134,False,0.04419859047906957,0.05551049499812122,0.028755830836310014,0.03818078457782734
2023-05-18,-0.0030045090202987243,False,0.04419859047906957,0.05551049499812122,0.028755830836310014,0.03818078457782734
2023-05-19,0.02541810385719881,False,0.04419859047906957,0.05551049499812122,0.028755830836310014,0.03818078457782734
2023-05-22,-0.01477616770768873,False,0.04419859047906957,0.05551049499812122,0.028755830836310014,0.03818078457782734
2023-05-23,-0.0023182656516113707,False,0.04419859047906957,0.05551049499812122,0.028755830836310014,0.03818078457782734
2023-05-24,-0.001991371384925287,False,0.04419859047906957,0.05551049499812122,0.028755830836310014,0.03818078457782734
2023-05-25,0.0023228814161397287,False,0.04419859047906957,0.05551049499812122,0.028741344491275207,0.03814580960042749
2023-05-26,-0.008655180529113108,False,0.04419859047906957,0.05551049499812122,0.028741344491275207,0.03814580960042749
2023-05-30,0.004669788339359957,False,0.04419859047906957,0.05551049499812122,0.028741344491275207,0.03814580960042749
2023-05-31,0.000665336019221158,False,0.04419859047906957,0.05551049499812122,0.028741344491275207,0.03814580960042749
2023-06-01,0.0003325020812013956,False,0.04419859047906957,0.05551049499812122,0.028741344491275207,0.03814580960042749
2023-06-02,0.0059662092785707005,False,0.04419859047906957,0.05551049499812122,0.028741344491275207,0.03814580960042749
2023-06-05,0.009865255938109972,False,0.04419859047906957,0.05551049499812122,0.028741344491275207,0.03814580960042749
2023-06-06,-0.0036059701424136638,False,0.04419859047906957,0.05551049499812122,0.028741344491275207,0.03814580960042749
2023-06-07,0.018868484304382736,False,0.04419859047906957,0.05551049499812122,0.028741344491275207,0.03814580960042749
2023-06-08,0.014715556652644388,False,0.04419859047906957,0.05551049499812122,0.028741344491275207,0.03814580960042749
2023-06-09,0.009796254673197793,False,0.04419859047906957,0.05551049499812122,0.028741344491275207,0.03814580960042749
2023-06-12,-0.01393309430392405,False,0.04419859047906957,0.05551049499812122,0.028741344491275207,0.03814580960042749
2023-06-13,0.015818108999695296,False,0.04419859047906957,0.05551049499812122,0.028741344491275207,0.03814580960042749
2023-06-14,0.0009411765400636845,False,0.04419859047906957,0.05551049499812122,0.028741344491275207,0.03814580960042749
2023-06-15,0.011535591675096461,False,0.04419859047906957,0.05551049499812122,0.028741344491275207,0.03814580960042749
2023-06-16,-0.01184921877504851,False,0.04419859047906957,0.05551049499812122,0.028741344491275207,0.03814580960042749
2023-06-20,-0.014534221094539225,False,0.04419859047906957,0.05551049499812122,0.028741344491275207,0.03814580960042749
2023-06-21,0.006977510071977951,False,0.04419859047906957,0.05551049499812122,0.028741344491275207,0.03814580960042749
2023-06-22,-0.008251395594566635,False,0.04419859047906957,0.05551049499812122,0.028526466789586345,0.03810048930689611
2023-06-23,-0.004791576009899284,False,0.04419859047906957,0.05551049499812122,0.028526466789586345,0.03810048930689611
2023-06-26,0.026229975886419662,False,0.04419859047906957,0.05551049499812122,0.028526466789586345,0.03810048930689611
2023-06-27,0.0018697418971540176,False,0.04419859047906957,0.05551049499812122,0.028526466789586345,0.03810048930689611
2023-06-28,0.024601486730308236,False,0.04419859047906957,0.05551049499812122,0.028526466789586345,0.03810048930689611
2023-06-29,-0.02273523424463186,False,0.04419859047906957,0.05551049499812122,0.028526466789586345,0.03810048930689611
2023-06-30,0.030602143198061326,False,0.04419859047906957,0.05551049499812122,0.02839067186696443,0.0380919369503086
2023-07-03,0.013768550342448893,False,0.04419859047906957,0.05551049499812122,0.02839067186696443,0.0380919369503086
2023-07-05,-0.008957957782099334,False,0.04419859047906957,0.05551049499812122,0.02839067186696443,0.0380919369503086
2023-07-10,0.0076069132975012475,False,0.04419859047906957,0.05551049499812122,0.02839067186696443,0.0380919369503086
2023-07-13,-0.02051825158759548,False,0.043448513692020296,0.054590765248239415,0.02817121473670479,0.03759176393085851
2023-07-14,0.02294029334080683,False,0.043448513692020296,0.054590765248239415,0.02817121473670479,0.03759176393085851
2023-07-17,0.015601876630499958,False,0.043448513692020296,0.054590765248239415,0.02817121473670479,0.03759176393085851
2023-07-18,0.014188828048673803,False,0.043448513692020296,0.054590765248239415,0.02817121473670479,0.03759176393085851
2023-07-19,0.007602375796725462,False,0.043448513692020296,0.054590765248239415,0.02817121473670479,0.03759176393085851
2023-07-20,-0.013194737685747032,False,0.043448513692020296,0.054590765248239415,0.02817121473670479,0.03759176393085851
2023-07-21,0.007937716232945376,False,0.043448513692020296,0.054590765248239415,0.02817121473670479,0.03759176393085851
2023-07-24,0.00058548011040136,False,0.043448513692020296,0.054590765248239415,0.02817121473670479,0.03759176393085851
2023-07-25,0.015391620825613047,False,0.043448513692020296,0.054590765248239415,0.02817121473670479,0.03759176393085851
2023-07-26,0.02335623117115578,False,0.043448513692020296,0.054590765248239415,0.02817121473670479,0.03759176393085851
2023-07-27,-0.006496280436790647,False,0.043448513692020296,0.054590765248239415,0.02817121473670479,0.03759176393085851
2023-07-28,-0.001134108428901019,False,0.043448513692020296,0.054590765248239415,0.02817121473670479,0.03759176393085851
2023-07-31,0.006503628183101025,False,0.043448513692020296,0.054590765248239415,0.02817121473670479,0.03759176393085851
2023-08-01,-0.001410238563998119,False,0.043448513692020296,0.054590765248239415,0.02809723135225399,0.03756710817657455
2023-08-02,0.005348358984134868,False,0.043448513692020296,0.054590765248239415,0.02809723135225399,0.03756710817657455
2023-08-03,-0.020133956744570882,False,0.043448513692020296,0.054590765248239415,0.02809723135225399,0.03756710817657455
2023-08-04,0.0054278093548754455,False,0.043448513692020296,0.054590765248239415,0.02809723135225399,0.03756710817657455
2023-08-07,-0.009733830074628877,False,0.043448513692020296,0.054590765248239415,0.02809723135225399,0.03756710817657455
2023-08-08,-0.04200940807754297,False,0.043448513692020296,0.054590765248239415,0.02809723135225399,0.03756710817657455
2023-08-09,-0.004209266587765034,False,0.043448513692020296,0.054590765248239415,0.02809723135225399,0.03763585084240061
2023-08-10,-0.011210540069938378,False,0.043448513692020296,0.054590765248239415,0.02809723135225399,0.03763585084240061
2023-08-11,0.00455997142169484,False,0.043448513692020296,0.054590765248239415,0.027690246607438317,0.037519698353952906
2023-08-14,0.007252978305015577,False,0.043448513692020296,0.054590765248239415,0.027690246607438317,0.037519698353952906
2023-08-15,0.005704864593999427,False,0.043448513692020296,0.054590765248239415,0.027690246607438317,0.037519698353952906
2023-08-16,0.009535233151000005,False,0.043448513692020296,0.054590765248239415,0.027690246607438317,0.037519698353952906
2023-08-17,0.012085629784960899,False,0.043448513692020296,0.054590765248239415,0.027690246607438317,0.037519698353952906
2023-08-18,-0.013866574155955751,False,0.043448513692020296,0.054590765248239415,0.027690246607438317,0.037519698353952906
2023-08-21,-0.0032733253449691376,False,0.043448513692020296,0.054590765248239415,0.027690246607438317,0.037519698353952906
2023-08-22,-0.007779811830757209,False,0.043448513692020296,0.054590765248239415,0.027690246607438317,0.037519698353952906
2023-08-23,-0.0018039692204306357,False,0.043448513692020296,0.054590765248239415,0.027690246607438317,0.037519698353952906
2023-08-24,0.011965443385675427,False,0.043448513692020296,0.054590765248239415,0.027659634857045146,0.03747098593112387
2023-08-25,0.019726828419716007,False,0.043448513692020296,0.054590765248239415,0.027659634857045146,0.03747098593112387
2023-08-28,0.003492436611499202,False,0.04263558075069384,0.054484137954709876,0.027411982575769843,0.03713402393823013
2023-08-29,0.03230236546585649,False,0.04263558075069384,0.054484137954709876,0.027411982575769843,0.03713402393823013
2023-08-30,0.014244061525921331,False,0.04263558075069384,0.054484137954709876,0.027411982575769843,0.03713402393823013
2023-08-31,-0.0011098780273611913,False,0.04263558075069384,0.054484137954709876,0.027411982575769843,0.03713402393823013
2023-09-01,-0.007803830016528031,False,0.04263558075069384,0.054484137954709876,0.027411982575769843,0.03713402393823013
2023-09-05,-0.003924871873297245,False,0.04263558075069384,0.054484137954709876,0.027411982575769843,0.03713402393823013
2023-09-06,0.004763915412941549,False,0.04263558075069384,0.054484137954709876,0.027411982575769843,0.03713402393823013
2023-09-07,-0.0011188812356079751,False,0.04263558075069384,0.054484137954709876,0.027411982575769843,0.03713402393823013
2023-09-08,0.010025146619378865,False,0.04263558075069384,0.054484137954709876,0.027411982575769843,0.03713402393823013
2023-09-11,0.0005540166346692684,False,0.04263558075069384,0.054484137954709876,0.027411982575769843,0.03713402393823013
2023-09-12,0.04362062247589035,False,0.04263558075069384,0.054484137954709876,0.027411982575769843,0.03713402393823013
2023-09-13,0.02020800953039792,False,0.04263558075069384,0.054484137954709876,0.027411982575769843,0.03713402393823013
2023-09-14,0.0010386913424115715,False,0.04263558075069384,0.054484137954709876,0.027411982575769843,0.03713402393823013
2023-09-15,-0.02523129905218866,False,0.04263558075069384,0.054484137954709876,0.027411982575769843,0.03713402393823013
2023-09-18,-0.036870535808327685,False,0.04263558075069384,0.054484137954709876,0.027411982575769843,0.03713402393823013
2023-09-19,0.005782750521912127,False,0.04263558075069384,0.054484137954709876,0.027659634857045146,0.03731825181557221
2023-09-20,-0.019967385513868497,False,0.04263558075069384,0.054484137954709876,0.027659634857045146,0.03731825181557221
2023-09-21,0.006978395381462278,False,0.04263558075069384,0.054484137954709876,0.027411982575769843,0.037099850499757794
2023-09-22,-0.003622687534489997,False,0.04263558075069384,0.054484137954709876,0.027411982575769843,0.037099850499757794
2023-09-25,-0.024301845845230974,False,0.04263558075069384,0.054484137954709876,0.027411982575769843,0.037099850499757794
2023-09-26,0.0011435107020790205,False,0.04201558845196136,0.0544027856415865,0.02738907221762223,0.03677901061050778
2023-09-27,-0.024292692569044587,False,0.04201558845196136,0.0544027856415865,0.02738907221762223,0.03677901061050778
2023-09-28,0.012509254028708332,False,0.04201558845196136,0.0544027856415865,0.02738907221762223,0.03677901061050778
2023-09-29,-0.01192394526163249,False,0.04201558845196136,0.0544027856415865,0.02738907221762223,0.03677901061050778
2023-10-02,0.024278649170260895,False,0.04201558845196136,0.0544027856415865,0.02738907221762223,0.03677901061050778
2023-10-03,-0.02135723312812675,False,0.04201558845196136,0.0544027856415865,0.02738907221762223,0.03677901061050778
2023-10-04,0.0008747631407794009,False,0.04201558845196136,0.0544027856415865,0.02738907221762223,0.03677901061050778
2023-10-05,-0.009076332254196942,False,0.04201558845196136,0.0544027856415865,0.02738907221762223,0.03677901061050778
2023-10-06,0.01546798678573961,False,0.04201558845196136,0.0544027856415865,0.02738907221762223,0.03677901061050778
2023-10-09,-0.005226492733542583,False,0.04201558845196136,0.0544027856415865,0.027336040491428525,0.03660550733812986
2023-10-10,0.011289742144600533,False,0.04201558845196136,0.0544027856415865,0.027336040491428525,0.03660550733812986
2023-10-11,-0.01216348619319735,False,0.04201558845196136,0.0544027856415865,0.027168019557457138,0.03652612947238938
2023-10-12,0.01675855458861985,False,0.04192186905359312,0.05388587042183175,0.02686285362483106,0.036125744703068535
2023-10-13,0.002575477171215241,False,0.04192186905359312,0.05388587042183175,0.02686285362483106,0.036125744703068535
2023-10-16,0.02595350185839477,False,0.04192186905359312,0.05388587042183175,0.02686285362483106,0.036125744703068535
2023-10-17,0.012178395741536901,False,0.04192186905359312,0.05388587042183175,0.02686285362483106,0.036125744703068535
2023-10-18,0.0010998076445401382,False,0.04192186905359312,0.05388587042183175,0.02686285362483106,0.036125744703068535
2023-10-19,0.002470153582062117,False,0.04192186905359312,0.05388587042183175,0.02686285362483106,0.036125744703068535
2023-10-20,0.012530809564963179,False,0.04192186905359312,0.05388587042183175,0.02686285362483106,0.036125744703068535
2023-10-23,0.017443082804992648,False,0.04192186905359312,0.05388587042183175,0.02686285362483106,0.036125744703068535
2023-10-24,-0.008012863385357148,False,0.04192186905359312,0.05388587042183175,0.02686285362483106,0.036125744703068535
2023-10-25,0.0016077173880968793,False,0.04192186905359312,0.05388587042183175,0.02686285362483106,0.036125744703068535
2023-10-26,0.019881370553828995,False,0.04192186905359312,0.05388587042183175,0.02686285362483106,0.036125744703068535
2023-10-27,0.010963304797269594,False,0.04192186905359312,0.05388587042183175,0.02686285362483106,0.036125744703068535
2023-10-30,-0.0067726229178179725,False,0.04192186905359312,0.05388587042183175,0.02686285362483106,0.036125744703068535
2023-10-31,-0.00235509725496841,False,0.04192186905359312,0.05388587042183175,0.02686285362483106,0.036125744703068535
2023-11-01,-0.006043902250270196,False,0.04192186905359312,0.05388587042183175,0.02686285362483106,0.036125744703068535
2023-11-02,0.01854081052656271,False,0.04192186905359312,0.05388587042183175,0.02686285362483106,0.036125744703068535
2023-11-03,0.008501919045983852,False,0.04192186905359312,0.05388587042183175,0.02686285362483106,0.036125744703068535
2023-11-06,0.004096267888515355,False,0.04192186905359312,0.05388587042183175,0.02686285362483106,0.036125744703068535
2023-11-07,-0.007951818224354255,False,0.04192186905359312,0.05388587042183175,0.02686285362483106,0.036125744703068535
2023-11-08,0.008462673918733728,False,0.04192186905359312,0.05388587042183175,0.02679962923340635,0.03601887595835126
2023-11-09,0.00839165763624838,False,0.04192186905359312,0.05388587042183175,0.02679962923340635,0.03601887595835126
2023-11-10,0.010579443762084513,False,0.04192186905359312,0.05388587042183175,0.02679962923340635,0.03601887595835126
2023-11-13,0.01492193815395659,False,0.04192186905359312,0.05388587042183175,0.02679962923340635,0.03601887595835126
2023-11-14,-0.026261356620129878,False,0.03864250042031468,0.05388587042183175,0.026755626315205,0.035716398719438006
2023-11-15,-0.0017755236116547223,False,0.03864250042031468,0.05388587042183175,0.026755626315205,0.035716398719438006
2023-11-16,0.01636697746420541,False,0.03864250042031468,0.05388587042183175,0.026755626315205,0.035716398719438006
2023-11-17,0.01953815088446453,False,0.03864250042031468,0.05388587042183175,0.026755626315205,0.035716398719438006
2023-11-20,-0.012073572805418646,False,0.03864250042031468,0.05388587042183175,0.026755626315205,0.035716398719438006
2023-11-21,0.04673408205263276,False,0.03864250042031468,0.05388587042183175,0.026755626315205,0.035716398719438006
2023-11-22,-0.012857319975237317,False,0.03864250042031468,0.05388587042183175,0.026755626315205,0.035716398719438006
2023-11-24,0.010962931532786038,False,0.03864250042031468,0.05388587042183175,0.026755626315205,0.035716398719438006
2023-11-27,0.00967102713907744,False,0.03864250042031468,0.05388587042183175,0.026755626315205,0.035716398719438006
2023-11-28,0.025493848826219766,False,0.03864250042031468,0.05388587042183175,0.026755626315205,0.035716398719438006
2023-11-29,0.015440815402903431,False,0.03864250042031468,0.05388587042183175,0.026285960903409525,0.03570480202960794
2023-11-30,0.008302527216416434,False,0.03864250042031468,0.05388587042183175,0.02612276794539852,0.03556774972332216
2023-12-01,-0.017356459594249245,False,0.03864250042031468,0.05388587042183175,0.02612276794539852,0.03556774972332216
2023-12-04,-0.029301900273240034,False,0.03864250042031468,0.05388587042183175,0.02575344216626193,0.03543713885445702
2023-12-05,-0.015335914578821398,False,0.03864250042031468,0.05388587042183175,0.02612276794539852,0.035500867383829356
2023-12-06,0.008287013211945513,False,0.03864250042031468,0.05388587042183175,0.02612276794539852,0.035500867383829356
2023-12-07,0.023075257619859766,False,0.03864250042031468,0.05388587042183175,0.02612276794539852,0.035500867383829356
2023-12-12,0.005500816071034801,False,0.03864250042031468,0.05388587042183175,0.02612276794539852,0.035500867383829356
2023-12-13,0.004561011327562667,False,0.03864250042031468,0.05388587042183175,0.02612276794539852,0.035500867383829356
2023-12-14,-0.029556526931277388,False,0.03864250042031468,0.05388587042183175,0.02612276794539852,0.035500867383829356
2023-12-15,-0.005404783454126221,False,0.03864250042031468,0.05388587042183175,0.026285960903409525,0.035566770790052306
2023-12-18,0.0063417711075926505,False,0.03864250042031468,0.05388587042183175,0.026285960903409525,0.035566770790052306
2023-12-19,0.004205613675414045,False,0.03864250042031468,0.05388587042183175,0.026285960903409525,0.035566770790052306
2023-12-20,0.004652253098957557,False,0.03864250042031468,0.05388587042183175,0.026285960903409525,0.035566770790052306
2023-12-21,-0.004885434865200053,False,0.03864250042031468,0.05388587042183175,0.02612276794539852,0.03535066391298745
2023-12-22,0.005349471996496742,False,0.03864250042031468,0.05388587042183175,0.02612276794539852,0.03535066391298745
2023-12-26,-0.006516197131763613,False,0.03864250042031468,0.05388587042183175,0.02612276794539852,0.03535066391298745
2023-12-27,-0.0007006890395284559,False,0.03864250042031468,0.05388587042183175,0.02612276794539852,0.03535066391298745
2023-12-28,-0.00562325755436212,False,0.03864250042031468,0.05388587042183175,0.02612276794539852,0.03535066391298745
2023-12-29,-0.014198061505292538,False,0.03864250042031468,0.05388587042183175,0.02612276794539852,0.03535066391298745
2024-01-02,0.018652411854672896,False,0.03864250042031468,0.05388587042183175,0.02612276794539852,0.03535066391298745
2024-01-03,-0.00869264254261621,False,0.03864250042031468,0.05388587042183175,0.02612276794539852,0.03535066391298745
2024-01-04,0.005177700435171679,False,0.03864250042031468,0.05388587042183175,0.02612276794539852,0.03535066391298745
2024-01-05,-0.013232707266574306,False,0.03864250042031468,0.05388587042183175,0.02612276794539852,0.03535066391298745
2024-01-08,-0.02651396577560692,False,0.03864250042031468,0.05388587042183175,0.02612276794539852,0.03535066391298745
2024-01-09,0.01647324073234484,False,0.03864250042031468,0.05388587042183175,0.026273987077903727,0.03535571609609699
2024-01-10,0.010516349309065334,False,0.03864250042031468,0.05388587042183175,0.026273987077903727,0.03535571609609699
2024-01-11,0.016038079616447938,False,0.03864250042031468,0.05388587042183175,0.026273987077903727,0.03535571609609699
2024-01-12,0.01139944878853882,False,0.03864250042031468,0.05388587042183175,0.026273987077903727,0.03535571609609699
2024-01-16,0.02422421925556644,False,0.0377733402168011,0.052668175628876955,0.02612276794539852,0.03486523444486742
2024-01-17,0.004280732007220087,False,0.0377733402168011,0.052668175628876955,0.02612276794539852,0.03486523444486742
2024-01-18,0.002245678015395903,False,0.0377733402168011,0.052668175628876955,0.02612276794539852,0.03486523444486742
2024-01-19,0.02765357056330997,False,0.0377733402168011,0.052668175628876955,0.02612276794539852,0.03486523444486742
2024-01-22,-0.003935291480055193,False,0.0377733402168011,0.052668175628876955,0.02612276794539852,0.03486523444486742
2024-01-23,0.015001911963252696,False,0.0377733402168011,0.052668175628876955,0.02612276794539852,0.03486523444486742
2024-01-24,0.03206559889473304,False,0.0377733402168011,0.052668175628876955,0.02612276794539852,0.03486523444486742
2024-01-25,-0.03400965394052906,False,0.0377733402168011,0.052668175628876955,0.02612276794539852,0.03486523444486742
2024-01-26,0.010110874561537402,False,0.0377733402168011,0.052668175628876955,0.026273987077903727,0.03502020039127541
2024-01-29,0.012760700590214488,False,0.0377733402168011,0.052668175628876955,0.02612276794539852,0.034977745137329305
2024-01-30,0.0153090963061154,False,0.0377733402168011,0.052668175628876955,0.02612276794539852,0.034977745137329305
2024-01-31,0.0035317373367234482,False,0.0377733402168011,0.052668175628876955,0.02612276794539852,0.034977745137329305
2024-02-01,0.027410184007916606,False,0.0377733402168011,0.052668175628876955,0.02612276794539852,0.034977745137329305
2024-02-02,0.01063733060858379,False,0.0377733402168011,0.052668175628876955,0.02612276794539852,0.034977745137329305
2024-02-05,0.035304706010122845,False,0.0377733402168011,0.052668175628876955,0.02612276794539852,0.034977745137329305
2024-02-06,0.005956401508944859,False,0.0377733402168011,0.052668175628876955,0.02612276794539852,0.034977745137329305
2024-02-07,0.03575169096384288,False,0.0377733402168011,0.052668175628876955,0.02612276794539852,0.034977745137329305
2024-02-08,0.0704705222914646,False,0.0377733402168011,0.052668175628876955,0.02612276794539852,0.034977745137329305
2024-02-09,0.014196766276720256,False,0.0377733402168011,0.052668175628876955,0.02612276794539852,0.034977745137329305
2024-02-12,-0.0047667778376538185,False,0.0377733402168011,0.052668175628876955,0.02612276794539852,0.034977745137329305
2024-02-13,0.023776518418454563,False,0.0377733402168011,0.052668175628876955,0.02612276794539852,0.034977745137329305
2024-02-14,-0.008702983801607228,False,0.0377733402168011,0.052668175628876955,0.02612276794539852,0.034977745137329305
2024-02-15,0.002015114032020891,False,0.0377733402168011,0.052668175628876955,0.02612276794539852,0.034977745137329305
2024-02-16,-0.04371999944648129,False,0.0377733402168011,0.052668175628876955,0.02612276794539852,0.034977745137329305
2024-02-20,0.05007453587964784,False,0.03864250042031468,0.05317932644831911,0.026273987077903727,0.03532691799385634
2024-02-21,0.03263387069460047,False,0.03864250042031468,0.05317932644831911,0.026273987077903727,0.03532691799385634
2024-02-22,-0.0046899091380548635,False,0.03864250042031468,0.05317932644831911,0.026273987077903727,0.03532691799385634
2024-02-23,0.06175868431140824,False,0.03864250042031468,0.05317932644831911,0.026273987077903727,0.03532691799385634
2024-02-26,0.047904443810383016,False,0.03864250042031468,0.05317932644831911,0.026273987077903727,0.03532691799385634
2024-02-27,-0.01891690693713081,False,0.03864250042031468,0.05317932644831911,0.026273987077903727,0.03532691799385634
2024-02-28,-0.057114874055463706,False,0.03864250042031468,0.05317932644831911,0.026273987077903727,0.03532691799385634
2024-02-29,0.020171358863779413,False,0.04201558845196136,0.054689873046111184,0.026525939601112717,0.03593893615945347
2024-03-01,0.04739939426403749,False,0.04201558845196136,0.054689873046111184,0.026525939601112717,0.03593893615945347
2024-03-06,0.028290429839096576,False,0.04201558845196136,0.054689873046111184,0.026273987077903727,0.03588845961135702
2024-03-07,-0.016310822797668736,False,0.04201558845196136,0.054689873046111184,0.026273987077903727,0.03588845961135702
2024-03-08,-0.008113346050100624,False,0.04201558845196136,0.054689873046111184,0.026273987077903727,0.03588845961135702
2024-03-13,-0.001741077420292917,False,0.04201558845196136,0.054689873046111184,0.026273987077903727,0.03588845961135702
2024-03-14,-0.08152708821732833,False,0.04201558845196136,0.054689873046111184,0.02612276794539852,0.03587774428625232
2024-03-15,0.07953356650055315,False,0.0426383710586525,0.05857983731590586,0.026273987077903727,0.03698305891819628
2024-03-18,0.019024662735060476,False,0.0426383710586525,0.05857983731590586,0.026273987077903727,0.03698305891819628
2024-03-19,-0.01790281780593583,False,0.0426383710586525,0.05857983731590586,0.026273987077903727,0.03698305891819628
2024-03-20,0.03633204938194809,False,0.0426383710586525,0.05857983731590586,0.026273987077903727,0.03698305891819628
2024-03-21,0.027840452368084558,False,0.0426383710586525,0.05857983731590586,0.026273987077903727,0.03698305891819628
2024-03-22,0.04344036520624281,False,0.0426383710586525,0.05857983731590586,0.026273987077903727,0.03698305891819628
2024-03-25,0.07643055693253126,False,0.0426383710586525,0.05857983731590586,0.026273987077903727,0.03698305891819628
2024-03-26,-0.0028021397609848332,False,0.0426383710586525,0.05857983731590586,0.026273987077903727,0.03698305891819628
2024-03-27,0.02270839936981225,False,0.0426383710586525,0.05857983731590586,0.026273987077903727,0.03698305891819628
2024-03-28,-0.00785357700760576,False,0.0426383710586525,0.05857983731590586,0.026273987077903727,0.03698305891819628
2024-04-01,0.035606698219851046,False,0.0426383710586525,0.05857983731590586,0.026273987077903727,0.03698305891819628
2024-04-02,-0.01704162025209678,False,0.0426383710586525,0.05857983731590586,0.026273987077903727,0.03698305891819628
2024-04-03,-0.043657114982606264,False,0.0426383710586525,0.05857983731590586,0.026273987077903727,0.03698305891819628
2024-04-04,-0.006531151415659997,False,0.043657743827245014,0.05857983731590586,0.026525939601112717,0.03732592190233627
2024-04-05,0.03458827418754784,False,0.043657743827245014,0.05857983731590586,0.026525939601112717,0.03732592190233627
2024-04-08,0.010157527658024952,False,0.043657743827245014,0.05857983731590586,0.026525939601112717,0.03732592190233627
2024-04-09,0.03075022122503588,False,0.043657743827245014,0.05857983731590586,0.026525939601112717,0.03732592190233627
2024-04-10,0.020083139213050823,False,0.043657743827245014,0.05857983731590586,0.026525939601112717,0.03732592190233627
2024-04-11,-0.0036566630429248448,False,0.043657743827245014,0.05857983731590586,0.026525939601112717,0.03732592190233627
2024-04-12,0.05750647926905293,False,0.043657743827245014,0.05857983731590586,0.026525939601112717,0.03732592190233627
2024-04-15,0.001273422038554856,False,0.043657743827245014,0.05857983731590586,0.026525939601112717,0.03732592190233627
2024-04-16,-0.07139163230290106,False,0.043657743827245014,0.05857983731590586,0.026525939601112717,0.03732592190233627
2024-04-17,0.009425323625885433,False,0.043724754179927695,0.06134700060154783,0.02675813267324614,0.03821868570267983
2024-04-18,0.08975583446896103,False,0.043724754179927695,0.06134700060154783,0.02675813267324614,0.03821868570267983
2024-04-19,0.048912246044424436,False,0.043724754179927695,0.06134700060154783,0.02675813267324614,0.03821868570267983
2024-04-22,-0.061814502705499805,False,0.043724754179927695,0.06134700060154783,0.02675813267324614,0.03821868570267983
2024-04-23,-0.05353002007551411,False,0.044200612391857616,0.06310890359298565,0.02686285362483106,0.03891803075606607
2024-04-24,0.04245331625233912,False,0.04479763873682324,0.06399096231406554,0.026874315087442674,0.039445444721395384
2024-04-25,-0.004992974831966317,False,0.04479763873682324,0.06399096231406554,0.026874315087442674,0.039445444721395384
2024-04-26,-0.0238534125784183,False,0.04479763873682324,0.06399096231406554,0.026874315087442674,0.039445444721395384
2024-04-29,-0.07206670930032104,False,0.04479763873682324,0.06399096231406554,0.026874315087442674,0.039445444721395384
2024-04-30,0.014913778111892307,False,0.05353099783507305,0.06584463123654623,0.02738907221762223,0.0403390078861762
2024-05-01,-0.09844347583479532,False,0.05353099783507305,0.06584463123654623,0.02738907221762223,0.0403390078861762
2024-05-02,-0.07928978780578746,False,0.05362780335676867,0.07032619921688495,0.027411982575769843,0.04175989791910981
2024-05-03,0.002590065022227485,False,0.053663392022353526,0.07289232514071634,0.027659634857045146,0.04279251083640109
2024-05-06,0.007730186068920649,False,0.053663392022353526,0.07289232514071634,0.027659634857045146,0.04279251083640109
2024-05-15,0.03536317296496345,False,0.053663392022353526,0.07289232514071634,0.027659634857045146,0.04279251083640109
2024-05-16,-0.20399754594369449,False,0.053663392022353526,0.07289232514071634,0.027659634857045146,0.04279251083640109
2024-05-17,-0.006105439222083772,False,0.05711508872955536,0.08758059232953942,0.027690246607438317,0.04631908175012185
2024-05-20,-0.018127384592556715,False,0.05711508872955536,0.08758059232953942,0.027690246607438317,0.04631908175012185
2024-05-21,0.024368077754117628,False,0.05711508872955536,0.08758059232953942,0.027690246607438317,0.04631908175012185
2024-05-22,0.019022676759621784,False,0.05711508872955536,0.08758059232953942,0.027690246607438317,0.04631908175012185
2024-05-23,0.07328301868835824,False,0.05711508872955536,0.08758059232953942,0.027690246607438317,0.04631908175012185
2024-05-24,0.02255780586176941,False,0.05711508872955536,0.08758059232953942,0.027690246607438317,0.04631908175012185
2024-05-28,0.056944045822835763,False,0.05711508872955536,0.08758059232953942,0.027690246607438317,0.04631908175012185
2024-05-29,0.058505266487327526,False,0.05711508872955536,0.08758059232953942,0.027690246607438317,0.04631908175012185
2024-05-30,-0.005601652049278656,False,0.05711508872955536,0.08758059232953942,0.027690246607438317,0.04631908175012185
2024-05-31,0.0079621681668108,False,0.05711508872955536,0.08758059232953942,0.027690246607438317,0.04631908175012185
2024-06-03,0.04648591561954456,False,0.05711508872955536,0.08758059232953942,0.027690246607438317,0.04631908175012185
2024-06-04,-0.022554235587386878,False,0.05711508872955536,0.08758059232953942,0.027690246607438317,0.04631908175012185
2024-06-05,-0.015713479127771546,False,0.05711508872955536,0.08758059232953942,0.027690246607438317,0.04631908175012185
2024-06-06,0.048142076006761,False,0.05711508872955536,0.08758059232953942,0.027690246607438317,0.04631908175012185
2024-06-07,0.006160080070186996,False,0.05711508872955536,0.08758059232953942,0.027690246607438317,0.04631908175012185
2024-06-10,-0.025077766788971067,False,0.05711508872955536,0.08758059232953942,0.027690246607438317,0.04631908175012185
2024-06-11,0.022759567897648745,False,0.05711508872955536,0.08758059232953942,0.027690246607438317,0.04631908175012185
2024-06-12,0.06153831360990295,False,0.05711508872955536,0.08758059232953942,0.027690246607438317,0.04631908175012185
2024-06-13,0.02538896969931715,False,0.05711508872955536,0.08758059232953942,0.027690246607438317,0.04631908175012185
2024-06-14,-0.0489104304205541,False,0.05711508872955536,0.08758059232953942,0.027690246607438317,0.04631908175012185
2024-06-17,-0.06367107803340397,False,0.05711508872955536,0.08758059232953942,0.02809723135225399,0.046735411813467014
2024-06-18,0.02847566998297,False,0.05717619658150527,0.08823406598641692,0.028177767286234095,0.047445633189485976
2024-06-20,-0.03481104974407501,False,0.05717619658150527,0.08823406598641692,0.028177767286234095,0.047445633189485976
2024-06-21,-0.06488587603355739,False,0.05717619658150527,0.08823406598641692,0.028526466789586345,0.04757155077820705
2024-06-24,-0.1199811139192816,False,0.06112877964778538,0.08861046827454737,0.028741344491275207,0.04829444630009174
2024-06-25,-0.001379743084985911,False,0.061833068458778846,0.09442712939592554,0.028773786443102183,0.05011914875891021
2024-06-26,-0.021568966070766048,False,0.061833068458778846,0.09442712939592554,0.028773786443102183,0.05011914875891021
2024-06-27,-0.05266453172173226,False,0.061833068458778846,0.09442712939592554,0.028773786443102183,0.05011914875891021
2024-06-28,0.04390497551900335,False,0.061833068458778846,0.09442712939592554,0.0293146316061419,0.050586401387880064
2024-07-01,-0.050007103071347966,False,0.061833068458778846,0.09442712939592554,0.0293146316061419,0.050586401387880064
2024-07-02,0.05568380519469669,False,0.061833068458778846,0.09442712939592554,0.029566273115353304,0.050995412910681465
2024-07-08,-0.003633064849881094,False,0.061833068458778846,0.09442712939592554,0.029566273115353304,0.050995412910681465
2024-07-09,0.04200159229472132,False,0.061833068458778846,0.09442712939592554,0.029566273115353304,0.050995412910681465
2024-07-16,-0.017041465854851702,False,0.061833068458778846,0.09442712939592554,0.029566273115353304,0.050995412910681465
2024-07-17,-0.06929339740957395,False,0.061833068458778846,0.09442712939592554,0.029566273115353304,0.050995412910681465
2024-07-18,0.03853676266842197,False,0.0636832260134055,0.09498936133354254,0.0297625727006537,0.051786251846617025
2024-07-19,-0.04811488404192155,False,0.0636832260134055,0.09498936133354254,0.0297625727006537,0.051786251846617025
2024-07-22,0.08820284621195786,False,0.0636832260134055,0.09498936133354254,0.029979376224620602,0.052149071680056336
2024-07-23,-0.0134262386067915,False,0.0636832260134055,0.09498936133354254,0.029979376224620602,0.052149071680056336
2024-07-24,-0.007145915468416827,False,0.0636832260134055,0.09498936133354254,0.029979376224620602,0.052149071680056336
2024-07-25,-0.05265687421939791,False,0.0636832260134055,0.09498936133354254,0.029979376224620602,0.052149071680056336
2024-07-26,0.029415742059613947,False,0.0636832260134055,0.09498936133354254,0.030090617135521462,0.052600537775179354
2024-07-29,-0.04088420098352669,False,0.0636832260134055,0.09498936133354254,0.030090617135521462,0.052600537775179354
2024-07-30,0.05300256370277612,False,0.0636832260134055,0.09498936133354254,0.030234403725909333,0.05281373133667536
2024-07-31,-0.005422739440759779,False,0.0636832260134055,0.09498936133354254,0.030234403725909333,0.05281373133667536
2024-08-01,-0.06774021383675788,False,0.0636832260134055,0.09498936133354254,0.030234403725909333,0.05281373133667536
2024-08-02,-0.005569567506992604,False,0.06491441941158939,0.09527479511386258,0.030429963645040737,0.053560092828362806
2024-08-05,0.0494231957788478,False,0.06491441941158939,0.09527479511386258,0.030429963645040737,0.053560092828362806
2024-08-06,0.039945772248162155,False,0.06491441941158939,0.09527479511386258,0.030429963645040737,0.053560092828362806
2024-08-07,0.043197863813610356,False,0.06491441941158939,0.09527479511386258,0.030429963645040737,0.053560092828362806
2024-08-08,-0.04868534785991831,False,0.06491441941158939,0.09527479511386258,0.030429963645040737,0.053560092828362806
2024-08-09,0.10660698720536184,False,0.06491441941158939,0.09527479511386258,0.030596011485523537,0.05392222724345129
2024-08-12,-0.041174698319141716,False,0.06491441941158939,0.09527479511386258,0.030596011485523537,0.05392222724345129
2024-08-13,0.014892561948627127,False,0.06491441941158939,0.09527479511386258,0.030954279799457033,0.05412719491571247
2024-08-14,-0.003277765014302584,False,0.06491441941158939,0.09527479511386258,0.030954279799457033,0.05412719491571247
2024-08-15,-0.04019480907680551,False,0.06491441941158939,0.09527479511386258,0.030954279799457033,0.05412719491571247
2024-08-16,0.01775540161195884,False,0.06491441941158939,0.09527479511386258,0.03149131348849858,0.05430137876577725
2024-08-19,0.06020908622936994,False,0.06491441941158939,0.09527479511386258,0.03149131348849858,0.05430137876577725
2024-08-20,0.03355264092787147,False,0.06491441941158939,0.09527479511386258,0.03149131348849858,0.05430137876577725
2024-08-21,0.010069311005540317,False,0.06491441941158939,0.09527479511386258,0.03149131348849858,0.05430137876577725
2024-08-22,0.011104882941936603,False,0.06491441941158939,0.09527479511386258,0.03149131348849858,0.05430137876577725
2024-08-23,0.013531728772770016,False,0.06491441941158939,0.09527479511386258,0.03149131348849858,0.05430137876577725
2024-08-26,0.005989561584139184,False,0.06491441941158939,0.09527479511386258,0.03149131348849858,0.05430137876577725
2024-08-27,-0.009661910911736859,False,0.06491441941158939,0.09527479511386258,0.03149131348849858,0.05430137876577725
2024-08-28,-0.005636704650125892,False,0.06491441941158939,0.09527479511386258,0.03149131348849858,0.05430137876577725
2024-08-29,-0.013450797724123104,False,0.06491441941158939,0.09527479511386258,0.03149131348849858,0.05430137876577725
2024-08-30,0.006851474949101738,False,0.06491441941158939,0.09527479511386258,0.03149131348849858,0.05430137876577725
2024-09-03,-0.00031041440572088995,False,0.06491441941158939,0.09527479511386258,0.03149131348849858,0.05430137876577725
2024-09-04,-0.04022711819818741,False,0.06491441941158939,0.09527479511386258,0.03149131348849858,0.05430137876577725
2024-09-05,0.027311617344086853,False,0.06491441941158939,0.09527479511386258,0.031618519602135964,0.05447393003229682
2024-09-11,0.04664713338140767,False,0.06491441941158939,0.09527479511386258,0.031618519602135964,0.05447393003229682
2024-09-12,-0.01463950857461146,False,0.06491441941158939,0.09527479511386258,0.031618519602135964,0.05447393003229682
2024-09-13,0.011074089327643472,False,0.06491441941158939,0.09527479511386258,0.031618519602135964,0.05447393003229682
2024-09-16,-0.2605700619352306,False,0.06491441941158939,0.09527479511386258,0.031618519602135964,0.05447393003229682
2024-09-17,-0.019107619738955375,False,0.06775574567248605,0.11455777992370986,0.03198432272478935,0.0590457542815864
2024-09-18,0.025140626934323836,False,0.06775574567248605,0.11455777992370986,0.03198432272478935,0.0590457542815864
2024-09-19,-0.008224153267623267,False,0.06775574567248605,0.11455777992370986,0.03198432272478935,0.0590457542815864
2024-09-20,-0.0119419903101529,False,0.06775574567248605,0.11455777992370986,0.03198432272478935,0.0590457542815864
2024-09-23,0.016576396133161322,False,0.06775574567248605,0.11455777992370986,0.03198432272478935,0.0590457542815864
2024-09-24,0.010349546158841379,False,0.06775574567248605,0.11455777992370986,0.03198432272478935,0.0590457542815864
2024-09-25,0.011123866442644638,False,0.06775574567248605,0.11455777992370986,0.03198432272478935,0.0590457542815864
2024-09-26,0.02077576747435591,False,0.06775574567248605,0.11455777992370986,0.03198432272478935,0.0590457542815864
2024-09-27,0.01938730478745703,False,0.06775574567248605,0.11455777992370986,0.03198432272478935,0.0590457542815864
2024-09-30,-0.06989033620951841,False,0.06775574567248605,0.11455777992370986,0.03198432272478935,0.0590457542815864
2024-10-01,-0.0926072832160501,False,0.0692993667975734,0.11461747380370431,0.03210400552838088,0.05980179471474675
2024-10-02,0.0035453486756643724,False,0.06990534917045224,0.11688916850435746,0.03240665084802375,0.0610058976972856
2024-10-03,-0.004824757479085356,False,0.06990534917045224,0.11688916850435746,0.03240665084802375,0.0610058976972856
2024-10-04,0.005532321366243556,False,0.06990534917045224,0.11688916850435746,0.03240665084802375,0.0610058976972856
2024-10-07,-0.023038866904384777,False,0.06990534917045224,0.11688916850435746,0.03240665084802375,0.0610058976972856
2024-10-08,0.02034745653974506,False,0.06990534917045224,0.11688916850435746,0.03240665084802375,0.0610058976972856
2024-10-09,0.041808741567773346,False,0.06990534917045224,0.11688916850435746,0.03240665084802375,0.0610058976972856
2024-10-10,0.023925872476034657,False,0.06990534917045224,0.11688916850435746,0.03240665084802375,0.0610058976972856
2024-10-11,0.02751024942033691,False,0.06990534917045224,0.11688916850435746,0.03240665084802375,0.0610058976972856
2024-10-14,-0.016152493941196968,False,0.06990534917045224,0.11688916850435746,0.03240665084802375,0.0610058976972856
2024-10-15,0.04204514636193468,False,0.06990534917045224,0.11688916850435746,0.03240665084802375,0.0610058976972856
2024-10-16,-0.022538676108409306,False,0.06990534917045224,0.11688916850435746,0.03240665084802375,0.0610058976972856
2024-10-17,0.0007723996264548638,False,0.06990534917045224,0.11688916850435746,0.03240665084802375,0.0610058976972856
2024-10-18,-0.042184823835637014,False,0.06990534917045224,0.11688916850435746,0.03240665084802375,0.0610058976972856
2024-10-21,-0.0075451718770280195,False,0.06990534917045224,0.11688916850435746,0.03250311923927118,0.06119974478864983
2024-10-22,-0.03495608416294711,False,0.06990534917045224,0.11688916850435746,0.03250311923927118,0.06119974478864983
2024-10-23,-0.01965978035643253,False,0.06990534917045224,0.11688916850435746,0.0327077454541678,0.06124475709782175
2024-10-24,-0.035621997049506915,False,0.06990534917045224,0.11688916850435746,0.0327077454541678,0.06124475709782175
2024-10-25,0.0020700879786300914,False,0.06990534917045224,0.11688916850435746,0.03279113211375526,0.06130217696479816
2024-10-28,0.021481062694263985,False,0.06990534917045224,0.11688916850435746,0.03279113211375526,0.06130217696479816
2024-10-29,0.049361402016051145,False,0.06990534917045224,0.11688916850435746,0.03279113211375526,0.06130217696479816
2024-10-30,0.016919492168250817,False,0.06990534917045224,0.11688916850435746,0.03279113211375526,0.06130217696479816
2024-10-31,-0.007741974153615397,False,0.06990534917045224,0.11688916850435746,0.03279113211375526,0.06130217696479816
2024-11-01,0.0009540034795100827,False,0.06990534917045224,0.11688916850435746,0.03279113211375526,0.06130217696479816
2024-11-04,-0.0017724457568151616,False,0.06990534917045224,0.11688916850435746,0.03279113211375526,0.06130217696479816
2024-11-05,-0.010563236982373528,False,0.06990534917045224,0.11688916850435746,0.03279113211375526,0.06130217696479816
2024-11-06,-0.04614575307549286,False,0.06990534917045224,0.11688916850435746,0.03279113211375526,0.06130217696479816
2024-11-07,0.061066295426822036,False,0.06990534917045224,0.11688916850435746,0.0335763760609871,0.061554020587066736
2024-11-08,-0.03357364442365082,False,0.06990534917045224,0.11688916850435746,0.0335763760609871,0.061554020587066736
2024-11-11,0.02511404969712174,False,0.06990534917045224,0.11688916850435746,0.03359544489949473,0.061554020587066736
2024-11-12,0.07507645733284952,False,0.06990534917045224,0.11688916850435746,0.03359544489949473,0.061554020587066736
2024-11-13,0.036934953122113395,False,0.06990534917045224,0.11688916850435746,0.03359544489949473,0.061554020587066736
2024-11-14,0.062100785643411156,False,0.06990534917045224,0.11688916850435746,0.03359544489949473,0.061554020587066736
2024-11-15,-0.009136708445292714,False,0.06990534917045224,0.11688916850435746,0.03359544489949473,0.061554020587066736
2024-11-18,-0.023868042684583465,False,0.06990534917045224,0.11688916850435746,0.03359544489949473,0.061554020587066736
2024-11-19,0.02002658519303141,False,0.06990534917045224,0.11688916850435746,0.03359544489949473,0.061554020587066736
2024-11-20,-0.027671151805129954,False,0.06990534917045224,0.11688916850435746,0.03359544489949473,0.061554020587066736
2024-11-21,0.012984874800052329,False,0.06990534917045224,0.11688916850435746,0.03359544489949473,0.061554020587066736
2024-11-22,0.0516660500919225,False,0.06990534917045224,0.11688916850435746,0.03359544489949473,0.061554020587066736
2024-11-25,-0.003828833506369426,False,0.06990534917045224,0.11688916850435746,0.03359544489949473,0.061554020587066736
2024-11-26,0.018999230411445647,False,0.06990534917045224,0.11688916850435746,0.033554575585143194,0.061341584019717336
2024-11-27,-0.021145275172506573,False,0.06990534917045224,0.11688916850435746,0.033554575585143194,0.061341584019717336
2024-12-11,0.00681221152026447,False,0.06990534917045224,0.11688916850435746,0.033554575585143194,0.061341584019717336
2024-12-16,0.05566170160300891,False,0.06990534917045224,0.11688916850435746,0.033554575585143194,0.061341584019717336
2024-12-17,-0.004748588588914066,False,0.06990534917045224,0.11688916850435746,0.033554575585143194,0.061341584019717336
2024-12-18,0.06578614881622961,False,0.06990534917045224,0.11688916850435746,0.033554575585143194,0.061341584019717336
2024-12-19,-0.037131373269952216,False,0.06990534917045224,0.11688916850435746,0.033554575585143194,0.061341584019717336
2024-12-20,-0.012717847323540853,False,0.06990534917045224,0.11688916850435746,0.03359544489949473,0.06141273859664336
2024-12-23,-0.01755319330173468,False,0.06990534917045224,0.11688916850435746,0.03359544489949473,0.06141273859664336
2024-12-27,-0.08543796809366379,False,0.06990534917045224,0.11688916850435746,0.03359544489949473,0.06141273859664336
2024-12-30,0.1280467031584439,False,0.07139838307287526,0.11829380208343374,0.034049723730706354,0.06244130487970605
2025-01-03,0.009027994279043309,False,0.07139838307287526,0.11829380208343374,0.034049723730706354,0.06244130487970605
2025-01-06,0.012292880867573018,False,0.07139838307287526,0.11829380208343374,0.034049723730706354,0.06244130487970605
2025-01-07,-0.014787536473510976,False,0.07139838307287526,0.11829380208343374,0.034049723730706354,0.06244130487970605
2025-01-08,-0.0699172185334984,False,0.07139838307287526,0.11829380208343374,0.034049723730706354,0.06244130487970605
2025-01-09,0.04434777203803825,False,0.07139838307287526,0.11829380208343374,0.03481830146501861,0.06314342825549452
2025-01-10,-0.0332169907064621,False,0.07139838307287526,0.11829380208343374,0.03481830146501861,0.06314342825549452
2025-01-13,0.03330850294628808,False,0.07139838307287526,0.11829380208343374,0.03481830146501861,0.06314342825549452
2025-01-14,0.0021024734651879534,False,0.07139838307287526,0.11829380208343374,0.03481830146501861,0.06314342825549452
2025-01-15,-0.011942085704110454,False,0.07139838307287526,0.11829380208343374,0.03481830146501861,0.06314342825549452
2025-01-16,-0.029922975373844113,False,0.07139838307287526,0.11829380208343374,0.03481830146501861,0.06314342825549452
2025-01-17,0.061934438349533244,False,0.07139838307287526,0.11829380208343374,0.03481830146501861,0.06314342825549452
2025-01-21,0.033964200746929386,False,0.07139838307287526,0.11829380208343374,0.03481830146501861,0.06314342825549452
2025-01-22,0.009985449242830857,False,0.07139838307287526,0.11829380208343374,0.03481830146501861,0.06314342825549452
2025-01-23,-0.010591221404490607,False,0.07139838307287526,0.11829380208343374,0.03481830146501861,0.06314342825549452
2025-01-24,0.003542885537794005,False,0.07139838307287526,0.11829380208343374,0.03481830146501861,0.06314342825549452
2025-01-27,-0.019247273899510982,False,0.07139838307287526,0.11829380208343374,0.03481830146501861,0.06314342825549452
2025-01-28,0.0001758550958546915,False,0.07139838307287526,0.11829380208343374,0.03481830146501861,0.06314342825549452
2025-01-29,0.03209756922626813,False,0.07139838307287526,0.11829380208343374,0.03481830146501861,0.06314342825549452
2025-01-30,-0.0468890350409852,False,0.07139838307287526,0.11829380208343374,0.03481830146501861,0.06314342825549452
2025-01-31,-0.019825827351147077,False,0.07139838307287526,0.11829380208343374,0.03498517235787979,0.06338208727305528
2025-02-03,0.0013643187345224247,False,0.07139838307287526,0.11829380208343374,0.03498517235787979,0.06338208727305528
2025-02-04,-0.008122335322313563,False,0.07139838307287526,0.11829380208343374,0.03498517235787979,0.06338208727305528
2025-02-05,-0.037247036733696434,False,0.07139838307287526,0.11829380208343374,0.03498517235787979,0.06338208727305528
2025-02-06,-0.04076651447918566,False,0.07139838307287526,0.11829380208343374,0.03554205551099606,0.0634162710464972
2025-02-07,-0.0075577129826455295,False,0.07139838307287526,0.11829380208343374,0.03568442398744795,0.06351916139509077
2025-02-10,-0.030815331011871953,False,0.07139838307287526,0.11829380208343374,0.03568442398744795,0.06351916139509077
2025-02-11,0.04203188614798729,False,0.07139838307287526,0.11829380208343374,0.03568442398744795,0.06351916139509077
2025-02-12,-0.012415117005526981,False,0.07139838307287526,0.11829380208343374,0.03568442398744795,0.06351916139509077
2025-02-13,0.03679229914509495,False,0.07139838307287526,0.11829380208343374,0.03568442398744795,0.06351916139509077
2025-02-14,-0.021617200101700405,False,0.07139838307287526,0.11829380208343374,0.03568442398744795,0.06351916139509077
2025-02-18,0.013880965792148444,False,0.07139838307287526,0.11829380208343374,0.03568442398744795,0.06351916139509077
2025-02-19,-0.008090106992950156,False,0.07139838307287526,0.11829380208343374,0.03568442398744795,0.06351916139509077
2025-02-20,-0.014093763075859592,False,0.07139838307287526,0.11829380208343374,0.03568442398744795,0.06351916139509077
2025-02-21,-0.12019288490281974,False,0.07139838307287526,0.11829380208343374,0.03568442398744795,0.06351916139509077
2025-02-24,-0.06736319178964403,False,0.0721389400853757,0.12310641964368363,0.03688357768140891,0.06518560837698062
2025-02-28,-0.012786770338420515,False,0.0721389400853757,0.12310641964368363,0.037134058650636056,0.06579024474737444
2025-03-14,-0.038458956296108286,False,0.0721389400853757,0.12310641964368363,0.037134058650636056,0.06579024474737444
2025-03-17,0.012729197912484105,False,0.0721389400853757,0.12310641964368363,0.03718679848838574,0.06581572225562404
2025-03-18,0.024483807562086426,False,0.0721389400853757,0.12310641964368363,0.037134058650636056,0.06578725404825542
2025-03-19,0.012390196915486413,False,0.0721389400853757,0.12310641964368363,0.037134058650636056,0.06578725404825542
2025-03-20,-0.006175908958038521,False,0.0721389400853757,0.12310641964368363,0.037134058650636056,0.06578725404825542
2025-03-21,-0.03865093374158484,False,0.0721389400853757,0.12310641964368363,0.037134058650636056,0.06578725404825542
2025-03-24,0.0396416458969211,False,0.0721389400853757,0.12310641964368363,0.03718679848838574,0.06581657110541454
2025-03-25,-0.010451756211653965,False,0.0721389400853757,0.12310641964368363,0.03718679848838574,0.06581657110541454
2025-03-26,0.006110125624487952,False,0.0721389400853757,0.12310641964368363,0.03718679848838574,0.06581657110541454
2025-03-27,-0.008113381584261775,False,0.0721389400853757,0.12310641964368363,0.03718679848838574,0.06581657110541454
2025-03-28,0.007864718148938412,False,0.0721389400853757,0.12310641964368363,0.03718679848838574,0.06581657110541454
2025-03-31,-0.017561916485883244,False,0.0721389400853757,0.12310641964368363,0.03718679848838574,0.06581657110541454
2025-04-01,0.03420944319064129,False,0.0721389400853757,0.12310641964368363,0.03718679848838574,0.06581657110541454
2025-04-02,0.09233735059001853,False,0.0721389400853757,0.12310641964368363,0.03718679848838574,0.06581657110541454
2025-04-03,0.03538350388931666,False,0.0721389400853757,0.12310641964368363,0.03718679848838574,0.06581657110541454
2025-04-04,-0.08756925705988686,False,0.0721389400853757,0.12310641964368363,0.03718679848838574,0.06581657110541454
2025-04-07,-0.05543223978588074,False,0.07931216080990287,0.12393436656909355,0.03722081316651078,0.06682356758703699
2025-04-08,-0.037706896184905726,False,0.07931216080990287,0.12393436656909355,0.03727293011439951,0.06718727164808068
2025-04-09,0.08547355211685746,False,0.07931216080990287,0.12393436656909355,0.03770979659304834,0.06718727164808068
2025-04-10,-0.043429867027189324,False,0.07931216080990287,0.12393436656909355,0.03770979659304834,0.06718727164808068
2025-04-11,0.05097796277665379,False,0.07931216080990287,0.12393436656909355,0.03779960694517559,0.0673005709016693
2025-04-14,-0.03150994664360565,False,0.07931216080990287,0.12393436656909355,0.03779960694517559,0.0673005709016693
2025-04-15,-0.030157987416175026,False,0.07931216080990287,0.12393436656909355,0.03779960694517559,0.0673005709016693
2025-04-16,0.011678602110066385,False,0.07931216080990287,0.12393436656909355,0.03779960694517559,0.0673005709016693
2025-04-22,0.055201651340887614,False,0.07931216080990287,0.12393436656909355,0.03779960694517559,0.0673005709016693
2025-04-23,-0.02237521390500062,False,0.07931216080990287,0.12393436656909355,0.03779960694517559,0.0673005709016693
2025-04-24,0.031037906438501357,False,0.07931216080990287,0.12393436656909355,0.03779960694517559,0.0673005709016693
2025-04-29,-0.00773297977566377,False,0.07931216080990287,0.12393436656909355,0.03779960694517559,0.0673005709016693
2025-05-07,0.024014506739990032,False,0.07931216080990287,0.12393436656909355,0.03779960694517559,0.0673005709016693
2025-05-13,0.0852342814027078,False,0.07931216080990287,0.12393436656909355,0.03779960694517559,0.0673005709016693
2025-05-14,-0.0041379369387990516,False,0.07931216080990287,0.12393436656909355,0.03779960694517559,0.0673005709016693
2025-05-15,0.012557802620613708,False,0.07931216080990287,0.12393436656909355,0.03779960694517559,0.0673005709016693
2025-05-16,0.060618886835632664,False,0.07931216080990287,0.12393436656909355,0.03779960694517559,0.0673005709016693
2025-05-19,0.0069495524758769345,False,0.07931216080990287,0.12393436656909355,0.03779960694517559,0.0673005709016693
2025-05-20,-0.009154219913054778,False,0.07931216080990287,0.12393436656909355,0.03779960694517559,0.0673005709016693
2025-05-21,-0.014356751014346511,False,0.07931216080990287,0.12393436656909355,0.03779960694517559,0.0673005709016693
2025-05-22,-0.042012179139344574,False,0.07931216080990287,0.12393436656909355,0.03779960694517559,0.0673005709016693
2025-05-28,-0.0108399347710331,False,0.07931216080990287,0.12393436656909355,0.038468555168382115,0.06737163535853402
2025-05-29,-0.055925796936162106,False,0.07931216080990287,0.12393436656909355,0.038468555168382115,0.06737163535853402
2025-05-30,0.07209088510006735,False,0.07931216080990287,0.12393436656909355,0.038728127508345866,0.06771713262242557
2025-06-02,-0.03291239187037426,False,0.07931216080990287,0.12393436656909355,0.038728127508345866,0.06771713262242557
2025-06-03,0.0312769013698694,False,0.07931216080990287,0.12393436656909355,0.038728127508345866,0.06771713262242557
2025-06-04,0.017543420069728668,False,0.07931216080990287,0.12393436656909355,0.038728127508345866,0.06771713262242557
2025-06-05,0.012784832549205611,False,0.07931216080990287,0.12393436656909355,0.038728127508345866,0.06771713262242557
2025-06-06,0.01799901061521186,False,0.07931216080990287,0.12393436656909355,0.038728127508345866,0.06771713262242557
2025-06-09,-0.00831992270500238,False,0.07931216080990287,0.12393436656909355,0.038728127508345866,0.06771713262242557
2025-06-10,-0.05786403629182467,False,0.07931216080990287,0.12393436656909355,0.038468555168382115,0.06759596263996297
2025-06-11,-0.005534973140683093,False,0.07931216080990287,0.12393436656909355,0.038728127508345866,0.06798022469096776
2025-06-12,0.031846871315120484,False,0.07931216080990287,0.12393436656909355,0.038728127508345866,0.06798022469096776
2025-06-13,-0.009171571474782507,False,0.07931216080990287,0.12393436656909355,0.038728127508345866,0.06798022469096776
2025-06-16,0.026967245439897945,False,0.07931216080990287,0.12393436656909355,0.038728127508345866,0.06798022469096776
2025-06-17,-0.00921019625036488,False,0.07931216080990287,0.12393436656909355,0.038468555168382115,0.06768067279444999
2025-06-23,0.08277615319687043,False,0.07931216080990287,0.12393436656909355,0.038468555168382115,0.06768067279444999
2025-06-24,0.02652504502668073,False,0.07931216080990287,0.12393436656909355,0.038468555168382115,0.06768067279444999
2025-06-25,-0.0383478428377373,False,0.07931216080990287,0.12393436656909355,0.038468555168382115,0.06768067279444999
2025-06-26,0.03036780368191637,False,0.07931216080990287,0.12393436656909355,0.038468555168382115,0.06768067279444999
2025-07-01,-0.03879327138571318,False,0.07931216080990287,0.12393436656909355,0.038468555168382115,0.06768067279444999
2025-07-02,-0.010723963362975724,False,0.07931216080990287,0.12393436656909355,0.038658050623791254,0.06768351954733255
2025-07-17,-0.1297961450624949,False,0.07931216080990287,0.12393436656909355,0.038658050623791254,0.06768351954733255
2025-07-18,0.06501726819729144,False,0.08156619701609169,0.1287612722536102,0.03886334827026779,0.06950357702086818
2025-07-21,0.04463011901666262,False,0.08156619701609169,0.1287612722536102,0.03886334827026779,0.06950357702086818
2025-07-22,-0.0008586323741259904,False,0.08156619701609169,0.1287612722536102,0.03886334827026779,0.06950357702086818
2025-07-23,0.035087088269783,False,0.08156619701609169,0.1287612722536102,0.03886334827026779,0.06950357702086818
2025-07-24,-0.038159664889727496,False,0.08156619701609169,0.1287612722536102,0.03886334827026779,0.06950357702086818
2025-07-25,0.024920757235065195,False,0.08156619701609169,0.1287612722536102,0.03886334827026779,0.06950357702086818
2025-07-28,0.02243817054781832,False,0.08156619701609169,0.1287612722536102,0.03886334827026779,0.06950357702086818
2025-07-29,-0.03561136243293321,False,0.08156619701609169,0.1287612722536102,0.03886334827026779,0.06950357702086818
2025-07-30,-0.003412140770936529,False,0.08156619701609169,0.1287612722536102,0.03886334827026779,0.06950357702086818
2025-07-31,0.03761372853428982,False,0.08156619701609169,0.1287612722536102,0.03886334827026779,0.06950357702086818
2025-08-01,-0.032742798299693274,False,0.08156619701609169,0.1287612722536102,0.03886334827026779,0.06950357702086818
2025-08-04,-0.015918053751249647,False,0.08156619701609169,0.1287612722536102,0.03886334827026779,0.06950357702086818
2025-08-05,0.03170626961888987,False,0.08156619701609169,0.1287612722536102,0.03886334827026779,0.06950357702086818
2025-08-06,0.012713294264574336,False,0.08156619701609169,0.1287612722536102,0.03886334827026779,0.06950357702086818
2025-08-07,0.020334929980676594,False,0.08156619701609169,0.1287612722536102,0.03886334827026779,0.06950357702086818
2025-08-08,-0.01374512030162096,False,0.08156619701609169,0.1287612722536102,0.03886334827026779,0.06950357702086818
2025-08-11,0.029128272923023637,False,0.08156619701609169,0.1287612722536102,0.03886334827026779,0.06950357702086818
2025-08-12,0.001707359130822735,False,0.08156619701609169,0.1287612722536102,0.03886334827026779,0.06950357702086818
2025-08-13,-0.026155071203685872,False,0.08156619701609169,0.1287612722536102,0.03886334827026779,0.06950357702086818
2025-08-14,-0.040622582541743654,False,0.08156619701609169,0.1287612722536102,0.038658050623791254,0.06905700538553738
2025-08-15,0.0012150669781680898,False,0.08156619701609169,0.1287612722536102,0.03886334827026779,0.069093591608658
2025-08-18,-0.02309401246560783,False,0.08156619701609169,0.1287612722536102,0.03886334827026779,0.069093591608658
2025-08-19,-0.0043589333604240185,False,0.08156619701609169,0.1287612722536102,0.03886334827026779,0.069093591608658
2025-08-20,-0.04297212433031094,False,0.08156619701609169,0.1287612722536102,0.03886334827026779,0.069093591608658
2025-08-21,-0.03176971356114249,False,0.08156619701609169,0.1287612722536102,0.04019642453287461,0.0691491379137281
2025-08-22,0.01957843718202467,False,0.08156619701609169,0.1287612722536102,0.04019642453287461,0.0691491379137281
2025-08-25,0.04827502730125467,False,0.08156619701609169,0.1287612722536102,0.04019642453287461,0.0691491379137281
2025-08-26,-0.05489143360049182,False,0.08156619701609169,0.1287612722536102,0.04019642453287461,0.0691491379137281
2025-08-27,0.026077609543431624,False,0.08156619701609169,0.1287612722536102,0.04024689141536522,0.0694424242217742
2025-08-28,0.0009050359399835709,False,0.08156619701609169,0.1287612722536102,0.04024689141536522,0.0694424242217742
2025-09-16,-0.022536165022413058,False,0.08156619701609169,0.1287612722536102,0.04024689141536522,0.0694424242217742
2025-09-17,0.0018975337761914111,False,0.08156619701609169,0.1287612722536102,0.04024689141536522,0.0694424242217742
2025-09-18,-0.02079702811619944,False,0.08156619701609169,0.1287612722536102,0.04024689141536522,0.0694424242217742
2025-09-19,0.001381597346045399,False,0.08156619701609169,0.1287612722536102,0.04024689141536522,0.0694424242217742
2025-09-22,-0.03999969935047605,False,0.08156619701609169,0.1287612722536102,0.04024689141536522,0.0694424242217742
2025-09-23,0.004730852490521428,False,0.08156619701609169,0.1287612722536102,0.04024689141536522,0.0694424242217742
2025-09-24,0.007977250280643968,False,0.08156619701609169,0.1287612722536102,0.04024689141536522,0.0694424242217742
2025-09-25,-0.017605836560476228,False,0.08156619701609169,0.1287612722536102,0.04024689141536522,0.0694424242217742
2025-09-26,-0.0024578917889699747,False,0.08156619701609169,0.1287612722536102,0.04024689141536522,0.0694424242217742
2025-09-29,0.012944233661064102,False,0.08156619701609169,0.1287612722536102,0.04024689141536522,0.0694424242217742
2025-09-30,-0.036230048184226864,False,0.08156619701609169,0.1287612722536102,0.04024689141536522,0.0694424242217742
2025-10-01,-0.011025141474956172,False,0.08156619701609169,0.1287612722536102,0.04024689141536522,0.0694424242217742
2025-10-02,-0.029494384840734255,False,0.08156619701609169,0.1287612722536102,0.04024689141536522,0.0694424242217742
2025-10-03,-0.04593973274907426,False,0.08156619701609169,0.1287612722536102,0.04024689141536522,0.0694424242217742
2025-10-06,0.014912486724305205,False,0.08156619701609169,0.1287612722536102,0.040629779138615756,0.06954876722592082
2025-10-07,-0.01669112734196745,False,0.08156619701609169,0.1287612722536102,0.040629779138615756,0.06954876722592082
2025-10-08,-0.02939697685078749,False,0.08156619701609169,0.1287612722536102,0.040629779138615756,0.06954876722592082
2025-10-09,-0.009208939085309837,False,0.08156619701609169,0.1287612722536102,0.040629779138615756,0.06954876722592082
2025-10-10,-0.016450807695267758,False,0.08156619701609169,0.1287612722536102,0.040629779138615756,0.06954876722592082
2025-10-13,-0.004455877124045866,False,0.08156619701609169,0.1287612722536102,0.040629779138615756,0.06954876722592082
2025-10-14,0.013138999697506752,False,0.08156619701609169,0.1287612722536102,0.040629779138615756,0.06954876722592082
2025-10-15,-0.01537440601054277,False,0.08156619701609169,0.1287612722536102,0.040629779138615756,0.06954876722592082
2025-10-16,0.030849904091392485,False,0.08156619701609169,0.1287612722536102,0.040629779138615756,0.06954876722592082
2025-10-17,-0.016153809112453576,False,0.08156619701609169,0.1287612722536102,0.040629779138615756,0.06954876722592082
2025-10-20,0.0006783110316039772,False,0.08156619701609169,0.1287612722536102,0.040629779138615756,0.06954876722592082
2025-10-21,0.0028776998276151956,False,0.08156619701609169,0.1287612722536102,0.040629779138615756,0.06954876722592082
2025-10-22,0.0625715778302796,False,0.08156619701609169,0.1287612722536102,0.040629779138615756,0.06954876722592082
2025-10-23,0.006488904623196475,False,0.08156619701609169,0.1287612722536102,0.040629779138615756,0.06954876722592082
2025-10-24,-0.003160059510711174,False,0.08156619701609169,0.1287612722536102,0.040629779138615756,0.06954876722592082
2025-10-29,0.006973297392317667,False,0.08156619701609169,0.1287612722536102,0.040629779138615756,0.06954876722592082
2025-10-30,0.002313668194552464,False,0.08156619701609169,0.1287612722536102,0.040629779138615756,0.06954876722592082
2025-10-31,0.015234957621185688,False,0.08156619701609169,0.1287612722536102,0.040629779138615756,0.06954876722592082
2025-11-03,0.06422348208536727,False,0.08156619701609169,0.1287612722536102,0.040629779138615756,0.06954876722592082
2025-11-04,0.006231496720781376,False,0.08156619701609169,0.1287612722536102,0.040629779138615756,0.06954876722592082
2025-11-05,-0.03139685406067204,False,0.08156619701609169,0.1287612722536102,0.040629779138615756,0.06954876722592082
2025-11-06,-0.0335457891272566,False,0.08156619701609169,0.1287612722536102,0.040629779138615756,0.06954876722592082
2025-11-07,-0.02820321378701962,False,0.08156619701609169,0.1287612722536102,0.040629779138615756,0.06954876722592082
2025-11-10,0.01469279423704623,False,0.08156619701609169,0.1287612722536102,0.040629779138615756,0.06954876722592082
2025-11-11,-0.04577112723106512,False,0.08156619701609169,0.1287612722536102,0.04024689141536522,0.06921849204746311
2025-11-12,-0.0356245109729289,False,0.08156619701609169,0.1287612722536102,0.040629779138615756,0.06932146294124954
2025-11-13,-0.024839290013645456,False,0.08156619701609169,0.1287612722536102,0.040629779138615756,0.06932146294124954
2025-11-14,-0.03713068082352516,False,0.08156619701609169,0.1287612722536102,0.040629779138615756,0.06932146294124954
2025-11-17,-0.004359783230297074,False,0.08156619701609169,0.1287612722536102,0.040629779138615756,0.06932146294124954
2025-11-18,-0.00038001140491509904,False,0.08156619701609169,0.1287612722536102,0.040629779138615756,0.06932146294124954
2025-11-19,-0.0625387482932788,False,0.08156619701609169,0.1287612722536102,0.040629779138615756,0.06932146294124954
2025-11-20,0.032835503845470695,False,0.08156619701609169,0.1287612722536102,0.04077239880440271,0.0697569076175314
2025-11-21,-0.004709584843085237,False,0.08156619701609169,0.1287612722536102,0.04077239880440271,0.0697569076175314
2025-12-09,0.031543958872471814,False,0.08156619701609169,0.1287612722536102,0.04077239880440271,0.0697569076175314
2025-12-16,0.029610487471834514,False,0.08156619701609169,0.1287612722536102,0.04077239880440271,0.0697569076175314
2025-12-17,-0.003340016465071192,False,0.08156619701609169,0.1287612722536102,0.04077239880440271,0.0697569076175314
2025-12-18,-0.007387541993116062,False,0.08156619701609169,0.1287612722536102,0.04077239880440271,0.0697569076175314
2025-12-19,-0.015111926944598375,False,0.08156619701609169,0.1287612722536102,0.04077239880440271,0.0697569076175314
2025-12-22,0.00715993512209254,False,0.08156619701609169,0.1287612722536102,0.04077239880440271,0.0697569076175314
2025-12-23,0.01198832424496614,False,0.08156619701609169,0.1287612722536102,0.04077239880440271,0.0697569076175314
2025-12-29,0.04740534967733455,False,0.08156619701609169,0.1287612722536102,0.04077239880440271,0.0697569076175314
2025-12-30,-0.029095916758994003,False,0.08156619701609169,0.1287612722536102,0.04077239880440271,0.0697569076175314
2026-01-05,0.034486176071169404,False,0.08156619701609169,0.1287612722536102,0.04077239880440271,0.0697569076175314
2026-01-06,-0.020447890559633492,False,0.08156619701609169,0.1287612722536102,0.04077239880440271,0.0697569076175314
2026-01-07,-0.006571765163234502,False,0.08156619701609169,0.1287612722536102,0.04077239880440271,0.0697569076175314
2026-01-08,0.02701965572286801,False,0.08156619701609169,0.1287612722536102,0.04077239880440271,0.0697569076175314
2026-01-09,-0.12834960867620962,False,0.08156619701609169,0.1287612722536102,0.04077239880440271,0.0697569076175314
2026-01-12,0.0181688349750544,False,0.08545928098332602,0.1330524363118648,0.040898725850307446,0.07150621577138506
2026-01-13,-0.04106698747793304,False,0.08545928098332602,0.1330524363118648,0.040898725850307446,0.07150621577138506
2026-01-14,-0.02598556141169861,False,0.08545928098332602,0.1330524363118648,0.041072373019993474,0.07150621577138506
2026-01-15,-0.024663143476456522,False,0.08545928098332602,0.1330524363118648,0.041072373019993474,0.07150621577138506
2026-01-16,0.021908862766166305,False,0.08545928098332602,0.1330524363118648,0.041072373019993474,0.07150621577138506
2026-01-20,-0.08808653030253114,False,0.08545928098332602,0.1330524363118648,0.041072373019993474,0.07150621577138506
2026-01-21,-0.04398246260132886,False,0.0875744297923133,0.13310416363612923,0.041216433807061775,0.07244445241105284
2026-01-22,0.004710113003033198,False,0.0875744297923133,0.13310416363612923,0.04200954663063305,0.07248391350152857
2026-01-23,-0.061842077764069435,False,0.0875744297923133,0.13310416363612923,0.04200954663063305,0.07248391350152857
2026-01-26,0.034393377071717975,False,0.0875744297923133,0.13310416363612923,0.042020811374159195,0.07288051147402305
2026-01-27,0.019360586503953562,False,0.0875744297923133,0.13310416363612923,0.042020811374159195,0.07288051147402305
2026-01-28,-0.06596822152030958,False,0.0875744297923133,0.13310416363612923,0.042020811374159195,0.07288051147402305
2026-01-29,0.006484951272431266,False,0.0875744297923133,0.13310416363612923,0.042206954919824236,0.0733561794277165
2026-01-30,-0.0028770098962323234,False,0.0875744297923133,0.13310416363612923,0.042206954919824236,0.0733561794277165
2026-02-02,0.01074637207548406,False,0.0875744297923133,0.13310416363612923,0.042206954919824236,0.0733561794277165
2026-02-03,0.02115237500522676,False,0.08545928098332602,0.13295939068529944,0.042020811374159195,0.07241953617306555
2026-02-04,-0.05104852630408642,False,0.08545928098332602,0.13295939068529944,0.042020811374159195,0.07241953617306555
2026-02-05,0.02965859339300317,False,0.08545928098332602,0.13295939068529944,0.042206954919824236,0.07259681022243453
2026-02-06,-0.002855105436979806,False,0.08545928098332602,0.13295939068529944,0.042206954919824236,0.07259681022243453
2026-02-09,-0.02289532470126498,False,0.08545928098332602,0.13295939068529944,0.042206954919824236,0.07259681022243453
2026-02-10,-0.07515866833653974,False,0.08545928098332602,0.13295939068529944,0.042206954919824236,0.07259681022243453
2026-02-11,-0.011365260434810507,False,0.08545928098332602,0.13295939068529944,0.042644679459927975,0.0732474346787777
2026-02-12,-0.03516727013979177,False,0.08545928098332602,0.13295939068529944,0.042644679459927975,0.0732474346787777
2026-02-13,-0.014141369722751167,False,0.08545928098332602,0.13295939068529944,0.042644679459927975,0.0732474346787777
2026-02-17,-0.05658364927231883,False,0.08545928098332602,0.13295939068529944,0.042644679459927975,0.0732474346787777
2026-02-18,-0.047815462040959766,False,0.08545928098332602,0.13295939068529944,0.04299501146515486,0.07351966517761786
2026-02-19,-0.08335465439788309,False,0.08545928098332602,0.13295939068529944,0.04344122942496017,0.07360737707789326
2026-02-20,0.037041271680349076,False,0.08545928098332602,0.13295939068529944,0.043660259205800016,0.07440132786619881
2026-02-23,-0.024984863083594742,False,0.08545928098332602,0.13295939068529944,0.043660259205800016,0.07440132786619881
2026-02-24,-0.0023329455673622036,False,0.08545928098332602,0.13295939068529944,0.043660259205800016,0.07440132786619881
2026-02-25,-0.013436547464186025,False,0.08545928098332602,0.13295939068529944,0.043660259205800016,0.07440132786619881
2026-02-26,0.005732607167623122,False,0.08545928098332602,0.13295939068529944,0.043660259205800016,0.07440132786619881
2026-03-17,0.0062902708531054775,False,0.08545928098332602,0.13295939068529944,0.043660259205800016,0.07440132786619881
2026-03-18,-0.026934598433451275,False,0.08545928098332602,0.13295939068529944,0.043660259205800016,0.07440132786619881
2026-03-19,0.02154536383292631,False,0.08545928098332602,0.13295939068529944,0.043660259205800016,0.07440132786619881
2026-03-20,-0.02308028355101008,False,0.08545928098332602,0.13295939068529944,0.043660259205800016,0.07440132786619881
2026-03-23,-0.02331107886844711,False,0.08545928098332602,0.13295939068529944,0.043660259205800016,0.07440132786619881
2026-03-24,0.01714773116077847,False,0.08545928098332602,0.13295939068529944,0.043660259205800016,0.07440132786619881
2026-03-25,-0.03203791598280918,False,0.08545928098332602,0.13295939068529944,0.043660259205800016,0.07440132786619881
2026-03-26,0.009846037935352726,False,0.08545928098332602,0.13295939068529944,0.043660259205800016,0.07440132786619881
2026-03-27,0.0003160056907321093,False,0.08545928098332602,0.13295939068529944,0.043660259205800016,0.07440132786619881
2026-03-30,-0.0031645596029630254,False,0.08545928098332602,0.13295939068529944,0.043660259205800016,0.07440132786619881
2026-03-31,0.044933972479258094,False,0.08545928098332602,0.13295939068529944,0.043660259205800016,0.07440132786619881
2026-04-01,0.013544225107757253,False,0.08545928098332602,0.13295939068529944,0.043660259205800016,0.07440132786619881
2026-04-02,-0.030351343424138467,False,0.08545928098332602,0.13295939068529944,0.043660259205800016,0.07440132786619881
2026-04-06,-0.0030864222031893912,False,0.08545928098332602,0.13295939068529944,0.043660259205800016,0.07440132786619881
2026-04-07,-0.0661265923776615,False,0.08545928098332602,0.13295939068529944,0.043660259205800016,0.07440132786619881
2026-04-08,0.053997692328825835,False,0.08545928098332602,0.13295939068529944,0.04373312260422367,0.0748494597248224
2026-04-09,-0.010695289116747919,False,0.08545928098332602,0.13295939068529944,0.04373312260422367,0.0748494597248224
2026-04-10,0.026218730305119235,False,0.08545928098332602,0.13295939068529944,0.04373312260422367,0.0748494597248224
2026-04-13,0.009810011229238523,False,0.08545928098332602,0.13295939068529944,0.04373312260422367,0.0748494597248224
2026-04-14,0.08168401264468013,False,0.08545928098332602,0.13295939068529944,0.04373312260422367,0.0748494597248224
2026-04-15,-0.02274763994059382,False,0.08545928098332602,0.13295939068529944,0.04373312260422367,0.0748494597248224
2026-04-16,-0.03214771284678691,False,0.08545928098332602,0.13295939068529944,0.04373312260422367,0.0748494597248224
2026-04-17,-0.05525592869108065,False,0.08545928098332602,0.13295939068529944,0.04373312260422367,0.0748494597248224
2026-04-20,0.0345500126495503,False,0.08545928098332602,0.13295939068529944,0.04407189583281567,0.07507492904661744
2026-04-21,-0.02393486458109025,False,0.08545928098332602,0.13295939068529944,0.04407189583281567,0.07507492904661744
2026-04-22,0.03629000140520043,False,0.08545928098332602,0.13295939068529944,0.04407189583281567,0.07507492904661744
2026-04-23,0.008944603462898285,False,0.08545928098332602,0.13295939068529944,0.04407189583281567,0.07507492904661744
2026-04-24,-0.005954170612348317,False,0.08545928098332602,0.13295939068529944,0.04407189583281567,0.07507492904661744
2026-04-27,-0.039901745241876105,False,0.08545928098332602,0.13295939068529944,0.04407189583281567,0.07507492904661744
2026-05-13,-0.04403798268573366,False,0.08545928098332602,0.13295939068529944,0.04407189583281567,0.07507492904661744
2026-05-14,-0.02824381666880311,False,0.08545928098332602,0.13295939068529944,0.04412463991300023,0.07507492904661744
2026-05-15,-0.045667805803356186,False,0.08545928098332602,0.13295939068529944,0.04412463991300023,0.07507492904661744
2026-05-18,-0.05416439962734386,False,0.08545928098332602,0.13295939068529944,0.04567297187474163,0.07507492904661744
2026-05-19,0.030139979538735845,False,0.08545928098332602,0.13295939068529944,0.04577955750696558,0.07524279449454302
2026-05-20,-0.004617760899323335,False,0.08545928098332602,0.13295939068529944,0.04577955750696558,0.07524279449454302
2026-05-21,-0.03187312646370623,False,0.08545928098332602,0.13295939068529944,0.04577955750696558,0.07524279449454302
2026-05-22,0.007668952037777386,False,0.08545928098332602,0.13295939068529944,0.04577955750696558,0.07524279449454302
2026-05-26,0.09372831815097848,False,0.08545928098332602,0.13295939068529944,0.04577955750696558,0.07524279449454302
2026-05-27,-0.006980411061436791,False,0.08545928098332602,0.13295939068529944,0.04577955750696558,0.07524279449454302
2026-05-28,-0.009952746315022461,False,0.08545928098332602,0.13295939068529944,0.04577955750696558,0.07524279449454302
2026-05-29,-0.043886374294784966,False,0.08545928098332602,0.13295939068529944,0.04577955750696558,0.07524279449454302
2026-06-01,-0.007162987904703882,False,0.08545928098332602,0.13295939068529944,0.04577955750696558,0.07524279449454302
2026-06-02,0.05324261274360015,False,0.08545928098332602,0.13295939068529944,0.04577955750696558,0.07524279449454302
2026-06-03,-0.008802012818090182,False,0.08545928098332602,0.13295939068529944,0.04577955750696558,0.07524279449454302
2026-06-04,-0.02662842416141035,False,0.08545928098332602,0.13295939068529944,0.04577955750696558,0.07524279449454302
2026-06-05,-0.05255512420797264,False,0.08545928098332602,0.13295939068529944,0.04577955750696558,0.07524279449454302
2026-06-08,0.01817513483967336,False,0.08545928098332602,0.13295939068529944,0.045950033765395186,0.07537510232372098
2026-06-09,0.0,False,0.08545928098332602,0.13295939068529944,0.045950033765395186,0.07537510232372098
2026-06-10,-0.01950509912668011,False,0.08545928098332602,0.13295939068529944,0.045950033765395186,0.07537510232372098
2026-06-11,-0.012588889972488094,False,0.08545928098332602,0.13295939068529944,0.045950033765395186,0.07537510232372098
2026-06-12,0.018427547748008123,False,0.08545928098332602,0.13295939068529944,0.045950033765395186,0.07537510232372098
2026-06-15,0.026891060379466668,False,0.08545928098332602,0.13295939068529944,0.045950033765395186,0.07537510232372098
2026-06-16,0.06482827822657382,False,0.08545928098332602,0.13295939068529944,0.045950033765395186,0.07537510232372098
2026-06-17,0.0004827419837895962,False,0.08545928098332602,0.13295939068529944,0.045950033765395186,0.07537510232372098
2026-06-18,-0.00024134186191721857,False,0.08545928098332602,0.13295939068529944,0.045950033765395186,0.07537510232372098
2026-06-22,0.08819741405662476,False,0.08545928098332602,0.13295939068529944,0.045950033765395186,0.07537510232372098
