date,actual_return,estimation_failed,var_0.01,es_0.01,var_0.05,es_0.05
2007-05-31,0.00265886888894421,False,0.04293775079707347,0.04919225765459002,0.03035930950818102,0.03807179892697799
2007-06-01,0.0,False,0.042078885851285316,0.04820828655877319,0.02975204559167688,0.037310265476471656
2007-06-04,-0.014442615311006527,False,0.04131689301625819,0.04733529840322777,0.02921327549095745,0.03663462603424619
2007-06-05,0.013379915954884457,False,0.041575294640803104,0.047631339976365886,0.029395979399554135,0.036863744106559126
2007-06-06,-0.0031948908965191767,False,0.04164747184403976,0.04771403083726322,0.029447012581586718,0.03692774177569006
2007-06-07,-0.016129381929883644,False,0.04098058753642396,0.046950005147117495,0.028975489347946887,0.03633643261776285
2007-06-08,-0.012544478654723955,False,0.04150430738128965,0.04755001239177296,0.029345787572020093,0.036800801529912615
2007-06-11,0.009287146784417482,False,0.04150834117931887,0.04755463377105568,0.02934863968515106,0.03680437819484335
2007-06-12,-0.0016326534238853348,False,0.04114351916160716,0.047136670129267415,0.02909069080926668,0.036480899897899086
2007-06-13,0.0005445140346898021,False,0.04046403837523947,0.046358213100339364,0.02861026118462959,0.035878421766345474
2007-06-14,0.035297782081023896,False,0.03989204761149701,0.04570290357658148,0.028205832813093606,0.0353712522723445
2007-06-15,0.0005253480551612175,False,0.0447071987714893,0.05121945141877267,0.031610404819805385,0.03964072292143882
2007-06-18,0.02847720259323003,False,0.04340999779761575,0.049733294287763324,0.03069321365051794,0.038490528192362324
2007-06-19,-0.005630933742060297,False,0.045509623359689375,0.052138760799407644,0.032177762354327226,0.04035221215897238
2007-06-20,-0.011877237480595835,False,0.0443302648215663,0.050787611565981904,0.03134389215350537,0.039306505285819256
2007-06-21,0.0051813587419975845,False,0.04371117480108763,0.05007834209486542,0.030906162062938565,0.03875757409264252
2007-06-22,0.01181621762657356,False,0.04278933046475879,0.04902221774581815,0.03025436831488601,0.03794019843688094
2007-06-25,-0.0030690561174178833,False,0.04240102340739185,0.04857734812734731,0.029979814247195598,0.03759589655949876
2007-06-26,0.035232632607379036,False,0.04157055964574089,0.04762591526052098,0.029392631502238958,0.03685954570825967
2007-06-27,0.0,False,0.04521315274660294,0.051799104936787174,0.03196814161416995,0.0400893392939607
2007-06-28,-0.009940439705250801,False,0.043929779446562095,0.05032878968108139,0.031060727357316718,0.03895140520751252
2007-06-29,0.025642430613337652,False,0.04324113274625986,0.04953983158976563,0.030573816936343107,0.038340799895894284
2007-07-02,-0.0053697956708815275,False,0.044436704810005674,0.0509095560842406,0.03141915097570941,0.03940088288507463
2007-07-03,0.011195054861961738,False,0.04352038220558511,0.049859757787529324,0.030771261390425343,0.03858840320693271
2007-07-05,0.0239131432986062,False,0.043037165020070635,0.049306153002656096,0.03042960073465327,0.03815994696077504
2007-07-06,0.0056550574833450565,False,0.044027789334576614,0.05044107613238374,0.03113002564308761,0.03903830805361127
2007-07-09,-0.01515180502060222,False,0.04318402391566206,0.04947440402877399,0.030533437907828948,0.038290162965102306
2007-07-10,-0.034461065900293304,False,0.04311761264410075,0.04939831899122155,0.030486481550992973,0.03823127779924171
2007-07-11,0.019560525854493572,False,0.04620159157181908,0.05293152422897671,0.0326670212636062,0.04096576256967202
2007-07-12,0.007718320998501331,False,0.046240882167309254,0.05297653807019745,0.032694801837276306,0.04100060052982257
2007-07-13,-0.0004806536982707965,False,0.0451650496700427,0.05174399494867176,0.03193413014029257,0.04004668753357331
2007-07-16,-0.04172384337139979,False,0.044017585405745456,0.05042938585315779,0.031122810914140844,0.039029260492443915
2007-07-17,0.0484320621065183,False,0.04854496489387864,0.0556162439010538,0.03432391280209986,0.04304357140390598
2007-07-18,0.0014316394714378922,False,0.054253489215884194,0.062156297678037625,0.038360147898479385,0.04810517305100418
2007-07-19,0.008074135528262963,False,0.05193943375296896,0.05950516643698305,0.03672398567028626,0.046053359608182
2007-07-20,-0.007120846609549976,False,0.049948621534125985,0.05722436351197506,0.035316373878737976,0.04428815763345895
2007-07-23,-0.015362760138864739,False,0.048337095992342954,0.055378095875763735,0.03417693825868066,0.0428592593969767
2007-07-24,0.015839064029746167,False,0.047538634594289045,0.054463326981465034,0.0336123829137019,0.042151284218180554
2007-07-25,-0.01971691668372489,False,0.04683556991703302,0.05365785072550387,0.03311527820409657,0.04152789485734388
2007-07-26,-0.0275743713619712,False,0.04679669904575862,0.05361331774742533,0.03308779439812245,0.04149342905585676
2007-07-27,-0.036608053237303845,False,0.047926082243861697,0.05490721200691778,0.03388632933365259,0.04249482408078242
2007-07-30,0.0,False,0.05064379873359624,0.05802080336448517,0.03580790171543096,0.04490455337067244
2007-07-31,0.005680366422755846,False,0.04875516073413838,0.055857057817480106,0.0344725326169089,0.043229946647534295
2007-08-01,-0.01295690580562574,False,0.04721851575173544,0.054096578181384435,0.033386041597725284,0.04186744307652325
2007-08-02,-0.0015661710327449462,False,0.0463460744295639,0.0530970531128357,0.03276917844965983,0.04109387180237152
2007-08-03,-0.011032420803576725,False,0.04501378397012667,0.05157069520319281,0.03182717711838358,0.03991256412922991
2007-08-06,-0.014365769802033752,False,0.044252995950881543,0.0506990873623419,0.03128925888751171,0.03923799296616078
2007-08-07,-0.021121825029282434,False,0.04398837356932528,0.050395918888608664,0.031102156567634112,0.039003359108653865
2007-08-08,0.023797769896082944,False,0.04456038578367241,0.051051252987563245,0.03150660010590645,0.039510547622354106
2007-08-09,-0.024345265119175865,False,0.04542524609458575,0.05204209276048814,0.03211810306945129,0.04027739700886787
2007-08-10,0.0005474952230928441,False,0.046236937508413255,0.05297201881445701,0.03269201275032823,0.040997102902267886
2007-08-13,0.01951281422358172,False,0.04494623386388016,0.051493305443147445,0.031779415543900076,0.03985266918795394
2007-08-14,-0.0053821443162287,False,0.04511867358987011,0.05169086351904374,0.03190133974616154,0.04000556705645057
2007-08-15,0.010201430752177618,False,0.04407792465330599,0.050498514388248275,0.03116547402196963,0.0390827617508444
2007-08-16,-0.046469141878109264,False,0.04342895237270908,0.04975500987193845,0.030706615559122186,0.03850733472643324
2007-08-17,-0.006737813249911853,False,0.049582258816841876,0.05680463474535079,0.035057335645020234,0.043963313237843034
2007-08-20,-0.001127395835308235,False,0.04799218386366942,0.05498294228744262,0.03393306674996998,0.04255343468639987
2007-08-21,0.011217167530924924,False,0.04650240745292447,0.053276158310996156,0.03287971434300423,0.041232488272040825
2007-08-22,-0.01065331073560813,False,0.04560876965928957,0.05225234919714374,0.03224786414448337,0.0404401226319865
2007-08-23,0.02724661180913831,False,0.044804050350273156,0.051330410836286304,0.03167888411837301,0.039726598724543774
2007-08-24,0.009825406554414858,False,0.04613639392401687,0.05285682959710564,0.03262092300433343,0.040907953492774415
2007-08-27,-0.010374103413174235,False,0.04520833011530759,0.05179357981921931,0.03196473175330342,0.04008506319086803
2007-08-28,-0.005503591216978952,False,0.04444332749597404,0.05091714346058132,0.03142383357247698,0.03940675505033396
2007-08-29,0.0071487794136673305,False,0.043527665221365766,0.04986810168030744,0.030776410876044255,0.038594860869647585
2007-08-30,-0.005494519317640702,False,0.042778852115662826,0.04901021307303127,0.030246959555986587,0.037930907554325086
2007-08-31,0.02878287208983678,False,0.042076461886529325,0.048205509508354644,0.029750331717640674,0.03730811620928642
2007-09-04,-0.025482539061179945,False,0.04421451224597476,0.05065499794703405,0.031262048829075996,0.03920387045513079
2007-09-05,0.010923101505469863,False,0.04539691800250339,0.05200963827047155,0.03209807357793532,0.04025227921844513
2007-09-06,0.017766281565289713,False,0.044626434430412594,0.05112692257872409,0.03155330006740324,0.039569111258115464
2007-09-07,0.0015995737881413724,False,0.04459869448449656,0.0510951419069028,0.031533686427001224,0.03954451496176655
2007-09-10,0.020564921944296984,False,0.04355062130010426,0.049894401645235266,0.030792642063905255,0.03861521543404976
2007-09-11,-0.021097828964635926,False,0.04402815148133319,0.05044149103107376,0.031130281700409344,0.03903862915982299
2007-09-12,-0.004808986024447407,False,0.04457601341810876,0.0510691570138677,0.0315176496877296,0.03952440424374019
2007-09-13,-0.0053705821890168304,False,0.04362404698575572,0.049978522848139036,0.03084455799045386,0.03868032010041689
2007-09-14,-0.010828476137580161,False,0.0428017810017058,0.04903648188425265,0.030263171517142782,0.037951238007663764
2007-09-17,0.014590910030410907,False,0.042396010101298565,0.04857160456042859,0.029976269568945807,0.03759145138996846
2007-09-18,0.004816707198552034,False,0.042330335685904184,0.048496363712842896,0.029929834209228203,0.03753321957551319
2007-09-19,0.014312462710443315,False,0.041647383707259886,0.04771392986208162,0.02944695026412179,0.036927663627074926
2007-09-20,0.036687141998188295,False,0.04164799755653572,0.047714633127417534,0.029447384288722765,0.03692820791143466
2007-09-21,0.006069821367075774,False,0.045219916176882945,0.05180685355889213,0.0319729237247695,0.040095336253580076
2007-09-24,0.014021261252855986,False,0.0441411464464639,0.05057094535355681,0.031210175245264118,0.03913881888826379
2007-09-25,0.015297608951958842,False,0.04377504061601929,0.050151510893070204,0.030951318644420113,0.03881420226759926
2007-09-26,0.001956947786960947,False,0.04350498970971416,0.04984212315113653,0.03076037806427121,0.03857475507686291
2007-09-27,-0.0073583849311871,False,0.04263637755906909,0.04884698502854646,0.03014622234734442,0.03780457903058656
2007-09-28,0.0024588160900287748,False,0.042055211980013996,0.048181164244407805,0.02973530688571671,0.03728927446389802
2007-10-01,-0.0029513056345803093,False,0.04137327317777112,0.04739989115390209,0.02925313931106255,0.036684616872907846
2007-10-02,-0.057274328990188555,False,0.04077907248798697,0.04671913650588757,0.02883300732193281,0.0361577544089039
2007-10-03,-0.021619613479474564,False,0.038278628229339334,0.04385446623464648,0.027065058145577452,0.03394067481632688
2007-10-04,-0.000533191161658835,False,0.04909909843482629,0.05625109503823086,0.03471571515239066,0.0435349073578864
2007-10-05,-0.009108019030727364,False,0.04774218996139673,0.05469653314340536,0.03375630755524355,0.04233177152511138
2007-10-08,-0.02286436021254524,False,0.046725153306553226,0.05353135033246423,0.03303720769527456,0.041429991289636
2007-10-09,0.003847215517424492,False,0.047017373176119336,0.053866136269050055,0.033243822930118266,0.041689095129731575
2007-10-10,0.006560985810007635,False,0.04581726817480454,0.052491218548831146,0.03239528385900057,0.040624992901432476
2007-10-11,0.010840214552864807,False,0.044846008050445994,0.05137848028471296,0.03170855047914302,0.03976380153779704
2007-10-12,-0.009206672125903136,False,0.044199806934070565,0.050638150592930635,0.03125165137911119,0.0391908316334044
2007-10-15,0.011360684805811616,False,0.04354019540670225,0.04988245706907583,0.030785270394015355,0.038605971062608165
2007-10-16,0.005899722127188322,False,0.043051816156922953,0.049322938290324705,0.03043995987992961,0.038172937746876745
2007-10-17,0.002670228555878892,False,0.04236838465284353,0.048539955064285996,0.0299567368844344,0.03756695661557242
2007-10-18,0.004257590252641196,False,0.0416890654893169,0.04776168320091256,0.029476421535877543,0.03696462179083373
2007-10-19,-0.0021265292436870712,False,0.04110711618500925,0.047094964530558676,0.029064951938155843,0.03644862231512748
2007-10-22,-0.020430818180387476,False,0.04057776619273777,0.04648850702577832,0.028690672895700306,0.03597926129612574
2007-10-23,0.005957233973046935,False,0.04148395456567227,0.047526694893039075,0.029331397031825957,0.036782755211943026
2007-10-24,-0.007588112290492323,False,0.040968416337621244,0.046936061036483984,0.02896688365284927,0.03632564072892575
2007-10-25,-0.006550241760718542,False,0.04060271106980659,0.04651708548639054,0.028708310271424873,0.03600137927683951
2007-10-26,0.04549888308535925,False,0.04022333363968435,0.04608244622503031,0.028440069932615965,0.035664995070193266
2007-10-29,0.02071539638283816,False,0.04595301441039963,0.052646738194668995,0.032491263781201866,0.04074535559604812
2007-10-30,-0.003080084570564535,False,0.0459960945187623,0.05269609354633562,0.03252172374519973,0.04078355361976591
2007-10-31,0.0,False,0.04486003443213261,0.05139454981255456,0.03171846788876506,0.03977623836956705
2007-11-01,0.01479996394088013,False,0.043857003088189704,0.05024541238940309,0.03100927054023406,0.03888687628293783
2007-11-02,-0.0020283982613927207,False,0.04358936630422209,0.049938790421778324,0.030820036874999766,0.03864956963236748
2007-11-05,-0.016893158325038352,False,0.042785256209610864,0.04901755001624995,0.030251487596386437,0.037936585899663935
2007-11-06,0.002577985444274297,False,0.042925566538675144,0.04917829858204118,0.03035069457924376,0.03806099545853346
2007-11-07,-0.0005150656822599119,False,0.042154608314844674,0.04829503909863623,0.02980558546428886,0.03737740663671808
2007-11-08,0.002058672883536368,False,0.04147959647579153,0.04752170198408797,0.029328315626836233,0.036778891005770954
2007-11-09,-0.012416093283990006,False,0.04087467203924302,0.04682866151988461,0.028900601369397993,0.03624252007141218
2007-11-12,-0.023171126182047887,False,0.040868914862807075,0.04682206572710686,0.028896530734628646,0.03623741533118738
2007-11-13,0.0010649628269565903,False,0.04206309053990903,0.04819019043094784,0.02974087745319852,0.03729626018025693
2007-11-14,0.0015953207318595544,False,0.04135758409897012,0.04738191673296911,0.029242046284754096,0.03667070577038447
2007-11-15,0.0015927797367861123,False,0.040743579647472355,0.04667847361779779,0.0288079119662026,0.036126283820381314
2007-11-16,0.010554187678690171,False,0.04020376601717906,0.046060028294186255,0.02842623456637182,0.03564764496275468
2007-11-19,-0.010554187678690256,False,0.04006571827921433,0.04590187189874095,0.028328627357657454,0.03552524158520107
2007-11-20,0.027212563524884794,False,0.03998765704513592,0.045812439912473926,0.02827343384793736,0.03545602669730741
2007-11-21,-0.01090070487619005,False,0.04190429593952312,0.04800826509132633,0.02962860109191151,0.03715546109357086
2007-11-26,-0.00785961604237674,False,0.04161160835653153,0.04767294331206343,0.029421655158407962,0.036895942544014265
2007-11-27,0.0010515248077204197,False,0.04117220855191193,0.047169538545838524,0.029110975758144874,0.03650633804216012
2007-11-28,-0.0005256241908138504,False,0.04057025952879433,0.04647990690723514,0.028685365278747807,0.03597260533033895
2007-11-29,0.033603575283723465,False,0.04001278100406137,0.045841223540815455,0.02829119784420939,0.03547830346529603
2007-11-30,0.005576693793598256,False,0.043181359993389276,0.04947135206754216,0.03053155437086476,0.038287800933760566
2007-12-03,0.03770287830584605,False,0.04236612457451957,0.04853736577273793,0.029955138886959536,0.03756495266226998
2007-12-04,0.02831962712755314,False,0.04586874098855911,0.052550189125291656,0.03243167791912303,0.0406706325210933
2007-12-05,0.009889414245642077,False,0.046903485834969005,0.05373565958302286,0.03316329842720736,0.04158811415443329
2007-12-06,0.008399489419976348,False,0.045738438685403275,0.05240090639969847,0.03233954715126254,0.04055509682130976
2007-12-07,0.0,False,0.0446955021427221,0.051206051006191085,0.03160213467136133,0.03963035182164244
2007-12-10,0.029306126585499487,False,0.043661339993125055,0.05002124812352426,0.030870926161403647,0.03871338685057476
2007-12-11,-0.00497625998622802,False,0.04514768340063502,0.05172409902996751,0.03192185124961565,0.040031289309289834
2007-12-12,0.018423347417442025,False,0.03748312810996286,0.04294308997226219,0.026502596584605527,0.03323532532714608
2007-12-13,-0.020239053771926793,False,0.03758773673618776,0.043062936363808604,0.02657656053478533,0.03332807910464328
2007-12-14,-0.055582832351547456,False,0.03772444078576514,0.04321955334314266,0.026673217683217617,0.033449291068274316
2007-12-17,0.00191938638580367,False,0.03850007549492989,0.04410817050987316,0.027221633325949086,0.03413702640931873
2007-12-18,0.013333530869465168,False,0.03845344121116848,0.04405474326555451,0.027188660367931418,0.03409567698971688
2007-12-19,0.008478618855552195,False,0.03846974177387397,0.04407341824190137,0.027200185746395513,0.03411013027928607
2007-12-20,-0.018939960100921614,False,0.03847101079452527,0.044074872113836656,0.027201083012554316,0.03411125548724815
2007-12-21,-0.0028721896240957384,False,0.03855753985914008,0.04417400539311015,0.02726226373593476,0.034187978582617615
2007-12-26,-0.025244058952212538,False,0.03857707308915269,0.04419638392169559,0.02727607478482854,0.03420529819511779
2007-12-27,0.015610073071078668,False,0.03871868703519314,0.044358625995204015,0.027376203495315398,0.03433086363762056
2007-12-28,-0.004365760026626671,False,0.03861886562911103,0.04424426415192438,0.027305624368404183,0.034242354565058114
2007-12-31,-0.01075279177626185,False,0.03866027760859554,0.04429170838752062,0.027334904875165204,0.03427907350181737
2008-01-02,0.030011933025224636,False,0.03863040499446311,0.044257484393390986,0.02731378332311766,0.03425258622343039
2008-01-03,0.010908336764138287,False,0.03868956587048526,0.04432526291001862,0.02735561325860776,0.03430504265010499
2008-01-04,-0.010431578709815707,False,0.03873171516492276,0.04437355186119653,0.02738541508687369,0.03434241534506339
2008-01-07,0.015606843142374753,False,0.038711012772835784,0.04434983386510441,0.02737077737722982,0.03432405906663213
2008-01-08,0.011663299930270607,False,0.03866652848470271,0.04429886979449519,0.02733932458227403,0.03428461599283872
2008-01-09,-0.0023218027611576803,False,0.038683832794816804,0.044318694728635095,0.027351559664383063,0.03429995927941065
2008-01-10,0.006949298293205944,False,0.038631776698513,0.0442590559060528,0.027314753191986684,0.03425380247812014
2008-01-11,-0.001848429361782316,False,0.038680321890885626,0.0443146724105682,0.027349077265628553,0.0342968462512236
2008-01-14,0.018332319083471656,False,0.03870839495637623,0.044346834725666966,0.027368926439566437,0.03432173791612877
2008-01-15,-0.007292648546141398,False,0.038678659127864876,0.04431276744197024,0.02734790160234278,0.03429537192203276
2008-01-16,-0.014746811020150019,False,0.03867493789608323,0.0443085041587475,0.02734527049043511,0.03429207240155203
2008-01-17,0.007861312161957998,False,0.03877306622642658,0.04442092630522365,0.02741465252133129,0.03437908026741646
2008-01-18,-0.013914881288609028,False,0.03884450549922636,0.04450277174540127,0.027465163946678604,0.03444242363261454
2008-01-22,-0.004681656491065668,False,0.038922122140590786,0.044591694377570046,0.02752004310533096,0.0345112443115872
2008-01-23,0.003279459486373459,False,0.038942273487195325,0.04461478106040405,0.027534291196048735,0.03452911199216651
2008-01-24,0.024943556482915567,False,0.03852880418695671,0.044141083953032796,0.02724194606326803,0.034162499401405554
2008-01-25,0.009082714574319226,False,0.038256118226201154,0.043828677322707135,0.027049142357264924,0.033920715775682835
2008-01-28,0.000451977408824306,False,0.03820408144752646,0.04376906063164714,0.02701234954347596,0.033874576102837055
2008-01-29,0.009892166996619647,False,0.03816366204152248,0.043722753552270996,0.026983770839789055,0.033838737255446
2008-01-30,0.0234368454520194,False,0.038131933451762016,0.04368640323271444,0.026961337012704156,0.03381060433122028
2008-01-31,0.016471980578921276,False,0.03826602338533501,0.04384002531209124,0.027056145839894782,0.033929498425446354
2008-02-01,0.0,False,0.03781889697212304,0.04332776844454253,0.02674000330992998,0.033533042938543964
2008-02-04,0.00856169613481098,False,0.03777818694171855,0.0432811284071021,0.026711219119091054,0.03349694640197418
2008-02-05,-0.003415887181407072,False,0.03778317674581379,0.0432868450486155,0.026714747180158538,0.033501370732887475
2008-02-06,0.006820145788208327,False,0.0375888902248186,0.04306425787480711,0.026577376113564085,0.033329101873335217
2008-02-07,-0.008532474973720703,False,0.037627469786228114,0.04310845710950916,0.02660465394772584,0.03336330937785998
2008-02-08,0.018676264404225738,False,0.03765963859875974,0.043145311776675514,0.026627399036092812,0.033391832636290815
2008-02-11,0.003358525407134224,False,0.03750318592836735,0.04296606950315578,0.02651677854583304,0.03325311007867669
2008-02-12,0.014562354280197165,False,0.037534650308467324,0.0430021171270785,0.026539025562414158,0.033281008734994066
2008-02-13,0.013538668332798265,False,0.037623505448133865,0.043103915308009506,0.026601850946521444,0.033359794301266524
2008-02-14,0.0052834912585000594,False,0.03769340714591531,0.043183999203041855,0.026651275223263923,0.03342177433825465
2008-02-15,0.011686612959961658,False,0.03774905212665964,0.04324774968319384,0.02669061923084778,0.03347111331104355
2008-02-19,-0.0028084271217263253,False,0.039979001228197204,0.04580252325011608,0.02826731371773468,0.03544835180712519
2008-02-20,-0.013347013100558969,False,0.03955869000889951,0.045320987598830485,0.02797013097854729,0.03507567266276382
2008-02-21,0.01173864926369608,False,0.0398156964967941,0.045615430813407846,0.028151848450160503,0.035303553703303056
2008-02-22,0.030515543925950413,False,0.03981613384369376,0.045615931866233694,0.02815215767804605,0.0353039414875469
2008-02-25,0.009710699729349478,False,0.0422848908639348,0.0484442991926972,0.02989770226495769,0.037492924821079784
2008-02-26,0.013438482137616019,False,0.04178041322609829,0.047866337061920575,0.029541009320806586,0.03704561747883825
2008-02-27,0.03559094510270253,False,0.041638940995995674,0.04770425734733404,0.02944098081114392,0.03692017769221149
2008-02-28,0.03009108673694745,False,0.04469257234828251,0.05120269444465089,0.03160006314841157,0.03962775404829076
2008-02-29,-0.01656501687469517,False,0.046067157925316814,0.0527775083698918,0.03257196941280562,0.040846563714034625
2008-03-03,0.006514681021193672,False,0.04537718949001766,0.05198703601368529,0.03208412445378298,0.04023478645400027
2008-03-04,-0.0072411612565595855,False,0.043966140516635194,0.0503704472689715,0.031086436598250528,0.03898364563284675
2008-03-07,-0.00441339443841275,False,0.042966980554621795,0.049225745150739825,0.030379976525893533,0.0380977162009713
2008-03-10,-0.005544275891230564,False,0.04205942830683622,0.048185994740452535,0.02973828805656538,0.0372930129724134
2008-03-11,0.024891475457002262,False,0.04138562397468109,0.04741404102371493,0.029261871991724718,0.03669556800676594
2008-03-12,0.0007228045128565787,False,0.042538903086220554,0.04873531198340322,0.030077302629021467,0.0377181509233403
2008-03-13,0.05414327557308464,False,0.0374695611558721,0.04292754679431664,0.02649300401511414,0.03322329585800513
2008-03-14,-0.00617921636595812,False,0.0381640406712061,0.043723187334865715,0.02698403855143069,0.03383907297664506
2008-03-17,-0.06178748776568126,False,0.03818469625110092,0.04374685169989018,0.026998643162325697,0.033857387747909924
2008-03-18,-0.0472528848505455,False,0.05520688695943251,0.06324857164621973,0.03903425161009619,0.04895052630113948
2008-03-19,-0.02764435332678468,False,0.058467627649452424,0.06698428656352737,0.041339771438139473,0.051841741178466384
2008-03-20,-0.09693012523849363,False,0.05709815368404494,0.06541532883036708,0.04037147935931835,0.050627463847240206
2008-03-24,-0.01489948684604718,False,0.07958093062623577,0.09117304868294741,0.056268017280393816,0.07056236372377324
2008-03-25,0.05706029767032506,False,0.07325903447152063,0.08393027655969254,0.05179809516112302,0.06495690105347533
2008-03-26,0.010371385229066086,False,0.07595479555105653,0.08701871438277439,0.05370414388175876,0.06734716304601217
2008-03-27,0.003707522269531828,False,0.0699655753955685,0.08015707734847237,0.049469441666628054,0.06203667562512274
2008-03-28,-0.02878196589914982,False,0.06450338127364678,0.07389923534191636,0.04560737532959741,0.05719348862884211
2008-03-31,-0.01793387091247077,False,0.06260069016409255,0.07171938964527896,0.04426206992302361,0.05550642137454069
2008-04-01,-0.01694587585241609,False,0.05944167215184192,0.06810021479076574,0.042028473523689804,0.05270540137846524
2008-04-02,-0.0230506659678565,False,0.056565980171265275,0.06480563651831914,0.039995203935323964,0.05015559928524755
2008-04-03,0.007594407731164727,False,0.05494870327081917,0.06295277975454604,0.038851701793977025,0.04872160146701001
2008-04-04,0.0075371671377444,False,0.05165690824135053,0.05918148698234156,0.03652422487024534,0.045802851505861664
2008-04-07,0.022276527197260833,False,0.0486063058253375,0.0556865200298468,0.03436728415456033,0.04309796082964774
2008-04-08,-0.011731614020645887,False,0.04774412642279691,0.0546987516785258,0.03375767673807003,0.042333488535613535
2008-04-09,0.03774032798284711,False,0.04558595386010764,0.05222620994552675,0.03223173214184741,0.040419892449858004
2008-04-10,0.03839480886264396,False,0.04894392123224822,0.05607331402293233,0.034605996486782246,0.043397315724767925
2008-04-11,0.0287444939749846,False,0.05149832598656517,0.05899980491954058,0.036412098648769806,0.04566224070055636
2008-04-14,0.003535654832307797,False,0.05126056223368226,0.05872740742373286,0.03624398683039083,0.04545142169807384
2008-04-15,0.03468555798789011,False,0.048119351382585655,0.0551286336019548,0.03402298105601762,0.04266619085365006
2008-04-16,0.017274180942820957,False,0.04992292673942773,0.05719492589734191,0.0352982062707354,0.044265374720077084
2008-04-17,0.032957944543512335,False,0.04800621489857317,0.054999017146309996,0.03394298744966793,0.042565875644057796
2008-04-18,-0.027759269634274716,False,0.049731740055667925,0.05697589009707171,0.035163026956533824,0.044095854406448656
2008-04-21,0.007747686790825957,False,0.050001184579102444,0.05728458312766504,0.03535353879123362,0.04433476393309469
2008-04-22,0.04174769602560498,False,0.04729812618815859,0.05418778503381204,0.033442330477198134,0.04193803160227803
2008-04-23,0.01051903107451838,False,0.05165289091182899,0.0591768844704438,0.036521384401239004,0.04579928944313299
2008-04-24,-0.0027942735610580233,False,0.04895157862231153,0.05608208682304327,0.03461141067524441,0.04340410533552731
2008-04-25,-0.002100841108811839,False,0.04643680179879374,0.05320099624075057,0.03283332760121482,0.041174317426428936
2008-04-28,0.0038481768670362865,False,0.04427097001014516,0.05071967960431969,0.031301967518452385,0.03925393010207227
2008-04-29,0.0020927806731305776,False,0.04251293694848162,0.04870556350067563,0.030058943166829933,0.03769512741706539
2008-04-30,0.004172467805800703,False,0.04127588919796457,0.04728832178342637,0.029184283576209134,0.036598269003513706
2008-05-01,-0.057485037776221125,False,0.04033012243580412,0.04620479035987273,0.028515575380694238,0.03575968194824471
2008-05-02,0.00695846059886967,False,0.05250708576133222,0.06015550520264225,0.03712534630736964,0.046556682039415966
2008-05-08,0.008248208856495673,False,0.049443893743215235,0.05664611478969671,0.034959504062848965,0.04384062848692243
2008-05-09,0.02643325706815543,False,0.04707781192247074,0.053935378796375014,0.03328655638896758,0.04174268461115002
2008-05-12,0.001737619898540878,False,0.04745254755637898,0.054364700116504024,0.033551514727082024,0.0420749530565177
2008-05-13,-0.06342802685354396,False,0.04534717141440213,0.05195264536949546,0.032062900052608395,0.04020817019865867
2008-05-14,0.0259280545983293,False,0.057100636912544564,0.06541817377715402,0.040373235136023,0.050629665662062194
2008-05-15,-0.053686776144895657,False,0.055393378773123635,0.06346222870042646,0.03916611139752075,0.04911588379426789
2008-05-16,0.017719596518237887,False,0.06116896489679195,0.07007911280421913,0.043249762810662604,0.05423694741553077
2008-05-19,-0.024589852548990276,False,0.05760767673141899,0.06599907130783948,0.040731739680588706,0.051079244824310116
2008-05-20,-0.003068663704563505,False,0.05575073497931325,0.06387163902684125,0.039418781541321564,0.04943274234821632
2008-05-21,-0.0065523456627626315,False,0.05206912572724067,0.0596537499304282,0.036815684902652905,0.04616835414504657
2008-05-22,-0.004651171175730844,False,0.04925677574492481,0.05643174033801163,0.03482720152908333,0.04367471577202035
2008-05-23,0.0011648224962931065,False,0.04671983088587725,0.05352525262393553,0.03303344445631502,0.04142527203615815
2008-05-27,0.0050319440412183135,False,0.04434497505563988,0.05080446455924014,0.03135429308370985,0.03931954847190659
2008-05-28,0.012279509630061781,False,0.04280156685725876,0.049036236546557525,0.030263020105449658,0.037951048131292096
2008-05-29,0.04036422385536035,False,0.042086693910201714,0.04821723197484337,0.029757566311158,0.037317188681426666
2008-05-30,-0.0025673955052458097,False,0.04744420167602176,0.054355138537491014,0.033545613738786645,0.0420675529791282
2008-06-02,0.024307382141651814,False,0.045311830936489696,0.051912157037833154,0.03203791242546925,0.04017683470613544
2008-06-03,0.006074701546471114,False,0.045768638626104474,0.052435505400264384,0.03236090014087789,0.0405818743317438
2008-06-04,-0.003926473008181609,False,0.04403319181404219,0.05044726556142719,0.03113384548793654,0.03904309829315811
2008-06-05,-0.0014316394714377388,False,0.04264137607626166,0.04885271165234634,0.03014975656904244,0.037809011087179094
2008-06-06,0.030337423565050137,False,0.041497157589461,0.047541821128949856,0.02934073228293262,0.03679446199344839
2008-06-09,-0.0027835786936463705,False,0.04430149574401917,0.05075465185456452,0.03132355086144175,0.0392809964849306
2008-06-10,-0.004189950263854065,False,0.04285468614621676,0.04909709343124159,0.030300578312491097,0.0379981476381552
2008-06-11,0.020433611377908733,False,0.04179268075374238,0.04788039153308989,0.02954968312559918,0.037056494779980645
2008-06-12,0.018342905594886244,False,0.04246425636384148,0.04864979188204308,0.030024523363540424,0.037651963595121705
2008-06-13,0.0006729475354900949,False,0.04262944432508799,0.0488390418683658,0.030141320176354614,0.03779843151039414
2008-06-16,0.010040244985232505,False,0.04146989117896253,0.04751058296985541,0.02932145345765338,0.03677028556877108
2008-06-17,-0.001666389320787318,False,0.04093829181723677,0.04690154844229904,0.028945583989472397,0.03629893009174614
2008-06-18,0.023080483824603787,False,0.04018912362285559,0.04604325302252276,0.02841588160253568,0.035634661928428374
2008-06-19,0.030495060818502038,False,0.041758733662090604,0.047841499554629026,0.029525680697823457,0.037026394767205636
2008-06-20,0.012879084882601007,False,0.04449300634103329,0.050974058750757716,0.03145895919981341,0.03945080400410796
2008-06-23,-0.004065681910006285,False,0.04347553145780071,0.0498083738770996,0.03073954948869824,0.03854863520279476
2008-06-24,0.012147789938458742,False,0.04221405321416137,0.048363143010675264,0.029847616219592452,0.037430114899540595
2008-06-25,-0.009331327428884305,False,0.04168076765530032,0.047752176666887344,0.029470554518940692,0.036957264314898354
2008-06-26,0.011496165138426356,False,0.04118493351567539,0.04718411708533996,0.029119972994986674,0.03651762094014063
2008-06-27,0.011670894143108035,False,0.04083176502052973,0.04677950447088803,0.02887026378913334,0.03620447552183322
2008-06-30,-0.009202518931161894,False,0.04056987132407725,0.046479462154864315,0.02868509079704023,0.03597226111920407
2008-07-01,0.034825623819059494,False,0.04034166241925997,0.04621801130947888,0.028523734772440468,0.03576991415467369
2008-07-02,-0.008068174649510203,False,0.044630109256769,0.05113113269689759,0.03155589836816823,0.039572369632099556
2008-07-08,0.01680711831638119,False,0.043300512750605064,0.04960786115393831,0.030615801807395922,0.03839345061801519
2008-07-09,-0.011398044952369311,False,0.04300022484375509,0.04926383195329074,0.03040348203432007,0.038127193056834915
2008-07-15,0.012566302927663068,False,0.04238921985147928,0.04856382521212905,0.02997146849548307,0.03758543065015362
2008-07-16,0.021457260161782746,False,0.04183260733169544,0.04792613399685367,0.029577913373229254,0.03709189664941846
2008-07-17,-0.060664828478684235,False,0.04255303648112253,0.04875150411248884,0.03008729570276812,0.037730682640975136
2008-07-18,-0.044374092064616066,False,0.0555694214779214,0.063663914581309,0.03929058310044882,0.04927197633137578
2008-07-21,0.00924615406508783,False,0.0587920579160908,0.06735597480921234,0.04156916116386697,0.05212940514893509
2008-07-22,-0.01533827109715305,False,0.05426420473522116,0.06216857406835481,0.03836772434955222,0.0481146742263108
2008-07-23,-0.010115693194788082,False,0.051670491957252346,0.05919704936369934,0.03653382929124269,0.04581489583726923
2008-07-24,-0.003637690442824361,False,0.04915916370110263,0.0563199096826849,0.03475818454064979,0.04358816568413119
2008-07-25,0.024834819644080967,False,0.046698182638305365,0.05350045099477335,0.03301813797574386,0.04140607709200344
2008-07-28,-0.006419422900657304,False,0.046772716836456445,0.05358584218111785,0.033070837680516635,0.0414721646478841
2008-07-29,0.014209830572653003,False,0.04482972263860039,0.0513598226661687,0.031697035813155375,0.0397493616821055
2008-07-30,-0.009569451016150672,False,0.04366566475039931,0.050026202844490754,0.03087398399843981,0.03871722150158225
2008-07-31,0.017649593344110988,False,0.04270416150161915,0.048924642686548274,0.030194149256727445,0.03786468130849674
2008-08-01,0.04715598614729748,False,0.042688993388163315,0.04890726511712738,0.030183424581062962,0.0378512321325415
2008-08-04,-0.07374858311121928,False,0.04990501132969555,0.0571744008480514,0.03528553910818197,0.04424948958719619
2008-08-05,-0.023633166814801713,False,0.0671950320534665,0.07698296414044706,0.04751051784627654,0.059580106124370646
2008-08-06,0.013884037422460166,False,0.0624473825345552,0.07154375053348065,0.04415367314655792,0.05537048744373695
2008-08-07,0.010467520227835125,False,0.05735722663944471,0.06571213952344675,0.0405546579350978,0.0508571771713501
2008-08-08,-0.03545045071834429,False,0.05311085372770643,0.06084722073999854,0.03755224287791681,0.04709202756142492
2008-08-11,-0.006718950248744981,False,0.05483170364734887,0.06281873743708881,0.03876897673932611,0.04861786091105158
2008-08-12,0.00857734141730365,False,0.05101718077783378,0.05844857392495389,0.03607190299252108,0.04523562162290433
2008-08-13,-0.0007429420846931526,False,0.04788213221354029,0.054856860016527904,0.03385525428783272,0.042455854719645206
2008-08-14,-0.012715204967092284,False,0.045177596544622625,0.05175836945771422,0.03194300145846041,0.04005781252445665
2008-08-15,-0.022840734097065083,False,0.044029585742190826,0.0504431342128507,0.031131295800321052,0.03903990088202471
2008-08-18,0.004610073473980068,False,0.045119852636975086,0.051692214311479266,0.0319021733961623,0.04000661248718397
2008-08-19,0.025356136111390714,False,0.043244852870141244,0.049544093603706346,0.030576447264905434,0.038344098434028355
2008-08-20,-0.0067491819749284495,False,0.04464082112109512,0.05114340489979852,0.031563472234950936,0.03958186756660209
2008-08-21,0.06058035933994202,False,0.043158533150128256,0.049445200163115585,0.03051541455946823,0.03826756095913129
2008-08-22,-0.012112723797721402,False,0.055775719071119736,0.06390026241438708,0.03943644664398422,0.04945489509962906
2008-09-03,0.0014986889279467019,False,0.05250840043089103,0.06015701137291123,0.03712627584977221,0.04655784772308988
2008-09-04,-0.002624181449681154,False,0.0495158782681094,0.056728584905853294,0.035010401010884026,0.04390445531312432
2008-09-05,-0.004137677522540079,False,0.04727705650061582,0.0541636462403479,0.033427433069824035,0.041919349652415915
2008-09-08,-0.03490287168106014,False,0.04530044705741194,0.051899114931474394,0.0320298634079518,0.04016674091344226
2008-09-16,-0.01045103377348292,False,0.04871384004009145,0.0558097181643709,0.03444331665388391,0.04319330865122394
2008-09-17,-0.008989702909808443,False,0.04708793694875576,0.0539469786797533,0.03329371532955154,0.04175166221145972
2008-09-18,0.041905035616867474,False,0.04557143995349394,0.052209581877673585,0.032221470025763574,0.040407023342278206
2008-09-19,0.012719961999560367,False,0.05001213821739485,0.05729713232242098,0.03536128360527223,0.04434447624235277
2008-09-22,0.013294139660593132,False,0.04809964750735508,0.05510605957119764,0.034009049351735696,0.042648719934425476
2008-09-23,-0.008843093736333707,False,0.046442726533060266,0.05320778399858986,0.03283751670842263,0.041179570735871175
2008-09-24,0.020150892503652554,False,0.044809576136125746,0.05133674153308246,0.03168279114749914,0.03973149829669155
2008-09-25,-0.006185211641680838,False,0.04469516001195801,0.05120565903911347,0.03160189276642764,0.03963004846309628
2008-09-26,0.0010942915554873272,False,0.04330741912998859,0.04961577354775932,0.030620684990734434,0.03839957432692686
2008-09-29,-0.07021751564641664,False,0.041943736472368674,0.04805345071045534,0.029656487679392184,0.03719043199931684
2008-09-30,0.0003910068476013222,False,0.05845975462396711,0.0669752667175642,0.041334204783784335,0.05183476036932618
2008-10-01,-0.018544622981202977,False,0.054577092308214295,0.06252703825946579,0.03858895276728317,0.04839210358729533
2008-10-02,-0.024184975629472402,False,0.052713120670379275,0.06039155208780824,0.037271024119018684,0.04673936789239065
2008-10-03,0.007317105817066848,False,0.05197549080503953,0.05954647572223423,0.03674947995406783,0.04608533046857518
2008-10-06,-0.028344473009142553,False,0.05018597512512785,0.05749629109986822,0.035484195690508216,0.04449861295595421
2008-10-07,0.009124907777000674,False,0.0507609587641678,0.05815502945466706,0.0358907401865684,0.0450084361554806
2008-10-08,-0.03358837995537496,False,0.04873088321868162,0.055829243929388796,0.03445536710189799,0.04320842039919202
2008-10-09,-0.005136997597916357,False,0.05066574174177091,0.05804594269041182,0.035823416607672603,0.044924009671470005
2008-10-10,-0.03760827991715931,False,0.048565104075522406,0.05563931664692386,0.03433815229153316,0.043061428298127556
2008-10-13,0.014598799421152631,False,0.051517652481728,0.05902194659934358,0.03642576352495602,0.04567937700658412
2008-10-14,0.013089192110014046,False,0.04979678066934941,0.05705040482052226,0.03520901418419952,0.04415352424523158
2008-10-15,-0.04703617664729203,False,0.04820122299908526,0.05522243100816921,0.03408086871196386,0.04273878430960285
2008-10-16,-0.03561069916463223,False,0.05369480603062136,0.06151623417479028,0.03796512870386505,0.04760980304446298
2008-10-17,-0.0009420631879010176,False,0.05517765553310357,0.06321508223820718,0.03901358341246562,0.04892460754748134
2008-10-20,-0.017590184941026633,False,0.05236943744027261,0.059997806404973784,0.03702802150798552,0.0464346328145559
2008-10-21,-0.023290718006095994,False,0.05101780343832858,0.05844928728499076,0.036072343247129886,0.04523617371994523
2008-10-22,-0.020332959355396574,False,0.05064752023745046,0.05802506695941179,0.035810533019708636,0.044907853132392914
2008-10-23,-0.003010539152871152,False,0.04990832791908772,0.057178200546845255,0.03528788411605964,0.04425243032168084
2008-10-24,-0.006554094547921119,False,0.04785901449104664,0.05483037486208491,0.03383890880910408,0.042435356829884106
2008-10-27,-0.010678972575854255,False,0.04621244993287132,0.05294396426797906,0.032674698711488696,0.040975390399052534
2008-10-28,0.005099450112349261,False,0.045066506529822505,0.05163109756923719,0.03186445481640353,0.03995931186646332
2008-10-29,0.08340195461203581,False,0.04372344020657684,0.05009239413475718,0.030914834367253015,0.038768449512124784
2008-10-30,-0.0251138524458901,False,0.06253842877575831,0.0716480589817017,0.044218047757824945,0.05545121580336911
2008-10-31,-0.01498698585432399,False,0.061006624092445026,0.069893124704539,0.04313497909159292,0.05409300400102939
2008-11-03,-0.04177633837980803,False,0.058570462851023165,0.06710210120536869,0.04141248148128023,0.051932922505949504
2008-11-04,0.015121255861274437,False,0.060595523688353886,0.06942214155743535,0.04284430889636714,0.05372849184953533
2008-11-05,-0.013091828477784683,False,0.0581795088049285,0.0666541990258278,0.04113605584955682,0.051586273611764315
2008-11-06,-0.030882536582362514,False,0.056041042885005894,0.06420423449425382,0.039624044914413646,0.0496901508991364
2008-11-07,0.011951298396269378,False,0.05635918281027188,0.06456871611901006,0.03984898702895771,0.04997223738574846
2008-11-10,0.0015483874061295432,False,0.05425358897507902,0.06215641196860769,0.03836021843361958,0.048105261504915627
2008-11-11,0.0005155968147220496,False,0.0520696876921139,0.05965439375364491,0.0368160822421782,0.046168852424841395
2008-11-12,-0.014538158446027169,False,0.049956838932099575,0.057233777893279686,0.03532218402304691,0.04429544378882447
2008-11-13,0.007814574803019713,False,0.04895903133020631,0.056090625126055844,0.034616680142355555,0.04341071345987394
2008-11-14,0.05698541842389571,False,0.04753276606472427,0.0544566036153584,0.03360823354625466,0.042146080744001314
2008-11-17,0.037050184296603166,False,0.05509657334789183,0.06312218925541022,0.038956253927088604,0.04885271405994096
2008-11-18,0.034814376933041014,False,0.05632461012323592,0.06452910741811368,0.03982454227144783,0.04994158267364164
2008-11-19,-0.004114291517962218,False,0.05700980030830468,0.0653141055025638,0.04030900874941454,0.050549123182131776
2008-11-20,-0.0018340216053239877,False,0.054727426711328804,0.06269927105124169,0.038695247312040555,0.04852540123472526
2008-11-21,-0.0041388884101146405,False,0.05260399801635904,0.06026653413477465,0.037193868507319046,0.046642611642584486
2008-11-24,0.019621893516544482,False,0.0507177385171352,0.058105513551098414,0.035860181136959955,0.04497011387440967
2008-11-25,0.019244272566899808,False,0.04991745759140421,0.05718866008849701,0.03529433928761425,0.04426052536723516
2008-12-02,0.01838204639493368,False,0.04912323919363429,0.05627875224908181,0.03473278397306266,0.0435563123476267
2008-12-03,-0.012516926942535643,False,0.04830685517350977,0.05534345004257237,0.03415555636601757,0.042832445640954744
2008-12-04,0.011628037995119214,False,0.047279414437012376,0.054166347644417724,0.03342910025824296,0.04192144037395363
2008-12-05,-0.0156848386907335,False,0.04615071435834294,0.05287323601062326,0.03263104832505765,0.04092065105345444
2008-12-08,0.03331420668398442,False,0.04564808186687198,0.05229738779857176,0.03227565999907027,0.0404749797550232
2008-12-16,-0.005047574296704258,False,0.04758930665069496,0.05452138015864211,0.03364821079511827,0.04219621382690225
2008-12-17,0.01812971546720565,False,0.04622842778223557,0.05296226952310076,0.03268599591418609,0.04098955754700484
2008-12-18,0.021180822079447045,False,0.04579966189873356,0.052471047663008204,0.03238283527064643,0.04060938186941556
2008-12-19,-0.02924073905654736,False,0.045777096658691625,0.052445195468108045,0.0323668804268588,0.04058937385163011
2008-12-22,-0.012798313143309509,False,0.04724578017437695,0.05412781406306169,0.03340531901748226,0.041891617738618936
2008-12-23,0.03414872383234591,False,0.046352376208993226,0.05310427283794042,0.03277363414816746,0.04109945942805898
2008-12-24,-0.00947515142628406,False,0.04835849711662868,0.05540261438454489,0.03419207000973776,0.042878235223271555
2008-12-26,0.0,False,0.04710884553046506,0.053970932899980076,0.0333084988263977,0.04177020131292423
2008-12-29,-0.028976336720930067,False,0.0456791051040303,0.052332930020678,0.03229759510375907,0.04050248726124396
2008-12-30,-0.008661471471846276,False,0.04712723229323165,0.05399199796171847,0.03332149926101112,0.041786504382413735
2008-12-31,0.052380089929979744,False,0.04596809128319641,0.05266401123290403,0.03250192394479116,0.040758723871258416
2009-01-02,-0.048039976587362636,False,0.05236413681367271,0.0599917336651448,0.03702427367861519,0.046429932885324585
2009-01-05,0.005888142625222532,False,0.057021520217735315,0.06532753258697548,0.04031729535854537,0.050559514924293454
2009-01-06,0.005075162172046885,False,0.054476041550617596,0.06241126799177336,0.03851750442243592,0.04830250448037371
2009-01-07,0.010844413014128876,False,0.05210051805955397,0.05968971501175798,0.03683788097755649,0.04619618891844514
2009-01-08,0.007674634753108666,False,0.05037299169364214,0.057710549347057535,0.035616426507942424,0.04466443573568339
2009-01-09,-0.011920925634559789,False,0.048612465313420616,0.05569357673680466,0.03437163924539895,0.04310342228925939
2009-01-12,-0.03103765148651589,False,0.047346012520560976,0.054242646705835916,0.0334761887012464,0.04198049118119706
2009-01-13,-0.008415196925284472,False,0.049324792463151024,0.056509664678846716,0.034875293023445,0.043735024446133704
2009-01-14,-0.03563760294326953,False,0.047857222294107396,0.05482832160563886,0.03383764162904532,0.04243376773496782
2009-01-15,-0.013011726073475675,False,0.05036098183909387,0.05769679008281183,0.035607934891949244,0.04465378690664563
2009-01-16,0.039756788606553954,False,0.049118299965158194,0.05627309355026082,0.034729291671690234,0.04355193286081368
2009-01-20,0.0028380315014849638,False,0.05193740016914393,0.059502836632146366,0.036722547816658416,0.04605155648172451
2009-01-21,0.052062229450427634,False,0.049947359012103586,0.057222917085288344,0.0353154812074609,0.04428703818766392
2009-01-22,-0.008490981156787444,False,0.05571321531357594,0.06382865407700569,0.03939225311066049,0.04939947462591504
2009-01-23,0.03091259306202617,False,0.053550983941404125,0.06135146230998925,0.03786343871685816,0.04748227969821659
2009-01-26,0.002252253204325053,False,0.05394797555654503,0.06180628151817316,0.0381441332360745,0.047834281949540175
2009-01-27,0.028826829761616747,False,0.051716003275157886,0.059249190065879795,0.03656600825173248,0.0458552495519384
2009-01-28,0.016977109938632117,False,0.051996436360601535,0.059570472302092226,0.036764289593425356,0.04610390235380362
2009-01-29,0.0032183113778453433,False,0.050904872679912096,0.058319906521862135,0.0359924950998908,0.04513604092194602
2009-01-30,-0.010768230397130093,False,0.048959284989509265,0.0560909157345194,0.03461685949318659,0.04341093837305171
2009-02-02,-0.01857638557293542,False,0.04767999225211359,0.05462527543465761,0.03371233041457424,0.04227662241651607
2009-02-03,0.009513427037873324,False,0.04738306608689935,0.05428509766212733,0.033502387574451585,0.04201334562515313
2009-02-04,-0.006576567364563602,False,0.04608152006367795,0.05279396256224274,0.03258212422053567,0.04085929825260956
2009-02-05,0.013471894993082554,False,0.044895555931913134,0.051435245534548465,0.031743583508144574,0.03980773436952336
2009-02-06,0.022529113060028104,False,0.044199555185352485,0.050637862173356384,0.03125147337916689,0.03919060841429309
2009-02-09,0.0014134277971469427,False,0.044697142622260884,0.051207930445394366,0.031603294579021494,0.03963180639264313
2009-02-10,-0.04108686010252136,False,0.043531612216199375,0.049872623612248736,0.030779201614626422,0.038598360568418054
2009-02-11,-0.0014727543162745406,False,0.04836366982479836,0.05540854057276694,0.03419572739386719,0.042882821730521894
2009-02-12,-0.026130639423237505,False,0.046889551460154826,0.0537196954641906,0.03315344607141476,0.0415757589027899
2009-02-13,0.04003499808165733,False,0.04779005500814132,0.0547513704292063,0.0337901507291818,0.04237421223058529
2009-02-17,-0.021672106241635382,False,0.05071279233979972,0.05809984689121578,0.035856683922368536,0.044965728226221816
2009-02-18,-0.018741178207309712,False,0.05038755037656106,0.05772722871353491,0.03562672028329306,0.04467734454526102
2009-02-19,0.004530019071750119,False,0.049861985535210235,0.057125107721867,0.035255117547029674,0.04421133972219604
2009-02-20,-0.04901617840929118,False,0.0486074652973114,0.05568784839574917,0.034368103963885885,0.04309898890361604
2009-02-23,-0.049462858732123895,False,0.052674685328184194,0.06034751807994326,0.037243848255632914,0.046705288263332846
2009-02-24,-0.007090749208814676,False,0.05632503338105536,0.06452959232958022,0.039824841537592505,0.04994195796546053
2009-02-25,0.04541586353048262,False,0.05468785202589498,0.06265393173825205,0.03866726587143244,0.04849031137933075
2009-02-26,-0.0032051309489483358,False,0.057203569271795415,0.06553609972910229,0.040446013874892495,0.05072093313676058
2009-02-27,0.006400021845467505,False,0.05548304601300427,0.0635649572757594,0.03922951098035279,0.04919538942890642
2009-03-02,-0.09180754925312286,False,0.05391110236850186,0.06176403721489473,0.03811806190006888,0.04780158744237769
2009-03-03,0.0074026029310604495,False,0.07003891554279708,0.08024110055303996,0.04952129711289051,0.06210170444677103
2009-03-04,0.01720472544963076,False,0.06736591403479746,0.0771787375635564,0.04763134063890757,0.05973162278075589
2009-03-09,-0.026168087136871746,False,0.06532347660602038,0.07483878946719202,0.04618722703490475,0.057920646060600475
2009-03-17,-0.009966859915392147,False,0.0643114699560407,0.07367936935435855,0.045471683660118466,0.057023325801025614
2009-03-18,0.022695424292772624,False,0.061901687648963866,0.0709185672643414,0.04376783738149898,0.054886633828350795
2009-03-19,0.05554779703399748,False,0.06035518333113839,0.06914679213746186,0.04267437527952503,0.05351538823828212
2009-03-24,0.006151499598064101,False,0.06481061803755646,0.07425122560155142,0.04582460832002366,0.057465907562796646
2009-03-25,-0.00885472580492566,False,0.0621897174746869,0.07124855281635917,0.04397149002898021,0.0551420224643724
2009-03-26,0.0023174981403624824,False,0.05980826964105311,0.06852021252725714,0.042287677753843456,0.05303045394030866
2009-03-27,-0.007357245190421092,False,0.05911052141033163,0.06772082713546282,0.041794332059156926,0.052411778535832336
2009-03-30,0.0011652749424999856,False,0.057122721540478386,0.06544347535181405,0.040388850161085316,0.05064924753345659
2009-03-31,0.01119486696322299,False,0.05966559451477325,0.06835675469719915,0.0421867987315975,0.05290394757658971
2009-04-01,0.004977992282377951,False,0.059208178412296295,0.06783270929773826,0.041863380835426046,0.05249836848694975
2009-04-02,0.031211407322770304,False,0.0588603060933732,0.06743416432447591,0.04161741631228585,0.052189919051838576
2009-04-03,0.031343673689332704,False,0.05954514345780717,0.06821875819484284,0.042101633327002765,0.05279714672334923
2009-04-06,-0.08965701078989424,False,0.06059726766678717,0.06942413957164992,0.042845541983337204,0.053730038190342944
2009-04-07,0.04452001496822576,False,0.06414884715611816,0.07349305818235262,0.04535670055494212,0.056879132348302525
2009-04-08,-0.04452001496822575,False,0.06489873372611547,0.0743521766195843,0.04588691087224939,0.057544037476796706
2009-04-09,0.002743485945750834,False,0.0657298211169777,0.0753043239562716,0.046474534556749714,0.05828094128401266
2009-04-13,0.002345583561720456,False,0.06525203318004376,0.07475693926886705,0.04613671267303704,0.05785729901288736
2009-04-14,-0.03861176154611489,False,0.06489486342789136,0.07434774255622731,0.045884174362313644,0.05754060578293663
2009-04-15,-0.015954521281826797,False,0.06543942305101254,0.07497162519543368,0.04626920743547408,0.05802345279029859
2009-04-16,-0.036108036787404506,False,0.06533895812345702,0.07485652609243415,0.046198173304115187,0.05793437312380222
2009-04-17,0.026578236055749754,False,0.06505999434995938,0.074536927194787,0.04600093084534712,0.057687023123036994
2009-04-20,-0.020185714819706792,False,0.06502604785577974,0.07449803590082876,0.04597692884001648,0.057656923640025164
2009-04-21,0.023510738664478614,False,0.06492114759880911,0.07437785539828404,0.04590275869114421,0.05756391128104882
2009-04-22,-0.016736792355523864,False,0.06541139949423652,0.07493951960071264,0.046249393266872094,0.05799860502349688
2009-04-23,0.029108084158070764,False,0.06492024579296438,0.07437682223132384,0.04590212106569229,0.057563111673008004
2009-04-24,-0.00451838928507511,False,0.06483837876187794,0.0742830300784546,0.04584423665188088,0.05749052228282309
2009-04-27,-0.025433932998276145,False,0.06435625577957468,0.07373067888337809,0.04550334965689302,0.057063036238501084
2009-04-28,0.005054770661624054,False,0.06425370853550356,0.07361319414422733,0.045430843215261286,0.0569721102355243
2009-05-06,-0.002559728360112733,False,0.06391671632296489,0.07322711412282289,0.045192571515128226,0.056673307910820224
2009-05-14,0.00346921423401132,False,0.06453958078925838,0.0739407078425919,0.04563297034279903,0.05722558580799181
2009-05-15,0.012048338516174574,False,0.0639178446004885,0.07322840675035033,0.04519336926829215,0.056674308325472024
2009-05-18,-0.017691939342915457,False,0.06356175852204839,0.07282045156423397,0.04494159717342838,0.05635857596112116
2009-05-19,0.006941459542340984,False,0.06322865167291643,0.0724388228658317,0.04470607263512906,0.056063218688186985
2009-05-20,0.020539874854073666,False,0.06332968507899885,0.07255457325450987,0.0447775087115183,0.0561528024099673
2009-05-21,0.008015229580007483,False,0.06297833884082488,0.07215204833521663,0.04452908793979065,0.05584127274003356
2009-05-22,0.016667052485211643,False,0.062470139647743464,0.07156982255063689,0.044169763655025875,0.055390665590504734
2009-05-26,-0.0024824174932553066,False,0.06227868232985813,0.07135047669445119,0.04403439298787665,0.0552209053125601
2009-05-27,0.0385991447089455,False,0.06184313112374838,0.07085148113099056,0.04372643475467901,0.0548347132639877
2009-05-28,0.029067246729418107,False,0.06214709825991416,0.07119972549412598,0.04394135594165001,0.055104233103142886
2009-05-29,0.0019338625249507497,False,0.06211954312066239,0.07116815654874299,0.04392187296954374,0.05507980067010846
2009-06-01,0.02027225667634096,False,0.061795514060060834,0.0707969279505796,0.04369276691815927,0.054792492438710344
2009-06-02,0.011295300812828594,False,0.06167286181275585,0.07065640962255036,0.043606045153076506,0.05468373984662871
2009-06-03,0.023312804173934033,False,0.06149460259592483,0.07045218436247329,0.04348000625639476,0.05452568198532747
2009-06-04,-0.009555383251729235,False,0.06138962729774202,0.07033191788787424,0.04340578304933142,0.05443260308923895
2009-06-05,-0.0003693444178643993,False,0.061144760381581426,0.0700513825499199,0.043232648910769604,0.05421548589462868
2009-06-08,-0.0029596765962964914,False,0.06086971120491828,0.06973626846697592,0.04303817428344804,0.053971606866161634
2009-06-09,0.02524370371955549,False,0.06061786329396597,0.06944773525097477,0.04286010420442306,0.05374829980307697
2009-06-10,-0.0018079918141436508,False,0.060622248137268804,0.06945275881037234,0.04286320452552755,0.053752187730820106
2009-06-11,0.01793448356644032,False,0.060371125131653255,0.06916505609269584,0.04268564699373837,0.05352952342264714
2009-06-12,-0.01865859655970246,False,0.05959048709655846,0.06827070679296555,0.042133693729271705,0.0528373517612264
2009-06-15,-0.05969694648150283,False,0.058693489662941335,0.0672430486587857,0.041499468083780224,0.052042007214836844
2009-06-16,0.008422714418222087,False,0.0606159875490288,0.06944558627655176,0.04285877795141611,0.05374663662830045
2009-06-17,-0.04244359071668093,False,0.06057290363170026,0.06939622656108807,0.0428283152942736,0.053708435227270604
2009-06-18,0.009501259124140215,False,0.06088791672297714,0.06975712588308325,0.04305104656826142,0.053987749230631876
2009-06-19,-0.01308763475536776,False,0.061231882873247885,0.07015119569751165,0.043294249219135224,0.05429273516649713
2009-06-22,-0.020976969260475865,False,0.06025901009909291,0.06903660987773859,0.042606375608748845,0.053430113907777535
2009-06-23,0.00852450869394397,False,0.05965287610088888,0.06834218366166181,0.04217780612587408,0.052892670486218485
2009-06-24,0.0048387191182231275,False,0.05946225114875376,0.06812379141738376,0.042043023986278474,0.0527236482455694
2009-06-25,0.015962030839780022,False,0.05912931524414794,0.06774235856405997,0.04180762031499434,0.05242844254474848
2009-06-26,-0.0003959612009761826,False,0.059272559504825136,0.06790646843120407,0.04190890174600646,0.05255545354529483
2009-06-29,0.0,False,0.05813411571416909,0.06660219377229395,0.041103960482046516,0.051546024726063865
2009-07-08,0.027066891695772224,False,0.057129609171716486,0.06545136626655004,0.040393720088472154,0.05065535461887007
2009-07-09,0.04290829814128962,False,0.05745346152674969,0.06582239241941329,0.040622701199473345,0.050942506169987016
2009-07-10,0.002288330518012216,False,0.0580948573507314,0.06655721685819216,0.04107620269817883,0.051511215345244964
2009-07-16,-0.016114270368783493,False,0.05951463557279788,0.06818380639340904,0.04208006260412503,0.052770096166620026
2009-07-17,0.04252813174213615,False,0.058945572317937185,0.06753185081270882,0.041677704139525935,0.0522655224194254
2009-07-20,0.037659867750273475,False,0.059218384077372746,0.06784440156611883,0.04187059679199204,0.05250741758760114
2009-07-21,0.002437751511939885,False,0.05918610527740751,0.06780742089025214,0.041847773936567474,0.05247879680614268
2009-07-22,-0.043724754178216564,False,0.05844308563530883,0.06695616964867498,0.04132241890826755,0.05181998040594353
2009-07-23,0.04650349858516796,False,0.05895128465995817,0.06753839524028807,0.04168174307394175,0.052270587406127965
2009-07-24,0.00829020292047366,False,0.060004719950463206,0.06874527867668115,0.042426578735745034,0.05320464137537834
2009-07-27,-0.01280959180520918,False,0.05897558612023096,0.06756623656110555,0.04169892551923119,0.05229213488572256
2009-07-28,0.0031309818585089867,False,0.05806135407942378,0.06651883334895281,0.041052514075363644,0.051481508856550486
2009-07-29,-0.026752739447387645,False,0.05700916272153681,0.06531337504202546,0.040308557941124284,0.05054855785034858
2009-07-30,0.03333057171583948,False,0.05689452565136588,0.06518203941805979,0.040227503339292,0.05044691210961678
2009-07-31,-0.0020725396019724233,False,0.056751095911660554,0.06501771705417399,0.040126090764586564,0.050319736649588206
2009-08-03,0.014759148983541465,False,0.05802308297224565,0.06647498749931968,0.041025454335007594,0.051447574850456756
2009-08-04,0.0034013638234902605,False,0.057142819346766564,0.06546650069540721,0.04040306039590693,0.05066706774121487
2009-08-05,-0.028588135969290815,False,0.05635953861912007,0.06456912375658332,0.03984923860503581,0.049972552872299875
2009-08-06,-0.018336197788604715,False,0.05594168136409524,0.06409039952509837,0.039553790951163764,0.049602049594923536
2009-08-07,0.009562672481059858,False,0.05533276259188609,0.06339278289224784,0.039123252482621086,0.04906213698590096
2009-08-10,0.021618694112804142,False,0.054047593774957214,0.06192041057654847,0.03821456869832594,0.04792261086082332
2009-08-11,-0.02621153030852284,False,0.052951078438899,0.06066417186044736,0.03743927311693449,0.046950358923546695
2009-08-12,0.01336636150326362,False,0.05255369499896617,0.06020890375250131,0.03715830155642209,0.046598009251261
2009-08-13,0.012845168805259188,False,0.05105747671571365,0.05849473955128091,0.036100394397573926,0.045271350994286336
2009-08-14,-0.02762896498949628,False,0.050410804057843976,0.057753869631138925,0.035643161892230824,0.04469796298618259
2009-08-17,-0.03536998072074789,False,0.05076583692387777,0.058160618189169414,0.03589418930902395,0.04501276149418987
2009-08-18,0.008049805634364372,False,0.051710348481073906,0.05924271156893018,0.03656201000681714,0.04585023559151099
2009-08-19,0.044198212873735106,False,0.05045241300044344,0.057801539520387704,0.03567258166255497,0.0447348565650684
2009-08-20,0.013850636933898933,False,0.05533173038682078,0.06339160033152721,0.03912252265787545,0.049061221756226174
2009-08-21,0.01400057016186629,False,0.05401021501055886,0.061877587052377774,0.038188139892523655,0.04788946807211419
2009-08-24,-0.01296946506965307,False,0.06021930686381053,0.06899112328974841,0.04257830327645295,0.05339491007053965
2009-08-25,0.029448734916919687,False,0.0600629992368748,0.06881204718737083,0.04246778533975295,0.05325631611922687
2009-08-26,-0.020216321928720395,False,0.060116288008305784,0.06887309824211094,0.04250546338005901,0.05330356590183831
2009-08-27,-0.04953925338012174,False,0.06006072877576477,0.06880944600063314,0.042466180001087414,0.053254302959775145
2009-08-28,-0.005738896669018167,False,0.06065171034115196,0.06948651261204077,0.04288403589535661,0.05377831110899812
2009-08-31,-0.0028818463748889263,False,0.060461167928623716,0.0692682149304618,0.04274931211572224,0.05360936205409487
2009-09-01,0.011477887844686839,False,0.060327265464489306,0.06911480762816935,0.04265463583955265,0.05349063418419677
2009-09-02,0.041563516956765224,False,0.06016536351611124,0.06892932231020209,0.042540162415361966,0.05334707989199207
2009-09-03,-0.008589642230618305,False,0.06056349457289227,0.06938544693624565,0.04282166258137575,0.05370009245690234
2009-09-09,0.025521868795119338,False,0.06033604952992999,0.06912487122028564,0.0426608466483748,0.05349842278902611
2009-09-10,0.009569451016150672,False,0.06030786867644647,0.06909258541630772,0.042640921262502726,0.053473435551280805
2009-09-11,0.0032786914616982953,False,0.06014793676801507,0.06890935710321024,0.04252784076298494,0.05333162804281152
2009-09-14,-0.014507343123961854,False,0.05998179529076005,0.06871901470742736,0.04241036976283942,0.05318431466942645
2009-09-15,0.012213388324803143,False,0.05986676987144085,0.06858723416562118,0.042329040577178914,0.05308232458949636
2009-09-16,0.008494007292004337,False,0.05970318354311881,0.06839981911331398,0.04221337620536989,0.05293727680093115
2009-09-17,0.0,False,0.05963110025872253,0.06831723585189983,0.042162409429031385,0.05287336240721964
2009-09-18,0.012285961199740979,False,0.05947589054639105,0.06813941759133026,0.042052667777270986,0.05273574194853922
2009-09-21,-0.011635554672747576,False,0.059312559321400594,0.067952294801859,0.041937183777299256,0.052590920353534826
2009-09-22,0.030101536245791795,False,0.059190423932303914,0.06781236861994086,0.04185082745889282,0.05248262604632873
2009-09-23,-0.004743091896012737,False,0.05921874906648858,0.067844819721199,0.041870854859015316,0.05250774121405969
2009-09-24,-0.028614715543554093,False,0.05907857788879639,0.06768423057619768,0.04177174626369566,0.05238345503713171
2009-09-25,0.00552936845439084,False,0.05923761764160258,0.06786643677824909,0.041884195960988066,0.05252447149416155
2009-09-28,0.0006485084533378676,False,0.059085841643241,0.06769255240194649,0.0417768821305094,0.05238989562131547
2009-09-29,-0.009444786053077118,False,0.05887622967150732,0.0674524074029748,0.04162867514229155,0.05220403807888742
2009-09-30,0.027115928615887956,False,0.058759661258780925,0.06731885910836749,0.04154625497693255,0.052100679866401385
2009-10-01,-0.015404669194986467,False,0.05872403018613577,0.06727803785263022,0.041521061883618114,0.052069086711005096
2009-10-02,-0.02987256426694541,False,0.058561908308161104,0.06709230056912727,0.041406432957321035,0.05192533741288546
2009-10-05,0.07662776334600803,False,0.05854252783438083,0.06707009704793741,0.04139272991533611,0.05190815324540637
2009-10-06,-0.008990914696861155,False,0.060154627286709894,0.06891702219309895,0.04253257132115476,0.053337560353604194
2009-10-07,0.009608008206107493,False,0.060037178296244643,0.06878246505181916,0.042449528539761534,0.053233421355492666
2009-10-08,0.0006167129396820761,False,0.059908153731844306,0.06863464618618391,0.042358301202230504,0.053119018593789896
2009-10-09,-0.0003083089279855335,False,0.05973750249227697,0.06843913711572641,0.04223764155649208,0.05296770653018991
2009-10-12,-0.055472943820171185,False,0.05953435732996487,0.0682064009108663,0.042094006951902053,0.052787582941297546
2009-10-13,0.009085072222470836,False,0.06027443000516517,0.06905427591702652,0.04261727831539613,0.053443786341767635
2009-10-14,0.016973986391407014,False,0.06011378829795857,0.068870234412656,0.04250369594979769,0.05330134947298612
2009-10-15,0.036787190500045454,False,0.05998349432365921,0.06872096122913815,0.04241157107088869,0.05318582115818532
2009-10-16,0.00183486290011044,False,0.060182157550882784,0.06894856263998662,0.0425520367052364,0.05336197073054616
2009-10-19,0.009729477784606231,False,0.05993820931367735,0.06866907979991642,0.042379552122327135,0.053145668104929614
2009-10-20,0.008436326021953109,False,0.059694204437735224,0.06838953207085514,0.04220702749277116,0.05292931525920244
2009-10-21,0.015185642418374185,False,0.05952732328349557,0.06819834225339474,0.04208903350103674,0.05278134603326556
2009-10-22,0.0023612761856796854,False,0.059388935607914625,0.06803979640348355,0.04199118593806272,0.05265864124177358
2009-10-23,-0.007991754832965561,False,0.0590703905628356,0.06767485064733117,0.0417659573819244,0.052376195545846244
2009-10-26,-0.003274299695674007,False,0.05855728585951012,0.06708700479371255,0.04140316463639886,0.05192123880659324
2009-10-27,-0.0020892411718275456,False,0.057472127433836125,0.06584377728689486,0.04063589900420155,0.05095905674956309
2009-10-28,-0.005692899270227361,False,0.05628816275675499,0.06448735096349094,0.03979877201429155,0.049909265731502825
2009-10-29,0.008080247464683023,False,0.055263178492191624,0.06331306285807536,0.039074052764884216,0.04900043855496538
2009-10-30,-0.01743880633405107,False,0.05435575614971733,0.06227346127569415,0.038432456145629214,0.04819585051010478
2009-11-02,-0.014357967747947913,False,0.05354714473149013,0.06134706386340616,0.03786072418803721,0.04747887556956126
2009-11-03,0.007357482607296982,False,0.0483045134477468,0.05534076721045028,0.03415390063939235,0.04283036929296876
2009-11-04,-0.0006110602084425462,False,0.05687746794665648,0.06516249701098249,0.04021544262052685,0.05043178748171251
2009-11-05,-0.016641370170309106,False,0.05845620315242568,0.06697119792262557,0.041331693701537726,0.05183161137088285
2009-11-06,-0.009993837082334717,False,0.05818063217913454,0.06665548603579828,0.041136850135810324,0.05158726967877057
2009-11-09,-0.007561472700576475,False,0.05785068450418476,0.06627747669116889,0.040903559304330914,0.05129471356430434
2009-11-10,-0.023357324850835606,False,0.05700849247043794,0.06531260715912202,0.04030808403738734,0.05054796355594346
2009-11-11,0.02018975805918808,False,0.05670483330456634,0.06496471562662583,0.04009338060205229,0.050278716786124646
2009-11-12,-0.025382888847285047,False,0.055438315568160694,0.06351371119214062,0.03919788413930416,0.04915572809429094
2009-11-13,0.0,False,0.05794079179695747,0.06638070941948718,0.04096727002833133,0.051374609382520565
2009-11-16,0.006163847576827998,False,0.05752815564110053,0.06590796681607401,0.04067551397363876,0.05100873551944767
2009-11-17,-0.0019423767842064576,False,0.05762965491596326,0.06602425093408472,0.04074727944442405,0.051098732315089594
2009-11-18,0.035962507026411905,False,0.05577689254442544,0.06390160682111852,0.03943727635300777,0.049455935588218036
2009-11-19,-0.018297040410871504,False,0.05761928961710647,0.06601237577894584,0.040739950618151215,0.05108954167127225
2009-11-20,0.03257412959954385,False,0.05805405088318414,0.06651046633613884,0.041047350321069986,0.051475033300341824
2009-11-23,-0.0009249268425689124,False,0.05816880600192677,0.06664193720416471,0.04112848838961998,0.05157678371170498
2009-11-24,-0.011478332940851037,False,0.05774671565554977,0.0661583632701079,0.04083004771147091,0.05120252706113588
2009-11-30,-0.005584873343528051,False,0.05747355694189637,0.06584541502356046,0.04063690974362874,0.05096032425758164
2009-12-01,0.03094135632250503,False,0.05798052789537279,0.06642623365760278,0.040995365596637634,0.051409842358652924
2009-12-02,0.0006031363270895348,False,0.05780297408628645,0.06622281655815088,0.04086982546134074,0.05125240996425012
2009-12-03,0.018223058420693054,False,0.05735835790189802,0.06571343557070225,0.040555457798768284,0.05085818023266227
2009-12-04,-0.005045269642639694,False,0.05545716768299984,0.06353530939123782,0.039211213602973326,0.04917244377949057
2009-12-07,0.005341258989184212,False,0.05402272656389071,0.06189192109511952,0.038196986236660894,0.04790056174455562
2009-12-08,-0.0032607113520726526,False,0.05309749974862679,0.06083192155996686,0.03754280089326418,0.047080186931746905
2009-12-09,0.014443876753074451,False,0.05235096058835997,0.05997663813129714,0.03701495737547882,0.046418249865338414
2009-12-10,0.0017543864148935955,False,0.05155789900906904,0.059068055617769344,0.03645421999408853,0.04571506256691259
2009-12-11,-0.004098366392282248,False,0.050983866802256105,0.058410407285116116,0.03604834821201358,0.045206082977863375
2009-12-14,-0.0023494871307076426,False,0.04998976181999007,0.057271496477830065,0.03534546228343122,0.04432463566647512
2009-12-15,-0.013617735601413328,False,0.04911942181036625,0.05627437880851257,0.034730084876859565,0.04355292757209677
2009-12-16,0.04173960617276513,False,0.048369975252711854,0.05541576447781053,0.03420018567205023,0.042888412591226395
2009-12-17,-0.021381918316914696,False,0.0495302294617163,0.05674502655918763,0.03502054808008155,0.04391718014726727
2009-12-18,-0.05184681695772736,False,0.04951613128157265,0.05672887477440121,0.0350105799050715,0.04390467965365264
2009-12-21,0.0,False,0.051905756511358994,0.05946658361614079,0.03670017404106863,0.04602349886449635
2009-12-22,0.004297121406626183,False,0.051598975828052236,0.059115115871870724,0.03648326352426821,0.045751484325478355
2009-12-23,-0.004297121406626094,False,0.05068244554868926,0.05806507964934625,0.035835227101580304,0.04493882050730806
2009-12-29,0.002164837709542107,False,0.05130180870966241,0.058774662047836226,0.036273150317233015,0.04548799388713388
2009-12-30,0.0030845181766017086,False,0.050519614826293587,0.05787853026793996,0.03572009698398253,0.04479444269507749
2010-01-05,0.019766494254315686,False,0.049620785201902155,0.05684877305779622,0.03508457588063024,0.04399747359226705
2010-01-06,-0.008770659579786138,False,0.04905641642038647,0.05620219576864722,0.034685536662303104,0.04349706231380779
2010-01-07,0.005150746124651794,False,0.048658612878035475,0.055746446364265935,0.0344042680666852,0.043144340147516336
2010-01-08,-0.003936416892249848,False,0.04836061669942215,0.05540504271534846,0.034193568669282345,0.04288011460280178
2010-01-11,0.01415899539073619,False,0.04744569517394498,0.05435684958507227,0.03354666972250399,0.042068877225311926
2010-01-12,-0.00029917726475958884,False,0.046915424839389784,0.053749337676791256,0.033171739948332744,0.04159870016248584
2010-01-13,0.013965462451712376,False,0.04602773177418077,0.052732339227377106,0.03254409299397054,0.04081160556018045
2010-01-14,0.0008848253047424643,False,0.045316723574671224,0.051917762359806684,0.032041371784986394,0.04018117288253295
2010-01-15,0.0023557136924589835,False,0.044577841841549934,0.051071251773731695,0.03151894248188235,0.03952602545976371
2010-01-19,0.01778213303109139,False,0.04392591364048102,0.0503243607642133,0.031057994023568788,0.038947977496720104
2010-01-20,-0.01133238918320542,False,0.04343329445524892,0.04975998444184703,0.03070968564605711,0.03851118473930798
2010-01-21,0.002626588406310868,False,0.04280122989969118,0.049035850506227614,0.03026278185824538,0.03795074935968618
2010-01-22,-0.0017502921621241057,False,0.04182682863442122,0.047919513548415074,0.029573827522064586,0.03708677282722004
2010-01-25,-0.005562889473692082,False,0.04516589965912762,0.051744968751008695,0.03193473112849593,0.04004744119702634
2010-01-26,-0.01270514948236404,False,0.045707167886599336,0.052365080554998354,0.032317437007115875,0.04052736980854712
2010-01-27,-0.02865525576037606,False,0.04553741045702878,0.05217059549094175,0.0321974093333329,0.04037685026327528
2010-01-28,-0.002450981619140185,False,0.046188791691204434,0.05291685985989694,0.03265797105650326,0.040954413244847034
2010-01-29,-0.02358892739647967,False,0.04548326561199952,0.05210856366305363,0.03215912600274382,0.04032884142222936
2010-02-01,-0.010101095986503933,False,0.045826248464948455,0.05250150694862787,0.032401633409288866,0.040632955493657696
2010-02-02,-0.006365393867076071,False,0.04530539988011509,0.05190478920471899,0.03203336532117718,0.040171132453906654
2010-02-03,0.0038240964384034758,False,0.04462541159138004,0.051125750748334864,0.03155257686494876,0.03956820433306094
2010-02-04,-0.01732478365730602,False,0.04399749427363398,0.050406368155932094,0.031108605398322737,0.03901144620250641
2010-02-05,-0.038935964054141355,False,0.04378844786617984,0.050166871103889205,0.030960798294604894,0.038826090131374155
2010-02-08,0.015690523869189087,False,0.0453371874806457,0.0519412071308212,0.0320558408720646,0.04019931770146403
2010-02-09,-0.005313861723508539,False,0.046141983591531634,0.05286323348085561,0.032624875201245906,0.0409129097071485
2010-02-10,0.0029925209364539294,False,0.04571879544197859,0.0523784018326501,0.03232565831694299,0.04053767966274753
2010-02-11,0.02524310399879749,False,0.045238400668245,0.051828030584814916,0.031985993258779655,0.04011172597650081
2010-02-12,0.001294079766487952,False,0.045541495960129866,0.052175276106890794,0.03220029800474303,0.04038047277376297
2010-02-16,0.01921288685999123,False,0.04499538651135622,0.0515496178874223,0.031814169121117584,0.03989625157586897
2010-02-17,-0.02374951162056048,False,0.04483942896607511,0.05137094286117549,0.03170389871106043,0.039757968032952416
2010-02-18,-0.0026016274836779575,False,0.04519447489229303,0.05177770638179555,0.031954935362109305,0.04007277812108895
2010-02-19,0.008753500535991622,False,0.04466492777793611,0.05117102304123581,0.03158051694368992,0.039603242319005624
2010-02-22,-0.007777096878272744,False,0.04412684199229063,0.05055455724793327,0.03120006122337126,0.03912613549677412
2010-02-23,-0.047635983387648746,False,0.04359663691882506,0.04994712010696717,0.030825177592316084,0.03865601629927716
2010-02-24,0.008154989129306164,False,0.04588174848912559,0.05256509135718388,0.032440874924748495,0.04068216593718791
2010-02-25,-0.012942959972477111,False,0.04586574827705892,0.052546760481907456,0.032429561910412366,0.04066797896080273
2010-02-26,0.0,False,0.04603556902152573,0.052741318083594294,0.03254963435124755,0.040818554645764095
2010-03-01,-0.021483847777610872,False,0.04560595296776557,0.052249122213601056,0.032245872591405274,0.040437625144080155
2010-03-02,-0.012689630975998003,False,0.0456006335547946,0.05224302795089328,0.03224211147905567,0.040432908557456945
2010-03-03,-0.002130682624255694,False,0.04545579846440994,0.052077095526596055,0.03213970524549643,0.04030448700913795
2010-03-04,-0.000355555559301344,False,0.044927852393334355,0.05147224644451864,0.03176641885117267,0.03983637081094044
2010-03-05,0.015175869159555036,False,0.04480752498428678,0.05133439160119553,0.031681340872336344,0.039729679593128085
2010-03-08,-0.009855764396520243,False,0.04457364225727253,0.051066440459026544,0.031515973148917374,0.03952230179643206
2010-03-09,-0.014250330211642175,False,0.04422619488339695,0.050668382330228065,0.03127030908488325,0.03921422914916151
2010-03-10,0.01813383023803986,False,0.04394283486198036,0.05034374680731928,0.031069958241330978,0.03896298110847346
2010-03-11,0.0021119332031435513,False,0.04409674536658911,0.05052007661169687,0.03117878128304223,0.03909944959309221
2010-03-12,0.02294156924240675,False,0.04384425594912163,0.05023080844444194,0.031000257624253888,0.03887557372268525
2010-03-17,0.024391453124159267,False,0.0440024862203743,0.05041208725219795,0.031112134974356047,0.03901587243324798
2010-03-18,-0.004139364309876556,False,0.04415529837246572,0.05058715871306602,0.031220181421499495,0.039151367036948076
2010-03-19,-0.020604884725509403,False,0.04368193801736773,0.05004484654908012,0.030885490077343158,0.038731650588723646
2010-03-22,0.013667638728663835,False,0.043979712126635435,0.05038599578102734,0.031096032459721448,0.03899567923026285
2010-03-23,0.007628331027805988,False,0.04383078775832434,0.050215378416097606,0.030990734885746635,0.038863631824415636
2010-03-24,-0.02164889017657906,False,0.043429077434557435,0.04975515315086091,0.03070670398460539,0.03850744561555658
2010-03-25,-0.004599335898357285,False,0.043490040935084226,0.049824996870426304,0.030749808473006335,0.038561500383001435
2010-03-26,0.011984634104622418,False,0.04301044381136858,0.04927553946191601,0.030410707396498402,0.03813625395250363
2010-03-29,0.024572961629175237,False,0.04290546814669282,0.04915527256743902,0.030336483930304747,0.038043174731455257
2010-03-30,0.014930715097803013,False,0.04305861789035809,0.04933073079499549,0.03044476907292916,0.03817896866891832
2010-03-31,0.0,False,0.04279296099937355,0.049026377120514726,0.030256935298996812,0.03794341753851726
2010-04-06,-0.013638124784488071,False,0.042317021538781835,0.048481110166871455,0.02992042038792128,0.0375214142638069
2010-04-07,-0.02011163486932401,False,0.04203112034027274,0.048153563307528874,0.029718272794878535,0.03726791302677047
2010-04-08,0.0020993709599996433,False,0.042973927172206224,0.04923370364403996,0.030384888159813935,0.03810387558806046
2010-04-13,-0.017626169134603745,False,0.04258161729078733,0.04878424813207319,0.030107503879267833,0.03775602450957628
2010-04-14,0.0076415793869668595,False,0.04254496606743832,0.048742258125869534,0.030081589484292542,0.037723526812797385
2010-04-15,-0.004856062265540501,False,0.0422079342582976,0.048356132740043016,0.029843289787222643,0.03742468937880502
2010-04-16,0.030476592590888488,False,0.04177419705054909,0.04785921541014409,0.02953661414886693,0.03704010575590888
2010-04-19,-0.007787410270442997,False,0.04240307812002148,0.04857970213870577,0.029981267040029767,0.0375977184203237
2010-04-20,0.029802975896420246,False,0.04200730164287584,0.04812627507100987,0.02970143168902342,0.037246793600597385
2010-04-21,0.01376168507268153,False,0.043002945127605316,0.04926694848598214,0.030405405421964418,0.0381296050625373
2010-04-22,0.01678000004001714,False,0.04279461744636593,0.04902827485306307,0.03025810649650931,0.03794488626744825
2010-04-23,0.01807564672723034,False,0.042887093161979514,0.04913422099939838,0.03032349182341131,0.03802688210526257
2010-04-26,0.011560822401076006,False,0.04286169142454488,0.04910511913007448,0.030305531422726413,0.03800435903821656
2010-04-27,-0.0074836644871729965,False,0.04264159799568274,0.048852965897553356,0.030149913478062253,0.03780920785742021
2010-04-30,0.00964687736437569,False,0.042343969328606845,0.048511983293564986,0.029939473931171023,0.037545308175730534
2010-05-03,-0.0027911322198211725,False,0.042019590900762634,0.04814035443774726,0.02971012085827158,0.0372576901693869
2010-05-04,-0.01912583773636878,False,0.04170947522748105,0.047785065913788664,0.029490852323387464,0.036982718580561035
2010-05-05,0.00976539497680506,False,0.041742343904778496,0.04782272239118598,0.029514092253953777,0.037011862391073555
2010-05-06,0.0,False,0.04140833217013404,0.04744005699755743,0.02927792791271104,0.03671570277943638
2010-05-11,-0.035243009105213975,False,0.04105210309006569,0.04703193797954929,0.029026054707970504,0.036399843619220926
2010-05-12,0.0013527225600110963,False,0.04218079949435881,0.04832504540374116,0.02982410404317325,0.03740062968174517
2010-05-13,-0.02014063642564431,False,0.04173999211709274,0.047820028031475954,0.029512429413005567,0.03700977712143952
2010-05-14,-0.030814763044009912,False,0.04190906077331297,0.04801372399234281,0.029631970086819157,0.03715968594910241
2010-05-17,0.0007109847437789285,False,0.04266507622672142,0.04887986407384553,0.030166513855808555,0.037830025400833
2010-05-18,0.012361096823573926,False,0.04228324079617321,0.04844240876860725,0.029896535577906003,0.03749146174844862
2010-05-19,-0.006691343860625033,False,0.042076875032139645,0.048205982834621956,0.02975062383390719,0.03730848253486965
2010-05-20,0.003175165835687813,False,0.041798857307225976,0.047887467791271614,0.02955405028259789,0.03706197137104385
2010-05-21,0.01953323353412434,False,0.04137555962591708,0.04740251065641962,0.029254755953426186,0.03668664420765301
2010-05-24,0.006884708777497233,False,0.041555682449036985,0.04760887098410102,0.029382112520434746,0.03684635448070364
2010-05-25,0.0023984935260520585,False,0.04117473993750885,0.04717243866450323,0.029112765584518984,0.03650858255664129
2010-05-26,-0.00617921636595812,False,0.04079910679512325,0.04674208910075534,0.02884717265942351,0.03617551831359789
2010-05-27,0.023482447053410925,False,0.040502070227666054,0.0464017848442924,0.028637151758950652,0.03591214363140655
2010-05-28,-0.0026945115662718594,False,0.041006147169781085,0.046979287912197645,0.02899356138957925,0.03635909568706098
2010-06-01,0.008396354952906358,False,0.040589474863889856,0.046501921234893,0.028698951558761062,0.035989643073594965
2010-06-02,0.017241806434505954,False,0.04022237012454861,0.046081342359924865,0.02843938867536148,0.035664140746111773
2010-06-03,0.0019704439872987385,False,0.040459050509661094,0.04635249867971594,0.02860673449419825,0.0358739991542652
2010-06-04,-0.04324454595242218,False,0.04009366897584175,0.045933894020174816,0.028348390010198135,0.03555002474878355
2010-06-07,0.0027369158377711735,False,0.042290173253667074,0.04845035103919402,0.029901437199877385,0.037497608580149784
2010-06-08,0.011886708135858268,False,0.04190018645535253,0.048003557001116796,0.029625695464589683,0.03715181731968583
2010-06-09,0.003370411009905794,False,0.04167961561698849,0.04775085681746786,0.029469739965615825,0.03695624283216696
2010-06-10,-0.01799403498353508,False,0.042099440388557355,0.048231835162849714,0.029766578759978783,0.03732849065584252
2010-06-11,0.0,False,0.04213159736922333,0.048268676274667396,0.029789315482577527,0.037357003423262494
2010-06-14,0.011580510889807969,False,0.041819013681813434,0.04791056023448725,0.029568301928371225,0.03707984350980624
2010-06-15,-0.006795812766471579,False,0.041731552967134676,0.047810359596790475,0.029506462478063544,0.03700229434429461
2010-06-16,-0.007529125231827776,False,0.04149384962734877,0.04753803131412454,0.029338393375007956,0.0367915289085509
2010-06-17,0.001030043009526921,False,0.04121220485800641,0.047215360894659976,0.029139255307337963,0.03654180173774697
2010-06-18,0.006158076251392067,False,0.040899183992281866,0.046856743994795856,0.028917932644444828,0.03626425418952687
2010-06-21,0.009166589393667619,False,0.040603359997690366,0.046517828940042985,0.02870876909849677,0.036001954664498396
2010-06-22,0.024371094362052714,False,0.04038152082052047,0.046263675665624907,0.028551916815465678,0.035805255573592265
2010-06-23,0.002635047638005032,False,0.0406992791527492,0.04662772011277731,0.028776589123116987,0.03608700371147583
2010-06-24,0.014369940282952826,False,0.04055155512372368,0.046458477933978955,0.028672140253864924,0.03595602061559075
2010-06-25,0.0025906750240924626,False,0.04042655342936137,0.04631526792781464,0.0285837573027847,0.03584518482925008
2010-06-28,0.003551254741067667,False,0.04006384207764464,0.04589972240117028,0.028327300781786652,0.035523578005540235
2010-06-29,-0.05124241113915296,False,0.03969368603182449,0.04547564775262977,0.028065580459860885,0.035195370163106386
2010-06-30,-0.018487346117798023,False,0.04262307546716161,0.04883174529380697,0.03013681704972569,0.037792784407929145
2010-07-01,0.025585567572330714,False,0.04266875597037451,0.04888407982559138,0.03016911563336795,0.037833288134857555
2010-07-13,0.021376899520557168,False,0.04297778643179903,0.0492381250608287,0.03038761686484099,0.03810729749425016
2010-07-16,0.031453170464025036,False,0.043066743578373735,0.049340040107455185,0.030450514373343233,0.03818617350742364
2010-07-19,-0.05989424090020513,False,0.04365447827576413,0.05001338689739793,0.030866074556527963,0.03870730274232946
2010-07-20,-0.0013427326622951121,False,0.04690991439576638,0.053743024557042746,0.03316784376699151,0.04159381419389796
2010-07-21,-0.014208628753579578,False,0.046629642939474636,0.05342192749361504,0.03296967670584098,0.041345304704443336
2010-07-22,-0.006494639133648106,False,0.0465715041281267,0.05335531992022175,0.03292856942529218,0.04129375451621962
2010-07-23,0.01700142956932854,False,0.046224078790613854,0.0529572870377022,0.032682920942157016,0.040985701408024953
2010-07-26,0.002357300300220344,False,0.04618239798269163,0.05290953481490294,0.03265345035916719,0.040948744108006405
2010-07-27,0.0023517565013524023,False,0.045909970733042184,0.05259742458071247,0.032460829575892865,0.040707189874765334
2010-07-28,0.010016778243471209,False,0.04558930381519499,0.05223004787021374,0.032234100741074134,0.04042286276884613
2010-07-29,0.01188917571218561,False,0.04531989920285603,0.05192140056434657,0.032043617125675085,0.040183988630341685
2010-07-30,0.014665408677009141,False,0.04509128412210148,0.051659484377600956,0.03188197391274419,0.03998128152005785
2010-08-02,-0.0029159262520552804,False,0.04491872092914825,0.05146178484998545,0.03175996241266942,0.039828274176581434
2010-08-03,-0.0078176293910534,False,0.044554830781601905,0.05104488881878283,0.03150267241933586,0.03950562214493759
2010-08-04,0.019430663128714238,False,0.04432699669834052,0.0507838673931553,0.03134158141382571,0.03930360752503741
2010-08-05,-0.0016048791761136421,False,0.04463968636241517,0.0511421048470402,0.03156266989925934,0.039580861405275725
2010-08-10,-0.03582674478955595,False,0.044368790252705285,0.05083174878555355,0.031371131714641495,0.0393406647944258
2010-08-11,-0.018056046093446528,False,0.045330701761507566,0.05193377667251829,0.03205125511824559,0.04019356698116918
2010-08-12,0.007678920804155527,False,0.04528383830570578,0.051880086873924015,0.03201812012321445,0.04015201436061528
2010-08-13,-0.007678920804155532,False,0.04502735290870412,0.05158624065469435,0.03183677109101426,0.039924595357964145
2010-08-16,-0.005621940316793769,False,0.04472301945069625,0.05123757660962155,0.031621590894710505,0.03965475071065632
2010-08-17,0.0,False,0.04440348026794467,0.05087149190520978,0.03139565942952981,0.03937142353843196
2010-08-18,0.00035229875298326013,False,0.044044817326267645,0.050460584498310125,0.031142065353143546,0.03905340633574661
2010-08-19,0.0035161780249370815,False,0.043688687461120465,0.05005257914731701,0.030890262298712313,0.038737635146849136
2010-08-20,-0.02092645968249697,False,0.04339910259582436,0.04972081204163325,0.030685510154242545,0.03848086769724624
2010-08-23,0.002863280410015155,False,0.04356121926838784,0.049906543361481315,0.030800135400032704,0.038624612379861714
2010-08-24,-0.007533667918626946,False,0.04322166939651827,0.04951753312052734,0.03056005529657619,0.03832354224443253
2010-08-25,-0.021107042674328877,False,0.04295606316949582,0.04921323748995039,0.03037225734480215,0.03808803603646318
2010-08-26,-0.0033155307587241,False,0.04308352079691532,0.0493592611714817,0.030462376773234587,0.038201049435459274
2010-08-27,-0.01299925454363971,False,0.042739676245728546,0.048965330668809454,0.030219260099482496,0.03789617131837328
2010-08-30,-0.001122124673570591,False,0.04255126772022544,0.04874947770588477,0.030086045093257283,0.037729114326194454
2010-08-31,0.009683502111164742,False,0.04265130741527235,0.04886408963508646,0.030156778562259578,0.03781781694996584
2010-09-01,0.0033302528465999994,False,0.04241548024759844,0.048593910816242564,0.029990036014246612,0.03760871506776357
2010-09-02,-0.00592813888739541,False,0.04207497944433074,0.048203811126924845,0.02974928355091793,0.03730680176592928
2010-09-08,0.00560434868704826,False,0.04180120165290227,0.04789015362493544,0.029555707861643365,0.03706405004203957
2010-09-09,-0.01577201300930176,False,0.04153264427212614,0.04758247696220998,0.02936582328473058,0.036825927121964266
2010-09-10,-0.01794968948228157,False,0.04151426490315365,0.04756142037127916,0.02935282807792904,0.03680963060836177
2010-09-13,-0.012798313143309509,False,0.041578460675404605,0.04763496718987776,0.02939821795706114,0.03686655134798436
2010-09-16,0.03114823558703897,False,0.041431130735571156,0.047466176505084445,0.029294047730158375,0.03673591768084675
2010-09-17,0.002552417064838131,False,0.04217682872686228,0.04832049623630343,0.029821296496034096,0.03739710890436612
2010-09-20,-0.010985097649329584,False,0.04186578907845204,0.04796414914682261,0.029601374660816634,0.03712131805056574
2010-09-21,0.022930941063916892,False,0.04175156841683654,0.04783329058736471,0.029520614482329354,0.03702004152858667
2010-09-22,-0.0061360957732662915,False,0.04196925862645723,0.04808269053686725,0.02967453322115686,0.037213061836711796
2010-09-23,0.006495872715445235,False,0.041703617488517954,0.047778354910091525,0.02948671058547857,0.03697752467413067
2010-09-24,0.0050233331322244775,False,0.041383841773573925,0.04741199921913904,0.029260611879259255,0.03669398777489678
2010-09-27,0.015977616656064113,False,0.04109087991602116,0.047076363213242683,0.029053472018823384,0.03643422603314335
2010-09-28,-0.007779388596598623,False,0.04100022820866783,0.04697250676845524,0.028989376364302696,0.03635384749652521
2010-09-29,0.016895861272467266,False,0.040705480747554944,0.04663482505991335,0.028780973985683304,0.036092502506035115
2010-09-30,-0.01796139147450558,False,0.04062179693482375,0.04653895148477322,0.028721805009098156,0.03601830222230805
2010-10-01,-0.011077476148443625,False,0.04089639615564483,0.04685355006927339,0.028915961493330693,0.03626178228650642
2010-10-04,-0.01703248278344966,False,0.04064508963343046,0.04656563710314078,0.02873827420539174,0.036038955258886805
2010-10-05,-0.008073438347626636,False,0.0406004310996454,0.046514473405470325,0.02870669820934645,0.03599935768595678
2010-10-06,0.010993148450961344,False,0.040715833329277244,0.04664668564548246,0.02878829382025502,0.03610168187389649
2010-10-07,-0.0014587894636599842,False,0.04053796344021769,0.04644290642441978,0.028662530199340976,0.035943969219513566
2010-10-08,0.022732351782672456,False,0.040189909692601396,0.04604415359474075,0.028416437396313072,0.03563535891624794
2010-10-11,0.017680800048711712,False,0.04061048692416915,0.04652599400684601,0.0287138082205466,0.03600827392684519
2010-10-12,-0.0010520779508037803,False,0.040700939929153086,0.04662962280537882,0.028777763381757315,0.036088476279184614
2010-10-13,0.0059471926206736,False,0.0403454411589147,0.04622234047743143,0.028526406545521247,0.03577326466590593
2010-10-14,0.00452410724662175,False,0.04004152941606357,0.04587415957645124,0.028311524524616303,0.035503793942577674
2010-10-15,-0.026386755173194887,False,0.039715350614026174,0.04550046809579774,0.028080898489897782,0.035214579590757064
2010-10-18,-0.00392927813988955,False,0.04038700499143875,0.046269958685667315,0.02855579442058502,0.03581011824684845
2010-10-19,-0.01587334915629012,False,0.0399802552934701,0.04580395998820493,0.028268200409632984,0.035449463754538
2010-10-20,0.00977029664618248,False,0.039926994778169994,0.04574294130551144,0.028230542347937974,0.03540223902591083
2010-10-21,0.014301280569573147,False,0.03958325035278413,0.04534912551341683,0.02798749646853638,0.03509744968779645
2010-10-22,0.010242010773425052,False,0.039448685395233975,0.04519495921592326,0.02789235177373092,0.03497813440203127
2010-10-25,0.029087923361315254,False,0.03914192421738523,0.04484351381836439,0.02767545504834308,0.03470613715800105
2010-10-26,-0.014092001544877705,False,0.039826898399944674,0.04562826443640335,0.028159768800866253,0.035313486142623494
2010-10-27,-0.0020790028278331015,False,0.03966272700950315,0.045440179099183915,0.028043690758531015,0.03516791959452946
2010-10-28,-0.013268351077970836,False,0.03923583789562645,0.04495110738746321,0.027741857092508176,0.034789408000281324
2010-10-29,-0.01701565335847158,False,0.039056525271539765,0.04474567527606826,0.02761507337998677,0.0346304161098686
2010-11-01,-0.013679118984673588,False,0.03901539313562233,0.04469855164731796,0.02758599073774611,0.03459394530320044
2010-11-02,0.01653524373951066,False,0.0388383452630776,0.04449571418141113,0.027460808326917156,0.034436961509712316
2010-11-03,-0.014724633069236204,False,0.03881279956704567,0.04446644738382996,0.027442746139726668,0.03441431079828186
2010-11-04,-0.002898552754011304,False,0.0387820809075161,0.04443125410550656,0.027421026387876083,0.034387073353208335
2010-11-05,-0.008014614849654352,False,0.03834346766014248,0.04392875047001129,0.027110903126079344,0.03399816627142763
2010-11-08,0.021708522533012156,False,0.037998238651658155,0.04353323384373385,0.02686680756622313,0.03369206059167527
2010-11-09,0.022297862413865888,False,0.038326038602837606,0.043908782617440946,0.027098579840967016,0.033982712374731126
2010-11-10,-0.010909838986300328,False,0.03873435025844064,0.044376570794346704,0.027387278240350692,0.034344751814689864
2010-11-11,0.0028268570061530693,False,0.03856038451395023,0.04417726441319765,0.02726427506056687,0.03419050086485035
2010-11-12,-0.0355577053945442,False,0.03816323465292712,0.043722263908321055,0.02698346865296264,0.03383835830097437
2010-11-15,0.009461497074072957,False,0.040297307084937395,0.04616719497667507,0.028492373154795383,0.03573058542090632
2010-11-16,-0.013491544660751432,False,0.040130695619981865,0.0459763141326589,0.0283745698479547,0.03558285532151908
2010-11-17,0.02178735418490723,False,0.03998783643833812,0.04581264543690081,0.028273560688622964,0.03545618576064436
2010-11-18,0.03944173205129662,False,0.040427900355296496,0.04631681105306951,0.02858470965218797,0.035846379113822976
2010-11-19,-0.024468190261134184,False,0.04310143181439521,0.04937978118872458,0.030475040830228357,0.03821693067384306
2010-11-22,-0.005321992337940869,False,0.04418779650981636,0.05062439067599306,0.031243159360305143,0.03918018229922304
2010-11-23,-0.012889544725996958,False,0.043826648282290735,0.05021063596527473,0.030987808052557356,0.038859961457517314
2010-11-29,-0.01278089335030287,False,0.04386382652250984,0.05025322975600788,0.03101409507693168,0.0388929264465958
2010-11-30,0.018569621526547633,False,0.041530073165894826,0.047579531337023744,0.029364005373722062,0.03682364738821852
2010-12-01,-0.016733748053315938,False,0.04228734653181606,0.04844711256426154,0.029899438554816207,0.03749510219861055
2010-12-02,0.03955927539554016,False,0.04222862784472838,0.04837984064780724,0.029857921270791857,0.03744303784948747
2010-12-08,-0.01742605332586102,False,0.04388526219560983,0.05027778784613974,0.031029251255866957,0.0389119329064354
2010-12-16,0.017806618649464815,False,0.04384447494576781,0.05023105934112947,0.031000412466713947,0.03887576790137707
2010-12-17,-0.017467693040390832,False,0.043858491561385604,0.050247117680332534,0.031010322971197726,0.03888819607382512
2010-12-20,0.0023692683278056987,False,0.04375962476143663,0.05013384949543016,0.030940418802394853,0.038800533425960765
2010-12-21,0.0057306747089850745,False,0.04324996929861349,0.049549955314275855,0.030580064856248295,0.03834863503951894
2010-12-22,-0.0016820861829848262,False,0.042803553815501695,0.04903851293411907,0.030264424992272027,0.037952809916045535
2010-12-23,0.016694878572170054,False,0.04232651828760578,0.04849199025505391,0.02992713510239783,0.037529834786656224
2010-12-27,0.006600684031352093,False,0.042217127251982844,0.048366664826740305,0.029849789730405883,0.03743284056978788
2010-12-28,0.008190053970044403,False,0.04180995370747181,0.047900180543332414,0.029561896037050242,0.03707181026365304
2010-12-29,0.0,False,0.04144189634466301,0.04747851028145663,0.029301659597394007,0.03674546326945032
2010-12-30,-0.021435280720065033,False,0.04115411302623722,0.0471488071441032,0.02909818124388939,0.03649029320510703
2010-12-31,0.01159913584335194,False,0.04142415816204907,0.04745818827498747,0.029289117743987795,0.03672973527929546
2011-01-04,-0.034526640487056566,False,0.041184700672744864,0.04718385032545573,0.029119808362455545,0.036517414484304726
2011-01-05,-0.02766428147235551,False,0.042422009640898595,0.048601391310483334,0.029994652648057656,0.037614504512814236
2011-01-06,-0.007743790896903289,False,0.04304536760915527,0.049315550417942076,0.03043540040827767,0.03816721998547973
2011-01-07,0.007042282625412951,False,0.042681890221197574,0.04889912727075546,0.030178402258272452,0.03784493393714364
2011-01-10,0.010818461821832175,False,0.04230577213494078,0.04846822212402019,0.029912466451661155,0.03751143970684632
2011-01-11,0.018229223618398495,False,0.042110063166599175,0.048244005302755515,0.029774089637945644,0.037337909599828786
2011-01-12,0.008484693697282551,False,0.04210458405181267,0.0482377280753439,0.029770215607784624,0.03733305140971456
2011-01-13,-0.0023684666798465532,False,0.041772378698412334,0.04785713218861623,0.029535328475670496,0.03703849346985187
2011-01-19,0.02086125195771702,False,0.04147683039728117,0.047518532986079255,0.029326359859893132,0.03677643839512164
2011-01-20,0.024849956623423663,False,0.04164492699133217,0.04771111528980764,0.02944521323323781,0.03692548532026835
2011-01-21,0.0018861998676122948,False,0.042017700472886096,0.0481381886416016,0.029708784223633267,0.037256013975625814
2011-01-24,0.03941396854087663,False,0.041621591867617595,0.047684381066499255,0.02942871404010097,0.036904794666437965
2011-01-25,0.006920442844573757,False,0.043255819359459775,0.049556657521426975,0.030584201165313792,0.03835382213796066
2011-01-26,0.005084503252249644,False,0.04288217844857591,0.04912859038662616,0.030320016855519556,0.03802252435533361
2011-01-27,0.001788376035512424,False,0.04248221486169194,0.048670366295861925,0.030037220991721295,0.0376678869331285
2011-01-28,-0.02441718893867155,False,0.0421973848386596,0.048344046644257704,0.02983583077761044,0.03741533547982804
2011-01-31,0.022628812903159157,False,0.042608148699034405,0.048814644225166126,0.03012626301824713,0.03777954922666745
2011-02-01,-0.011703059302077832,False,0.04281075218765476,0.04904675985369623,0.03026951463027339,0.037959192527433544
2011-02-02,0.011703059302077854,False,0.042592655763229625,0.048796894518304754,0.030115308675633553,0.03776581203909245
2011-02-03,0.001788376035512424,False,0.04234127997562174,0.04850890219726834,0.02993757241331935,0.03754292359563047
2011-02-04,-0.032382917333580785,False,0.04191726053983789,0.048023118173922276,0.029637767764741352,0.03716695647111602
2011-02-07,-0.008650038488467446,False,0.04302207165713413,0.04928886107225304,0.03041892891164432,0.038146564064182105
2011-02-08,0.0049520373558914815,False,0.04271955624889446,0.048942279902295174,0.03020503417474609,0.03787833143482886
2011-02-09,0.01013677855130829,False,0.042328232769875185,0.04849395447656005,0.029928347333986513,0.03753135497397422
2011-02-10,0.03749127043794621,False,0.04203317568870555,0.04815591804730448,0.029719726037259905,0.03726973545134573
2011-02-11,-0.006793705054670266,False,0.043615451796116235,0.04996867564432684,0.030838480727027093,0.03867269896690106
2011-02-14,0.00767644749833912,False,0.04316433546480665,0.0494518476691762,0.03051951710941356,0.03827270572227435
2011-02-15,0.0029368596733097057,False,0.042798316546180735,0.04903251278047664,0.030260721959920748,0.03794816616408339
2011-02-16,0.015422974124859561,False,0.04238829527456581,0.04856276595716332,0.02997081476965535,0.037584610851592
2011-02-17,0.005471575925712459,False,0.04230247267985769,0.04846444205539632,0.02991013355866568,0.0375085141649127
2011-02-23,0.007677580899034332,False,0.04229853317154912,0.048459928700501156,0.029907348113461175,0.03750502110425137
2011-02-24,0.0062627842549613285,False,0.04207029613981836,0.0481984456311089,0.02974597220161404,0.03730264920031047
2011-02-25,0.003793014571872694,False,0.04168562240127681,0.04775773857710597,0.02947398708662176,0.036961568893252535
2011-02-28,0.01582863362689871,False,0.041270292730277054,0.04728191010895974,0.029180326571207154,0.03659330675960141
2011-03-03,0.019532393542339616,False,0.041178375455831494,0.047176603748857106,0.0291153360923805,0.03651180607720317
2011-03-08,-0.004849147433009838,False,0.041420338040561916,0.04745381169733774,0.029286416711715852,0.0367263480758571
2011-03-09,-0.032384827879892004,False,0.041039860569438674,0.04701791215803218,0.029017398584489967,0.03638898849115718
2011-03-14,-0.008416825193320179,False,0.04215596694100317,0.04829659562842188,0.029806546086382144,0.037378611295578006
2011-03-17,0.015042493924603153,False,0.041863635298423935,0.04796168163746064,0.02959985182197967,0.0371194083492274
2011-03-18,-0.048378914192194956,False,0.041700725952400715,0.047775042179753854,0.029484666113229613,0.03697496082344912
2011-03-21,0.019633309552216243,False,0.044517289239338516,0.05100187880578752,0.03147612852078899,0.03947233502528348
2011-03-22,0.02293962958326304,False,0.04460378467316903,0.05110097355546469,0.031537285465388046,0.03954902830110177
2011-03-23,-0.0036843762894153294,False,0.0447749842900699,0.05129711088237677,0.03165833284352715,0.03970082659677473
2011-03-24,-0.0148747706947472,False,0.04430842882860753,0.0507625948435912,0.031328452926802815,0.039287143872660316
2011-03-25,0.012102552686463262,False,0.044156560627818274,0.05058860483423856,0.031221073904226588,0.03915248624629381
2011-03-28,0.0018489989859472242,False,0.043860481725047,0.05024939774022828,0.03101173012442412,0.03888996070074063
2011-03-29,-0.0606053793907341,False,0.04340094709221991,0.04972292521571081,0.030686814312842373,0.03848250316474487
2011-03-30,-0.023164503674724692,False,0.04763339214592867,0.05457188734637572,0.03367938162194958,0.042235303301291965
2011-03-31,-0.011786632495746682,False,0.047948017703187296,0.054932342684395896,0.03390183888845013,0.042514273688209744
2011-04-01,0.019789342761370673,False,0.04767042796375354,0.05461431796882493,0.03370556794599686,0.04226814200809774
2011-04-04,0.00298458188718144,False,0.04764840014730565,0.05458908148106866,0.03368999308972432,0.04224861050998626
2011-04-05,-0.015012792389185209,False,0.04709777819839867,0.05395825345030114,0.03330067362471862,0.04176038819432189
2011-04-06,0.008034860769278881,False,0.04699044609442796,0.05383528686693048,0.033224784028637745,0.04166521957917725
2011-04-07,-0.004009360532899312,False,0.046521634706748936,0.0532981862935189,0.03289330905020275,0.04124953658332714
2011-04-08,-0.0043616911960094405,False,0.04602706443962316,0.052731574685851525,0.03254362115238583,0.04081101385179743
2011-04-11,0.016011015812584586,False,0.04567049568282991,0.052323066512271414,0.032291507777849886,0.040494853508969225
2011-04-12,0.010205849902192992,False,0.045521969350123884,0.052152905162612076,0.03218649163655157,0.04036315903105236
2011-04-13,0.0042490666968815075,False,0.04517099053376011,0.05175080118545064,0.03193833065189354,0.040051955144584664
2011-04-14,0.01906050273874241,False,0.04471715574294011,0.05123085876768999,0.03161744493654247,0.03964955151185075
2011-04-15,0.03583035700082749,False,0.044715913198177366,0.05122943522824087,0.031616566390267234,0.039648449779377884
2011-04-18,-0.03519056171348806,False,0.04579847073921494,0.05246968299381013,0.03238199305651485,0.04060832569891663
2011-04-19,-0.003203077690504232,False,0.046860739660103755,0.053686686807116246,0.033133074572232794,0.04155021222095619
2011-04-20,0.00448144155906867,False,0.046381650307303526,0.05313781113372801,0.03279433251719418,0.04112541601786514
2011-04-26,0.000958619661203917,False,0.04594061857418125,0.052632536724918494,0.03248249925531542,0.04073436452699402
2011-04-29,0.01785761740000647,False,0.04548023645085716,0.05210509326060761,0.032156984222166965,0.04032615554297885
2011-05-02,-0.010974453908267368,False,0.04538813957957609,0.05199958114278265,0.03209186675867497,0.040244495616687234
2011-05-03,-0.02475971892784464,False,0.045113587703257185,0.051685036799198836,0.03189774374956324,0.04000105753164087
2011-05-04,-0.01075774936000156,False,0.04546573488280838,0.05208847932861052,0.03214673083011512,0.04031329737568713
2011-05-05,-0.047138253676222965,False,0.04518401450101214,0.051765722282640265,0.03194753930035531,0.0400635031612657
2011-05-06,0.01606718368851888,False,0.04749276331502575,0.05441077388432843,0.03357994944108541,0.04211061133503655
2011-05-16,0.001998002662673058,False,0.0473368303881796,0.054232127062549096,0.03346969643759177,0.041972349620652896
2011-05-17,-0.008686990813469672,False,0.046847193061085535,0.0536711669492551,0.03312349639487737,0.041538200800134366
2011-05-18,0.005020931050099664,False,0.046526619033440436,0.053303896659765176,0.03289683323844987,0.04125395605756746
2011-05-19,-0.00535655783626744,False,0.04613337669599122,0.05285337286600806,0.032618789661114776,0.04090527819431149
2011-05-20,-0.026187519269149084,False,0.04572033380986982,0.05238016428616172,0.03232674602615179,0.04053904369397747
2011-05-23,-0.012831804295293172,False,0.046100664684427764,0.05281589587498367,0.03259566050168619,0.04087627329527458
2011-05-24,0.006609869255999737,False,0.04588098440750236,0.05256421597597781,0.032440334677761674,0.040681488445670926
2011-05-25,0.026686496422904386,False,0.04546778520847559,0.05209082831398177,0.03214818052112985,0.04031511534670535
2011-05-26,0.016075362915177235,False,0.045861840471197735,0.052542283447381447,0.032426798880550875,0.040664514009885855
2011-06-01,-0.015457297005086449,False,0.0456923380788904,0.05234809057046857,0.03230695153189128,0.040514220599593705
2011-06-02,-0.016732505799235926,False,0.045549248373833305,0.05218415777221479,0.032205779380052375,0.040387346639539294
2011-06-03,-0.008993488497373532,False,0.045464462441610974,0.05208702153787693,0.03214583114544543,0.04031216913481483
2011-06-06,-0.005225582349198075,False,0.04522939037375667,0.05181770781010536,0.03197962249379889,0.040103736780195354
2011-06-07,0.009732436918231054,False,0.044874499665176315,0.05141112211682553,0.03172869559000534,0.0397890643195446
2011-06-08,0.012375544675539854,False,0.04453384251951936,0.05102084331157949,0.03148783258416112,0.03948701239293615
2011-06-09,0.017945292807564326,False,0.04431806232797962,0.05077363160202474,0.031335264331304805,0.03929568564870236
2011-06-10,0.005688487817213029,False,0.0445309278886155,0.051017504122364186,0.031485771782650336,0.039484428064701475
2011-06-13,0.0013337781237038747,False,0.044140151726722136,0.05056980573844138,0.031209471924667363,0.03913793689586097
2011-06-14,0.0043225337460737305,False,0.04373343241871654,0.050103841857681436,0.030921899401061013,0.038777309349548886
2011-06-15,-0.008998560970330974,False,0.043321979543964946,0.04963245489744779,0.0306309799900362,0.03841248467138857
2011-06-16,-0.02474283146095971,False,0.043020530579566556,0.04928709551436139,0.030417839286547954,0.03814519763035186
2011-06-17,0.001028983112571219,False,0.04340787559039329,0.04973086295024457,0.03069171313536027,0.03848864648581843
2011-06-20,0.01699565042310034,False,0.042970541363929866,0.04922982464362638,0.030382494210445622,0.03810087347897207
2011-06-21,0.020020688730896772,False,0.04302424794016228,0.049291354362503766,0.03042046766131804,0.03814849371835164
2011-06-22,0.004285485378548639,False,0.043141046150718856,0.049425165928331884,0.0305030503061577,0.038252055686661436
2011-06-23,-0.01792281630113166,False,0.042805695984094526,0.049040967140671625,0.03026593962119695,0.03795470932182297
2011-06-24,-0.009421334828390596,False,0.042886211608371284,0.049133211034707004,0.03032286851738471,0.03802610045435881
2011-06-27,0.012430867278804526,False,0.0426039204293535,0.04880980004661195,0.03012327340315217,0.03777580012872655
2011-06-28,0.007650128778244409,False,0.04237164899062477,0.048543694900263085,0.02995904494760026,0.03756985101989798
2011-06-29,0.0313137130661494,False,0.04202070620946406,0.048141632207355275,0.02971090944177759,0.03725867908491774
2011-06-30,0.017823514477382674,False,0.04302236308821386,0.049289194954501105,0.03041913496916214,0.03814682246862255
2011-07-12,0.005868944136526966,False,0.0430327394715339,0.049301082808716264,0.03042647163274933,0.038156022940748276
2011-07-15,0.0006315124933591015,False,0.04263681039611392,0.048847480914591644,0.03014652838651896,0.03780496281605815
2011-07-18,-0.0028449521322312507,False,0.042211060271782896,0.048359714102782,0.029845500047638366,0.03742746113453618
2011-07-19,0.001581528085459335,False,0.04180714742185167,0.047896965481464576,0.029559911841508357,0.03706932200239393
2011-07-20,0.00598709839454843,False,0.04138788776692711,0.04741663457017173,0.029263472615143116,0.03669757525310752
2011-07-21,-0.0034618445273542574,False,0.04101742644281068,0.046992210175118454,0.029001536444969344,0.03636909672826257
2011-07-22,-0.03431473438442684,False,0.040628387813581794,0.04654650242072159,0.028726465116449655,0.03602414618493232
2011-07-25,-0.02276950373320167,False,0.04207548308154874,0.048204388126216434,0.02974963964963985,0.037307248328092874
2011-07-26,0.006321764524175685,False,0.04244896493404105,0.04863227303346145,0.0300137114965582,0.0376384050777364
2011-07-27,0.006941029354234763,False,0.04208938847379092,0.04822031904074427,0.02975947151318828,0.037319577881635334
2011-07-28,-0.020633011495420194,False,0.04171337327271643,0.04778953176591199,0.029493608451959197,0.036986174876982116
2011-07-29,0.0,False,0.04189114087647016,0.04799319380232887,0.029619299751636102,0.037143796837615976
2011-08-01,-0.006409197179901856,False,0.04148474294053457,0.04752759810614724,0.02933195445544524,0.036783454243650086
2011-08-02,-0.007472860862747529,False,0.041114371013613954,0.04710327613028939,0.029070081493918556,0.036455054984998646
2011-08-03,-0.0058129758489022625,False,0.04075145022722072,0.046687490661766924,0.028813476891289592,0.03613326246094949
2011-08-04,-0.003779423842537156,False,0.040375254708954575,0.04625649680392582,0.028547486336064444,0.03579969957368165
2011-08-05,0.010614720448394547,False,0.04008015960732002,0.04591841681597257,0.028338838156815094,0.035538046339285104
2011-08-08,-0.009238731239204578,False,0.03984654745266389,0.04565077565895436,0.02817366174267088,0.03533090845213773
2011-08-09,-0.0010318143649734597,False,0.0395406673390611,0.04530033966544188,0.027957387977304075,0.03505969242510633
2011-08-10,-0.020511756852190675,False,0.039072103096355504,0.04476352223725762,0.027626087743717196,0.03464422856634559
2011-08-11,0.00315623618143741,False,0.03930928997573517,0.045035258829560165,0.02779379168136401,0.03485453606993461
2011-08-12,0.008020967152700838,False,0.038860803563871914,0.0445214438598095,0.02747668755887937,0.034456874707218255
2011-08-15,0.007957142831957361,False,0.03866381084312803,0.04429575628896515,0.027337403062861247,0.034282206329974085
2011-08-16,0.02012689465745807,False,0.038274649818536975,0.04384990831054444,0.02706224519420814,0.03393714726182519
2011-08-17,0.018735911057469846,False,0.03853274337559251,0.04414559694169022,0.027244731282446616,0.03416599217862126
2011-08-18,-0.010663213332358614,False,0.03864715735949736,0.044276676983635944,0.02732562815023663,0.034267440114500496
2011-08-19,0.004345652835840446,False,0.03842271070878217,0.04401953641929032,0.02716693224254131,0.034068429043886975
2011-08-22,0.01489847123442806,False,0.03799120618745989,0.0435251769990141,0.02686183523410892,0.03368582508660229
2011-08-23,0.03042305829370706,False,0.03792240861331184,0.04344635805925416,0.02681319163242508,0.03362482404763294
2011-08-24,-0.018337332223057994,False,0.03907312269182901,0.044764690351616315,0.0276268086528002,0.034645132615419745
2011-08-25,-0.023654190897889716,False,0.0392250730411426,0.044938774475618656,0.02773424575882118,0.03477986308076926
2011-08-26,0.016812659081172993,False,0.03991555141328286,0.045729831048371423,0.028222451270739603,0.03539209248868092
2011-08-29,0.01974493665262466,False,0.03988822566587061,0.045698524909080135,0.02820313049105667,0.0353678634514888
2011-08-30,-0.010633256301368703,False,0.040061220078992536,0.04589671847034321,0.028325446887087196,0.03552125314679434
2011-08-31,0.0035569964746546886,False,0.03996073759717002,0.045781599256042804,0.028254400343913164,0.03543215791538107
2011-09-01,-0.012341826030387536,False,0.03956578807195924,0.04532911959783838,0.02797514969260051,0.03508196633265953
2011-09-08,-0.012638938527373944,False,0.039386252636831195,0.04512343221973869,0.02784820844063559,0.034922776881428925
2011-09-09,-0.014194456775690692,False,0.039210886468659854,0.04492252142286549,0.02772421508565202,0.0347672842119417
2011-09-12,-0.005945112806838958,False,0.03910585487205839,0.04480219044916568,0.027649952072565195,0.03467415539749383
2011-09-13,-0.0010528163808055636,False,0.03871585431477196,0.04435538064792253,0.027374200608941045,0.034328351937303485
2011-09-14,-0.019500706586689637,False,0.038352065056228284,0.04393860020167074,0.02711698194958286,0.03400578936134263
2011-09-15,-0.003227544490866488,False,0.038592077011041545,0.044213573382663726,0.027286683368184784,0.034218601786634925
2011-09-16,0.002869442427952739,False,0.03817610461384728,0.04373700856592041,0.026992568410627634,0.03384976976420322
2011-09-19,-0.027597975203676288,False,0.037719765672228595,0.043214197231437115,0.026669912125376158,0.03344514576538304
2011-09-20,0.005141399500418652,False,0.038930723614010905,0.04460154878048675,0.027526124811730113,0.03451887101676965
2011-09-21,-0.0010995053334168876,False,0.038546861346263055,0.04416177139978114,0.027254713450428358,0.03417851021998692
2011-09-22,-0.0173853093406862,False,0.03807109260179579,0.043616700029544625,0.02691831924487568,0.033756658314871915
2011-09-23,-0.01731319120167605,False,0.03815561467728406,0.04371353397258393,0.02697808091851689,0.03383160186461882
2011-09-26,0.016566643947891375,False,0.03823645245272331,0.04380614694377623,0.027035237592980616,0.03390327864030212
2011-09-27,0.015929212532128506,False,0.038312138234993326,0.04389285745918752,0.027088751529939347,0.03397038727619302
2011-09-28,-0.021170707122966596,False,0.03833013311260187,0.043913473552004444,0.027101474880574582,0.03398634287119533
2011-09-29,0.011198325310029535,False,0.03873066720896319,0.04437235125523517,0.02738467412539487,0.034341486149475894
2011-09-30,-0.032443433923765745,False,0.038533997716507076,0.04414703399557196,0.02724561816923848,0.03416710437043846
2011-10-03,-0.012734109948707063,False,0.040308858216697066,0.04618042869849737,0.028500540428994695,0.035740827512249475
2011-10-04,0.006580244374328869,False,0.04015899426345017,0.0460087348844432,0.028394578517709577,0.035607947000613385
2011-10-05,0.011507606851479944,False,0.03984214680839656,0.04564573399695237,0.02817055024943085,0.03532700651408591
2011-10-06,0.01438873745209967,False,0.039575409932319235,0.04534014302186872,0.027981952867692148,0.03509049778868899
2011-10-07,-0.0030120504699916095,False,0.039518539117632756,0.045274988147261865,0.027941742129286008,0.0350400719004819
2011-10-10,0.0015071592905713386,False,0.039048829993395,0.04473685906892667,0.027609632402604126,0.034623592904722174
2011-10-11,-0.01977250726786463,False,0.03858373743117763,0.04420401902190236,0.02728078683467856,0.03421120729573075
2011-10-12,0.011075156167849595,False,0.03882567498159904,0.04448119828946339,0.027451849753404974,0.03442572709710697
2011-10-13,-0.0011400343244991986,False,0.038561052504437345,0.04417802970619839,0.02726474736592917,0.034191093154829176
2011-10-14,0.015469087938150732,False,0.03810252701030097,0.04365271331607457,0.02694054506992007,0.033784530396147296
2011-10-17,-0.01851554878631567,False,0.03819076602593509,0.043753805625561755,0.027002934821050584,0.03386276966109188
2011-10-18,-0.019642457057755663,False,0.0383518653141813,0.04393837136429436,0.027116840721164655,0.03400561225520854
2011-10-19,0.012369697728675817,False,0.039242214269906685,0.04495841257324198,0.027746365533605346,0.034795061767303896
2011-10-20,-0.01587642253788578,False,0.039157376469296894,0.044861216915132895,0.027686380625246303,0.03471983827221475
2011-10-21,0.0015600627189021842,False,0.039167039246292654,0.044872287215901106,0.02769321273060993,0.03472840600797243
2011-10-24,0.02349424450995812,False,0.03883610979374732,0.04449315308351399,0.027459227729330318,0.03443497937657143
2011-10-25,0.003420105936858022,False,0.039367962011701854,0.04510247729948033,0.02783527598052551,0.03490655905470894
2011-10-26,0.021393197189200994,False,0.038955073883353605,0.04462944602012387,0.027543341767668872,0.03454046177411076
2011-10-27,0.023124539321950188,False,0.039282710509409846,0.04500480767803208,0.02777499856272707,0.0348309687409819
2011-10-28,-0.0029069787913092726,False,0.039724047084253526,0.04551043133318601,0.02808704736417181,0.0352222905271644
2011-10-31,-0.019104181310042274,False,0.03938254325934689,0.045119182517563826,0.027845585710356564,0.03491948787184866
2011-11-01,-0.03625774802262425,False,0.03966016031507025,0.04543723852843859,0.02804187596690232,0.03516564377261185
2011-11-02,0.024692612590371414,False,0.04155359420790166,0.047606478560323184,0.029380636021135692,0.03684450289101533
2011-11-03,0.020427822690098005,False,0.04206569804235949,0.04819317775399101,0.029742721098300264,0.03729857218559379
2011-11-04,-0.008491836150313008,False,0.042150075574005276,0.048289846098278404,0.029802380571635916,0.037373387572034386
2011-11-07,0.01142869582362285,False,0.041772013141890336,0.04785671338347895,0.029535070007460407,0.03703816934028888
2011-11-08,-0.024115433149420464,False,0.041622468811897434,0.04768538575044664,0.029429334087083377,0.036905572230368826
2011-11-09,-0.03554740792466678,False,0.042038531840850574,0.048162054400780474,0.02972351312619039,0.03727448461364934
2011-11-10,-0.02601644566927636,False,0.0435697036634185,0.04991626363184117,0.030806134325685398,0.03863213527464843
2011-11-11,-0.006008429852397177,False,0.0440493720532945,0.050465802687462834,0.031145285791218818,0.03905744489501706
2011-11-14,-0.018244982076106104,False,0.043540527357438796,0.049882837373257057,0.030785505101119597,0.03860626539478581
2011-11-15,-0.08137337985924152,False,0.0435843704179203,0.04993306681209667,0.03081650451348366,0.03864513990851812
2011-11-16,0.016725742021250996,False,0.05467739788479169,0.06264195479970347,0.03865987422889166,0.04848104196137917
2011-11-17,0.03558789271611785,False,0.054464632403496936,0.06239819693671434,0.03850943753904705,0.04829238828315698
2011-11-18,-0.028194947541623175,False,0.0557548389550818,0.06387634080627,0.03942168327390556,0.04943638123794298
2011-11-21,-0.019248188304916578,False,0.056144343794763,0.0643225826814409,0.03969708423840186,0.0497817451580866
2011-11-22,-0.006202944124607781,False,0.05600149523557526,0.06415892615545378,0.039596082589720395,0.04965508501587033
2011-11-28,-0.007625064977443142,False,0.05490846951260099,0.0629066853652513,0.03882325435330423,0.04868592722873427
2011-11-29,-0.02000976265988003,False,0.05378684984543742,0.06162168550770574,0.03803020865356994,0.04769141592695211
2011-11-30,-0.006914063035393831,False,0.05347518192526208,0.06126461862955477,0.037809842596272424,0.04741506800074184
2011-12-01,-0.039146710341140686,False,0.05255280076683681,0.06020787926247811,0.0371576692859961,0.04659721635863875
2011-12-02,-0.02385121582217991,False,0.05417206644719882,0.062063014500838835,0.03830257760218662,0.04803297757686027
2011-12-05,0.002460025840862399,False,0.054039309672788964,0.06191091977461469,0.03820871139054772,0.047915265560564566
2011-12-06,-0.017348638334612976,False,0.053058689034051275,0.06078745750128386,0.03751535962132611,0.04704577446965697
2011-12-07,-0.01308523954865548,False,0.052590981311986536,0.06025162135840842,0.03718466499410549,0.04663107006571186
2011-12-08,-0.0030441423812281325,False,0.05193185813544031,0.059496487320763784,0.03671862929942383,0.04604664250302525
2011-12-09,-0.016393809775676383,False,0.05111821302779507,0.05856432298910509,0.036143338251470224,0.04532520431958178
2011-12-12,0.04296844956709858,False,0.05074343192248772,0.058134949574007444,0.035878347762620035,0.044992895555894405
2011-12-13,0.038820983441379395,False,0.0529034755527833,0.06060963492277746,0.037405615304723985,0.04690815066915754
2011-12-14,-0.03783186367725496,False,0.054504493906625054,0.06244386484656004,0.03853762177526024,0.048327732452421765
2011-12-15,0.06135129209998463,False,0.05596564656130973,0.06411785560126058,0.039570735640304514,0.049623298918715725
2011-12-16,-0.02351942842272962,False,0.06138728696907253,0.0703292366563526,0.04340412831052678,0.054430527980019815
2011-12-19,-0.01486481458558568,False,0.06101664783014226,0.06990460854517598,0.043142066415673246,0.05410189179135426
2011-12-20,0.05406722127027579,False,0.060118225592984784,0.06887531806413207,0.0425068333571043,0.05330528390832289
2011-12-21,0.026644159112896304,False,0.06390870942187034,0.07321794090032412,0.04518691020348478,0.056666208397621674
2011-12-22,-0.010302442748159496,False,0.06369188653879657,0.0729695346160736,0.04503360471138291,0.05647395712563109
2011-12-28,-0.03817432939582384,False,0.062480686438719416,0.07158190563485735,0.044177220806031994,0.055400017158714704
2011-12-29,-0.02372027721037852,False,0.06364469577350795,0.07291546983061323,0.045000238290861826,0.056432114288176245
2012-01-04,-0.0190936588155797,False,0.06326028517557018,0.0724750642474638,0.044728439230492474,0.05609126730112159
2012-01-05,-0.0229110679537249,False,0.06243162539723278,0.0715256981403144,0.04414253199919799,0.05535651599547364
2012-01-06,0.0,False,0.06201544016341616,0.07104888948420429,0.04384826655465042,0.05498749525628477
2012-01-09,0.06767708182343148,False,0.060749080327049156,0.06959806595019104,0.042952881735760104,0.05386464657035288
2012-01-10,0.07242782548692477,False,0.06701202138715671,0.07677329531328383,0.047381119418118164,0.05941783527506213
2012-01-11,0.007260335116774635,False,0.0743410833854503,0.08516994160923036,0.05256316220052697,0.06591632598644347
2012-01-12,-0.010265274059594903,False,0.07256969282656456,0.08314052229494354,0.05131069337673503,0.06434567955231209
2012-01-18,-0.002205072558313981,False,0.07089222796742436,0.08121871032236651,0.050124635096961204,0.06285831461961958
2012-01-19,0.02399242674322115,False,0.06925495215549911,0.07934294151527416,0.04896699264476538,0.06140658428110658
2012-01-20,-0.026644948192352354,False,0.06857833791274966,0.0785677685836644,0.04848858982133025,0.06080664784002867
2012-01-23,0.004416968311838528,False,0.06806312400556819,0.07797750629002265,0.04812430575472964,0.06034982092398227
2012-01-24,0.061531580845190004,False,0.06653545788739974,0.07622731342010987,0.04704416327763933,0.05899527868087926
2012-01-25,0.00372285848800588,False,0.07124714715794087,0.08162532864639004,0.05037558213902233,0.06317301233447034
2012-01-26,0.012310372943064474,False,0.06960191131762382,0.07974044031719144,0.0492123115167162,0.06171422404357837
2012-01-27,-0.018938400521477862,False,0.0681059006528432,0.07802651397708797,0.048154551155344165,0.06038774987656111
2012-01-30,-0.05379017458613769,False,0.06719784743458145,0.07698618962270057,0.04751250847282463,0.05958260245037099
2012-01-31,0.004812960505009027,False,0.07031576761340785,0.08055828014761295,0.04971704648363366,0.06234718205491649
2012-02-01,-0.02923148785315498,False,0.06879401048008893,0.07881485699199117,0.04864108197806249,0.06099787915665286
2012-02-02,0.0,False,0.0686441792849239,0.07864320070770915,0.04853514322851099,0.06086502769076516
2012-02-03,0.03315220731690055,False,0.06712777592961068,0.0769059111855962,0.04746296413322554,0.0595204718497169
2012-02-06,-0.016217756283703633,False,0.06740811030842056,0.07722708033712042,0.04766117568399574,0.05976903713094948
2012-02-07,0.004409178219005926,False,0.06635329302551381,0.07601861360106586,0.04691536287890286,0.05883375778459246
2012-02-08,-0.004409178219005883,False,0.06494937698406808,0.07441019680339518,0.04592271839160344,0.057588941550670784
2012-02-09,-0.012002811358547591,False,0.06351961116573361,0.07277216483349451,0.04491179671551993,0.05632120498464633
2012-02-10,-0.03643390224610202,False,0.06246112073904187,0.07155948990692883,0.04416338679933095,0.05538266875619801
2012-02-13,0.0197480585258734,False,0.0633988610531457,0.07263382571372277,0.0448264198624442,0.05621413896648009
2012-02-14,0.03177711992068708,False,0.06270042876537443,0.07183365662203689,0.04433259050246757,0.05559485702621718
2012-02-15,0.05235000459507406,False,0.06304396060432498,0.07222722886139513,0.044575486071774494,0.055899457869408795
2012-02-16,0.02518192918796685,False,0.06615515061803823,0.07579160887492395,0.04677526549225407,0.0586580700097025
2012-02-17,-0.026436896932679817,False,0.06572182899119244,0.07529516766132045,0.046468883692048164,0.058273854871700725
2012-02-21,0.027659141941223497,False,0.06545320309181742,0.07498741249926727,0.04627895066878427,0.05803567119794663
2012-02-22,0.0004070832541460892,False,0.06526849007191074,0.07477579334598768,0.04614834858466393,0.057871890915502
2012-02-23,-0.03562928645577366,False,0.06385900151567593,0.07316099231583627,0.04515176402835577,0.0566221336760868
2012-02-24,-0.0004218519362285663,False,0.06463126666682681,0.07404574909950236,0.04569779721153242,0.0573068813167325
2012-02-27,0.017980831495854884,False,0.06327299177286798,0.07248962174515716,0.04473742348125081,0.05610253391402952
2012-02-28,0.00041433603244518235,False,0.06243778353403849,0.07153275329916169,0.04414688613461048,0.05536197625694239
2012-02-29,-0.012924924558734736,False,0.061062470294066896,0.06995710571631104,0.04317446537320808,0.054142521391193396
2012-03-01,0.0037696379717803226,False,0.05992269307859778,0.0686513033999026,0.04236858130586755,0.053131910258487104
2012-03-02,-0.014316033973206166,False,0.058674952055706456,0.06722181077989196,0.04148636099397841,0.05202557039543824
2012-03-05,-0.018836173343694296,False,0.05784307891865713,0.06626876324167644,0.04089818174447419,0.051287969887293894
2012-03-06,0.000863930939263878,False,0.05730205231595539,0.06564892825861289,0.0405156467076203,0.05080825551824012
2012-03-07,-0.0025940351770466466,False,0.056008235492235624,0.0641666482283649,0.03960084831531892,0.04966106142803739
2012-03-08,0.05434059470008102,False,0.05461339850619988,0.0625686329823521,0.03861462321068666,0.048424295358961304
2012-03-09,0.00040992007132726314,False,0.05939880661995157,0.06805110527175025,0.041998165276850276,0.05266739361418479
2012-03-12,-0.010298752200574473,False,0.058163319115673386,0.06663565107325922,0.04112460886461203,0.051571918630831014
2012-03-13,-0.009569451016150672,False,0.0571615672364131,0.06548797948739916,0.040416316166734204,0.050683691012617736
2012-03-14,-0.02197890671877523,False,0.056123641323849054,0.06429886459503954,0.03968244647302307,0.049763388809761507
2012-03-15,-0.03744451375202548,False,0.05587005695789521,0.06400834198415263,0.039503148626500714,0.04953854207670258
2012-03-16,0.0008869180182279546,False,0.05748487661877024,0.06585838357573215,0.04064491336671954,0.05097036112383244
2012-03-19,0.014521707334617195,False,0.05622204709536952,0.0644116045960287,0.03975202466982011,0.04985064267557967
2012-03-20,0.035618440165049295,False,0.055452592740960496,0.06353006804246253,0.039207978871792115,0.04916838729608865
2012-03-21,-0.005495680709941001,False,0.0567102437595438,0.06497091419293029,0.040097206086019,0.05028351409735268
2012-03-22,-0.031871776079369925,False,0.05561625973757831,0.06371757551357406,0.039323700280444324,0.04931350661115627
2012-03-23,0.009581954845448536,False,0.05644337023688903,0.06466516666671109,0.039908512087767765,0.050046884210951194
2012-03-26,0.010349380862003512,False,0.05541307902661774,0.06348479858188864,0.03918004054103932,0.04913335150219191
2012-03-27,0.010667905735720221,False,0.05448249610117427,0.06241866274133835,0.03852206813838398,0.04830822756428929
2012-03-28,-0.02623242227683179,False,0.05354576192423281,0.061345479630193524,0.03785974646860068,0.047477649469943144
2012-03-29,-0.03187520853044895,False,0.053854154873438934,0.06169879449030121,0.03807779694449397,0.047751093563653646
2012-03-30,-0.0018009910316026765,False,0.054806832777373235,0.06279024376377747,0.038751391690614624,0.04859580855052328
2012-04-02,-0.014525902255826085,False,0.05361696352320923,0.06142705277590439,0.03791008984571464,0.047540782095876914
2012-04-03,-0.020324025203190817,False,0.05290579624965449,0.06061229366284434,0.03740725616278663,0.04691020837136621
2012-04-04,-0.028397554212605012,False,0.05286692000840449,0.06056775453257526,0.03737976855994964,0.046875737808459876
2012-04-10,-0.021093783059799594,False,0.05341278996434999,0.06119313837360778,0.03776572810920708,0.04735974665422485
2012-04-11,0.018719049101246353,False,0.05321128415371228,0.06096228031579673,0.03762325261481616,0.04718107663628485
2012-04-12,0.026743324975510893,False,0.05282965817003929,0.060525064966412204,0.03735342242716967,0.04684269869505606
2012-04-13,0.03993271033537101,False,0.0531429985916574,0.060884047970125726,0.037574971033343445,0.04712052958526544
2012-04-16,0.022868190903659345,False,0.05517848952662004,0.06321603771498886,0.03901417309093793,0.04892534702807536
2012-04-17,0.008226935338290525,False,0.054994871939902316,0.06300567356064783,0.03888434553726251,0.04876253803805601
2012-04-18,-0.01564569072573611,False,0.05389210977200619,0.06174227807094795,0.038104633108279086,0.04778474719570753
2012-04-19,-0.011010901820188237,False,0.0534670723125336,0.06125532773398122,0.037804108661954834,0.04740787741578005
2012-04-20,0.017994780053574255,False,0.05255530125003047,0.0602107439773558,0.037159437262701614,0.046599433472754
2012-04-23,-0.02376872458682683,False,0.05215500068350768,0.05975213382097543,0.03687640313609352,0.04624449725937298
2012-04-24,0.03501451784510205,False,0.05231255699939906,0.05993264050198595,0.03698780396334508,0.046384198391056404
2012-04-25,-0.009941728739628728,False,0.05364427612892686,0.06145834385922242,0.0379294013335095,0.04756499948066654
2012-04-26,0.010801574020463847,False,0.05277940881629718,0.06046749606467954,0.03731789341937296,0.046798143885911046
2012-04-27,0.015775215223697105,False,0.051945987835067195,0.05951267521630383,0.036728619760411356,0.04605917094415474
2012-04-30,-0.04366373289245147,False,0.05140182751607353,0.05888925004566902,0.03634386901684131,0.04557667798948931
2012-05-01,0.04154643377413756,False,0.054384011419873805,0.06230583233621399,0.03845243414810941,0.0482209037311994
2012-05-02,0.005495680709941121,False,0.05657686712167157,0.06481810931113008,0.04000290159742432,0.05016525246407276
2012-05-03,-0.01700721264723311,False,0.05546739239574607,0.06354702348185784,0.039218443027270886,0.049181509769220685
2012-05-04,-0.008613317678114947,False,0.054928204358007056,0.06292929487743969,0.038837207955173376,0.04870342560841666
2012-05-07,0.028146847458458992,False,0.05397239889030838,0.0618342624651247,0.03816140185250594,0.047855937491223285
2012-05-08,-0.009294532479249766,False,0.05441876279197026,0.06234564575024442,0.03847700524561045,0.04825171687875215
2012-05-09,0.003389833754511524,False,0.053485225369360685,0.061276125047116624,0.037816943853843155,0.047423973264225795
2012-05-10,0.010938266399567438,False,0.0524147553723588,0.06004972555188237,0.03706006373425345,0.046474815058994506
2012-05-11,-0.007559884807940288,False,0.05156967099577342,0.059081542365265846,0.03646254342466535,0.04572550048465304
2012-05-14,-0.021735353843179043,False,0.05062490194501026,0.05799915398426124,0.0357945406650093,0.04488779807441085
2012-05-15,-0.01870026226730957,False,0.05058486312736146,0.057953282931460334,0.035766231057850636,0.044852296684922535
2012-05-16,0.006126933827502738,False,0.05029619808006943,0.057622569628628655,0.03556212927440255,0.04459634481427874
2012-05-17,-0.03011742246415724,False,0.049349460579481925,0.05653792606450099,0.03489273471437597,0.043756897030221675
2012-05-18,0.021793168482070132,False,0.0504949346928687,0.05785025511472748,0.03570264679631689,0.04477255945574146
2012-05-21,-0.015517934980672624,False,0.05050410748740215,0.05786076405997323,0.03570913245760856,0.04478069273665611
2012-05-22,-0.02671655392725072,False,0.05004555866773588,0.0573354209466174,0.03538491366918967,0.044374109295827
2012-05-23,-0.025564952582790373,False,0.05064452765196483,0.058021638460398,0.03580841710009707,0.04490519968383622
2012-05-24,-0.008985636245347699,False,0.05108705896297333,0.05852863088238665,0.03612131064455548,0.04529758081183782
2012-05-30,-0.019139340210697395,False,0.050242742576363325,0.057561327554636596,0.03552433334537032,0.04454894719444863
2012-05-31,0.0062605550015571755,False,0.05005964363191114,0.05735155759033774,0.03539487249979609,0.04438659807118248
2012-06-01,-0.009647928189720134,False,0.04914897815304252,0.0563082404616562,0.03475098280790117,0.043579134420720624
2012-06-04,0.014914878359230447,False,0.04837976330338898,0.055426978300190756,0.034207106352674446,0.04289709140393431
2012-06-05,0.03242003452257665,False,0.04794355135685496,0.054927225749869135,0.03389868094030061,0.04251031349382727
2012-06-06,0.01832392084928442,False,0.04941775209974926,0.056616165236284606,0.03494102050862678,0.043817449364234776
2012-06-07,0.010386185033147123,False,0.04916805471037175,0.05633009579655107,0.03476447096453624,0.04359604911330175
2012-06-08,-0.0117488924890829,False,0.04841585152408822,0.05546832329423395,0.03423262267436036,0.04292908990074862
2012-06-11,-0.0013645669617969943,False,0.047768759848174004,0.05472697331998513,0.03377509390062249,0.0423553303601253
2012-06-12,0.023392879574705375,False,0.046864042932256655,0.05369047124882155,0.03313541016410283,0.041553141147387396
2012-06-13,0.0035508248582200932,False,0.04723187710234382,0.05411188580671505,0.03339548879444698,0.04187929024234615
2012-06-14,-0.014279582217195158,False,0.046289784536341576,0.05303256377933921,0.032729378454112903,0.04104396100228073
2012-06-15,-0.002700271667746648,False,0.04583673966819075,0.05251352634795413,0.03240905125676419,0.040642257773654385
2012-06-18,-0.020487855251439167,False,0.04486590366164736,0.051401273980569054,0.03172261775111474,0.03978144246437392
2012-06-19,0.02543279677300972,False,0.045218441292610545,0.05180516383631021,0.03197188090190889,0.04009402851164164
2012-06-20,-0.028657862917805383,False,0.045931772917473454,0.05262240256987274,0.03247624489813998,0.040726521310772756
2012-06-21,-0.017221742832888274,False,0.04718184205844195,0.05405456243216262,0.03336011131528532,0.0418349254562227
2012-06-22,-0.01704586727298861,False,0.04701364332735217,0.05386186311365273,0.033241185725536304,0.041685787968791486
2012-06-25,-0.0033484843532813713,False,0.04677750236777858,0.05359132479456272,0.03307422130969778,0.041476407855385033
2012-06-26,0.029274989565309623,False,0.04587087560040506,0.05255263467434743,0.032433187205019656,0.04067252522649769
2012-06-27,0.0352036351929797,False,0.04706596189714508,0.05392180264279891,0.0332781777808695,0.041732177498571846
2012-06-28,0.0,False,0.049077639901194764,0.05622651075759909,0.034700542809824556,0.043515880628201636
2012-06-29,0.027908788117076658,False,0.04809172992918112,0.055096988682799816,0.03400345119622274,0.04264169962156251
2012-07-02,-0.003062789530545767,False,0.04894877934666249,0.056078879792250604,0.03460943143613081,0.04340162328982923
2012-07-06,-0.03199922372334237,False,0.04799390428126831,0.054984913308845154,0.033934283178157255,0.04255496013642181
2012-07-09,0.029407429615913423,False,0.04959740185490157,0.05682198358678001,0.03506804259102496,0.043976740180089666
2012-07-10,-0.005203827875026998,False,0.05054274075210484,0.05790502482063287,0.035736448262899886,0.04481494785850926
2012-07-11,-0.006105557562485147,False,0.04956587550283934,0.056785864963778916,0.035045751756918514,0.043948786574827786
2012-07-12,-0.04564550748996026,False,0.0486460229002185,0.05573202247337409,0.03439536627220013,0.04313317693810166
2012-07-13,0.011834457647002798,False,0.052431759206653536,0.06006920624153693,0.03707208636372511,0.04648989192138808
2012-07-16,-0.005899722127188271,False,0.0516075129146154,0.059124896509049875,0.036489299705681016,0.04575905394049128
2012-07-17,-0.0009107468753384797,False,0.05065536666797644,0.05803405633647365,0.035816080869990746,0.04491481036046692
2012-07-18,0.004091844763533311,False,0.049613391470145284,0.05684030232165235,0.035079348112834766,0.043990917760544576
2012-07-19,0.011727694181359343,False,0.04863867192361405,0.055723600720291394,0.034390168734607235,0.043126659016272814
2012-07-20,-0.0004485310682956321,False,0.04798733136374921,0.05497738295045098,0.033929635770372044,0.042549132099566005
2012-07-23,0.004029555486001642,False,0.047053412493244025,0.05390742523600296,0.033269304674334976,0.041721050265004535
2012-07-24,-0.013042685451753414,False,0.046163980475058035,0.05288843452986125,0.032640428186271817,0.04093241377783434
2012-07-25,0.009461661034047308,False,0.045711962834764336,0.052370573956985994,0.03232082729451367,0.04053162136572035
2012-07-26,0.037839974238721354,False,0.04505373439575204,0.051616464988388636,0.03185542422760633,0.0399479871437852
2012-07-27,0.006026707866860335,False,0.04780486199560392,0.05476833426938953,0.03380062006925938,0.0423873412054134
2012-07-30,0.004709920931164412,False,0.046943694012013225,0.05378172466487422,0.03319172778060815,0.04162376571054023
2012-07-31,0.01484021299162486,False,0.0460954713363374,0.05280994604033679,0.032591988524017776,0.040871668487137594
2012-08-01,0.01046691573871775,False,0.045767783410049036,0.05243452560957278,0.03236029545692399,0.040581116033670483
2012-08-02,-0.013417392062467764,False,0.04518233313644918,0.051763796002915384,0.03194635048477425,0.04006201233856597
2012-08-03,0.012167131428674201,False,0.044823495181606984,0.05135268808964186,0.031692632664625194,0.0397438399562098
2012-08-06,0.0,False,0.04436807057808906,0.05083092427987984,0.0313706228658077,0.03934002667745942
2012-08-07,0.020227727855212155,False,0.0435922902723201,0.04994214030828568,0.03082210427841126,0.038652162239651976
2012-08-08,0.006517334677866347,False,0.043865142209066066,0.05025473709141472,0.031015025338406367,0.03889409303201515
2012-08-09,0.0,False,0.043228916550419945,0.0495258359276231,0.030565179425909236,0.03832996810934198
2012-08-10,-0.0069260818734202725,False,0.042537575016800354,0.048733790461388475,0.030076363612192975,0.037716973358354056
2012-08-13,-0.02399784173462491,False,0.04187299350736976,0.04797240300542013,0.02960646858127783,0.03712770603233115
2012-08-14,0.017435061822101347,False,0.042755164255892805,0.048983074732539246,0.03023021095940212,0.03790990413850955
2012-08-15,-0.00041160733242167496,False,0.042842705598790956,0.0490833677431263,0.03029210741821682,0.03798752479498892
2012-08-16,-0.0020605818129674153,False,0.04218367544173048,0.04832834027460613,0.02982613749333692,0.0374031797102871
2012-08-17,0.02565809661419951,False,0.0414649149271321,0.04750488185469096,0.02931793497876927,0.03676587325430232
2012-08-20,-0.008885357326614229,False,0.042466801466662915,0.04865270771604522,0.03002632288873333,0.03765422027231293
2012-08-21,0.0032401810446258334,False,0.04203456370355878,0.04815750824667499,0.02972070743874808,0.03727096616840517
2012-08-22,-0.021664448370684087,False,0.04146411242218298,0.047503962453243676,0.02931736756441524,0.036765161693810826
2012-08-23,0.0020639842208514275,False,0.041987648873359665,0.04810375959025646,0.029687536119242547,0.03722936799549491
2012-08-24,0.004936250253622592,False,0.04142831380865001,0.0474629492518556,0.029292056010641786,0.03673341998421981
2012-08-27,0.03269716097908623,False,0.040930415276748885,0.04689252456932213,0.028940014849820537,0.036291946165943584
2012-08-28,0.037416679579874774,False,0.04265546194508488,0.04886884933248974,0.030159716039283833,0.03782150066466264
2012-08-29,0.0019109503235446063,False,0.044698418697377035,0.05120939239937973,0.03160419683306805,0.03963293785561769
2012-08-30,0.008743640574558627,False,0.04408389601405287,0.05050535556439179,0.031169696096618023,0.039088056402787154
2012-09-05,0.04194833795803422,False,0.04362048184947549,0.049974438397993995,0.03084203724649869,0.03867715898580123
2012-09-06,0.01542447032563173,False,0.04598804338006696,0.0526868696423872,0.03251603115518262,0.0407764148822249
2012-09-07,-0.007315321576372882,False,0.0457255849834012,0.0523861803693647,0.03233045888953101,0.04054369977444527
2012-09-10,-0.010332195237205301,False,0.04518995074599588,0.05177252322789986,0.031951736546262044,0.040068766676964754
2012-09-11,-0.008193714370309198,False,0.044765744203769796,0.05128652484334147,0.03165179960332104,0.039692633649981865
2012-09-12,0.0007476635862306695,False,0.04429077623082194,0.05074237088862334,0.03131597158649394,0.03927149176837083
2012-09-13,-0.005997019472374291,False,0.04373344262038388,0.05010385354536975,0.03092190661419096,0.03877731839510484
2012-09-14,-0.006789916693474136,False,0.043220448721825205,0.04951613463684111,0.030559192213621737,0.03832245990358778
2012-09-17,-0.02219762017977812,False,0.042730982393932505,0.04895537043126505,0.030213113076580863,0.03788846270366162
2012-09-18,-0.020329081638425672,False,0.04306460491890543,0.0493375899211821,0.03044900222555893,0.03818427721309665
2012-09-19,0.002366865010266244,False,0.04323104569039495,0.049528275207750466,0.030566684842897495,0.03833185596297919
2012-09-20,-0.007514371921722733,False,0.04266994960029233,0.04888544732503816,0.030169959594205223,0.0378343464957959
2012-09-21,0.0007936508353095939,False,0.04219380546018405,0.048339945877334804,0.02983329996365375,0.03741216173702422
2012-09-24,-0.030201610940802162,False,0.04161452707001764,0.047676287178548375,0.029423718846524966,0.03689853049216958
2012-09-25,0.015013469261048932,False,0.04275544535360896,0.04898339677621928,0.03023040971067363,0.03791015338062236
2012-09-26,-0.005654296162987103,False,0.04260574273247386,0.04881188779464153,0.030124561869907456,0.03777741591801905
2012-09-27,0.00525147641937305,False,0.042086489299817766,0.04821699755998607,0.02975742164056255,0.03731700725866344
2012-09-28,0.013605652055778678,False,0.04155713541167218,0.04761053559184097,0.02938313984351355,0.03684764278529036
2012-10-01,-0.026582314281558474,False,0.04138581802687202,0.0474142633424251,0.0292620091971073,0.036695740067851056
2012-10-02,0.010152371464017908,False,0.04222596251056321,0.0483767870690204,0.029856036735543476,0.037440674566257076
2012-10-03,-0.024127115948085153,False,0.04185588012858,0.047952796814524266,0.02959436849793009,0.03711253203965221
2012-10-04,-0.008730049209689932,False,0.04240561474530442,0.04858260826029283,0.02998306057114496,0.037599967580699646
2012-10-05,-0.0054427599297701525,False,0.041982056459989245,0.048097352560677084,0.02968358198086178,0.03722440934644127
2012-10-08,-0.00041990342838260923,False,0.041616177961984975,0.04767817854690161,0.02942488611633464,0.03689999429560278
2012-10-09,0.015006534216620272,False,0.04106917792680395,0.04705150001418422,0.029038127540005614,0.03641498343765441
2012-10-10,-0.01879362058586695,False,0.041009165976848796,0.046982746452347686,0.028995695849265955,0.036361772385619884
2012-10-11,-0.008892711577546572,False,0.04114172687410144,0.04713461676906256,0.029089423565172527,0.036479310722679834
2012-10-12,0.006359995998262531,False,0.04073631869016393,0.04667015499662867,0.028802778077115253,0.03611984571634624
2012-10-15,-0.005084756718110102,False,0.04029219699358571,0.04616134052631975,0.028488760044139118,0.03572605443437749
2012-10-16,0.026824743354516036,False,0.039805720898590864,0.04560400212448114,0.028144795163303152,0.03529470859702898
2012-10-17,-0.013741627852296353,False,0.0407454817740107,0.04668065281668523,0.02880925687242683,0.03612797038704486
2012-10-18,0.021978906718775167,False,0.040582083278764294,0.046493452958068476,0.02869372530874989,0.035983089145235236
2012-10-19,0.020702992326375236,False,0.040983073580612324,0.04695285331973913,0.028977247115495597,0.03633863692918359
2012-10-22,0.010789315452739185,False,0.0412543380708232,0.04726363142169561,0.029169045765029246,0.03657916017354603
2012-10-23,-0.007179927134808118,False,0.04093731811466025,0.04690043290580413,0.028944895529146905,0.036298066734723
2012-10-24,-0.04043842784582837,False,0.040495961242053694,0.046394785996223445,0.02863283237608723,0.03590672695103639
2012-10-25,0.0012497398002342531,False,0.0430390830817692,0.049308350457891226,0.030430956907896666,0.038161647656735166
2012-10-26,-0.007941525541186713,False,0.04251066111190185,0.04870295615545299,0.030057334027416883,0.03769310949132296
2012-10-31,0.0020959974137504853,False,0.042079598082685465,0.048209102537018336,0.029752549177754797,0.037310896993729845
2012-11-01,0.013311344638239287,False,0.04152503485051959,0.047573759117858015,0.02936044301255881,0.036819180043601345
2012-11-02,0.011095244291939687,False,0.04134889715678092,0.0473719644115161,0.029235904147317787,0.03666300328224342
2012-11-05,-0.0012267431511856974,False,0.041042437961830255,0.0470208649850492,0.029019220940153398,0.036391273798679506
2012-11-06,0.007337986452912791,False,0.04053704061389339,0.046441849175041953,0.028661877711274375,0.035943150973154335
2012-11-07,-0.02592204390470424,False,0.040132575702359376,0.04597846807633339,0.02837589916776629,0.03558452234219236
2012-11-08,-0.026183928300836566,False,0.04088948004134079,0.046845626522499344,0.028911071426877454,0.03625564994589119
2012-11-09,0.008945746558458267,False,0.041697630291618014,0.04777149559102931,0.02948247731381442,0.03697221598067842
2012-11-12,0.009706765389546493,False,0.04128775073779504,0.04730191112876208,0.02919267032568417,0.036608786325707035
2012-11-13,0.005862663358152919,False,0.04091287219388787,0.046872426081717745,0.028927610942479833,0.036276391165720116
2012-11-14,0.0300248751802628,False,0.040433410456388395,0.04632312378039183,0.02858860559134093,0.03585126477869698
2012-11-15,0.01368230600157806,False,0.0416288591038471,0.047692706881205485,0.029433852368724735,0.03691123833783082
2012-11-16,-0.018149318505677334,False,0.041429610412872006,0.04746443472530916,0.029292972779875255,0.03673456964982435
2012-11-19,0.009720611170621856,False,0.04149083075173221,0.047534572695440515,0.02933625886685351,0.03678885214921149
2012-11-20,0.010026151764212624,False,0.04120536666260861,0.04720752661681224,0.02913442033376097,0.0365357384858212
2012-11-26,-0.009411834182346595,False,0.040842835411253685,0.04679218742476243,0.028878091153448564,0.036214291352468536
2012-11-27,-0.014285957247476541,False,0.04046415007721403,0.04635834107332842,0.028610340163960253,0.03587852080961244
2012-11-28,0.00239521072595485,False,0.040333992615230616,0.0462092242871275,0.028518311806633653,0.03576311353677
2012-11-29,0.0071514011576250865,False,0.03980734004608338,0.04560585712431588,0.028145939988054147,0.03529614425345308
2012-11-30,0.004739345363896568,False,0.03948425187401141,0.04523570646875806,0.027917499195691222,0.03500967028370692
2012-12-03,0.009411834182346597,False,0.039010803979682304,0.044693294014180956,0.027582745956569215,0.03458987621669847
2012-12-04,-0.028103967194499164,False,0.0388617348725048,0.04452251082706732,0.027477346044396393,0.03445770047462227
2012-12-05,-0.012522886335771945,False,0.040185362102767436,0.0460389435824167,0.02841322200461876,0.0356313266853428
2012-12-06,0.005270638595007794,False,0.04004179012435144,0.0458744582606867,0.028311708859460483,0.035504025105909005
2012-12-07,-0.0008090615328061228,False,0.03945340668577148,0.04520036823098045,0.02789568998120675,0.03498232064888125
2012-12-10,-0.01714327698643754,False,0.03883386791728935,0.04449058464519799,0.027457642601558065,0.03443299156239527
2012-12-11,0.002056344545300084,False,0.0389205669744196,0.044589912678865085,0.027518943518830705,0.0345098653857546
2012-12-12,0.02274671591128089,False,0.03832337407533426,0.04390572996281794,0.027096695876072125,0.033980349806747016
2012-12-13,-0.015378692402651271,False,0.03896818373670927,0.04464446551397518,0.027552611142245866,0.034552085943790216
2012-12-14,-0.006957261539411843,False,0.038922848133471306,0.04459252612185499,0.02752055642151896,0.034511888030795974
2012-12-17,-0.004115232145106544,False,0.038645085603269895,0.044274303446032164,0.02732416330665802,0.03426560314155586
2012-12-18,-0.011613568937199217,False,0.03806235496258781,0.043606689626315934,0.02691214126190821,0.033748910874988665
2012-12-19,-0.016404153337068073,False,0.037864566314330265,0.043380090189558726,0.02677229400213826,0.033573536769295795
2012-12-20,-0.01280427224598774,False,0.037913035412946904,0.04343561951615769,0.02680656427338371,0.03361651307202356
2012-12-21,-0.006896579059060329,False,0.037700356953286246,0.04319196135076721,0.02665618911253571,0.033427936553645426
2012-12-27,-0.0035413936967586632,False,0.037219557982723014,0.04264112702896524,0.026316238265377254,0.033001624476469066
2012-12-28,-0.002664299977463062,False,0.03673907293357174,0.042090652355786996,0.025976509377616523,0.0325755907453321
2012-12-31,-0.005797117684325958,False,0.03617437531002718,0.04144369832399286,0.025577237650209413,0.0320748878911063
2013-01-02,0.010233682193013474,False,0.035695480372787046,0.040895045385613955,0.025238633057475014,0.03165026407129046
2013-01-03,-0.001328903850053752,False,0.03546596633206592,0.04063209929232979,0.025076354231281798,0.031446759876332754
2013-01-04,-0.01608613775162438,False,0.034925646817822585,0.04001307439542549,0.024694319144168166,0.030967672464423033
2013-01-07,0.02095017564120376,False,0.03508255333266364,0.040192836622427626,0.024805260526971906,0.031106797434233252
2013-01-08,-0.02320496802829303,False,0.0357948650299005,0.04100890686109607,0.0253089033792702,0.0317383858897791
2013-01-09,0.003605231484960557,False,0.03658610104167124,0.041915397886687224,0.025868349985798178,0.032439954504453083
2013-01-10,0.020481570815645122,False,0.0361082452817019,0.04136793549683741,0.025530480147535364,0.03201625209638725
2013-01-11,-0.005745872161892243,False,0.03669744078405486,0.04204295587919633,0.025947073198748026,0.03253867658946969
2013-01-14,0.004864037889579409,False,0.036231864846155225,0.04150956204580305,0.02561788585810092,0.032125862383697135
2013-01-15,0.0013224599679194165,False,0.03577886722839439,0.04099057874751334,0.02529759206933061,0.03172420105077593
2013-01-16,-0.006186497857498847,False,0.03528025431856201,0.04041933562753019,0.02494504580471799,0.031282093811967615
2013-01-17,0.019315789299291487,False,0.034873391675994424,0.03995320753344809,0.024657371935832718,0.03092133917458713
2013-01-23,0.0009033424281864037,False,0.035391495289025215,0.04054678046055451,0.02502369918058399,0.03138072831846361
2013-01-24,-0.009070356969964265,False,0.03491101533173641,0.039996311620942436,0.024683973893045115,0.030954699102150096
2013-01-25,-0.010073345252842099,False,0.03463267058438895,0.03967742191959247,0.02448716911920787,0.03070789797594589
2013-01-28,-0.0055376237495436895,False,0.034373171927838675,0.03938012351580856,0.02430368954971668,0.030477807193578305
2013-01-29,0.015610969002385853,False,0.0339672140906694,0.038915032025168765,0.024016655427129757,0.030117854823865614
2013-01-30,-0.007315990564651797,False,0.03419346873172565,0.03917424393990055,0.024176629681672154,0.030318468992998483
2013-01-31,0.011861452936326542,False,0.033852470670788115,0.03878357456011324,0.023935525630306764,0.03001611478558183
2013-02-01,0.0,False,0.03379747507389606,0.03872056805600063,0.023896640772189164,0.02996735160474735
2013-02-04,-0.005913139813040162,False,0.033317218370302513,0.03817035499022617,0.023557073337074023,0.029541520341741533
2013-02-05,0.02433648723048232,False,0.03279781623880706,0.03757529439658629,0.023189827969616297,0.02908097983495079
2013-02-06,-0.010293221334191928,False,0.03408713152321364,0.039052417172957994,0.024101443530429412,0.030224182526060368
2013-02-07,0.006724974907673916,False,0.033866903278971704,0.0388001094872395,0.02394573026400839,0.030028911807935287
2013-02-08,-0.002684565370668987,False,0.03351167734880931,0.0383931397424868,0.023694566340446126,0.029713942114932338
2013-02-11,-0.026329255820046856,False,0.03303933141344305,0.03785198976319587,0.02336059224584374,0.029295125126584984
2013-02-12,0.0022972672634651212,False,0.034493520522959106,0.03951800263126366,0.024388782508251085,0.030584517196536397
2013-02-13,-0.01665933947104286,False,0.0340231775588626,0.038979147385090965,0.024056224622546123,0.03016747619128137
2013-02-14,-0.006554330580097544,False,0.03427140649820484,0.03926353447371978,0.024231735893129314,0.030387574405348495
2013-02-20,-0.0009398496932422736,False,0.03390111262346305,0.03883930191947392,0.023969918118709795,0.030059244353555892
2013-02-21,0.007494180273339816,False,0.03343791277780301,0.038308630290655676,0.02364241080364351,0.029648536967639947
2013-02-22,0.008364361033308954,False,0.033145946026680514,0.03797413434289004,0.02343597453721406,0.029389657561156076
2013-02-25,-0.00789783431619342,False,0.032829269488630165,0.03761132926894569,0.023212067116490355,0.029108868622338017
2013-02-26,-0.008430963288799408,False,0.03237605692271484,0.03709209971218177,0.02289162134776234,0.028707016700418437
2013-02-27,0.007497692105800935,False,0.03206372034703273,0.03673426677914062,0.0226707825148977,0.028430075894573515
2013-02-28,0.0018656721829496967,False,0.031734621892745535,0.03635723035649394,0.022438092128305533,0.02813827276221998
2013-03-01,-0.030276674015729636,False,0.031214816153663408,0.03576170736396203,0.022070561388479296,0.027677374386966175
2013-03-04,-0.013053122244579217,False,0.0336896294751278,0.03859701317985926,0.02382038810754507,0.02987172768697696
2013-03-05,0.010167117355444242,False,0.03360489288471113,0.03849993347467748,0.0237604747602604,0.029796593932362104
2013-03-06,-0.014556297774207487,False,0.03340541461381934,0.03827139829721612,0.02361943284600686,0.02961972168175015
2013-03-07,0.008759180089881554,False,0.03346647192535199,0.038341349492722505,0.023662603663857047,0.02967385962900032
2013-03-08,0.026298431666845656,False,0.03321116277025477,0.038048850852109635,0.023482086298229298,0.029447483569783443
2013-03-11,0.004708106625180459,False,0.03475118857594748,0.03981320377749661,0.024570967742126387,0.030812984829823507
2013-03-12,0.013992765621327785,False,0.03431350541630516,0.03931176571051552,0.024261502102603288,0.03042490243290479
2013-03-13,-0.005107974886052005,False,0.03437166524514041,0.03937839736289834,0.02430262424365108,0.030476471256793772
2013-03-14,-0.008415196925284472,False,0.033944667601168835,0.03888920131209858,0.02400071384098787,0.030097863431702777
2013-03-15,-0.007067167223092443,False,0.03363841575561542,0.038538339438479334,0.023784177241049302,0.029826317799514696
2013-03-18,-0.012848142477849024,False,0.03323367665479955,0.038074644210838816,0.023498004830905982,0.029467446051970856
2013-03-19,0.005254370818103639,False,0.0331669260511578,0.03799817041256132,0.023450808547956854,0.029408260009084874
2013-03-20,0.024936601461042145,False,0.03275683476612013,0.03752834337735365,0.02316085185441913,0.02904464261749285
2013-03-21,0.006484506279260935,False,0.03414255481196419,0.03911591366845835,0.02414063078979685,0.030273324930262097
2013-03-22,-0.0032369970461285365,False,0.03376669235048697,0.03868530138196345,0.023874875723714727,0.029940057355880085
2013-03-25,-0.013523171811336599,False,0.033292197365556137,0.03814168931283479,0.023539382134968655,0.029519334860574693
2013-03-26,0.007483664487173048,False,0.03331065447204308,0.03816283496487778,0.02355243230639265,0.029535700302031224
2013-03-27,0.001862197931064621,False,0.03297178851635588,0.03777460826242857,0.023312835768625365,0.029235236577485113
2013-04-02,-0.005970166986503796,False,0.03249166005821084,0.03722454212291431,0.022973359009970728,0.028809519026418984
2013-04-03,-0.009720048756583404,False,0.03210529743875034,0.03678190017796412,0.02270017976492764,0.02846694123210184
2013-04-04,-0.004194832532025684,False,0.03190564664124925,0.03655316734288774,0.02255901586504065,0.0282899160065842
2013-04-05,-0.004212503303947625,False,0.03146863467580262,0.03605249823928264,0.022250024796074894,0.027902428740290273
2013-04-08,0.024555322243955454,False,0.031053126193409872,0.0355764649132677,0.021956237851345227,0.027534008059177453
2013-04-09,0.015440815402903431,False,0.03261725812869545,0.037368435376042494,0.023062163631188397,0.028920883604123704
2013-04-10,-0.0022558096640117814,False,0.03273470891132942,0.03750299457054641,0.023145207679741726,0.029025024191305128
2013-04-11,0.008992866360563807,False,0.032239411083894776,0.03693554942284704,0.022795005357480285,0.028585856350768258
2013-04-12,0.012013492648823754,False,0.03200937579074411,0.03667200614914841,0.022632357977658932,0.028381889974692088
2013-04-15,-0.00799293775776154,False,0.0319825784142821,0.03664130534570818,0.022613410784782843,0.028358129430427585
2013-04-16,0.02248276316910763,False,0.03169432086666137,0.0363110589007918,0.02240959712561737,0.028102538879258142
2013-04-17,0.0021772270738655403,False,0.032806864056629234,0.03758566016044811,0.023196225265621283,0.02908900230223097
2013-04-18,0.0047732787526575905,False,0.03234246476008178,0.03705361436330473,0.022867869873977743,0.02867723139407269
2013-04-19,0.0038885337396923746,False,0.03190222302193825,0.03654924502371331,0.02255659518122812,0.028286880371424197
2013-04-22,-0.008661812492350146,False,0.0314827413426303,0.036068659746961856,0.022259998971629048,0.027914936758829292
2013-04-23,0.007367313929704382,False,0.031197483775590087,0.0357418502733571,0.022058306460806733,0.02766200621325693
2013-04-24,0.0025873235649509544,False,0.03090753797930487,0.03540966966184496,0.02185329911862851,0.027404918735432035
2013-04-25,0.015808917149838227,False,0.03046189283770878,0.03489910983463097,0.021538203927721235,0.02700977665396122
2013-04-26,0.0021172991183137494,False,0.030767498627267263,0.03524923154481892,0.021754283731168472,0.027280749444920357
2013-04-29,-0.012343208422991178,False,0.030258796205784057,0.03466642922931381,0.02139460363673692,0.026829696095714756
2013-04-30,0.01403382590089872,False,0.030318538092460334,0.034734873389233596,0.021436844378148353,0.0268826676895881
2013-05-01,0.019653570082776815,False,0.030524022670683312,0.03497028977990021,0.02158213307617337,0.027064865578380014
2013-05-02,-0.0004141644291962591,False,0.03134227640849191,0.03590773405562262,0.02216068267463185,0.027790390115618242
2013-05-03,-0.004151106002378575,False,0.030855250000350463,0.03534976517953709,0.02181632869267079,0.02735855632976113
2013-05-06,-0.005840650729541842,False,0.030452635573738736,0.034888504115748696,0.021531658541974464,0.02700156847617037
2013-05-07,-0.0025136167403160123,False,0.030116848523032324,0.03450380480549627,0.021294238956365195,0.02670383473745649
2013-05-08,-0.0020995178822826787,False,0.02967970220008478,0.0340029817732694,0.020985152889387692,0.02631622833982327
2013-05-09,-0.018240166354840028,False,0.029241733859571135,0.03350121698468227,0.020675485611581782,0.0259278930803631
2013-05-10,-0.016400885539416668,False,0.029659542203328133,0.03397988518026303,0.020970898682545053,0.02629835298937664
2013-05-13,0.007370508111633513,False,0.030158077489998672,0.03455103937014374,0.021323390063388698,0.026740391401724448
2013-05-14,0.01159557763732816,False,0.029836897544500644,0.034183074902067706,0.021096298490304716,0.02645560940738645
2013-05-15,-0.0038502721362327044,False,0.029819492408280236,0.03416313445503512,0.02108399211869143,0.0264401767209001
2013-05-16,-0.016857974332113917,False,0.029327780872407373,0.03359979799433628,0.020736325498312128,0.026004188752822763
2013-05-17,0.002612104227924961,False,0.029910553885854455,0.034267460359025975,0.021148377502895964,0.026520918590230518
2013-05-20,0.0004346881181248389,False,0.02939904328576088,0.033681440812921286,0.020786711874476164,0.026067375301300075
2013-05-21,0.018941590845013807,False,0.028855038288233412,0.03305819358857949,0.020402070951573904,0.025585020066182622
2013-05-22,-0.012012156448003545,False,0.0297806946833859,0.03411868527816896,0.021056560031159716,0.026405775776426273
2013-05-23,-0.014782877902580715,False,0.029813074408772105,0.03415578158070961,0.021079454246309352,0.026434486045858886
2013-05-29,0.0022650066308520615,False,0.030111593833528946,0.034497784694168906,0.02129052360700383,0.026699175539466786
2013-05-30,0.0004523863456477932,False,0.029627457646024622,0.03394312704132215,0.02094821316717622,0.026269904437888854
2013-05-31,-0.009086841261979731,False,0.029026062437630604,0.033254129888598195,0.020522994264708338,0.025736662779334497
2013-06-03,0.024792795702922053,False,0.028827272729318985,0.0330263835728547,0.020382439201398296,0.02556040105944701
2013-06-04,0.016339511231406947,False,0.03093302660326535,0.03543887107397879,0.021871320952781187,0.027427518842525096
2013-06-05,0.010890981098194577,False,0.03131059703325634,0.0358714401194011,0.022138283644874846,0.027762300828645548
2013-06-06,0.02355064955891757,False,0.03111236187537706,0.03564432913241245,0.021998120678679834,0.027586530814358915
2013-06-07,0.00042310133908102915,False,0.032475785141401745,0.037206354793969006,0.02296213458615073,0.028795443146115086
2013-06-10,-0.0016934805063330315,False,0.03188981438818579,0.036535028892282086,0.0225478216067937,0.028275877955125896
2013-06-11,-0.0021208915691376244,False,0.031331226072168546,0.03589507407736344,0.022152869489861275,0.027780592066703965
2013-06-12,0.007192753667097946,False,0.03079378835493315,0.035279350753044836,0.021772871988920174,0.027304059870058156
2013-06-13,-0.027352132489625862,False,0.030426746940181704,0.03485884442681246,0.02151335387942667,0.02697861369085952
2013-06-14,-0.027230492329601685,False,0.03248306420769167,0.03721469416195572,0.02296728127926632,0.028801897306918147
2013-06-17,-0.01119331140396108,False,0.0342286786830848,0.03921458273192184,0.024201525019486487,0.030349688750985107
2013-06-18,0.016964692573575888,False,0.034052783780408796,0.03901306618268618,0.02407715782064345,0.03019372726621591
2013-06-19,-0.01023368219301352,False,0.03431963554845044,0.03931878878541697,0.024265836437207915,0.030430337863361637
2013-06-20,-0.029040153221163687,False,0.034033927870302016,0.0389914636354855,0.024063825673515025,0.030177008215850107
2013-06-21,-0.00046051117553424034,False,0.03587506000923189,0.041100783403594035,0.025365605562158874,0.03180949271469146
2013-06-24,-0.0009216590514174637,False,0.03527821890832184,0.04041700373023449,0.024943606659715973,0.03128028906607481
2013-06-25,0.010091828768592107,False,0.034671663583769774,0.039722094815509444,0.024514739276351154,0.030742472065282855
2013-06-26,-0.005033183812331846,False,0.03442866881432408,0.03944370432962249,0.024342928846658746,0.030527014854998
2013-06-27,-0.0009178522902288858,False,0.033924354108087085,0.0388659288637986,0.02398635110395081,0.030079851980013842
2013-06-28,0.007319337342269702,False,0.03338837379295608,0.03825187523336229,0.023607384065033075,0.02960461202431787
2013-07-01,0.003185440691286154,False,0.033035980587014666,0.037848150840244364,0.023358223030531824,0.029292154035001176
2013-07-02,0.0009082652758814336,False,0.03257376080454484,0.03731860203505045,0.02303140867308854,0.028882315645900873
2013-07-03,0.021110148396122793,False,0.03205110636865356,0.0367198153916562,0.022661863750718533,0.028418891404477824
2013-07-05,-0.016129381929883644,False,0.03301297154251075,0.03782179019431831,0.023341954393013217,0.029271752507217502
2013-07-08,-0.015934778323962267,False,0.03321983341643121,0.038058784503799015,0.023488216913504202,0.02945517160866924
2013-07-09,0.00549200465084672,False,0.03339598535743093,0.03826059553272242,0.02361276585232849,0.029611361002706976
2013-07-10,-0.003657983045522579,False,0.03294145783135315,0.037739859472755224,0.02329139033572543,0.029208343139442712
2013-07-11,0.027559910092643025,False,0.032457433795071364,0.037185330307584995,0.022949159192871074,0.02877917147946837
2013-07-12,-0.0013377928416599422,False,0.0341766064336688,0.039154925403292025,0.02416470712596712,0.030303517627145598
2013-07-15,-0.00671594196543683,False,0.03365472788880744,0.038557027670722104,0.02379571080047247,0.02984078134833661
2013-07-16,0.030090765853825946,False,0.033263076712355955,0.03810832681366562,0.0235187922599246,0.02949351432659984
2013-07-17,0.002612104227924961,False,0.03526410465937245,0.04040083353598745,0.02493362712319215,0.031267774324663544
2013-07-18,0.02022879393378249,False,0.03472236065512339,0.039780176651424574,0.024550584844686973,0.0307874238541151
2013-07-19,0.007217182674965262,False,0.03530421484835951,0.040446786356398354,0.02496198719374277,0.03130333899728125
2013-07-22,-0.006791197578001733,False,0.034876408000958106,0.03995666322993962,0.02465950464053778,0.03092401367232826
2013-07-23,0.0046738984596879935,False,0.03456199495411946,0.03959645135756773,0.02443719763038495,0.030645231712932396
2013-07-24,0.00042381861198062754,False,0.03404698906536589,0.03900642738325831,0.02407306064405098,0.03018858924147411
2013-07-25,-0.005523702168632292,False,0.033536850520307526,0.038421979751926884,0.023712365132665794,0.029736262518443083
2013-07-26,-0.0059829238295935104,False,0.033098202845680026,0.037919436674348314,0.023402217528940637,0.029347324910902098
2013-07-29,-0.02297955007294347,False,0.03270318881350126,0.03746688311279938,0.023122921267716652,0.028997076131511684
2013-07-30,0.0030654720742946395,False,0.03369463391289891,0.038602746586655905,0.023823926515411976,0.02987616499319416
2013-07-31,0.004798264385919742,False,0.03322361396507624,0.03806311574424756,0.02349088996563885,0.029458523723886625
2013-08-01,0.0013046316266649492,False,0.03281948820632637,0.037600123200850634,0.023205151221471744,0.029100195810972604
2013-08-02,-0.0043554075818703335,False,0.03236606845426158,0.03708065627826624,0.02288455896094291,0.028698160182424794
2013-08-05,0.031366696072493316,False,0.0319852390225086,0.03664435351015477,0.022615291978537264,0.028360488523289748
2013-08-06,0.004221196643624561,False,0.03427020820166479,0.039262161627889466,0.02423088863273801,0.03038651190663627
2013-08-07,0.028241079501036652,False,0.03386380514641578,0.038796560066692076,0.023943539716915988,0.03002616477350687
2013-08-08,0.0097800290536397,False,0.0354301801094569,0.040591100286783664,0.025051051438560994,0.03141502915345522
2013-08-09,-0.0012172856037517487,False,0.03520430427706094,0.04033232235969381,0.024891345022206406,0.03121475086421542
2013-08-12,0.004051869400878319,False,0.034668664281229625,0.039718658621004606,0.024512618607419163,0.030739812660886726
2013-08-13,-0.018364115342027327,False,0.034272467399826194,0.03926474991106652,0.02423248600789039,0.03038851507952121
2013-08-14,0.011466137087644225,False,0.034677035376605415,0.03972824908796975,0.024518537424094895,0.030747235095784444
2013-08-15,-0.008176660437245444,False,0.03449113364902127,0.0395152680744795,0.02438709485942713,0.030582400816825336
2013-08-16,0.003687773079184836,False,0.034211398188504695,0.039194785082394254,0.02418930677624661,0.03033436658103443
2013-08-19,0.007740922744438099,False,0.03380498375622778,0.03872917048693965,0.023901949816251218,0.0299740093601871
2013-08-20,0.005262104835949153,False,0.03354249126288657,0.038428442150565845,0.023716353442408016,0.029741264019762584
2013-08-21,-0.023280610338627453,False,0.0330847325786372,0.03790400426732312,0.02339269332241562,0.029335381171678988
2013-08-22,0.0,False,0.03400493392587167,0.03895824630205831,0.024043325388416636,0.030151300031281504
2013-08-23,0.0028883865758692123,False,0.03358568739811468,0.038477930430095585,0.023746895443668054,0.029779564921516836
2013-08-26,0.008206857716070232,False,0.03309453120483505,0.03791523020570223,0.023399621480504323,0.029344069361429033
2013-08-27,-0.011095244291939593,False,0.03286267274321916,0.03764959819257911,0.023235685022082123,0.029138486428781335
2013-08-28,0.01761257896980574,False,0.032792877017451406,0.03756963570592295,0.023186335673278415,0.029076600354451292
2013-08-29,-0.002846108853504828,False,0.032823057855775106,0.03760421282157271,0.023207675156480877,0.02910336092729867
2013-09-04,0.032022440568406224,False,0.032411450217359895,0.03713264855410068,0.022916646319184848,0.028738399024179597
2013-09-05,0.028283104114561117,False,0.03465987841095621,0.03970859296115549,0.024506406522482763,0.03073202245575864
2013-09-06,-0.0007858546573390916,False,0.036105075795827155,0.04136430432932423,0.02552823914979172,0.03201344179480681
2013-09-09,-0.0071006215495763155,False,0.03561961097944403,0.04080812451351086,0.025184989297568162,0.031582992632185086
2013-09-10,0.0071006215495763685,False,0.03526074425441594,0.040396983639256125,0.02493125113534338,0.031264794740045294
2013-09-11,-0.00039315903789311326,False,0.03477327417020834,0.03983850645924326,0.02458658345043413,0.030832567558035245
2013-09-12,0.00783396094195155,False,0.034315211983401414,0.03931372086388862,0.024262708737736942,0.030426415602042393
2013-09-13,0.005059360860173085,False,0.034010644203266625,0.03896478836426877,0.0240473628630303,0.030156363187333283
2013-09-16,0.023024808398153674,False,0.0336304096701954,0.038529167150469945,0.023778516506131817,0.029819219009553765
2013-09-17,-0.008381001438230572,False,0.03453212822138121,0.039562234101542734,0.02441608023680083,0.03061874964942631
2013-09-18,0.0034370856827063557,False,0.034281846301862526,0.03927549498636562,0.024239117398321474,0.030396831110655925
2013-09-19,0.002665145304936535,False,0.033859258726482,0.03879135139468117,0.02394032515240431,0.030022133579922134
2013-09-20,-0.008400202125266668,False,0.03343199940617167,0.03830185555058438,0.023638229730432638,0.029643293733153983
2013-09-23,0.0007665772701954624,False,0.03316440658112417,0.03799528394513472,0.023449027146529723,0.029406026059827117
2013-09-24,-0.0026855953221736747,False,0.03269156972489768,0.03745357153523212,0.023114705944357352,0.028986773784583433
2013-09-25,-0.01159209271282118,False,0.031946899477521495,0.036600429253752086,0.02258818384895295,0.028326493835151588
2013-09-26,0.009284399381004312,False,0.03186363127515876,0.03650503182866522,0.02252930873135148,0.02825266206244538
2013-09-27,0.016043124840575684,False,0.03161626525978644,0.03622163336141215,0.022354407594634147,0.02803332898086104
2013-09-30,0.0003788596370377704,False,0.03187906775250391,0.03652271685307255,0.022540223154783958,0.0282663491897568
2013-10-01,-0.0022753138371355394,False,0.03140054466176493,0.03597448992603688,0.022201881477614732,0.02784205507666664
2013-10-02,-0.0007595898580185669,False,0.03093130851750523,0.03543690272408118,0.021870106173329892,0.027425995460084597
2013-10-03,-0.018018505502678365,False,0.03045339658500981,0.034889375979361245,0.021532196618056443,0.027002243245285093
2013-10-04,0.010007781756599256,False,0.031079925769407532,0.03560716823663788,0.021975186599411847,0.027557770553713633
2013-10-07,0.03314804431887574,False,0.030915599717956863,0.035418905709787646,0.021858999203387644,0.02741206687168191
2013-10-08,0.007014981693084272,False,0.03374151483907348,0.038656456400436426,0.023857073862940507,0.029917733104278133
2013-10-09,-0.005534048434641443,False,0.03337113202796219,0.038232121954947504,0.023595193205703004,0.029589324194894857
2013-10-10,0.009572974431890903,False,0.03293587304226437,0.03773346117804482,0.023287441588123684,0.029203391250643446
2013-10-11,0.006210065619577911,False,0.0327555879791995,0.03752691497781474,0.02315997030870908,0.02904353712360773
2013-10-14,-0.01209027366898456,False,0.03228990999431997,0.03699340423281724,0.022830710815334148,0.02863063243540357
2013-10-15,0.017175646052264015,False,0.0323003106949774,0.037005319946543054,0.0228380646725926,0.028639854469086717
2013-10-16,-0.004721272615921776,False,0.032591304828928865,0.03733870160132434,0.023043813246136878,0.028897871480948578
2013-10-17,0.007254293691652128,False,0.032123191078765635,0.036802400286462374,0.022712831535115132,0.02848280706233486
2013-10-18,-0.01676424100367966,False,0.03174384214995494,0.036367793678043554,0.022444611348273257,0.02814644812706828
2013-10-21,0.0033021493957590318,False,0.03212921187096513,0.03680929809446731,0.02271708856047104,0.028488145543874882
2013-10-22,0.014184634991956381,False,0.03166434777489929,0.03627671979300683,0.0223884045304574,0.028075962509942043
2013-10-23,-0.020062682776147343,False,0.031743679177863665,0.03636760696670084,0.02244449611820023,0.028146303623907905
2013-10-24,-0.010370463311631573,False,0.03248819087474647,0.03722056760250599,0.022970906109840185,0.028806442990696467
2013-10-25,0.010001935575748758,False,0.032327328068625566,0.03703627279295394,0.022857167415364553,0.02866381007919608
2013-10-28,-0.01074681456735933,False,0.03211964811649024,0.036798341240287934,0.022710326469379323,0.028479665608838797
2013-10-29,-0.009358106848552615,False,0.03200626577836724,0.036668443118311626,0.02263015903089132,0.028379132406732087
2013-10-30,0.0003760105327249878,False,0.031801014297557,0.036433293779080486,0.022485035145330106,0.028197141199418907
2013-10-31,0.006370641744607785,False,0.03133619999250865,0.035900772521422146,0.022156386320255763,0.02778500231390024
2013-11-01,-0.009759837231326928,False,0.03098338956756601,0.03549657013529748,0.021906930289380566,0.027472174387229407
2013-11-04,0.0011310086031272148,False,0.03083141757055938,0.03532246121030129,0.0217994778772711,0.027337424727427426
2013-11-05,0.03042906385028825,False,0.03038607879044171,0.03481225237056341,0.021484599300480123,0.026942554288797438
2013-11-06,-0.002195390563435615,False,0.03264540245949949,0.037400679337282375,0.023082063193552962,0.028945838458148774
2013-11-07,-0.01997846693088639,False,0.03219578505182109,0.03688556862575409,0.02276415939592542,0.028547174270541445
2013-11-08,-0.010896219021017813,False,0.032883279798295535,0.03767320696444073,0.023250255323308943,0.029156758174338118
2013-11-11,-0.023314642895298537,False,0.032768660861978854,0.0375418921157885,0.0231692135430913,0.029055128512428346
2013-11-12,0.008087854601698906,False,0.03377797671708687,0.038698229480407055,0.02388285438053421,0.029950062913419423
2013-11-13,0.015226788293599552,False,0.03348436156397834,0.03836184501697141,0.023675252604846382,0.029689721911304714
2013-11-14,0.005275068750587933,False,0.0336221462497472,0.03851970004284903,0.023772673821446984,0.029811892047244073
2013-11-15,0.0277950077647518,False,0.033222237003516154,0.03806153820824284,0.023489916379426077,0.029457302807497837
2013-11-18,0.015953927942241684,False,0.03464627553520603,0.03969300862903924,0.02449678855443752,0.03071996113580648
2013-11-19,0.00538117890451675,False,0.034761293466015995,0.03982478059152608,0.024578112445317435,0.030821944575868097
2013-11-20,0.005352376738591839,False,0.03431044282574098,0.03930825700916702,0.024259336685619196,0.030422186912646032
2013-11-21,-0.004994658974090536,False,0.03385147726746478,0.0387824364531717,0.02393482324048895,0.03001523396041336
2013-11-22,0.0014295928095943715,False,0.03342566363444051,0.03829459688170549,0.023633749997531192,0.029637675967367036
2013-11-25,0.0028530689824064807,False,0.03293822773646225,0.03773615886764266,0.02328910648413299,0.02920547909740701
2013-11-26,-0.01254271952992373,False,0.032490593183979455,0.037223319842960165,0.02297260467225169,0.028808573056486615
2013-12-02,0.01069147746567417,False,0.03250178979163775,0.03723614739909806,0.022980521278758315,0.028818500800430295
2013-12-03,-0.0017739937240632685,False,0.03234713861879035,0.0370589690373984,0.022871174544588035,0.02868137558434029
2013-12-04,-0.01394622997113342,False,0.03192504349456941,0.03657538962953529,0.022572730488245173,0.028307114697379895
2013-12-05,-0.005416153337562074,False,0.03207795572627755,0.03675057574806942,0.0226808476970844,0.02844269803910128
2013-12-06,0.018296474520619502,False,0.03171191984140769,0.03633122142174613,0.022422040551540522,0.028118143437378326
2013-12-09,-0.01865859655970246,False,0.032127929370762004,0.03680782877948777,0.022716181763540875,0.028487008383941005
2013-12-10,0.007936549595736342,False,0.03269811786914841,0.037461073511771685,0.02311933583610347,0.028992579855619545
2013-12-11,-0.006488847569455598,False,0.03240966062280643,0.03713059827911569,0.022915380979153424,0.02873681223673183
2013-12-12,0.01150677924552455,False,0.03201754113706367,0.03668136089671982,0.022638131318636397,0.02838912997719517
2013-12-13,-0.005017931676068992,False,0.031882274043893814,0.036526390187358565,0.022542490176015218,0.028269192125840586
2013-12-16,0.0032287023563722537,False,0.031527891837654934,0.036120387067169676,0.022291922810848724,0.027954970541133245
2013-12-17,-0.00754991901928469,False,0.031043193983556542,0.035565085932834056,0.021949215242395296,0.027525201424236943
2013-12-18,-0.0003609456815942414,False,0.030744633439175693,0.03522303571008046,0.021738116807905175,0.027260475470916364
2013-12-19,0.007552634354938094,False,0.030292169010683268,0.034704663267817994,0.02141820001275297,0.026859286903201544
2013-12-20,0.009982257577790414,False,0.030013358327631266,0.03438523976046276,0.02122106579720063,0.02661207264379575
2013-12-23,-0.003909725968410837,False,0.02987767550667186,0.03422979276652307,0.021125130712572708,0.026491766177306034
2013-12-24,0.004264398786457518,False,0.029478269749593156,0.03377220776157489,0.020842729264583304,0.026137623368437383
2013-12-26,-0.013207402406268484,False,0.02906842982297015,0.03330266869878469,0.020552950295024283,0.02577422884988468
2013-12-27,0.0007183908354936538,False,0.029248756151027226,0.03350926217485224,0.0206804507510177,0.025934119565527318
2013-12-30,-0.02656150330109818,False,0.028810459177252643,0.03300712088279798,0.02037055111174203,0.02554549291540977
2013-12-31,-0.0011068069751911064,False,0.030750238736121215,0.03522945749991472,0.021742080055669563,0.027265445543504574
2014-01-02,-0.02731694646269725,False,0.03029264138514827,0.034705204450482675,0.02141853400701957,0.02685970574548639
2014-01-03,0.023618717395606843,False,0.03210906498985758,0.03678621652759478,0.022702843627100885,0.028470281822736872
2014-01-06,-0.011927088835990406,False,0.033198737634357274,0.03803461581475634,0.023473301055886818,0.0294364665214577
2014-01-07,0.002995135148092637,False,0.03310693539982261,0.037929441251798,0.023408391916492157,0.029355067841988703
2014-01-08,0.00930239266231341,False,0.03263041820061607,0.03738351240352191,0.023071468513003842,0.028932552301312666
2014-01-09,-0.005943553900847994,False,0.03240520254245135,0.03712549081462579,0.02291222887549639,0.02873285937157871
2014-01-10,0.010378150968713688,False,0.03206059047463461,0.036730680995382126,0.022668569526022135,0.028427300717243628
2014-01-13,0.0,False,0.03187824575414018,0.03652177511871177,0.022539641957532674,0.0282656203449561
2014-01-14,0.014641549992948187,False,0.031377723499115,0.035948344529684886,0.022185745682717136,0.02782182013888906
2014-01-15,-0.001454545710994324,False,0.03155102926711555,0.036146894799185515,0.022308282223467667,0.02797548590455493
2014-01-16,0.0018178518003674612,False,0.031046546423264158,0.03556892670406234,0.021951585598382783,0.027528173946273934
2014-01-17,-0.019439453150186907,False,0.030611513920074114,0.035070525400133196,0.02164399411617209,0.027142441818235215
2014-01-21,-0.007808182447811699,False,0.031319295449132804,0.03588140558585051,0.02214443389482791,0.027770013490209893
2014-01-22,0.006696453595121294,False,0.031064626233097383,0.03558964010071568,0.0219643690006893,0.027544204848494725
2014-01-23,0.03425991039659211,False,0.030726324386842557,0.03520205967842851,0.021725171318766487,0.027244241305268865
2014-01-24,0.00035823034594081947,False,0.0335833663263582,0.03847527126053593,0.023745254320541257,0.02977750688690703
2014-01-27,0.03415223658397222,False,0.033052290641769975,0.03786683669129593,0.023369755120387952,0.02930661574092673
2014-01-28,0.005522968819776455,False,0.03554735934620142,0.040725348380796486,0.025133903489500325,0.03151892896788282
2014-01-29,0.004465059796719395,False,0.03506322807812089,0.04017069636395903,0.024791596527971103,0.031089662228231396
2014-01-30,-0.0020583197661543586,False,0.034583706031549054,0.039621324968668666,0.024452548535059866,0.030664482366705437
2014-01-31,-0.00034346557095336184,False,0.03411564128469003,0.03908507979515369,0.024121601472021574,0.030249461398060794
2014-02-03,0.001030043009526921,False,0.03359046347725588,0.03848340221451213,0.023750272389646634,0.029783799748012117
2014-02-04,-0.012778623203602185,False,0.03312185933695455,0.037946539077068006,0.023418943946304116,0.029368300513079725
2014-02-05,0.0024301348532918907,False,0.03308389712851748,0.037903047121762776,0.023392102614046128,0.02933464039955234
2014-02-06,0.0006932409289764863,False,0.03261567114450617,0.03736661722456312,0.023061041547630397,0.028919476466073086
2014-02-07,0.012396852976828502,False,0.03215050810498538,0.036833696434192834,0.022732146148443804,0.028507028366669972
2014-02-10,-0.004115232145106544,False,0.03209911122973174,0.036774812857778526,0.02269580578094405,0.02846145607972417
2014-02-11,0.0017167386190545491,False,0.03170768789868392,0.03632637303511704,0.022419048339405816,0.028114391082644807
2014-02-12,0.008879839769402252,False,0.031276086537031865,0.035831902668310905,0.02211388285962852,0.027731701259531234
2014-02-13,-0.0040885917262614944,False,0.03105462304134455,0.03557817979883822,0.02195729620370165,0.027535335275730148
2014-02-19,-0.006510216586000539,False,0.03067395602517261,0.035142063104495434,0.02168814405788624,0.027197807626312177
2014-02-20,0.013995790838663803,False,0.030362080116181307,0.03478475794093746,0.021467630941259332,0.026921275281769932
2014-02-21,-0.00714410250613203,False,0.030514938771026005,0.03495988267836006,0.021575710268361643,0.027056811118264943
2014-02-24,0.002046385434463331,False,0.030227044291315286,0.03463005218746651,0.021372153317823137,0.026801542490070277
2014-02-25,-0.012341603340541293,False,0.029801598878869903,0.03414263447325305,0.021071340426707625,0.02642431098873766
2014-02-26,0.0034435295735461137,False,0.029898942946661906,0.034254158117949796,0.02114016794161053,0.026510623469175362
2014-02-27,0.008216410482249505,False,0.029489111070517895,0.03378462827830774,0.02085039466417508,0.02614723608877526
2014-02-28,0.0006816632847458644,False,0.02925334463653734,0.033514519039901484,0.020683695058164427,0.02593818805757633
2014-03-03,-0.014067825070767618,False,0.02880091211754101,0.03299618315521654,0.02036380082474986,0.02553702778319073
2014-03-04,0.009970857919816712,False,0.029098960297477876,0.03333764638020538,0.020574536989897804,0.025801299436140974
2014-03-05,0.0051185916225767744,False,0.028891003296984914,0.033099397423065724,0.020427500155756294,0.02561690931413288
2014-03-06,0.0,False,0.028513797020424107,0.03266724557530819,0.020160794939811013,0.02528245021349
2014-03-07,0.009485165964054737,False,0.028060615051341272,0.03214805107224966,0.01984037080469655,0.024880625420994593
2014-03-10,0.00269360432222296,False,0.02790337452162839,0.03196790617625973,0.019729193255333413,0.02474120428879108
2014-03-11,0.008704440630146318,False,0.027462837229702303,0.031463198231185895,0.019417709590092345,0.024350591206207618
2014-03-12,-0.01545210455892161,False,0.02741812016951354,0.031411967481891234,0.019386092212717768,0.024310941739421197
2014-03-13,0.019112065390408706,False,0.027904306180725653,0.031968973545032156,0.019729851988647684,0.02474203036694285
2014-03-14,-0.0046604611650705756,False,0.028751108208836404,0.032939124584058926,0.020328586770659643,0.02549286793870003
2014-03-17,0.0109508311867517,False,0.02877565170640628,0.03296724319842017,0.020345940349394093,0.0255146300265388
2014-03-18,-0.005294519316974099,False,0.02865250368732476,0.032826156882256555,0.02025886804688145,0.025405437846378144
2014-03-19,0.0036429912785010087,False,0.028270173630034194,0.032388134900708944,0.019988540041150048,0.025066435621187103
2014-03-20,-0.01700324344484141,False,0.027800195598361943,0.031849697744666894,0.019656240182384366,0.02464971819212367
2014-03-21,-0.005732607167623189,False,0.0285206441286025,0.03267509006421242,0.020165636215205392,0.025288521368149016
2014-03-24,-0.005765659519749878,False,0.028108237528281694,0.03220261045443236,0.019874042468678518,0.024922851046063992
2014-03-25,0.003056548482548874,False,0.02773057766416782,0.03176993894750859,0.019607016541828334,0.024587989761007737
2014-03-26,0.004736138758289086,False,0.027235117641257973,0.031202307978207996,0.019256699538603383,0.024148678105915984
2014-03-27,-0.002703617733366702,False,0.02680258656072499,0.030706772465466447,0.01895087669734958,0.023765163924990545
2014-03-28,0.009430854674549856,False,0.02633854800833263,0.030175139960102335,0.01862277637131275,0.02335371287939334
2014-03-31,-0.009430854674549925,False,0.02620501711401579,0.030022158352166563,0.018528362815078095,0.02323531447089271
2014-04-01,-0.004069181606725743,False,0.026148623026672712,0.029957549647162726,0.01848848914865874,0.02318531128455575
2014-04-02,-0.00887377836575136,False,0.025757626184671912,0.02950959843787057,0.018212033257917655,0.02283862444434165
2014-04-03,0.0,False,0.02563632530220678,0.029370628320591848,0.018126266980783606,0.022731070072695515
2014-04-04,0.016658552830155923,False,0.02514167501055584,0.028803925031665272,0.01777652250130411,0.022292476385478224
2014-04-07,-0.0023628702976677108,False,0.025903495433686027,0.029676715661017553,0.018315170697497916,0.022967962954510496
2014-04-08,0.011090686694158138,False,0.0254591873034609,0.02916768760029404,0.01800102084586141,0.022574006366623607
2014-04-09,0.006330189387365966,False,0.025507526502433868,0.02922306810548009,0.018035199271041004,0.022616867490679395
2014-04-10,-0.013710296684988549,False,0.025203299050425718,0.028874525507720076,0.017820094026705986,0.022347116836164197
2014-04-11,0.005707586419364569,False,0.025646112404054806,0.029381841055932254,0.018133186990534386,0.02273974804410107
2014-04-14,-0.0026818655028275555,False,0.025325310601372324,0.029014309812663466,0.01790636278485001,0.02245530133926874
2014-04-15,-0.009443577770342918,False,0.02487704059550626,0.02850074277158569,0.017589411673096633,0.02205783185818238
2014-04-16,0.0016929071251530464,False,0.024849155180379348,0.028468795440850757,0.017569695178103615,0.022033106578026825
2014-04-17,0.015108563372274742,False,0.024376426666343928,0.027927207154752484,0.01723545057971347,0.021613950367016528
2014-04-21,-0.004676027224257288,False,0.02500324168497362,0.028645326882167265,0.017678642661312957,0.022169731117304595
2014-04-22,0.002006689636589027,False,0.02464894335123649,0.028239419851727836,0.01742813459853638,0.02185558390018668
2014-04-23,0.0013355594639642174,False,0.024304838036867206,0.027845190601929276,0.017184833551126627,0.021550474571095674
2014-04-24,-0.009723463029392147,False,0.02376145586959579,0.027222656932113783,0.016800633002863545,0.02106867158354205
2014-04-25,-0.007779508201583997,False,0.023783182646463775,0.02724754852950427,0.01681599500788956,0.021087936157603196
2014-04-28,-0.00340136382349029,False,0.023603175694377632,0.027041320951155138,0.01668872036796175,0.020928328624417063
2014-04-29,0.0017021280705303626,False,0.023296343605850436,0.02668979431374789,0.01647177350489333,0.020656268505712658
2014-04-30,0.011498266687373079,False,0.022730344864630003,0.02604134963759622,0.016071581816997017,0.020154411983918884
2014-05-01,-0.019695033891551597,False,0.022990039095222847,0.026338872103621725,0.01625519966790211,0.020384676176758276
2014-05-02,-0.002059732963010616,False,0.024625587838992134,0.02821266227000425,0.017411620989607503,0.021834875168371497
2014-05-05,0.0037729422222027528,False,0.024139766093034584,0.027656073532641337,0.017068118768891846,0.021404109525479234
2014-05-06,-0.0027425454283063516,False,0.023699257502943497,0.027151398470241516,0.01675665539739873,0.021013521892074425
2014-05-07,-0.007235173680779337,False,0.02324784764882021,0.02663423421641742,0.01643748424329846,0.020613268388320574
2014-05-08,-0.003116885640253111,False,0.023049112255310478,0.026406550127215347,0.016296967583487688,0.020437054827970504
2014-05-09,-0.010460346424902199,False,0.022609018832720894,0.02590235070749184,0.015985797757847392,0.020046835312907827
2014-05-12,0.0017510072763127819,False,0.02278094208310668,0.026099317075613027,0.01610735678395433,0.02019927523577417
2014-05-13,0.012517548701616433,False,0.022297432371388492,0.025545377153847058,0.015765489296352617,0.019770559614157805
2014-05-14,-0.0031147282492292668,False,0.022694593258490037,0.0260003902909105,0.016046303499989974,0.020122711954573845
2014-05-15,0.007596721616676011,False,0.02225856458028765,0.025500847704614058,0.0157380076682276,0.019736096543781327
2014-05-16,0.0034340693088454367,False,0.023111973379725367,0.026478567887141542,0.016341413794495878,0.020492792169694758
2014-05-19,0.004446732143391568,False,0.022482728628777912,0.025757664501617327,0.015896503760882426,0.019934857038272816
2014-05-20,0.012885902276158092,False,0.021918424963105157,0.025111161813379274,0.015497510582974097,0.019434503496356177
2014-05-21,0.004370489390800411,False,0.022352681911675457,0.025608674591897283,0.015804553706169608,0.019819547960067078
2014-05-22,0.0066867517622956,False,0.02178871189005754,0.02496255414781515,0.015405796432633033,0.01931949025174985
2014-05-28,-0.0006600660305658253,False,0.021405793552298817,0.02452385819420739,0.015135052480829029,0.018979966413403004
2014-05-29,0.005596722427869915,False,0.020992783707604646,0.02405068746875191,0.014843032207940147,0.01861376121005242
2014-05-30,0.008173986985715245,False,0.020551522677490722,0.02354515036251454,0.01453103682070062,0.018222506407438183
2014-06-02,-0.0006514658210862151,False,0.020352530513134307,0.023317172100063666,0.014390338610029299,0.01804606517498457
2014-06-03,0.0003257859615067385,False,0.019669247477876062,0.022534358969485697,0.013907220590011626,0.017440215687164168
2014-06-04,0.00584607056342391,False,0.019043079835321507,0.021816980917871254,0.013464486238271489,0.016885008948586196
2014-06-05,0.0012944985626457955,False,0.01860586749801587,0.021316082255336505,0.013155353495576411,0.016497344017720073
2014-06-06,-0.004213261782812152,False,0.018139576895362507,0.020781869655891228,0.012825660848338949,0.016083896137097313
2014-06-09,-0.0006497726024585898,False,0.01788489311795415,0.02049008748830805,0.012645585658522996,0.015858074584187393
2014-06-10,0.0032446491801174497,False,0.017506907016228666,0.02005704222252759,0.012378329064056552,0.015522924032634385
2014-06-11,0.01063325630136866,False,0.01717986764672051,0.019682364820255826,0.012147094561644393,0.015232946637778182
2014-06-12,-0.01128134446403981,False,0.017513648945279653,0.020064766211437313,0.012383095972125596,0.015528901927667179
2014-06-13,0.01192216473588923,False,0.01801116631496422,0.02063475420994294,0.012734867630667602,0.015970037779212548
2014-06-16,0.0012804099060446127,False,0.01845975288688791,0.021148683929521156,0.013052042571726074,0.01636778795127757
2014-06-17,0.0031938704888766364,False,0.01804378786918004,0.020672127567193572,0.01275793283186448,0.01599896247204659
2014-06-18,0.0015931180683481608,False,0.017712638265616483,0.020292741215595853,0.01252379217192142,0.01570534063840179
2014-06-19,-0.0003184206363474698,False,0.017381664360933184,0.01991355615597144,0.012289775740578763,0.015411874592433728
2014-06-20,-0.007351799134962021,False,0.017003667198108183,0.019480498217881705,0.012022511325317385,0.015076714233288354
2014-06-23,-0.006760045057719325,False,0.017065569332574464,0.019551417297048793,0.012066279478622868,0.015131601263298126
2014-06-24,-0.013004084423206573,False,0.01703681396294989,0.019518473290311922,0.012045947878801061,0.01510610461687173
2014-06-25,0.006523180339123476,False,0.017797480314963286,0.020389941741332192,0.01258378008436707,0.015780567900736744
2014-06-26,-0.006850459019838919,False,0.017653220448586554,0.02022466833077188,0.012481780565257684,0.01565265638874618
2014-06-27,0.027443207296603368,False,0.017613755324355183,0.020179454538164644,0.012453876590338702,0.015617663678451086
2014-06-30,0.0009549578952684918,False,0.022641872870204693,0.02593999041257408,0.016009027337274547,0.020075966142674245
2014-07-03,-0.0038338705107219006,False,0.022150800280813933,0.025377385970189934,0.015661812486576915,0.01964054471200374
2014-07-07,-0.0022432311922394666,False,0.02176661724969743,0.024937241102273553,0.015390174328244412,0.01929989950259465
2014-07-08,0.005439143148628997,False,0.02133279814743885,0.024440229948740066,0.015083440786045756,0.018915243265943415
2014-07-09,-0.006723252474358006,False,0.021016746323601877,0.024078140587705084,0.014859975072020843,0.018635008245145676
2014-07-10,0.0016048791761135506,False,0.020870562005465852,0.0239106624010438,0.01475661486154991,0.01850539037129255
2014-07-11,0.002882307840119468,False,0.02040956529616052,0.02338251482737975,0.014430665282909956,0.018096636449699915
2014-07-14,-0.0022410766543132558,False,0.019976209639601467,0.022886034627141134,0.014124259421858333,0.017712391138426896
2014-07-15,0.007344755994039533,False,0.019552848065465884,0.02240100429254452,0.01382491991700637,0.01733700732291047
2014-07-16,-0.01216404242998845,False,0.019417240116858345,0.02224564307720189,0.013729037771176173,0.017216767243808842
2014-07-17,-0.013292463507097237,False,0.020077407105067918,0.02300197297283474,0.014195811497095326,0.017802120327442106
2014-07-18,0.005857485019579088,False,0.02109213375085828,0.02416450928836293,0.014913278055866442,0.018701852337322106
2014-07-21,0.014815085785140682,False,0.020758032617607287,0.02378174147392274,0.014677050504979161,0.018405613458240568
2014-07-22,0.000958619661203917,False,0.02159164560575149,0.02473678229780766,0.015266459923202216,0.019144756647587753
2014-07-23,0.017099846679858095,False,0.021055205009327217,0.02412220133942445,0.014887167440543629,0.01866910857231118
2014-07-24,0.004073325387635869,False,0.022326453973734527,0.025578626173966956,0.015786009137091613,0.019796292322288668
2014-07-25,-0.0012515646189417958,False,0.021891076075083473,0.025079829162712786,0.015478173441630133,0.019410253940981028
2014-07-28,-0.009120994196681205,False,0.021379954228289758,0.024494254997470766,0.015116782682795576,0.018957055349599704
2014-07-29,0.0037842996912396273,False,0.021439216237944456,0.024562149379312986,0.01515868412522759,0.019009601448864318
2014-07-30,0.008774735085254295,False,0.021029384223311444,0.024092619381008998,0.014868910749872937,0.018646213945669583
2014-07-31,0.004358661944037696,False,0.02095709157745467,0.02400979626159771,0.014817795943671197,0.018582113916537506
2014-08-01,-0.0037348316056531965,False,0.020573011029282436,0.023569768804754473,0.014546230246316889,0.018241559576118407
2014-08-04,-0.003748832881519685,False,0.020246856244384367,0.02319610483968538,0.014315621193013389,0.01795236651967733
2014-08-05,0.0,False,0.019895295484898032,0.0227933341509358,0.014067048743128467,0.01764064663921513
2014-08-06,0.007483664487173048,False,0.019468027777759158,0.022303828698347117,0.01376494739121592,0.017261799356061893
2014-08-07,0.004030388342177809,False,0.0193846165162312,0.022208267375450404,0.013705971123055929,0.017187840736474527
2014-08-08,-0.0012383902511465827,False,0.01898143192376508,0.021746353092872144,0.013420897834297563,0.016830347331489928
2014-08-11,-0.0018604656529196783,False,0.018565441429834018,0.02126976754333955,0.013126770081369832,0.016461499263147304
2014-08-12,0.0,False,0.018147521671801753,0.020790971704376594,0.012831278234494833,0.01609094056596235
2014-08-13,-0.0009315324381114966,False,0.017671883044484527,0.02024604940474232,0.01249497602879676,0.01566920403237663
2014-08-14,-0.0012433946270883846,False,0.017238497944222442,0.0197495354718978,0.01218854934945641,0.015284932614129665
2014-08-15,0.0037255553802421075,False,0.016830653935994692,0.01928228306199776,0.011900181602031521,0.014923307825066937
2014-08-18,0.009867486785599639,False,0.01656509287162682,0.01897803917267177,0.011712415582694155,0.014687841661661446
2014-08-19,-0.018582138888043487,False,0.016781312783893283,0.0192257546546618,0.011865294741860004,0.014879558294950461
2014-08-20,0.006853609381680876,False,0.019286361983360728,0.022095700643216608,0.013636499860155037,0.01710072097007624
2014-08-21,-0.007166255937299283,False,0.019090438238755652,0.021871237760407156,0.013497971188018055,0.01692700042647167
2014-08-22,-0.0006255865077343095,False,0.019051599468277544,0.02182674155907197,0.013470510079041138,0.016892563087934732
2014-08-25,0.00779184244503356,False,0.018634624400425546,0.02134902801813089,0.013175686179160095,0.016522842023227582
2014-08-26,-0.0003105107927448847,False,0.018554274447506312,0.021256973927891804,0.013118874421572432,0.016451597787222057
2014-08-27,-0.0012430082395970253,False,0.018125500695136947,0.02076574305271711,0.012815708214318442,0.01607141513251055
2014-08-28,0.0006216972534715411,False,0.017706660536483596,0.02028589274341844,0.012519565594480066,0.015700040339775
2014-08-29,0.00031070374647968683,False,0.01726780038354419,0.01978310623697667,0.012209267757109338,0.015310914333181505
2014-09-02,-0.02008225632349459,False,0.01684644118699128,0.019300369955332068,0.011911344041385967,0.014937305974350359
2014-09-03,-0.006040393505015027,False,0.019631327612897077,0.022490915525578043,0.01388040919686609,0.01740659311849165
2014-09-04,-0.0015956601438927404,False,0.01953328302294372,0.022378589317495597,0.01381108637494968,0.017319659503076547
2014-09-05,-0.00640822442876865,False,0.019118147360027316,0.021902983117527045,0.013517563033731209,0.016951569391401477
2014-09-08,-0.009365481017575904,False,0.018995686139778954,0.02176268364241892,0.01343097633509764,0.016842986178096188
2014-09-09,-0.003575495439238683,False,0.01920041308395889,0.021997232038643316,0.013575729344923352,0.01702451229227459
2014-09-10,-0.004242133951814777,False,0.018853424117046207,0.02159969909043793,0.01333038939937725,0.016716846102664117
2014-09-11,-0.005903592088740212,False,0.01854891248711959,0.02125083092011937,0.013115083225901275,0.016446843474899955
2014-09-12,0.011122129698273796,False,0.018371512094100376,0.021047589584012368,0.012989651564052086,0.016289547110576775
2014-09-15,0.0074542558746615575,False,0.018773531974682105,0.02150816949750872,0.013273901338585097,0.01664600779549925
2014-09-16,-0.008756339391959994,False,0.018711666556551793,0.02143729248294505,0.013230159145712728,0.016591153320919944
2014-09-17,0.026676818963817947,False,0.018837326165337,0.02158125623832085,0.013319007277833497,0.016702572463052536
2014-09-18,0.012293299024638656,False,0.02263923661177083,0.025936970144820985,0.016007163360139007,0.020073628640146737
2014-09-19,0.020772720267862244,False,0.022991486271816432,0.026340530082499092,0.016256222899936907,0.02038595935101077
2014-09-22,0.020951123103537608,False,0.024608748083784774,0.028193369559938564,0.017399714372914925,0.02181994379068327
2014-09-23,-0.009358558869368165,False,0.02615238658057034,0.029961861417332154,0.018491150184588842,0.023188648330967856
2014-09-24,0.022196472162329606,False,0.02624812303303844,0.03007154327419058,0.018558841028606977,0.023273535380258666
2014-09-25,-0.011336636926321043,False,0.027828394956047837,0.03188200474825296,0.019676178651727206,0.024674721837069147
2014-09-26,-0.006622540760493382,False,0.027843140565231513,0.031898898269519714,0.019686604594045646,0.024687796389356472
2014-09-29,0.0,False,0.027420440273612033,0.03141462554283947,0.01938773265165809,0.024312998916033567
2014-09-30,-0.003327790092674691,False,0.026796665295189172,0.030699988681628865,0.018946690042721776,0.023759913691182577
2014-10-01,-0.03956016469983303,False,0.026314627137788378,0.03014773466743351,0.01860586302352259,0.023332502858919215
2014-10-02,-0.026191212862947406,False,0.03276619838061575,0.03753907093825975,0.02316747243573302,0.029052945093558536
2014-10-03,-0.011064219605380015,False,0.03489161313634753,0.03997408321407629,0.024670255492709403,0.03093749567467951
2014-10-06,0.007497997638089233,False,0.03453684014330158,0.03956763238330767,0.02441941182015821,0.030622927589364517
2014-10-07,-0.009135463207830785,False,0.03386426271568289,0.03879708428756682,0.023943863243107828,0.03002657048840365
2014-10-08,-0.004270001560951451,False,0.0334157947007177,0.03828329039448955,0.02362677212822401,0.02962892543774349
2014-10-09,0.006234638735116258,False,0.03272052812949351,0.03748674815193188,0.023135181100872725,0.029012450456895152
2014-10-10,0.0321881666671571,False,0.0320978513887007,0.03677336950260849,0.0226949150052727,0.028460339011095206
2014-10-13,-0.03153414440708816,False,0.03535696115181313,0.040507215924823585,0.024999281679882225,0.03135010778749381
2014-10-14,0.013958999585580615,False,0.03846248411963462,0.0440651034049413,0.027195054192756453,0.03410369510399736
2014-10-15,0.016307315808576774,False,0.03810768722307697,0.04365862518876742,0.026944193619131113,0.033789105824053534
2014-10-16,-0.02147862662195467,False,0.03804743151888778,0.04358959236635337,0.026901589580979268,0.03373567864141102
2014-10-17,0.010316016694615722,False,0.03882486271353466,0.04448026770276134,0.027451275436001003,0.03442500687991236
2014-10-20,0.000641231185806115,False,0.03817388155421122,0.04373446168536964,0.02699099658736504,0.033847798634418926
2014-10-21,-0.0032102756302482102,False,0.03722023783916829,0.04264190591637324,0.02631671896061303,0.03300222728768771
2014-10-22,0.0009641652683282743,False,0.03635707411982049,0.041653009868209835,0.025706415578962714,0.03223688222526512
2014-10-23,0.0022461103619198066,False,0.03549474160579222,0.04066506610248981,0.025096699904378836,0.03147227417121406
2014-10-24,-0.022691411202070765,False,0.03467900457292227,0.03973050512632279,0.02451992975227595,0.030748981131495014
2014-10-27,-0.026579637804712012,False,0.03587311803408721,0.04109855855157214,0.025364232480817154,0.0318077708152939
2014-10-28,-0.01595146668549939,False,0.037705139951172424,0.0431974410617444,0.02665957095044077,0.03343217751481388
2014-10-29,0.004778166087374095,False,0.03776204825200067,0.04326263888289386,0.026699808193574318,0.03348263664101842
2014-10-30,0.0030596658239554933,False,0.03685589825043409,0.04222449497634791,0.026059111188078778,0.032679176748105845
2014-10-31,-0.016082468100920098,False,0.03600558914101009,0.04125032599869198,0.0254578967101097,0.031925229537578585
2014-11-03,-0.013194635871545186,False,0.036144839878420355,0.041409860627919556,0.02555635450442362,0.032048699583789725
2014-11-04,0.006966242034418261,False,0.03596817789136609,0.041207465257327915,0.025431444935483733,0.03189205794503791
2014-11-05,-0.003477054963464547,False,0.035258156551645596,0.04039401900000397,0.02492942148968515,0.03126250029057538
2014-11-06,-0.0006968641396991812,False,0.03442769580728308,0.03944258958997796,0.024342240878114447,0.03052615211468833
2014-11-07,0.006946884484870378,False,0.03361590196983619,0.03851254619290235,0.023768258778205195,0.02980635540490015
2014-11-10,0.002074689540860297,False,0.032995477989228694,0.037801748450995244,0.023329585505760652,0.029256241423597396
2014-11-11,0.00859850525523177,False,0.03223793758115102,0.03693386128303347,0.022793963511435054,0.028584549833795724
2014-11-12,-0.02391380634965541,False,0.03179897022339643,0.03643095195583857,0.022483589874468298,0.028195328771450777
2014-11-13,-0.018764933687245553,False,0.03361120969004057,0.038507170414422844,0.023764941082891178,0.029802194881128608
2014-11-14,0.01736093205261102,False,0.03419537682852561,0.039176429978704894,0.024177978809193888,0.03032016085333939
2014-11-17,-0.0038711996260193914,False,0.03451728842121997,0.03954523266901488,0.02440558769637262,0.030605591580422524
2014-11-18,0.003168458908413117,False,0.03378603090096969,0.03870745687311874,0.023888549123663397,0.02995720435104984
2014-11-19,0.009097333560632637,False,0.03306200133524347,0.03787796188827261,0.02337662110529001,0.029315225962992436
2014-11-20,0.002782610491111982,False,0.032604075112597136,0.03735333206223275,0.023052842526599768,0.028909194562922683
2014-11-21,-0.004176824728806062,False,0.03188585807522766,0.036530496284896144,0.022545024279794094,0.028272369994214158
2014-11-24,0.015230477862253396,False,0.031248821322607596,0.03580066587951624,0.022094604880038362,0.027707525895382154
2014-11-25,-0.016626638647508126,False,0.03145027731839823,0.036031466866224424,0.02223704515264117,0.027886151743778894
2014-11-26,0.01559553355529495,False,0.03189358742042948,0.03653935152145629,0.022550489344426532,0.02827922340574359
2014-11-28,-0.009675265523418422,False,0.03209603242160559,0.03677128557654467,0.02269362889726749,0.028458726179770456
2014-12-01,0.018235495847459413,False,0.03176672405234804,0.03639400866176425,0.02246079008945072,0.028166736921213416
2014-12-02,-0.012695315471844043,False,0.03233597709873705,0.03704618167988464,0.022863282746913734,0.02867147895167322
2014-12-03,-0.00242005303937171,False,0.03226203339271553,0.03696146699942229,0.02281100055197766,0.02860591496997163
2014-12-04,0.004489732977897823,False,0.03167174004835749,0.03628518885842965,0.022393631267156936,0.028082517048628613
2014-12-05,0.009260913383600342,False,0.031041749146552118,0.03556343063434098,0.021948193664576437,0.027523920324437963
2014-12-08,0.0027275843708866516,False,0.030667953930472752,0.03513518671755244,0.0216839002526727,0.027192485723364034
2014-12-09,0.0165460469005156,False,0.029991783602689243,0.03436052236356904,0.021205811301100816,0.026592942890265356
2014-12-10,-0.0036906601194055203,False,0.030445397792431318,0.034880212046501644,0.021526541039571908,0.026995150921699112
2014-12-11,-0.029679817967013272,False,0.02982167055290685,0.034165629878053154,0.021085532184615834,0.026442108025701103
2014-12-12,0.0010382420036292304,False,0.03286027456492821,0.03764685068479866,0.023233989380469805,0.029136360025791206
2014-12-15,0.00655061814919211,False,0.03210257028337894,0.03677877577281473,0.022698251518746593,0.028464523133598426
2014-12-16,0.0013736265896119398,False,0.031572041984872505,0.03617096832438735,0.022323139350125427,0.027994117340773676
2014-12-17,0.00034311202944259145,False,0.030856467576145588,0.03535116011292591,0.021817189584536986,0.02735963592289281
2014-12-18,0.01700721264723315,False,0.030165675330768252,0.03455974394674166,0.021328762147283072,0.02674712821165718
2014-12-19,0.005046268067624219,False,0.030677925741371438,0.035146611067498695,0.021690950861701128,0.027201327471532605
2014-12-22,0.002011398599685635,False,0.030073270831115977,0.03445387939000647,0.02126342717391313,0.026665195519203492
2014-12-23,-0.006720455401258329,False,0.029418057262841725,0.033703224451845926,0.02080015578349476,0.026084234505585027
2014-12-24,-0.0006745362818999494,False,0.028987572009596087,0.033210032770841426,0.0204957794526581,0.025702534307080117
2014-12-26,-0.007790047861982469,False,0.02835178289916058,0.03248163174484596,0.020046242203330213,0.025138796460473754
2014-12-29,0.007790047861982394,False,0.028030912933217612,0.032114022409348075,0.01981936980253818,0.024854289317032055
2014-12-30,0.0026954194216723027,False,0.027660724212318674,0.031689910326129105,0.019557626377566455,0.024526052502446504
2014-12-31,-0.021082045672111548,False,0.027069760282430032,0.031012863919086458,0.019139782952547483,0.024002059990166365
2015-01-02,0.005824926526347631,False,0.02862429753171462,0.03279384209052988,0.02023892477103891,0.02538042817388814
2015-01-05,0.00579119315688102,False,0.028141507327899582,0.03224072648344037,0.019897566014395855,0.024952350521417963
2015-01-06,-0.014369046404633667,False,0.02766076757224371,0.03168996000205681,0.019557657035375958,0.024526090948576468
2015-01-07,0.0034399758724434804,False,0.028078944583802317,0.03216905056725752,0.019853330774392098,0.024896877745844592
2015-01-08,0.02509456878255902,False,0.02749897865292742,0.03150460417747535,0.019443263528838302,0.024382636876332825
2015-01-09,-0.006046373811864673,False,0.0296308735069181,0.03394704047195289,0.020950628365368415,0.02627293319385965
2015-01-12,0.008721960692302667,False,0.029193280377283887,0.03344570554915782,0.020641226381924883,0.02588493062423282
2015-01-13,-0.00100250634962559,False,0.028843031823510362,0.03304443820793628,0.0203935817323703,0.025574374242815674
2015-01-14,0.0003342804644198897,False,0.028215262516980588,0.03232522518673255,0.019949714917670437,0.02501774734999857
2015-01-15,-0.00502597807859147,False,0.027598853953577758,0.031619027765849614,0.01951388076212088,0.024471193735822315
2015-01-21,-0.025273978131770267,False,0.027144383346699812,0.031098356916190173,0.019192545490467137,0.024068226341348125
2015-01-22,-0.018044006274077994,False,0.02948637317571361,0.033781491569371117,0.02084845882463479,0.026144808467893
2015-01-23,-0.01655905367309362,False,0.03025754242059237,0.03466499281210406,0.02139371714287116,0.02682858439664274
2015-01-26,-0.006555012546335775,False,0.030779310176941896,0.03526276361820675,0.021762635134902637,0.02729122244212866
2015-01-27,0.002189781896924225,False,0.030288484678930836,0.034700442259649515,0.021415594991159467,0.026856020101027354
2015-01-28,-0.010260258569567405,False,0.02966014656418497,0.03398057757505396,0.020971325998321192,0.026298888860599376
2015-01-29,-0.01073885528485297,False,0.029476066393707676,0.03376968345491208,0.020841171372936857,0.026135669709461788
2015-01-30,0.0026027157284159736,False,0.02933818152535519,0.033611713653402896,0.02074367932183731,0.026013410744203033
2015-02-02,-0.00782855815506257,False,0.028721378366601893,0.03290506415862719,0.020307566166057122,0.025466507252481688
2015-02-03,0.0070856160703693894,False,0.028400501736741933,0.03253744718851604,0.02008068905351576,0.02518199420031624
2015-02-04,0.012188516542497094,False,0.02800208109678079,0.03208099079729745,0.019798984136549028,0.02482872486945058
2015-02-05,0.006950823668200245,False,0.028026644248590266,0.03210913192882367,0.019816351611892685,0.024850504384197936
2015-02-06,0.011598535242931637,False,0.027625077634350306,0.03164907130649317,0.019532422321150836,0.024494445598879047
2015-02-09,0.03261543970283505,False,0.02760330638330333,0.031624128756613766,0.019517028870477578,0.024475141590707624
2015-02-10,-0.001396160785254836,False,0.03133532472256347,0.035899769755700583,0.02215576745711842,0.02778422623455885
2015-02-11,0.005572985514060847,False,0.030644661184220504,0.035108501044599075,0.02166743102269115,0.027171832644539207
2015-02-12,0.026055639228022752,False,0.030098264076933806,0.03448251326497831,0.021281098748956347,0.026687356387242577
2015-02-13,0.004726544923561185,False,0.03198111636824162,0.03663963033143308,0.022612377039245783,0.028356833071819094
2015-02-17,0.007048191620972216,False,0.03135168708428827,0.03591851553299124,0.022167336530827836,0.027798734319728492
2015-02-18,0.01229864263698655,False,0.030836990156670876,0.035328845524493585,0.02180341799670864,0.02734236579616069
2015-02-19,-0.0006609385567767875,False,0.03078007326754171,0.03526363786403247,0.021763174681182367,0.02729189905493068
2015-02-20,0.0006609385567768349,False,0.030124795408209948,0.03451290926988838,0.02129985783351304,0.0267108810360856
2015-02-23,0.00888017675685917,False,0.029476965522229136,0.03377071355455799,0.020841807105376586,0.026136466943588944
2015-02-24,0.009126530101483425,False,0.029141500129389,0.03338638275631052,0.020604614949256212,0.025839018410629463
2015-02-25,-0.018998278580637403,False,0.028838234593212667,0.03303894219139019,0.0203901898313814,0.02557012066213411
2015-02-26,0.008888947417245994,False,0.029766218236170768,0.034102100126219684,0.0210463244008944,0.026392939883131433
2015-02-27,0.01657765901981454,False,0.02943080645243927,0.033717830746025926,0.020809170149310045,0.026095538883989324
2015-03-02,-0.00517131081337795,False,0.02983420632034172,0.0341799916620336,0.021094395649432062,0.026453223168164695
2015-03-03,0.004526357550131456,False,0.029336030965192952,0.033609249832927006,0.020742158759619465,0.026011503897836904
2015-03-04,-0.004202365971078276,False,0.028789073967469967,0.03298262060669832,0.020355430613098354,0.025526531200095307
2015-03-05,-0.0038948442615410737,False,0.028303452558641123,0.03242626138847579,0.020012070041555825,0.025095943190980782
2015-03-06,-0.017055185461160246,False,0.027820397257654103,0.03187284206896201,0.019670523846890407,0.024667630483668636
2015-03-09,-0.007637427129211261,False,0.028525343144470243,0.032680473559970766,0.020168958673286323,0.025292687864622406
2015-03-10,-0.007024614936964466,False,0.028207068813029316,0.032315837950828624,0.01994392152631534,0.02501048220351304
2015-03-11,-0.013178092380555027,False,0.027896430410061648,0.031959950554015154,0.019724283393302903,0.02473504712372333
2015-03-12,-0.006141268022082465,False,0.028097497659120563,0.032190306167385566,0.0198664488009645,0.024913328280394754
2015-03-13,-0.006868158866511663,False,0.027705147502991582,0.0317408045141124,0.019589036044022543,0.024565441491361337
2015-03-16,-0.011436617462768415,False,0.027372547998157293,0.03135975706207138,0.019353870225550743,0.024270534067562913
2015-03-17,-0.02863904410095029,False,0.027449416467803956,0.031447822540448284,0.01940822038637897,0.024338691361922443
2015-03-18,-0.010818713527167364,False,0.030333808483789252,0.03475236813478486,0.021447641369794622,0.026896207552701994
2015-03-19,-0.015713825985211333,False,0.03016510975386974,0.03455909598535573,0.02132836225386076,0.026746626729172458
2015-03-20,0.02724964244737554,False,0.030523286052048675,0.034969445862065775,0.021581612247003158,0.027064212437588445
2015-03-23,-0.011898463791614584,False,0.03261759527272079,0.03736882162999044,0.023062402010228383,0.02892118254105691
2015-03-24,0.009386350502093969,False,0.032455300878288705,0.0371828867005031,0.022947651105475766,0.028777280277032986
2015-03-25,0.0010773928138602853,False,0.03205866887420547,0.03672847948594894,0.022667210850705045,0.028425596883582146
2015-03-26,-0.009376195628555333,False,0.031505846665314176,0.03609513069538273,0.022276335683022272,0.027935423653998082
2015-03-27,-0.005813969865419845,False,0.031201255700813547,0.035746171634257515,0.022060973415716455,0.02766535068230827
2015-03-30,-0.018018505502678365,False,0.030681195433540545,0.03515035703780799,0.021693262710708486,0.027204226623456135
2015-03-31,0.0014831296749070627,False,0.03134379636062967,0.03590947541085887,0.022161757362908048,0.02779173781807338
2015-04-01,0.017992040324235372,False,0.030645166051261927,0.03510907945285572,0.021667787990964672,0.02717228029715559
2015-04-02,0.0072516633953202065,False,0.031182688026508767,0.03572489930858857,0.02204784506687187,0.027648887203212357
2015-04-06,0.011494379425735212,False,0.030682957484861502,0.035152375757488745,0.021694508576186513,0.027205788989028274
2015-04-07,-0.005371543801910877,False,0.030517723547171874,0.03496307309758638,0.02157767925554318,0.027059280307626617
2015-04-08,0.00786842400049816,False,0.02999178826765696,0.034360527708057045,0.021205814599485014,0.02659294702657221
2015-04-09,-0.005358112479619432,False,0.029583754809261478,0.033893058251821526,0.020917312900556564,0.026231154256919933
2015-04-10,-0.003947609648298211,False,0.029092976239204524,0.0333307906569563,0.02057030593741221,0.02579599352562817
2015-04-13,0.006451635281488595,False,0.028583487896405167,0.032747087939283805,0.02021007015415106,0.025344243320211766
2015-04-14,0.017354783016412866,False,0.02815061865616616,0.03225116500896499,0.019904008215716154,0.02496042930177518
2015-04-15,-0.010944504655493834,False,0.028802439309005945,0.03299793280429308,0.020364880631621472,0.025538381904571028
2015-04-16,0.01863954087729413,False,0.028765879646454596,0.03295604769604672,0.02033903097507666,0.02550596539239573
2015-04-17,-0.010860152280695583,False,0.02950713057290129,0.03380527258285552,0.02086313542585648,0.026163213517931872
2015-04-20,-0.021360726730467433,False,0.029388201848203354,0.0336690201625664,0.02077904639241871,0.026057762477546913
2015-04-21,-0.002161384126725701,False,0.030610267914679253,0.03506909789596064,0.021643113123042984,0.027141337017308885
2015-04-22,-0.00036068530598420224,False,0.029995040405909047,0.034364253567466425,0.021208114036924696,0.026595830613889142
2015-04-23,0.012190900352612334,False,0.029365146329196637,0.0336426062724514,0.020762744894915853,0.0260373197420173
2015-04-24,0.02915043980382899,False,0.029306368575174536,0.033575266685106034,0.0207211858473778,0.025985203019763158
2015-04-27,0.009988028616495722,False,0.03185479753717612,0.03649491132847999,0.02252306280135863,0.02824482941425107
2015-04-28,0.0020540917869382694,False,0.03153512756712507,0.03612867678569956,0.022297038862491476,0.027961386276293174
2015-04-29,0.008174432439558127,False,0.03086753355690938,0.035363838014465424,0.021825013830772132,0.02736944784332991
2015-04-30,-0.001697505075754468,False,0.030552890692992257,0.03500336284882064,0.021602544327529043,0.027090462111043306
2015-05-01,-0.022681384681924814,False,0.029913591396482978,0.03427094032718204,0.021150525187010615,0.02652361187275559
2015-05-04,-0.0006954103200970963,False,0.031303507571591345,0.035863317974705974,0.02213327101247239,0.027756014785385256
2015-05-05,0.020995436502955413,False,0.030630739237841834,0.03509255116458441,0.0216575874544739,0.02715948841286983
2015-05-06,-0.016137689268170895,False,0.03160541414745378,0.036209201627010655,0.022346735271987994,0.028023707578733677
2015-05-07,0.0034554284554201985,False,0.03196224497191996,0.03661801004222547,0.022599033942526804,0.028340100290224993
2015-05-08,0.007902463388989285,False,0.03130553593982725,0.03586564180422725,0.022134705178396955,0.027757813287314068
2015-05-11,0.009875782632294609,False,0.030851457602892613,0.03534542036432409,0.02181364726278535,0.02735519370850626
2015-05-12,0.010450120381744228,False,0.030535045783370338,0.03498291856900512,0.021589927012362307,0.027074639488796355
2015-05-13,0.006351350115683337,False,0.030328327110224332,0.034746088319570954,0.021443765742555233,0.026891347359787054
2015-05-14,0.028578065704299743,False,0.02982185564805991,0.03416584193500282,0.021085663056888738,0.02644227214481118
2015-05-15,0.014467379807524994,False,0.032152126811207285,0.03683555092847948,0.02273329066119264,0.02850846363183077
2015-05-18,0.0022317879501073112,False,0.03217100372762242,0.03685717754186233,0.022746637660915923,0.028525201307949735
2015-05-19,0.0015910902322419035,False,0.03159279943816031,0.036194749402143664,0.022337815991012935,0.028012522440555084
2015-05-20,-0.00637960696403904,False,0.03090566716598629,0.03540752633740241,0.021851976352542338,0.02740325993339484
2015-05-21,0.012086661135146917,False,0.030424702506870332,0.034856502192104226,0.021511908354625846,0.02697680094444162
2015-05-22,-0.003166563760587985,False,0.030290221617385066,0.034702432208409864,0.021416823100484005,0.02685756019966667
2015-05-26,-0.000951927725382069,False,0.02971377524708782,0.034042018054307316,0.021009244374401447,0.02634644003396766
2015-05-27,-0.005092308903712658,False,0.02909722278129908,0.0333356557695665,0.020573308472090785,0.025799758825248147
2015-05-28,-0.005118373298244283,False,0.028611913101113322,0.032779653687790206,0.02023016830953993,0.025369447217901273
2015-05-29,-0.01064011327823361,False,0.028135634771458227,0.032233998503884115,0.019893413799729323,0.02494714347671086
2015-06-01,-0.010426943604610373,False,0.02805195664051447,0.03213813143816626,0.01983424884047485,0.024872948230878534
2015-06-02,0.019140892563404392,False,0.02796255969348985,0.032035712527768455,0.019771040369294477,0.024793682257961316
2015-06-03,0.004168676872219679,False,0.02884592750540531,0.03304775568794439,0.020395629135908075,0.025576941769451664
2015-06-04,-0.0032051309489483358,False,0.028283331781560665,0.032403209728060926,0.019997843565143086,0.02507810261561199
2015-06-05,0.0003209757690854733,False,0.027773774601713423,0.03181942814622501,0.019637559110370184,0.024626291374156267
2015-06-08,0.0003208727766982485,False,0.027172152884699124,0.031130171490611334,0.019212180054070726,0.02409284887623593
2015-06-09,-0.0032133703742897065,False,0.026584098332851837,0.030456458254765784,0.018796393716504968,0.023571436034612425
2015-06-10,0.0067361922721543436,False,0.026236296477552885,0.030057994009177576,0.018550479014953804,0.023263049077783888
2015-06-11,-0.010929070532190317,False,0.02588123223889255,0.029651209508641967,0.018299429416018816,0.022948222752475805
2015-06-12,0.014758047769287568,False,0.025973089194535386,0.02975644676363243,0.018364377246193244,0.02302966995174356
2015-06-15,0.021113120790855807,False,0.02634537217407383,0.030182958164670273,0.018627601425164578,0.023359763691583556
2015-06-16,0.008383840443897148,False,0.027677243833377278,0.03170883626985894,0.019569306642120747,0.024540700025421462
2015-06-17,-0.0018570107472127711,False,0.027365051497287133,0.031351168587000676,0.019348569794440107,0.024263887113111723
2015-06-18,0.022059718064732257,False,0.02680179294830529,0.0307058632518746,0.018950315570494262,0.023764460249276097
2015-06-19,-0.009132483563272474,False,0.028357596081830208,0.032488291701978526,0.020050352437532486,0.025143950859985033
2015-06-22,0.006097579868118538,False,0.02818173634998417,0.0322868154467149,0.01992601010636633,0.024988020560285894
2015-06-23,-0.008547060578458408,False,0.02772271871087066,0.031760935223552104,0.019601459837270463,0.024581021429314724
2015-06-24,0.008850965762380699,False,0.027528066288351898,0.03153792884935037,0.019463830058531164,0.024408428134295446
2015-06-25,-0.00517899101225973,False,0.027249358833558376,0.031218623606948322,0.019266768830934432,0.02416130540473058
2015-06-26,0.016359044010019086,False,0.02683656314071927,0.03074569822767508,0.01897489997497655,0.023795290084320176
2015-06-29,0.002400961537538268,False,0.02737000953966861,0.03135684884024553,0.01935207539826005,0.024268283281730595
2015-06-30,-0.018454615409285082,False,0.02681184830308626,0.030717383315082652,0.01895742524956089,0.02377337607365567
2015-07-01,0.0021351235806840096,False,0.027840196014529774,0.03189552480225354,0.019684522637621354,0.0246851855320068
2015-07-02,0.003649639087549331,False,0.02727828876763608,0.031251767605985595,0.019287223857255377,0.024186956832966365
2015-07-06,-0.0027359798188747488,False,0.026754415022183696,0.03065158404288836,0.018916816817152963,0.023722451461125938
2015-07-07,-0.008560125642477373,False,0.02624134190098825,0.03006377437179559,0.018554046401899574,0.0232675227249351
2015-07-08,-0.0009215174972504269,False,0.02608995373617951,0.02989033432263413,0.018447006790695313,0.02313329073412212
2015-07-09,0.009786010818230228,False,0.025617491883122658,0.02934905154055785,0.018112950736023273,0.022714370964540855
2015-07-10,0.00485732588286002,False,0.025557502503362577,0.029280323836593018,0.018070535003630876,0.022661179924917615
2015-07-13,0.0021176834415389248,False,0.025109943630189403,0.028767571515010464,0.017754086701110026,0.022264340986893984
2015-07-14,0.020341712463955604,False,0.024591214863402693,0.02817328237142638,0.01738731743887964,0.021804397535266126
2015-07-15,-0.006237952798470894,False,0.025963624714660564,0.02974560364484008,0.01835768534760704,0.023021278040941208
2015-07-16,0.0005957700503893883,False,0.02566015639836474,0.0293979307619315,0.018143116853232635,0.02275220049253104
2015-07-17,-0.003579956090716891,False,0.025127196218989272,0.02878733719387573,0.017766285213455676,0.02227963841350729
2015-07-20,0.0020898649194592365,False,0.02471891595872031,0.02831958498549031,0.01747760901226931,0.021917626810983533
2015-07-21,-0.005082982987591202,False,0.024211548782760807,0.027738312413407133,0.017118873008559115,0.02146775738963053
2015-07-22,-0.01784411477982278,False,0.023953417243516555,0.027442580267415344,0.016936360064861246,0.02123887879500493
2015-07-23,-0.011046445557267272,False,0.025206055293407376,0.028877683237512518,0.017822042839398932,0.022349560725903266
2015-07-24,-0.018686311392403315,False,0.025330414743265858,0.02902015744693567,0.017909971688917944,0.022459827050566095
2015-07-27,0.0037653009656379763,False,0.026535637905331574,0.030400938862334297,0.018762129576193113,0.023528467420322722
2015-07-28,0.0034391154734678504,False,0.026032068024195023,0.02982401671620155,0.018406078465070065,0.02308196496259222
2015-07-29,0.004049219050776573,False,0.025535794493774883,0.0292554537402097,0.018055186268085922,0.022641931991321054
2015-07-30,0.0012426220921724434,False,0.025109841474425094,0.028767454478775784,0.017754014471465736,0.02226425040800604
2015-07-31,-0.003732508221341979,False,0.024604021745341362,0.028187954761674676,0.017396372596296904,0.021815753067984986
2015-08-03,-0.013490400668899451,False,0.0241869211826328,0.027710097445729,0.017101459964772463,0.021445920730217265
2015-08-04,-0.0003159058626809386,False,0.0247152614788435,0.028315398177556586,0.017475025097564604,0.021914386477699423
2015-08-05,-0.014320053774748558,False,0.02421753986032662,0.027745176178410543,0.017123109024063693,0.021473069523969365
2015-08-06,-0.020398958912693575,False,0.02484400084693673,0.028462890303901568,0.017566050785898898,0.022028536363174225
2015-08-07,0.016223587502212873,False,0.026452466811818245,0.03030565269141077,0.018703323119794443,0.02345472175153487
2015-08-10,-0.0038697242743509536,False,0.027045984925081038,0.030985625335722626,0.019122972490447664,0.0239809789924987
2015-08-11,-0.0042091692386354495,False,0.026547121182882646,0.03041409484599728,0.018770248873801153,0.02353864934708487
2015-08-12,-0.015367312386462394,False,0.02608543061434044,0.0298851523424237,0.01844380869919526,0.023129280198358543
2015-08-13,0.0023037693256395325,False,0.026690050180682018,0.030577843527647787,0.018871307396926704,0.023665380812148546
2015-08-14,-0.0009866799024450975,False,0.02616447170260126,0.029975706912862225,0.01849969501875854,0.023199363897745996
2015-08-17,-0.0023060461545307545,False,0.02561978455445704,0.029351678172761554,0.018114571778517323,0.02271640381722708
2015-08-18,0.01732918957722592,False,0.025118611599915693,0.028777502100385856,0.01776021542399008,0.02227202665264029
2015-08-19,0.011281344464039758,False,0.025962630865470317,0.029744465027084634,0.018356982642537233,0.02302039682043402
2015-08-20,0.007026538012038402,False,0.02597625975346453,0.029760079160505958,0.018366619002644313,0.02303248120477372
2015-08-21,-0.020904443493524626,False,0.025683703892108993,0.029424908290048,0.018159766203453664,0.022773079449402874
2015-08-24,0.0032446491801174497,False,0.027232562805956595,0.031199380994048898,0.019254893132021365,0.024146412799185193
2015-08-25,0.00838714593944886,False,0.026705866925440632,0.030595964210938815,0.018882490689964292,0.02367940511279194
2015-08-26,-0.005152990468405401,False,0.026459770856964205,0.030314020676786593,0.018708487474310725,0.02346119806044692
2015-08-27,0.004831705325079411,False,0.02604621780288987,0.029840227615617356,0.0184160831230434,0.02309451120731467
2015-08-28,0.0009635459232713203,False,0.025621357261930197,0.02935347996791381,0.01811568376766573,0.022717798296480827
2015-08-31,-0.0041820874850693555,False,0.025099084769037928,0.02875513090306217,0.017746408899630344,0.022254712714088343
2015-09-01,0.013766825398056872,False,0.024693257665770654,0.028290189189615452,0.017459467212974988,0.021894876262763027
2015-09-02,-0.008942889367203789,False,0.025051973010864752,0.02870115663325078,0.017713098341408193,0.02221293993021006
2015-09-03,-0.0009629273733934415,False,0.02503172990979913,0.028677964830586166,0.01769878537532944,0.02219499089331078
2015-09-04,0.01719240054037277,False,0.024547225781074582,0.028122885640537977,0.017356214781181253,0.02176539354771929
2015-09-08,0.017522350692202492,False,0.025420586759828976,0.029123464327004227,0.017973728176134858,0.022539780257702063
2015-09-09,0.015389654304561256,False,0.026256345568308543,0.030080963541113555,0.01856465480526209,0.023280826090732835
2015-09-10,0.0006106870418797265,False,0.026712766022337422,0.03060386826147315,0.01888736872419125,0.023685522364509982
2015-09-11,-0.008583743691391442,False,0.026141434559174923,0.02994931407499771,0.01848340651378375,0.023178937455370745
2015-09-14,0.009804000096620835,False,0.02597623028743617,0.02976004540232272,0.01836659816857037,0.023032455078004475
2015-09-15,-0.019083373825860915,False,0.02583339885304967,0.029596408495612774,0.018265608628048543,0.022905810119908877
2015-09-16,0.015112084048741732,False,0.027191448867928927,0.03115227821397524,0.0192258233566719,0.02410995812811769
2015-09-17,0.004580860048966053,False,0.0276759627187994,0.031707368542341074,0.019568400824902486,0.02453956409408584
2015-09-18,0.008797265897210095,False,0.027115698994939295,0.03106549427210042,0.019172264104111925,0.024042792664634636
2015-09-21,0.0,False,0.026817609114092807,0.030723983271858983,0.018961498454168006,0.023778484036560715
2015-09-22,0.00030197795790401033,False,0.02629588823820281,0.03012626617503545,0.01859261360915411,0.023315887558772116
2015-09-23,0.0009053871148125196,False,0.0257072433547601,0.02945187661722602,0.01817640987525796,0.02279395128531103
2015-09-24,-0.006658620243598576,False,0.025152939577085663,0.028816830445871088,0.017784487158404354,0.022302464386804843
2015-09-25,-0.005175837403404265,False,0.024881374533238236,0.028505708010276885,0.017592476001212377,0.02206167464926554
2015-09-28,-0.010432742677338593,False,0.02452631231233381,0.02809892582141263,0.017341427828939826,0.02174685011304971
2015-09-29,-0.01868049339788923,False,0.024619824251678402,0.028206059132511282,0.017407545822001217,0.0218297647437863
2015-09-30,-0.021601856503788517,False,0.025877163686101615,0.029646548312061857,0.018296552729393706,0.022944615271392032
2015-10-01,-0.002894358026364526,False,0.02751890388183462,0.03152743180528618,0.019457351742128138,0.02440030406416747
2015-10-02,-0.003225809248882677,False,0.026962830693807616,0.030890358483269088,0.019064177956563583,0.023907248275025137
2015-10-05,-0.0009697754113839125,False,0.026500322374796274,0.03036047911199685,0.018737159588197376,0.02349715404799696
2015-10-06,0.0,False,0.02595018906395446,0.029730210896523678,0.018348185616702217,0.023009364995133254
2015-10-07,-0.004213261782812152,False,0.025422022614077198,0.029125109334272235,0.017974743402659796,0.022541053392722228
2015-10-08,-0.006189952978073886,False,0.02501289401003851,0.02865638520852912,0.0176854673765968,0.02217828958560409
2015-10-09,-0.0036012479581716624,False,0.02472949285501074,0.028331702560301434,0.017485087449359196,0.021927005072801292
2015-10-12,0.008165977110286412,False,0.024322559919406704,0.027865493933981474,0.017197363879499602,0.021566188108393888
2015-10-13,0.016454638071960643,False,0.024145106007378694,0.027662191283044948,0.01707189437681985,0.02140884429014255
2015-10-14,-0.005133152111748075,False,0.024882617855169143,0.028507132440099996,0.017593355096987492,0.022062777070833418
2015-10-15,-0.0016095287556444585,False,0.024547012073536552,0.028122640803394012,0.017356063678406405,0.0217652040587436
2015-10-16,0.004820835304693984,False,0.024103948532162255,0.027615038623958824,0.01704279381832585,0.021372351015769894
2015-10-19,0.01590364308311746,False,0.023734831295084843,0.027192154101737878,0.01678180799030242,0.021045064258321696
2015-10-20,0.010359533865739273,False,0.024463421366329112,0.028026873895949055,0.017296960532456537,0.02169108632928902
2015-10-21,-0.01764380993843687,False,0.02445738394273635,0.02801995703394693,0.017292691747807083,0.021685733101120482
2015-10-22,-0.0019090047159241192,False,0.025554316301993982,0.02927667351873161,0.018068282187130035,0.022658354802138844
2015-10-23,-0.004788516731797233,False,0.025050806820288922,0.028699820570084553,0.01771227378166811,0.02221190589903029
2015-10-26,0.015558338915852427,False,0.02466186208878898,0.028254220390984238,0.01743726884391557,0.02186703861240049
2015-10-27,0.007220247973487097,False,0.025239116198842913,0.02891555994386738,0.017845418685643925,0.022378874980160186
2015-10-28,0.006857882238966653,False,0.024946092272502527,0.028579852827963246,0.017638234939221963,0.02211905820360967
2015-10-29,-0.0012433946270883846,False,0.024646158345105827,0.028236229169016087,0.01742616544874317,0.021853114506903408
2015-10-30,0.013593042165841802,False,0.02417886616968344,0.027700869103185193,0.017095764635448443,0.021438778557474877
2015-11-02,0.010985768099046,False,0.024492790419982643,0.028060520978704366,0.017317726040040848,0.021717127113554998
2015-11-03,0.0006067961351235483,False,0.024527072401249718,0.028099796628315587,0.017341965252866867,0.021747524064335836
2015-11-04,-0.018984036136730126,False,0.024064237427951676,0.027569543020816788,0.017014715922272595,0.02133714020135582
2015-11-05,0.008618089658319634,False,0.025253751471945415,0.02893232705700067,0.017855766614392112,0.022391851700283072
2015-11-06,-0.008000042667076265,False,0.025117867818775917,0.028776649976723412,0.01775968953054178,0.022271367161039692
2015-11-09,-0.008687612816387469,False,0.024940064373219592,0.028572946877624968,0.0176339728887741,0.022113713420401613
2015-11-10,0.0182188148700366,False,0.024821738253724742,0.02843738484073655,0.017550309929770413,0.022008796694546362
2015-11-11,0.01186325700189937,False,0.02564402853487512,0.02937945364094887,0.01813171358244416,0.022737900330913347
2015-11-12,0.000604594939819473,False,0.025682418581980292,0.02942343575583641,0.018158857419754308,0.02277193979798028
2015-11-13,0.011119573625157204,False,0.025222426266078585,0.028896438880058967,0.017833618001512667,0.02236407644617755
2015-11-16,0.006850361859783644,False,0.02521152318342574,0.028883947605105532,0.017825908933042464,0.022354408963304376
2015-11-17,-0.00446230102339868,False,0.02494020801068433,0.028573111437972053,0.01763407444822163,0.022113840780046086
2015-11-18,-0.007481704808129248,False,0.024606460029117698,0.028190748216886795,0.01739809659465407,0.02181791503147717
2015-11-19,0.011053137175726424,False,0.024491325147948495,0.02805884226852277,0.017316690013551978,0.021715827894540917
2015-11-20,0.0,False,0.024505269709254145,0.028074818057656898,0.017326549571744364,0.021728192178284204
2015-11-23,-0.01859124010988261,False,0.02408498090680893,0.02759330808856384,0.017029382682482743,0.021355532910369193
2015-11-24,0.007538102934156255,False,0.025103592696949516,0.028760295476128964,0.017749596248202822,0.022258709777787333
2015-11-25,-0.008446505721831912,False,0.02486168258459791,0.028483147643391014,0.017578552729674093,0.02204421430504169
2015-11-27,0.0021183242903888106,False,0.02474384496959257,0.028348145268764065,0.017495235169735744,0.02193973072354902
2015-11-30,0.0057272198748948835,False,0.02436806478495086,0.02791762724392043,0.017229538277821303,0.021606536101920232
2015-12-01,0.00030052592262251967,False,0.024105679145447707,0.027617021326197713,0.017044017455414343,0.02137388550604479
2015-12-02,-0.004819286435948883,False,0.023769968140176054,0.027232409138501792,0.016806651638035772,0.02107621919486141
2015-12-03,0.015875726573677775,False,0.023562111879397926,0.026994275595279168,0.016659686032315074,0.020891918396166623
2015-12-04,0.0011880013277246885,False,0.02403452261017239,0.02753549980837033,0.016993705940771608,0.021310792836935374
2015-12-07,0.012096326871009633,False,0.023726258299800147,0.027182332325210518,0.016775746419483532,0.021037462803969245
2015-12-08,-0.030066262355950352,False,0.02384727964930691,0.027320982191496677,0.016861315051714353,0.021144769320933027
2015-12-09,0.017969935484940643,False,0.026278954418608114,0.030106865698738598,0.018580640483857894,0.023300872776611734
2015-12-10,-0.0074482692019606144,False,0.026723323678380533,0.030615963793415562,0.01889483355738683,0.02369488356649546
2015-12-11,0.0011954574047737313,False,0.02648658986812354,0.03034474626633194,0.018727449964086623,0.02348497778764093
2015-12-14,0.0062528117971868535,False,0.02614502095210313,0.029953422878130152,0.01848594228733742,0.023182117417709272
2015-12-15,-0.012244441465453693,False,0.02588424989548345,0.029654666730731548,0.018301563062256263,0.022950898430936527
2015-12-16,-0.011180052997759248,False,0.02597886008551003,0.02976305826867057,0.018368457577882368,0.023034786852296978
2015-12-17,-0.011613822469988459,False,0.02600682381031828,0.029795095316028978,0.018388229442050746,0.023059581567632225
2015-12-18,-0.0003074558056502336,False,0.026045170681488844,0.029839027965780123,0.018415342751642565,0.023093582751708776
2015-12-21,-0.004005551496371914,False,0.02576129526942039,0.029513801978087586,0.018214627499055648,0.02284187772738971
2015-12-22,-0.013051770111487882,False,0.02554011303106844,0.029260401335165,0.0180582397072597,0.02264576112723169
2015-12-23,0.019514325300911864,False,0.025690662481676722,0.029432880499224625,0.01816468630221304,0.022779249451741607
2015-12-24,-0.015456258236691802,False,0.02623212510227486,0.030053215012522155,0.018547529627275378,0.023259350426646234
2015-12-28,-0.0049968873491038285,False,0.026503623591859878,0.03036426119925927,0.018739493727008262,0.023500081152233367
2015-12-29,0.005308365314556187,False,0.026287187038011646,0.030116297518695462,0.01858646139054013,0.023308172428427563
2015-12-30,0.0055900766687613694,False,0.02607602720477349,0.029874379189716305,0.018437159980616024,0.023120942437026965
2015-12-31,-0.005590076668761288,False,0.025873689891214958,0.029642568508510634,0.018294096568738472,0.022941535146840015
2016-01-04,-0.0274681831299374,False,0.025706654938892307,0.029451202490043314,0.0181759938334505,0.02279342955209986
2016-01-05,-0.02102616680867312,False,0.027065636035539603,0.03100813891575259,0.01913686688718518,0.02399840312655747
2016-01-06,-0.025829250472832025,False,0.02775089596441862,0.03179321690321159,0.019621382677793616,0.024606005475089784
2016-01-07,-0.006056546104506161,False,0.029423704851277255,0.03370969469353978,0.02080414893362736,0.026089242076949345
2016-01-08,0.018060691585495912,False,0.02901300492076302,0.03323917035480438,0.02051376189485588,0.025725085015072518
2016-01-11,-0.038862805714927964,False,0.0294559332586204,0.03374661763636726,0.02082693615874566,0.026117818176566294
2016-01-12,-0.014578529630234862,False,0.03324194455681237,0.0380841164528293,0.02350385068429911,0.029474776987968587
2016-01-13,0.011126679464757053,False,0.03315528315725199,0.03798483156210391,0.0234425763929628,0.0293979365546076
2016-01-14,-0.01217618104788219,False,0.032714553799821716,0.03747990357439642,0.023130956927034013,0.029007153172483046
2016-01-15,0.01666126705523854,False,0.03244574560772532,0.037171939566040126,0.022940895012967817,0.028768807864462953
2016-01-19,0.009933289416915382,False,0.03254668791296016,0.037287585583709475,0.023012266676136133,0.02885831080946557
2016-01-20,-0.043182196375135526,False,0.03215316647434909,0.03683674203365375,0.022734025759201276,0.028509385474390102
2016-01-21,0.015887359762319146,False,0.03690257424186627,0.04227797000366517,0.02609211363567292,0.032720563148826314
2016-01-22,0.00593680807800425,False,0.036753915437142154,0.04210765688551482,0.02598700382950107,0.032588751211379254
2016-01-25,-0.018626439054002308,False,0.03598607891387096,0.04122797382368255,0.02544410192549019,0.0319079303211345
2016-01-26,0.003541080187454701,False,0.03622677676998337,0.041503732817458165,0.02561428831336616,0.03212135091746185
2016-01-27,-0.02324438641400665,False,0.035491520755345445,0.040661376088408877,0.02509442258910782,0.03146941832598912
2016-01-28,0.009721048648761622,False,0.03630603133179149,0.041594531956965775,0.0256703255702602,0.03219162389835144
2016-01-29,-0.010807021606167795,False,0.03581406712000646,0.04103090601443932,0.025322480294360277,0.031755411889043635
2016-02-01,0.03802198978935652,False,0.03541390685408236,0.040572456595476994,0.025039545367855146,0.031400600076593815
2016-02-02,-0.03802198978935652,False,0.038498375793871456,0.04410622322267598,0.027220431545475106,0.034135519328120215
2016-02-03,0.027154222878696895,False,0.04170269924894111,0.04777730291558752,0.02948606134049022,0.036976710494722405
2016-02-04,-0.02606824992129079,False,0.04265411917173376,0.04886731096470304,0.030158766625981805,0.03782031006207915
2016-02-05,0.0028901754222334236,False,0.043523206222540446,0.04986299316355878,0.030773258122979142,0.03859090719011054
2016-02-08,0.030552998180018796,False,0.04247127488215112,0.048657832749453046,0.03002948583515796,0.03765818673473404
2016-02-09,-0.007374923680961373,False,0.04388270033521046,0.050274852813575126,0.031027439882161133,0.038909661370730965
2016-02-10,-0.004238791228309987,False,0.04296344261632451,0.04922169186035885,0.030377475012381663,0.03809457920210736
2016-02-11,-0.021106131355837797,False,0.0419993673730528,0.04811718505958191,0.02969582173161281,0.03723975848767862
2016-02-12,0.02181384546888673,False,0.042230374102419276,0.04838184127328639,0.029859155969320185,0.037444586211254176
2016-02-16,-0.012099791748413599,False,0.042435019318217714,0.04861629603620383,0.030003851192764837,0.03762603985897941
2016-02-17,0.029979321502136388,False,0.0418573422415942,0.0479544719055288,0.029595402290821197,0.03711382845764458
2016-02-18,0.002775851886502981,False,0.0431450072393962,0.049429704007089896,0.030505851009848803,0.03825556788208054
2016-02-19,-0.01747685168179808,False,0.0421483393662908,0.04828785698670067,0.02980115297898386,0.03737184812132321
2016-02-22,0.006677234438092518,False,0.04205485405271338,0.04818075417979877,0.029735053811778298,0.03728895709896934
2016-02-23,0.00593680807800425,False,0.041589528640501694,0.04764764736479752,0.029406043606327127,0.03687636502787875
2016-02-24,0.01828582949784212,False,0.04070826336886765,0.04663801301042378,0.028782941449281386,0.03609496978476166
2016-02-25,0.00477490675296038,False,0.040586627764091894,0.046498659413669735,0.028696938505390488,0.03598711862345445
2016-02-26,-0.01958488985945,False,0.039714668069481145,0.04549968612872922,0.02808041589403025,0.03521397439606953
2016-02-29,0.02298163225580889,False,0.03987303743767826,0.04568112429491928,0.028192391593186785,0.0353543964403142
2016-03-03,0.0006800408286554666,False,0.04030086671329649,0.046171273116590285,0.028494890004352746,0.03573374165179002
2016-03-04,0.019855944278984364,False,0.03939366077496464,0.04513191946075706,0.027853446394517607,0.03492934548691488
2016-03-07,-0.00233528046079349,False,0.03984722273111976,0.045651549301522334,0.028174139201020822,0.03533150720417095
2016-03-08,-0.013450101888248531,False,0.03896799895291834,0.04464425381374205,0.0275524804901228,0.034551922100756916
2016-03-09,0.017450107221594617,False,0.038603152114196106,0.04422626173540267,0.027294514064443033,0.03422842179566121
2016-03-10,0.00828230674488346,False,0.038511915760558076,0.04412173548211013,0.02723000503341378,0.03414752486822425
2016-03-11,0.0,False,0.038186071752693715,0.04374842756326216,0.026999615716262713,0.033858607369783265
2016-03-14,0.003951272839167995,False,0.03733704274781727,0.04277572515596818,0.026399306341365888,0.03310579519502372
2016-03-15,-0.014564971147962033,False,0.03665645205447259,0.04199599654599616,0.025918091952533792,0.03250233293750936
2016-03-16,0.013578615651258286,False,0.03645423470401597,0.041764323302260056,0.025775113361050254,0.03232303201551846
2016-03-17,0.024692612590371414,False,0.03624826314291269,0.04152834899258566,0.025629480339819804,0.0321404023315357
2016-03-18,0.0006416426270830401,False,0.037041628264298194,0.042437279263521525,0.02619043234186971,0.032843858772927254
2016-03-21,-0.014862955350159055,False,0.036225440103410375,0.041502201445990476,0.025613343217886175,0.032120165729601406
2016-03-22,-0.012117390773964187,False,0.036064070420974086,0.04131732592622789,0.02549924613447178,0.031977083383913106
2016-03-23,-0.024009155920033366,False,0.035713094244841335,0.04091522497388546,0.025251087016599724,0.03166588183847034
2016-03-24,-0.0003375527458211257,False,0.036693312817557736,0.04203822661444103,0.02594415450342283,0.032535016427781234
2016-03-28,0.0026972369690011593,False,0.03592608189449774,0.04115923736728399,0.025401680791478577,0.03185473250766284
2016-03-29,0.0,False,0.03526406500909181,0.040400788110067726,0.02493359908830165,0.03126773916777983
2016-03-30,0.001345895223355163,False,0.034835686515019955,0.0399100100683007,0.024630712350017667,0.0308879069784315
2016-03-31,-0.00810267768623492,False,0.03416052352636567,0.039136499787017213,0.024153335641631236,0.030289257327021826
2016-04-01,-0.023667714249336988,False,0.03372289395721299,0.03863512311675872,0.023843907893479517,0.029901222447411495
2016-04-04,-0.003477054963464547,False,0.03478590504319517,0.03985297720228023,0.024595514160013626,0.030843767028144873
2016-04-05,0.0038240964384034758,False,0.034084530764802744,0.03904943757632167,0.024099604653727985,0.03022187650048988
2016-04-06,0.006226239415098098,False,0.03353408213615488,0.0384188081124256,0.023710407735509035,0.029733807863440067
2016-04-07,-0.01739174271186922,False,0.03292007333696673,0.037715360016259664,0.023276270342905553,0.029189382058451705
2016-04-08,0.007689656905418571,False,0.033219762285111226,0.03805870301116945,0.02348816661981813,0.029455108538357876
2016-04-11,0.011768913962113454,False,0.03267037052606026,0.037429284365272764,0.023099716965501144,0.028967977000388435
2016-04-12,0.008907218876313973,False,0.03238547443358942,0.03710288902025699,0.022898280036727888,0.02871536696501669
2016-04-13,-0.004786333923811173,False,0.03191141350956881,0.03655977423931267,0.02256309335249531,0.028295029340352853
2016-04-14,0.011923152661191644,False,0.03132988821057778,0.0358935413368063,0.022151923549439168,0.02777940581925201
2016-04-15,-0.004071943189927587,False,0.031115537009534282,0.03564796677096246,0.022000365670064328,0.0275893461241261
2016-04-18,0.018194571995554784,False,0.03049807888032095,0.03494056689976907,0.02156378941478438,0.027041861886948956
2016-04-19,0.015899639347421245,False,0.030875559297043192,0.03537303282018306,0.021830688462634106,0.027376564060619883
2016-04-20,0.0055710450494554295,False,0.031236165759537304,0.03578616684992664,0.02208565671323598,0.02769630453321074
2016-04-21,0.00032674399898604796,False,0.030660717939866036,0.03512689669984764,0.02167878401639228,0.02718606975666102
2016-04-22,0.024525269245265616,False,0.030015437230931665,0.03438762148621443,0.021222535694145922,0.026613915953866075
2016-04-25,-0.0076800377490699265,False,0.0313247608785967,0.03588766713447358,0.02214829824872651,0.027774859545900667
2016-04-26,0.021608721307535914,False,0.030928120624117723,0.03543325046773375,0.02186785216048027,0.02742316883703619
2016-04-27,-0.0034640248778177625,False,0.031818199321733485,0.03645298205155394,0.022497185885836872,0.028212378718218956
2016-04-28,-0.004109378313334687,False,0.031206001396851604,0.03575160860983078,0.022064328879199676,0.02766955856888769
2016-04-29,0.015713711135163354,False,0.030647100679997683,0.03511129588835755,0.021669155877998388,0.027173995682681352
2016-05-02,-0.0056285326830972735,False,0.03086432473049444,0.03536016177589115,0.021822745017141217,0.027366602659504642
2016-05-03,-0.003455319913396282,False,0.03035695651344436,0.03477888801106743,0.021464008277323744,0.026916732315043414
2016-05-04,-0.0059965462945761275,False,0.029859681379143507,0.034209177533046406,0.02111240789228469,0.026475811247380538
2016-05-05,-0.008903079475679473,False,0.02940570408850754,0.033689071858302506,0.02079142142186523,0.02607328126372604
2016-05-06,-0.02719494234069663,False,0.029125986670264035,0.033368609536609375,0.020593646095546495,0.02582526302555447
2016-05-09,0.003930565165194448,False,0.03109497639004542,0.03562441119870591,0.021985828201306536,0.02757111555181006
2016-05-10,0.007166154445764537,False,0.03056172514784627,0.03501348417029997,0.021608790764388687,0.027098295394869028
2016-05-11,-0.011753318452670492,False,0.03017379160282312,0.03456904247166917,0.021334500790104183,0.026754324701272335
2016-05-12,-0.008906540816203226,False,0.030057432760298455,0.0344357342742064,0.02125222880219976,0.026651152309292343
2016-05-13,-0.019067311226202897,False,0.029762187516628232,0.034097482273849934,0.021043474464419832,0.02638936594781564
2016-05-16,-0.011549041409705458,False,0.030433689313049146,0.03486679805709094,0.02151826251210284,0.026984769314267333
2016-05-17,-0.009612157770230376,False,0.03035091557561595,0.03477196712293021,0.021459737007919828,0.026911375970892538
2016-05-18,0.010977811789237036,False,0.03010791153084654,0.03449356601063396,0.021287920020072456,0.02669591053641678
2016-05-19,-0.013049635734757373,False,0.02989178365828749,0.03424595597527114,0.021135105937952155,0.026504275512368326
2016-05-20,0.006546104340441419,False,0.029938305179473972,0.03429925403150852,0.021167999166737395,0.02654552494829615
2016-05-23,0.016011243083633116,False,0.029585323177081204,0.03389485507518682,0.02091842182133555,0.026232544888314637
2016-05-24,-0.0020297706562870284,False,0.02984008929717028,0.034186731579857764,0.0210985552318753,0.02645843945236103
2016-05-25,-0.009869060874253564,False,0.02928217929063171,0.03354755388004239,0.020704082716389693,0.025963755003502263
2016-05-26,-0.0027397277411203274,False,0.029087088612699253,0.0333240454121625,0.02056614306739634,0.02579077311868312
2016-06-01,-0.004258810695796338,False,0.0285675999712128,0.03272888570709532,0.020198836532701315,0.025330155905709098
2016-06-02,0.0036047884357273924,False,0.028111885302982184,0.03220678958048347,0.019876621642461317,0.024926085434040773
2016-06-03,-0.008541444833031358,False,0.02764724134249264,0.031674463480542335,0.019548093260192852,0.02451409758865977
2016-06-06,0.010502229774972137,False,0.027480618424615317,0.031483569515320026,0.019430281855517723,0.02436635733426144
2016-06-07,0.008128804311891483,False,0.027336466094914268,0.03131841930571364,0.019328358370647673,0.024238541172274496
2016-06-08,0.008063259296941407,False,0.027041661255994068,0.030980671861453684,0.0191199154228187,0.023977145306358874
2016-06-09,0.0009632365490307814,False,0.026759949429323443,0.030657924616787315,0.018920729941994875,0.023727358677547224
2016-06-10,0.0060790460763821925,False,0.026326941365841863,0.03016184264160494,0.018614569848027604,0.02334342156811311
2016-06-13,0.003820443997385728,False,0.025932368076342815,0.02970979402330658,0.018335585215689128,0.022993563583917347
2016-06-14,-0.0006357279298659814,False,0.02550371055647596,0.029218696311586082,0.018032501191093824,0.022613483989575387
2016-06-15,0.004758137446416798,False,0.025029174504793042,0.028675037193736593,0.017696978565935412,0.02219272508143748
2016-06-16,-0.03248396243005429,False,0.024651978006429463,0.028242896548512694,0.017430280263703836,0.021858274650870518
2016-06-17,0.015247659557729014,False,0.028571870307501163,0.03273377807986914,0.02020185589116038,0.025333942303028545
2016-06-20,0.020395863162693834,False,0.02879423839435727,0.03298853730734897,0.020359082141913752,0.025531110364545622
2016-06-21,0.007855499940308833,False,0.029568257447566436,0.03387530347437471,0.020906355428599463,0.026217413145021906
2016-06-22,0.0031250025431352807,False,0.029195219243982263,0.03344792683994306,0.020642597265427123,0.025886649767451007
2016-06-23,0.009316837580230539,False,0.02868326794471256,0.03286140240042831,0.020280620038881206,0.02543271572189942
2016-06-24,-0.05235136635375813,False,0.02844550223770841,0.03258900266585323,0.020112506838832953,0.025221894986747876
2016-06-27,-0.011795680672765308,False,0.03611125293128696,0.04137138125425545,0.025532606718279054,0.032018918901893345
2016-06-28,0.00525970969297982,False,0.03570862341819037,0.04091010290641662,0.02524792590062289,0.03166191767150461
2016-06-29,0.009138444797367246,False,0.03508147133507812,0.040191597016183224,0.024804495496224457,0.03110583805481186
2016-06-30,-0.024335301514799228,False,0.03457947956045946,0.03961648285069673,0.02444956019166613,0.03066073486352917
2016-07-06,0.004820835304693984,False,0.035629991787046913,0.040820017436469895,0.02519232908936234,0.031592197027208585
2016-07-07,0.009572504493221327,False,0.0349951707114822,0.04009272545367996,0.024743476292985796,0.031029317512216496
2016-07-08,-0.004136839630726211,False,0.034588101871801315,0.03962636112688104,0.024455656631601704,0.030668380045160693
2016-07-11,0.0006375518226795118,False,0.033898872631808026,0.03883673564050978,0.023968334323595047,0.030057258210586007
2016-07-12,0.004768726252082873,False,0.03324319104127371,0.03808554450585133,0.0235047320161541,0.029475882213670843
2016-07-13,0.009155549352671308,False,0.032615699457591574,0.03736664966186051,0.023061061566511377,0.028919501570557466
2016-07-14,0.004702940162109207,False,0.03219303569017952,0.03688241877966884,0.022762215448711678,0.028544736482309593
2016-07-15,-0.04216530068952963,False,0.03163710380349672,0.03624550734158842,0.022369141570831228,0.02805180598143376
2016-07-18,0.0065040879691764825,False,0.03619250210823462,0.041464465553559385,0.025590054275835026,0.032090960456709595
2016-07-19,-0.028606257676945183,False,0.03552749344953978,0.04070258872783428,0.025119857227313497,0.0315013143884238
2016-07-20,-0.009720203898783187,False,0.03709956270903106,0.042503652701334875,0.026231395124180826,0.03289522775453134
2016-07-21,-0.022825041319626593,False,0.036538250676832036,0.041860577421424364,0.025834517192760215,0.03239752681704695
2016-07-22,-0.00552869411031694,False,0.03720825906341322,0.04262818225799825,0.026308249319005675,0.032991606015416286
2016-07-25,-0.011149941297034418,False,0.03650188263798193,0.041818911849653695,0.02580880302452458,0.03236528021267744
2016-07-26,-0.0010517091241097566,False,0.03604064649737323,0.041290489968040404,0.02548268415501796,0.031956313993508206
2016-07-27,0.0021023133181009928,False,0.035269052514836224,0.040406502118442135,0.024937125524310936,0.03127216146080458
2016-07-28,-0.002453128968076863,False,0.03451181026999788,0.03953895654552482,0.024401714347503697,0.030600734244676072
2016-07-29,-0.005277057100843781,False,0.03384237894199832,0.03877201282449383,0.023928390232850802,0.03000716670930446
2016-08-01,0.03159436541821718,False,0.03328370102697391,0.03813195535917166,0.02353337476457976,0.02951180137574809
2016-08-02,-0.010305828074462607,False,0.03539806861182569,0.04055431128326518,0.025028346874925035,0.031386556714671984
2016-08-03,0.03294575434709205,False,0.034979345304974915,0.04007459484693081,0.024732286875623948,0.031015285531423405
2016-08-04,-0.0006684492227508814,False,0.03716897174577107,0.0425831721720917,0.026280471062951203,0.032956770961649236
2016-08-05,0.009980122756723891,False,0.03633506228065899,0.0416277916850637,0.02569085201949481,0.03221736489380241
2016-08-08,0.0033046956711311306,False,0.03585611309514221,0.041079076596358975,0.025352209070298084,0.03179269297343537
2016-08-09,-0.0183124811048207,False,0.03524526222128534,0.040379246423201724,0.024920304501509453,0.03125106721959097
2016-08-10,0.014676714415932934,False,0.035448602847076356,0.04061220656363459,0.02506407730933891,0.03143136412092119
2016-08-11,-0.005978098175508067,False,0.03533788644634142,0.04048536271153619,0.024985794832610465,0.031333194736907106
2016-08-12,-0.0030025043407082824,False,0.0346953095657992,0.03974918517815989,0.02453145826311059,0.030763438349183235
2016-08-15,0.012286390650715786,False,0.034143134565880154,0.03911657787195018,0.024141040707136404,0.03027383898314344
2016-08-16,0.0036237891739498967,False,0.03394871474518746,0.03889383798140784,0.024003575390454356,0.030101451930178946
2016-08-17,0.004593183928331142,False,0.03329256953209179,0.038142115690830196,0.02353964527681551,0.029519664851066732
2016-08-18,0.01752153845305804,False,0.03266896007419907,0.03742766846061829,0.023098719699836186,0.028966726389011297
2016-08-19,-0.004513224940057381,False,0.03308886582077729,0.03790873957619538,0.023395615747905406,0.02933904601114433
2016-08-22,-0.03685840060394797,False,0.03250728402760887,0.0372424419503144,0.022984406000413776,0.028823372398109885
2016-08-23,0.018599008402044516,False,0.03592016903479399,0.04115246321370997,0.025397500080228168,0.031849489727089904
2016-08-24,-0.007928683755507256,False,0.03607515939512875,0.04133003017047951,0.025507086638276482,0.03198691569199832
2016-08-25,0.003311261303656005,False,0.03549590590079573,0.04066639999396608,0.025097523123846884,0.03147330652163863
2016-08-26,-0.004306781545157689,False,0.0347886716612717,0.03985614681845077,0.02459747030845916,0.03084622011721364
2016-08-29,-0.022495492834097096,False,0.03412872488577009,0.03910006921270427,0.024130852284821442,0.030261062290522882
2016-08-30,-0.010925339126252447,False,0.0348804023106334,0.039961239368816286,0.024662328833269177,0.03092755532395152
2016-08-31,0.002742545428306376,False,0.03452950728716187,0.039559231390198527,0.024414227094712845,0.030616425734485562
2016-09-07,-0.0047602946063002305,False,0.033833706706628164,0.03876207735212161,0.02392225849393009,0.029999477261321492
2016-09-08,-0.012345835822299379,False,0.03340653624895878,0.0382726833147997,0.023620225902646334,0.029620716206770804
2016-09-09,-0.03654658306372053,False,0.033206688274404796,0.03804372458096967,0.023478922587930533,0.02944351614943334
2016-09-12,0.01280245082037618,False,0.03637070968608352,0.0416686316526868,0.025716056660966637,0.03224897253105396
2016-09-13,-0.002830858224523949,False,0.03604497160348975,0.04129544508866312,0.025485742238704454,0.031960148953825165
2016-09-14,0.009522202085149008,False,0.03530602323048411,0.040448858155637014,0.024963265817601974,0.031304942443184984
2016-09-15,0.008040595670206471,False,0.034829852946569664,0.03990332675590252,0.024626587701967136,0.030882734503372995
2016-09-16,-0.024318379003326493,False,0.034288107402703646,0.03928266810745511,0.02424354433486959,0.030402382667685805
2016-09-19,0.024318379003326528,False,0.035242871392161465,0.04037650733510125,0.0249186140561553,0.03124894733291822
2016-09-20,-0.00209132177999761,False,0.036140611465985004,0.041405016285816665,0.025553364788393554,0.03204495035927212
2016-09-21,0.0038307551634307628,False,0.03537693622594341,0.04053010065853799,0.025013405136437645,0.03136781917180533
2016-09-22,0.014835531710779611,False,0.0346503044984476,0.039697624469277284,0.024499637249112423,0.030723533513855403
2016-09-23,-0.023563113728140836,False,0.03450602634222964,0.039532330104694806,0.02439762479809719,0.03059560578473318
2016-09-26,-0.002457434973755253,False,0.03544338179180971,0.040606224985858905,0.02506038574119999,0.031426734745543854
2016-09-27,0.008051855159079645,False,0.03474763485280213,0.03980913240297527,0.024568455067874168,0.030809833834940906
2016-09-28,-0.015106558138969686,False,0.03417130886012231,0.039148856161238,0.024160961455270483,0.030298820404978187
2016-09-29,-0.03493962461718859,False,0.034100416298329134,0.039067637068463314,0.024110836584140677,0.03023596179436386
2016-09-30,0.012024192966801812,False,0.0368700251932944,0.042240679713558306,0.026069099699883403,0.03269170274488133
2016-10-03,0.011523354015022321,False,0.036444840263918976,0.04175356042555615,0.025768470984370843,0.032314702207185124
2016-10-04,0.007845974628614073,False,0.03598462018127846,0.04122630260550721,0.025443070522739853,0.03190663690047508
2016-10-05,0.007432347078227345,False,0.03541926896256242,0.04057859977291471,0.025043336668236292,0.03140535452022646
2016-10-06,-0.017428860170069938,False,0.034776081763475825,0.039841723019236254,0.024588568570553335,0.03083505697875161
2016-10-07,-0.0007178751205637791,False,0.03488740823481723,0.03996926580758315,0.02466728240015937,0.030933767296676528
2016-10-11,-0.04404381576143944,False,0.03428986475863205,0.0392846814477912,0.024244786880451414,0.03040394086997417
2016-10-12,-0.008289421995655749,False,0.03903545820501969,0.04472153948541682,0.027600177825817317,0.034611736483999886
2016-10-13,0.0198545574279085,False,0.038368599157336244,0.04395754273467936,0.027128672452314324,0.03402044972340481
2016-10-14,0.00812712267889129,False,0.03855856892563534,0.044175184358082445,0.027262991341541813,0.03418889102940309
2016-10-17,-0.010355122115204247,False,0.038225853599302036,0.043794004213459345,0.027027743631013,0.033893880909661354
2016-10-18,0.0029695641718164986,False,0.03772308817096956,0.04321800370036221,0.026672261311482676,0.033448091739535224
2016-10-19,0.009590630501701839,False,0.03694090195168185,0.042321880700931756,0.026119213397151585,0.03275454734302239
2016-10-20,-0.0025730578430552095,False,0.03641437425867445,0.041718656604282936,0.025746929872749333,0.03228768878416584
2016-10-21,0.0029400976709966567,False,0.03567512525879884,0.04087172525371816,0.025224240892208535,0.031632215715414594
2016-10-24,-0.007366515816762554,False,0.0349402789352227,0.04002983789318252,0.024704664841664285,0.030980646386465804
2016-10-25,0.011029523575499604,False,0.034365045393390525,0.03937081323362118,0.024297943650829098,0.030470601604563056
2016-10-26,0.012354808314880257,False,0.033973774763181135,0.03892254835489246,0.02402129417703324,0.030123672003388433
2016-10-27,-0.01345230248028118,False,0.0337848163739601,0.03870606543261533,0.023887690387453284,0.029956127461197857
2016-10-28,0.008746411442868453,False,0.03370026964429695,0.038609203244162595,0.0238279112819785,0.02988116205122839
2016-10-31,-0.007648917277467594,False,0.03319966837992785,0.038035682136933646,0.023473959143288366,0.02943729178960886
2016-11-01,-0.01436224282388398,False,0.032683214348434304,0.03744399907686722,0.023108798241801905,0.028979365287240936
2016-11-02,0.0048103700528974724,False,0.03261309919821613,0.03736367063695142,0.023059223042654977,0.02891719598746888
2016-11-03,-0.0014776508045132126,False,0.03219259105348683,0.03688190937518576,0.022761901066548632,0.02854434223439382
2016-11-04,-0.04692499156196808,False,0.031562718606343236,0.03616028686040031,0.02231654721781347,0.02798585054090416
2016-11-07,-0.035492684456433395,False,0.03720749825677394,0.042627310628825084,0.02630771138760943,0.032990931427743314
2016-11-08,0.004006415615438579,False,0.03971643077309235,0.04550170559571576,0.028081662220712723,0.03521553734001065
2016-11-09,-0.010854377925185815,False,0.03889837222083307,0.04456448493715201,0.02750325062898243,0.03449018586877726
2016-11-10,-0.00974824941366059,False,0.03848704413044752,0.044093240937939183,0.027212419447245846,0.03412547183370387
2016-11-14,-0.023958188468250263,False,0.03793101040420901,0.04345621282589306,0.026819273563297663,0.03363245103431412
2016-11-15,-0.005870037819795266,False,0.03873381628186512,0.04437595903632965,0.027386900690063925,0.03434427835139852
2016-11-16,0.014196480596348895,False,0.03801863102195518,0.0435565966588608,0.026881226073712697,0.03371014198176163
2016-11-17,0.005787531656919408,False,0.037733172818191635,0.04322955732288073,0.026679391701887673,0.03345703353676868
2016-11-18,0.002470153582062117,False,0.037008581784361914,0.04239941908394934,0.02616706669523202,0.03281455730938938
2016-11-21,0.0024640669551592785,False,0.03626694287848296,0.04154974970287053,0.025642687922033162,0.032156965172472615
2016-11-22,0.0004100881747034629,False,0.035591691173402926,0.04077613778232573,0.02516524848634085,0.031558236858490726
2016-11-23,-0.000410088174703443,False,0.03484576633061705,0.03992155815539791,0.024637839324202784,0.030896844491587402
2016-11-25,-0.007823799431189632,False,0.03408698919797361,0.039052254115980206,0.024101342898795647,0.030224056329931786
2016-11-28,-0.006636274873558302,False,0.03350778965610597,0.03838868575089212,0.023691817531673837,0.029710494997835055
2016-11-29,0.0008319468033927185,False,0.03311896422383256,0.0379432222486829,0.02341689694491955,0.02936573349076008
2016-11-30,-0.007512556201031461,False,0.03244538111511234,0.03717152197978565,0.022940637296998877,0.02876848467824071
2016-12-01,0.004180608095554165,False,0.03206318028609758,0.03673364805048861,0.02267040066263997,0.02842959703643703
2016-12-02,-0.0037617599218916845,False,0.03155456389618663,0.03615094429830343,0.022310781397177827,0.027978619969213126
2016-12-05,-0.013490929741015402,False,0.03092682703841911,0.03543176845249533,0.021866937525505906,0.02742202184787867
2016-12-06,-0.0038273489204538194,False,0.030835563270306787,0.03532721079141225,0.021802409110962272,0.027341100612732663
2016-12-07,-0.027647549321227937,False,0.03073520303694626,0.03521223163283736,0.021731449004055294,0.027252113775885427
2016-12-08,-0.009240989853729785,False,0.03254165467974786,0.03728181918699752,0.023008707908336645,0.028853847971071517
2016-12-09,-0.04475323072300695,False,0.032166658026297715,0.03685219882604033,0.022743565015304598,0.028521348086391566
2016-12-12,0.03184982588709917,False,0.037003900170790645,0.04239405552538463,0.02616375654151485,0.032810406243084546
2016-12-13,0.021706278581863074,False,0.03884753082324926,0.04450623775179565,0.0274673030142047,0.03444510610958993
2016-12-14,0.01132909720596923,False,0.03924695999561433,0.044963849582806636,0.027749721018066567,0.03479926968019058
2016-12-15,-0.02901302399588494,False,0.03876973691066054,0.04441711202627479,0.027412298515219757,0.034376128248783534
2016-12-16,-0.0017857147602346438,False,0.04014837830003366,0.045996572551811846,0.02838707245805097,0.035598534098980054
2016-12-19,0.028630010948814708,False,0.03935394266749176,0.045086415834225874,0.02782536354677956,0.0348941284628883
2016-12-20,-0.020619287202735703,False,0.040637790572062904,0.04655727482750305,0.028733113374676034,0.036032483368962843
2016-12-21,0.010143416627734818,False,0.04087689011270754,0.04683120268795554,0.028902169667167934,0.03624448678008646
2016-12-22,-0.040291931722821285,False,0.040286059239989076,0.0461543087197919,0.02848442032075664,0.035720612246175815
2016-12-23,0.03368834180021071,False,0.043508228340917214,0.049845833535999064,0.030762667951497513,0.03857762668782698
2016-12-27,-0.011997477832943918,False,0.045350835409126516,0.05195684307825246,0.032065490694824374,0.04021141896851333
2016-12-28,-0.014408173609183268,False,0.04470130163707424,0.05121269528110397,0.031606235227183636,0.03963549408407478
2016-12-29,-0.018307147444356128,False,0.04426620136869787,0.05071421634100517,0.031298595831325215,0.039249701870388815
2016-12-30,-0.018178081534696952,False,0.04412944673672908,0.05055754141121994,0.031201902918409512,0.039128445056652694
2017-01-03,0.018639868659042703,False,0.04398503032764322,0.05039208865523192,0.031099792715147612,0.03900039474226948
2017-01-04,0.03225353392919371,False,0.04388835434611706,0.05028133041326621,0.031031437573327752,0.03891467463673515
2017-01-05,0.011113695185936119,False,0.04544108800163858,0.0520602422713269,0.03212930415359027,0.04029144362027018
2017-01-06,-0.00044218439809587114,False,0.04474922410082936,0.05126759834753672,0.03164011899805026,0.03967798569973469
2017-01-09,-0.03464913541317413,False,0.04378971501976234,0.05016832283679001,0.030961694240645186,0.03882721368385437
2017-01-10,0.010476069391940701,False,0.04575268197204945,0.05241722442785646,0.0323496179244092,0.04056772597712687
2017-01-11,-0.036921591056499205,False,0.04500638626419585,0.051562219913978864,0.03182194654063241,0.03990600477370963
2017-01-12,0.04728904925392718,False,0.04738512396197333,0.05428745529658609,0.03350384260330476,0.042015170290036104
2017-01-18,-0.0008952552075112774,False,0.05151753030301294,0.059021806623524645,0.03642567713800382,0.0456792686738609
2017-01-19,-0.03138761187378574,False,0.05031156306837453,0.05764017275057922,0.03557299315122154,0.04460996855409761
2017-01-20,-0.011152531950475003,False,0.051442469827273976,0.058935812499620065,0.03637260532654448,0.04561271448118316
2017-01-23,0.011614532420693083,False,0.05055731946073172,0.057921727129853356,0.035746756197507945,0.044827874424366906
2017-01-24,0.016491441089871432,False,0.04969899168243018,0.0569383714477672,0.035139872087437095,0.044066817266450675
2017-01-25,-0.0040974334585555236,False,0.049230840384801966,0.05640202711610679,0.034808863828329116,0.043651719555465776
2017-01-26,-0.02775386278217099,False,0.048177980969230434,0.055195803439192954,0.03406443534121522,0.042718176199702786
2017-01-27,-0.01750695292949704,False,0.048914803574931755,0.05603995495604084,0.03458540872998983,0.043371497847166096
2017-01-30,-0.008147660697065417,False,0.04853854531021833,0.05560888921182134,0.0343193738096366,0.043037879324237784
2017-01-31,0.011959004043526981,False,0.047625271449512584,0.05456258375261453,0.03367363985086606,0.04222810288870954
2017-02-01,0.002849004776074871,False,0.046913080727592,0.053746652111073746,0.03317008253465202,0.041596621698864175
2017-02-02,-0.01192477760551709,False,0.04589819691533439,0.0525839357355003,0.0324525048506977,0.040696750333521256
2017-02-03,-0.005774799493883908,False,0.04525225629978822,0.05184390449027547,0.03199578993882561,0.040124011408511746
2017-02-06,-0.012139017718084096,False,0.04434588924274924,0.050805511910975924,0.03135493946338475,0.0393203590580962
2017-02-07,-0.020731245920620023,False,0.04373806060854165,0.050109144210555644,0.030925171781303447,0.03878141304639248
2017-02-08,-0.006003019527874869,False,0.0438626684922369,0.05025190304181114,0.031013276286966596,0.03889189965094665
2017-02-09,-0.009579100219367783,False,0.0429646504954737,0.049223075684644464,0.030378329048195322,0.03809565019747257
2017-02-10,-0.017889564750775057,False,0.042198828005006656,0.04834570002873792,0.02983685117418429,0.03741661509829812
2017-02-13,-0.026124787741142207,False,0.042158507948573086,0.048299506770639655,0.029808342716010985,0.037380864341615076
2017-02-14,0.02095414540421943,False,0.04309031505916165,0.049367045116676535,0.03046718068370002,0.03820707373298995
2017-02-15,0.04708538667468765,False,0.04328956479092584,0.049595318464968,0.030608061008443613,0.038383743343837325
2017-02-16,0.02442720379895688,False,0.047745711480301815,0.054700567622671246,0.033758797459358086,0.042334893965322695
2017-02-22,-0.0009857073247591882,False,0.04804802535738579,0.05504691790553437,0.0339725497028416,0.04260294790218518
2017-02-23,0.01904819497069441,False,0.04701236080167129,0.053860393769484226,0.03324027891059199,0.04168465078626714
2017-02-24,-0.019048194970694474,False,0.04683456342002181,0.05365669761758871,0.03311456655633405,0.04152700242233925
2017-02-27,-0.005934735519814578,False,0.046697994703785634,0.05350023568486202,0.033018005095885324,0.04140591045529999
2017-02-28,-0.03688217981381913,False,0.04577575089400852,0.052443653673258414,0.03236592889852345,0.040588180596709496
2017-03-01,-0.006195166948925659,False,0.048019521482464925,0.05501426202735649,0.033952395923362216,0.0425776742496421
2017-03-02,0.01592635769679396,False,0.04707587560467,0.05393316042577135,0.033285187307673665,0.04174096772797379
2017-03-03,0.013667638728663835,False,0.04664454875183133,0.05343900455397311,0.032980215920457655,0.04135852130476247
2017-03-06,-0.010614201241773428,False,0.046068906597375975,0.052779511761427006,0.03257320581842275,0.040848114216559546
2017-03-07,-0.009188426054406255,False,0.04534513111374269,0.051950307869419905,0.03206145744981575,0.04020636111655691
2017-03-08,-0.0025673955052458097,False,0.04458017503725324,0.051073924833267066,0.03152059217729454,0.03952809424436524
2017-03-09,-0.007223973624032275,False,0.043618460630009036,0.04997212275856425,0.03084060813514034,0.03867536682250237
2017-03-17,-0.006930720812208499,False,0.042793612342490545,0.049027123341214174,0.030257395833769078,0.03794399506770131
2017-03-20,0.04990136733839853,False,0.04193218068616995,0.048040211656207345,0.029648317114252996,0.03718018578100232
2017-03-21,0.01779906473814393,False,0.047220542562298004,0.05409890022633462,0.03338747466229064,0.0418692401973032
2017-03-22,0.005093782720256418,False,0.046987777302241504,0.053832229326411345,0.0332228970483815,0.04166285322980836
2017-03-23,0.005067967539243064,False,0.046052032686879504,0.052760179920858415,0.032561275052095544,0.040833152554255216
2017-03-24,-0.020896975877216062,False,0.04512354503603408,0.051696444562074645,0.031904784121777385,0.040009886442431336
2017-03-27,0.008876489023091419,False,0.045206590837540396,0.0517915871903911,0.03196350198995824,0.04008352101802009
2017-03-28,-0.00981545622822897,False,0.04449451602507325,0.050975788342198625,0.03146002662798974,0.039452142602104966
2017-03-29,-0.020404029332761683,False,0.043798534563489505,0.05017842707512036,0.03096793013453258,0.03883503374636754
2017-03-30,0.004782409880215098,False,0.04392511697314261,0.05032344805070948,0.031057430736720897,0.03894727111228784
2017-03-31,-0.0004772130846946423,False,0.04304599511130094,0.049316269324886565,0.030435844086195207,0.038167776375487884
2017-04-03,0.005711581447951002,False,0.04210753909002675,0.04824111355778086,0.029772304979446725,0.0373356715660716
2017-04-04,0.0014228126659230444,False,0.04124662144617751,0.04725479075862528,0.02916358969451721,0.03657231804100643
2017-04-05,0.0004738213782084904,False,0.04030816470963416,0.046179634172061064,0.028500050082034784,0.03574021259737938
2017-04-06,-0.011434140771119814,False,0.03935588712244476,0.04508864352727617,0.027826738381479726,0.03489585256106808
2017-04-07,-0.03958493855531993,False,0.038814342776285135,0.04446821538390248,0.027443837272030227,0.034415679122210725
2017-04-10,-0.02575249610241474,False,0.04243488809091299,0.048616145693736755,0.0300037584079709,0.03762592350310454
2017-04-11,0.008658062743114531,False,0.043190011998524264,0.04948126436285173,0.030537671805916284,0.038295472444114506
2017-04-12,-0.01584495199357045,False,0.04266292235191044,0.048877396455894166,0.03016499094995497,0.03782811561545311
2017-04-13,-0.03246358375554493,False,0.04243025164625539,0.04861083388359384,0.03000048019111592,0.03762181248691335
2017-04-17,0.01688694482680767,False,0.04420163108418738,0.050640240456998525,0.03125294115179275,0.03919244906038115
2017-04-18,0.00885653093021798,False,0.04397665544970197,0.05038249385471572,0.03109387122399375,0.038992968953468286
2017-04-19,-0.01779220142446742,False,0.043227455144022375,0.04952416164616418,0.03056414613263426,0.0383286723178884
2017-04-20,-0.04425978714309886,False,0.04312924396133687,0.049411644578699225,0.03049470552065612,0.038241590988983803
2017-04-21,0.025607501118519452,False,0.047002689459843074,0.053849313656291344,0.033233440749429105,0.04167607545629287
2017-04-24,-0.01845872170485215,False,0.04749605482793499,0.05441454485388549,0.0335822767185349,0.04211352983484896
2017-04-25,0.02489306025749781,False,0.04729918055961671,0.054188992989782456,0.03344307597478102,0.04193896648632302
2017-04-26,0.006393202383062906,False,0.04771220735520078,0.05466218313527107,0.03373510823286482,0.042305186719591555
2017-04-27,-0.0037243990909824397,False,0.04680406025769191,0.05362175122676112,0.033092999172645785,0.04149995605308835
2017-04-28,-0.017204725449630833,False,0.04587319258872975,0.05255528916566416,0.03243482544093958,0.0406745796404336
2017-05-01,-0.017505917513614522,False,0.045623597140684855,0.052269336516498524,0.03225834797487853,0.040453269778257445
2017-05-02,-0.0038706158359433085,False,0.0453719187951695,0.051980997565602274,0.03208039778777817,0.04023011306448313
2017-05-03,-0.01394722748085044,False,0.04446085586262617,0.05093722508834732,0.03143622707466297,0.039422297002073635
2017-05-04,0.03260858131819015,False,0.0440361998951061,0.05045071181317525,0.031135972363759094,0.03904576548124541
2017-05-05,0.014575156802968087,False,0.04568145675630939,0.0523356242252574,0.03229925784896745,0.040504572410816383
2017-05-08,0.04659309101217694,False,0.04522267458567485,0.05181001376997653,0.0319748740688073,0.04009778206368737
2017-05-09,0.01774444529907191,False,0.04925839536677105,0.05643359588129659,0.03482834668922803,0.04367615184904169
2017-05-10,-0.0030196298737199456,False,0.04890328600111654,0.056026759680364864,0.034577265183070194,0.043361285510788904
2017-05-11,-0.0010085729548847744,False,0.04790618444438286,0.05488441580402984,0.03387226051445048,0.042477181213916214
2017-05-12,0.0312913535869688,False,0.0469124154592565,0.05374588993674552,0.03316961215399797,0.04159603182254715
2017-05-15,0.012150817782512528,False,0.0481131042176818,0.05512147644677419,0.03401856397293003,0.0426606516532572
2017-05-16,-0.017544309650909508,False,0.047485017571037305,0.05440189986026027,0.033574472781624884,0.04210374338312493
2017-05-17,0.00978481387999827,False,0.04721323978243854,0.05409053369055264,0.03338231120240027,0.04186276501028812
2017-05-18,0.01450001238475404,False,0.0464440289828425,0.05320927616909439,0.032838437610783,0.041180725584583584
2017-05-19,-0.02723903816218372,False,0.045957591258459954,0.05265198172710489,0.03249449986004289,0.040749413769469806
2017-05-22,0.0034457331656216534,False,0.04676740519117357,0.053579756817574695,0.033067082060342146,0.041467454948670074
2017-05-23,-0.006903380473074343,False,0.045821454881155854,0.05249601510975329,0.032398244086576065,0.04062870514623838
2017-05-24,-0.0649014436575975,False,0.04488759912240896,0.05142612970020755,0.031737957613961705,0.03980067927124924
2017-05-25,-0.009016237159514719,False,0.053552839642253915,0.0613535883206125,0.03786475079761246,0.04748392510041653
2017-05-31,0.005385569932592566,False,0.05255492821845783,0.060210316608318215,0.03715917350922688,0.04659910271525591
2017-06-01,-0.01178795575204224,False,0.0514930544598222,0.05899376551838519,0.03640837139457042,0.045657566573419496
2017-06-02,-0.011428695823622744,False,0.05072795549312657,0.05811721877799289,0.035867405090953854,0.044979173004158296
2017-06-05,-0.006517947367214105,False,0.04996626117319744,0.057244572620603916,0.03532884605653587,0.04430379824759001
2017-06-06,-0.006560709881297061,False,0.04903911384568247,0.05618237282270511,0.03467330280722277,0.04348172056597934
2017-06-07,-0.006094483058761233,False,0.04815797668303073,0.05517288523824706,0.03405029123014855,0.04270043891380087
2017-06-08,0.0,False,0.04726955445742866,0.05415505141564125,0.033422128719995864,0.04191269778373485
2017-06-09,0.02862359611878931,False,0.04633328566547505,0.05308240147956512,0.03276013610254121,0.04108253233428396
2017-06-12,0.01912291663253902,False,0.04723581426552579,0.05411639647488188,0.03339827258152028,0.041882781223644056
2017-06-13,-0.018133307447372755,False,0.04708808545213387,0.05394714881480468,0.0332938203294627,0.04175179388558438
2017-06-14,0.008862687257845324,False,0.046895620168811096,0.053726648168379985,0.03315773697629428,0.04158113987061936
2017-06-15,-0.00688640202963336,False,0.04613587837419393,0.05285623894996524,0.032620558482756246,0.04090749636801052
2017-06-16,-0.02549500747340647,False,0.04532065023203934,0.05192226099183533,0.032044148143881734,0.04018465454859601
2017-06-19,-0.03976769816534908,False,0.04590115340747695,0.05258732288365153,0.032454595250365786,0.04069937177903927
2017-06-20,-0.01059331940166494,False,0.04845918825572702,0.05551797265008304,0.03426326408487842,0.04296751546572296
2017-06-21,-0.03522444901335715,False,0.04778601563774235,0.05474674266585728,0.03378729467608438,0.042370630624777667
2017-06-22,-0.011092737149718122,False,0.0495243072225106,0.05673824165985101,0.035016360737016534,0.04391192905013126
2017-06-23,0.027504484064690464,False,0.04878427658555375,0.055890414815414784,0.03449311909683168,0.043255762923890086
2017-06-26,-0.01862047227452816,False,0.049403062862535894,0.056599336298384144,0.034930634424336825,0.04380442479552318
2017-06-27,0.009901070982711537,False,0.04912897768169676,0.05628532663125314,0.03473684139414233,0.04356140051735156
2017-06-28,0.0043692041106639995,False,0.048398686057543217,0.055448657428244966,0.03422048576215564,0.04291386972319721
2017-06-29,-0.00710968266876701,False,0.04744776548437119,0.05435922146627286,0.03354813354382301,0.042070712916301795
2017-06-30,0.04349678947624581,False,0.046573592538481104,0.053357712537867884,0.03293004604423827,0.04129560625595013
2017-07-07,-0.029532347565017388,False,0.049753682506374956,0.05700102878432747,0.035178541454615735,0.04411531021295401
2017-07-10,-0.01870241531271462,False,0.05057630352573569,0.05794347649957279,0.035760178957072196,0.044844707106382865
2017-07-11,-0.011728701889825235,False,0.05030991920990077,0.057638289440250026,0.035571830854471805,0.044608510987082205
2017-07-12,0.0011229647446237235,False,0.04956800214056093,0.056788301377163314,0.03504725540467842,0.04395067220978126
2017-07-13,0.028217639808950323,False,0.04854056442010702,0.055611202434382695,0.034320801429409506,0.04303966961702832
2017-07-14,0.023187881726464993,False,0.04923457043221287,0.05640630049908319,0.03481150117336293,0.04365502689253816
2017-07-17,0.01796139147450564,False,0.04946934010956969,0.05667526778879062,0.03497749601859123,0.043863191125283425
2017-07-18,0.0005234231995974092,False,0.04917686189918828,0.056340185880298654,0.03477069812283435,0.043603858221033534
2017-07-19,0.01712104078011135,False,0.048187847694831955,0.05520710739664268,0.03407141164926136,0.04272692477144201
2017-07-20,0.006153865574378286,False,0.04795417735869406,0.054939399583165106,0.03390619409766631,0.04251973529627165
2017-07-21,0.006116227017436054,False,0.04704462385313643,0.0538973564028531,0.033263090630976176,0.04171325760393573
2017-07-24,0.0,False,0.04612968740518995,0.05284914617643327,0.03261618113320583,0.04090200699507626
2017-07-25,-0.021572485254127888,False,0.04512191584385236,0.05169457805439587,0.03190363219488846,0.040008441879639756
2017-07-26,-0.007295498746724234,False,0.04523595479949831,0.05182522843977139,0.03198426389743868,0.040109557287610564
2017-07-27,0.05147633202844499,False,0.04464244820043494,0.05114526898686929,0.0315646226679465,0.03958331025599113
2017-07-28,0.023079836143835384,False,0.0497258310173726,0.05696912032154975,0.03515884894722562,0.04409061501422025
2017-07-31,0.0,False,0.049835989944817104,0.05709532549627847,0.03523673726022046,0.04418829010101041
2017-08-01,-0.018124424615881336,False,0.0489077878761442,0.056031917318857295,0.03458044825192673,0.04336527720755144
2017-08-02,0.015694289762589474,False,0.04865325860987119,0.05574031216919982,0.03440048230983087,0.043139592655689965
2017-08-03,0.002915453960124135,False,0.04830219692438869,0.05533811325182927,0.03415226273222893,0.04282831529130676
2017-08-04,-0.03304863036867537,False,0.04739544302793965,0.0542992774843427,0.03351113874042632,0.04202431994033895
2017-08-07,0.01740038930403114,False,0.04881888375886079,0.05593006302600836,0.03451758823799832,0.0432864482140862
2017-08-08,-0.005436138912260508,False,0.04850062078135296,0.05556544042466453,0.03429255911887143,0.043004252620217204
2017-08-09,-0.007960241038388428,False,0.047622104231691734,0.054558955183530246,0.03367140045675906,0.04222529459815415
2017-08-10,-0.017637141486106844,False,0.046817253854378287,0.0536368666623752,0.03310232775828179,0.04151165447582459
2017-08-11,0.011625099329478987,False,0.04657264892215705,0.05335663147012497,0.03292937885651868,0.04129476957563301
2017-08-14,-0.03424817212975835,False,0.04590566861784365,0.05259249579996877,0.03245778774802746,0.04070337529990385
2017-08-15,-0.03062541351086381,False,0.047561803002388096,0.0544898702046078,0.03362876422989182,0.04217182704956392
2017-08-16,-0.011323927961376764,False,0.04870482088850331,0.05579938524239633,0.03443693962645507,0.043185311601555955
2017-08-17,0.03201981123477157,False,0.04806031151692111,0.05506099372260041,0.03398123668138788,0.04261384172374618
2017-08-18,0.009409374178927146,False,0.04928606143213205,0.05646529191078726,0.034847908092086266,0.043700682637403246
2017-08-21,0.004153692368693395,False,0.04848808807850914,0.05555108215167732,0.03428369782088664,0.04299314019504765
2017-08-22,-0.0036335363101514507,False,0.04753667560327635,0.054461082634966886,0.033610997801222224,0.04214954723125063
2017-08-23,-0.007830893580547945,False,0.046803320644086176,0.05362090387769455,0.0330924762258692,0.041499300256732964
2017-08-24,0.008350779217419889,False,0.045990870557520755,0.05269010863928761,0.03251803012237957,0.040778921667735404
2017-08-25,0.019558008899656514,False,0.0451984444304589,0.05178225414083277,0.03195774204004527,0.040076297808452135
2017-08-28,0.02665483425547489,False,0.04535460264915365,0.05196115907148967,0.03206815433704717,0.040214759283321626
2017-08-29,-0.019038651210166468,False,0.046042732703416626,0.052749525259768885,0.032554699461359436,0.04082490649818916
2017-08-30,-0.01426412366305612,False,0.04599196947426744,0.052691367629214655,0.032518807115888004,0.0407798960489417
2017-08-31,0.00868460119955094,False,0.04556318887581097,0.05220012891072088,0.032215636068080575,0.04039970732398089
2017-09-01,0.010624941844704909,False,0.04484141296969624,0.05137321586373166,0.03170530150880556,0.03975972719791872
2017-09-13,0.019321879282270117,False,0.04419650491206984,0.050634367583480305,0.03124931667116627,0.03918790381545096
2017-09-14,-0.008376496379049164,False,0.04415208443722848,0.05058347662149531,0.031217908995655214,0.03914851732326152
2017-09-15,-0.005955352588686628,False,0.04339816636102279,0.04971973943063875,0.03068484818565813,0.03848003756193519
2017-09-18,-0.017068687479712224,False,0.04255135652515481,0.04874957944654154,0.030086107883139996,0.03772919306724055
2017-09-19,-0.005076153031860661,False,0.04255941331122937,0.04875880982049198,0.030091804466159326,0.03773633681216743
2017-09-20,0.01665443490513731,False,0.041693310527413006,0.0477665465904451,0.029479423007147964,0.03696838575689698
2017-09-21,0.01144575819512209,False,0.041477353796379395,0.047519132625855866,0.029326729931332,0.03677690247963599
2017-09-22,-0.01898158888382508,False,0.040860530881184055,0.04681246049682547,0.028890602806679953,0.03622998147038578
2017-09-25,-0.005562593357215305,False,0.04089082007451324,0.04684716175096057,0.028912018902725125,0.03625683811882876
2017-09-26,-0.0005072280098605403,False,0.040446390880500546,0.046337994991751,0.02859778345245039,0.03586277418679617
2017-09-27,0.02207816722806315,False,0.03953099783752243,0.04528926166060344,0.027950551117325317,0.03505111872686945
2017-09-28,-0.01752235069220249,False,0.0401896344346551,0.046043838241477834,0.02841624277407434,0.03563511485210881
2017-09-29,0.03132247112904107,False,0.040206037293794995,0.04606263041522013,0.028427840481644092,0.03564965884529451
2017-10-02,-0.0029411785908162623,False,0.041966563204911794,0.04807960248803634,0.029672627412505176,0.037210671875775404
2017-10-03,0.021850832948108297,False,0.041127249899324585,0.04711803101270453,0.02907918756189257,0.03646647436160959
2017-10-04,-0.0019230775157414877,False,0.041553364528943516,0.04760621542528986,0.02938047362570397,0.036844299240592335
2017-10-05,0.0028832312140849347,False,0.04073673530392916,0.04667063229623802,0.028803072645554664,0.036120215117053205
2017-10-06,0.0004797313596442441,False,0.03991512696134485,0.045729344768845624,0.02822215116028859,0.03539171613806782
2017-10-09,-0.03762965342128198,False,0.039056597007811715,0.04474575746176983,0.027615124101406565,0.034630479716575305
2017-10-10,0.0182585876652824,False,0.042038955822595,0.04816254014162217,0.029723812904189142,0.037274860547353905
2017-10-11,0.02510996242501777,False,0.04199694556767572,0.04811441048308718,0.029694109384374154,0.0372376111351591
2017-10-12,-0.003343685943063266,False,0.04278820509986085,0.04902092845518259,0.030253572621105788,0.03793920060477939
2017-10-13,-0.0014364378816559135,False,0.041954200252270674,0.048065438691833606,0.02966388613708438,0.03719970996374324
2017-10-16,-0.020818955753605716,False,0.04109287426501286,0.04707864806812287,0.029054882131304416,0.03643599437108357
2017-10-17,0.009737175277858244,False,0.0413576876626791,0.047382035382236044,0.029242119509891338,0.03667079759766073
2017-10-18,0.0014524330803148008,False,0.040754074515713216,0.04669049721598288,0.028815332405029908,0.036135589350037946
2017-10-19,0.037041271680349076,False,0.03999015573850021,0.045815302576807625,0.028275200559136817,0.035458242224427006
2017-10-20,-0.0032687397771267897,False,0.04264226817325117,0.04885373369621557,0.030150387329809205,0.037809802086627764
2017-10-23,-0.006569709223161073,False,0.0420278029011655,0.04814976263524662,0.029715927186206408,0.03726497153886533
2017-10-24,-0.01901197948857189,False,0.04128811146426614,0.04730232440028143,0.029192925378787347,0.03660910617258818
2017-10-25,-0.002402115015244625,False,0.04143186899805075,0.047467022306213726,0.02929456972161578,0.036736572279193344
2017-10-26,0.022825527342224226,False,0.04065842255300245,0.04658091215604173,0.02874770129983473,0.036050777215641205
2017-10-27,-0.005657723719858837,False,0.041198191312198845,0.04719930607242958,0.02912934697337586,0.03652937628722067
2017-10-30,0.0014174346809733152,False,0.04049295587988749,0.046391342859420044,0.028630707422672253,0.03590406217372574
2017-10-31,-0.011396134730869582,False,0.03971441785614204,0.04549939946818419,0.02808023897968183,0.03521375253833925
2017-11-01,0.01375407027277394,False,0.039274576799654494,0.04499548917534982,0.02776924759050965,0.03482375678980636
2017-11-02,-0.03401525541259591,False,0.038980764218545086,0.04465887852565833,0.02756150622255923,0.034563240733362706
2017-11-03,0.0043763745997987815,False,0.04126577053236546,0.04727672918726024,0.02917712913297374,0.036589297043060555
2017-11-06,0.026808690244406137,False,0.04053506192877312,0.046439582265703515,0.02866047867399668,0.03594139652396591
2017-11-07,0.021496154818193575,False,0.04155505492901768,0.04760815205667935,0.02938166882987959,0.03684579807484739
2017-11-08,0.024207621914115577,False,0.0418843410174678,0.047985403445129214,0.029614491883961792,0.037137767577585724
2017-11-09,-0.008155912903607761,False,0.04248305680959449,0.04867133088570152,0.030037816294374294,0.03766863346667201
2017-11-10,0.01130977900062992,False,0.041815516774331825,0.04790655395165603,0.02956582942586271,0.03707674289191092
2017-11-13,-0.006770506567210602,False,0.04131931056157829,0.04733806809912638,0.02921498482610567,0.03663676960948279
2017-11-14,-0.027084510754475506,False,0.0406313072278427,0.04654984709005934,0.028728529300052295,0.03602673475444662
2017-11-15,-0.007473178171159925,False,0.04170412752906493,0.04777893924544993,0.02948707121170002,0.036977976913961326
2017-11-16,-0.0009380863727334674,False,0.04101335902255646,0.04698755027604549,0.028998660559108876,0.03636549025136997
2017-11-17,-0.002349073196723851,False,0.040181479266185184,0.04603449515430765,0.02841047662938643,0.035627883874043156
2017-11-20,-0.019953156028635677,False,0.039352120455795316,0.045084328190937425,0.027824075144665925,0.03489251275465902
2017-11-21,0.008600148563638806,False,0.03967297548689335,0.04545192041611337,0.028050936985715744,0.035177006655757966
2017-11-22,0.008055006831402678,False,0.0390634358464548,0.04475359247656086,0.027619959529792723,0.034636543538850116
2017-11-24,-0.0047303777895244216,False,0.0386916765688515,0.044327681062249144,0.02735710563638232,0.03430691415204218
2017-11-27,-0.021083675083641517,False,0.03798704330717855,0.043520407734774974,0.026858891852852087,0.03368213396775964
2017-11-28,-0.008754919733843559,False,0.03844813773874945,0.04404866726537149,0.027184910526413204,0.03409097453717095
2017-11-29,0.023655459779643225,False,0.037893603508201715,0.0434133570723361,0.02679282486692805,0.0335992833020311
2017-11-30,-0.023167059281534418,False,0.03867841427126871,0.04431248691845554,0.027347728475501015,0.03429515481398863
2017-12-06,-0.009375068665456045,False,0.03934881315776922,0.04508053913693204,0.027821736706286033,0.034889580258589625
2017-12-07,-0.013698844358161915,False,0.03884883445340407,0.044507731274611155,0.027468224751152244,0.03444626200490834
2017-12-08,0.003706649729712405,False,0.038564498114357915,0.04418197721923397,0.0272671835982907,0.03419414828849691
2017-12-14,0.0,False,0.037826094083426624,0.043336013919609166,0.026745092056442647,0.03353942443196919
2017-12-15,-0.008488114622813974,False,0.03712176052164484,0.04252908394766695,0.026247090176926634,0.03291490998386945
2017-12-18,0.02369155294372899,False,0.03654013863895199,0.041862740392640194,0.025835852083975416,0.032399200824485115
2017-12-19,-0.005216495918891212,False,0.03746722616287868,0.04292487167568976,0.026491353048920745,0.0332212254797927
2017-12-20,0.009888188817167742,False,0.03688195907583901,0.04225435193937489,0.026077537599565628,0.03270228421149805
2017-12-21,-0.012506676828095371,False,0.03643336834496261,0.04174041745503211,0.0257603597179029,0.032304530351796666
2017-12-22,-0.052757120205123985,False,0.03615136802756188,0.04141733969677193,0.0255609702585473,0.03205448792567694
2017-12-26,0.025649427950850744,False,0.042675208988665315,0.04889147281969372,0.030173678265921256,0.0378390098601524
2017-12-27,0.0053734680611431445,False,0.043437583163605666,0.049764897862847754,0.030712717994561066,0.038514987426667785
2017-12-28,0.023829562832983993,False,0.0426912839559221,0.04890988933933916,0.030185044136215422,0.037853263120041364
2017-12-29,-0.00999219462844948,False,0.043249771006525085,0.049549728138065574,0.030579924653029143,0.03834845921902582
2018-01-02,0.02298951822469878,False,0.04265121888175455,0.048863988205376296,0.030156715964279508,0.0378177384495734
2018-01-03,-0.015092662236103251,False,0.04312770240729631,0.049409878474929385,0.030493615558667614,0.038240224132677234
2018-01-04,-0.0010493180396177464,False,0.042847950136355416,0.04908937622373743,0.030295815589608914,0.037992174991515575
2018-01-05,-0.005263170044274644,False,0.04203749741457379,0.048160869295296664,0.029722781730928242,0.0372735674144835
2018-01-08,0.009976454496372791,False,0.04134584918663251,0.047368472460259214,0.02923374906775751,0.036660300725531184
2018-01-09,-0.007867861200613679,False,0.040820200475410594,0.04676625538185569,0.028862087030964226,0.036194221537209324
2018-01-10,0.021875872356724457,False,0.040303388704990374,0.046174162472993566,0.028496673188729903,0.03573597783693904
2018-01-11,-0.0067201079985193014,False,0.04071758912880154,0.04664869720270158,0.028789535265375057,0.03610323869616138
2018-01-12,-0.0072879031575913255,False,0.04010963753506605,0.0459521886319128,0.028359680644264685,0.035564183659407785
2018-01-16,0.009360442759563672,False,0.03948348929263363,0.045234832806329964,0.02791696000945898,0.03500899412241898
2018-01-17,0.027063178348827415,False,0.03911714637179891,0.04481512671979539,0.027657935772900454,0.034684167279805424
2018-01-18,-0.0005039052764726566,False,0.04021052686621202,0.046067773959048056,0.028431014851890264,0.03565363963364872
2018-01-19,-0.02707700541630368,False,0.03950694352708209,0.04526170349058012,0.027933543420319586,0.03502979038867261
2018-01-22,0.0036185100221970013,False,0.04055418648789321,0.04646149259454705,0.02867400077049117,0.0359583537785
2018-01-23,-0.004654779544982516,False,0.0398694692342772,0.04567703633088273,0.028189868680611487,0.03535123260616141
2018-01-24,0.013388459513737062,False,0.03919813422931321,0.04490791163469616,0.027715198563499365,0.03475597712940335
2018-01-25,0.0025542798050967007,False,0.038926768931141935,0.04459701804063612,0.027523328637291605,0.03451536450121602
2018-01-26,0.013178092380555036,False,0.038250099029650646,0.04382178134278063,0.02704488646011905,0.03391537870896371
2018-01-29,-0.02034658185916755,False,0.03801181499485307,0.04354878777844291,0.0268764067743184,0.03370409838589331
2018-01-30,0.012257558986083838,False,0.03834004096922329,0.043924824631804346,0.027108480270473884,0.03399512791275167
2018-01-31,0.01311163513937511,False,0.03805264330331787,0.043595563322860534,0.02690527459413589,0.033740299796576105
2018-02-01,0.010466081082802526,False,0.03777337561215676,0.043275616237529374,0.02670781724916073,0.03349268031983789
2018-02-02,0.020609169073577596,False,0.03745419253608207,0.04290993951190263,0.02648213757063911,0.033209668898242
2018-02-05,-0.006822638550887357,False,0.037937465724554136,0.04346360845737738,0.026823837823527742,0.03363817480078131
2018-02-06,-0.0019579056670573137,False,0.0373715076291406,0.042815210347684554,0.026423674874412783,0.03313635431857878
2018-02-07,-0.01381373717005335,False,0.03667867818255783,0.042021460232359246,0.02593380702584765,0.03252204027344751
2018-02-08,0.010378150968713688,False,0.03653293169777175,0.04185448365583265,0.0258307563872089,0.03239281061516117
2018-02-09,-0.0014760150281205415,False,0.036118170783085705,0.04137930679161553,0.025537498013234915,0.03202505278310042
2018-02-12,-0.030494739848350445,False,0.03538883673864151,0.04054373465370539,0.025021819441835597,0.031378371050237705
2018-02-13,0.014613512768365883,False,0.03729089267833499,0.0427228526587692,0.02636667574900305,0.03306487511576529
2018-02-14,0.027628792429934927,False,0.037126901205558845,0.042534973446835496,0.02625072491817721,0.0329194680960362
2018-02-15,0.03912712838881255,False,0.03846483561316967,0.0440677974276533,0.027196716825724224,0.03410578011281554
2018-02-21,0.012042757863182199,False,0.0416556640307928,0.047723416334966975,0.029452804900200698,0.03693500557691495
2018-02-22,-0.007393749024938265,False,0.041237326807907655,0.047244142221333746,0.02915701788312134,0.03656407672438551
2018-02-27,0.006721961228281736,False,0.040582783374346246,0.04649425503273729,0.02869422031414871,0.03598370990197565
2018-02-28,0.0004465282503306321,False,0.03989648485483481,0.045707987168839975,0.02820897018385371,0.03537518666185049
2018-03-01,0.013303965626362886,False,0.039086151099690256,0.04477961653625436,0.027636020441012574,0.034656684569474724
2018-03-02,0.02178735418490723,False,0.038878650709786654,0.044541890701666365,0.027489306455225945,0.03447269931232851
2018-03-05,0.058187577555837,False,0.03936055732513153,0.045093994012795374,0.02783004046708509,0.03489999350963521
2018-03-06,-0.00203541694533583,False,0.04649959298698122,0.05327293387722237,0.03287772436353196,0.041229992757499674
2018-03-07,0.0008146639961762836,False,0.045331454017508925,0.05193463850552897,0.032051787003878875,0.04019423398721151
2018-03-08,0.020153846188980428,False,0.04452732896738796,0.05101338096600371,0.0314832271509122,0.03948123699384226
2018-03-13,-0.005473039463058469,False,0.044685050913468624,0.051194077403645524,0.03159474508765568,0.039621084985553175
2018-03-14,0.009364094956025196,False,0.04400439906060416,0.05041427872538162,0.031113487455738977,0.03901756849946614
2018-03-15,-0.015261497540719997,False,0.043459686378045814,0.04979022073140865,0.030728346161287487,0.038534585778239164
2018-03-16,-0.005535799032251641,False,0.04323783603597618,0.04953605466576107,0.0305714859840691,0.03833787678770368
2018-03-19,-0.03100711461589247,False,0.04257002797827671,0.04877097066791919,0.0300993096092149,0.03774574856434358
2018-03-20,0.01421343725005545,False,0.043992643777382316,0.05040081111447242,0.031105175835426706,0.039007145392273894
2018-03-21,0.01758638450207599,False,0.043696327854469495,0.05006133247489545,0.030895664469579247,0.038744409687059264
2018-03-22,0.004348692364179859,False,0.04363965193755238,0.04999640088774797,0.030855591534425318,0.03869415660968994
2018-03-23,0.031070460473739677,False,0.0428187462352054,0.04905591835034578,0.030275166853766886,0.03796628064372541
2018-03-26,0.005339448230857977,False,0.0442752551061957,0.050724588886829354,0.0313049973128607,0.03925772958649308
2018-03-27,-0.02894278813739664,False,0.04353448490771472,0.049875914752994625,0.030781232762723768,0.038600907710075946
2018-03-28,0.016696175070263858,False,0.04434415659737426,0.05080352688064416,0.03135371438949918,0.0393188227660198
2018-03-29,-0.015913396165323074,False,0.044248578440112436,0.05069402637698724,0.03128613546874372,0.039234076073015774
2018-04-02,0.030439645478037226,False,0.04373124117209855,0.05010133142417675,0.030920350071320876,0.03877536642754922
2018-04-03,-0.053392770289939724,False,0.044693967984513576,0.051204293375563585,0.03160104993862562,0.03962899152302985
2018-04-04,-0.009250015682732341,False,0.04884166555946495,0.05595616332666109,0.03453369620180304,0.043306648250550514
2018-04-05,0.013245226750020723,False,0.048288790805481076,0.0553227543370466,0.03414278388190109,0.04281642843058474
2018-04-06,-0.022173857494321967,False,0.04792940903263823,0.05491102339078443,0.03388868155304602,0.04249777385879878
2018-04-09,0.019778646768367224,False,0.04812000595194209,0.055129383518842306,0.034023443871915464,0.04266677124345761
2018-04-10,-0.00520938865926445,False,0.04798256110791716,0.054971917837593115,0.03392626294178763,0.04254490243644913
2018-04-11,0.02303517261186495,False,0.047378877692550954,0.05428029916732682,0.033499426153370954,0.04200963188364364
2018-04-12,-0.001965023230057625,False,0.04764839941861329,0.05458908064623168,0.03368999257449946,0.04224860986387349
2018-04-13,0.0086173662911612,False,0.04689232287305261,0.053722870573617715,0.033155405610057954,0.04157821624330331
2018-04-16,0.052423700479583425,False,0.046390898440309504,0.05314840639158873,0.03280087144685606,0.041133616099465066
2018-04-17,0.009576500443208617,False,0.05038186577341417,0.057720716065399524,0.03562270096175982,0.04467230415390444
2018-04-18,0.03458557964977995,False,0.049741451715415434,0.056987016401074245,0.0351698936246438,0.044104465485284655
2018-04-19,0.0024756864987668242,False,0.05109084038208615,0.05853296312009927,0.03612398431215789,0.04530093369887661
2018-04-20,-0.029392796946653924,False,0.05032820165555098,0.05765923498956935,0.03558475753124824,0.044624721561268496
2018-04-25,0.00738010729762246,False,0.05087522103600573,0.058285935685480475,0.03597152978573091,0.045109749572173355
2018-04-26,-0.01197619104671565,False,0.05020023293533722,0.057512625767157245,0.035494276732598674,0.04451125498944113
2018-05-02,-0.027484770593297736,False,0.04975636735184414,0.05700410471652307,0.035180439785410134,0.04411769079635569
2018-05-03,0.009828088936262693,False,0.05017810002129494,0.05748726887281594,0.03547862756664904,0.044491630303996665
2018-05-14,-0.009325749079573684,False,0.04964868211064142,0.05688073355635503,0.03510430050222814,0.04402220906351298
2018-05-15,-0.03857227478623962,False,0.04905546865679636,0.05620110994952874,0.03468486654224235,0.04349622195621656
2018-05-16,0.022223136784710256,False,0.05088522274724708,0.05829739429118845,0.03597860153591696,0.045118617832206484
2018-05-17,-0.03390155167568134,False,0.0508011523724849,0.05820107784564466,0.03591915923909205,0.045044074793872034
2018-05-18,0.01467018974779384,False,0.05188576994216088,0.05944368571293502,0.03668604245687924,0.046005777287803924
2018-05-21,-0.023806149752094514,False,0.05149676025127773,0.05899801111217413,0.03641099158933337,0.04566085240336031
2018-05-22,-0.009992396747485683,False,0.051731724832683866,0.05926720169653565,0.03657712424225415,0.04586918945251161
2018-05-23,0.011138966718307617,False,0.051065085898775765,0.05850345712234095,0.03610577450108188,0.04527809786113803
2018-05-24,-0.005746041475279823,False,0.050562302624132326,0.057927436163358534,0.03575027956324556,0.044832292867147114
2018-05-25,-0.01822108949713997,False,0.049834188914019736,0.0570932621191946,0.03523546383414676,0.04418669317333941
2018-05-29,-0.023353525217652146,False,0.049533984228713725,0.056749328262517246,0.0350232029031985,0.043920509402561037
2018-05-30,0.012733956390191887,False,0.04945095050332574,0.056654199469381106,0.03496449357348571,0.043846885534555714
2018-05-31,-0.030104621399108418,False,0.0490517279119906,0.05619682431092659,0.03468222163357245,0.043492905134039375
2018-06-01,0.0016286648551232807,False,0.049691202051643964,0.05692944714415194,0.03513436439763958,0.04405991040124458
2018-06-04,-0.04450724158591059,False,0.04903065967839522,0.05617268718319839,0.03466732525421771,0.04347422447335501
2018-06-05,-0.02672572858750285,False,0.051427364580304336,0.0589185069541019,0.03636192510088207,0.045599321047323796
2018-06-06,0.003053437486890248,False,0.0515831917815814,0.05909703264984788,0.03647210335068659,0.04573748901756547
2018-06-07,-0.009628083128975664,False,0.05087967974759708,0.058291043873155354,0.03597468233570609,0.04511370299702743
2018-06-08,0.05100741359789199,False,0.05032002061881,0.05764986226603881,0.035578973096295166,0.04461746764647242
2018-06-11,-0.008814327790757241,False,0.05366606334326807,0.06148330469768165,0.03794480607109419,0.04758431764308025
2018-06-12,0.017137305507415747,False,0.05300011451087667,0.060720350748309816,0.03747394426897669,0.04699383794696656
2018-06-13,-0.01377029895951136,False,0.05273989446547464,0.06042222587491336,0.03728995463859457,0.046763107527664056
2018-06-14,0.028987536873252187,False,0.052197621233988564,0.05980096267348204,0.036906538167841535,0.04628228780494054
2018-06-15,0.040789340925907885,False,0.05272530550965692,0.06040551182584992,0.037279639458669,0.04675017187588594
2018-06-18,-0.016993098098258257,False,0.05458709640457772,0.06253849959772351,0.03859602620387937,0.048400973962154835
2018-06-19,-0.016476161341143904,False,0.05417967768202785,0.06207173442253546,0.038307959156404635,0.04803972626296092
2018-06-20,0.039719279784573375,False,0.05384675766046299,0.06169031976584816,0.03807256671528853,0.04774453464522377
2018-06-21,-0.023243118443429463,False,0.0552333787253943,0.06327892232255292,0.039052982719838134,0.048974015868436215
2018-06-22,-0.010014103313052887,False,0.05526688683743889,0.06331731137765287,0.03907667476531588,0.04900372664928762
2018-06-25,-0.02074510026984675,False,0.05447178675212798,0.06240639342010427,0.03851449605003999,0.04829873186002066
2018-06-26,-0.0008223684673993002,False,0.05429576422641208,0.06220473065767988,0.03839003861481297,0.048142657215185486
2018-06-27,-0.03857920773194428,False,0.053365048832671264,0.06113844305290129,0.03773197254991486,0.047317415821051756
2018-07-09,-0.006527970958452043,False,0.054788740806891625,0.06276951643510073,0.03873859969007273,0.048579766865768426
2018-07-10,0.023463859619878537,False,0.054079570936310495,0.061957045675759596,0.038237178278955945,0.04795096418708513
2018-07-16,-0.04344096865061523,False,0.05408759342943008,0.06196623676148823,0.03824285061500344,0.04795807752533113
2018-07-17,-0.006243516639685047,False,0.05613715484241916,0.06431434655380498,0.03969200126071452,0.049775370899001074
2018-07-18,-0.024515175306157683,False,0.05510687783666737,0.06313399474259655,0.03896353975734876,0.04886185078502378
2018-07-19,-0.01944325670422782,False,0.05518628533332552,0.06322496909413572,0.03901968514744402,0.04893225936931018
2018-07-20,0.01300408442320661,False,0.05494276029438655,0.06294597109730429,0.03884749978857226,0.04871633198270843
2018-07-23,-0.009954637494655263,False,0.054426138039035704,0.062354095309133155,0.03848221994373046,0.04825825632057431
2018-07-24,-0.01843774794564583,False,0.05373564210573457,0.061563018617181435,0.03799400201512256,0.047646011341633106
2018-07-25,-0.005330976641180989,False,0.053444641014503504,0.061229628991691765,0.03778824852240574,0.04738798816093043
2018-07-26,0.030704166343979676,False,0.052743639550063774,0.06042651648545134,0.03729260261572577,0.046766428197815506
2018-07-27,-0.03606371468017656,False,0.05344301462089692,0.06122776569024123,0.03778709857426062,0.047386546079563406
2018-07-30,0.002683364758597028,False,0.0544783871849102,0.062413955301759166,0.03851916291260274,0.04830458429395236
2018-07-31,-0.0313021700642496,False,0.05346945341126174,0.06125805567431255,0.037805792227393525,0.04740998867476126
2018-08-01,-0.0471785602750905,False,0.05415364095463677,0.062041905067747934,0.03828954978351545,0.04801664016665758
2018-08-02,0.0009657171199590132,False,0.056628846889933096,0.06487766068738245,0.04003965410177121,0.05021134158725195
2018-08-03,-0.012627656867801918,False,0.05577532153955105,0.06389980697657327,0.039436165567688676,0.04945454261861482
2018-08-06,0.036472372662356624,False,0.05515659102722195,0.06319094938118837,0.03899868966880589,0.048905930192064864
2018-08-07,-0.008994143471228651,False,0.05633914134709363,0.06454575532571888,0.039834816631758724,0.049954467135976156
2018-08-08,0.003796872145620904,False,0.055559352013985534,0.06365237835374278,0.039283463445447434,0.04926304799677157
2018-08-09,-0.01431322145468624,False,0.05475127479553719,0.06272659295518798,0.038712109195959,0.04854654671742802
2018-08-10,0.002399809167083365,False,0.05407692236962275,0.06195401130687672,0.03823530559921996,0.04794861577114557
2018-08-13,0.016639319003964724,False,0.05329165603299488,0.06105435952629237,0.03768007987552728,0.047252340313832644
2018-08-14,-0.006148044903429529,False,0.05286073936856985,0.06056067359280614,0.037375398513679985,0.046870257594134344
2018-08-15,-0.011930468400280935,False,0.05212905157542243,0.059722404848517846,0.03685805571478716,0.04622148885285385
2018-08-16,0.010031132596628382,False,0.0515626760744119,0.05907352853204213,0.03645759763736496,0.04571929826784751
2018-08-17,0.005214517622777785,False,0.05071986634761063,0.05810795133097857,0.03586168562806126,0.044972000566947286
2018-08-20,0.03849304348318828,False,0.04998187441768046,0.05726246016084939,0.03533988546388459,0.04431764210977471
2018-08-21,0.031791349816274975,False,0.05159151506854626,0.059106568344412865,0.036477988364232966,0.04574486906197523
2018-08-22,0.017908318735997467,False,0.05245127865409018,0.06009156897991409,0.03708588766759308,0.046507199313232744
2018-08-23,0.016742181143073628,False,0.052160713401307734,0.05975867867907143,0.03688044233620543,0.046249562579269175
2018-08-28,-0.011265283779791475,False,0.05175204269769568,0.05929047915360077,0.03659149007048195,0.045887204780678446
2018-08-29,0.01770722145347223,False,0.05121693177350349,0.05867742155351703,0.036213137737926455,0.045412735691560194
2018-08-30,-0.0321906872720519,False,0.05101600869190024,0.05844723110768551,0.0360710742644446,0.045234582364462546
2018-09-07,-0.009569451016150672,False,0.051856672468795974,0.0594103497700807,0.036665468971231,0.04597997730679264
2018-09-12,0.031050359920722633,False,0.051273564586813904,0.05874230375839162,0.03625318019650179,0.04546295055007043
2018-09-13,-0.017563098696896234,False,0.052081433828989845,0.059667850885910145,0.036824387395529797,0.04617926742220405
2018-09-14,-0.04192098482102797,False,0.05182498636591569,0.059374048126235326,0.03664306518466572,0.04595188205459047
2018-09-17,0.007631911342395938,False,0.05372851220106946,0.061554850138376006,0.0379889607873341,0.04763968943860513
2018-09-18,0.0026797693571155145,False,0.05296937979470041,0.06068513907445599,0.03745221316420944,0.04696658626487752
2018-09-19,-0.021186278122833455,False,0.052157964869546415,0.05975552978375053,0.036878498975761856,0.04624712552687078
2018-09-20,0.0027297560171898956,False,0.051941036443137835,0.059507002582246,0.03672511885882034,0.04605478067232065
2018-09-21,-0.015568079990102563,False,0.05124051184220901,0.05870443640161089,0.03622981012040495,0.04543364353181208
2018-09-24,0.030897505511310073,False,0.05088377885252239,0.05829574007223183,0.035977580624340776,0.04511733756790271
2018-09-25,-0.018059181538397532,False,0.05171497260994221,0.05924800926931026,0.036565279515743725,0.04585433568760868
2018-09-26,-0.0202491962415417,False,0.051486233780626785,0.05898595130822906,0.036403548805894824,0.04565151885265973
2018-09-27,-0.017350962837547057,False,0.05135859807209701,0.058839723605488024,0.03631330346449665,0.045538347553724816
2018-09-28,-0.027333276777225787,False,0.05107701938954501,0.05851712889931441,0.036114212123757754,0.04528867898037762
2018-10-01,-0.0331139719344191,False,0.05142198759630229,0.05891234673430642,0.036358123282703235,0.04559455341394852
2018-10-02,0.047113717842179624,False,0.05232627408622024,0.05994835568167403,0.03699750268478773,0.04639636097902679
2018-10-03,-0.0326460172478803,False,0.05494805750225696,0.06295203992041622,0.03885124520071616,0.04872102888064027
2018-10-04,-0.004467617259716045,False,0.055462677930066935,0.06354162228579874,0.039215109645338635,0.04917732957379703
2018-10-05,0.006941029354234763,False,0.05456789902405723,0.06251650583998523,0.038582452618720654,0.04838395213875857
2018-10-08,0.03017260515336153,False,0.05377632132334266,0.06160962335349429,0.03802276441964979,0.047682080557289085
2018-10-09,0.01569592270758133,False,0.05442858824975401,0.062356902428619514,0.03848395237507995,0.048260428859379076
2018-10-10,-0.01473760926576969,False,0.05395650033679496,0.061816048056445874,0.03815016071625901,0.047841840652861775
2018-10-11,0.004301081899390702,False,0.05342484918095043,0.061206954190205276,0.0377742546268379,0.04737043925132429
2018-10-12,0.029600469776290682,False,0.05264765160739143,0.060316546505188806,0.03722473395454658,0.04668131815863095
2018-10-15,-0.008835212088527895,False,0.05329332209424837,0.06105626827355857,0.03768125787084179,0.0472538175674816
2018-10-16,0.02445335224549266,False,0.05262302004060789,0.06028832699305417,0.03720731810612017,0.04665947798208628
2018-10-17,0.01447989100031465,False,0.05278469981602867,0.060473557775346964,0.03732163444202725,0.04680283527924583
2018-10-18,-0.03706670047337282,False,0.05224894223487308,0.05985975932332367,0.03694282488806324,0.046327792816035336
2018-10-19,0.007894166837036172,False,0.05350656435915118,0.06130057237061113,0.03783203167245534,0.047442893997462335
2018-10-22,0.026473476667171585,False,0.05277533623075756,0.060462830247922345,0.03731501388137665,0.04679453282909276
2018-10-23,-0.014976454189557249,False,0.052933638474705336,0.06064419151224151,0.03742694212006255,0.04693489535599252
2018-10-24,-0.02312776535762024,False,0.05246336775393883,0.060105419032688796,0.037094435314294814,0.04651791840703953
2018-10-25,0.033136948100969635,False,0.05219111216361545,0.059793505462497724,0.03690193590343785,0.04627651637970642
2018-10-26,0.018834637486615145,False,0.05324637498414185,0.061002482635195414,0.037648063727697814,0.04721219077280796
2018-10-29,-0.025192515397460476,False,0.05298677497740902,0.060705068118103264,0.03746451249815216,0.046982010125841044
2018-10-30,0.009070356969964279,False,0.053088318006570843,0.06082140236386204,0.03753630890559072,0.04707204571729425
2018-10-31,0.008541297149910011,False,0.05235449013110199,0.059980681803188315,0.03701745295287955,0.0464213794200795
2018-11-01,0.013339459693927599,False,0.05153717058044222,0.05904430779253731,0.03643956387520438,0.04569668320255132
2018-11-02,0.0013242111844554507,False,0.051024675822126865,0.058457160731275916,0.03607720239375303,0.0452422672858461
2018-11-05,0.01965557928473899,False,0.05023778247876438,0.057555644946801994,0.0355208262884006,0.0445445492035213
2018-11-06,0.028567280510689616,False,0.05021073822484968,0.05752466130462345,0.035501704539828004,0.04452056975937117
2018-11-07,0.0016799667957843462,False,0.050982077998509664,0.058408357916130665,0.03604708343112545,0.04520449689160385
2018-11-08,-0.05078543918160774,False,0.05018184823620401,0.057491563069650406,0.035481277757085546,0.04449495374972226
2018-11-09,-0.006644542718668613,False,0.053665768579018544,0.06148296699673922,0.03794459765684526,0.047584056283203904
2018-11-12,-0.01839029177834867,False,0.05302891031575611,0.06075334108028354,0.03749430445870818,0.047019370446293125
2018-11-13,0.0009049774373291464,False,0.0528756856296947,0.06057779699388276,0.03738596632776097,0.046883510059335526
2018-11-14,-0.02426303503936633,False,0.05229294809658558,0.05991017527775743,0.03697393940969289,0.04636681168143061
2018-11-15,0.0037002817428559466,False,0.05255298573594553,0.060208091175023244,0.037157800069148844,0.04659738036598856
2018-11-16,0.012388320856952266,False,0.05203447798549277,0.0596140552420113,0.03679118707740688,0.046137632883857686
2018-11-19,-0.017479745880040004,False,0.05170328488451441,0.05923461905696872,0.03655701566244162,0.045843972482174276
2018-11-20,-0.005117480347155575,False,0.05145062005787137,0.0589451499296449,0.036378367979889754,0.045619941080964295
2018-11-21,-0.028384119317435126,False,0.05050751740460299,0.0578646706811262,0.03571154345328896,0.04478371622250757
2018-11-23,-0.011097821982798534,False,0.05108503538572521,0.0585263125417301,0.036119879866118115,0.045295786557954625
2018-11-26,-0.0019426912375018798,False,0.05067323714792914,0.058054529911309896,0.035828716264762764,0.04493065565526829
2018-12-07,0.04562277186361176,False,0.050127770697619006,0.05742960835236743,0.03544304201578876,0.04444700458756879
2018-12-14,0.01667832214372241,False,0.052531841298937586,0.06018386674374897,0.037142849809864556,0.04657863213769883
2018-12-17,-0.0031340970359651187,False,0.052300609947864535,0.05991895318892485,0.03697935675247553,0.04637360524783513
2018-12-18,0.01821867765139401,False,0.05165475679025674,0.05917902214115701,0.036522703678090754,0.04580094386952945
2018-12-19,0.02005298232681771,False,0.051432604160107545,0.058924509754781876,0.03636562976686913,0.04560396684793111
2018-12-20,-0.020052982326817716,False,0.05128016701237834,0.05874986792310641,0.036257848468069225,0.04546880475095085
2018-12-21,0.0,False,0.051222325834661846,0.058683601338004585,0.036216951630577386,0.045417518466810594
2018-12-24,0.019189424414776064,False,0.05049418203748679,0.05784939282416068,0.03570211462829998,0.044771892095578684
2018-12-26,0.04806996248183811,False,0.05027431808337239,0.05759750249271626,0.03554665893467975,0.04457694438413721
2018-12-27,-0.023324672566408893,False,0.05285239901675311,0.060551118347645816,0.03736950143436141,0.04686286241875946
2018-12-28,0.014641549992948187,False,0.05283133920039868,0.060526990863251924,0.03735461100645075,0.046844189221426094
2018-12-31,0.0033167526259938207,False,0.05235918291150021,0.05998605815519047,0.037020771002146666,0.046425540387722494
2019-01-02,-0.009147672936787072,False,0.05155981313808435,0.059070248567468786,0.036455573386712396,0.04571675977586364
2019-01-03,0.0025031302181184748,False,0.05083219085263047,0.05823663753110057,0.035941105121396325,0.045071595815657416
2019-01-04,-0.016383479250524056,False,0.05003204728443284,0.057319941434151686,0.0353753603912474,0.0443621290998738
2019-01-07,0.020541489399187728,False,0.04957221753879823,0.05679313080936125,0.03505023591896739,0.043954409894944285
2019-01-08,-0.011686276569455223,False,0.049409830648561644,0.05660708991071245,0.03493541961468394,0.04381042561727025
2019-01-09,-0.01309970137517594,False,0.04916622643279969,0.05632800120380414,0.03476317827352084,0.04359442802661663
2019-01-10,0.007627155618715897,False,0.048620312758685405,0.05570256727641678,0.03437718781315621,0.04311038041707618
2019-01-11,-0.005502659387308164,False,0.04813709606683677,0.055148963057118985,0.03403552750643256,0.042681924608639316
2019-01-14,-0.006387077280566536,False,0.047631515335885506,0.054569737151698584,0.033678054615855164,0.04223363918211336
2019-01-15,-0.02903779318042937,False,0.04678885248056787,0.05360432821608282,0.03308224645262507,0.04148647170837898
2019-01-16,0.02088848794735553,False,0.047761128780814434,0.05471823067686193,0.03376969832373394,0.04234856408903009
2019-01-17,0.00558300784516079,False,0.04769654782468548,0.05464424256676065,0.03372403609879069,0.042291301816772896
2019-01-18,-0.012063911929244,False,0.04682796370909032,0.05364913656293258,0.03310990020415877,0.04152115062845402
2019-01-22,-0.02679712287536521,False,0.04608655078585804,0.052799726082154184,0.03258568121289973,0.04086375886453596
2019-01-23,-0.0004453351220337745,False,0.04642481175744677,0.053187259675786636,0.03282484999422537,0.041163686165247015
2019-01-24,0.004887812441594806,False,0.046747026241191994,0.05355640937762701,0.033052673041740636,0.041449385458032145
2019-01-25,-0.013836418017608956,False,0.046566878218396036,0.05335002017957084,0.032925298657199696,0.04128965284107709
2019-01-28,0.011173300598125255,False,0.046074801459316916,0.05278626529560273,0.03257737380428253,0.04085334103897925
2019-01-29,-0.015677812719229793,False,0.04543868926362504,0.05205749412229212,0.032127608116223845,0.04028931672098842
2019-01-30,-0.017764074503402748,False,0.044985735389986674,0.051538560940091495,0.03180734525691138,0.039887694174855166
2019-01-31,-0.003683245416296405,False,0.04459696386827982,0.051093159201305624,0.031532462787840145,0.039542980468892555
2019-02-01,0.0,False,0.043663181271705105,0.05002335761106476,0.030872228044834072,0.03871501946491917
2019-02-04,0.02729923848763777,False,0.043908729771468286,0.050304673815169974,0.0310458440998252,0.03893274100217403
2019-02-05,-0.004047678114580742,False,0.04560195707036208,0.05224454425572053,0.032243047276064266,0.04043408208465915
2019-02-06,0.016979853884941793,False,0.04501188478420772,0.05156851937326869,0.031825834291336126,0.039910880169937935
2019-02-07,-0.016078952923108254,False,0.04503536140495991,0.051595415704712745,0.03184243353052288,0.03993169628555113
2019-02-08,-0.011320021265006187,False,0.04505174791449987,0.05161418914729848,0.03185401967804219,0.0399462257819672
2019-02-11,0.012669852741051686,False,0.04457048953846789,0.051062828500950695,0.031513744006398135,0.039519506361781316
2019-02-12,0.0013480118868945657,False,0.04408641506440692,0.050508241551006396,0.03117147720130902,0.03909028997992584
2019-02-13,0.00938554375621413,False,0.043245712542569,0.0495450784999056,0.030577055099755314,0.038344860683452345
2019-02-14,-0.007142887512380114,False,0.0425522247364263,0.04875057412539112,0.030086721755413708,0.0377299628878376
2019-02-15,0.03304993467255219,False,0.04174063502106252,0.04782076458374386,0.029512883980844826,0.03701034716784885
2019-02-19,0.014202950177993535,False,0.04375547737053753,0.05012909797682671,0.03093748637296807,0.03879685604115483
2019-02-20,-0.01811174994304617,False,0.04378185754401977,0.050159320805615394,0.030956138580798234,0.03882024666227099
2019-02-25,-0.009743212594512532,False,0.04370768114159155,0.050074339533135975,0.030903691856931294,0.03875447635465241
2019-02-26,0.008861378322199857,False,0.04322024664083801,0.04951590311982392,0.030559049331446448,0.03832228072357558
2019-03-11,-0.004557893031898218,False,0.042692669414662786,0.04891147661026221,0.030186023730393932,0.037854491570661564
2019-03-14,-0.0009082652758814559,False,0.04207851262410605,0.04820785896563602,0.029751781699897686,0.03730993454553421
2019-03-15,-0.0018190091418514135,False,0.04139890602017836,0.04742925779199349,0.02927126311544843,0.03670734485478718
2019-03-18,-0.0004552697551890114,False,0.040706330329236366,0.04663579839550255,0.02878157468583038,0.03609325580825395
2019-03-19,0.002728514653203914,False,0.039966963562244495,0.045788732123331066,0.02825880243757607,0.03543767831843064
2019-03-20,-0.027159321809048263,False,0.039205812933453765,0.04491670885358917,0.02772062782216563,0.03476278563880666
2019-03-21,-0.005146210187841857,False,0.04021837263533818,0.046076762578367604,0.02843656223452697,0.03566059627527651
2019-03-22,0.012584645229072274,False,0.03948749009741447,0.04523941638641862,0.0279197887945809,0.03501254153308523
2019-03-25,0.02605861735236717,False,0.03915133547356475,0.044854295960657424,0.027682109314901324,0.034714481876722124
2019-03-26,0.009431913622955094,False,0.04035335955563376,0.04623141230360733,0.028532005279789812,0.03578028570455178
2019-03-27,0.00490524952345214,False,0.03997873284069616,0.04580221576807853,0.028267123953271914,0.035448113834833095
2019-03-28,0.0039955658039539455,False,0.039398398194790414,0.045137346954567545,0.027856796006271625,0.0349335460351898
2019-03-29,0.010138945130950785,False,0.038798574192803255,0.044450149877277446,0.027432688031617185,0.03440169752493232
2019-04-01,0.020404441353805286,False,0.03838834443252653,0.04398016419590149,0.027142633428604377,0.034037957350908525
2019-04-02,0.01238538146918555,False,0.038762172538474235,0.04440844579344526,0.027406950095421885,0.034369421114582514
2019-04-03,0.00845313571105819,False,0.03845297758218591,0.04405421210227875,0.02718833255719337,0.0340952659018263
2019-04-04,0.016280885604137537,False,0.037929004365201545,0.043453914578176586,0.02681785518534394,0.03363067233113769
2019-04-05,-0.0008285004616413452,False,0.03801940494024537,0.04355748330958721,0.026881773275754483,0.03371082819519813
2019-04-08,0.007020470709562407,False,0.0374434261723777,0.04289760487099767,0.026474525169851666,0.033200122640542916
2019-04-09,0.006562779912523582,False,0.03700514131085688,0.0423954774555228,0.02616463409459377,0.03281150673004916
2019-04-10,-0.0012272449893771594,False,0.03647602121833743,0.04178928333873149,0.02579051760368316,0.032342349557242675
2019-04-11,-0.02277059674524772,False,0.03592513879816135,0.041158156895272496,0.02540101397141835,0.0318538962884054
2019-04-12,0.01496287267671232,False,0.036666340545939195,0.04200732543982526,0.02592508365022244,0.03251110080848115
2019-04-15,-0.007453450654580891,False,0.03661920133151875,0.04195331971436552,0.02589175367895016,0.03246930367985481
2019-04-16,-0.017610518008635393,False,0.03613206295816866,0.04139522256371298,0.025547320531537715,0.032037370617327844
2019-04-17,0.02341244062474326,False,0.036306906373088844,0.04159553446073364,0.02567094427173118,0.032192399774956686
2019-04-18,-0.016667052485211647,False,0.03703919178670134,0.042434487877585164,0.026188709620579013,0.03284169841092795
2019-04-22,-0.014388737452099556,False,0.03716803772910004,0.042582102102330655,0.02627981066270491,0.032955942793097465
2019-04-23,-0.018065007397638888,False,0.037013327739997305,0.04240485635693406,0.02617042234226458,0.03281876542614708
2019-04-24,-0.019281929549450284,False,0.03714535533951358,0.0425561156933538,0.026263772987860347,0.032935830901824906
2019-04-25,0.014932205422984526,False,0.037436788341934424,0.042890000144169375,0.026469831865122164,0.03319423704706733
2019-05-03,0.0021048208149636208,False,0.03741073827385211,0.042860155505425226,0.026451413059643554,0.03317113912191631
2019-05-06,-0.019104805229297177,False,0.03688634327012538,0.04225937475521735,0.026080637461780416,0.03270617156377499
2019-05-16,0.014437618085602259,False,0.03713684907154285,0.04254637036394256,0.02625775859685734,0.03292828861286498
2019-05-17,-0.008042371390253615,False,0.037078760491305145,0.04247982033855005,0.026216686832417194,0.032876782963274356
2019-05-20,0.014346237611467525,False,0.03667766477851882,0.04202029921130737,0.025933090494443322,0.03252114171415903
2019-05-21,0.024416689908287673,False,0.036620176950643,0.04195443744658115,0.02589244349437843,0.0324701687362315
2019-05-22,-0.01358325062208597,False,0.037426739735398645,0.04287848781218642,0.02646272695742946,0.033185327206183154
2019-05-23,0.005373023878963733,False,0.03724747498093087,0.042673110543315435,0.02633597709131476,0.033026377760529926
2019-05-24,0.016759027025361268,False,0.036757897103699706,0.04211221853962008,0.025989819082865188,0.032592281652675296
2019-05-28,-0.006914812990584019,False,0.03684703132868224,0.04221433645869566,0.026052841795368358,0.032671314676717134
2019-05-29,-0.004909993497555782,False,0.03636476771087114,0.041661824142507554,0.025711855363478673,0.0322437039345086
2019-05-30,-0.004110157861827986,False,0.035969695089086054,0.04120920345692542,0.025432517676237745,0.03189340320522166
2019-05-31,-0.011599135843351918,False,0.03543789950870715,0.04059994412861998,0.02505650947086835,0.03142187374616529
2019-06-03,-0.02062796779596745,False,0.03517824589134264,0.04030246819172923,0.024872920335709803,0.03119164556403057
2019-06-04,0.0038208494795862157,False,0.03566390053152889,0.040858865481938886,0.025216304403617325,0.03162226303853473
2019-06-05,0.017223698201597443,False,0.03512068892689818,0.04023652721968929,0.024832224452355802,0.031140611284486374
2019-06-06,0.010770609505348083,False,0.03550249874202283,0.040673953178245625,0.02510218461877003,0.031479152224333715
2019-06-07,0.020795856462486304,False,0.03523946929360632,0.040372609671493254,0.024916208588679812,0.031245930779658752
2019-06-10,0.02628586227092506,False,0.03575182793390011,0.04095960078716681,0.02527847382733619,0.0317002260040163
2019-06-11,-0.0019673427553343692,False,0.03677416204933251,0.042130852710750476,0.0260013192781347,0.0326067033615025
2019-06-12,0.011357083105173313,False,0.03621051954124991,0.04148510748730555,0.025602793574361384,0.032106936051010754
2019-06-13,-0.016094557421657555,False,0.03594132697807364,0.04117670311864054,0.02541245988917622,0.03186824993104325
2019-06-14,-0.00994241636133776,False,0.03612302738985362,0.04138487083367687,0.02554093189659605,0.03202935901137049
2019-06-17,-0.0007996801705642901,False,0.03586861082351633,0.041093394800337156,0.025361045639443313,0.03180377438764247
2019-06-18,0.011533235813673085,False,0.03539382633637307,0.04054945105879526,0.025025347356992814,0.031382795198173635
2019-06-19,0.0035524016043679218,False,0.03517480078430048,0.0402985212548236,0.024870484458910474,0.031188590876252184
2019-06-20,-0.02675344228572288,False,0.03465575228031072,0.03970386579967027,0.024503489125203858,0.030728363921872594
2019-07-17,-0.012300278081651676,False,0.035811318745018916,0.041027757298728575,0.025320537044764238,0.03175297497565252
2019-07-18,0.0065789710980425605,False,0.0356275196639019,0.04081718521269371,0.02519058116474336,0.031590005059218815
2019-07-19,0.01100479824210923,False,0.03517771046737944,0.04030185477549146,0.024872541762041754,0.031191170817377815
2019-07-22,0.026006666734710207,False,0.034927156988727164,0.040014804544649916,0.024695386916584076,0.030969011494110365
2019-07-23,-0.02276910826127611,False,0.03598899197643612,0.04123131121610783,0.025446161618100784,0.031910513258763595
2019-07-24,-0.0048602768822527944,False,0.03663118903856943,0.04196705360500901,0.02590022963546602,0.03247993287127627
2019-07-25,-0.011844124573065464,False,0.03612909262444118,0.041391819557749,0.025545220345121303,0.03203473689883259
2019-07-26,-0.018661126221662924,False,0.03590867038087543,0.04113928961388832,0.025389369910697613,0.03183929416649831
2019-07-29,-0.0025146702270674426,False,0.03636789263921558,0.04166540426203917,0.02571406485664119,0.0322464747280733
2019-07-30,-0.001679966795784413,False,0.03584149630606795,0.04106233065972103,0.02534187421075645,0.031779732642624764
2019-07-31,-0.01439482942257797,False,0.035311675328989975,0.04045533356435844,0.024967262156597964,0.031309954013512636
2019-08-01,-0.0068464109960387825,False,0.03541018226366439,0.04056818946438378,0.02503691188121014,0.03139729757809666
2019-08-02,-0.0038718052239853384,False,0.03499251483962314,0.040089682715521505,0.024741598448099034,0.03102696261896948
2019-08-05,-0.005185837032365414,False,0.034512404334994716,0.03953963714471424,0.024402134383550583,0.03060126098682463
2019-08-06,-0.024562638368409197,False,0.03408892960323927,0.039054477169447384,0.024102714870148076,0.03022577683735799
2019-08-07,-0.01251133388910798,False,0.034962978177121816,0.040055843609256056,0.024720714432004336,0.03100077322025042
2019-08-08,-0.008579867489526629,False,0.03477072917023849,0.03983559074307452,0.024584783997962847,0.030830310972039872
2019-08-09,-0.0045454623716746105,False,0.034413990036946576,0.03942688737518486,0.024332550158037827,0.03051399956075375
2019-08-12,-0.0004556846740961244,False,0.03394107766141913,0.03888508844549859,0.02399817555963978,0.030094680324488872
2019-08-13,-0.01886414347081247,False,0.03353172592535969,0.03841610868531604,0.0237087417671835,0.029731718671948692
2019-08-14,-0.004655501890786011,False,0.03386697900823928,0.038800196247574484,0.02394578380869181,0.03002897895512848
2019-08-15,-0.004208563611878341,False,0.033468188258596675,0.03834331583482535,0.023663817204185256,0.029675381457530473
2019-08-16,-0.010836384013378077,False,0.03298215445140262,0.03778648414642772,0.02332016504471887,0.029244427785395728
2019-08-19,0.0070805110535726,False,0.032724261135078675,0.03749102492398356,0.023137820537495555,0.029015760416904544
2019-08-20,0.010760337740617167,False,0.03234734928845153,0.037059210394154635,0.022871323499419827,0.028681562379708734
2019-08-21,0.019355442952956072,False,0.03215921530593379,0.03684367196538749,0.022738302609917348,0.028514748817731594
2019-08-22,0.004099299750940674,False,0.03281120390146442,0.03759063216669787,0.023199293770378125,0.029092850330990565
2019-08-23,0.003629768050578731,False,0.03234366381151344,0.037054988073987584,0.022868717668118196,0.028678294562127886
2019-09-16,0.03719171965928513,False,0.03185599860258517,0.03649628734650528,0.0225239120194899,0.028245894368048197
2019-09-17,0.004605409019176298,False,0.03506751194340827,0.04017560423642702,0.024794625452163377,0.031093460621366198
2019-09-18,0.002919710103334846,False,0.034602410732649545,0.039642754281075734,0.024465773769251836,0.03068106734393567
2019-09-19,0.027522788804025266,False,0.0341017768358682,0.039069195788049876,0.02411179855768329,0.030237168147995767
2019-09-20,0.0020238824961378503,False,0.03549500084691834,0.04066536310585011,0.0250968832018604,0.03147250403365082
2019-09-23,-0.007712642250559477,False,0.03504995723976152,0.040155492435300734,0.024782213328299347,0.031077895317290997
2019-09-24,-0.006131227054936408,False,0.03468090560466551,0.03973268307094231,0.02452127388442089,0.030750666727431892
2019-09-25,0.012225091129259276,False,0.03429475291545407,0.039290281635630135,0.024248243071405284,0.030408275072865493
2019-09-26,0.01447552417378568,False,0.03436491866554819,0.039370668046028526,0.02429785404739814,0.03047048923824571
2019-09-27,-0.006006024060211922,False,0.03439724618344901,0.039407704536305495,0.024320711349035126,0.030499153216644235
2019-09-30,-0.01946533478810335,False,0.034012245807626455,0.03896662326555882,0.024048495283838723,0.030157783288712974
2019-10-01,0.004494389587839267,False,0.03437451982372241,0.039381667752299135,0.024304642584926008,0.03047900233817967
2019-10-02,0.011752921506063189,False,0.033944567209407056,0.03888908629681902,0.024000642858588668,0.03009777441691049
2019-10-03,0.015194214740916532,False,0.033784388167078815,0.03870557485118425,0.023887387622054515,0.02995574778117315
2019-10-04,-0.018018505502678365,False,0.03393268755939159,0.03887547620328689,0.02399224330423444,0.030087241036882057
2019-10-07,-0.021646750889753142,False,0.03418502621363356,0.03916457164646342,0.02417066036527742,0.030310983229415795
2019-10-08,0.01067771951917911,False,0.03483891626688485,0.03991371028042055,0.02463299595907219,0.030890770716314873
2019-10-09,-0.0168902058491448,False,0.03462181568315498,0.03966498584438116,0.024479494117603792,0.030698273214297214
2019-10-10,0.021780191143336528,False,0.03478847349111484,0.03985591978193313,0.024597330191452195,0.03084604440483408
2019-10-11,0.018526506529605212,False,0.035389454439663764,0.04054444233185053,0.02502225618982938,0.031378918749841896
2019-10-14,-0.02300807850384585,False,0.03568457202511107,0.04088254807871032,0.02523092026634902,0.031640591920056735
2019-10-15,0.02937245957269722,False,0.036348889952248234,0.041643633557796995,0.02570062893034278,0.03222962553444151
2019-10-16,-0.0027794339910252766,False,0.037804949964408245,0.04331178985264425,0.026730142021994162,0.03352067648563264
2019-10-17,-0.010793628674769478,False,0.03728167975649843,0.042712297741095986,0.026360161715540217,0.03305670625500336
2019-10-18,-0.0008041817884136879,False,0.03696931868419571,0.04235443674314574,0.02613930556224138,0.03277974372863519
2019-10-21,-0.004838719118223221,False,0.03643725868608486,0.04174487448082637,0.02576311039925044,0.03230797981717886
2019-10-22,-0.010564909320216469,False,0.03596691563575832,0.04120601913586299,0.025430552452576194,0.03189093873546588
2019-10-23,0.0036697288889624017,False,0.03570050772804642,0.0409008050481638,0.02524218766924423,0.03165472169785488
2019-10-24,0.002439025599358789,False,0.03527566381332763,0.04041407644855453,0.02494180006951709,0.031278023529081066
2019-10-25,-0.011433362603847735,False,0.034783259766666255,0.03984994660281561,0.024593643806597693,0.03084142152950451
2019-10-28,0.011433362603847653,False,0.03456447774652434,0.03959929580473639,0.02443895309874705,0.030647433141080375
2019-10-29,0.008892540410191115,False,0.03440524367367245,0.03941686697710312,0.02432636600668428,0.030506244385465498
2019-10-30,-0.01255331325987237,False,0.03433186045760571,0.039332794430095755,0.024274480108426474,0.03044117737578649
2019-10-31,-0.021001389534387845,False,0.034220379923040146,0.039205075136979115,0.024195657347797755,0.03034233045396446
2019-11-01,0.030733826452618917,False,0.0346953929280714,0.03974928068335745,0.02453151720474065,0.030763512264365248
2019-11-04,0.003223209881568699,False,0.03633976246772634,0.04163317652262388,0.02569417530567714,0.03222153242874837
2019-11-05,-0.0008048290172870395,False,0.035871855576711825,0.04109711219894923,0.025363339855249013,0.03180665142681973
2019-11-06,-0.0162341227618834,False,0.035442978342851754,0.04060576276870216,0.025060100480990548,0.03142637701773279
2019-11-07,-0.0016380020042383583,False,0.035507956033857015,0.040680205403875055,0.02510604321892479,0.031483991064597594
2019-11-08,0.025491973144526565,False,0.03513581999302931,0.04025386234530471,0.02484292293356025,0.031154027611531958
2019-11-11,0.011914358569901081,False,0.03609927813884644,0.0413576621594226,0.02552413989309028,0.03200830116152445
2019-11-12,0.03871950949463423,False,0.03592941700562404,0.041163058285771485,0.025404038895222907,0.03185768966489262
2019-11-13,0.015825499833797517,False,0.03847830955242218,0.04408323404179884,0.02720624362869988,0.0341177271080925
2019-11-14,0.03164355260004745,False,0.03847976635539856,0.04408490304928143,0.027207273667107373,0.03411901881781095
2019-11-15,0.0018093002945490874,False,0.0399450798044453,0.04576366067845739,0.028243329438550863,0.03541827455341661
2019-11-18,-0.008714652102443775,False,0.039435051392101676,0.04517933922226973,0.027882711796944872,0.03496604548223024
2019-11-19,-0.017660503151950363,False,0.039037215264207885,0.04472355248578818,0.027601420161587783,0.03461329442317634
2019-11-20,-0.004464293128685493,False,0.039152974236151265,0.044856173432809406,0.02768326800858347,0.03471593492534541
2019-11-25,-0.007152298511552654,False,0.03869779198041024,0.04433468727229686,0.027361429562736985,0.034312336530133665
2019-11-26,0.02167498905348052,False,0.03830497739799434,0.043884653542304655,0.027083688431319735,0.03396403794626043
2019-12-03,0.010315277711832799,False,0.03870280886294611,0.04434043493661896,0.0273649767697249,0.0343167848708036
2019-12-04,-0.007247790643971099,False,0.03846273141736639,0.04406538672517845,0.027195229045612977,0.03410391437653364
2019-12-05,0.01255485389607811,False,0.03807373912483213,0.04361973205708859,0.026920190479639713,0.033759004918758356
2019-12-06,0.002643007013353307,False,0.03790118196983323,0.043422039446943124,0.026798183248724863,0.0336060029289807
2019-12-16,-0.04419547279112168,False,0.03744297684262784,0.0428970900898455,0.02647420746944366,0.0331997242314141
2019-12-17,-0.004331568103538748,False,0.040501884069915665,0.04640157156996268,0.02863702013536403,0.03591197857011876
2019-12-18,-0.011111225425070722,False,0.03999827244078625,0.04582460159463572,0.02828093950615461,0.03546543909551708
2019-12-19,-0.028741099939323476,False,0.03969768569376285,0.04548023002340434,0.028068408436931428,0.035198916560443605
2019-12-20,-0.007419654813207107,False,0.04062911588100025,0.04654733654173106,0.028726979899448057,0.03602479174358051
2019-12-23,0.004128825023118396,False,0.04020594805910255,0.04606252818219904,0.02842777738789566,0.035649579723188544
2019-12-24,0.006570865531139048,False,0.039742115544428844,0.04553113172693896,0.028099822741657024,0.035238311365935526
2019-12-26,-0.01567688871787888,False,0.039337318885463095,0.045067370556968286,0.027813609634792184,0.03487938858306105
2019-12-27,0.03754010773991166,False,0.039272449184832164,0.04499305164253576,0.02776774325188673,0.03482187028848279
2019-12-30,-0.013709892159235331,False,0.041398666782112487,0.0474289837054296,0.029271093961211123,0.03670713272854931
2019-12-31,0.03078396189204432,False,0.04118528409323277,0.047184518729608944,0.02912022087225955,0.03651793178824109
2020-01-02,-0.0031545767485154324,False,0.04241346581685416,0.048591602954410944,0.02998861170288159,0.03760692892385
2020-01-03,-0.005147506911456564,False,0.04179079622958066,0.04787823250062082,0.029548350665206186,0.037054823820891584
2020-01-06,-0.013991833299240801,False,0.04119824750601321,0.047199370451688934,0.029129386705438465,0.03652942611283011
2020-01-07,0.019534206948305922,False,0.040998794827888936,0.046970864594953275,0.028988362886654198,0.036352576554666664
2020-01-08,-0.012713719124056144,False,0.041190427999858864,0.04719041192092438,0.029123857892141676,0.03652249275790373
2020-01-09,0.020970105714865482,False,0.04091661599944358,0.04687671522691251,0.028930258015265303,0.036279710701785525
2020-01-10,0.013610943159053052,False,0.04118251385908585,0.04718134497063486,0.029118262167056895,0.03651547549289574
2020-01-13,-0.002320186655697198,False,0.04101471806067207,0.04698910727779579,0.028999621472478095,0.03636669527550167
2020-01-14,0.027493140580198708,False,0.04052036408958778,0.04642274347282896,0.028650086507647818,0.035928364328107074
2020-01-15,0.012724722592825505,False,0.041333160831145875,0.047353935861561676,0.029224777714945173,0.036649050287167875
2020-01-16,0.008516992791421516,False,0.041113640397782196,0.04710243908965324,0.02906956490905428,0.03645440716673795
2020-01-17,0.03086104414167363,False,0.0407709074053851,0.046709782060448166,0.028827234167418,0.03615051464023251
2020-01-21,0.007479999256665702,False,0.0418850242213237,0.04798618616754682,0.02961497494599773,0.037138373356867246
2020-01-22,-0.005337141293837261,False,0.04146330116581807,0.04750303302560981,0.029316793962337447,0.0367644423736641
2020-01-23,-0.011482006301809913,False,0.041010076274429055,0.04698378934798799,0.028996339478833656,0.03636257952306411
2020-01-24,-0.013808358934910375,False,0.04072974421581284,0.046662622854627314,0.028798129568565714,0.03611401629908756
2020-01-27,0.0003658313558268845,False,0.040539160657623224,0.046444278033923966,0.028663376696725876,0.03594503076138498
2020-01-28,-0.01140347100744729,False,0.04005876486307459,0.04589390561657721,0.028323710916791155,0.035519076170007824
2020-01-29,0.008839836569141021,False,0.03978543211981334,0.045580757990482654,0.028130449900614363,0.03527671905887776
2020-01-30,0.026774392414519933,False,0.039477497237572164,0.04522796792144447,0.02791272330281217,0.035003681121359896
2020-01-31,-0.00860528795330894,False,0.04024297377322582,0.046104947229195815,0.028453956568080068,0.035682409471302065
2020-02-03,-0.015605470022904655,False,0.03987481030405264,0.04568315540502302,0.028193645105491858,0.035355968395315955
2020-02-04,0.008377393739901843,False,0.03988012266524576,0.04568924158875912,0.02819740123185356,0.035360678729309175
2020-02-05,0.011898463791614518,False,0.03953852967070343,0.04529789061464908,0.027955876530288533,0.03505779700957163
2020-02-06,0.02092645968249699,False,0.039321390579504914,0.045049122061969114,0.027802347461959448,0.034865265363972255
2020-02-07,0.017742681476657148,False,0.0396109236585985,0.04538082983803803,0.028007062990786313,0.03512198689608174
2020-02-10,0.013698844358161927,False,0.03968675351972495,0.0454677054194832,0.02806067879928034,0.035189223282987764
2020-02-11,-0.007511131249996392,False,0.03953183801710515,0.04529022422454174,0.027951145169680662,0.03505186369248926
2020-02-12,-0.004809353138044264,False,0.039181247587905,0.04488856520877368,0.027703258795729775,0.034741004178927115
2020-02-13,0.028515170308021233,False,0.038758317813010916,0.04440402957124779,0.027404224596269334,0.034366003228688775
2020-02-14,-0.028515170308021233,False,0.03974393271781725,0.04553321359801667,0.02810110758141469,0.0352399226068267
2020-02-18,-0.0013783599701212709,False,0.04059374988795969,0.046506818978291745,0.028701974231734886,0.03599343362744964
2020-02-19,0.008583743691391435,False,0.04012031769327034,0.04596442451023488,0.028367232093106348,0.03557365348090783
2020-02-20,0.00477490675296038,False,0.039778604656423536,0.045572936007915704,0.028125622515146817,0.03527066532274736
2020-02-21,-0.005801074108272549,False,0.03934362609450616,0.04507459650258882,0.02781806917233005,0.034884981023047316
2020-02-24,-0.013436894672242556,False,0.03891511174133207,0.04458366281186866,0.027515086374321058,0.03450502837092843
2020-02-27,0.00176647281405321,False,0.038772418815928786,0.044420184589986485,0.027414194767133256,0.03437850622518468
2020-03-09,-0.005939141436961272,False,0.03829608734686988,0.04387446852615083,0.02707740268489332,0.033956155366652085
2020-03-16,-0.038608491252059854,False,0.03792312983407935,0.043447184336298544,0.026813701574471372,0.03362546353553189
2020-03-17,-0.029751450612795684,False,0.04007808297405968,0.045916037690925254,0.028337369864910762,0.0355362050420009
2020-03-18,-0.014776453123796145,False,0.04103275003936083,0.047009765876003966,0.029012371055581413,0.03638268376707726
2020-03-19,-0.030224522908726386,False,0.040888911327836376,0.04684497496761532,0.028910669315705313,0.03625514568225872
2020-03-20,0.006297816586990104,False,0.04182094294253637,0.047912770520047256,0.029569666019929875,0.03708155413565315
2020-03-23,0.012034912363371264,False,0.041412379054372894,0.04744469336924622,0.0292807892784992,0.03671929104757252
2020-03-24,0.007943554567515153,False,0.04117028248769205,0.04716733192239867,0.029109613926686578,0.03650463025057024
2020-03-25,-0.011939120371469077,False,0.040799729877399986,0.04674280294401282,0.028847613212254937,0.03617607078462198
2020-03-26,0.003109040923197061,False,0.04054076044473153,0.046446110853253425,0.0286645078326393,0.0359464492514545
2020-03-27,0.000886524880757052,False,0.04012575695309047,0.045970656077225586,0.028371077943652998,0.035578476332648774
2020-03-30,0.003538261099598604,False,0.03969123920430106,0.04547284450914974,0.028063850420612952,0.035193200624093465
2020-03-31,-0.0070890859578187256,False,0.03927096917329209,0.04499135604582518,0.027766696803770873,0.034820558000328024
2020-04-01,-0.00983028470194801,False,0.03899620581113562,0.04467656941042081,0.027572424262746552,0.0345769323962306
2020-04-02,0.025710636070937543,False,0.03870569805198326,0.044343744977990256,0.02736701958246144,0.03431934664038963
2020-04-03,-0.009232864005231538,False,0.03940113358785254,0.04514048079734694,0.027858730076945053,0.03493597143784164
2020-04-06,0.044067605215258626,False,0.03908977125555663,0.04478376402038715,0.02763858008678756,0.03465989446854187
2020-04-07,0.01842598194636856,False,0.04173258519888431,0.047811542188082395,0.02950719232167644,0.0370032095976297
2020-04-08,-0.012946516181742957,False,0.04178935535040998,0.04787658173647744,0.0295473318857896,0.03705354623040196
2020-04-09,-0.03159955487220881,False,0.04155664872650029,0.047609978013907164,0.02938279573080406,0.03684721125406992
2020-04-13,-0.022818014998504412,False,0.04257653489349945,0.04877842540982418,0.030103910349810838,0.03775151807866131
2020-04-14,0.005312097484889884,False,0.04284593254256215,0.04908706473811281,0.030294389041797386,0.03799038604300785
2020-04-15,-0.026847250036188052,False,0.042392207188417574,0.04856724769806839,0.029973580704088114,0.037588079444958435
2020-04-16,0.013513719166722855,False,0.042948728204285816,0.049204834080554226,0.030367071128130137,0.03808153231152585
2020-04-17,0.06243900325528842,False,0.042733916309769,0.04895873171454342,0.03021518751358088,0.037891064131349884
2020-04-20,-0.01738436827094392,False,0.048075946010374446,0.05507890560703726,0.03399229111290658,0.04262770442684615
2020-04-21,-0.017256683623312674,False,0.04784257834329358,0.0548115445507596,0.03382728756468642,0.04242078332054157
2020-04-27,0.002985713457076229,False,0.04759462591423649,0.05452747425015388,0.033651971801813195,0.042200930281030224
2020-05-14,-0.0249654873274015,False,0.046923047194926897,0.053758070339088554,0.033177129365492164,0.04160545870903221
2020-05-15,-0.005818802785337179,False,0.04716914248846242,0.05404001298541847,0.03335113203322065,0.04182366507425707
2020-05-18,0.002082032815403585,False,0.04656084253178712,0.05334310530756948,0.03292103110069166,0.041284301153047445
2020-05-19,0.012812739861591956,False,0.04595426361855909,0.05264816936813531,0.03249214703885857,0.0407464632367834
2020-05-20,-0.014061439295436908,False,0.045623615129926624,0.05226935712613456,0.03225836069424432,0.040453285728855294
2020-05-21,-0.025734387869506076,False,0.045314497617531396,0.05191521215968865,0.032039797913032096,0.04017919918360661
2020-05-27,-0.013033608931010592,False,0.04566081282781549,0.05231197320882958,0.03228466147624236,0.04048626797054895
2020-05-28,0.027547651815264605,False,0.045316130317372104,0.05191708268596788,0.032040952320025434,0.04018064685654918
2020-05-29,0.010239696268684302,False,0.04589122610922744,0.05257594953026813,0.032447576114185105,0.0406905694990915
2020-06-01,0.015767458252701236,False,0.04548140205041368,0.05210642864666398,0.032157808364024466,0.04032718905011701
2020-06-02,-0.037185080883628985,False,0.04529430347290874,0.05189207644468377,0.03202551956180337,0.04016129355512575
2020-06-03,-0.002918492794913206,False,0.04665641523484549,0.053452599562539005,0.03298860616503062,0.0413690430099496
2020-06-04,0.00041744939032435456,False,0.046114614856804,0.05283187809252229,0.03260552402720862,0.04088864255420979
2020-06-05,0.0008343763521195829,False,0.04551735027436401,0.05214761325139903,0.032183225700445635,0.040359063415415904
2020-06-08,0.006235730037572212,False,0.04494745836201997,0.051494708307220964,0.03178028133023794,0.03985375491895055
2020-06-09,0.028999377428337737,False,0.04445937320487349,0.050935526459964846,0.03143517875553184,0.039420982367590236
2020-06-10,-0.005652013431346529,False,0.045136851681510604,0.05171168951367662,0.03191419263901543,0.04002168510262127
2020-06-11,-0.04470943286471526,False,0.044624847788195504,0.05112510481903011,0.03155217822563805,0.03956770442328278
2020-06-12,0.014291962478032456,False,0.0468453581886481,0.0536690648010049,0.03312219904093586,0.04153657386595178
2020-06-15,-0.017259952784821887,False,0.046537953704356046,0.05331688239007847,0.03290484746313823,0.041264006218649306
2020-06-16,0.0021208915691376296,False,0.04633803736931217,0.053087845338060595,0.032763495813862925,0.04108674554782423
2020-06-17,0.00801861228330188,False,0.04575851805948971,0.05242391062617208,0.03235374435352173,0.04057290068570898
2020-07-17,-0.053628528567473625,False,0.045289542819496334,0.05188662233297742,0.03202215352264842,0.04015707240622732
2020-07-20,0.026948422254383212,False,0.04867934755985186,0.055770201353555385,0.034418928606912196,0.0431627250564199
2020-07-21,-0.019568314956760632,False,0.049080189677809756,0.056229431946200684,0.034702345639642,0.043518141449525365
2020-07-22,0.013239179905113212,False,0.04890234106854769,0.05602567710464698,0.03457659706469442,0.04336044766339137
2020-07-23,-0.0013614705983210744,False,0.048474418450879145,0.05553542134430073,0.034274032655656116,0.042981019687921056
2020-07-24,0.009941338087847758,False,0.0478204443851715,0.05478618646025312,0.03381163766051597,0.04240115770933841
2020-07-27,0.02749618898428291,False,0.047322776006877086,0.05421602545654099,0.033459759230728615,0.04195988796234385
2020-07-28,0.002184838098739503,False,0.04779009832761392,0.05475142005878908,0.033790181358389244,0.042374250640847114
2020-07-29,0.021589785037415245,False,0.04715938752006203,0.05402883706422893,0.033344234743553344,0.04181501559475281
2020-07-30,0.001280683205992564,False,0.04721529085713507,0.05409288353406022,0.033383761423019194,0.04186458364545138
2020-07-31,0.023609865639133667,False,0.04659749198570549,0.05338509328659923,0.0329469442445839,0.041316797280917715
2020-08-03,0.028344473009142567,False,0.046802886539502174,0.05362040653947471,0.03309216929047599,0.041498915347366994
2020-08-04,-0.008133432393011756,False,0.04735449934452069,0.054252369758933605,0.03348218934428315,0.04198801622965267
2020-08-05,0.012981926739633349,False,0.046814256084846295,0.05363343222418342,0.03310020817326938,0.04150899643070734
2020-08-06,0.011621048434028516,False,0.04645994022814011,0.053227505118300045,0.03284968772080701,0.04119483367642359
2020-08-07,0.014240746991522203,False,0.046054195217697186,0.052762657455689525,0.0325628040782135,0.04083507001469354
2020-08-10,-0.020234770931732777,False,0.04577091110235872,0.052438108895681304,0.03236250690435925,0.040583889277972046
2020-08-11,-0.014940718059638857,False,0.045748517234963613,0.052412453036342295,0.032346673230291265,0.04056403321190344
2020-08-12,0.008507241909210449,False,0.04547261401658239,0.05209636050810337,0.032151594749335766,0.04031939692661782
2020-08-13,0.003221911768214195,False,0.04500445633000143,0.05156000885684648,0.03182058197289304,0.03990429355071289
2020-08-14,-0.020719814973616985,False,0.044458397454738126,0.05093440857765442,0.031434488847471624,0.03942011719504935
2020-08-17,-0.006176671891729174,False,0.0445216645547267,0.051006891449391356,0.031479222105143076,0.039476214504869836
2020-08-18,0.02246367686642817,False,0.044020650207128684,0.05043289708736325,0.031124977894293446,0.039031977972979054
2020-08-19,-0.012190317557369091,False,0.04426338260327253,0.0507109869814673,0.03129660281188684,0.039247202543607515
2020-08-20,-0.00245599795987015,False,0.043939747078688,0.05034020924355593,0.031067775011727035,0.03896024325047078
2020-08-21,0.007756723928944918,False,0.043430069684753846,0.04975628993670585,0.03070740555910017,0.03850832541827707
2020-08-31,0.011449801909141135,False,0.04302034503589088,0.04928688294355526,0.03041770809714533,0.038145033113548325
2020-09-16,-0.061121853152252915,False,0.04274799917919707,0.048974865958386224,0.03022514486308786,0.03790355104934693
2020-09-17,-0.0007689350628771679,False,0.04732620577246711,0.05421995481728921,0.03346218426029246,0.04196292904725131
2020-09-18,0.01564618828755879,False,0.04672614497784843,0.0535324864550826,0.03303790886045491,0.04143087057905969
2020-09-21,-0.00455408756725096,False,0.046498539327563634,0.053271726737011534,0.032876979369400205,0.041229058504802706
2020-09-22,-0.028160009232455825,False,0.04596032149989524,0.05265510966784819,0.03249643028823782,0.040751834604306675
2020-09-23,0.009345862418237599,False,0.04641292861514798,0.05317364558126942,0.032816447970638166,0.04115314968870081
2020-09-24,0.00733735672582712,False,0.045986076011568774,0.05268461569810116,0.0325146401193681,0.040774670467194116
2020-09-25,-0.011999369831638426,False,0.045525854212756914,0.05215735591189562,0.03218923844431126,0.040366603638799105
2020-09-28,0.007371517376177298,False,0.04517939876744084,0.051760434200454085,0.03194427572735725,0.04005941050906188
2020-09-29,0.00038647343476209636,False,0.04473891909350055,0.05125579226626229,0.03163283280114493,0.039668848514864026
2020-09-30,-0.0163618765034394,False,0.044234868747070825,0.0506783196680901,0.03127644197510267,0.039221920040919504
2020-10-01,-0.015037877364540559,False,0.04410590113099778,0.05053056604613289,0.031185254903115633,0.03910756777383337
2020-10-02,-0.010420935988258757,False,0.04389355168306752,0.05028728481780858,0.03103511237133576,0.038919282981691755
2020-10-05,-0.00930992354835999,False,0.0435435161216764,0.04988626149440258,0.03078761831890237,0.038608915455140204
2020-10-06,-0.00898698859098632,False,0.04316700245319875,0.04945490314315215,0.03052140281428975,0.03827507047226521
2020-10-07,0.006136243430895871,False,0.042782065602991144,0.04901389465144863,0.030249231665135063,0.03793375687086233
2020-10-08,0.008527970465314083,False,0.04237176945665906,0.04854383291392443,0.029959130123594635,0.037569957834031234
2020-10-09,-0.0167180244353586,False,0.04201289638028419,0.04813268476315703,0.02970538747062455,0.03725175431031565
2020-10-12,0.004922077205428235,False,0.04191104822114215,0.04801600094080596,0.029633375319805456,0.03716144816795939
2020-10-13,-0.026115473804623188,False,0.04144509270010639,0.04748217223248125,0.02930391959337429,0.03674829739558596
2020-10-14,0.004191120971461888,False,0.041898765697064536,0.048001929288754824,0.029624690911724177,0.03715055756986521
2020-10-15,-0.020279528950529126,False,0.04143423469103128,0.04746973259672661,0.029296242394358626,0.0367386698782945
2020-10-16,0.007653098577717211,False,0.04156810549420464,0.04762310362617932,0.029390896284518277,0.036857369675233016
2020-10-19,0.026746266286070592,False,0.04118788738222827,0.04718750122544625,0.029122061538221007,0.03652024005761583
2020-10-20,-0.017891053456338138,False,0.04179237230181413,0.04788003815065959,0.02954946503342192,0.037056221283591734
2020-10-21,0.018715455811356002,False,0.04170853306286354,0.047783986509214435,0.029490186162102822,0.03698188318743474
2020-10-22,0.019180347225831767,False,0.04173481619290106,0.0478140981587716,0.02950876975497483,0.03700518776262521
2020-10-23,0.0020189790827573515,False,0.041787253274652394,0.04787417346286373,0.029545845604665198,0.03705168237391003
2020-10-26,0.00723475824458279,False,0.04135972461507671,0.04738436904632681,0.029243559745281977,0.03667260371094487
2020-10-27,-0.01818599322367115,False,0.040977777046893885,0.046946785268979205,0.028973502180013565,0.03633394062900496
2020-10-28,-0.031485616573566466,False,0.0410525826914075,0.04703248744179032,0.02902639381202943,0.036400268869391496
2020-10-29,-0.01569491389835652,False,0.042019539345365245,0.04814029537255766,0.02971008440582036,0.037257644456542456
2020-10-30,-0.019862483726274614,False,0.04186954724332355,0.047968454742976015,0.029604031886414132,0.037124650318667046
2020-11-02,-0.01582450604036872,False,0.042106435444038054,0.04823984914972902,0.029771524642108683,0.03733469299156809
2020-11-03,0.014515319730749597,False,0.04195617966589626,0.04806770643579474,0.02966528568945469,0.037201465058878586
2020-11-04,-0.006132301302063829,False,0.041784100923923234,0.047870561926478906,0.029543616722395204,0.03704888726562234
2020-11-05,0.015693434546046547,False,0.04131676659297962,0.04733515356456302,0.029213186102869534,0.03663451393797772
2020-11-06,0.00904204222916177,False,0.041237259197264495,0.04724406476221871,0.029156970078743988,0.036564016775767705
2020-11-09,0.024138372904126387,False,0.04085654948708418,0.0468078991548653,0.02888778774595813,0.036226451270670944
2020-11-10,-0.021569878341377274,False,0.04157623713074539,0.04763241975365317,0.02939664579086097,0.03686457978814251
2020-11-11,0.00596762214318349,False,0.041764390708408684,0.047847980631883356,0.029529680535189985,0.037031410724631085
2020-11-12,-0.005540180375615356,False,0.041312337361691764,0.047330079151425876,0.029210054397061588,0.03663058665255027
2020-11-13,0.010627092574286193,False,0.040884714754613166,0.04684016710256812,0.02890770211171833,0.036251424688751366
2020-11-16,0.11491305321170628,False,0.04055313055881451,0.046460282854066,0.028673254171586383,0.03595741751335291
2020-11-17,0.04243396259982046,False,0.055730251468761656,0.0638481717955583,0.039404298592748195,0.049414580146411084
2020-11-18,0.022504968374339362,False,0.057679300284564305,0.0660811278714707,0.04078238140209599,0.05114275158614939
2020-11-19,0.029239813672693064,False,0.05762962032587768,0.06602421130545093,0.04074725498736483,0.05109870164495064
2020-11-20,0.015994896043151376,False,0.05714847532651723,0.0654729805507331,0.04040705947915267,0.05067208275294243
2020-11-23,0.020054148004940736,False,0.05582257453790737,0.06395394306025128,0.03946957599035075,0.04949644063652965
2020-12-16,-0.05713634146462904,False,0.05520129359554366,0.06324216352766511,0.03903029679964755,0.04894556680928562
2020-12-17,0.00948998818484821,False,0.058193271264846566,0.06666996618786314,0.04114578665223023,0.05159847643089235
2020-12-18,-0.013869847864150502,False,0.05762863272543338,0.06602307984666202,0.040746556700496,0.05109782596504572
2020-12-21,0.019364367181791152,False,0.05650061113501556,0.06473074553278463,0.03994898449515963,0.050097638242623053
2020-12-22,-0.00785858661252127,False,0.056299377386986135,0.06450019916745109,0.039806701363730844,0.04991920945559816
2020-12-23,0.008641059265903169,False,0.05574317177109765,0.06386297412753165,0.03941343394451386,0.04942603624607818
2020-12-24,0.01398081024747768,False,0.054957534394863714,0.06296289726003512,0.03885794587577442,0.048729431797492666
2020-12-28,-0.012808248065056255,False,0.054324328465810166,0.06223745569329757,0.03841023507523892,0.048167984391357464
2020-12-29,-0.020920439315314815,False,0.05386976692927782,0.06171668066875927,0.03808883551140708,0.04776493637189816
2020-12-30,0.035270113504455136,False,0.05333075775013577,0.06109915697628975,0.037707726902000374,0.04728701080041037
2020-12-31,0.002307693331816971,False,0.054135527205355936,0.062021152787873644,0.038276742384185915,0.0480005791712018
2021-01-04,-0.0197872605298849,False,0.05342437494713991,0.0612064108773544,0.037773919317913573,0.04737001876040561
2021-01-05,-0.015002255314487761,False,0.05327726775051472,0.061037875381551865,0.03766990658249266,0.04723958259394001
2021-01-06,-0.01120011707953632,False,0.05296959201462136,0.060685382207289855,0.03745236321515866,0.04696677443482143
2021-01-07,0.024241202908800514,False,0.052436173651999575,0.06007426371494514,0.03707520761507339,0.04649380609650132
2021-01-08,-0.012245857159125876,False,0.052536995932679666,0.0601897722247406,0.03714649441439721,0.04658320261881924
2021-01-11,-0.014411778661303316,False,0.052034574780597045,0.05961416613672797,0.036791255516774916,0.046137718709586294
2021-01-12,0.007231851526495187,False,0.05154158503915641,0.05904936528126094,0.03644268513600466,0.04570059738951776
2021-01-13,0.0004002401494294996,False,0.051141477127412176,0.05859097584262495,0.0361597872267331,0.04534583199817225
2021-01-14,0.00040008002133967057,False,0.050556687480666475,0.05792100309271529,0.03574630935345934,0.04482731406390267
2021-01-15,0.010742096531902029,False,0.05014668060301192,0.05745127276005167,0.03545641234050156,0.04446377151416561
2021-01-19,0.024625047305389194,False,0.0497886831813532,0.05704112781582429,0.03520328882272268,0.044146344410957945
2021-01-20,-0.008141157583699885,False,0.049827379952562846,0.057085461333635734,0.03523064953054534,0.044180655842396915
2021-01-21,-0.007423358957411713,False,0.049461538105076475,0.05666632930905826,0.03497197957991438,0.04385627328862969
2021-01-22,-0.008269391482506631,False,0.049117875328993935,0.05627260705967355,0.03472899143098131,0.0435515563468519
2021-01-25,-0.008338344917153807,False,0.048783607007622076,0.055889647703735126,0.03449264566906031,0.04325516922636501
2021-01-26,0.01464502723181178,False,0.048423674448332024,0.05547728574098232,0.03423815390443105,0.04293602628640698
2021-01-27,-0.016241196764633932,False,0.04821242483830359,0.055235264557919814,0.034088789017466065,0.04274871669223622
2021-01-28,0.002393299905840484,False,0.047971715286231925,0.054959492164498656,0.03391859435991504,0.042535285725402716
2021-01-29,0.00833172841929443,False,0.047631467814433094,0.054569682708056615,0.03367802101562098,0.04223359704606415
2021-02-01,0.0063017144343328725,False,0.04731527089168182,0.054207427112343644,0.033454452708824745,0.04195323336979221
2021-02-02,0.02021055966203332,False,0.04699343224205329,0.053838707990316155,0.03322689539633427,0.04166786731944887
2021-02-03,-0.028093927253296,False,0.04689045923243571,0.053720735466684995,0.03315408791545938,0.041576563801116156
2021-02-04,0.001976675875872689,False,0.04714779401386247,0.05401555479551429,0.033336037508335754,0.041804735931084004
2021-02-05,0.02148939892196239,False,0.04682509618781576,0.05364585134554812,0.03310787271170098,0.041518608071115605
2021-02-08,-0.0038729715336640685,False,0.04685857100798724,0.053684202259330224,0.033131541218025855,0.04154828933291966
2021-02-09,0.001550989066248734,False,0.0465411196598138,0.053320509512918154,0.032907085964686326,0.04126681338989982
2021-02-10,0.036519843801738665,False,0.046207458892451675,0.05293824621005264,0.032671169776273074,0.040970964971922194
2021-02-11,-0.08901698656818474,False,0.04685132549601439,0.053675901333334074,0.03312641824962519,0.04154186492386626
2021-02-12,0.021810234479606477,False,0.052511690038597306,0.06016078015974487,0.037128601780140276,0.04656076453360783
2021-02-16,-0.0019996007462512416,False,0.05246329273436415,0.06010533308542378,0.03709438227140261,0.04651785188911276
2021-02-17,-0.020627627242851346,False,0.051969893248804265,0.05954006280065707,0.036745522179403786,0.046080367259475605
2021-02-18,0.042014581022008904,False,0.05176495853313039,0.05930527636800381,0.03660062226390708,0.04589865691965908
2021-02-19,-0.006683728439396982,False,0.052880327790974395,0.06058311535335678,0.03738924858657661,0.046887626144308456
2021-03-15,0.006196766537511399,False,0.05236479345024309,0.05999248595036598,0.03702473795614497,0.04643051510807756
2021-03-16,-0.0305786271054941,False,0.05190373361338164,0.05946426605370065,0.0366987437429124,0.046021705212905065
2021-03-17,0.0035763995998304874,False,0.05225258338942092,0.05986393086490077,0.03694539938104047,0.04633102133409309
2021-03-18,0.008295524561479596,False,0.051751055400094906,0.05928934804176894,0.03659079199773985,0.04588632936929708
2021-03-19,-0.019464368225841487,False,0.05137228323286531,0.05885540220863006,0.03632297961249513,0.04555048183368552
2021-03-22,0.0048019299954072114,False,0.05114734759593471,0.058597701430126686,0.03616393796512823,0.045351037191575454
2021-03-23,-0.023425950076293455,False,0.05066618051168878,0.05804644537353914,0.03582372684170891,0.04492439871746749
2021-03-24,-0.0049160279259815145,False,0.050685956181771886,0.05806910165711156,0.035837709308830255,0.04494193329534066
2021-03-25,0.0085872537503429,False,0.05030393373073255,0.057631432089132094,0.03556759879733677,0.044603203816698474
2021-03-26,0.000814000858946938,False,0.04981765648407423,0.0570743215007775,0.035223774513017427,0.04417203429305398
2021-03-29,-0.008990661296192526,False,0.04943149322893806,0.05663190796046024,0.034950736229322224,0.04382963326995397
2021-03-30,-0.03721943297876417,False,0.04898828241599832,0.05612413705721772,0.034637362240288606,0.04343664964507219
2021-03-31,0.00042598509696355105,False,0.04963681833399504,0.05686714164837869,0.035095912171203406,0.04401168975799252
2021-04-01,0.018565934122535193,False,0.04926632343714437,0.05644267879023495,0.03483395226329277,0.04368318146506789
2021-04-05,-0.023689771122404665,False,0.04910976900112958,0.056263319927452295,0.03472325981924012,0.04354436867449461
2021-04-06,0.029525552586506545,False,0.049149367500798416,0.05630868652356606,0.03475125809779894,0.04357947964535862
2021-04-07,-0.007090749208814676,False,0.049482864530754005,0.05669076223829432,0.03498705851501993,0.04387518288159052
2021-04-08,-0.014334140875291404,False,0.04915000927013621,0.05630942177592637,0.0347517118633921,0.04358004868571897
2021-04-09,-0.00042471863029609655,False,0.04892788743176138,0.05605494466659462,0.03459465972361846,0.04338309896639474
2021-04-12,0.005507321693761993,False,0.04840431254190542,0.05545510349175079,0.03422446399056827,0.04291885858212269
2021-04-13,0.017173196914727785,False,0.048092067490566874,0.055097375414902776,0.034003689870359094,0.04264199892855846
2021-04-14,0.005384150509346936,False,0.047981313794119906,0.05497048883443036,0.03392538102354735,0.04254379647539606
2021-04-15,-0.0033098913130267913,False,0.047653184664677,0.054594562932866096,0.033693376001987484,0.04225285281844311
2021-04-16,-0.0020742591963200433,False,0.047331771527836866,0.05422633130574305,0.03346611955002657,0.04196786405934163
2021-04-19,0.011971247196494495,False,0.046938442390055395,0.053775708067924956,0.03318801460016721,0.04161910923246424
2021-04-20,-0.024087543322248516,False,0.04671620837722099,0.05352110244429484,0.03303088314699047,0.041422060050932734
2021-04-21,0.008371752536736839,False,0.046809441810146075,0.053627916680470095,0.03309680422096708,0.04150472773719258
2021-04-22,0.0012497398002342531,False,0.04653967374759751,0.05331885298259299,0.032906063626634584,0.041265531336738145
2021-04-23,0.003325023844771916,False,0.0462099744498158,0.05294112819487261,0.03267294841123147,0.040973195451916564
2021-04-26,0.01523603695797093,False,0.0459325066619971,0.05262324319494019,0.03247676369515845,0.04072717190316406
2021-05-14,0.005268502561377331,False,0.045762531411476806,0.05242850858114975,0.032356582010196325,0.0405764592216602
2021-05-17,0.025934028752245295,False,0.04551785585452951,0.05214819247665665,0.03218358317293642,0.040359511700341064
2021-05-18,-0.013880849484689265,False,0.045750035409887105,0.05241419235548722,0.03234774666198097,0.04056537933854842
2021-05-19,-0.014076242874809615,False,0.045622143984460295,0.0522676716869701,0.03225732051492159,0.040451981302020004
2021-05-20,-0.010177169053693525,False,0.04549237499371185,0.052118999958480114,0.03216556682774511,0.040336918476627015
2021-05-21,0.004897968975547156,False,0.04528432744346322,0.05188064726169808,0.032018465970034424,0.04015244806648024
2021-05-24,-0.027659141941223504,False,0.045008971887644085,0.05156518217102545,0.031823774716097576,0.03990829737949812
2021-05-25,-0.0037743806602892026,False,0.04530264753783666,0.05190163594382383,0.032031419266492146,0.04016869202282078
2021-05-26,0.01749315744751712,False,0.04500284996677722,0.051558168503494345,0.0318194461873104,0.039902869229770585
2021-05-27,0.003297612221556673,False,0.044941909231357824,0.051488350865104796,0.03177635779507026,0.03984883464756076
2021-05-28,-0.00743497848751809,False,0.04460490396367706,0.05110225588688725,0.03153807686424644,0.03955002074719808
2021-06-01,0.00784641646904729,False,0.044284227050752495,0.05073486772538302,0.03131134096236803,0.03926568477890092
2021-06-02,-0.0020588848121279027,False,0.043951445523831886,0.05035361173709585,0.031076046444447537,0.03897061596080163
2021-06-03,-0.0045445234173224,False,0.04352555042415082,0.0498656788321714,0.030774915600162225,0.03859298573336672
2021-06-04,-0.0024875634718017465,False,0.043098710610869256,0.04937666360239334,0.030473116792323587,0.038214517852687875
2021-06-07,-0.024796395476666743,False,0.04304878956190725,0.04931947082779896,0.030437819913742933,0.03817025414294472
2021-06-08,0.010582109330537008,False,0.043305027138085976,0.04961303312750448,0.030618993723232887,0.03839745340924811
2021-06-09,-0.011433535520754521,False,0.04315998865307406,0.04944686768119929,0.030516443678683877,0.03826885151614608
2021-06-10,0.014796296150755095,False,0.042880884347520125,0.04912710778096132,0.030319101856159825,0.038021376909222145
2021-06-11,-0.013944869960537478,False,0.04268320377015953,0.04890063215719639,0.030179331008352506,0.037846098627213144
2021-06-14,0.01938535209713537,False,0.042464683635220664,0.048650281391702604,0.03002482546748867,0.03765234244566077
2021-06-15,-0.009645702799576364,False,0.04312323673566172,0.049404762313379896,0.030490458087565852,0.03823626453653188
2021-06-16,-0.01101706058474,False,0.04290197480402577,0.049151270368689354,0.030334013948312713,0.03804007727438929
2021-06-17,-0.01545758557664281,False,0.04268993684069648,0.04890834599722088,0.030184091652973553,0.03785206866762946
2021-06-22,0.007768705450619489,False,0.04259585726408557,0.04880056236424599,0.030117572309698495,0.03776865072753302
2021-06-23,-0.012546130389511512,False,0.042426457148808015,0.048606486662497346,0.02999779727642443,0.03761844800365179
2021-06-24,0.007805763831236203,False,0.04225083102877198,0.048405278047995874,0.029873620121428735,0.037462724841534206
2021-06-25,0.015431082019735151,False,0.042000278353707836,0.04811822873779674,0.02969646584415128,0.037240566230787676
2021-07-02,-0.015168221473171317,False,0.041919866782296075,0.048026104053437005,0.02963961051896049,0.037169267359250156
2021-07-16,-0.008583743691391442,False,0.041794114352592504,0.04788203395642832,0.02955069675743582,0.03705776591519734
2021-07-19,-0.035537848061600756,False,0.0414991486145417,0.04754410217574315,0.029342140045229004,0.036796227384162244
2021-07-20,0.008007160218780812,False,0.04249881614823716,0.048689385800842276,0.03004895899818657,0.03768260686678934
2021-07-21,0.003538261099598604,False,0.042219260095369054,0.04836910834973449,0.029851297765905938,0.03743473170714452
2021-07-22,0.02269848651524188,False,0.042201489468317054,0.04834874917282378,0.02983873297252922,0.03741897494934117
2021-07-23,0.0017248818420608513,False,0.042426075608641575,0.04860604954546573,0.029997527506914208,0.037618109701802495
2021-07-26,0.030131708796085357,False,0.04223337963662297,0.04838528460718705,0.02986128104437497,0.037447251141106044
2021-07-27,0.0004179728378509955,False,0.04285073930636657,0.049092571676859306,0.030297787683490583,0.03799464807680455
2021-07-28,0.014108117818228124,False,0.04261721672165037,0.04882503313694333,0.03013267460013288,0.03778758960901844
2021-07-29,0.0032908297900887647,False,0.042519324789675475,0.048712881823690504,0.03006345971565453,0.03770079135150526
2021-07-30,-0.028745990978358088,False,0.042246263047277854,0.048400044673670276,0.02987039031172903,0.03745867452986864
2021-08-02,-0.0012687673514242875,False,0.04273357284268349,0.048958338216489795,0.030214944663795755,0.03789075958792191
2021-08-03,0.02631181231708762,False,0.04242814062813438,0.04860841536503163,0.02999898758725747,0.03761994070145784
2021-08-04,-0.01369600159562207,False,0.04279459926760189,0.04902825402629809,0.030258093643141026,0.03794487014880587
2021-08-05,0.00500209463148832,False,0.04265567968417123,0.04886909878843559,0.030159869992581148,0.0378216937283085
2021-08-06,0.004977198163621457,False,0.04251115337746256,0.048703520126640296,0.030057682085762753,0.0376935459705306
2021-08-09,-0.0024855025223119113,False,0.04224603880998309,0.048399787772957614,0.029870231763847302,0.03745847570442856
2021-08-10,0.023366506844107463,False,0.04210094061128661,0.04823355391480264,0.02976763949849729,0.03732982086473874
2021-08-11,0.016476161341143877,False,0.042368951204597625,0.04854060414252938,0.029957137467132272,0.0375674589624365
2021-08-12,-0.000797448208128891,False,0.04236769671718079,0.04853916692080519,0.029956250476755396,0.03756634664071952
2021-08-13,0.015829376821163532,False,0.04207164015673657,0.04819998542360631,0.02974692249418519,0.03730384090553291
2021-08-16,-0.0011785505194442526,False,0.042079485752521455,0.0482089738443349,0.029752469754260248,0.03731079739346345
2021-08-17,0.024462489473488974,False,0.04182324488277015,0.047915407771300135,0.02957129361603655,0.037083595206834
2021-08-18,0.00878371123830846,False,0.04214783953658071,0.048287284349535796,0.029800799572375723,0.03737140493517892
2021-08-19,0.004173787125321874,False,0.041917867499131505,0.04802381354565002,0.029638196917752668,0.03716749464630579
2021-08-20,-0.02336823438146907,False,0.04165420873253786,0.047721749051390344,0.029451775925712555,0.03693371520139429
2021-08-23,-0.0023282897595911845,False,0.04190933144877563,0.04801403409561681,0.029632161468994393,0.037159925950071206
2021-09-16,-0.01716460051663415,False,0.04159695538612811,0.04765615592376038,0.029411294716711937,0.036882950132149976
2021-09-17,0.003006390840131428,False,0.04163805698695406,0.04770324456953976,0.029440355768993273,0.036919393864138124
2021-09-20,-0.027388551061280537,False,0.041326451472138634,0.04734624918699549,0.029220033835656644,0.03664310127115491
2021-09-21,0.004617168648802838,False,0.04199327414324587,0.04811020426238022,0.029691513488955025,0.03723435577757576
2021-09-22,0.0178813971182858,False,0.041778434302873424,0.04786406987979415,0.029539610115176078,0.03704386281852861
2021-09-23,-0.015197860909431392,False,0.04182137250165336,0.04791326265068681,0.029569969741432344,0.03708193501467046
2021-09-24,-0.00807230983421172,False,0.041741267727718814,0.047821489453311515,0.02951333133863255,0.03701090817256268
2021-09-27,-0.01752040144475819,False,0.041485950018132496,0.047528981012124,0.029332807924518853,0.03678452452830041
2021-09-28,0.003528723520452984,False,0.0415738243688947,0.04762965553800576,0.029394939837884052,0.03686244045428518
2021-09-29,0.013219477113732805,False,0.04128168803332245,0.047294965303352914,0.029188383666086896,0.036603410681632795
2021-09-30,0.024042371554215545,False,0.041156161085149974,0.04715115353253431,0.029099629332186263,0.0364921091662524
2021-10-01,0.02163456256799338,False,0.041490270586309254,0.04753393093379013,0.02933586279963677,0.03678835546494292
2021-10-04,0.015379285179487707,False,0.04169876797163281,0.04777279899065732,0.02948328171504758,0.03697322473227725
2021-10-05,0.001089522533780556,False,0.041823333080433935,0.04791550881623428,0.02957135597654969,0.03708367340943332
2021-10-06,-0.014625489218979014,False,0.041533671907576925,0.04758365428768538,0.02936654987851187,0.036826838299879414
2021-10-07,0.004043379888442034,False,0.04143728257311893,0.047473224447095425,0.0292983974116552,0.03674137235692555
2021-10-08,0.008765578404139007,False,0.04113901330045606,0.04713150792401478,0.029087504922005517,0.03647690466674344
2021-10-11,-0.025038126818993124,False,0.04090538323573847,0.0468638462480746,0.028922315844480267,0.03626975089920536
2021-10-12,-0.002613404511516876,False,0.04139328931349862,0.04742282293043156,0.02926729180038555,0.0367023646654812
2021-10-13,-0.027669000257656333,False,0.04119429689222857,0.04719484437364385,0.02912659340806241,0.03652592320522887
2021-10-14,-0.00694179416995809,False,0.04171553809072045,0.047792011921091344,0.029495139095241457,0.03698809436540973
2021-10-15,0.008861549031009252,False,0.04142528845748945,0.04745948321437057,0.029289916923927895,0.03673073748318214
2021-10-18,0.00115008638323731,False,0.04121890536101818,0.047223037423226366,0.029143992924959256,0.0365477429013766
2021-10-19,-0.01973366415695025,False,0.04098152784660903,0.04695108242713428,0.02897615419804761,0.0363372663666116
2021-10-20,-0.02132782264082364,False,0.04108372662824296,0.04706816794523422,0.029048414257910715,0.036427883396910596
2021-10-21,0.019763489118839718,False,0.04126950626827479,0.04728100908734746,0.02917977050008326,0.03659260942397814
2021-10-22,0.010899290458035638,False,0.04141690788325268,0.04744988188781071,0.029283991405185363,0.03672330664362228
2021-10-25,0.012694919481248724,False,0.041441915230955334,0.04747853191881165,0.029301672951023,0.03674548001543981
2021-10-26,-0.013469512858475495,False,0.041319671938255385,0.047338482115563664,0.029215240338939606,0.03663709003288485
2021-10-27,0.008487705275951584,False,0.0412058732637319,0.04720810701174496,0.02913477852812406,0.03653618767600336
2021-10-28,-0.012369697728675926,False,0.040951290014876816,0.04691644001615851,0.028954774417426287,0.03631045525917523
2021-10-29,-0.010557282805876726,False,0.04078496538098236,0.04672588778431224,0.028837173915641716,0.036162979485510234
2021-11-01,0.00783089358054784,False,0.040617944298541785,0.046534537656076715,0.02871908098710969,0.03601488618883767
2021-11-02,-0.0426274455193815,False,0.040334245576387796,0.046209514095750207,0.0285184906638379,0.035763337830919874
2021-11-03,-0.013522025331973997,False,0.04260309714283486,0.04880885683645778,0.03012269129510577,0.03777507014175203
2021-11-04,0.0065789710980425605,False,0.04245681187419846,0.04864126299438995,0.03001925970717726,0.03764536275768747
2021-11-05,-0.017780083852863195,False,0.04228626523408556,0.0484458737598162,0.02989867401890407,0.03749414343973259
2021-11-08,0.01490710834913816,False,0.042297250759082534,0.048458459486038254,0.029906441378565487,0.03750388402211124
2021-11-09,0.0,False,0.04222699116957485,0.04837796556715317,0.0298567640530376,0.03744158665173731
2021-11-10,0.016306924737893663,False,0.04185031063567313,0.047946416044106765,0.029590430565555326,0.03710759371358391
2021-11-11,0.004840671009312838,False,0.041820641835620176,0.04791242555253666,0.029569453121072946,0.03708128715189745
2021-11-12,-0.0060545089087062605,False,0.04146013369905857,0.04749940417132534,0.02931455439221737,0.03676163386238121
2021-11-15,-0.004870139496042774,False,0.04111417516737903,0.047103051756206674,0.029069943020049952,0.03645488133318088
2021-11-16,0.018940723392985002,False,0.0407622689139735,0.04669988524733201,0.028821126287298986,0.036142855112149416
2021-11-17,0.003586375631227653,False,0.04086111537512988,0.04681313013080133,0.0288910160754767,0.036230499726129656
2021-11-18,0.01500225531448775,False,0.04053729710796924,0.046442143031204225,0.028662059066442987,0.03594337839985229
2021-11-19,-0.023390560941122584,False,0.04047942780554097,0.04637584422461801,0.02862114234326051,0.03589206717825371
2021-12-14,0.021910109635744326,False,0.04078814494159782,0.0467295304940984,0.028839422036771326,0.03616579872010405
2021-12-15,0.016503924783047477,False,0.04100293201073386,0.046975604418551246,0.02899128809843519,0.03635624488825359
2021-12-16,-0.030926314706082855,False,0.04098598803956334,0.04695619231195415,0.028979307795426432,0.0363412211049521
2021-12-17,-0.01982618469968378,False,0.04171457091033309,0.04779090385683716,0.029494455246456067,0.03698723679144393
2021-12-20,-0.030083569463247518,False,0.041781889637199546,0.047868028533736146,0.029542053223217686,0.03704692657457655
2021-12-21,0.015154908109882731,False,0.04281784496963631,0.04905488580236022,0.030274529610319033,0.03796548151473311
2021-12-22,0.002436054797881121,False,0.043135483605364615,0.049418793117478925,0.03049911728607799,0.038247123520809306
2021-12-28,0.009704888139673228,False,0.04269857352197132,0.04891824073652756,0.03019019825322808,0.03785972659071085
2021-12-29,0.012000144003110558,False,0.04241455861151111,0.048592854930477,0.029989384367741848,0.03760789787675684
2021-12-30,0.017343753625949317,False,0.042181655313605675,0.04832602588548778,0.029824709153616076,0.03740138851465281
2021-12-31,-0.01535765565431987,False,0.042344065558389384,0.0485120935406126,0.029939541970826055,0.03754539350020291
2022-01-03,-0.00836824967051658,False,0.04217975411710345,0.04832384775210974,0.02982336490497763,0.03739970277262837
2022-01-04,-0.014916624090553606,False,0.04190306860769097,0.04800685898079202,0.029627733302000074,0.03715437285001215
2022-01-05,-0.0020329342232197375,False,0.041737902948163645,0.04781763454475771,0.029510952257706186,0.03700792470910034
2022-01-06,-0.013934651704653408,False,0.04131368714146724,0.04733162554622439,0.02921100876428416,0.03663178346754998
2022-01-07,0.03964920637139402,False,0.04113271904677647,0.04712429682089452,0.02908305454460954,0.03647132371394465
2022-01-10,0.0,False,0.04253133141778692,0.04872663739152199,0.030071949050382556,0.037711437319744495
2022-01-11,0.02622972843287141,False,0.04212417229259329,0.04826016962781445,0.02978406555226332,0.037350419798847415
2022-01-12,-0.011268819461002387,False,0.0424806730224027,0.04866859986529279,0.03003613082804656,0.03766651982389926
2022-01-13,0.01935044897693968,False,0.042247063169647374,0.04840096134548065,0.02987095604147057,0.0374593839777881
2022-01-14,0.01898310610629136,False,0.04228264821019457,0.048441729863876494,0.029896116587604885,0.03749093631770744
2022-01-18,-0.010586110202727036,False,0.04231435293663091,0.04847805284406928,0.029918533542030425,0.03751904808293762
2022-01-19,0.009833664719520826,False,0.04210998351172818,0.04824391404499597,0.029774033317648527,0.03733783897190404
2022-01-20,0.001128456015931205,False,0.04190103779261101,0.04800453234800834,0.029626297406024574,0.037152572178529665
2022-01-21,-0.03208831455150051,False,0.041605389153656046,0.047665818191986634,0.029417257845985072,0.03689042813683256
2022-01-24,-0.03275100370068639,False,0.0423948776004415,0.04857030709437784,0.02997546882965696,0.03759044723059554
2022-01-25,0.004003207908216266,False,0.04315772185123924,0.049444270686763374,0.030514840927323605,0.03826684160127954
2022-01-26,0.003987246111817989,False,0.04287305526268024,0.04911813827623659,0.03031356627021488,0.03801443506112173
2022-01-27,-0.024981154015479626,False,0.042532757961556915,0.04872827173210543,0.030072957693896393,0.03771270219940315
2022-01-28,0.01739174271186924,False,0.042847740117232504,0.049089135612279795,0.03029566709474282,0.03799198877296267
2022-01-31,0.013540629026766266,False,0.042830994399202946,0.04906995063727228,0.030283826967415266,0.0379771407756206
2022-02-01,0.03307051025386435,False,0.042694705357084244,0.048913809117259135,0.03018746325167687,0.037856296788425836
2022-02-02,0.0015296370095334146,False,0.043455541437155416,0.04978547201969324,0.030725415464149218,0.038530910565792914
2022-02-03,0.0064749797730805315,False,0.04312610104673429,0.049408043852949834,0.030492483310237406,0.03823880424746678
2022-02-04,0.012825524732287936,False,0.04284735453154953,0.049088693860443414,0.030295394464833845,0.03799164688405795
2022-02-07,-0.01662925697153472,False,0.04269019643547795,0.04890864340575157,0.030184275200508554,0.03785229884364332
2022-02-08,0.017003999340544425,False,0.04265897711313477,0.048872876535806166,0.030162201453000644,0.03782461747373405
2022-02-09,0.03207648272902506,False,0.042637615986682774,0.04884840385112398,0.030147097982572847,0.037805677112489285
2022-02-10,0.010826522206201894,False,0.04336270611879253,0.04967911388924677,0.03065977587867607,0.03844859587747266
2022-02-11,-0.007204642115047506,False,0.04312691033259764,0.04940897102304997,0.03049305551906414,0.03823952182042046
2022-02-14,-0.03270546870435103,False,0.04284819045481019,0.04908965154806456,0.03029598550773955,0.0379923880757065
2022-02-15,-0.003742519338338223,False,0.043578081761046494,0.04992586212103822,0.03081205809333173,0.03863956391826301
2022-02-16,-0.021220955482885422,False,0.04325793334517953,0.04955907943986178,0.030585695867424885,0.03835569655470963
2022-02-17,-0.008461588947591248,False,0.043373829240865344,0.04969185725555665,0.030667640526903725,0.03845845846363834
2022-02-18,-0.00619916746979346,False,0.043139589921444205,0.04942349757811901,0.030502020673388322,0.03825076448562956
2022-02-22,0.014660756417384718,False,0.04284892619061087,0.04909049445446745,0.03029650571269846,0.037993040433711905
2022-02-23,0.0057284861636126855,False,0.042734529274172546,0.04895943396611257,0.030215620912529342,0.03789160763111613
2022-02-24,-0.018447871363608773,False,0.04247392620491447,0.048660870275873944,0.030031360463588286,0.03766053759441493
2022-02-25,-0.0007760962748885142,False,0.04249586114384763,0.04868600035715691,0.030046869650440254,0.037679986740423665
2022-02-28,-0.03355357196206384,False,0.04223127702939497,0.048382875724686546,0.029859794387472268,0.03744538681337297
2022-03-01,-0.003216729754013859,False,0.043261172629393406,0.04956279057285565,0.030587986216365118,0.0383585687446816
2022-03-02,0.0032167297540137475,False,0.042895266808034835,0.04914358525568258,0.030329271032750345,0.03803412946692781
2022-03-03,0.01316070839892338,False,0.042709994869586994,0.04893132576926083,0.030198273763026057,0.03786985360579262
2022-03-16,0.0040551555975541125,False,0.04253950343630815,0.048735999783198126,0.030077727108967067,0.03771868323831713
2022-03-17,0.013266526231379071,False,0.04221572306852811,0.04836505610357672,0.02984879689684294,0.037431595516445475
2022-03-18,0.01309282737929272,False,0.04208536880648569,0.04821571385053067,0.029756629391242576,0.037316013746054
2022-03-21,-0.006326632411362025,False,0.04190917844423661,0.04801385880374506,0.029632053286519296,0.03715979028488297
2022-03-22,0.025456632143882864,False,0.04171196792968218,0.047787921714259295,0.02949261479851089,0.03698492879547039
2022-03-23,0.017251721708489962,False,0.042088456445870254,0.04821925124942396,0.029758812519095932,0.037318751476457336
2022-03-24,-0.018412487944452185,False,0.0420404257806268,0.04816422422038502,0.029724852243931517,0.03727616392132154
2022-03-25,-0.008163310639160981,False,0.04206540409564648,0.04819284098967116,0.02974251326209381,0.03729831155060604
2022-03-28,0.015492176615771047,False,0.04178478094436466,0.04787134100177149,0.029544097533585126,0.03704949022225215
2022-03-29,0.014119677430873487,False,0.04170063036928225,0.04777493267356632,0.02948459853080102,0.036974876072357145
2022-03-30,0.004536869785701364,False,0.041566701784290075,0.04762149544553391,0.029389903785773823,0.0368561250417665
2022-03-31,-0.00037728730875762523,False,0.04126642957580456,0.047277484229945516,0.029177595112289737,0.03658988139992209
2022-04-01,-0.019432884338777674,False,0.04097144447933019,0.046939530271001305,0.028969024712631623,0.03632832570427087
2022-04-04,-0.014338552184810737,False,0.0410686940792129,0.0470509456871661,0.02903778543361907,0.03641455442244388
2022-04-05,-0.010989121575595206,False,0.04098214817463434,0.04695179311494361,0.028976592803474477,0.03633781639551181
2022-04-06,0.005902043495031137,False,0.04081810434072881,0.046763853914721744,0.028860604950501374,0.03619236294851645
2022-04-07,0.009759983779956504,False,0.040571480734811295,0.04648130599964032,0.02868622873737696,0.035973688142294936
2022-04-08,0.017713208599070662,False,0.040380187360187204,0.046262147967432325,0.0285509739869704,0.0358040732286221
2022-04-11,-0.0015278841780531757,False,0.04057172530632559,0.046481586196546854,0.02868640166265045,0.03597390499756432
2022-04-12,-0.01269491948124878,False,0.040311366389349255,0.04618330222291489,0.028502313842562813,0.03574305144440977
2022-04-13,0.0,False,0.04016198197014177,0.04601215779399579,0.02839669098775019,0.03561059612326896
2022-04-14,0.0,False,0.03986339892736579,0.04567008179562913,0.02818557664567924,0.03534585022120025
2022-04-18,-0.022710451386380254,False,0.03956047882042439,0.04532303697672742,0.0279713957649352,0.03507725875592029
2022-04-19,0.0,False,0.03987632541872221,0.0456848912181436,0.028194716373416705,0.03535731180851251
2022-04-20,0.004346973847656346,False,0.03970518367042722,0.045488820189240095,0.028073709911508295,0.03520556482344355
2022-04-21,0.0015760444554657142,False,0.039370634006793505,0.04510553850945431,0.02783716522540876,0.03490892824401147
2022-04-22,-0.013476224556568677,False,0.03905179311234164,0.044740253809172216,0.027611727487780704,0.03462622022605687
2022-04-25,-0.029973892369956026,False,0.03897299146600364,0.044649973558849254,0.027556010466592614,0.03455634883366201
2022-04-26,0.0501207322051289,False,0.03982735259694532,0.04562878479379207,0.028160089942683524,0.035313888867418375
2022-04-27,0.005849110066323406,False,0.04233041770929745,0.048496457684134374,0.029929892204198526,0.0375332923035457
2022-04-28,0.011212180091141437,False,0.04199668718265824,0.048114114460540154,0.029693926692207648,0.037237382031811844
2022-04-29,-0.0015390537859030608,False,0.04177836100319357,0.047863985902951614,0.029539558288342434,0.03704379782558834
2022-05-16,0.008821228010798498,False,0.041451097352506384,0.04748905154969055,0.029308165207020002,0.03675362156638101
2022-05-17,0.003188524024627089,False,0.04150804751404642,0.047554297329172296,0.029348432047938293,0.03680411780940171
2022-05-18,-0.01725910792156931,False,0.04120579913741468,0.04720802208785332,0.029134726116813135,0.036536121950105
2022-05-19,-0.005277057100843781,False,0.0411714281806968,0.04716864450222497,0.02911042399353654,0.03650564610708111
2022-05-20,-0.011461443519006652,False,0.04084053974602965,0.04678955736256558,0.028876467994112785,0.036212255845177385
2022-05-23,0.009016454525939983,False,0.04070195710922086,0.046630788152492865,0.028778482583017972,0.036089378186580645
2022-05-24,-0.00408831313515256,False,0.040449296000076754,0.046341323284175666,0.02859983752893868,0.035865350081581315
2022-05-25,-0.0140266326098881,False,0.04013830258061191,0.04598502915755739,0.028379948380083116,0.035589600217797446
2022-05-26,0.023404886870338374,False,0.04007936365441274,0.04591750492096714,0.02833827537510861,0.03553734058832053
2022-05-27,-0.0008120179090115837,False,0.04037526927291697,0.04625651348934081,0.028547496633572672,0.035799712487172404
2022-05-31,0.013715422744919424,False,0.04005262014153964,0.045886865827129655,0.02831936626669985,0.03551362780351452
2022-06-01,0.011155494171785452,False,0.039952510335282444,0.04577217357400188,0.028248583225284146,0.0354248630139368
2022-06-02,-0.01557228513037468,False,0.0397874939039344,0.045583120103397934,0.028131907693375,0.0352785471898122
2022-06-03,-0.006459449185549573,False,0.03978760796178633,0.04558325077543211,0.028131988338438246,0.03527864832197502
2022-06-06,0.0076659645138905585,False,0.039549232677921604,0.04531015267027569,0.027963444134617422,0.03506728709070443
2022-06-07,-0.0052387788562794175,False,0.03932099940240859,0.04504867390424885,0.027802070878619165,0.03486491851730517
2022-06-08,-0.00689238487681059,False,0.03906695209554065,0.04475762091838181,0.027622445707860353,0.034639661306448286
2022-06-09,-0.0122801379465912,False,0.03882830685894329,0.04448421353795755,0.02745371063287347,0.03442806071503503
2022-06-10,-0.017868748856947263,False,0.03873341621958002,0.044375500699163836,0.02738661782441516,0.03434392362646315
2022-06-13,-0.021615590475940295,False,0.03887144009256336,0.0445336297533467,0.02748420815929839,0.034466305843551766
2022-06-14,-0.003433479767891519,False,0.0391814254878647,0.0448887690224456,0.027703384580612257,0.03474116191824436
2022-06-15,0.0025762143917732456,False,0.038898155451719686,0.04456423659246979,0.027503097361508407,0.03448999366518147
2022-06-16,-0.001287277586041996,False,0.03860807193223709,0.04423189819637683,0.02729799264158919,0.03423278407174081
2022-06-17,0.024598356454489108,False,0.038329196964000056,0.04391240103976595,0.02710081297293805,0.03398551281231538
2022-06-21,0.01207593271587543,False,0.03884388182244498,0.04450205722104092,0.027464722973500277,0.03444187063445847
2022-06-22,-0.007061296215011015,False,0.03872327695584753,0.04436388450444712,0.027379448817186656,0.034334933402175076
2022-06-23,-0.008371752536736849,False,0.038505595467837404,0.044114494546984365,0.027225536245009004,0.03414192082727766
2022-06-24,0.0008403361839050543,False,0.03827917962001442,0.04385509794337956,0.027065448008573394,0.033941163720252264
2022-06-27,-0.00843530940134985,False,0.03795665003294643,0.043485587238842174,0.026837402165985607,0.03365518503345783
2022-07-15,0.05445027131087037,False,0.03775361013629465,0.04325297163311425,0.026693841989904363,0.0334751547809182
2022-07-18,0.003440863609903911,False,0.04122138511135378,0.04722587838520419,0.02914574624241403,0.03654994163220002
2022-07-19,0.007698925966682483,False,0.040944491233352455,0.04690865089338717,0.028949967311587138,0.036304426954516994
2022-07-20,0.008907800152872736,False,0.04071570293317135,0.046646536255290395,0.028788201623163555,0.03610156625502424
2022-07-21,-0.027398974188114388,False,0.040476281872005256,0.04637224004018402,0.028618917998292966,0.035889277759926334
2022-07-22,-0.0030428191266835825,False,0.04104965797927917,0.04702913670287383,0.02902432588254831,0.03639767560239445
2022-07-25,0.03381447779343737,False,0.04074341875711255,0.046678289291420955,0.02880779820802618,0.03612614116303867
2022-07-26,0.010050335853501506,False,0.041648058705466784,0.04771470318357829,0.02944742752432057,0.036928262130618596
2022-07-27,-0.01892800988551891,False,0.04143067755244659,0.04746565730925759,0.029293727305206272,0.03673551585502971
2022-07-28,-0.016267482018141915,False,0.04152425006884494,0.047572860021337475,0.029359888129517328,0.03681848419788135
2022-07-29,0.002586208338032851,False,0.04149524989364043,0.04753963554953338,0.029339383438924983,0.036792770488645585
2022-08-01,0.006864033813769967,False,0.04119572149647606,0.04719647649218517,0.02912760068022905,0.03652718636516283
2022-08-02,0.0004274417675681524,False,0.040941037444263625,0.04690469400976872,0.028947525296111776,0.036301364568591205
2022-08-03,-0.025536986067359102,False,0.04064984446004727,0.046571084539294164,0.028741636124687407,0.036043171241315494
2022-08-04,0.029375762374524748,False,0.041095666094901825,0.04708184656857239,0.0290568561058634,0.03643846981481777
2022-08-05,-0.01890902922816386,False,0.04169348009202979,0.047766740854610384,0.029479542898492687,0.036968536105480114
2022-08-08,0.015070252920998173,False,0.041803263403576665,0.04789251569953207,0.029557165630755406,0.037065878143317715
2022-08-09,0.009781068835160691,False,0.04175758974108696,0.04784018900492152,0.02952487188387401,0.037025380481882565
2022-08-10,0.014703058400551677,False,0.04159689731815695,0.047656089397346085,0.02941125365951923,0.03688289864477392
2022-08-11,0.0045766670274118935,False,0.04145865105175749,0.0474977055549169,0.02931350608047609,0.03676031923716498
2022-08-12,-0.023945693596353807,False,0.04111931621023978,0.04710894166660777,0.029073578015095265,0.03645943976361648
2022-08-15,0.0033955890011381075,False,0.04142890583830665,0.047463627519227974,0.029292474607593197,0.03673394492168459
2022-08-16,-0.011506625998225798,False,0.04110571915058042,0.04709336399778042,0.02906396415934044,0.03644738360064242
2022-08-17,0.02831374431460709,False,0.04093166727483888,0.04689395893911288,0.02894090008010886,0.03629305628043851
2022-08-18,0.000832986303891771,False,0.0414710931304441,0.04751196000302255,0.029322303302285798,0.03677135130822592
2022-08-19,-0.01679300588262123,False,0.041155405885392245,0.04715028832696641,0.029099095365158187,0.03649143955005705
2022-08-22,-0.005944815809320505,False,0.0411777047073906,0.04717583529616656,0.029114861836995878,0.03651121134181768
2022-08-23,-0.020654779030746025,False,0.040899830631528876,0.04685748482643835,0.028918389853326884,0.03626482754791042
2022-08-24,0.0433926007226878,False,0.04107998778651118,0.04706388448691642,0.02904577069481693,0.03642456826214015
2022-08-25,0.006639028534809085,False,0.042782331180090165,0.04901419891370829,0.030249419442491765,0.03793399235124325
2022-09-02,0.019950786419348693,False,0.042500033289394966,0.048690780236282545,0.030049819582740694,0.0376836860745393
2022-09-06,-0.019531059235852053,False,0.042604596074258407,0.04881057410900758,0.030123751120601384,0.0377763992056807
2022-09-07,-0.03197884947075192,False,0.042666530358339616,0.04888153002084783,0.03016754200542149,0.03783131474192688
2022-09-15,0.027318361996052608,False,0.04334647388353147,0.04966051719322872,0.03064829881140654,0.03843420317209051
2022-09-16,-0.02179465982742032,False,0.043772599038401305,0.05014871366422058,0.030949592317138952,0.03881203738354244
2022-09-19,0.003806306139129676,False,0.043862954367429,0.050252230558875864,0.031013478416171702,0.03889215312912448
2022-09-20,-0.005927197708267384,False,0.04350486281299297,0.04984197777006536,0.03076028834143378,0.03857464256080503
2022-09-21,-0.001274697432000584,False,0.04316837996175832,0.04945648130583477,0.03052237678726071,0.03827629187366436
2022-09-22,-0.0132679027440805,False,0.042818521451688504,0.049055660823845805,0.030275007919676605,0.03796608133396422
2022-09-23,-0.0324021340891079,False,0.04267385359319261,0.04888991999119015,0.03017271992809736,0.03783780806585844
2022-09-26,-0.0017817376651208365,False,0.04346419738446825,0.04979538883141609,0.030731535686533452,0.038538585571574524
2022-09-27,0.018989309834547635,False,0.04312274426792952,0.049404198110571895,0.030490109886273816,0.038235827878063976
2022-09-28,-0.001751313932735063,False,0.04309130144303112,0.049368175181678846,0.030467878110384726,0.03820794833418927
2022-09-29,0.019527632880270797,False,0.04276855732693915,0.04899841869885019,0.03023968058418714,0.03792177943002869
2022-09-30,0.011536124517930346,False,0.04280982610269298,0.04904569887101306,0.03026885983817405,0.0379583713917243
2022-10-03,-0.007247953281364108,False,0.042592674141855864,0.048796915574044766,0.0301153216703152,0.03776582833494748
2022-10-04,0.009793563480797834,False,0.042310145721248874,0.048473232786678304,0.02991555881346221,0.037515317653301836
2022-10-05,0.01346821705086661,False,0.042095186398861464,0.048226961517786916,0.029763570959443715,0.03732471875262605
2022-10-06,-0.007974858634758757,False,0.04196592844845067,0.04807887527008002,0.0296721786053947,0.037210109053552376
2022-10-07,0.009645702799576302,False,0.04172453987390532,0.04780232494470252,0.029501503842270863,0.03699607601496138
2022-10-10,-0.01598687813802378,False,0.041482279656104355,0.047524776008572994,0.02933021278027513,0.03678127011272132
2022-10-11,-0.0046758852462927365,False,0.041451208898408434,0.04748917934387286,0.02930824407599897,0.03675372047126249
2022-10-12,-0.012433171951326536,False,0.041152117803333006,0.04714652128801246,0.029096770513505,0.03648852409229107
2022-10-13,0.02849437942274468,False,0.041004551614744325,0.04697745994140241,0.028992433245969045,0.03635768094946041
2022-10-14,-0.0033599359622477044,False,0.04155707291967852,0.04761046399698106,0.02938309565829793,0.03684758737524739
2022-10-17,-0.015688259008446802,False,0.04125045666607837,0.04725918463399189,0.029166301402183323,0.03657571863181978
2022-10-18,-0.015070252920998166,False,0.04121410554436428,0.047217538443583736,0.029140599195276787,0.03654348702743953
2022-10-19,0.001300672197241353,False,0.04123766893745596,0.04724453418701847,0.029157259787195404,0.03656438008185366
2022-10-20,0.008628181223338189,False,0.040956130140701055,0.04692198517658743,0.028958196647869867,0.036314746874216555
2022-10-21,-0.009495108022324072,False,0.04070258506064598,0.04663150757416087,0.02877892657860035,0.03608993497495333
2022-10-24,0.013353633709853615,False,0.0405102205246261,0.04641112235034657,0.028642914459217905,0.03591937029002974
2022-10-25,-0.017699577099400975,False,0.04039800079911205,0.04628255619238678,0.028563569050654113,0.035819867946611635
2022-10-26,-0.007870613432329579,False,0.04043535704701676,0.0463253539202096,0.02858998193607895,0.03585299077052516
2022-10-27,0.015679763746494414,False,0.040280956446092156,0.04614846262987159,0.028480812369795133,0.035716087730112374
2022-10-28,-0.005199318471793883,False,0.04025615292171138,0.04612004611201886,0.028463274938057538,0.035694095083190366
2022-10-31,0.01423358082116963,False,0.039963823620146055,0.04578513480307419,0.028256582328878368,0.03543489421255656
2022-11-01,0.005552010844989423,False,0.03987167084573311,0.04567955863901448,0.028191425338851987,0.035353184718396186
2022-11-02,0.013116329354970537,False,0.039604301621401064,0.04537324320497115,0.02800238085273484,0.0351161153060709
2022-11-03,-0.002946750185341651,False,0.03948682928857606,0.04523865932117798,0.02791932156703221,0.03501195561088954
2022-11-04,0.025802513429856504,False,0.039283510815131886,0.04500572455990293,0.027775564422108743,0.034831678351475326
2022-11-07,0.029151861908541132,False,0.039862027675711426,0.0456685108012608,0.028184607096678287,0.03534463436763796
2022-11-08,0.012294424143268371,False,0.040509027213650475,0.04640975521630054,0.02864207072389,0.03591831221188923
2022-11-09,-0.0019727763352150396,False,0.04050266042394795,0.046402461011232375,0.028637569059607067,0.03591266694326511
2022-11-10,0.010216198874721097,False,0.04019249837414206,0.04604711935533532,0.028418267734014794,0.0356376542335683
2022-11-11,-0.014966801633318984,False,0.03996813432587473,0.045790073425683475,0.02825963023071268,0.035438716404420104
2022-11-14,-0.009168890225695739,False,0.03991844537649214,0.04573314655934233,0.02822449745907376,0.035394658491402546
2022-11-15,0.0012007205765188873,False,0.039703497990758195,0.045486888965851305,0.028072518044914136,0.03520407017465029
2022-11-16,0.001199280575482187,False,0.039379293688384706,0.045115459599407395,0.027843288088129543,0.03491660656088163
2022-11-17,-0.030422139252385298,False,0.03910264212248994,0.04479850971597362,0.0276476804850528,0.03467130673510928
2022-11-18,-0.006611594332312818,False,0.04006354861949086,0.04589938619657541,0.02832709329101797,0.03552331780374539
2022-11-21,-0.010418931508246002,False,0.03985131675230068,0.04565623967633323,0.028177033895173578,0.03533513726742087
2022-11-22,-0.0025167798519673437,False,0.039693865225500106,0.04547585304846612,0.028065707159470408,0.035195529049528246
2022-11-23,0.006697387947521523,False,0.03937691021012424,0.045112728932930314,0.027841602840232942,0.034914493192030334
2022-11-25,0.01654981919082176,False,0.0391074775713916,0.04480404951821827,0.027651099408659445,0.034675594203243676
2022-11-28,0.00041025641601061464,False,0.039172658495596646,0.04487872499045744,0.027697185843445528,0.034733388451757934
2022-12-05,-0.023167059281534418,False,0.038839889780177876,0.044497483679853365,0.027461900383948964,0.03443833099328771
2022-12-15,0.0172314421828827,False,0.03921785780516913,0.044930508235760794,0.02772914419718772,0.03477346551666556
2022-12-16,-0.016827320132525178,False,0.0392849160768082,0.04500733451834673,0.027776558018032596,0.03483292436084907
2022-12-19,0.009650255832161768,False,0.039314688636663986,0.04504144388384154,0.02779760882630116,0.034859322923683156
2022-12-20,-0.00040024014942944305,False,0.039121747252277864,0.04482039778532065,0.02766118884395978,0.0346882467621544
2022-12-21,0.012333555984442239,False,0.03879846517831247,0.04445002498324319,0.027432610952482735,0.034401600864588065
2022-12-22,0.029992511014825363,False,0.03869430344168497,0.04433069057725286,0.027358962977391328,0.034309243332599285
2022-12-23,0.008406621919710765,False,0.03948047950697811,0.04523138460169179,0.027914831928398075,0.03500632542291417
2022-12-27,0.0019007798918083407,False,0.039219387766239004,0.044932261057875456,0.027730225962319655,0.0347748220937833
2022-12-28,-0.004567956172903075,False,0.0389390777300858,0.044611119794869286,0.027532031623122812,0.0345262783965581
2022-12-29,-0.01654201982427367,False,0.038667635014219034,0.04430013750610232,0.027340106958421886,0.034285597124091995
2022-12-30,0.008497540510440719,False,0.0388411666635294,0.044498946559805325,0.027462803209461602,0.034439463172903785
2023-01-03,-0.010827638652063392,False,0.03857762884740912,0.04419702063421165,0.027276467735940453,0.03420579097166519
2023-01-04,0.011980819637055315,False,0.038474842677957026,0.04407926216672899,0.02720379236115652,0.034114653119700175
2023-01-05,0.005363997535580441,False,0.03830709705174516,0.043887081954401545,0.027085187141035007,0.03396591738870671
2023-01-06,-0.004595948342678513,False,0.03799535547213158,0.043529930687245616,0.026864769002535233,0.03368950415056766
2023-01-09,0.03210851840841752,False,0.037687029242550074,0.04317669226544465,0.02664676570102105,0.033416119215431736
2023-01-10,-0.03249246926742488,False,0.03891017490945041,0.044578006858740894,0.027511595767470375,0.03450065100911404
2023-01-11,0.011075156167849595,False,0.040001737823353936,0.04582857176049157,0.028283389718845857,0.0354685117610823
2023-01-12,0.0026550366440525556,False,0.03991097158279714,0.04572458409907656,0.028219213083162706,0.035388031670819366
2023-01-13,0.004158010148663677,False,0.03954770692902884,0.0453084046739029,0.02796236534772227,0.035065934248415774
2023-01-17,-0.003779293991893329,False,0.03920238021781867,0.04491277611307897,0.02771820070676054,0.03475974193817012
2023-01-18,-0.007983315541989684,False,0.03894389257819513,0.044616635995517094,0.027535435980856338,0.034530547598499974
2023-01-19,-0.019268418865877032,False,0.038695135839021885,0.04433164422534826,0.027359551527278453,0.034309981397901965
2023-01-20,-0.00038918077938190427,False,0.038847358297858625,0.044506040095576814,0.027467181029432908,0.03444495313576481
2023-01-23,0.01506692593665995,False,0.038754569158417754,0.04439973487068287,0.02740157409495242,0.03436267939310661
2023-01-24,-0.008858136104014043,False,0.03868038310890359,0.04431474254587937,0.027349120550074536,0.03429690053166512
2023-01-25,0.002704270529635801,False,0.03843628343895871,0.04403508621469242,0.027176528896037392,0.03408046363453457
2023-01-26,0.014173767257715934,False,0.038155696770137616,0.0437136280234536,0.026978138962599388,0.033831674654239974
2023-01-27,-0.0007610350443413372,False,0.0380573957177765,0.04360100799548988,0.026908634807905413,0.0337445136402062
2023-01-30,-0.006109220986410996,False,0.03780272465255526,0.04330924039180846,0.026728568606292524,0.03351870335886553
2023-01-31,-0.011556368980514941,False,0.037499264549586755,0.042961576918617586,0.02651400591918426,0.03324963309300139
2023-02-01,0.004252857753551374,False,0.03734096840361947,0.0427802226405383,0.026402081992100018,0.03310927597302405
2023-02-02,-0.0034782643763248086,False,0.03702074466134128,0.042413353660565103,0.02617566650635095,0.032825341819479825
2023-02-03,-0.005434795985956945,False,0.03671021413750793,0.04205758985704826,0.025956104649714602,0.03255000239334299
2023-02-06,0.003109213542481437,False,0.03658333161198769,0.04191222504935829,0.02586639184939459,0.03243749892240472
2023-02-07,0.001550989066248734,False,0.03621563993508051,0.04149097374084543,0.02560641396942682,0.03211147617248257
2023-02-08,-0.0007751938372690744,False,0.03598579003364669,0.04122764286385908,0.025443897671564998,0.03190767417847197
2023-02-09,-0.0003878223822120318,False,0.03571256313887893,0.04091461650462801,0.02525071149599152,0.031665410920477796
2023-02-10,-0.00544536545857206,False,0.03549114950717832,0.04066095076255571,0.025094160096597134,0.031469089149790824
2023-02-13,0.021987385282845634,False,0.03515041461900986,0.04027058289047254,0.024853242122597277,0.031166968290897584
2023-02-14,0.0,False,0.035691243644024234,0.04089019151578976,0.02523563746135215,0.031646507472899266
2023-02-15,0.026728487441212107,False,0.03527898978037232,0.04041788689099214,0.024944151707901714,0.03128097257848893
2023-02-16,0.002967361227802008,False,0.036425868682519034,0.041731825357858916,0.025755057051389058,0.03229788059405967
2023-02-17,0.008115131218991028,False,0.03602032187076319,0.041267204764452094,0.02546831354597492,0.03193829267000619
2023-02-21,0.0036670374792693397,False,0.03568951818094277,0.040888214713956844,0.025234417465736105,0.031644977549177736
2023-02-22,0.0021937851577136127,False,0.03527120240007986,0.04040896516568773,0.024938645609324867,0.03127406770873775
2023-02-23,-0.003292485140055723,False,0.03496430843574321,0.04005736763936094,0.024721654996716348,0.031001952726345042
2023-02-24,-0.00809423109403728,False,0.034572898747137024,0.03960894344636081,0.024444907201121382,0.03065489982566769
2023-02-27,0.0029509427537345928,False,0.03430220171949253,0.03929881546613304,0.024253509778279104,0.03041487973576316
2023-03-02,-0.014388737452099556,False,0.033879661902055026,0.03881472658902946,0.02395475129980776,0.030040224550768723
2023-03-03,-0.010929070532190317,False,0.03401806315261532,0.03897328799131286,0.024052608461025565,0.03016294137884563
2023-03-09,0.001110905502139462,False,0.03387833644189326,0.03881320805634952,0.02395381412786594,0.030039049299344794
2023-03-10,-0.010416760858255715,False,0.033558071065147736,0.038446291377244285,0.023727369204299187,0.029755078229589567
2023-03-17,0.029653766575203556,False,0.03350922725669177,0.03839033275887712,0.023692833992953785,0.029711769681287813
2023-03-20,0.017020146512990157,False,0.034934093028517785,0.040022750919346976,0.024700291071432793,0.0309751615021419
2023-03-21,0.011424615514988237,False,0.03506982256326991,0.04017825143162158,0.02479625918523586,0.031095509388549755
2023-03-22,0.02003229876259771,False,0.03486538064096096,0.03994402957484219,0.024651707701271126,0.030914235995931304
2023-03-23,-0.002089864919459242,False,0.035159939135448154,0.040281494791025566,0.024859976470277306,0.031175413434576138
2023-03-24,0.005563296685328732,False,0.034778704902566,0.03984472825662276,0.02459042327160412,0.030837382848694608
2023-03-27,0.006221935039293459,False,0.03450798347209753,0.039534572318945374,0.024399008594646936,0.03059734112143389
2023-03-28,-0.00034464932272914363,False,0.03417200172710779,0.03914964995436031,0.024161451349661075,0.03029943475230809
2023-03-29,-0.007265210991412413,False,0.03380042229206457,0.03872394457928884,0.02389872461465657,0.029969964827271177
2023-03-30,0.012765396737729815,False,0.03355972840599918,0.038448190133855246,0.02372854103381833,0.029756547751082385
2023-03-31,0.0054700991097296646,False,0.03384194788602171,0.038771518978955324,0.02392808545298772,0.030006784503060237
2023-04-03,-0.022410867257940028,False,0.033684184959614186,0.038590775591607,0.023816538540939194,0.029866900175147825
2023-04-04,0.01591178503563907,False,0.03444132542328028,0.03945820455744647,0.024351877752958967,0.03053823714452954
2023-04-05,-0.003782022730520261,False,0.03474321591517829,0.03980406978292377,0.024565330640242793,0.030805915676640518
2023-04-11,0.02133143351605774,False,0.03432341214249883,0.03932311549522446,0.024268506693229094,0.030433686472139926
2023-04-12,-0.010439562735377404,False,0.03506758412024857,0.0401756869268721,0.024794676485088787,0.031093524618713515
2023-04-13,0.016118549102082255,False,0.034953039423245895,0.040044457131567915,0.024713687196076892,0.03099196078289344
2023-04-14,-0.006014050869755808,False,0.034927246750495404,0.04001490738152304,0.024695450383003567,0.030969091083560867
2023-04-17,0.006347106659678894,False,0.03450012895252664,0.03952557367455177,0.02439345502497307,0.030590376721011895
2023-04-18,0.016840417795247448,False,0.034087657392370636,0.039053019642593306,0.02410181534833328,0.03022464880071229
2023-04-19,0.00815266214592264,False,0.034173606751138556,0.03915148877344602,0.024162586188361604,0.03030085788582203
2023-04-20,0.002594876577658877,False,0.03400491409967887,0.03895822358789265,0.024043311370227225,0.030151282451906437
2023-04-21,0.026847250036188056,False,0.033503325071111235,0.038383570834267355,0.02368866082888516,0.02970653636518531
2023-04-24,0.010040875070810902,False,0.03452660950509358,0.03955591150409634,0.024412178206239057,0.0306138563456799
2023-04-25,-0.017002928508133463,False,0.03423525659726555,0.03922211881481399,0.02420617596018143,0.03035552121825224
2023-04-26,0.00853760126600164,False,0.034703040042728145,0.039758041711299666,0.024536924127935254,0.030770292764186004
2023-04-27,-0.008220090547347573,False,0.034305122291536934,0.03930216146190227,0.02425557478049722,0.03041746933185429
2023-04-28,0.007590169266675653,False,0.03429756564851592,0.039293504084103176,0.024250231825636775,0.03041076905090528
2023-05-01,-0.0009456265480070661,False,0.033860894716713275,0.03879322569064412,0.023941481885881532,0.030023584170369353
2023-05-02,-0.013013991004148427,False,0.03336938419147042,0.038230119520692205,0.023593957390877156,0.02958777443324603
2023-05-03,-0.03776490434775808,False,0.03336750311453186,0.03822796443758441,0.023592627367857177,0.029586106530721062
2023-05-09,0.015605809847472469,False,0.03586691243377101,0.04109144901546491,0.025359844786138556,0.03180226846915156
2023-05-10,0.009554703602478213,False,0.03583227191586705,0.041051762603149695,0.02533535206854046,0.03177155361315924
2023-05-11,-0.005536772065131883,False,0.03563144947958799,0.040821687463095196,0.025193359756740127,0.031593489525681154
2023-05-12,-0.00494744361046727,False,0.03528795854021562,0.040428162080932556,0.024950493105644556,0.03128892494709325
2023-05-15,-0.02067095210419637,False,0.034957214027562813,0.04004923982761863,0.024716638866860267,0.0309956622971368
2023-05-16,-0.053627796031408013,False,0.03535197511672891,0.04050150360133239,0.02499575628370915,0.03134568679846562
2023-05-17,0.0016680571006970134,False,0.03949709258884339,0.045250417620151834,0.027926578274791863,0.03502105581518183
2023-05-18,-0.0030045090202987243,False,0.03897695482246558,0.04465451423572762,0.027558812773729943,0.03455986303986736
2023-05-19,0.02541810385719881,False,0.038516823889683874,0.04412735855150888,0.027233475345865413,0.03415187678004347
2023-05-22,-0.01477616770768873,False,0.03895240892291587,0.0446263928695033,0.02754145749666598,0.03453809882225487
2023-05-23,-0.0023182656516113707,False,0.0388369984363445,0.0444941711698085,0.027459856047655086,0.03443576731309931
2023-05-24,-0.001991371384925287,False,0.03845709309738967,0.044058927102029,0.027191242448781475,0.03409891502327327
2023-05-25,0.0023228814161397287,False,0.038194744801406694,0.043758363967452404,0.02700574803026075,0.03386629753893639
2023-05-26,-0.008655180529113108,False,0.03786634422615071,0.043382127080051014,0.02677355108184629,0.03357511319796477
2023-05-30,0.004669788339359957,False,0.037685402057302475,0.04317482805703908,0.026645615193142968,0.033414676432137
2023-05-31,0.000665336019221158,False,0.03752340327561211,0.04298923180058158,0.02653107330256911,0.033271036280325614
2023-06-01,0.0003325020812013956,False,0.03717836259473927,0.04259393093456676,0.026287110900508545,0.032965097585821064
2023-06-02,0.0059662092785707005,False,0.036857082579782555,0.04222585182046238,0.02605994857291106,0.03268022686246864
2023-06-05,0.009865255938109972,False,0.03660780827543125,0.04194026709423229,0.025883698172791045,0.0324592017501432
2023-06-06,-0.0036059701424136638,False,0.03646043064990928,0.04177142177763754,0.025779494229530298,0.03232852580133243
2023-06-07,0.018868484304382736,False,0.036236012960375936,0.041514314393090404,0.02562081879895516,0.03212954040985373
2023-06-08,0.014715556652644388,False,0.03640696528649387,0.04171016840772636,0.02574169132915093,0.03228111943915176
2023-06-09,0.009796254673197793,False,0.036470988191877274,0.04178351717888813,0.02578695898206861,0.03233788690217043
2023-06-12,-0.01393309430392405,False,0.03623788143938181,0.041516455043193706,0.025622139914556134,0.03213119714211591
2023-06-13,0.015818108999695296,False,0.0362031306046444,0.04147664224479647,0.025597569196996968,0.03210038447102561
2023-06-14,0.0009411765400636845,False,0.03623856552234788,0.04151723877277663,0.02562262359817045,0.0321318037008818
2023-06-15,0.011535591675096461,False,0.03594723807584912,0.04118347525363585,0.025416639354648156,0.03187349114935973
2023-06-16,-0.01184921877504851,False,0.035848500098420895,0.04107035465612489,0.025346826270327038,0.03178594272511017
2023-06-20,-0.014534221094539225,False,0.03579257636185362,0.041006284815316825,0.02530728516731669,0.03173635658670491
2023-06-21,0.006977510071977951,False,0.03585355375323909,0.04107614444914616,0.025350399477305167,0.03179042367081676
2023-06-22,-0.008251395594566635,False,0.035616523330466304,0.04080458710362702,0.02518280616293192,0.03158025489327573
2023-06-23,-0.004791576009899284,False,0.03547907091422944,0.04064711274716327,0.025085619878841163,0.031458379372181745
2023-06-26,0.026229975886419662,False,0.03528025273895603,0.040419333817831665,0.024945044687851223,0.031282092411371636
2023-06-27,0.0018697418971540176,False,0.035945261493150076,0.041181210752966824,0.025415241803895854,0.03187173856433412
2023-06-28,0.024601486730308236,False,0.03566682801604875,0.04086221939708599,0.025218374293329036,0.03162485876374001
2023-06-29,-0.02273523424463186,False,0.0361946967425101,0.04146697986818307,0.025591606000832025,0.03209290638245799
2023-06-30,0.030602143198061326,False,0.03657670040698382,0.04190462791306084,0.025861703229208676,0.03243161920353578
2023-07-03,0.013768550342448893,False,0.03740174939345418,0.042849857264079264,0.026445057435581586,0.033163168912933874
2023-07-05,-0.008957957782099334,False,0.03736073247389741,0.0428028656346255,0.026416056257532433,0.033126800265648425
2023-07-10,0.0076069132975012475,False,0.0371932509839978,0.04261098803389943,0.026297637796053538,0.03297829873752731
2023-07-13,-0.02051825158759548,False,0.03692815601025351,0.042307278128063966,0.02611020132796741,0.03274324584468615
2023-07-14,0.02294029334080683,False,0.03718694276184445,0.04260376092759439,0.026293177542191966,0.03297270539924222
2023-07-17,0.015601876630499958,False,0.037512613465129595,0.042976870297534796,0.026523444323642818,0.0332614692329716
2023-07-18,0.014188828048673803,False,0.03750087286550368,0.04296341950910047,0.026515143085426143,0.03325105914534609
2023-07-19,0.007602375796725462,False,0.03744697259852219,0.04290166788560404,0.02647703268473007,0.03320326716536261
2023-07-20,-0.013194737685747032,False,0.03724751528998908,0.04267315672397327,0.026336005591996604,0.033026413501534777
2023-07-21,0.007937716232945376,False,0.037209880704529096,0.0426300401146888,0.026309395906883106,0.03299304388287206
2023-07-24,0.00058548011040136,False,0.0370433600280585,0.04243926328381863,0.026191656792406082,0.0328453942832986
2023-07-25,0.015391620825613047,False,0.03683037231431453,0.042195250816997265,0.02604106297221386,0.03265654355728131
2023-07-26,0.02335623117115578,False,0.03672635348777405,0.04207608013802318,0.02596751604227463,0.03256431273998989
2023-07-27,-0.006496280436790647,False,0.03709424856204469,0.0424975644716788,0.02622763773516682,0.03289051583712119
2023-07-28,-0.001134108428901019,False,0.03688267216690245,0.04225516890250577,0.026078041793471934,0.03270291649099756
2023-07-31,0.006503628183101025,False,0.036632232930517074,0.04196824955497609,0.025900967723468848,0.032480858463408945
2023-08-01,-0.001410238563998119,False,0.036393200801110956,0.041694398925187816,0.025731959094364446,0.03226891482409616
2023-08-02,0.005348358984134868,False,0.036162362082513784,0.04142993519546069,0.025568743649347674,0.032064236071347146
2023-08-03,-0.020133956744570882,False,0.03596016550274248,0.04119828574796181,0.025425779743860785,0.031884953566188534
2023-08-04,0.0054278093548754455,False,0.03622250851353757,0.041498842827486164,0.025611270425468142,0.03211756636428529
2023-08-07,-0.009733830074628877,False,0.0360338406051883,0.04128269269883754,0.02547787202155764,0.0319502793840102
2023-08-08,-0.04200940807754297,False,0.03595630701789122,0.04119386521876696,0.025423051586617857,0.03188153234694223
2023-08-09,-0.004209266587765034,False,0.03777290584435559,0.04327507804122695,0.026707485097946283,0.0334922637888148
2023-08-10,-0.011210540069938378,False,0.03753807611556799,0.043006041952725914,0.02654144779311217,0.03328404631001087
2023-08-11,0.00455997142169484,False,0.03741266147998073,0.04286235885445133,0.026452772870276926,0.0331728443793102
2023-08-14,0.007252978305015577,False,0.037181233936802574,0.04259722052929332,0.026289141094470395,0.032967643530954556
2023-08-15,0.005704864593999427,False,0.03697638010103472,0.042362526757878764,0.026144298365436757,0.03278600490526982
2023-08-16,0.009535233151000005,False,0.036780606754197524,0.042138236180455854,0.026005876032646844,0.03261241771549659
2023-08-17,0.012085629784960899,False,0.036659484442292244,0.041999470645131855,0.025920236014545812,0.032505021677771605
2023-08-18,-0.013866574155955751,False,0.036610749540419575,0.041943636797173174,0.02588577780603844,0.03246180969413531
2023-08-21,-0.0032733253449691376,False,0.03662818798845228,0.04196361540836721,0.025898107730902675,0.032477271917348574
2023-08-22,-0.007779811830757209,False,0.03641257686549846,0.04171659739469281,0.025745659018670465,0.032286095081880115
2023-08-23,-0.0018039692204306357,False,0.036297138249726496,0.04158434346837092,0.02566403768079508,0.0321837386312861
2023-08-24,0.011965443385675427,False,0.036044408088168785,0.04129479948915344,0.025485343802928842,0.03195964929928822
2023-08-25,0.019726828419716007,False,0.03601851969871903,0.04126514007988225,0.02546703931297808,0.03193669473042101
2023-08-28,0.003492436611499202,False,0.03610169968877862,0.04136043644326317,0.025525852059715585,0.03201044828754754
2023-08-29,0.03230236546585649,False,0.03585789184871408,0.041081114451216004,0.02535346674516984,0.03179427014846368
2023-08-30,0.014244061525921331,False,0.03684854256494814,0.04221606782846676,0.026053910321052275,0.03267265465103293
2023-08-31,-0.0011098780273611913,False,0.036858297341587146,0.042227243529962086,0.02606080747513392,0.032681303960507314
2023-09-01,-0.007803830016528031,False,0.036465417821262676,0.04177713540291202,0.025783020429107066,0.032332947797861264
2023-09-05,-0.003924871873297245,False,0.03634471012356838,0.041638844876379026,0.025697673565652567,0.03222591938788994
2023-09-06,0.004763915412941549,False,0.03615706139015289,0.04142386238029166,0.025564995773480762,0.032059536083807245
2023-09-07,-0.0011188812356079751,False,0.0359727706844566,0.04121272705741918,0.025434692288322517,0.031896130256507636
2023-09-08,0.010025146619378865,False,0.0357243487175164,0.04092811882392002,0.02525904453679934,0.03167586088983564
2023-09-11,0.0005540166346692684,False,0.0354983013820645,0.04066914441186392,0.025099216858518816,0.031475430533248576
2023-09-12,0.04362062247589035,False,0.035276063820243536,0.04041453472228581,0.024942082896016845,0.031278378204922
2023-09-13,0.02020800953039792,False,0.03726617913818698,0.0426945392326593,0.026349201940979377,0.03304296225554735
2023-09-14,0.0010386913424115715,False,0.03736095486317728,0.04280312041813307,0.026416213498767795,0.03312699745250124
2023-09-15,-0.02523129905218866,False,0.0371061344929879,0.04251118176104699,0.02623604173047629,0.03290105478628665
2023-09-18,-0.036870535808327685,False,0.03761728583063229,0.043096789712910304,0.026597453340935506,0.033354279526446526
2023-09-19,0.005782750521912127,False,0.038840428229157294,0.04449810056174489,0.027462281096466902,0.03443880842214452
2023-09-20,-0.019967385513868497,False,0.038635139096031175,0.04426290808559135,0.027317130588684208,0.034256783829491565
2023-09-21,0.006978395381462278,False,0.03874134079658502,0.04438457960587406,0.027392220928479767,0.03435095014500954
2023-09-22,-0.003622687534489997,False,0.038542472818849684,0.04415674361962882,0.027251610524458684,0.03417461902563776
2023-09-25,-0.024301845845230974,False,0.038303398383050566,0.0438828445209071,0.02708257198244884,0.03396263787433476
2023-09-26,0.0011435107020790205,False,0.03861696631547334,0.04424208817567743,0.027304281451052684,0.03424067049252122
2023-09-27,-0.024292692569044587,False,0.03835886197140088,0.04394638718622908,0.02712178773581048,0.034011816011154765
2023-09-28,0.012509254028708332,False,0.03872546443934503,0.04436639062667818,0.027380995486197303,0.03433687298751261
2023-09-29,-0.01192394526163249,False,0.03860444676555534,0.04422774497153066,0.027295429452897035,0.0342295697297126
2023-10-02,0.024278649170260895,False,0.038513130886581835,0.04412312760888281,0.02723086419315927,0.03414860228920668
2023-10-03,-0.02135723312812675,False,0.038839995420388136,0.04449760470809414,0.02746197507728479,0.03443842466174423
2023-10-04,0.0008747631407794009,False,0.03906490149942191,0.04475527162316384,0.027620995825621778,0.03463784309562765
2023-10-05,-0.009076332254196942,False,0.03882618700619613,0.044481784897877616,0.02745221178245704,0.034426181096143815
2023-10-06,0.01546798678573961,False,0.03863300794277464,0.044260466498918766,0.027315623748197144,0.03425489419072942
2023-10-09,-0.005226492733542583,False,0.038551398652321246,0.044166969630348156,0.027257921570937628,0.03418253333253266
2023-10-10,0.011289742144600533,False,0.03835510914478925,0.04394208770593061,0.027119134284651115,0.03400848847635116
2023-10-11,-0.01216348619319735,False,0.03818989737957041,0.04375281044824136,0.027002320641142486,0.0338619994547089
2023-10-12,0.01675855458861985,False,0.03807273706877056,0.04361858403701185,0.026919481971868508,0.033758116421429514
2023-10-13,0.002575477171215241,False,0.03807215272513193,0.043617914575237615,0.02691906880934707,0.03375759829895917
2023-10-16,0.02595350185839477,False,0.037822488663042074,0.043331883317395084,0.02674254282944939,0.033536227598474654
2023-10-17,0.012178395741536901,False,0.03825341986952511,0.043825585911201226,0.02704723447331733,0.03391832321224165
2023-10-18,0.0010998076445401382,False,0.038109854263825876,0.043661107890466726,0.02694572583401409,0.03379102728333185
2023-10-19,0.002470153582062117,False,0.03784807289584333,0.04336119426518559,0.026760632264217724,0.033558912479467
2023-10-20,0.012530809564963179,False,0.037602976086568304,0.043080395546846645,0.02658733557880412,0.03334159144454686
2023-10-23,0.017443082804992648,False,0.03751747046784417,0.04298243479321818,0.026526878486959633,0.033265775812317384
2023-10-24,-0.008012863385357148,False,0.03757298421401956,0.04304603492258074,0.026566129704613355,0.03331499842279042
2023-10-25,0.0016077173880968793,False,0.037432408294758156,0.042884982079523834,0.026466734935138264,0.03319035337192623
2023-10-26,0.019881370553828995,False,0.03721052347814612,0.04263077651761618,0.026309850382555927,0.032993613813700966
2023-10-27,0.010963304797269594,False,0.0373844919776696,0.04283008605510888,0.02643285551029697,0.033147867206357415
2023-10-30,-0.0067726229178179725,False,0.03728547750260902,0.042716648684070664,0.026362846927212105,0.033060073618771
2023-10-31,-0.00235509725496841,False,0.03705896826670647,0.0424571450890565,0.026202692660358982,0.03285923370693814
2023-11-01,-0.006043902250270196,False,0.03680814585692559,0.04216978675336261,0.026025347666064493,0.03263683592935803
2023-11-02,0.01854081052656271,False,0.036635805984565985,0.04197234307622779,0.025903494065714232,0.03248402659850638
2023-11-03,0.008501919045983852,False,0.03676787436657709,0.04212364913570489,0.025996873546737093,0.03260112823497311
2023-11-06,0.004096267888515355,False,0.036619129955618196,0.04195323794152867,0.02589170321233241,0.032469240392680156
2023-11-07,-0.007951818224354255,False,0.036411946157177966,0.04171587481454758,0.025745213073814114,0.03228553584903924
2023-11-08,0.008462673918733728,False,0.03622853199260438,0.04150574371373966,0.025615529350584403,0.032122907228201436
2023-11-09,0.00839165763624838,False,0.03608663792501407,0.04134318071491029,0.025515202579028347,0.03199709340912739
2023-11-10,0.010579443762084513,False,0.035897978440155735,0.04112704023675637,0.025381810130981005,0.03182981389774499
2023-11-13,0.01492193815395659,False,0.035786218142271946,0.04099900042873206,0.025302789562572196,0.03173071891698645
2023-11-14,-0.026261356620129878,False,0.035692203910276527,0.040891291658764706,0.025236316421470513,0.031647358916279386
2023-11-15,-0.0017755236116547223,False,0.03637290410777766,0.04167114572376358,0.02571760823565714,0.03225091826831195
2023-11-16,0.01636697746420541,False,0.036183278699376584,0.041453898621277754,0.025583532827481457,0.03208278229737554
2023-11-17,0.01953815088446453,False,0.03623328703737972,0.041511191399829526,0.025618891424129944,0.03212712340406568
2023-11-20,-0.012073572805418646,False,0.03645772929475061,0.04176832693087647,0.02577758422549349,0.03232613057921384
2023-11-21,0.04673408205263276,False,0.03644379343391463,0.04175236110956175,0.0257677308190032,0.03231377400995317
2023-11-22,-0.012857319975237317,False,0.03852245229764262,0.04413380681881101,0.027237454934364712,0.03415686734457251
2023-11-24,0.010962931532786038,False,0.03848062606997109,0.04408588799376445,0.02720788153175588,0.034119781104603626
2023-11-27,0.00967102713907744,False,0.038336932727501175,0.043921263629543884,0.027106282575654842,0.03399237191478567
2023-11-28,0.025493848826219766,False,0.03818692034673964,0.043749399767352426,0.02700021571809814,0.03385935979629112
2023-11-29,0.015440815402903431,False,0.0385331437254468,0.04414605560831385,0.02724501435142234,0.034166347158536836
2023-11-30,0.008302527216416434,False,0.038398831907014805,0.04399217932332657,0.027150048639649163,0.03404725632471496
2023-12-01,-0.017356459594249245,False,0.03796436506321998,0.0434944260752969,0.026842857109190404,0.033662025752308665
2023-12-04,-0.029301900273240034,False,0.03794285603584286,0.04346978394577234,0.02682764906481826,0.033642954251118795
2023-12-05,-0.015335914578821398,False,0.03866328958055835,0.04429515909693349,0.02733703450206348,0.034281744139864616
2023-12-06,0.008287013211945513,False,0.03873269726520301,0.04437467701864263,0.02738610948482939,0.03434328614811435
2023-12-07,0.023075257619859766,False,0.038456334875404105,0.0440580584340019,0.027190706344875044,0.034098242727346254
2023-12-12,0.005500816071034801,False,0.03871712064268345,0.044356831434881346,0.02737509597118732,0.03432947475768245
2023-12-13,0.004561011327562667,False,0.038503558090543115,0.044112160396104556,0.027224095709193454,0.03414011433724857
2023-12-14,-0.029556526931277388,False,0.03832630405306405,0.0439090867343472,0.027098767528617954,0.0339829477426174
2023-12-15,-0.005404783454126221,False,0.038945121564421856,0.04461804400143255,0.027536304940514112,0.03453163730896778
2023-12-18,0.0063417711075926505,False,0.03877347188060183,0.0444213910488196,0.02741493934074849,0.034379439950536966
2023-12-19,0.004205613675414045,False,0.03852451039756344,0.0441361647108688,0.02723891012219675,0.034158692208821395
2023-12-20,0.004652253098957557,False,0.038314717919706844,0.04389581291243645,0.02709057550639823,0.03397267461625823
2023-12-21,-0.004885434865200053,False,0.03793644038211323,0.04346243375892204,0.026823112851028313,0.03363726565601903
2023-12-22,0.005349471996496742,False,0.03777475130668597,0.04327719232194178,0.026708789939514224,0.033493900112783
2023-12-26,-0.006516197131763613,False,0.037525834823877405,0.04299201753915766,0.026532792538556085,0.03327319227161344
2023-12-27,-0.0007006890395284559,False,0.037359535595806466,0.04280149441386201,0.026415210000061286,0.03312573902463853
2023-12-28,-0.00562325755436212,False,0.03710470840511841,0.042509547942772584,0.026235033409308738,0.03289979031086324
2023-12-29,-0.014198061505292538,False,0.036854888497069326,0.042223338137744,0.026058397237898375,0.0326782814257763
2024-01-02,0.018652411854672896,False,0.03686568329650213,0.04223570535645413,0.02606602974428205,0.03268785289670418
2024-01-03,-0.00869264254261621,False,0.03692476734857646,0.04230339585861046,0.02610780536109065,0.03274024120556078
2024-01-04,0.005177700435171679,False,0.0368214450382076,0.042185023153501776,0.026034750905713774,0.032648627971238735
2024-01-05,-0.013232707266574306,False,0.03664141040425823,0.041978763861024095,0.02590745669321316,0.03248899589325668
2024-01-08,-0.02651396577560692,False,0.036648270791079005,0.04198662356279778,0.025912307357325075,0.03249507882174626
2024-01-09,0.01647324073234484,False,0.03728502963025314,0.042716135572603064,0.026362530257260375,0.033059676501875926
2024-01-10,0.010516349309065334,False,0.037321509633542256,0.042757929418059004,0.026388323590403228,0.033092022382232876
2024-01-11,0.016038079616447938,False,0.0371289354815083,0.04253730404461457,0.026252163261174414,0.032921271836182625
2024-01-12,0.01139944878853882,False,0.03720712682344526,0.042626885090838895,0.026307448764179522,0.03299060208736703
2024-01-16,0.02422421925556644,False,0.036762107198800284,0.04211704189620241,0.025992795847549984,0.03259601463568342
2024-01-17,0.004280732007220087,False,0.037092557097274735,0.04249562662050512,0.02622644177819376,0.03288901605882776
2024-01-18,0.002245678015395903,False,0.036869570890444923,0.04224015923490234,0.026068778483225294,0.03269129992623302
2024-01-19,0.02765357056330997,False,0.03668327960871511,0.04202673192304881,0.02593706048273104,0.03252612023963543
2024-01-22,-0.003935291480055193,False,0.037125964696454225,0.04253390052158172,0.026250062755645717,0.03291863771750769
2024-01-23,0.015001911963252696,False,0.03697236052201567,0.04235792166881151,0.026141456305914156,0.03278244084796958
2024-01-24,0.03206559889473304,False,0.03697938989887474,0.042365974976476296,0.026146426455112764,0.03278867361557832
2024-01-25,-0.03400965394052906,False,0.03773693287584082,0.04323386508752236,0.026682050265781243,0.03346036748314725
2024-01-26,0.010110874561537402,False,0.03884270712988003,0.04450071141744741,0.027463892402394566,0.034440829064783685
2024-01-29,0.012760700590214488,False,0.03849667512498845,0.044104274826676546,0.02721922908069687,0.03413401138877656
2024-01-30,0.0153090963061154,False,0.03844103331111422,0.04404052797469527,0.027179887312261262,0.034084675223969886
2024-01-31,0.0035317373367234482,False,0.03849762589914829,0.04410536409489796,0.02721990132939307,0.03413485441576252
2024-02-01,0.027410184007916606,False,0.03785957330030958,0.04337436987054763,0.026768763671480074,0.03356910959222419
2024-02-02,0.01063733060858379,False,0.038271945306522094,0.043846809847085215,0.027060332958103454,0.033934749240603426
2024-02-05,0.035304706010122845,False,0.038180434818872205,0.043741969528181567,0.026995630099517835,0.03385360924559107
2024-02-06,0.005956401508944859,False,0.039041053505803745,0.04472794982300355,0.027604134005755506,0.0346166976932489
2024-02-07,0.03575169096384288,False,0.038800234222125835,0.04445205171397439,0.02743386176203066,0.03440316943022332
2024-02-08,0.0704705222914646,False,0.03961203477960939,0.045382102809957574,0.028007848613368875,0.0351229720984951
2024-02-09,0.014196766276720256,False,0.04441075888883981,0.050879830762923496,0.03140080580772722,0.039377877304314926
2024-02-12,-0.0047667778376538185,False,0.04413264981773013,0.05056121106747735,0.031204167669722407,0.039131285146167274
2024-02-13,0.023776518418454563,False,0.0428068912241101,0.049042336484750294,0.03026678472046032,0.03795576911039358
2024-02-14,-0.008702983801607228,False,0.042915690738177505,0.04916698422780494,0.030343711854755796,0.03805223884031733
2024-02-15,0.002015114032020891,False,0.042675274874208434,0.04889154830242285,0.03017372485055968,0.03783906827916837
2024-02-16,-0.04371999944648129,False,0.04235513651695072,0.048524777145038146,0.02994736973663299,0.037555209834325025
2024-02-20,0.05007453587964784,False,0.04399011873482532,0.050397918262803494,0.031103390493924504,0.039004906502003035
2024-02-21,0.03263387069460047,False,0.04641065381443591,0.05317103942280365,0.03281483956363954,0.04115113268143561
2024-02-22,-0.0046899091380548635,False,0.047095801829882565,0.05395598919501388,0.03329927622540522,0.041758635799206766
2024-02-23,0.06175868431140824,False,0.046505694060997665,0.05327992366125659,0.03288203815246965,0.041235402422861285
2024-02-26,0.047904443810383016,False,0.05096939530964767,0.05839382780948395,0.036038116084922876,0.04519325147769083
2024-02-27,-0.01891690693713081,False,0.05354977558535597,0.06135007793933743,0.037862584343851174,0.04748120827999735
2024-02-28,-0.057114874055463706,False,0.05338172778113541,0.06115755153238671,0.03774376546755246,0.04733220461553802
2024-02-29,0.020171358863779413,False,0.05803809445528689,0.06649218562283185,0.04103606826450706,0.05146088514625318
2024-03-01,0.04739939426403749,False,0.057633554597457705,0.066028718660812,0.040750036729919344,0.0511021900623395
2024-03-06,0.028290429839096576,False,0.05954618643625312,0.06821995309824343,0.04210237076911054,0.05279807150550345
2024-03-07,-0.016310822797668736,False,0.05947244118542897,0.06813546578085952,0.04205022889272047,0.05273268348891951
2024-03-08,-0.008113346050100624,False,0.05890105141495822,0.06748084479376976,0.041646225455896003,0.05222604688019017
2024-03-13,-0.001741077420292917,False,0.057929681415132314,0.06636798064922701,0.040959414388147056,0.05136475809280471
2024-03-14,-0.08152708821732833,False,0.05669974282828136,0.0649588836485565,0.04008978136030788,0.0502742031917708
2024-03-15,0.07953356650055315,False,0.06605687370826646,0.07567901650626828,0.046705778407675064,0.05857093040228156
2024-03-18,0.019024662735060476,False,0.07425304878863959,0.08506908349513638,0.05250091698454826,0.06583826797441031
2024-03-19,-0.01790281780593583,False,0.07299906989137371,0.08363244436377495,0.05161428615847767,0.06472639714864191
2024-03-20,0.03633204938194809,False,0.07195097745192922,0.08243168204227731,0.05087322818101955,0.06379708054796575
2024-03-21,0.027840452368084558,False,0.0721497761947172,0.08265943870849982,0.05101378963219246,0.06397335027849098
2024-03-22,0.04344036520624281,False,0.07152931170602954,0.08194859455792249,0.0505750877183468,0.06342320037971573
2024-03-25,0.07643055693253126,False,0.07264776291811435,0.08322996442890125,0.05136589314916591,0.06441490229389774
2024-03-26,-0.0028021397609848332,False,0.07929986697838758,0.0908510440337605,0.056069290097015057,0.07031315181844706
2024-03-27,0.02270839936981225,False,0.07737806437305843,0.08864930297449063,0.05471047183043755,0.06860913889254364
2024-03-28,-0.00785357700760576,False,0.07636954261525006,0.08749387537897367,0.053997392462686276,0.06771490859719757
2024-04-01,0.035606698219851046,False,0.07479593708990544,0.08569105136019169,0.052884768342864485,0.066319633063683
2024-04-02,-0.01704162025209678,False,0.07475247028169138,0.08564125298022543,0.05285403496118038,0.066281092163156
2024-04-03,-0.043657114982606264,False,0.07359732014557796,0.08431783845406682,0.0520372814084285,0.06525685025722974
2024-04-04,-0.006531151415659997,False,0.07485912712411964,0.08576344594040522,0.05292944711087002,0.0663756620412641
2024-04-05,0.03458827418754784,False,0.07341372665570131,0.08410750190662164,0.05190747089252155,0.06509406263325941
2024-04-08,0.010157527658024952,False,0.07345021201662955,0.08414930189013463,0.0519332680138047,0.06512641326409711
2024-04-09,0.03075022122503588,False,0.07200247115279404,0.08249067654835895,0.05090963700945737,0.06384273868768985
2024-04-10,0.020083139213050823,False,0.07157136928513798,0.08199677843410194,0.050604824698920206,0.0634604917530515
2024-04-11,-0.0036566630429248448,False,0.07054132923430922,0.08081669809374167,0.04987653073548642,0.06254718174090808
2024-04-12,0.05750647926905293,False,0.06882338101179493,0.07884850576809875,0.04866184853070974,0.06102392125146993
2024-04-15,0.001273422038554856,False,0.07195471138608817,0.08243595987816303,0.05087586827419421,0.06380039133131762
2024-04-16,-0.07139163230290106,False,0.07047845130753008,0.0807446610839429,0.04983207264429896,0.06249142950095973
2024-04-17,0.009425323625885433,False,0.0765026152600689,0.08764633198671831,0.05409148201176911,0.06783290068765821
2024-04-18,0.08975583446896103,False,0.0750608316446034,0.08599453165303667,0.053072063103857314,0.0665545082501122
2024-04-19,0.048912246044424436,False,0.08405495111713242,0.0962987752208895,0.05943139147460832,0.07452936258520886
2024-04-22,-0.061814502705499805,False,0.08524221956944626,0.09765898656235943,0.06027085441209296,0.07558208297576825
2024-04-23,-0.05353002007551411,False,0.08849981511807949,0.10139109820277012,0.06257415045526087,0.07847050913714594
2024-04-24,0.04245331625233912,False,0.09017296518197446,0.10330796686752386,0.06375715794169126,0.0799540482519058
2024-04-25,-0.004992974831966317,False,0.09035063618963199,0.10351151823722055,0.06388278094270958,0.08011158456326638
2024-04-26,-0.0238534125784183,False,0.08844999951194502,0.10133402623028213,0.06253892813045579,0.07842633892084513
2024-04-29,-0.07206670930032104,False,0.08713754882000206,0.09983039803834147,0.06161095458663341,0.07726262265910208
2024-04-30,0.014913778111892307,False,0.0919802924912023,0.10537855764163989,0.0650350359894435,0.08155655887798285
2024-05-01,-0.09844347583479532,False,0.09026590063308455,0.10341443971650609,0.06382286832642632,0.08003645172535678
2024-05-02,-0.07928978780578746,False,0.10029021912297983,0.1148989457470411,0.07091060305854123,0.08892475702413578
2024-05-03,0.002590065022227485,False,0.10549196559317349,0.1208584021197084,0.07458851883522093,0.0935370117884405
2024-05-06,0.007730186068920649,False,0.10308587001969802,0.11810182378957283,0.0728872792764319,0.09140358874759753
2024-05-15,0.03536317296496345,False,0.1008650576691662,0.11555751787410548,0.07131704496611535,0.08943445157356186
2024-05-16,-0.20399754594369449,False,0.10004628938306616,0.11461948409866177,0.07073813155421656,0.08870847079959195
2024-05-17,-0.006105439222083772,False,0.14120951711613608,0.16177873363899295,0.09984275738825503,0.12520684578074387
2024-05-20,-0.018127384592556715,False,0.13780135026637755,0.15787411780116054,0.09743299930063777,0.12218491192056498
2024-05-21,0.024368077754117628,False,0.13490842170360504,0.15455979218804697,0.09538754251746007,0.11961982659337796
2024-05-22,0.019022676759621784,False,0.13238256797407402,0.15166601118754414,0.09360162747245376,0.11738021707670489
2024-05-23,0.07328301868835824,False,0.1298255216768464,0.1487364939689452,0.09179365759692007,0.11511294991277933
2024-05-24,0.02255780586176941,False,0.13172120907804793,0.15090831576541483,0.09313401100331599,0.11679380715907621
2024-05-28,0.056944045822835763,False,0.12924469442619338,0.14807106079565288,0.09138298135175069,0.11459794533318038
2024-05-29,0.058505266487327526,False,0.1294004746741714,0.14824953269867008,0.09149312640303614,0.1147360716711398
2024-05-30,-0.005601652049278656,False,0.12959379916275218,0.1484710177060742,0.0916298172607402,0.11490748752130142
2024-05-31,0.0079621681668108,False,0.12679934474632926,0.14526951042856556,0.08965398701905763,0.11242971668613437
2024-06-03,0.04648591561954456,False,0.12418333919549344,0.14227244568498512,0.08780432976597308,0.1101101718689413
2024-06-04,-0.022554235587386878,False,0.12351380027612834,0.14150537870034394,0.08733092957841217,0.10951650893507398
2024-06-05,-0.015713479127771546,False,0.12150133057878036,0.13919976357062122,0.08590800477952432,0.10773210383136532
2024-06-06,0.048142076006761,False,0.11934178802475168,0.13672565228715197,0.0843810915254115,0.10581729300953632
2024-06-07,0.006160080070186996,False,0.11900461277969536,0.13633936257188606,0.08414269041140021,0.10551832839460794
2024-06-10,-0.025077766788971067,False,0.1166793702468161,0.13367541470169153,0.08249861832036559,0.1034565956646702
2024-06-11,0.022759567897648745,False,0.11505479410442335,0.13181419545539763,0.08134995522062376,0.10201612579639387
2024-06-12,0.06153831360990295,False,0.11326875751205795,0.1297679967001952,0.08008713085991566,0.10043249310119004
2024-06-13,0.02538896969931715,False,0.1144835098834228,0.131159695392591,0.080946026412977,0.10150958277566419
2024-06-14,-0.0489104304205541,False,0.1128327823909621,0.1292685154723755,0.07977887289592102,0.10004592517810597
2024-06-17,-0.06367107803340397,False,0.11282566220174771,0.12926035812421727,0.07977383853748109,0.10003961188951818
2024-06-18,0.02847566998297,False,0.11479058246261689,0.1315114975516227,0.08116314331593932,0.10178185613125558
2024-06-20,-0.03481104974407501,False,0.11317348279464404,0.12965884383680598,0.08001976648752589,0.10034801546049223
2024-06-21,-0.06488587603355739,False,0.11190393959422253,0.1282043732355414,0.07912213085826907,0.09922234416755496
2024-06-24,-0.1199811139192816,False,0.11418318512780781,0.13081562397562074,0.08073368058583354,0.10124329254163202
2024-06-25,-0.001379743084985911,False,0.12506306453181354,0.14328031579010664,0.08842634310555747,0.11089020169103504
2024-06-26,-0.021568966070766048,False,0.12257654859503572,0.14043160270305424,0.08666824200523605,0.10868547198311138
2024-06-27,-0.05266453172173226,False,0.12062500964134527,0.138195793764514,0.08528839853387289,0.10695509260217434
2024-06-28,0.04390497551900335,False,0.12085995636857466,0.1384649638939787,0.08545451856292614,0.10716341382048648
2024-07-01,-0.050007103071347966,False,0.12013185351123913,0.13763080228345637,0.08493971050732704,0.10651782374955698
2024-07-02,0.05568380519469669,False,0.1201044743225532,0.13759943491839394,0.08492035194177647,0.10649354732736241
2024-07-08,-0.003633064849881094,False,0.12042270478929866,0.13796402027331078,0.08514535807403799,0.10677571409477486
2024-07-09,0.04200159229472132,False,0.11809776615643823,0.13530042057058544,0.08350150085673474,0.10471425082516507
2024-07-16,-0.017041465854851702,False,0.11737561926304978,0.13447308249663936,0.08299090398941478,0.10407394175423205
2024-07-17,-0.06929339740957395,False,0.1153934304602894,0.13220215911347796,0.08158938941891346,0.10231638594068573
2024-07-18,0.03853676266842197,False,0.1176432680584686,0.13477971822535764,0.08318014614739398,0.10431125905504716
2024-07-19,-0.04811488404192155,False,0.11667226345249485,0.13366727269958711,0.08249359343283877,0.10345029425298954
2024-07-22,0.08820284621195786,False,0.11661319195614998,0.13359959658208453,0.0824518266936092,0.10339791707697522
2024-07-23,-0.0134262386067915,False,0.12115428597738194,0.13880216688395944,0.08566262549739116,0.10742438831208771
2024-07-24,-0.007145915468416827,False,0.11898191510102359,0.13631335864674662,0.08412664192634633,0.10549820294689678
2024-07-25,-0.05265687421939791,False,0.11674473334699899,0.13375029888648488,0.08254483356340998,0.10351455144393698
2024-07-26,0.029415742059613947,False,0.11714584986407521,0.13420984384846438,0.08282844461114075,0.10387021113968091
2024-07-29,-0.04088420098352669,False,0.11562912958503656,0.13247219123808365,0.08175604143365975,0.10252537429051914
2024-07-30,0.05300256370277612,False,0.11500538174472535,0.13175758546804472,0.0813150180128345,0.10197231312833353
2024-07-31,-0.005422739440759779,False,0.11527353170533222,0.13206479536393753,0.0815046145216769,0.10221007479942688
2024-08-01,-0.06774021383675788,False,0.11278744843827233,0.1292165779712298,0.07974681934222085,0.10000572872861034
2024-08-02,-0.005569567506992604,False,0.1147838510290441,0.13150378558700995,0.08115838382874038,0.10177588754229328
2024-08-05,0.0494231957788478,False,0.11238742955201081,0.12875829052593074,0.07946398437877514,0.09965104227386991
2024-08-06,0.039945772248162155,False,0.11242673415770824,0.12880332041814885,0.07949177485841867,0.09968589265651079
2024-08-07,0.043197863813610356,False,0.11099295404324253,0.12716068941159803,0.07847801485809963,0.09841459671738677
2024-08-08,-0.04868534785991831,False,0.11074966395302989,0.12688196058718637,0.07830599562067041,0.0981988776537759
2024-08-09,0.10660698720536184,False,0.111288330032568,0.12749909120261285,0.07868686164012131,0.09867649900767217
2024-08-12,-0.041174698319141716,False,0.12020226606343401,0.13771147144626505,0.08498949598573852,0.1065802567480102
2024-08-13,0.014892561948627127,False,0.11943787049508028,0.13683573056439644,0.08444902702275049,0.10590248686396168
2024-08-14,-0.003277765014302584,False,0.11727188152134094,0.134354233846584,0.08291755580163701,0.10398196016762909
2024-08-15,-0.04019480907680551,False,0.11501680758718344,0.13177067565035946,0.08132309670072889,0.10198244412887644
2024-08-16,0.01775540161195884,False,0.11408595055280707,0.13070422577293014,0.08066493048824937,0.1011570771456353
2024-08-19,0.06020908622936994,False,0.11169791396342094,0.12796833698013205,0.07897645960684083,0.09903966654136183
2024-08-20,0.03355264092787147,False,0.1132047348413698,0.12969464819791543,0.0800418633729402,0.1003757258462696
2024-08-21,0.010069311005540317,False,0.11198913613820011,0.12830197989319872,0.0791823694175701,0.09929788575115857
2024-08-22,0.011104882941936603,False,0.10966811248138807,0.12564286543962844,0.07754128029983809,0.09723989379008616
2024-08-23,0.013531728772770016,False,0.10680563896400588,0.12236343109147199,0.07551735687907286,0.09470181216809767
2024-08-26,0.005989561584139184,False,0.10455141088222207,0.11978084195830112,0.07392349584148977,0.09270304612488262
2024-08-27,-0.009661910911736859,False,0.10207529715238545,0.11694404631067037,0.07217274966345079,0.09050753978622514
2024-08-28,-0.005636704650125892,False,0.09956969316521795,0.11407346472153151,0.07040115228027964,0.08828588519511935
2024-08-29,-0.013450797724123104,False,0.09699881563261668,0.11112810154729794,0.06858340297410988,0.08600635423063874
2024-08-30,0.006851474949101738,False,0.09458518251058387,0.10836288771521285,0.0668768339612778,0.08386624783941644
2024-09-03,-0.00031041440572088995,False,0.09174895716601247,0.10511352496735918,0.06487146941673674,0.08135143979694485
2024-09-04,-0.04022711819818741,False,0.08883890450814963,0.1017795808860644,0.06281390497320785,0.07877117097521087
2024-09-05,0.027311617344086853,False,0.08919051281919138,0.10218240605294387,0.0630625110446114,0.07908293301841385
2024-09-11,0.04664713338140767,False,0.08682527882988166,0.0994726413900159,0.06139016283335815,0.07698574089296159
2024-09-12,-0.01463950857461146,False,0.08825646130620887,0.10111229637471578,0.06240208616317692,0.07825473357318037
2024-09-13,0.011074089327643472,False,0.08608799695613134,0.09862796370605914,0.06086886471726114,0.07633201202433532
2024-09-16,-0.2605700619352306,False,0.08272842596502328,0.094779022419299,0.05849346652708142,0.07335316686174492
2024-09-17,-0.019107619738955375,False,0.14329730200135432,0.1641706347072719,0.10131893409383978,0.12705803092382384
2024-09-18,0.025140626934323836,False,0.14101496181729042,0.1615558385359375,0.09970519628119967,0.1250343386027867
2024-09-19,-0.008224153267623267,False,0.1389554105126749,0.15919628367922622,0.09824898224240886,0.1232081874492321
2024-09-20,-0.0119419903101529,False,0.1366647500147053,0.15657195521945527,0.0966293615183358,0.12117711771992026
2024-09-23,0.016576396133161322,False,0.13452619067770524,0.1541218836632501,0.09511728453227207,0.11928091217677322
2024-09-24,0.010349546158841379,False,0.13247767966322097,0.15177497727523212,0.09366887657505125,0.11746455016443277
2024-09-25,0.011123866442644638,False,0.13046841677164894,0.1494730360691093,0.09224821916109338,0.1156829884529008
2024-09-26,0.02077576747435591,False,0.1284412857673464,0.14715062400019266,0.09081492802611746,0.11388558354552242
2024-09-27,0.01938730478745703,False,0.1266798148253267,0.1451325692390007,0.08956947290735309,0.1123237325804537
2024-09-30,-0.06989033620951841,False,0.12493877890723311,0.1431379261596852,0.08833846645449843,0.11078000082534688
2024-10-01,-0.0926072832160501,False,0.1264092672014828,0.14482261242540642,0.08937818112106932,0.11208384496305529
2024-10-02,0.0035453486756643724,False,0.13031024196769056,0.14929182080826436,0.09213638102936489,0.11554273892376084
2024-10-03,-0.004824757479085356,False,0.12824614374911583,0.14692705671355474,0.0906769520767597,0.1137125561385818
2024-10-04,0.005532321366243556,False,0.12630220734224992,0.14469995774317268,0.08930248401672602,0.1119889177403154
2024-10-07,-0.023038866904384777,False,0.12438469741927917,0.1425031346577762,0.08794670090848633,0.11028871102541676
2024-10-08,0.02034745653974506,False,0.1228708480404452,0.14076877113590033,0.08687632761254925,0.10894641972960382
2024-10-09,0.041808741567773346,False,0.12130031010331806,0.13896946154410092,0.08576587244332244,0.10755386414763862
2024-10-10,0.023925872476034657,False,0.12068423272695822,0.13826364355246262,0.08533027245490453,0.10700760418849259
2024-10-11,0.02751024942033691,False,0.11916517249952266,0.13652331014622507,0.08425621480749214,0.10566069256728959
2024-10-14,-0.016152493941196968,False,0.11783112924096224,0.13499494411681612,0.08331297415254152,0.10447783073226156
2024-10-15,0.04204514636193468,False,0.11622833620161847,0.13315868099881986,0.08217971288347868,0.10305667538102192
2024-10-16,-0.022538676108409306,False,0.11566499326867137,0.1325132789879787,0.08178139899551058,0.10255717369609531
2024-10-17,0.0007723996264548638,False,0.11431143670429779,0.13096255725643274,0.0808243613791516,0.10135700991484214
2024-10-18,-0.042184823835637014,False,0.11257249004688191,0.12897030776894863,0.07959483214646752,0.09981513065342563
2024-10-21,-0.0075451718770280195,False,0.11224795261138353,0.12859849674370313,0.07936536664656625,0.099527371659086
2024-10-22,-0.03495608416294711,False,0.11060051466123763,0.12671108553540458,0.07820053901364302,0.09806663081406479
2024-10-23,-0.01965978035643253,False,0.10989474279189601,0.12590250774552228,0.07770152017297823,0.09744084105565662
2024-10-24,-0.035621997049506915,False,0.10853701087435565,0.12434700245999487,0.07674153035635854,0.09623697509617415
2024-10-25,0.0020700879786300914,False,0.10791678741452908,0.12363643444763199,0.07630299886293916,0.09568703891148883
2024-10-28,0.021481062694263985,False,0.10627744240976138,0.12175829503971512,0.07514389337961642,0.09423347387291874
2024-10-29,0.049361402016051145,False,0.10497981559832727,0.12027165004172137,0.07422640112016796,0.09308290156463327
2024-10-30,0.016919492168250817,False,0.10524278593677809,0.12057292582828329,0.07441233535631904,0.09331607059802245
2024-10-31,-0.007741974153615397,False,0.10379970037444054,0.11891963390026347,0.07339199590163156,0.09203652375768155
2024-11-01,0.0009540034795100827,False,0.10224069071785637,0.11713353185045815,0.07228969184955933,0.09065419000547356
2024-11-04,-0.0017724457568151616,False,0.10059325870729814,0.11524612744693447,0.07112486841624546,0.08919345442693194
2024-11-05,-0.010563236982373528,False,0.09901302399975143,0.11343570860930727,0.0700075571064679,0.08779230096811474
2024-11-06,-0.04614575307549286,False,0.09750163686981705,0.11170416599863492,0.06893892475352485,0.08645219288505217
2024-11-07,0.061066295426822036,False,0.09798305516407665,0.11225570985762219,0.06927931349599535,0.08687905410061612
2024-11-08,-0.03357364442365082,False,0.09965594890124857,0.11417228485794383,0.0704621397455846,0.08836236593706542
2024-11-11,0.02511404969712174,False,0.09908581115315358,0.11351909826846815,0.0700590215562198,0.0878568394643646
2024-11-12,0.07507645733284952,False,0.09803600447183138,0.11231637200087259,0.06931675151714292,0.08692600288951956
2024-11-13,0.036934953122113395,False,0.10133131829904293,0.11609169613480401,0.07164671642098047,0.08984787287809473
2024-11-14,0.062100785643411156,False,0.10084948416723226,0.11553967586548843,0.07130603365889591,0.08942064295007296
2024-11-15,-0.009136708445292714,False,0.102433641907496,0.1173545891825101,0.07242611876474465,0.09082527486106833
2024-11-18,-0.023868042684583465,False,0.10091813367549855,0.11561832517142102,0.07135457257000215,0.08948151270283439
2024-11-19,0.02002658519303141,False,0.0998809527305903,0.11443006376207315,0.07062122960867023,0.088561871043632
2024-11-20,-0.027671151805129954,False,0.09861604013071629,0.1129808982755619,0.06972686806416682,0.08744030558506384
2024-11-21,0.012984874800052329,False,0.09776904924524822,0.11201053086936152,0.0691279997498003,0.08668930055834685
2024-11-22,0.0516660500919225,False,0.09632496272958707,0.11035609218463273,0.06810695256703693,0.0854088661984465
2024-11-25,-0.003828833506369426,False,0.09709720707259265,0.11124082512914503,0.0686529710377307,0.08609359538904511
2024-11-26,0.018999230411445647,False,0.09551370736716432,0.10942666569928715,0.06753335119806064,0.08468954694060832
2024-11-27,-0.021145275172506573,False,0.09427673995242265,0.10800951601988545,0.06665874840917316,0.08359275975872181
2024-12-11,0.00681221152026447,False,0.09321436085131715,0.10679238597701425,0.06590758899008957,0.08265077554271882
2024-12-16,0.05566170160300891,False,0.09162868487563648,0.1049757332715425,0.064786430409779,0.08124479745144049
2024-12-17,-0.004748588588914066,False,0.09309329311113193,0.10665368296257373,0.06582198755714283,0.08254342789233399
2024-12-18,0.06578614881622961,False,0.09161246241831177,0.10495714777775918,0.06477496025603871,0.08123041341590292
2024-12-19,-0.037131373269952216,False,0.0942161573738983,0.10794010870914311,0.06661591325320708,0.08353904274501613
2024-12-20,-0.012717847323540853,False,0.09408187605161471,0.10778626736251105,0.06652096910385837,0.08341997895134443
2024-12-23,-0.01755319330173468,False,0.09263331529548265,0.10612670269922103,0.06549675839136303,0.08213557739753202
2024-12-27,-0.08543796809366379,False,0.09145603002787259,0.1047779287382623,0.06466435410480148,0.08109170884000157
2024-12-30,0.1280467031584439,False,0.09707936362534152,0.11122038252471586,0.06864035475653911,0.08607777406344472
2025-01-03,0.009027994279043309,False,0.1091846532790458,0.1250889833846624,0.0771994485250939,0.09681122295383393
2025-01-06,0.012292880867573018,False,0.10749510266496674,0.12315332519145512,0.07600484496365026,0.09531314189318008
2025-01-07,-0.014787536473510976,False,0.10591677754823609,0.12134509410427348,0.07488888383774452,0.09391368161940941
2025-01-08,-0.0699172185334984,False,0.1044857706450808,0.11970564026752736,0.07387708464764359,0.09264484461540505
2025-01-09,0.04434777203803825,False,0.10694878013229751,0.12252742284932767,0.07561856541819886,0.0948287317592781
2025-01-10,-0.0332169907064621,False,0.10680585395907095,0.12236367740369,0.0755175088921989,0.09470200279869045
2025-01-13,0.03330850294628808,False,0.10608372706075372,0.12153636223738763,0.07500692616247451,0.09406171145687268
2025-01-14,0.0021024734651879534,False,0.10526039775339947,0.12059310306171823,0.07442478786214164,0.09333168654270284
2025-01-15,-0.011942085704110454,False,0.10365586434460115,0.11875484606418626,0.07329029605785167,0.09190898805064415
2025-01-16,-0.029922975373844113,False,0.10218151100120933,0.11706573174879505,0.07224784859272958,0.09060171687330161
2025-01-17,0.061934438349533244,False,0.10140332494583626,0.11617419159523558,0.07169762901039338,0.08991171931921546
2025-01-21,0.033964200746929386,False,0.10296474446930111,0.11796305454402388,0.07280163696854233,0.09129618983838533
2025-01-22,0.009985449242830857,False,0.10226416039691454,0.11716042022904967,0.07230628618059338,0.09067499996606526
2025-01-23,-0.010591221404490607,False,0.10073468153881789,0.11540815056731725,0.07122486199844129,0.08931885041310618
2025-01-24,0.003542885537794005,False,0.09928114468198972,0.11374288496201201,0.07019713291392198,0.08803003667883193
2025-01-27,-0.019247273899510982,False,0.09773560020188442,0.1119722094871534,0.06910434946907103,0.08665964215217498
2025-01-28,0.0001758550958546915,False,0.09660135733061781,0.11067274767253894,0.06830237848207239,0.08565393818008515
2025-01-29,0.03209756922626813,False,0.09510588619754567,0.10895943945477128,0.06724499959876624,0.0843279424019527
2025-01-30,-0.0468890350409852,False,0.09452673889852016,0.10829593094245384,0.06683551117015621,0.08381442739223997
2025-01-31,-0.019825827351147077,False,0.09510813914437677,0.10896202057602097,0.06724659255389036,0.0843299400319439
2025-02-03,0.0013643187345224247,False,0.09403820353002852,0.10773623330403306,0.06649009027170659,0.08338125565006296
2025-02-04,-0.008122335322313563,False,0.09256000717565853,0.10604271618731442,0.0654449255902058,0.08207057697375927
2025-02-05,-0.037247036733696434,False,0.09121206592601354,0.10449842772262134,0.06449185830472504,0.08087539214760481
2025-02-06,-0.04076651447918566,False,0.09120141150494197,0.10448622133041906,0.06448432505342665,0.08086594514655818
2025-02-07,-0.0075577129826455295,False,0.09142264400762988,0.10473967955940797,0.06464074838482363,0.08106210631480969
2025-02-10,-0.030815331011871953,False,0.09005107310737362,0.1031683194423908,0.06367097365977835,0.07984596968540317
2025-02-11,0.04203188614798729,False,0.08962510881631766,0.10268030726736303,0.06336979389345296,0.07946827810775628
2025-02-12,-0.012415117005526981,False,0.08988448478522612,0.10297746511226868,0.06355318671615323,0.07969826010614837
2025-02-13,0.03679229914509495,False,0.08865774581374267,0.10157203379740216,0.06268581598923681,0.07861054222174095
2025-02-14,-0.021617200101700405,False,0.08849922189097359,0.10139041856352261,0.06257373101164815,0.07846998313793371
2025-02-18,0.013880965792148444,False,0.08752835230158738,0.10027812772146603,0.06188727376111453,0.07760913805161054
2025-02-19,-0.008090106992950156,False,0.08633165847400245,0.09890711806196083,0.06104114657411114,0.07654806042329486
2025-02-20,-0.014093763075859592,False,0.08504642997381466,0.09743467736926928,0.06013242059052758,0.07540848137860708
2025-02-21,-0.12019288490281974,False,0.08392366462429995,0.0961483649441029,0.059338564831476,0.07441295422976034
2025-02-24,-0.06736319178964403,False,0.09672434601162418,0.11081365144072317,0.06838933812395771,0.085762989079274
2025-02-28,-0.012786770338420515,False,0.09918263265698775,0.113630023230179,0.07012747959017321,0.08794268860078541
2025-03-14,-0.038458956296108286,False,0.09785585145765166,0.11210997708436517,0.069189373603424,0.08676626584683296
2025-03-17,0.012729197912484105,False,0.09769199567689206,0.11192225332996046,0.06907351871418457,0.08662097914172386
2025-03-18,0.024483807562086426,False,0.09639913681495281,0.11044107080253587,0.06815939765261551,0.0854746344515854
2025-03-19,0.012390196915486413,False,0.09545838913256441,0.10936328956059989,0.06749423821765323,0.08464049768521914
2025-03-20,-0.006175908958038521,False,0.09414993327277761,0.10786423810612367,0.06656908923598444,0.08348032353836968
2025-03-21,-0.03865093374158484,False,0.0927842577053742,0.10629963206278928,0.0656034828297591,0.08226941414892833
2025-03-24,0.0396416458969211,False,0.09279995529063126,0.10631761622926715,0.06561458187059155,0.08228333279390744
2025-03-25,-0.010451756211653965,False,0.09274565675235584,0.10625540832047994,0.06557618987057422,0.08223518767701436
2025-03-26,0.006110125624487952,False,0.09146909151992681,0.10479289282628641,0.06467358928532564,0.08110329012895924
2025-03-27,-0.008113381584261775,False,0.0901198687534372,0.10324713617321274,0.0637196158982023,0.07990696901478961
2025-03-28,0.007864718148938412,False,0.0888285288832173,0.10176769390070713,0.06280656884584174,0.07876197117552802
2025-03-31,-0.017561916485883244,False,0.08751070348430762,0.10025790809768957,0.06187479509382751,0.07759348929939833
2025-04-01,0.03420944319064129,False,0.08648219603525248,0.09907958360480452,0.06114758476264587,0.07668153820581669
2025-04-02,0.09233735059001853,False,0.08621792003330689,0.09877681196590166,0.060960727351866036,0.07644721147419889
2025-04-03,0.03538350388931666,False,0.09273006639768047,0.10623754700427497,0.06556516664755611,0.08222136411063322
2025-04-04,-0.08756925705988686,False,0.092399892809699,0.10585927883910055,0.06533171608335844,0.08192860768489407
2025-04-07,-0.05543223978588074,False,0.09779252559166204,0.11203742688650586,0.06914459879501501,0.08671011643071128
2025-04-08,-0.037706896184905726,False,0.09899343550255746,0.11341326676307303,0.06999370698069111,0.08777493235162676
2025-04-09,0.08547355211685746,False,0.09875445608791669,0.11313947652672109,0.06982473562377371,0.08756303545314018
2025-04-10,-0.043429867027189324,False,0.10310044606912531,0.1181185230522427,0.07289758533084219,0.09141651295561133
2025-04-11,0.05097796277665379,False,0.10313332339379853,0.11815618943663163,0.07292083137557034,0.09144566443352947
2025-04-14,-0.03150994664360565,False,0.10358611848386809,0.11867494070613112,0.07324098196632144,0.09184714619035746
2025-04-15,-0.030157987416175026,False,0.10288419428211928,0.11787077105249447,0.07274468363451345,0.0912247680598108
2025-04-16,0.011678602110066385,False,0.10212671871560772,0.11700295817121441,0.07220910748667812,0.09055313396335755
2025-04-22,0.055201651340887614,False,0.10069507197329987,0.11536277129345271,0.07119685589572927,0.08928372963043843
2025-04-23,-0.02237521390500062,False,0.1017494111774664,0.11657069031165686,0.07194233067332481,0.09021858507667652
2025-04-24,0.031037906438501357,False,0.100658404421175,0.11532076257994989,0.07117092995542729,0.08925121745535408
2025-04-29,-0.00773297977566377,False,0.09989070606014909,0.11444123780570002,0.07062812573958799,0.08857051907001758
2025-05-07,0.024014506739990032,False,0.09842861509359685,0.11276617206038417,0.06959434843736143,0.08727412062673158
2025-05-13,0.0852342814027078,False,0.0974181459796467,0.11160851344802784,0.06887989218361278,0.08637816366079629
2025-05-14,-0.0041379369387990516,False,0.10183611773282342,0.11667002693577631,0.07200363689224887,0.09029546554852061
2025-05-15,0.012557802620613708,False,0.10030263506814496,0.1149131702548984,0.0709193818025394,0.0889357659232756
2025-05-16,0.060618886835632664,False,0.09890154915872582,0.11330799583907736,0.06992873837147952,0.0876934590946081
2025-05-19,0.0069495524758769345,False,0.10034533737969988,0.11496209277816664,0.07094957464378386,0.08897362896428396
2025-05-20,-0.009154219913054778,False,0.09888668034680169,0.1132909611688021,0.0699182253181676,0.08768027530162058
2025-05-21,-0.014356751014346511,False,0.09749216682108443,0.11169331649979977,0.06893222891745533,0.08644379603648689
2025-05-22,-0.042012179139344574,False,0.09625716482798,0.11027841853423458,0.06805901578784647,0.08534875154339962
2025-05-28,-0.0108399347710331,False,0.09639847107527594,0.11044030808820858,0.06815892693869766,0.08547404415734212
2025-05-29,-0.055925796936162106,False,0.09508037125207536,0.1089302078870175,0.06722695915388409,0.08430531895625408
2025-05-30,0.07209088510006735,False,0.09648700564075588,0.110541738998668,0.06822152565953613,0.08555254547873106
2025-06-02,-0.03291239187037426,False,0.09928091629170721,0.11374262330336865,0.07019697142965355,0.08802983417104446
2025-06-03,0.0312769013698694,False,0.09874051924654592,0.11312350958204244,0.06981488152399234,0.08755067801446452
2025-06-04,0.017543420069728668,False,0.09801520199770439,0.11229253934433817,0.06930204304408988,0.08690755787091835
2025-06-05,0.012784832549205611,False,0.09677176921229706,0.11086798251915649,0.06842286888885271,0.08580503801120398
2025-06-06,0.01799901061521186,False,0.09546264610824931,0.10936816662660435,0.06749724812944384,0.08464427223603524
2025-06-09,-0.00831992270500238,False,0.09427532749699533,0.10800789781981635,0.0666577497268787,0.08359150737083412
2025-06-10,-0.05786403629182467,False,0.09297603514271523,0.1065193446684775,0.06573907983865783,0.0824394582685583
2025-06-11,-0.005534973140683093,False,0.09464932666464511,0.10843637539668291,0.06692218734356112,0.08392312281051827
2025-06-12,0.031846871315120484,False,0.0932709204148957,0.10685718426226998,0.06594757965714719,0.08270092545257639
2025-06-13,-0.009171571474782507,False,0.09270450100099457,0.10620825763635353,0.06554709053093896,0.08219869593113974
2025-06-16,0.026967245439897945,False,0.09139918916604957,0.10471280817958839,0.06462416454468799,0.08104130951022785
2025-06-17,-0.00921019625036488,False,0.09053521471324817,0.10372298330287207,0.06401328793068645,0.08027524559131057
2025-06-23,0.08277615319687043,False,0.08918423572897964,0.10217521461339978,0.06305807280271444,0.07907736728402041
2025-06-24,0.02652504502668073,False,0.09411605256802623,0.10782542218477917,0.06654513374733381,0.08345028238915124
2025-06-25,-0.0383478428377373,False,0.09324313068702295,0.10682534655702715,0.06592793081821233,0.08267628501584726
2025-06-26,0.03036780368191637,False,0.09323806174400834,0.10681953924886166,0.06592434680165339,0.08267179051449022
2025-07-01,-0.03879327138571318,False,0.09258647877479115,0.10607304375922696,0.06546364244091002,0.08209404865964742
2025-07-02,-0.010723963362975724,False,0.09263399121229063,0.10612747707312638,0.06549723630106241,0.08213617671557563
2025-07-17,-0.1297961450624949,False,0.0913383306123569,0.10464308469388733,0.06458113425936848,0.08098734779644076
2025-07-18,0.06501726819729144,False,0.10472193039950009,0.11997620011920526,0.07404406235245341,0.09285424139371762
2025-07-21,0.04463011901666262,False,0.10631523555191845,0.12180159330178184,0.07517061517288072,0.09426698407972539
2025-07-22,-0.0008586323741259904,False,0.10623949961362836,0.12171482532439787,0.07511706577290614,0.0941998309717819
2025-07-23,0.035087088269783,False,0.10472433768648064,0.1199789580624882,0.07404576443440136,0.09285637587314846
2025-07-24,-0.038159664889727496,False,0.1039905716644754,0.11913830836513316,0.07352695221543058,0.09220576441980852
2025-07-25,0.024920757235065195,False,0.10360746466711958,0.11869939627091868,0.07325607487109917,0.09186607330185077
2025-07-28,0.02243817054781832,False,0.10244869547336838,0.11737183551882881,0.07243676244907925,0.09083862247062842
2025-07-29,-0.03561136243293321,False,0.10124710201686579,0.11599521252831171,0.07158717095973059,0.08977320046740936
2025-07-30,-0.003412140770936529,False,0.10084011869896176,0.11552894618077822,0.07129941176686302,0.08941233883031277
2025-07-31,0.03761372853428982,False,0.09932497988003684,0.11379310539313951,0.07022812676712016,0.08806890422114595
2025-08-01,-0.032742798299693274,False,0.09892358646013501,0.11333324319341728,0.06994431993413212,0.08771299900279073
2025-08-04,-0.015918053751249647,False,0.09837324764731542,0.1127027395416194,0.06955520066163653,0.08722502773661052
2025-08-05,0.03170626961888987,False,0.09715627276773514,0.11130849460041588,0.06869473367519677,0.08614596742128254
2025-08-06,0.012713294264574336,False,0.0964896714745463,0.11054479314985775,0.06822341054804655,0.08555490920496632
2025-08-07,0.020334929980676594,False,0.0951771844920144,0.10904112338107692,0.0672954113448172,0.08439116076529173
2025-08-08,-0.01374512030162096,False,0.09407616613006174,0.10777972570797613,0.06651693188084422,0.08341491611080859
2025-08-11,0.029128272923023637,False,0.09285708808239224,0.10638307124171328,0.06565497784094257,0.08233399097044632
2025-08-12,0.001707359130822735,False,0.09215732117939739,0.10558137312871797,0.06516020483590082,0.08171352566120171
2025-08-13,-0.026155071203685872,False,0.09076675545258281,0.10398825131285036,0.06417699974229098,0.08048054680778585
2025-08-14,-0.040622582541743654,False,0.08970039213938433,0.1027665566995443,0.06342302327001222,0.07953502989342606
2025-08-15,0.0012150669781680898,False,0.09006964040364297,0.10318959133495795,0.06368410174133146,0.07986243282930477
2025-08-18,-0.02309401246560783,False,0.08864584853788472,0.10155840351056769,0.06267740397245972,0.07859999321333148
2025-08-19,-0.0043589333604240185,False,0.08789211276640346,0.10069487517976575,0.06214447206175174,0.07793167509691395
2025-08-20,-0.04297212433031094,False,0.08628633240288516,0.0988551895904531,0.06100909859310852,0.07650787096218678
2025-08-21,-0.03176971356114249,False,0.0870113685297795,0.09968583775671669,0.061521738304606825,0.07715074184213509
2025-08-22,0.01957843718202467,False,0.08680782662150559,0.0994526470140847,0.06137782317918776,0.07697026646880589
2025-08-25,0.04827502730125467,False,0.08581478291722609,0.09831495207533361,0.06067568763147699,0.07608976016530368
2025-08-26,-0.05489143360049182,False,0.08679551447060842,0.09943854141963755,0.06136911782334448,0.07695934960137307
2025-08-27,0.026077609543431624,False,0.08857376799160008,0.10147582338611087,0.06262643913211406,0.07853608124743311
2025-08-28,0.0009050359399835709,False,0.08781656030578208,0.10060831740623702,0.06209105239040125,0.07786468467389879
2025-09-16,-0.022536165022413058,False,0.08646700696612368,0.09906218202721262,0.06113684527018848,0.07666807044900538
2025-09-17,0.0018975337761914111,False,0.08570327805205562,0.09818720490750618,0.06059684766779615,0.07599089167016027
2025-09-18,-0.02079702811619944,False,0.08437788875243556,0.09666875341181232,0.059659725829342994,0.0748157030778751
2025-09-19,0.001381597346045399,False,0.08354830235588072,0.09571832571104764,0.05907316342890861,0.07408013016369386
2025-09-22,-0.03999969935047605,False,0.08220856505717813,0.0941834362218727,0.05812589677995925,0.07289221956976834
2025-09-23,0.004730852490521428,False,0.0826539221076362,0.09469366599329132,0.058440788274867934,0.07328710620823908
2025-09-24,0.007977250280643968,False,0.0813428616190628,0.09319163050802666,0.05751379767993301,0.0721246226040566
2025-09-25,-0.017605836560476228,False,0.08001061879699171,0.09166532717482401,0.05657183003084821,0.07094335716974193
2025-09-26,-0.0024578917889699747,False,0.07915635843980631,0.0906866313927983,0.05596782180724725,0.07018590648948254
2025-09-29,0.012944233661064102,False,0.07776047866010657,0.08908742145508303,0.05498085939115804,0.06894821580209365
2025-09-30,-0.036230048184226864,False,0.07661753103462751,0.08777798691241247,0.05417273367266036,0.06793479354840001
2025-10-01,-0.011025141474956172,False,0.07686869444983697,0.08806573592592701,0.054350319776215544,0.06815749368672024
2025-10-02,-0.029494384840734255,False,0.07577598467408724,0.08681385710524984,0.053577714931556046,0.06718861604185948
2025-10-03,-0.04593973274907426,False,0.0755776785388344,0.0865866648020026,0.0534375017805234,0.06701278309376182
2025-10-06,0.014912486724305205,False,0.0769091966898632,0.08811213790530348,0.054378957048031244,0.06819340598090766
2025-10-07,-0.01669112734196745,False,0.07576443386719438,0.08680062375561591,0.05356954788705511,0.06717837423856736
2025-10-08,-0.02939697685078749,False,0.07465506572604984,0.08552966003674559,0.05278516467810002,0.06619472604969835
2025-10-09,-0.009208939085309837,False,0.07434150010535233,0.08517041903043689,0.052563456844010835,0.06591669548125921
2025-10-10,-0.016450807695267758,False,0.07305674264752864,0.08369851799426928,0.051655063912826565,0.06477753409771668
2025-10-13,-0.004455877124045866,False,0.07228496366773203,0.08281431819987438,0.051109374479062594,0.06409321753270257
2025-10-14,0.013138999697506752,False,0.07080157502020647,0.08111485245711021,0.050060538565789285,0.06277793498364544
2025-10-15,-0.01537440601054277,False,0.06950736365514065,0.07963212041484041,0.0491454612114413,0.061630391063781945
2025-10-16,0.030849904091392485,False,0.06832929042989414,0.0782824437187744,0.04831249979626169,0.06058582384448785
2025-10-17,-0.016153809112453576,False,0.06813658518496928,0.07806166815685604,0.04817624677727677,0.060414957061744
2025-10-20,0.0006783110316039772,False,0.0669164220244642,0.07666377051531735,0.047313525503977584,0.059333069779748275
2025-10-21,0.0028776998276151956,False,0.06526278877223232,0.07476926156922853,0.04614431745778088,0.05786683571976049
2025-10-22,0.0625715778302796,False,0.0635501689675761,0.07280717382287306,0.04493340273229548,0.056348299801347285
2025-10-23,0.006488904623196475,False,0.06875608540176928,0.0787714075753441,0.04861426689880345,0.060964251965445304
2025-10-24,-0.003160059510711174,False,0.06728501426233796,0.07708605356457766,0.047574140129201165,0.05965989103390981
2025-10-29,0.006973297392317667,False,0.06565542188950964,0.07521908740104986,0.04642193028354157,0.0582149734031641
2025-10-30,0.002313668194552464,False,0.06406804042452502,0.07340048077699339,0.04529956583015472,0.05680748309839888
2025-10-31,0.015234957621185688,False,0.06242187264373159,0.07151452475665628,0.044135636275584075,0.05534786847986351
2025-11-03,0.06422348208536727,False,0.0646439169710954,0.07406024210426944,0.04570674166007789,0.057318098016059735
2025-11-04,0.006231496720781376,False,0.06978610630801352,0.07995146598243313,0.049342547325981694,0.06187754500257818
2025-11-05,-0.03139685406067204,False,0.06862637089326255,0.07862279826522539,0.048522551733515246,0.060849237448054316
2025-11-06,-0.0335457891272566,False,0.0689653665850723,0.07901117360174716,0.04876224000173011,0.061149816206282424
2025-11-07,-0.02820321378701962,False,0.06937995927586645,0.07948615773781992,0.04905537943232429,0.061517424878546306
2025-11-10,0.01469279423704623,False,0.06933408920159101,0.07943360602119516,0.04902294681169932,0.06147675306383404
2025-11-11,-0.04577112723106512,False,0.06854789858405953,0.07853289532477307,0.04846706757147389,0.060779658070423834
2025-11-12,-0.0356245109729289,False,0.07038470257538676,0.08063725648773615,0.04976578722593623,0.06240830491214073
2025-11-13,-0.024839290013645456,False,0.07097531253890846,0.08131389736807094,0.05018338037761088,0.06293198357155017
2025-11-14,-0.03713068082352516,False,0.07064743204598267,0.0809382563205427,0.04995155115550111,0.06264126037420002
2025-11-17,-0.004359783230297074,False,0.07135862244546025,0.08175304192815203,0.050454401189705934,0.06327185460387151
2025-11-18,-0.00038001140491509904,False,0.0701916189576225,0.08041604743748039,0.04962926667691242,0.06223710263593499
2025-11-19,-0.0625387482932788,False,0.06900299757760277,0.07905428609473976,0.04878884714644833,0.06118318263918697
2025-11-20,0.032835503845470695,False,0.07309471515773691,0.08374202175194827,0.051681912528993346,0.06481120334555954
2025-11-21,-0.004709584843085237,False,0.07320796376102354,0.08387176665866745,0.051761985409727054,0.06491161796842757
2025-12-09,0.031543958872471814,False,0.07206328344554272,0.08256034703453782,0.05095263458579025,0.06389665938308811
2025-12-16,0.029610487471834514,False,0.07208214357999568,0.08258195442142205,0.05096596971975965,0.063913382179073
2025-12-17,-0.003340016465071192,False,0.0719765866648956,0.0824610216089567,0.05089133527811418,0.06381978757822782
2025-12-18,-0.007387541993116062,False,0.07081684378608596,0.08113234534044175,0.05007133440815499,0.06279147340551514
2025-12-19,-0.015111926944598375,False,0.06972830926578957,0.0798852499617992,0.0493016816946675,0.06182629785224365
2025-12-22,0.00715993512209254,False,0.06891126514922338,0.07894919150621679,0.0487239873637767,0.061101845855039874
2025-12-23,0.01198832424496614,False,0.06781444048618987,0.07769259840517502,0.04794847307150244,0.060129319645492625
2025-12-29,0.04740534967733455,False,0.06684927347032277,0.07658684079927168,0.04726604784852607,0.05927353088439273
2025-12-30,-0.029095916758994003,False,0.0687168954548932,0.07872650904366951,0.048586557489141,0.06092950324783136
2026-01-05,0.034486176071169404,False,0.06874166085379252,0.07875488188251081,0.04860406796410349,0.06095146208986985
2026-01-06,-0.020447890559633492,False,0.06646073375698046,0.0761417046351045,0.04699132928049193,0.058929022716942975
2026-01-07,-0.006571765163234502,False,0.06849657879699608,0.07847410006556318,0.04843078170948925,0.06073415413559294
2026-01-08,0.02701965572286801,False,0.06744100948880914,0.07726477176082701,0.04768443718189542,0.05979820798776814
2026-01-09,-0.12834960867620962,False,0.06721078292596763,0.07700100935622985,0.047521654564069364,0.059594072017778096
2026-01-12,0.0181688349750544,False,0.0858932937332833,0.09840489913172255,0.06073119901994457,0.07615937368597107
2026-01-13,-0.04106698747793304,False,0.08488483767477055,0.09724954680555756,0.06001816610514468,0.07526520164450012
2026-01-14,-0.02598556141169861,False,0.08547789782144188,0.09792899477379426,0.06043749166867628,0.0757910528182699
2026-01-15,-0.024663143476456522,False,0.08489497815705255,0.09726116439632321,0.06002533597395351,0.07527419294924469
2026-01-16,0.021908862766166305,False,0.0842375754185027,0.09650800140344977,0.05956051672188125,0.07469129085466593
2026-01-20,-0.08808653030253114,False,0.0834263712049461,0.09557863351754539,0.058986951517916636,0.0739720169492114
2026-01-21,-0.04398246260132886,False,0.09092971909684897,0.1041749529781276,0.06429222384283224,0.08062504247841916
2026-01-22,0.004710113003033198,False,0.09171882621154168,0.10507900500186981,0.06485016520411324,0.08132472345482644
2026-01-23,-0.061842077764069435,False,0.09013407125003267,0.10326340746965687,0.06372965783057945,0.07991956200311821
2026-01-26,0.034393377071717975,False,0.09278886477111434,0.10630491021454881,0.06560674027413226,0.08227349911558927
2026-01-27,0.019360586503953562,False,0.09258803997965312,0.10607483237624567,0.0654647462970909,0.08209543293983175
2026-01-28,-0.06596822152030958,False,0.0913261620147525,0.10462914356335444,0.0645725304034586,0.08097655821401928
2026-01-29,0.006484951272431266,False,0.09489116364125993,0.10871343944040207,0.06709317915117281,0.08413755343568774
2026-01-30,-0.0028770098962323234,False,0.09335609093229241,0.10695476110219704,0.06600779981424948,0.08277644395908036
2026-02-02,0.01074637207548406,False,0.0913860283546224,0.10469773030488255,0.06461485914000147,0.08102964015733746
2026-02-03,0.02115237500522676,False,0.08842888678430764,0.10130983812730866,0.06252400029140959,0.07840761880843847
2026-02-04,-0.05104852630408642,False,0.08740259686861951,0.10013405418372401,0.06179835787611976,0.07749763394464056
2026-02-05,0.02965859339300317,False,0.08874569915357097,0.10167279881825443,0.06274800375213908,0.0786885281852984
2026-02-06,-0.002855105436979806,False,0.08816305712590536,0.10100528651932718,0.06233604436157921,0.07817191448961308
2026-02-09,-0.02289532470126498,False,0.08666660595988322,0.09929085551258032,0.06127797254203153,0.07684504974147821
2026-02-10,-0.07515866833653974,False,0.0858889485109026,0.0983999209646097,0.060728126712972536,0.07615552088908022
2026-02-11,-0.011365260434810507,False,0.0901933102121782,0.10333127544678558,0.06377154297717735,0.07997208766674942
2026-02-12,-0.03516727013979177,False,0.08893550084133868,0.1018902478777562,0.0628822037993504,0.07885682045861389
2026-02-13,-0.014141369722751167,False,0.08879593597910303,0.10173035336686134,0.06278352390181446,0.0787330718860019
2026-02-17,-0.05658364927231883,False,0.0876253478550311,0.10038925208563927,0.06195585485754485,0.07769514151334223
2026-02-18,-0.047815462040959766,False,0.08946849147352443,0.10250087633451622,0.06325905697090943,0.07932940953936103
2026-02-19,-0.08335465439788309,False,0.09033754574732052,0.10349652098191386,0.06387352529278952,0.08009997760486041
2026-02-20,0.037041271680349076,False,0.09556104096623812,0.10948089412434749,0.0675668186097844,0.08473151642510565
2026-02-23,-0.024984863083594742,False,0.09529482669167037,0.10917590187527144,0.0673785907355463,0.08449547107702177
2026-02-24,-0.0023329455673622036,False,0.09439307681489509,0.10814279903558223,0.06674100485599319,0.08369591266155499
2026-02-25,-0.013436547464186025,False,0.09292939314936087,0.10646590859155176,0.06570610142954145,0.08239810201305872
2026-02-26,0.005732607167623122,False,0.09167653892331973,0.1050305579561091,0.06482026580678665,0.08128722840432968
2026-03-17,0.0062902708531054775,False,0.09033141858720851,0.10348950131196552,0.06386919305957298,0.08009454480962902
2026-03-18,-0.026934598433451275,False,0.08894699765600973,0.10190341937041725,0.06289033266843361,0.07886701438839204
2026-03-19,0.02154536383292631,False,0.08828724367661932,0.10114756264433494,0.06242385096206224,0.07828202750905282
2026-03-20,-0.02308028355101008,False,0.08742615153548251,0.10016103992982815,0.061815012298123265,0.07751851926173223
2026-03-23,-0.02331107886844711,False,0.08668294575364296,0.09930957543455414,0.061289525658970424,0.07685953781621388
2026-03-24,0.01714773116077847,False,0.08591260408280739,0.09842702231404009,0.06074485248029194,0.07617649567607636
2026-03-25,-0.03203791598280918,False,0.08489985686009179,0.09726675375329862,0.06002878548057221,0.07527851876971003
2026-03-26,0.009846037935352726,False,0.08465443353189904,0.09698558095382057,0.059855257928643726,0.07506090821886625
2026-03-27,0.0003160056907321093,False,0.0834071226157999,0.09555658109190153,0.05897334172549301,0.07395494972044422
2026-03-30,-0.0031645596029630254,False,0.08210024218688557,0.09405933455267954,0.05804930665856308,0.07279617246761662
2026-03-31,0.044933972479258094,False,0.08082318093700525,0.09259625078889078,0.057146355362179296,0.071663835113649
2026-04-01,0.013544225107757253,False,0.08165665515082399,0.09355113262395474,0.05773566665945703,0.0724028552553722
2026-04-02,-0.030351343424138467,False,0.08055831184937308,0.09229279967275954,0.056959078607777845,0.07142898250821185
2026-04-06,-0.0030864222031893912,False,0.08032453921536245,0.09202497466023868,0.05679378872606017,0.07122170232814966
2026-04-07,-0.0661265923776615,False,0.07915371681229721,0.09068360497388621,0.055965954033885455,0.07018356422633416
2026-04-08,0.053997692328825835,False,0.08268687413861625,0.09473141796604542,0.05846408714099101,0.07331632392631747
2026-04-09,-0.010695289116747919,False,0.08432235242678769,0.09660512741394926,0.059620458646782386,0.07476646044676476
2026-04-10,0.026218730305119235,False,0.08313556204229054,0.09524546377781505,0.058781333729071565,0.07371416394663867
2026-04-13,0.009810011229238523,False,0.08252062039030779,0.0945409469453,0.0583465367591453,0.07316891100507783
2026-04-14,0.08168401264468013,False,0.08131784484836627,0.09316296968143598,0.05749610947152963,0.07210244087711282
2026-04-15,-0.02274763994059382,False,0.0867835691044074,0.09942485603740327,0.061360671804096774,0.07694875795249366
2026-04-16,-0.03214771284678691,False,0.08600507250982821,0.09853296011009327,0.06081023265376509,0.07625848505128299
2026-04-17,-0.05525592869108065,False,0.08577158293168446,0.09826545938463631,0.06064514290783729,0.07605145584957551
2026-04-20,0.0345500126495503,False,0.08754272659049042,0.10029459583426173,0.06189743715993414,0.0776218833637584
2026-04-21,-0.02393486458109025,False,0.08729602788908117,0.10001196188493984,0.061723007850240055,0.0774031419722964
2026-04-22,0.03629000140520043,False,0.08667444022114246,0.09929983094774503,0.06128351178798461,0.07685199617937646
2026-04-23,0.008944603462898285,False,0.08656812014599188,0.09917802380988677,0.061208337750954016,0.07675772490414913
2026-04-24,-0.005954170612348317,False,0.08530472974913836,0.09773060225736825,0.0603150524862225,0.07563750914383593
2026-04-27,-0.039901745241876105,False,0.08400916666393995,0.09624632159730166,0.05939901939271465,0.074488766688508
2026-05-13,-0.04403798268573366,False,0.08439039189289321,0.09668307781622258,0.059668566225123676,0.07482678929083744
2026-05-14,-0.02824381666880311,False,0.0850944812491351,0.09748972801054218,0.06016639543812988,0.07545108720816789
2026-05-15,-0.045667805803356186,False,0.08461291745912224,0.09693801746223257,0.059825903822301456,0.07502409698526284
2026-05-18,-0.05416439962734386,False,0.08546146281418247,0.09791016576909203,0.06042587123064924,0.07577648032017373
2026-05-19,0.030139979538735845,False,0.08711408955937536,0.09980352159577723,0.06159436762199325,0.07724182193626551
2026-05-20,-0.004617760899323335,False,0.0866950632347304,0.09932345800270714,0.06129809337274126,0.07687028207493489
2026-05-21,-0.03187312646370623,False,0.08536711221892829,0.09780207163967333,0.06035916026255172,0.07569282207481909
2026-05-22,0.007668952037777386,False,0.08512487983852168,0.09752455459585886,0.06018788888309771,0.07547804085528041
2026-05-26,0.09372831815097848,False,0.08384816992316112,0.09606187334356402,0.059285185999200095,0.07434601502059231
2026-05-27,-0.006980411061436791,False,0.09102744736969888,0.10428691679292756,0.06436132301146762,0.08071169562359685
2026-05-28,-0.009952746315022461,False,0.08967297364261972,0.1027351443006108,0.06340363691152642,0.07951071861776947
2026-05-29,-0.043886374294784966,False,0.0883998441113434,0.10127656496732908,0.06250346555260518,0.07838186741753254
2026-06-01,-0.007162987904703882,False,0.08896192093646921,0.1019205164433609,0.06290088423394266,0.0788802464772285
2026-06-02,0.05324261274360015,False,0.08767013422918435,0.10044056224548377,0.06198752124363698,0.07773485243903765
2026-06-03,-0.008802012818090182,False,0.08896679481587288,0.1019261002740682,0.06290433032999042,0.07888456802070028
2026-06-04,-0.02662842416141035,False,0.08769331233723149,0.10046711658151292,0.06200390941821424,0.07775540387111542
2026-06-05,-0.05255512420797264,False,0.08706489057406513,0.09974715606388986,0.06155958128142361,0.0771981984617851
2026-06-08,0.01817513483967336,False,0.08848061408782792,0.10136910026366446,0.06256057428954512,0.07845348407762703
2026-06-09,0.0,False,0.0874233182454844,0.10015779393000258,0.061813009009027246,0.07751600705638594
2026-06-10,-0.01950509912668011,False,0.08607477140242753,0.09861281165842402,0.06085951353628735,0.07632028526613392
2026-06-11,-0.012588889972488094,False,0.08527520406240262,0.097696775725648,0.06029417623058702,0.07561132947704582
2026-06-12,0.018427547748008123,False,0.08412532693482849,0.09637940229828625,0.05948115097974458,0.07459176301212711
2026-06-15,0.026891060379466668,False,0.08312412372710419,0.09523235930593806,0.05877324622228445,0.07370402188684853
2026-06-16,0.06482827822657382,False,0.07463472834954367,0.08550636022605364,0.05277078505419161,0.06617669342119147
2026-06-17,0.0004827419837895962,False,0.0854412233506816,0.09788697813385631,0.06041156083652528,0.07575853450860953
2026-06-18,-0.00024134186191721857,False,0.08417680051314676,0.09643837375068025,0.05951754558045488,0.07463740330970689
2026-06-22,0.08819741405662476,False,0.08286664698273304,0.09493737733520022,0.05859119625393689,0.0734757238819903
