date,actual_return,estimation_failed,var_0.01,es_0.01,var_0.05,es_0.05
2007-05-31,0.00265886888894421,False,5.207584022269992e-09,5.96614424896452e-09,3.6820432413690495e-09,4.617430771541937e-09
2007-06-01,0.0,False,0.06087815633388361,0.0697459437515979,0.043044145445871214,0.053979094944738466
2007-06-04,-0.014442615311006527,False,0.09476049954693411,0.10856374222350182,0.06700079257740951,0.08402169694498196
2007-06-05,0.013379915954884457,False,0.042096987880208006,0.048229025411048995,0.02976484470408002,0.03732631607978742
2007-06-06,-0.0031948908965191767,False,0.036228592527734665,0.041505813066690635,0.0256155721521919,0.032122960903144
2007-06-07,-0.016129381929883644,False,0.03593286804410551,0.04116701201811667,0.025406478965870262,0.03186074961192562
2007-06-08,-0.012544478654723955,False,0.017487062568794034,0.02003430714318375,0.012364297967632006,0.015505328471653118
2007-06-11,0.009287146784417482,False,0.03598782189475893,0.04122997069504484,0.025445334307141826,0.03190947577744436
2007-06-12,-0.0016326534238853348,False,0.035803101391936584,0.04101834296885426,0.025314726932195844,0.03174568886009092
2007-06-13,0.0005445140346898021,False,0.15960509368522185,0.18285389303818728,0.11284942383619533,0.14151773024215808
2007-06-14,0.035297782081023896,False,0.03562770691592829,0.040817399740696626,0.02519071356204223,0.03159017109077298
2007-06-15,0.0005253480551612175,False,2.9274033648059055e-17,3.3538221706354713e-17,2.0698323307025773e-17,2.5956532471804625e-17
2007-06-18,0.02847720259323003,False,3.494051050404466e-05,4.003010319336576e-05,2.470482857333182e-05,3.098085171258242e-05
2007-06-19,-0.005630933742060297,False,1.101032089966458e-14,1.261413400799124e-14,7.784891704203886e-15,9.762568267597839e-15
2007-06-20,-0.011877237480595835,False,0.2786181208851977,0.3192028957128446,0.19699806369731948,0.24704351948674202
2007-06-21,0.0051813587419975845,False,0.042324478640953095,0.0484896535042507,0.029925692962023295,0.03752802628444543
2007-06-22,0.01181621762657356,False,0.034426313480996125,0.03944100590779599,0.024341263498749946,0.030524926441534244
2007-06-25,-0.0030690561174178833,False,0.16437300765145835,0.1883163229034705,0.11622059659495144,0.1457453168868702
2007-06-26,0.035232632607379036,False,0.2542289443309594,0.2912610814638982,0.17975359825805715,0.22541826412215937
2007-06-27,0.0,False,0.19325044981366493,0.22140018381557047,0.1366385082957846,0.17135020189169675
2007-06-28,-0.009940439705250801,False,2.573540098705015e-05,2.9484135817506477e-05,1.819631884249174e-05,2.2818917933421525e-05
2007-06-29,0.025642430613337652,False,0.12999693051641978,0.14893287099484992,0.0919148529067918,0.11526493372081309
2007-07-02,-0.0053697956708815275,False,0.03235258579200302,0.037065209670482165,0.022875025990330724,0.028686205452682793
2007-07-03,0.011195054861961738,False,0.09186960066371788,0.10525174194224274,0.06495677088733072,0.08145841128243778
2007-07-05,0.0239131432986062,False,0.03886941597661454,0.04453131079551988,0.027482776999970527,0.03446451111201652
2007-07-06,0.0056550574833450565,False,0.03925607388096811,0.044974291037895346,0.02775616502738567,0.034807350727851245
2007-07-09,-0.01515180502060222,False,5.47800224847036e-07,6.275952816269644e-07,3.8732435365281953e-07,4.857203655378978e-07
2007-07-10,-0.034461065900293304,False,0.10469442335704313,0.11994468627661359,0.07402461338737946,0.09282985160687371
2007-07-11,0.019560525854493572,False,0.04862378340828063,0.05570654347651919,0.03437964174992048,0.0431134577527792
2007-07-12,0.007718320998501331,False,0.03898119670958109,0.044659374015293477,0.027561812017086844,0.03456362421203718
2007-07-13,-0.0004806536982707965,False,0.04250807033774592,0.048699987997423345,0.030055502210123115,0.037690812318534474
2007-07-16,-0.04172384337139979,False,0.044416603752787,0.05088652701617172,0.031404938442304305,0.03938305979479992
2007-07-17,0.0484320621065183,False,0.32083610842510213,0.3675705461409336,0.22684846169776263,0.2844771228516964
2007-07-18,0.0014316394714378922,False,0.0531516274535165,0.06089393375100523,0.0375810721048486,0.04712818057507208
2007-07-19,0.008074135528262963,False,0.05054060109023409,0.05790257348594287,0.035734935406362904,0.0448130506753778
2007-07-20,-0.007120846609549976,False,0.03860803862431237,0.044231860036669256,0.027297969091086973,0.03423275453846091
2007-07-23,-0.015362760138864739,False,0.04017595368527986,0.046028164692312315,0.028406569745169086,0.03562298448361685
2007-07-24,0.015839064029746167,False,0.039785602282266554,0.045580952939567924,0.02813057021466174,0.03527686993754707
2007-07-25,-0.01971691668372489,False,0.039313495322342545,0.04504007674596232,0.027796765088607577,0.03485826484257599
2007-07-26,-0.0275743713619712,False,0.04798357315401577,0.054973077302900845,0.033926978513054734,0.04254579979168678
2007-07-27,-0.036608053237303845,False,0.04951583639427259,0.056728536932484135,0.035010371403819185,0.04390441818467055
2007-07-30,0.0,False,0.05218517007699116,0.05978669782467781,0.03689773452717564,0.04627124768437498
2007-07-31,0.005680366422755846,False,0.04953163185080821,0.05674663322661339,0.035021539644933035,0.043918423609594325
2007-08-01,-0.01295690580562574,False,0.04792518894816717,0.05490618858973474,0.03388569772533662,0.04249403201847285
2007-08-02,-0.0015661710327449462,False,0.041508817403443,0.04755517936413823,0.029348976401334635,0.036804800450521896
2007-08-03,-0.011032420803576725,False,0.04073473418681678,0.046668339687362094,0.028801657747646665,0.03611844077799451
2007-08-06,-0.014365769802033752,False,0.040240423249930546,0.04610202518514913,0.028452153210319322,0.035680147987916154
2007-08-07,-0.021121825029282434,False,0.0410245211798681,0.04700033836364351,0.029006552807359243,0.036375387449077604
2007-08-08,0.023797769896082944,False,0.046184630002743005,0.0529120919610836,0.03265502851792749,0.04095072318276043
2007-08-09,-0.024345265119175865,False,0.04742813279627101,0.054336728992085276,0.03353425217268813,0.04205330511687423
2007-08-10,0.0005474952230928441,False,0.048575350789470055,0.05565105594353974,0.03434539727186873,0.043070513795756916
2007-08-13,0.01951281422358172,False,0.046412525008557595,0.053173183183518796,0.03281616259897408,0.04115279182112113
2007-08-14,-0.0053821443162287,False,0.0470210007078995,0.05387029220350557,0.03324638779106279,0.04169231156883172
2007-08-15,0.010201430752177618,False,0.04566967791933382,0.05232212962964824,0.03229092957487881,0.04049412841911671
2007-08-16,-0.046469141878109264,False,0.04144032478203695,0.04747670979791507,0.029300548417714345,0.036744069805303044
2007-08-17,-0.006737813249911853,False,0.0422522529707031,0.04840690711641579,0.029874625511193874,0.03746398564086073
2007-08-20,-0.001127395835308235,False,0.04152376033510381,0.04757229895076604,0.029359541861304683,0.036818049963572984
2007-08-21,0.011217167530924924,False,0.04122614889806575,0.0472313360866207,0.02914911449698105,0.036554165559314566
2007-08-22,-0.01065331073560813,False,0.04064660650162732,0.04656737492521536,0.02873934671315511,0.03604030022689089
2007-08-23,0.02724661180913831,False,0.04026139244479471,0.04612604884771688,0.028466979563940568,0.03569874083350562
2007-08-24,0.009825406554414858,False,0.04062352203971607,0.04654092787624155,0.028723024751455127,0.036019831828432484
2007-08-27,-0.010374103413174235,False,0.04095337041894934,0.04691882346129156,0.028956245375498554,0.036312299899941586
2007-08-28,-0.005503591216978952,False,0.04038368740354269,0.046266157842922984,0.028553448706711157,0.0358071766270161
2007-08-29,0.0071487794136673305,False,0.04036926919653972,0.046249639414718414,0.02854325425542225,0.035794392373818984
2007-08-30,-0.005494519317640702,False,0.03968107102329119,0.045461195184934314,0.028056660967307096,0.03518418475959953
2007-08-31,0.02878287208983678,False,0.039843687752977974,0.04564749940248649,0.028171639780498813,0.03532837283000074
2007-09-04,-0.025482539061179945,False,0.040795462439733664,0.046737913892087424,0.028844595903278248,0.03617228695743612
2007-09-05,0.010923101505469863,False,0.040631800606357286,0.04655041233631841,0.028728878145316685,0.03602717222048184
2007-09-06,0.017766281565289713,False,0.040676672909972955,0.046601820942499234,0.028760605288181047,0.03606695933762078
2007-09-07,0.0015995737881413724,False,0.04047748600947956,0.04637361957776547,0.028619769388540342,0.035890345437644695
2007-09-10,0.020564921944296984,False,0.039629977687399176,0.04540265936279703,0.0280205352185346,0.035138881613196206
2007-09-11,-0.021097828964635926,False,0.03958337460179501,0.045349267861100225,0.027987584319299572,0.03509755985619771
2007-09-12,-0.004808986024447407,False,0.0400216044829135,0.04585133228747886,0.028297436520442733,0.03548612701698327
2007-09-13,-0.0053705821890168304,False,0.040055043238356174,0.04588964188318076,0.028321079527055964,0.03551577630112017
2007-09-14,-0.010828476137580161,False,0.039238899633822766,0.044954615112284095,0.02774402190682214,0.03479212276476743
2007-09-17,0.014590910030410907,False,0.03830295685719426,0.04388233868039889,0.027082259799815177,0.03396224638471757
2007-09-18,0.004816707198552034,False,0.06357442044348828,0.07283495787838203,0.044950549835941586,0.056369802961095325
2007-09-19,0.014312462710443315,False,0.34024042557193696,0.38980138382988716,0.24056836223097394,0.3016824316304683
2007-09-20,0.036687141998188295,False,5.176658330702777e-09,5.930713781381099e-09,3.660177106683029e-09,4.590009756487163e-09
2007-09-21,0.006069821367075774,False,1.229689530949187e-15,1.4088116661603823e-15,8.694569318614798e-16,1.0903340695735329e-15
2007-09-24,0.014021261252855986,False,1.3942938512299334,1.597392995736244,0.9858410789819093,1.2362844854175692
2007-09-25,0.015297608951958842,False,0.4136373331825828,0.47388961675332936,0.29246394114999913,0.3667615812491983
2007-09-26,0.001956947786960947,False,0.02540804724731077,0.02910909825241467,0.017964862063342385,0.022528661794569433
2007-09-27,-0.0073583849311871,False,1.1804740654771833e-05,1.3524272535363656e-05,8.346589389271225e-06,1.0466959825576789e-05
2007-09-28,0.0024588160900287748,False,0.5753256010435165,0.6591301285335023,0.40678628167106645,0.5101264084369417
2007-10-01,-0.0029513056345803093,False,0.1004924073688094,0.11513058564663864,0.07105356107148109,0.0891040321398027
2007-10-02,-0.057274328990188555,False,0.03548683661298915,0.04065600963270489,0.025091110647403027,0.031465265017475666
2007-10-03,-0.021619613479474564,False,0.15363629561380848,0.17601565286103296,0.10862916113780026,0.13622535055779714
2007-10-04,-0.000533191161658835,False,0.07526802092145361,0.0862319010564377,0.053218557115907436,0.0667382176513183
2007-10-05,-0.009108019030727364,False,3.5646392848458195e-05,4.083880755061829e-05,2.5203925525840838e-05,3.1606739426394566e-05
2007-10-08,-0.02286436021254524,False,0.038648125790920966,0.04427778648115798,0.027326312883572238,0.034268298797727956
2007-10-09,0.003847215517424492,False,0.04017520746203663,0.04602730977081859,0.028406042125021715,0.03562232282666595
2007-10-10,0.006560985810007635,False,3.3511163374169243e-06,3.839255089997752e-06,2.3694202932608327e-06,2.9713486386842555e-06
2007-10-11,0.010840214552864807,False,0.009178631258297697,0.01051563217432033,0.006489788171464197,0.008138456188408508
2007-10-12,-0.009206672125903136,False,0.04068913202509033,0.04661609490863916,0.02876941455566769,0.036078006514446564
2007-10-15,0.011360684805811616,False,0.04033125863924215,0.04620609206783912,0.028516378737907855,0.03576068939060091
2007-10-16,0.005899722127188322,False,0.040718175775398935,0.04664936930289396,0.02878995005621276,0.03610375886060601
2007-10-17,0.002670228555878892,False,0.04013607261804981,0.04598247436856918,0.028378371676078883,0.03558762296736623
2007-10-18,0.004257590252641196,False,0.03946825359369055,0.045217377806614265,0.02790618754720374,0.03499548502015104
2007-10-19,-0.0021265292436870712,False,0.03937062862238664,0.045105532340730406,0.027837161418342218,0.03490892346979644
2007-10-22,-0.020430818180387476,False,0.03869250121821245,0.04432862583376338,0.02735768870803186,0.03430764534741391
2007-10-23,0.005957233973046935,False,0.03831845644137051,0.043900096004063575,0.027093218843186564,0.033975989467232515
2007-10-24,-0.007588112290492323,False,0.022205854641020623,0.02544045979734719,0.015700738893532625,0.019689359996757437
2007-10-25,-0.006550241760718542,False,0.02504093164533093,0.028688506932506897,0.017705291499470466,0.022203149835464075
2007-10-26,0.04549888308535925,False,2.744424730476544e-07,3.144190041375723e-07,1.9404565508848795e-07,2.4334107998048696e-07
2007-10-29,0.02071539638283816,False,1.9198579628299582e-18,2.199513151354555e-18,1.357443299272052e-18,1.7022886614312725e-18
2007-10-30,-0.003080084570564535,False,0.01007613959657969,0.011543875633847787,0.007124375054155158,0.008934253740819825
2007-10-31,0.0,False,0.040975687671305085,0.046944391545498274,0.028972024878594613,0.03633208803342594
2007-11-01,0.01479996394088013,False,0.03987750986766863,0.0456862481992772,0.028195553842811198,0.03535836202891973
2007-11-02,-0.0020283982613927207,False,0.03721132751001985,0.04263169766840681,0.026310418876528147,0.03299432672807722
2007-11-05,-0.016893158325038352,False,0.0398642428736168,0.04567104867490566,0.02818617336127256,0.03534659852662792
2007-11-06,0.002577985444274297,False,0.039579630757159034,0.0453449786711326,0.027984937218882247,0.03509424028548083
2007-11-07,-0.0005150656822599119,False,0.03910107879204523,0.044796718663750165,0.02764657512597009,0.0346699205702254
2007-11-08,0.002058672883536368,False,0.039010316634570004,0.04469273568017683,0.027582401377246192,0.034589444100325835
2007-11-09,-0.012416093283990006,False,0.03844081419198452,0.04404027693768274,0.027179732383198745,0.0340844809366751
2007-11-12,-0.023171126182047887,False,0.038559258318478756,0.044175974171003454,0.02726347877952628,0.034189502296300606
2007-11-13,0.0010649628269565903,False,0.03865058930611366,0.044280608843108596,0.027328054721903885,0.03427048313326786
2007-11-14,0.0015953207318595544,False,0.03801584090263586,0.04355340011815024,0.02687925330861887,0.03370766805474553
2007-11-15,0.0015927797367861123,False,0.039239832815858355,0.044955684225832925,0.027744681716936084,0.03479295019326943
2007-11-16,0.010554187678690171,False,0.047999131754353594,0.054990902239287945,0.03393797928404067,0.04255959520231381
2007-11-19,-0.010554187678690256,False,0.03722126212047548,0.04264307939912535,0.026317443182833602,0.03300313549157004
2007-11-20,0.027212563524884794,False,1.7875608382859595e-08,2.0479450296733104e-08,1.2639020849207082e-08,1.5849842048457222e-08
2007-11-21,-0.01090070487619005,False,0.04190734849851658,0.048011762299860185,0.029630759416033155,0.03715816771909396
2007-11-26,-0.00785961604237674,False,0.03758263032687569,0.04305708613183543,0.026572950027529994,0.03332355138288424
2007-11-27,0.0010515248077204197,False,0.04051644875438357,0.04641825781220179,0.028647318154134037,0.03592489270111546
2007-11-28,-0.0005256241908138504,False,0.04030398152961799,0.04617484165113599,0.02849709234776874,0.03573650347928413
2007-11-29,0.033603575283723465,False,0.03791630653167477,0.043439367120824746,0.02680887713104518,0.03361941348884004
2007-11-30,0.005576693793598256,False,0.03812411253043536,0.04367744308063717,0.02695580719880409,0.033803669721497016
2007-12-03,0.03770287830584605,False,0.03807665534605417,0.04362307306827501,0.026922252405591374,0.03376159065708725
2007-12-04,0.02831962712755314,False,0.03842123295995828,0.04401784341489339,0.027165887394288036,0.03406711876202442
2007-12-05,0.009889414245642077,False,0.038293765529112234,0.04387180850192411,0.027075761034303397,0.03395409667058223
2007-12-06,0.008399489419976348,False,0.037543680287330565,0.04301246245347799,0.02654541024531143,0.03328901538492831
2007-12-07,0.0,False,0.03707115539956793,0.04247110745477578,0.026211309621696974,0.03287003972409519
2007-12-10,0.029306126585499487,False,0.03783013737177462,0.04334064617161338,0.0267479508797417,0.03354300951172141
2007-12-11,-0.00497625998622802,False,0.03759299462544676,0.04306896014098245,0.026580278146546787,0.03333274113977397
2007-12-12,0.018423347417442025,False,0.0338334207213667,0.03876174970895432,0.023922056286899994,0.02999922368554799
2007-12-13,-0.020239053771926793,False,0.025074613028710366,0.028727094498427495,0.017729106057142868,0.022233014251550158
2007-12-14,-0.055582832351547456,False,0.039431867046498786,0.045175691030493244,0.027880460292570644,0.03496322200491118
2007-12-17,0.00191938638580367,False,3.185422887199909e-21,3.6494259828962936e-21,2.252266072435656e-21,2.824432519346924e-21
2007-12-18,0.013333530869465168,False,0.04998019442956545,0.05726053545807209,0.0353386976215266,0.044316152507535955
2007-12-19,0.008478618855552195,False,7.414793743160456e-08,8.494866114273773e-08,5.2426597576525866e-08,6.574506843843806e-08
2007-12-20,-0.018939960100921614,False,5.915455549836009e-07,6.77712754277853e-07,4.1825466538316876e-07,5.245082242877576e-07
2007-12-21,-0.0028721896240957384,False,3.126184062670122e-10,3.5815581634290725e-10,2.2103810231395203e-10,2.7719069777360607e-10
2007-12-26,-0.025244058952212538,False,0.06503562545532451,0.07450900861681348,0.04598370072032058,0.05766541585112851
2007-12-27,0.015610073071078668,False,0.15093842552928016,0.17292479882575887,0.10672162123669672,0.1338332185647941
2007-12-28,-0.004365760026626671,False,0.036898959779728464,0.04227382904263519,0.026089558015671636,0.0327173582982418
2007-12-31,-0.01075279177626185,False,0.02889212293831586,0.033100680156413646,0.020428291802665442,0.025617902071294836
2008-01-02,0.030011933025224636,False,0.032818794003653916,0.037599327877479154,0.023204660382678304,0.02909958027932343
2008-01-03,0.010908336764138287,False,0.03274029024017659,0.037509388900980774,0.02314915398076571,0.029029973011997178
2008-01-04,-0.010431578709815707,False,1.036421012874804e-08,1.18739078217957e-08,7.32805648329237e-09,9.189678470199187e-09
2008-01-07,0.015606843142374753,False,1.1232411137792049e-08,1.2868574914040757e-08,7.94192150089545e-09,9.959489967795744e-09
2008-01-08,0.011663299930270607,False,0.04528412389118404,0.05188041405907387,0.032018322047576216,0.04015226758191129
2008-01-09,-0.0023218027611576803,False,0.17540599192130357,0.2009564215305802,0.12402151252625247,0.1555279801817228
2008-01-10,0.006949298293205944,False,0.03929914827029194,0.0450236398374621,0.027786620947714107,0.03484554368064445
2008-01-11,-0.001848429361782316,False,0.040115958895174074,0.04595943078990637,0.028364150187369985,0.035569788646779274
2008-01-14,0.018332319083471656,False,0.03976200619860653,0.0455539197437089,0.02811388650874521,0.03525594789724704
2008-01-15,-0.007292648546141398,False,6.63428458420054e-13,7.60066446335869e-13,4.690797615575754e-13,5.882449453576126e-13
2008-01-16,-0.014746811020150019,False,0.04004474962045691,0.04587784885037167,0.028313801383092634,0.03550664921496365
2008-01-17,0.007861312161957998,False,0.08518040234898341,0.09758816476615333,0.06022714629757536,0.07552727123682067
2008-01-18,-0.013914881288609028,False,0.09211832054009289,0.1055366914800115,0.06513262927691875,0.08167894479774099
2008-01-22,-0.004681656491065668,False,0.0419458443781788,0.048055865663353396,0.029657978082678702,0.03719230102516636
2008-01-23,0.003279459486373459,False,3.2135035924809885e-123,3.681597050631952e-123,2.272120648118144e-123,2.8493309582577454e-123
2008-01-24,0.024943556482915567,False,0.040083118882304335,0.04592180715232687,0.028340930524102644,0.03554067025227731
2008-01-25,0.009082714574319226,False,0.015147429056935485,0.01735387203896531,0.010710050676992194,0.013430835630906343
2008-01-28,0.000451977408824306,False,0.04755423097800147,0.054481195204923845,0.033623410399574914,0.04216511313035375
2008-01-29,0.009892166996619647,False,1.5559399536619512e-05,1.7825852000805393e-05,1.1001336062667629e-05,1.3796119256043271e-05
2008-01-30,0.0234368454520194,False,0.0375962849648476,0.04307272976609258,0.026582604594262434,0.03333565859906666
2008-01-31,0.016471980578921276,False,0.04182526581646813,0.04791772308333508,0.029572722525341145,0.0370853871167493
2008-02-01,0.0,False,7.596845389480431e-11,8.70343622626075e-11,5.3713801068674956e-11,6.735927354801074e-11
2008-02-04,0.00856169613481098,False,0.07499516067470789,0.08591929475283677,0.053025630180293555,0.06649627949069213
2008-02-05,-0.003415887181407072,False,2.9616686144894593e-08,3.393078651465089e-08,2.094059713395129e-08,2.6260353624966622e-08
2008-02-06,0.006820145788208327,False,1.6750660003309864e-06,1.9190636851509614e-06,1.184362156998343e-06,1.485237926304355e-06
2008-02-07,-0.008532474973720703,False,9.430714987165402e-08,1.080443555854033e-07,6.668024986495333e-08,8.361972345171618e-08
2008-02-08,0.018676264404225738,False,1.0355092278639709e-08,1.1863461824428376e-08,7.321609670677609e-09,9.181593907092672e-09
2008-02-11,0.003358525407134224,False,0.04981967788557904,0.05707663734876214,0.035225203753086735,0.04417382661776157
2008-02-12,0.014562354280197165,False,1.8039967881191938e-06,2.0667751142488977e-06,1.2755231893983584e-06,1.5995575386978402e-06
2008-02-13,0.013538668332798265,False,0.04037112460659371,0.046251765092187216,0.028544566130568196,0.03579603751817776
2008-02-14,0.0052834912585000594,False,5.0085839909818974e-11,5.7381569736491446e-11,3.5413394683520264e-11,4.440982563682409e-11
2008-02-15,0.011686612959961658,False,1.6069827172745345e-07,1.8410630833515855e-07,1.136223597705554e-07,1.4248702308686072e-07
2008-02-19,-0.0028084271217263253,False,0.04026092194028492,0.04612550980739354,0.02846664689183333,0.035698323649261954
2008-02-20,-0.013347013100558969,False,0.04421881132593214,0.05065992325040963,0.03126508851086192,0.03920768233872203
2008-02-21,0.01173864926369608,False,0.03544387238388216,0.04060678703979007,0.02506073261629925,0.03142716974091252
2008-02-22,0.030515543925950413,False,8.75995291867339e-10,1.0035967255341886e-09,6.193759966421561e-10,7.76722487644272e-10
2008-02-25,0.009710699729349478,False,0.039605213761399534,0.04537428821140462,0.028003025784991753,0.03511692407713996
2008-02-26,0.013438482137616019,False,0.03661929432808304,0.0419534262572297,0.02589181943254521,0.032469386137515745
2008-02-27,0.03559094510270253,False,0.10529159121365764,0.12062884030239042,0.07444684332375825,0.09335934498136671
2008-02-28,0.03009108673694745,False,0.04555896882432806,0.052195294147464544,0.03221265226369558,0.04039596551290472
2008-02-29,-0.01656501687469517,False,0.047346609775357575,0.05424333095946574,0.03347661099265404,0.041981020751659
2008-03-03,0.006514681021193672,False,0.0470629667206895,0.05391837117540276,0.03327606002930221,0.04172952175266875
2008-03-04,-0.0072411612565595855,False,0.045260062635813,0.05185284793248986,0.032001309440129286,0.040130933085823085
2008-03-07,-0.00441339443841275,False,0.04415867770214435,0.05059103029118004,0.031222570790149208,0.03915436340163054
2008-03-10,-0.005544275891230564,False,0.042907448777011074,0.04915754170532177,0.030337884342942507,0.03804493090540069
2008-03-11,0.024891475457002262,False,0.15904529190920452,0.18221254800520015,0.11245361373748616,0.14102136840997403
2008-03-12,0.0007228045128565787,False,0.05730337866702651,0.06565044781197606,0.040516584509483165,0.05080943155961045
2008-03-13,0.05414327557308464,False,0.13245282970139932,0.15174650755565103,0.09365130630953421,0.1174425163426267
2008-03-14,-0.00617921636595812,False,0.05823735614735857,0.06672047267362323,0.04117695704583419,0.051637565361997484
2008-03-17,-0.06178748776568126,False,0.10417812630136568,0.11935318305817015,0.07365956347627554,0.09237206429092325
2008-03-18,-0.0472528848505455,False,8.301250881428668e-24,9.510448606042592e-24,5.869432844897188e-24,7.360505581528779e-24
2008-03-19,-0.02764435332678468,False,5.084183194861752e-17,5.824768299270635e-17,3.5947921897115483e-17,4.508014432742248e-17
2008-03-20,-0.09693012523849363,False,0.10566788600583372,0.1210599478948279,0.07471290407100097,0.0936929958922564
2008-03-24,-0.01489948684604718,False,0.07059362265382145,0.0808766088091036,0.04991350500821244,0.06259354897058163
2008-03-25,0.05706029767032506,False,0.065315737905097,0.07482992351211362,0.04618175535527173,0.057913784353593435
2008-03-26,0.010371385229066086,False,0.06914762624022801,0.07921998202207707,0.048891107424429474,0.06131142115332267
2008-03-27,0.003707522269531828,False,0.06335419455622845,0.0725826528929743,0.044794838236034244,0.05617453433284563
2008-03-28,-0.02878196589914982,False,0.05765974680752948,0.06605872614659027,0.04076855603746366,0.05112541402113553
2008-03-31,-0.01793387091247077,False,0.05783662857573879,0.0662613733126534,0.04089362100355375,0.051282250534182984
2008-04-01,-0.01694587585241609,False,0.05603806716985671,0.06420082532298592,0.03962194092304137,0.04968751240907298
2008-04-02,-0.0230506659678565,False,0.054369792073327324,0.06228954173537883,0.03844238030190659,0.048208295802452755
2008-04-03,0.007594407731164727,False,0.054073851147962385,0.06195049271718755,0.03823313407958457,0.04794589259791588
2008-04-04,0.0075371671377444,False,0.05101891565819334,0.0584505615158282,0.0360731296466615,0.04523715989668405
2008-04-07,0.022276527197260833,False,0.048385908336615616,0.055434018446732417,0.034211451223148615,0.04290254004679661
2008-04-08,-0.011731614020645887,False,0.04856886792201685,0.055643628752311075,0.034340813534345024,0.043064765603977734
2008-04-09,0.03774032798284711,False,0.04709114320863394,0.05395065197793746,0.03329598232850231,0.041754505119602874
2008-04-10,0.03839480886264396,False,0.05023123931308815,0.0575481486740386,0.035516199916775626,0.04453874754685912
2008-04-11,0.0287444939749846,False,0.05298925926250939,0.06070791427540019,0.037466269021930614,0.04698421287752372
2008-04-14,0.003535654832307797,False,0.05340219925934811,0.061181004978645884,0.03775823990861219,0.04735035614857792
2008-04-15,0.03468555798789011,False,0.049356373603894776,0.05654584607129632,0.03489762259610921,0.04376302663110989
2008-04-16,0.017274180942820957,False,0.05152831866680317,0.0590341664691474,0.03643330509404051,0.04568883443847009
2008-04-17,0.032957944543512335,False,0.05016696885857544,0.057474516294622434,0.03547075723324978,0.044481760588396445
2008-04-18,-0.027759269634274716,False,0.052074384256212594,0.05965977444049846,0.036819402966725964,0.046173016747394255
2008-04-21,0.007747686790825957,False,0.052759387240035795,0.060444558055123436,0.03730373708329859,0.04678039126935628
2008-04-22,0.04174769602560498,False,0.049546029443891505,0.05676312803818157,0.035031719521067074,0.043931189584959215
2008-04-23,0.01051903107451838,False,0.05341233892069914,0.06119262162890005,0.03776540919697848,0.04735934672542412
2008-04-24,-0.0027942735610580233,False,0.050617884695712684,0.057991114570713376,0.03578957909065185,0.044881576059998866
2008-04-25,-0.002100841108811839,False,0.04741049484738776,0.054316521819845066,0.0335217811899446,0.042037666001389556
2008-04-28,0.0038481768670362865,False,0.04464907366134313,0.05115285954236012,0.03156930722674644,0.0395891848817182
2008-04-29,0.0020927806731305776,False,0.042417821932722276,0.04859659360180583,0.029991691712137756,0.03761079137971588
2008-04-30,0.004172467805800703,False,0.04044599556983979,0.04633754209835261,0.02859750394645674,0.035862423675003856
2008-05-01,-0.057485037776221125,False,0.03917466071617295,0.04488101886353281,0.027698601521562127,0.0347351637692297
2008-05-02,0.00695846059886967,False,0.048584303136988256,0.05566131233046158,0.03435172706521106,0.04307845161197482
2008-05-08,0.008248208856495673,False,0.04647869109670475,0.05324898732313277,0.03286294559789031,0.04121145958915649
2008-05-09,0.02643325706815543,False,0.04498067189806721,0.05153275987705232,0.03180376509457122,0.039883204506843975
2008-05-12,0.001737619898540878,False,0.0466201220291377,0.053411019724444404,0.032962944907869426,0.041336862758202066
2008-05-13,-0.06342802685354396,False,0.04410931151174406,0.05053447319835342,0.0311876662265477,0.039110591670698636
2008-05-14,0.0259280545983293,False,0.05259834369843108,0.0602600561833401,0.037189870599071743,0.04663759810435237
2008-05-15,-0.053686776144895657,False,0.052671100543431465,0.0603434111192404,0.037241313619146184,0.04670210972692214
2008-05-16,0.017719596518237887,False,0.05800192364176028,0.06645074600511673,0.04101049354523015,0.05142881341650379
2008-05-19,-0.024589852548990276,False,0.05563383245144587,0.06373770794837132,0.039336125138507455,0.0493290878844309
2008-05-20,-0.003068663704563505,False,0.05506510727480306,0.06308613969189031,0.03893400571347295,0.048824813902493984
2008-05-21,-0.0065523456627626315,False,0.05120720473387567,0.0586662776293313,0.03620626019541019,0.045404110975779996
2008-05-22,-0.004651171175730844,False,0.04871299095104706,0.05580874539317846,0.03444271630205782,0.043192555785813685
2008-05-23,0.0011648224962931065,False,0.04633599193709492,0.05308550195894134,0.032762049582781685,0.0410849319157022
2008-05-27,0.0050319440412183135,False,0.043607319558204974,0.04995935882788413,0.03083273079548296,0.0386654883207718
2008-05-28,0.012279509630061781,False,0.04208363484141807,0.04821372730827387,0.029755403384263007,0.03731447628384009
2008-05-29,0.04036422385536035,False,0.04200656863731261,0.048125435292543144,0.029700913414489886,0.03724614366342327
2008-05-30,-0.0025673955052458097,False,0.046920667607194995,0.053755344129852015,0.033175446868409446,0.041603348789812505
2008-06-02,0.024307382141651814,False,0.04467082443367446,0.051177778630501596,0.03158468619786138,0.03960847073193934
2008-06-03,0.006074701546471114,False,0.04611305493793913,0.05283009094882481,0.03260442108029717,0.04088725941428598
2008-06-04,-0.003926473008181609,False,0.04432878277265644,0.050785913635129055,0.03134284426485901,0.039305191191181116
2008-06-05,-0.0014316394714377388,False,0.04277354641672756,0.0490041345220076,0.030243208140201108,0.0379262031275845
2008-06-06,0.030337423565050137,False,0.041107620680835295,0.04709554251352704,0.02906530864396004,0.03644906963859674
2008-06-09,-0.0027835786936463705,False,0.044385384775818035,0.0508507605419093,0.03138286493899462,0.03935537873112509
2008-06-10,-0.004189950263854065,False,0.042670476911657686,0.04888605144696042,0.030170332431828314,0.03783481404921687
2008-06-11,0.020433611377908733,False,0.04150319638645709,0.04754873956441144,0.02934500203865242,0.03679981643937832
2008-06-12,0.018342905594886244,False,0.0429355085394597,0.04918968877959733,0.030357724110911023,0.03806981077484079
2008-06-13,0.0006729475354900949,False,0.04372078655970804,0.050089353945691126,0.030912958095554572,0.03876609659171939
2008-06-16,0.010040244985232505,False,0.041565031194843116,0.04761958151047713,0.029388722588781904,0.0368546437730849
2008-06-17,-0.001666389320787318,False,0.04125968310209264,0.04726975503437901,0.029172824990899893,0.03658389947525538
2008-06-18,0.023080483824603787,False,0.03992917302964558,0.045745436850942546,0.028232082489410372,0.03540417042545206
2008-06-19,0.030495060818502038,False,0.042158387990152285,0.048299369338533085,0.029808257898926774,0.03738075797756965
2008-06-20,0.012879084882601007,False,0.0452376985302707,0.051827226170249666,0.03198549680929911,0.040111103408823644
2008-06-23,-0.004065681910006285,False,0.044623229385584065,0.05112325067257919,0.03155103392755822,0.03956626942732557
2008-06-24,0.012147789938458742,False,0.043025777186265345,0.049293106365506316,0.030421548920929808,0.0381498496615267
2008-06-25,-0.009331327428884305,False,0.04276606409988512,0.048995562297074205,0.03023791773796436,0.03791956874974576
2008-06-26,0.011496165138426356,False,0.042380711496863205,0.048554077492122275,0.02996545262910908,0.03757788651101895
2008-06-27,0.011670894143108035,False,0.04213446371839878,0.04827196014921949,0.029791342146297924,0.03735954494133078
2008-06-30,-0.009202518931161894,False,0.041953726490131245,0.04806489591935957,0.029663551161656997,0.03719928989104319
2008-07-01,0.034825623819059494,False,0.04171737792774376,0.04779411975709143,0.029496439959413385,0.036989725701562864
2008-07-02,-0.008068174649510203,False,0.04566854281824295,0.052320829184601875,0.03229012699708419,0.04049312195418338
2008-07-08,0.01680711831638119,False,0.044467351528251924,0.05094466694198818,0.03144081986118608,0.03942805654166314
2008-07-09,-0.011398044952369311,False,0.04463633036051,0.05113825999472856,0.03156029702460573,0.0395778857247298
2008-07-15,0.012566302927663068,False,0.04422071762686153,0.05066210723174878,0.03126643636860614,0.03920937260671071
2008-07-16,0.021457260161782746,False,0.043766679598701175,0.05014193197217816,0.03094540695347562,0.038806788768655995
2008-07-17,-0.060664828478684235,False,0.044822398894302416,0.05135143211217334,0.031691857530274384,0.03974286790646218
2008-07-18,-0.044374092064616066,False,0.05338800967738055,0.06116474847803275,0.037748207107574684,0.047337774611317614
2008-07-21,0.00924615406508783,False,0.05705337898068022,0.0653640320413309,0.04033982122510422,0.05058776326973271
2008-07-22,-0.01533827109715305,False,0.05321808124338865,0.06097006750027785,0.037628058524427375,0.047187103440824996
2008-07-23,-0.010115693194788082,False,0.05165386794113359,0.05917800381825302,0.03652207521374097,0.04580015574988031
2008-07-24,-0.003637690442824361,False,0.04960413463328247,0.05682969709209168,0.03507280302907588,0.04398270996145872
2008-07-25,0.024834819644080967,False,0.046927964962508235,0.05376370445092385,0.03318060649285258,0.041609819167022
2008-07-28,-0.006419422900657304,False,0.047915236962918,0.054894786953331734,0.03387866113411348,0.04248520784919764
2008-07-29,0.014209830572653003,False,0.04595594493976358,0.052650095598185925,0.03249333582378284,0.0407479540210383
2008-07-30,-0.009569451016150672,False,0.04529721135466948,0.05189540790164525,0.032027575591305354,0.04016387189906886
2008-07-31,0.017649593344110988,False,0.04445805173293549,0.050934012496451374,0.03143424440347968,0.039419810652421707
2008-08-01,0.04715598614729748,False,0.04479335862728992,0.0513181617086073,0.031671324492607844,0.039717118648851774
2008-08-04,-0.07374858311121928,False,0.05033920365910611,0.0576718395946908,0.03559253654214052,0.04463447675476068
2008-08-05,-0.023633166814801713,False,0.06124779315698295,0.07016942354508923,0.04330549864928257,0.05430684240574437
2008-08-06,0.013884037422460166,False,0.059196001439824925,0.06781875857241741,0.041854771058032765,0.05248757147874919
2008-08-07,0.010467520227835125,False,0.05568138722745572,0.0637921897679999,0.03936974893427399,0.04937125348082697
2008-08-08,-0.03545045071834429,False,0.0524131241331993,0.06004785669905377,0.037058910360040644,0.04647336868120038
2008-08-11,-0.006718950248744981,False,0.05482554112234032,0.06281167725083321,0.03876461950121713,0.04861239675867627
2008-08-12,0.00857734141730365,False,0.051457562165328534,0.05895310325585224,0.03638327642490652,0.045626096469039645
2008-08-13,-0.0007429420846931526,False,0.04877635177644865,0.0558813356427957,0.034487515828659755,0.043248736199546514
2008-08-14,-0.012715204967092284,False,0.04566094216521456,0.0523121213860988,0.032284752924770906,0.04048638265069312
2008-08-15,-0.022840734097065083,False,0.04517484201046462,0.051755213685660405,0.031941053853998105,0.040055370149887554
2008-08-18,0.004610073473980068,False,0.0467928081839099,0.05360886012505322,0.03308504334859316,0.0414899791287598
2008-08-19,0.025356136111390714,False,0.044486283644806134,0.05096635679621188,0.031454205890389865,0.039444843162325244
2008-08-20,-0.0067491819749284495,False,0.0463155309630443,0.05306206054692796,0.03274758256873203,0.04106678969643256
2008-08-21,0.06058035933994202,False,0.04473879455257405,0.05125564958414152,0.03163274474398162,0.03966873808762869
2008-08-22,-0.012112723797721402,False,0.05344714489700352,0.06123249760103415,0.03779001890260449,0.04739020828912316
2008-09-03,0.0014986889279467019,False,0.051451637103316177,0.0589463151225262,0.036379087085964705,0.04562084286899361
2008-09-04,-0.002624181449681154,False,0.04801540948620797,0.05500955105913874,0.033949488519859614,0.04257402824835472
2008-09-05,-0.004137677522540079,False,0.045746326364676314,0.052409943033986335,0.03234512416663726,0.040562090623586525
2008-09-08,-0.03490287168106014,False,0.04395250917553865,0.050354830325117866,0.031076798503667572,0.038971559073404334
2008-09-16,-0.01045103377348292,False,0.04788979206667512,0.05486563563849249,0.033860670217819515,0.042462646514346745
2008-09-17,-0.008989702909808443,False,0.04685537812722403,0.0536805442891234,0.03312928367883217,0.04154545828769354
2008-09-18,0.041905035616867474,False,0.04571948509336208,0.0523791919417713,0.032326145937729256,0.04053829115888589
2008-09-19,0.012719961999560367,False,0.050135633520992075,0.05743861651013258,0.03544860145669938,0.044453976350758546
2008-09-22,0.013294139660593132,False,0.0487201883875232,0.05581699124078376,0.03444780527848505,0.043198937567561047
2008-09-23,-0.008843093736333707,False,0.047547982783122604,0.05447403686973741,0.03361899258823935,0.04215957301670856
2008-09-24,0.020150892503652554,False,0.046171127247578124,0.05289662233356965,0.03264548134054502,0.040938750637155345
2008-09-25,-0.006185211641680838,False,0.046685997613596424,0.05348649104428963,0.0330095225049836,0.041395272944091004
2008-09-26,0.0010942915554873272,False,0.04501639640611997,0.05157368817842097,0.03182902425176664,0.03991488050901228
2008-09-29,-0.07021751564641664,False,0.04249636869067225,0.04868658183554608,0.03004722851346527,0.03768043676913486
2008-09-30,0.0003910068476013222,False,0.05368141060557771,0.06150088751158816,0.03795565741467676,0.04759792566571501
2008-10-01,-0.018544622981202977,False,0.04987274686018388,0.05713743659007693,0.03526272638516228,0.04422088151218222
2008-10-02,-0.024184975629472402,False,0.04973361312759959,0.05697803600912713,0.03516435131958146,0.044097515211139963
2008-10-03,0.007317105817066848,False,0.05051924353929657,0.05787810489760076,0.03571983446401701,0.044794113484449734
2008-10-06,-0.028344473009142553,False,0.04875744709515392,0.05585967722017541,0.034474149197666615,0.043231973905023154
2008-10-07,0.009124907777000674,False,0.05039359108278752,0.057734149336333994,0.035630991388941886,0.044682700684056394
2008-10-08,-0.03358837995537496,False,0.04863341020017167,0.055717572550429695,0.034386448411870996,0.04312199358147037
2008-10-09,-0.005136997597916357,False,0.05115207144095707,0.058603113371766546,0.03616727797876286,0.04535522570342144
2008-10-10,-0.03760827991715931,False,0.04891734897179542,0.05604287112691672,0.03458720846308647,0.04337375478507698
2008-10-13,0.014598799421152631,False,0.05213457760978848,0.059728735830027045,0.036861962919625735,0.04622638864535211
2008-10-14,0.013089192110014046,False,0.05091477540959098,0.05833125172790587,0.03599949686476475,0.045144821417574324
2008-10-15,-0.04703617664729203,False,0.04967389716292225,0.056909621547121814,0.0351221289064237,0.04404456660163616
2008-10-16,-0.03561069916463223,False,0.054381937170592996,0.06230345594240744,0.03845096754180739,0.04821906454772851
2008-10-17,-0.0009420631879010176,False,0.056437242089551594,0.06465814586573357,0.03990417915652951,0.050041450540372394
2008-10-20,-0.017590184941026633,False,0.05271734602845756,0.060396392930642605,0.03727401167545329,0.046743114408688426
2008-10-21,-0.023290718006095994,False,0.05208304638528478,0.05966969833444367,0.036825527559948015,0.046180697234382825
2008-10-22,-0.020332959355396574,False,0.05243318971458715,0.06007084512372198,0.037073097810116785,0.04649116031596863
2008-10-23,-0.003010539152871152,False,0.05226525817633293,0.05987845191856377,0.036954361140137504,0.046342259741550366
2008-10-24,-0.006554094547921119,False,0.049527830959590596,0.05674227868040119,0.035018852209500566,0.043915053457141195
2008-10-27,-0.010678972575854255,False,0.04769743445907909,0.05464525835232758,0.03372466299720704,0.04229208797267833
2008-10-28,0.005099450112349261,False,0.04671859054308952,0.053523831607211046,0.03303256746695508,0.04142417225611987
2008-10-29,0.08340195461203581,False,0.0449166075956517,0.051459363678779624,0.031758468171715376,0.03982640033814199
2008-10-30,-0.0251138524458901,False,0.05704557681434122,0.06535509337617756,0.040334304671993663,0.05058084528957448
2008-10-31,-0.01498698585432399,False,0.05713864250881186,0.06546171544035694,0.04040010714582097,0.050663364246462346
2008-11-03,-0.04177633837980803,False,0.05569649007490434,0.06380949256447198,0.039380427463345406,0.049384644787092785
2008-11-04,0.015121255861274437,False,0.05856315898286491,0.06709373342276141,0.04140731725190382,0.051926446353967905
2008-11-05,-0.013091828477784683,False,0.05686135347094283,0.06514403522789979,0.04020404881561926,0.05041749919069133
2008-11-06,-0.030882536582362514,False,0.055317679129098636,0.0633755023040943,0.039112587659552375,0.04904876286751547
2008-11-07,0.011951298396269378,False,0.05652576440078619,0.06475956273693886,0.039966769212954494,0.05011994099623728
2008-11-10,0.0015483874061295432,False,0.054715859767203445,0.06268601921375305,0.03868706885764444,0.04851514512296427
2008-11-11,0.0005155968147220496,False,0.05182708687023509,0.05937645459950806,0.036644550354698435,0.04595374451772859
2008-11-12,-0.014538158446027169,False,0.04901627406127586,0.056156206092067174,0.03465715384573716,0.04346146911676921
2008-11-13,0.007814574803019713,False,0.04869978347624808,0.05579361405790317,0.03443337790384646,0.04318084505771207
2008-11-14,0.05698541842389571,False,0.047385653927270045,0.05428806245902333,0.0335042173174007,0.04201564019662972
2008-11-17,0.037050184296603166,False,0.053497024920773927,0.06128964337452208,0.037825286774158313,0.047434435622884415
2008-11-18,0.034814376933041014,False,0.05554884360130679,0.06364033923817577,0.03927603342997081,0.04925373045761034
2008-11-19,-0.004114291517962218,False,0.05708103810408495,0.06539572011766857,0.04035937771962434,0.05061228790284027
2008-11-20,-0.0018340216053239877,False,0.05455891099358714,0.06250620857237145,0.03857609759560359,0.04837598268338528
2008-11-21,-0.0041388884101146405,False,0.05203688524755915,0.05961681315675097,0.03679288914173918,0.046139767341197784
2008-11-24,0.019621893516544482,False,0.05004930261681376,0.05733971025624041,0.03538756084345307,0.044377428959149826
2008-11-25,0.019244272566899808,False,0.05004532471453564,0.05733515291473656,0.03538474825163788,0.044373901855543504
2008-12-02,0.01838204639493368,False,0.04991629722327032,0.05718733069589593,0.035293518844655175,0.044259496498664855
2008-12-03,-0.012516926942535643,False,0.04967192547119477,0.056907362649865366,0.03512073481385252,0.04404281835330919
2008-12-04,0.011628037995119214,False,0.048980090497405294,0.05611475186673539,0.034631570111278244,0.04342938608161788
2008-12-05,-0.0156848386907335,False,0.04799329603627352,0.05498421646413519,0.03393385311608575,0.04255442082123388
2008-12-08,0.03331420668398442,False,0.04788250520424578,0.05485728733874546,0.03385551801241217,0.04245618544090744
2008-12-16,-0.005047574296704258,False,0.05004541059560159,0.05733525130562674,0.03538480897419119,0.044373978004075124
2008-12-17,0.01812971546720565,False,0.0483371818313823,0.05537819421850554,0.03417699895151889,0.04285933550824441
2008-12-18,0.021180822079447045,False,0.04829634448925096,0.05533140832453666,0.03414812474441111,0.042823126087641904
2008-12-19,-0.02924073905654736,False,0.04868135596892702,0.05577250231657433,0.03442034866063182,0.043164505861074384
2008-12-22,-0.012798313143309509,False,0.05036743465219856,0.05770418284183973,0.03561249737942489,0.044659508450007226
2008-12-23,0.03414872383234591,False,0.04957611272465693,0.056797593385598165,0.03505299002580533,0.04395786365602964
2008-12-24,-0.00947515142628406,False,0.05168811813021546,0.05921724304468565,0.03654629194777449,0.04583052451134849
2008-12-26,0.0,False,0.05030662151983779,0.05763451139374707,0.0355694992094409,0.044605587010146504
2008-12-29,-0.028976336720930067,False,0.04786500093423525,0.0548372333176468,0.03384314154785361,0.04244066485503991
2008-12-30,-0.008661471471846276,False,0.04964466036905961,0.05687612598971634,0.03510145691365683,0.04401864308872397
2008-12-31,0.052380089929979744,False,0.04840339387027002,0.05545405100225263,0.03422381444009117,0.042918044019619205
2009-01-02,-0.048039976587362636,False,0.053414924130493396,0.06119558341203796,0.03776723707996793,0.04736163896443627
2009-01-05,0.005888142625222532,False,0.0575474616271418,0.0659300849993041,0.040689164348768035,0.05102585364056501
2009-01-06,0.005075162172046885,False,0.054666869603391344,0.06262989292124706,0.03865243016515546,0.04847170680513368
2009-01-07,0.010844413014128876,False,0.051943144246017016,0.059509417417219726,0.03672660918932913,0.04605664960690395
2009-01-08,0.007674634753108666,False,0.05060874833667227,0.05798064736831926,0.035783119191222165,0.04487347508549847
2009-01-09,-0.011920925634559789,False,0.04877952535410546,0.05588497149811841,0.034489759719514373,0.04325155012920483
2009-01-12,-0.03103765148651589,False,0.04795396020813281,0.05493915080147159,0.033906040560488036,0.04251954275445585
2009-01-13,-0.008415196925284472,False,0.0504550479521856,0.05780455829111047,0.03567444471578888,0.044737192908985986
2009-01-14,-0.03563760294326953,False,0.049070579476740366,0.05621842187980591,0.03469555070829871,0.04350962033148891
2009-01-15,-0.013011726073475675,False,0.05181835605463178,0.059366452013841144,0.03663837719638811,0.04594600312816004
2009-01-16,0.039756788606553954,False,0.050915673950447826,0.05833228115428528,0.036000132181693845,0.04514561813063438
2009-01-20,0.0028380315014849638,False,0.05382744713352801,0.06166819638027725,0.038058913129502076,0.0477274124978128
2009-01-21,0.052062229450427634,False,0.05107118985009224,0.058510450202795744,0.036110090324426136,0.04528351007772756
2009-01-22,-0.008490981156787444,False,0.05594683318183037,0.06409630177989076,0.039557433564627376,0.04960661757916303
2009-01-23,0.03091259306202617,False,0.05394121353483333,0.06179853450981496,0.03813935212140884,0.04782828623886208
2009-01-26,0.002252253204325053,False,0.05513242871498913,0.06316326747734331,0.03898160560869812,0.0488845060914573
2009-01-27,0.028826829761616747,False,0.05217897594048393,0.059779601422249765,0.03689335493802931,0.04626575550289711
2009-01-28,0.016977109938632117,False,0.05327321058858904,0.06103322723508192,0.03766703794982467,0.04723598521284338
2009-01-29,0.0032183113778453433,False,0.052492177733489326,0.06013842560408024,0.03711480552628453,0.04654346347468223
2009-01-30,-0.010768230397130093,False,0.04990804491968033,0.05717787632446504,0.03528768402018968,0.044252179393387325
2009-02-02,-0.01857638557293542,False,0.048992794791600215,0.0561293067258455,0.03464055273361842,0.04344065065242375
2009-02-03,0.009513427037873324,False,0.04939497834357746,0.05659007415185261,0.034924918232670334,0.04379725646056168
2009-02-04,-0.006576567364563602,False,0.048244995806690893,0.055272579960781505,0.0341118184517493,0.04277759653191759
2009-02-05,0.013471894993082554,False,0.04719323290812721,0.05406761252449909,0.033368165261398845,0.04184502542957422
2009-02-06,0.022529113060028104,False,0.04668200458622041,0.05348191637449775,0.03300669921890707,0.04139173242944952
2009-02-09,0.0014134277971469427,False,0.04792414026320203,0.05490498714857758,0.03388495624841149,0.042493102176494886
2009-02-10,-0.04108686010252136,False,0.05324883511298192,0.061005301117521976,0.03764980317169521,0.04721437210575611
2009-02-11,-0.0014727543162745406,False,0.05429981252468993,0.062209368649382986,0.0383929009804031,0.048146246737113624
2009-02-12,-0.026130639423237505,False,0.05353575766560466,0.06133401810603485,0.03785267291727454,0.047468778951207664
2009-02-13,0.04003499808165733,False,0.053929109245400064,0.06178466705487208,0.03813079373485017,0.04781755367684142
2009-02-17,-0.021672106241635382,False,0.054836368684621356,0.06282408200477613,0.03877227517270451,0.048621997279578756
2009-02-18,-0.018741178207309712,False,0.054662663667166586,0.0626250743293412,0.03864945634102055,0.04846797750969374
2009-02-19,0.004530019071750119,False,0.05444392954295577,0.0623744784039309,0.038494799498180764,0.04827403158935946
2009-02-20,-0.04901617840929118,False,0.053371582271018535,0.06114592818140902,0.03773659204379275,0.047323208852741626
2009-02-23,-0.049462858732123895,False,0.05496190637219123,0.06296790607934129,0.03886103709993929,0.048733308317306503
2009-02-24,-0.007090749208814676,False,0.05671383712005617,0.06497503097857668,0.040099746786031086,0.05028670023766882
2009-02-25,0.04541586353048262,False,0.0557560782742671,0.0638777606502895,0.03942255953952328,0.04943748011037931
2009-02-26,-0.0032051309489483358,False,0.057260675118353685,0.06560152387138572,0.040486390793529496,0.05077156742168147
2009-02-27,0.006400021845467505,False,0.055962555681586396,0.06411431449002614,0.03956855022135659,0.049620558315187364
2009-03-02,-0.09180754925312286,False,0.054610090573593506,0.0625648432013306,0.038612284323624235,0.0484213623002259
2009-03-03,0.0074026029310604495,False,0.0625555692379103,0.07166769620104475,0.044230166990572944,0.05546641381016853
2009-03-04,0.01720472544963076,False,0.060973775611061175,0.06985549136488334,0.04311175344062859,0.05406387809771385
2009-03-09,-0.026168087136871746,False,0.06018509712260603,0.0689519304030138,0.04255411514125391,0.0533645771731637
2009-03-17,-0.009966859915392147,False,0.060445989468941495,0.06925082550773641,0.042738580124716756,0.05359590370440688
2009-03-18,0.022695424292772624,False,0.05874232174818002,0.06729899384627876,0.04153399500617765,0.05208530536846343
2009-03-19,0.05554779703399748,False,0.05830520782849841,0.066798207937324,0.04122493185005974,0.051697727701972444
2009-03-24,0.006151499598064101,False,0.062396124454922895,0.07148502597028522,0.044117430915060825,0.05532503822329765
2009-03-25,-0.00885472580492566,False,0.059905833628577876,0.06863198812618894,0.04235666076387849,0.0531169614179153
2009-03-26,0.0023174981403624824,False,0.058018214180499086,0.06646940949736063,0.041022011836208266,0.051443257818079624
2009-03-27,-0.007357245190421092,False,0.059450998943235696,0.06811090016475053,0.04203506806908134,0.05271367120443389
2009-03-30,0.0011652749424999856,False,0.05782632046790175,0.0662495636792367,0.0408863326144216,0.05127311060017144
2009-03-31,0.01119486696322299,False,0.05961309004842664,0.06829660219296702,0.04214967523735785,0.052857393217117944
2009-04-01,0.004977992282377951,False,0.05913043079195463,0.0677436366076024,0.04180840906756069,0.0524294316722878
2009-04-02,0.031211407322770304,False,0.05865432356655638,0.06719817745177259,0.041471775537703516,0.052007279644839755
2009-04-03,0.031343673689332704,False,0.06004136981945101,0.06878726713124124,0.04245249217311379,0.05323713787128001
2009-04-06,-0.08965701078989424,False,0.061869690485508576,0.07088190924943169,0.043745213658302265,0.05485826276673976
2009-04-07,0.04452001496822576,False,0.06519784309085777,0.07469485560635383,0.04609839735238486,0.057809250055011696
2009-04-08,-0.04452001496822575,False,0.06620319996023319,0.07584665730148357,0.04680923897303221,0.05870067412521069
2009-04-09,0.002743485945750834,False,0.06730845638817885,0.07711291037642574,0.04759071497862206,0.059680676563772635
2009-04-13,0.002345583561720456,False,0.06655291483873894,0.07624731322988565,0.04705650628534089,0.059010757310498325
2009-04-14,-0.03861176154611489,False,0.06588749546470381,0.07548496586216738,0.046586018838885045,0.05842074707148722
2009-04-15,-0.015954521281826797,False,0.06670879953661331,0.07642590479744318,0.04716672518834593,0.05914897626149355
2009-04-16,-0.036108036787404506,False,0.06663127478152406,0.07633708743611974,0.047111910998254236,0.05908023705571702
2009-04-17,0.026578236055749754,False,0.06682633912989504,0.07656056573915522,0.04724983203082518,0.059253195594791405
2009-04-20,-0.020185714819706792,False,0.06699955990784925,0.0767590186385752,0.0473723084790214,0.05940678600196982
2009-04-21,0.023510738664478614,False,0.06701320613044219,0.07677465263163125,0.04738195709562627,0.059418885756452225
2009-04-22,-0.016736792355523864,False,0.06775803199377789,0.07762797319679483,0.047908589219921145,0.06007930368655168
2009-04-23,0.029108084158070764,False,0.06728490962480328,0.07708593368506673,0.04757406614481115,0.05965979825449993
2009-04-24,-0.00451838928507511,False,0.0673950507849882,0.07721211850447654,0.04765194189539359,0.05975745758751814
2009-04-27,-0.025433932998276145,False,0.0667059177211243,0.0764226032036844,0.04716468758910628,0.059146421029842945
2009-04-28,0.005054770661624054,False,0.06678382951086294,0.07651186397687361,0.04721977543360448,0.059215503409285435
2009-05-06,-0.002559728360112733,False,0.06625670336122406,0.0759079542496954,0.04684706876803241,0.05874811421433089
2009-05-14,0.00346921423401132,False,0.06682693443675033,0.07656124776109781,0.04725025294493309,0.05925372343806392
2009-05-15,0.012048338516174574,False,0.06591081731716433,0.07551168488107086,0.046602508648528294,0.05844142595803807
2009-05-18,-0.017691939342915457,False,0.06551686242072989,0.07506034473376601,0.04632396125349493,0.058092116287062644
2009-05-19,0.006941459542340984,False,0.06524520221802411,0.07474911327804402,0.04613188281384918,0.05785124217461189
2009-05-20,0.020539874854073666,False,0.06531518011793012,0.07482928447514685,0.04618136096961052,0.05791328977806335
2009-05-21,0.008015229580007483,False,0.06503257182426056,0.0745055101800465,0.045981541638187184,0.0576627082750281
2009-05-22,0.016667052485211643,False,0.06437993853899543,0.07375781138058092,0.04552009464725501,0.05708403513196814
2009-05-26,-0.0024824174932553066,False,0.0642413929489421,0.0735990846136615,0.04542213543021774,0.05696119032177633
2009-05-27,0.0385991447089455,False,0.0635901125145597,0.07285293572745306,0.04496164497794688,0.056383716716787886
2009-05-28,0.029067246729418107,False,0.06410663242268752,0.07344469426004208,0.04532685245777274,0.05684170163027255
2009-05-29,0.0019338625249507497,False,0.06426723812224255,0.07362869451172376,0.045440409364016214,0.05698410657199582
2009-06-01,0.02027225667634096,False,0.06367740299628274,0.07295294133529236,0.045023364064358105,0.05646111494111745
2009-06-02,0.011295300812828594,False,0.0636402527746477,0.07291037964445686,0.0449970968506364,0.05642817479539658
2009-06-03,0.023312804173934033,False,0.06347727165932547,0.07272365796321058,0.044881860397114635,0.05628366363362735
2009-06-04,-0.009555383251729235,False,0.0634934931066723,0.07274224229989805,0.04489332983674599,0.05629804677364351
2009-06-05,-0.0003693444178643993,False,0.06317108508157952,0.07237287086460265,0.04466536994504201,0.05601217587272494
2009-06-08,-0.0029596765962964914,False,0.06261337843637688,0.07173392614865456,0.04427104121700742,0.05551767173913064
2009-06-09,0.02524370371955549,False,0.0621257418664546,0.07117525823186531,0.04392625581770357,0.055085296938520746
2009-06-10,-0.0018079918141436508,False,0.062230275417894686,0.07129501861289442,0.04400016668595462,0.05517798414913778
2009-06-11,0.01793448356644032,False,0.061224560167537315,0.07014280633338903,0.04328907167059163,0.05428624231174254
2009-06-12,-0.01865859655970246,False,0.06008290723173801,0.06883485507074891,0.04248186136764263,0.053273968026078096
2009-06-15,-0.05969694648150283,False,0.059103537420656944,0.06771282582628485,0.041789394001149706,0.052405586011872264
2009-06-16,0.008422714418222087,False,0.0613714531020112,0.07031109635664684,0.04339293291109614,0.05441648849747112
2009-06-17,-0.04244359071668093,False,0.06131034276857187,0.07024108441582319,0.04334972460389344,0.05436230353706045
2009-06-18,0.009501259124140215,False,0.06184551412143058,0.07085421124688618,0.04372811966278081,0.05483682620672261
2009-06-19,-0.01308763475536776,False,0.06226136396732774,0.07133063566095652,0.04402214796995012,0.055205549566072175
2009-06-22,-0.020976969260475865,False,0.061072489070114484,0.06996858387256208,0.04318154918913405,0.05415140478215117
2009-06-23,0.00852450869394397,False,0.06057576619042923,0.06939950609306013,0.04283033927794356,0.05371097338444751
2009-06-24,0.0048387191182231275,False,0.06031799278510476,0.06910418424839362,0.04264807955427502,0.0534824123379545
2009-06-25,0.015962030839780022,False,0.05980277197520322,0.06851391404655038,0.0422837906070784,0.05302557930144381
2009-06-26,-0.0003959612009761826,False,0.060125583802034165,0.0688837481031703,0.042512036008426485,0.05331180824297458
2009-06-29,0.0,False,0.05849228882290593,0.06701253999497334,0.04135720822008104,0.05186360760648359
2009-07-08,0.027066891695772224,False,0.05704704438238337,0.06535677471681407,0.04033534232188424,0.050582146544399784
2009-07-09,0.04290829814128962,False,0.057778118645504264,0.06619434056151906,0.04085225132190259,0.051230371284390695
2009-07-10,0.002288330518012216,False,0.058828290241585125,0.0673974848990064,0.041594779375428215,0.05216153141976367
2009-07-16,-0.016114270368783493,False,0.06014900167697618,0.06891057713162396,0.04252859371115173,0.0533325722701893
2009-07-17,0.04252813174213615,False,0.059658040599325245,0.06834810044428369,0.04218145770527853,0.052897249714109515
2009-07-20,0.037659867750273475,False,0.060219866422475045,0.06899176435625717,0.042578698914658694,0.05339540621681112
2009-07-21,0.002437751511939885,False,0.06044605636419084,0.06925090214725015,0.04273862742327203,0.053595963018703396
2009-07-22,-0.043724754178216564,False,0.05938969797081227,0.06804066981560669,0.0419917249698177,0.05265931720934079
2009-07-23,0.04650349858516796,False,0.06016717508739006,0.0689313977631416,0.0425414432941255,0.053348686165636795
2009-07-24,0.00829020292047366,False,0.06163889738992675,0.07061749778837453,0.043582030471222104,0.05465362446674466
2009-07-27,-0.01280959180520918,False,0.06034315724875974,0.06913301428156667,0.04266587218957908,0.053504725020444684
2009-07-28,0.0031309818585089867,False,0.05940772864030343,0.06806132691391363,0.04200447362724759,0.052675304540084567
2009-07-29,-0.026752739447387645,False,0.057996325127449906,0.06644433198590692,0.04100653509315524,0.05142384935790366
2009-07-30,0.03333057171583948,False,0.05828554539678408,0.06677568138693298,0.04121102944858277,0.05168029352964746
2009-07-31,-0.0020725396019724233,False,0.05852198488958721,0.0670465617249521,0.04137820494354272,0.051889938344787875
2009-08-03,0.014759148983541465,False,0.05936843016775694,0.06801630404822895,0.04197668748407311,0.05264045959555083
2009-08-04,0.0034013638234902605,False,0.058551149982186794,0.06707997513676446,0.04139882623964298,0.05191579828203483
2009-08-05,-0.028588135969290815,False,0.05749960510615406,0.06587525748116028,0.04065532720300048,0.05098342049466035
2009-08-06,-0.018336197788604715,False,0.05740486446543749,0.06576671649049413,0.040588340451689006,0.050899416406029324
2009-08-07,0.009562672481059858,False,0.057100261211053306,0.06541774334928539,0.04037296949477156,0.05062933253721596
2009-08-10,0.021618694112804142,False,0.05588401492285295,0.0640243331293754,0.039513017661799266,0.049550918245119334
2009-08-11,-0.02621153030852284,False,0.055321116355933904,0.06337944021292649,0.0391150179646197,0.049051810568117145
2009-08-12,0.01336636150326362,False,0.05555442403133061,0.0636467325388601,0.03927997909547813,0.049258678481338844
2009-08-13,0.012845168805259188,False,0.054568404090433016,0.0625170844766122,0.03858280972793435,0.04838439996811961
2009-08-14,-0.02762896498949628,False,0.0542015155579046,0.06209675330211849,0.038323399714431924,0.04805908934565477
2009-08-17,-0.03536998072074789,False,0.05491708331351857,0.06291655389134446,0.038829344775910074,0.04869356486439155
2009-08-18,0.008049805634364372,False,0.05577750952889461,0.06390231367833421,0.03943771259435982,0.049456482652473044
2009-08-19,0.044198212873735106,False,0.05435646469816262,0.06227427303450859,0.03843295712765908,0.04819647876178165
2009-08-20,0.013850636933898933,False,0.0583202501885635,0.06681544143554685,0.041235567611283185,0.0517110653756315
2009-08-21,0.01400057016186629,False,0.057285125174628804,0.06562953543337086,0.04050367830422043,0.05079324665752825
2009-08-24,-0.01296946506965307,False,8.165897600742624e-08,9.355379154701982e-08,5.7737307630458155e-08,7.240491309921028e-08
2009-08-25,0.029448734916919687,False,1.5527566992598175e-07,1.7789382584540454e-07,1.0978828734304204e-07,1.3767894158248973e-07
2009-08-26,-0.020216321928720395,False,5.186489420503315e-10,5.941976912158001e-10,3.6671282182926667e-10,4.598726730878487e-10
2009-08-27,-0.04953925338012174,False,4.883015645317908e-09,5.594297775193305e-09,3.452555864188411e-09,4.329644342211374e-09
2009-08-28,-0.005738896669018167,False,7.141235278480416e-16,8.181459887158315e-16,5.049239144238198e-16,6.331949591339067e-16
2009-08-31,-0.0028818463748889263,False,5.573318158288118e-06,6.385152872334444e-06,3.940637034172893e-06,4.941717820321473e-06
2009-09-01,0.011477887844686839,False,1.7273659509975473e-05,1.9789818830246883e-05,1.2213410476033195e-05,1.53161094698442e-05
2009-09-02,0.041563516956765224,False,7.46966032947139e-07,8.557724815540893e-07,5.281453398319589e-07,6.623155634315196e-07
2009-09-03,-0.008589642230618305,False,2.220149076859439e-12,2.543546026353887e-12,1.5697653399970832e-12,1.968549066335104e-12
2009-09-09,0.025521868795119338,False,1.5013805015023848e-06,1.7200783715135062e-06,1.0615571260375757e-06,1.331235463082991e-06
2009-09-10,0.009569451016150672,False,2.7068870454112725e-09,3.1011844474354473e-09,1.913915379585453e-09,2.400127100229096e-09
2009-09-11,0.0032786914616982953,False,1.5969809300638165e-06,1.829604390608193e-06,1.1291517938050608e-06,1.4160019034753889e-06
2009-09-14,-0.014507343123961854,False,1.859279161002243e-05,2.1301101674395606e-05,1.314610813634548e-05,1.6485749964253445e-05
2009-09-15,0.012213388324803143,False,8.629055900371959e-08,9.886003185706909e-08,6.101208702823886e-08,7.651161858040444e-08
2009-09-16,0.008494007292004337,False,1.5325012491710811e-07,1.7557323079517962e-07,1.0835611759251713e-07,1.358829429364536e-07
2009-09-17,0.0,False,1.4751013355198296e-06,1.68997126343346e-06,1.0429763359665775e-06,1.3079344027180708e-06
2009-09-18,0.012285961199740979,False,0.010862722656475175,0.012445035937562432,0.007680531772333483,0.00963169670277742
2009-09-21,-0.011635554672747576,False,0.023935743602131274,0.027422332203541934,0.016923863845590515,0.02122320803189701
2009-09-22,0.030101536245791795,False,1.49398687103261e-07,1.7116077514106763e-07,1.056329429857544e-07,1.3246797211691685e-07
2009-09-23,-0.004743091896012737,False,1.0720861846160211e-11,1.228251104041346e-11,7.580228515467805e-12,9.505912372073784e-12
2009-09-24,-0.028614715543554093,False,3.4610025309388404e-06,3.965147803147987e-06,2.4471157686380643e-06,3.0687818993221773e-06
2009-09-25,0.00552936845439084,False,0.0432526143123658,0.04955298561268665,0.030581935023866982,0.03835098030516206
2009-09-28,0.0006485084533378676,False,0.07442489864048746,0.08526596577315687,0.05262242411392356,0.06599064281668149
2009-09-29,-0.009444786053077118,False,0.10655518355353474,0.12207649321386613,0.07534027137311734,0.09447973979936333
2009-09-30,0.027115928615887956,False,0.06777234300047225,0.07764436880940931,0.04791870787480041,0.06009199288799321
2009-10-01,-0.015404669194986467,False,0.20673666764069323,0.23685086508829137,0.14617399288696648,0.18330808426477724
2009-10-02,-0.02987256426694541,False,0.884654790263119,1.013517605606783,0.6254987298338769,0.7844006420797646
2009-10-05,0.07662776334600803,False,0.9352493393213024,1.0714819853655286,0.6612718093680972,0.8292615270303467
2009-10-06,-0.008990914696861155,False,0.029676387969713593,0.033999184777122195,0.0209828095494653,0.026313289697021836
2009-10-07,0.009608008206107493,False,0.0498838657047778,0.05715017505583101,0.03527058800898127,0.04423074030561741
2009-10-08,0.0006167129396820761,False,0.007964477766286334,0.009124619596751548,0.005631316058459989,0.007061897524849089
2009-10-09,-0.0003083089279855335,False,5.724624470207349e-05,6.558499145544541e-05,4.0476187709621985e-05,5.075877234283236e-05
2009-10-12,-0.055472943820171185,False,3.62662306423995e-05,4.1548933719259885e-05,2.564218433264389e-05,3.215633365106185e-05
2009-10-13,0.009085072222470836,False,2.8779511034436117e-18,3.2971664693614797e-18,2.0348669102809824e-18,2.551805199340985e-18
2009-10-14,0.016973986391407014,False,8.90242862383003e-07,1.0199196615694465e-06,6.29449798715975e-07,7.893554418582424e-07
2009-10-15,0.036787190500045454,False,0.06237827824441999,0.07146458020009652,0.044104812680100955,0.055309214447592986
2009-10-16,0.00183486290011044,False,0.06279371457184327,0.07194053086072301,0.04439854860736906,0.05567757115075079
2009-10-19,0.009729477784606231,False,0.06231665589184046,0.07139398165711042,0.04406124234770451,0.055254575492983966
2009-10-20,0.008436326021953109,False,0.06096255707213018,0.06984263868286443,0.043103821327527346,0.054053930907874914
2009-10-21,0.015185642418374185,False,0.06100324231517653,0.06988925032230811,0.04313258799236494,0.05409000546613197
2009-10-22,0.0023612761856796854,False,0.06077853121543098,0.06963180678809107,0.04297370510491841,0.05389075991536698
2009-10-23,-0.007991754832965561,False,0.05904553149623431,0.06764637049672703,0.04174838067883625,0.05235415365106629
2009-10-26,-0.003274299695674007,False,0.05781023634590164,0.06623113667132666,0.04087496027122933,0.05125884922300711
2009-10-27,-0.0020892411718275456,False,0.05657847482417651,0.0648199511988486,0.04000403832995079,0.050166677972520834
2009-10-28,-0.005692899270227361,False,0.05512679028044217,0.0631568077229348,0.03897761893085928,0.04887950663661047
2009-10-29,0.008080247464683023,False,0.05393768308520096,0.061794489798931686,0.038136855902787634,0.047825155880004654
2009-10-30,-0.01743880633405107,False,0.052890859613536435,0.06059518128879651,0.03739669515410543,0.04689696444041092
2009-11-02,-0.014357967747947913,False,0.05218718918655118,0.059789011046862614,0.03689916214671615,0.04627303797687409
2009-11-03,0.007357482607296982,False,0.05563410225075953,0.06373801704787249,0.039336315901198016,0.04932932710854092
2009-11-04,-0.0006110602084425462,False,1.4825692012971269e-06,1.6985269322942457e-06,1.04825652051956e-06,1.3145559671691433e-06
2009-11-05,-0.016641370170309106,False,2.0895846071508927e-05,2.3939629458429386e-05,1.4774492062203825e-05,1.852780910214312e-05
2009-11-06,-0.009993837082334717,False,1.6518399291069308e-09,1.8924543994117685e-09,1.1679400698638158e-09,1.4646439665116083e-09
2009-11-09,-0.007561472700576475,False,0.05604621032417033,0.0642101546459635,0.03962769857307172,0.049694732734495345
2009-11-10,-0.023357324850835606,False,0.05461978225087118,0.06257594661212641,0.0386191368630485,0.04842995566112002
2009-11-11,0.02018975805918808,False,0.05470374209919909,0.06267213643145596,0.03867850101171324,0.04850440069850884
2009-11-12,-0.025382888847285047,False,0.05387772048613261,0.06172579277665519,0.03809445910579111,0.047771988586131756
2009-11-13,0.0,False,0.05673180835069756,0.06499561997990234,0.04011245341698304,0.05030263486551374
2009-11-16,0.006163847576827998,False,0.05485009588666932,0.06283980877312065,0.03878198104615897,0.04863416883646049
2009-11-17,-0.0019423767842064576,False,0.05470655872339716,0.06267536333786569,0.03868049251718826,0.048506898126719
2009-11-18,0.035962507026411905,False,0.0533646899876653,0.06113803193690979,0.037731718827109184,0.047317097642417344
2009-11-19,-0.018297040410871504,False,0.05989362839714486,0.06861800502557838,0.04234803100587266,0.0531061393532205
2009-11-20,0.03257412959954385,False,0.0439231873401075,0.05032123733860464,0.031056066381917432,0.038945560156321314
2009-11-23,-0.0009249268425689124,False,3.153636249077592e-13,3.6130091593911175e-13,2.2297912020228876e-13,2.79624812513222e-13
2009-11-24,-0.011478332940851037,False,0.04394118520830835,0.05034185685763706,0.03106879184706299,0.038961518403004866
2009-11-30,-0.005584873343528051,False,0.06364973140083524,0.07292123897017778,0.04500379875142995,0.056436579249370455
2009-12-01,0.03094135632250503,False,0.054116614008790066,0.061999484609609315,0.038263369732436034,0.047983809326406585
2009-12-02,0.0006031363270895348,False,0.06797861484780589,0.07788068714636366,0.04806455321461857,0.06027488882805064
2009-12-03,0.018223058420693054,False,0.05387753677471994,0.06172558230500778,0.03809432921189741,0.04777182569394867
2009-12-04,-0.005045269642639694,False,0.0533884907290866,0.06116529960190464,0.037748547237119484,0.047338201147488844
2009-12-07,0.005341258989184212,False,0.052438683997382614,0.060077139728583306,0.03707698256487959,0.04649603195516616
2009-12-08,-0.0032607113520726526,False,0.051547757186929444,0.05905643649197638,0.03644704917792799,0.04570607007415075
2009-12-09,0.014443876753074451,False,0.05073696502980167,0.05812754068450272,0.03587377532011973,0.04498716152853026
2009-12-10,0.0017543864148935955,False,0.050090931958318936,0.05738740351579172,0.035416995036905596,0.04441434062522051
2009-12-11,-0.004098366392282248,False,0.04929730002381514,0.05647816756653276,0.034855854383566594,0.043710647607501554
2009-12-14,-0.0023494871307076426,False,0.04815868491418009,0.055173696633546813,0.03405079198783305,0.042701066884139605
2009-12-15,-0.013617735601413328,False,0.0471112283201344,0.053973662777562756,0.03331018358742318,0.041772314071219493
2009-12-16,0.04173960617276513,False,0.04651939145144758,0.053295616275510944,0.032891722947513725,0.041247547546566024
2009-12-17,-0.021381918316914696,False,0.048158207382424795,0.05517314954235762,0.03405045434708359,0.04270064346901815
2009-12-18,-0.05184681695772736,False,0.04846680869487443,0.05552670311684065,0.03426865214704679,0.042974272313055895
2009-12-21,0.0,False,0.05096608155572696,0.05839003135918914,0.036035773081876714,0.04519031325734578
2009-12-22,0.004297121406626183,False,0.05041378409251262,0.057757283751127014,0.03564526893773672,0.044700605306252784
2009-12-23,-0.004297121406626094,False,0.049303093460077725,0.05648480490090739,0.034859950655992296,0.043715784498381746
2009-12-29,0.002164837709542107,False,0.049773995001594365,0.05702430008941197,0.035192903486110205,0.04413332077986409
2009-12-30,0.0030845181766017086,False,0.04875582524353272,0.05585781912231638,0.034473002460950544,0.04323053585091772
2010-01-05,0.019766494254315686,False,0.047594926890476445,0.05452781906795335,0.03365218460827496,0.042201197148918665
2010-01-06,-0.008770659579786138,False,0.04722952751379069,0.05410919396647325,0.03339382750840435,0.041877206922626434
2010-01-07,0.005150746124651794,False,0.046887723675438475,0.053717601436090966,0.03315215372887497,0.04157413825310726
2010-01-08,-0.003936416892249848,False,0.046456498827036466,0.05322356242715669,0.032847254464306426,0.04119178227460555
2010-01-11,0.01415899539073619,False,0.0453128918241876,0.05191337245922831,0.0320386625303857,0.04017777536796261
2010-01-12,-0.00029917726475958884,False,0.044952093078944926,0.051500018137961893,0.031783558325492595,0.03985786440320566
2010-01-13,0.013965462451712376,False,0.04372318179662202,0.05009209808364034,0.030914651657454464,0.038768220386666226
2010-01-14,0.0008848253047424643,False,0.043152867789000314,0.04943870955987861,0.030511408843081927,0.03826253762917786
2010-01-15,0.0023557136924589835,False,0.04202365025677452,0.04814500509790392,0.02971299104227705,0.03726128949592331
2010-01-19,0.01778213303109139,False,0.041059872061357555,0.04704083861431488,0.029031547790389387,0.036406732166184896
2010-01-20,-0.01133238918320542,False,0.040921435861064455,0.04688223717136261,0.02893366591782234,0.0362839843490791
2010-01-21,0.002626588406310868,False,0.04053183098278393,0.04643588068551783,0.028658194220631768,0.03593853172728324
2010-01-22,-0.0017502921621241057,False,0.03920551831721505,0.04491637132221747,0.02772041951256833,0.034762524410167694
2010-01-25,-0.005562889473692082,False,0.041855834097385664,0.04795274407821811,0.029594335951388877,0.037112491224976486
2010-01-26,-0.01270514948236404,False,0.04230989325763364,0.048472943548071745,0.029915380308046993,0.0375150938003096
2010-01-27,-0.02865525576037606,False,0.042315537559699544,0.04847941002468852,0.029919371134538728,0.03752009845773453
2010-01-28,-0.002450981619140185,False,0.0435247902462013,0.04986480792326578,0.030774378113283606,0.038592311703136775
2010-01-29,-0.02358892739647967,False,0.04258313919773961,0.04878599172687108,0.0301085799497035,0.03775737394531516
2010-02-01,-0.010101095986503933,False,0.04336503825575169,0.049681785735816546,0.030661424825498954,0.038450663723313
2010-02-02,-0.006365393867076071,False,0.04295591373508349,0.049213066288246114,0.030372151686599493,0.03808790353681442
2010-02-03,0.0038240964384034758,False,0.0422342943220395,0.04838633252981568,0.029861927776379964,0.0374480621691318
2010-02-04,-0.01732478365730602,False,0.0414322473919227,0.04746745581864739,0.02929483726652583,0.036736907791304264
2010-02-05,-0.038935964054141355,False,0.04157282270708286,0.04762850796960694,0.029394231608868702,0.03686155230652742
2010-02-08,0.015690523869189087,False,0.04352028567520826,0.049859647196101475,0.030771193138233902,0.038588317615931095
2010-02-09,-0.005313861723508539,False,0.04446802646391611,0.05094544019183189,0.031441297077163796,0.039428654989751795
2010-02-10,0.0029925209364539294,False,0.04398343391758147,0.05039025970486489,0.031098663966988547,0.03899897924654026
2010-02-11,0.02524310399879749,False,0.04328578730786379,0.0495909907366491,0.030605390123841742,0.038380393946793497
2010-02-12,0.001294079766487952,False,0.0439498614763695,0.05035179695012027,0.0310749264373141,0.03896921142667119
2010-02-16,0.01921288685999123,False,0.04310835092199156,0.049387708164807434,0.030479933013100976,0.038223065668533576
2010-02-17,-0.02374951162056048,False,0.04322534887964638,0.04952174857379897,0.030562656889930352,0.03832680474745628
2010-02-18,-0.0026016274836779575,False,0.04392162912344448,0.05031945214505943,0.03105496463855465,0.038944178525696094
2010-02-19,0.008753500535991622,False,0.04323557806359187,0.04953346778691334,0.030569889475607348,0.038335874701683745
2010-02-22,-0.007777096878272744,False,0.04271657837485352,0.0489388682576616,0.030202928656920706,0.037875691030531664
2010-02-23,-0.047635983387648746,False,0.04224085217913172,0.04839384563401313,0.029866564535629747,0.03745387685229457
2010-02-24,0.008154989129306164,False,0.04455318414769702,0.05104300232874066,0.03150150816020638,0.039504162117018814
2010-02-25,-0.012942959972477111,False,0.044478750888959216,0.050957726785100625,0.031448879825052005,0.039438164061518934
2010-02-26,0.0,False,0.044779620904437774,0.051302422886950715,0.03166161118037645,0.039704937763443644
2010-03-01,-0.021483847777610872,False,0.04407989285477923,0.05050076928684428,0.0311668656467425,0.039084506904452726
2010-03-02,-0.012689630975998003,False,0.044370868675726205,0.050834129961066066,0.03137260127200325,0.03934250767864467
2010-03-03,-0.002130682624255694,False,0.044379714065967454,0.05084426381083057,0.03137885544077245,0.039350350658596905
2010-03-04,-0.000355555559301344,False,0.043654143781215356,0.05001300367886127,0.030865838050811042,0.03870700615461895
2010-03-05,0.015175869159555036,False,0.04325638147655611,0.049557301519040295,0.03058459861246905,0.0383543205527278
2010-03-08,-0.009855764396520243,False,0.043197785804206856,0.04949017053620724,0.030543168306510587,0.03830236527760836
2010-03-09,-0.014250330211642175,False,0.042927173945785116,0.04918014013133618,0.03035183110291003,0.03806242070506241
2010-03-10,0.01813383023803986,False,0.042838996797175295,0.0490791187007037,0.030289485095108034,0.037984236296016556
2010-03-11,0.0021119332031435513,False,0.04324462162224487,0.04954382867119616,0.030576283760149627,0.0383438933924682
2010-03-12,0.02294156924240675,False,0.04275729909524943,0.04898552054224592,0.03023172040616109,0.037911797045641814
2010-03-17,0.024391453124159267,False,0.04322653785311177,0.049523110738513426,0.030563497558404193,0.03832785897963807
2010-03-18,-0.004139364309876556,False,0.04367553935613207,0.05003751582992725,0.030880965878164454,0.03872597706043109
2010-03-19,-0.020604884725509403,False,0.04309861630090563,0.04937655555481414,0.03047305011008425,0.03821443423046954
2010-03-22,0.013667638728663835,False,0.04366227613060284,0.05002232062301835,0.03087158806117489,0.038714216899591314
2010-03-23,0.007628331027805988,False,0.04366897620605054,0.05002999666173976,0.030876325376485287,0.038720157684110884
2010-03-24,-0.02164889017657906,False,0.04324434762954766,0.04954351476748424,0.030576090032510352,0.03834365045019288
2010-03-25,-0.004599335898357285,False,0.04360721351046766,0.049959237332754085,0.030832655814003497,0.03866539429097154
2010-03-26,0.011984634104622418,False,0.043053468635627146,0.04932483147654607,0.03044112827164797,0.038174402957228695
2010-03-29,0.024572961629175237,False,0.04303465843781231,0.0493032813002964,0.03042782844557954,0.03815772443877607
2010-03-30,0.014930715097803013,False,0.04352523553998073,0.04986531808054983,0.03077469296004248,0.03859270653367445
2010-03-31,0.0,False,0.043486083252881336,0.049820462694345216,0.030747010177876705,0.038557991208015584
2010-04-06,-0.013638124784488071,False,0.04271097761185341,0.048932451662207735,0.030198968614900668,0.037870724978076205
2010-04-07,-0.02011163486932401,False,0.04266628009430383,0.048881243302221405,0.030167365055227775,0.037831092839245156
2010-04-08,0.0020993709599996433,False,0.04359765259904668,0.04994828373576069,0.030825895733104486,0.038656916876798196
2010-04-13,-0.017626169134603745,False,0.042934682810897296,0.04918874277168028,0.030357140276207745,0.03806907862256889
2010-04-14,0.0076415793869668595,False,0.04313463559752618,0.04941782158498579,0.030498517698722933,0.038246371614076555
2010-04-15,-0.004856062265540501,False,0.04276698480417106,0.04899661711530798,0.030238568725635195,0.03792038511454817
2010-04-16,0.030476592590888488,False,0.04223790220848119,0.04839046595730394,0.029864478747008854,0.037451261189215754
2010-04-19,-0.007787410270442997,False,0.04316899404742248,0.0494571848419924,0.030522810979001,0.03827683636762354
2010-04-20,0.029802975896420246,False,0.042804955274791334,0.04904011853630337,0.030265415899703076,0.03795405255394084
2010-04-21,0.01376168507268153,False,0.043945735925215515,0.05034707045253793,0.031072009449767003,0.03896555340660536
2010-04-22,0.01678000004001714,False,0.04388078289445873,0.050272656069736764,0.031026084147960695,0.03890796122534843
2010-04-23,0.01807564672723034,False,0.044148437685919376,0.0505792986679074,0.031215330545465412,0.03914528384269955
2010-04-26,0.011560822401076006,False,0.04433487568560128,0.05079289406931309,0.03134715228347817,0.0393105936203305
2010-04-27,-0.0074836644871729965,False,0.04417525931826701,0.05061002726045517,0.03123429488856305,0.03916906589403379
2010-04-30,0.00964687736437569,False,0.043849546279652166,0.05023686938842959,0.03100399817374695,0.03888026452265677
2010-05-03,-0.0027911322198211725,False,0.0435391782909899,0.04988129179569151,0.030784551238257456,0.038605069212274426
2010-05-04,-0.01912583773636878,False,0.043014034342686434,0.049279653006254656,0.030413246096117133,0.038139437584245796
2010-05-05,0.00976539497680506,False,0.04330205038687653,0.049609622769259114,0.03061688899931003,0.03839481400053671
2010-05-06,0.0,False,0.043010348233309334,0.04927542996152466,0.030410639817646953,0.03813616920589755
2010-05-11,-0.035243009105213975,False,0.04230374290460563,0.0484658973068224,0.029911031676185855,0.03750964044051629
2010-05-12,0.0013527225600110963,False,0.0436207986530641,0.04997480134862525,0.03084226124375102,0.0386774398873925
2010-05-13,-0.02014063642564431,False,0.042842766750847194,0.04908343780286744,0.030292150656024294,0.037987579016943857
2010-05-14,-0.030814763044009912,False,0.04328802018762146,0.04959354886776477,0.03060696889046084,0.038382373783826966
2010-05-17,0.0007109847437789285,False,0.04437101338758803,0.050834295752311784,0.03137270359110756,0.039342635990929395
2010-05-18,0.012361096823573926,False,0.043571787072613576,0.0499186505198365,0.030807607408541656,0.03863398257997963
2010-05-19,-0.006691343860625033,False,0.043465636629142795,0.049797037722975245,0.030732553310272966,0.03853986171279847
2010-05-20,0.003175165835687813,False,0.04309223262573287,0.04936924200466183,0.030468536506861633,0.038208773989933394
2010-05-21,0.01953323353412434,False,0.042404914516723596,0.04858180603325193,0.029982565471708748,0.037599346706032544
2010-05-24,0.006884708777497233,False,0.042825891567845165,0.04906410450443438,0.030280218989966908,0.03797261622634158
2010-05-25,0.0023984935260520585,False,0.0423626710717023,0.04853340921709064,0.029952697073893635,0.037561890530173815
2010-05-26,-0.00617921636595812,False,0.0416575685190887,0.04772559823963625,0.02945415147631511,0.03693669423768815
2010-05-27,0.023482447053410925,False,0.04128140913252836,0.04729464577660854,0.02918818646815797,0.03660316338747424
2010-05-28,-0.0026945115662718594,False,0.042066322080648214,0.04819389269251749,0.029743162327083808,0.03729912550428911
2010-06-01,0.008396354952906358,False,0.04141878017362841,0.047452026904465226,0.029285315215630735,0.03672496675532804
2010-06-02,0.017241806434505954,False,0.04101940017540746,0.04699447141052645,0.02900293198054537,0.03637084678617583
2010-06-03,0.0019704439872987385,False,0.0414622144974286,0.04750178806819105,0.029316025629079277,0.03676347885276103
2010-06-04,-0.04324454595242218,False,0.040778629351429806,0.046718628820056535,0.028832694000446624,0.0361573614911197
2010-06-07,0.0027369158377711735,False,0.04292750999946072,0.04918052513610911,0.030352068711013844,0.03806271867521056
2010-06-08,0.011886708135858268,False,0.04224865236361024,0.048402782028619216,0.029872079687457878,0.037460793075188105
2010-06-09,0.003370411009905794,False,0.042113477294451744,0.048247916747902776,0.02977650361078429,0.037340936819156796
2010-06-10,-0.01799403498353508,False,0.04229351279262809,0.04845417703049463,0.02990379843434006,0.03750056966342667
2010-06-11,0.0,False,0.042568670201808934,0.04876941511159403,0.03009834958789885,0.03774454465888255
2010-06-14,0.011580510889807969,False,0.04193502354119736,0.04804346861434761,0.029650327166341472,0.037182706467414006
2010-06-15,-0.006795812766471579,False,0.041913891509738316,0.048019258395670554,0.029635385678450463,0.03716396923880532
2010-06-16,-0.007529125231827776,False,0.04163957618292087,0.04770498505845778,0.029441429922615756,0.03692074089611594
2010-06-17,0.001030043009526921,False,0.04133863085498996,0.047360202673803115,0.02922864531731877,0.03665390041657736
2010-06-18,0.006158076251392067,False,0.04068517357258455,0.04661155985004939,0.028766615715892306,0.036074496656452966
2010-06-21,0.009166589393667619,False,0.04027849387305504,0.046145641347315185,0.028479071197618378,0.03571390422995757
2010-06-22,0.024371094362052714,False,0.04007018491384342,0.045906989163559064,0.02833178550964835,0.03552920203520885
2010-06-23,0.002635047638005032,False,0.04069498084049728,0.046622795688934626,0.028773549984140296,0.03608319250858926
2010-06-24,0.014369940282952826,False,0.04029190629487274,0.0461610074831183,0.028488554504444166,0.03572579667930781
2010-06-25,0.0025906750240924626,False,0.040327481739226824,0.046201765007496176,0.02851370826555152,0.03575734051052961
2010-06-28,0.003551254741067667,False,0.039686989976740646,0.04546797631989659,0.028060845987164934,0.03518943294334
2010-06-29,-0.05124241113915296,False,0.03908637633048294,0.04477987457518234,0.027636179691351,0.03465688427582384
2010-06-30,-0.018487346117798023,False,0.0419019252481438,0.0480055490743253,0.029626924885030687,0.03715335906251809
2010-07-01,0.025585567572330714,False,0.04222382374820749,0.04837433676487285,0.029854524515012214,0.03743877818070245
2010-07-13,0.021376899520557168,False,0.04282917076729008,0.04906786136689226,0.030282537561131893,0.03797552380812197
2010-07-16,0.031453170464025036,False,0.04316680939599822,0.04945468196436717,0.030521266312419134,0.038274899293412476
2010-07-19,-0.05989424090020513,False,0.0440178638373081,0.05042970484232035,0.03112300778029779,0.039029507370547015
2010-07-20,-0.0013427326622951121,False,0.04685820728465846,0.05368378555441738,0.03313128404598241,0.041547966828801935
2010-07-21,-0.014208628753579578,False,0.04637504454243813,0.05313024314329461,0.03278966188456057,0.041119558856112466
2010-07-22,-0.006494639133648106,False,0.046540242264174476,0.05331950431186423,0.032906465598568385,0.04126603542576012
2010-07-23,0.01700142956932854,False,0.046051328231793975,0.05275937285166103,0.032560776964292173,0.04083252793205514
2010-07-26,0.002357300300220344,False,0.046240520940896424,0.052976124225912594,0.032694546430687324,0.04100028023965597
2010-07-27,0.0023517565013524023,False,0.04571396737933543,0.05237287049257975,0.032322244615820145,0.0405333987438185
2010-07-28,0.010016778243471209,False,0.04508415878720522,0.051651321134217554,0.031876935916029185,0.03997496366892634
2010-07-29,0.01188917571218561,False,0.04480703449410263,0.051333829663994156,0.031680994069277615,0.039729244688101156
2010-07-30,0.014665408677009141,False,0.044644628064143405,0.0511477663793784,0.03156616394935464,0.039585243085057766
2010-08-02,-0.0029159262520552804,False,0.044603063499052166,0.05110014733186629,0.03153677555632629,0.03954838885456676
2010-08-03,-0.0078176293910534,False,0.04399249990321921,0.0504006462829484,0.031105074108620644,0.03900701782275506
2010-08-04,0.019430663128714238,False,0.04375852060344991,0.05013258450080036,0.030939638103046552,0.03879955439748178
2010-08-05,-0.0016048791761136421,False,0.044429039398808094,0.050900774094600726,0.03141373111587198,0.03939408616218186
2010-08-10,-0.03582674478955595,False,0.04385343989552524,0.050241330165989674,0.031006751170520236,0.03888371689167626
2010-08-11,-0.018056046093446528,False,0.04524380705516761,0.05183422449049327,0.031989815866411815,0.04011651968068927
2010-08-12,0.007678920804155527,False,0.045411291656683644,0.052026105656087875,0.03210823652797162,0.040265023967800614
2010-08-13,-0.007678920804155532,False,0.04506635445903854,0.05163092334713547,0.031864347294143704,0.03995917702921166
2010-08-16,-0.005621940316793769,False,0.0446771243830713,0.051184996259003024,0.03158914060243717,0.03961405673498408
2010-08-17,0.0,False,0.04421660634978575,0.05065739708747138,0.031263529473603474,0.03920572724310278
2010-08-18,0.00035229875298326013,False,0.04347672113474353,0.049809736847763186,0.030740390654568628,0.038549690058731885
2010-08-19,0.0035161780249370815,False,0.042747444410901336,0.04897423038003302,0.03022475261193164,0.0379030591505722
2010-08-20,-0.02092645968249697,False,0.042243294918018856,0.048396644193287625,0.029868291683990935,0.03745604276601888
2010-08-23,0.002863280410015155,False,0.042736431573674905,0.04896161336315873,0.030216965941048474,0.03789329435114241
2010-08-24,-0.007533667918626946,False,0.042142769629369914,0.048281475936724966,0.029797214874078003,0.03736690957889396
2010-08-25,-0.021107042674328877,False,0.04186285245014697,0.04796078475596521,0.029599298305954792,0.03711871421780137
2010-08-26,-0.0033155307587241,False,0.04231316397661556,0.04847669069476406,0.029917692883066487,0.03751799386268164
2010-08-27,-0.01299925454363971,False,0.04177048119279063,0.04785495828374904,0.029533986836683977,0.03703681100043624
2010-08-30,-0.001122124673570591,False,0.04171063384611419,0.047786393302048806,0.029491671529354998,0.036983745897894035
2010-08-31,0.009683502111164742,False,0.04142377966138258,0.04745775464020309,0.02928885012356824,0.03672939967249257
2010-09-01,0.0033302528465999994,False,0.04122824818461178,0.04723374116473368,0.029150598805982197,0.036556026942684366
2010-09-02,-0.00592813888739541,False,0.040644352038158485,0.046564792066407595,0.028737752685686166,0.036038301252136036
2010-09-08,0.00560434868704826,False,0.04029959940044127,0.046169821201216384,0.028493993945698036,0.035732617958086785
2010-09-09,-0.01577201300930176,False,0.039799757810296335,0.04559717042579278,0.028140578937725483,0.03528942128005688
2010-09-10,-0.01794968948228157,False,0.040119067942272935,0.04596299271485839,0.028366348451633893,0.0355725453588521
2010-09-13,-0.012798313143309509,False,0.0405213606023223,0.046423885142112584,0.028650791095987324,0.03592924791031044
2010-09-16,0.03114823558703897,False,0.04054528290061459,0.04645129207050168,0.028667705453272477,0.035950459196732024
2010-09-17,0.002552417064838131,False,0.04169236071152691,0.047765458420083916,0.029478751436003075,0.03696754357958769
2010-09-20,-0.010985097649329584,False,0.04110464369857847,0.04709213189057887,0.029063203756674195,0.03644643002502156
2010-09-21,0.022930941063916892,False,0.041103319755952,0.04709061509648528,0.02906226765771182,0.03644525611915715
2010-09-22,-0.0061360957732662915,False,0.04167132605900785,0.047741359765003384,0.029463878800283484,0.03694889269437972
2010-09-23,0.006495872715445235,False,0.04133387011169324,0.04735474845911949,0.029225279214610756,0.036649679187980816
2010-09-24,0.0050233331322244775,False,0.04090815074027319,0.046867016879828825,0.02892427261969963,0.03627220477427379
2010-09-27,0.015977616656064113,False,0.04046584579748116,0.046360283799874225,0.028611539129799714,0.035880024361145714
2010-09-28,-0.007779388596598623,False,0.04058612429330166,0.04649808260504853,0.028696582524341985,0.035986672208858074
2010-09-29,0.016895861272467266,False,0.04028071220187369,0.04614818280793628,0.028480639675937485,0.035715871165047784
2010-09-30,-0.01796139147450558,False,0.0404056099267367,0.04629127369993411,0.02856894911496479,0.035826614764308366
2010-10-01,-0.011077476148443625,False,0.04098274544581951,0.046952477387349235,0.028977015106469727,0.036338345980505074
2010-10-04,-0.01703248278344966,False,0.040781870905358335,0.04672234255338195,0.028834985954197735,0.036160235693589254
2010-10-05,-0.008073438347626636,False,0.040959262809137115,0.04692557416366738,0.028960411613695308,0.03631752453072135
2010-10-06,0.010993148450961344,False,0.04147834618188847,0.04752026956672372,0.029327431601500142,0.03677778240233474
2010-10-07,-0.0014587894636599842,False,0.04133968145495463,0.047361406308907304,0.029229388148252034,0.03665483195653614
2010-10-08,0.022732351782672456,False,0.040498937794273326,0.046398196126493256,0.028634936959313545,0.03590936618330864
2010-10-11,0.017680800048711712,False,0.041371913359354244,0.047398333258188305,0.029252177845978184,0.03668341115690309
2010-10-12,-0.0010520779508037803,False,0.041712935848032956,0.04778903062397198,0.02949329916907629,0.03698578702376937
2010-10-13,0.0059471926206736,False,0.04088566160504347,0.04684125187551182,0.028908371586125768,0.03625226423666729
2010-10-14,0.00452410724662175,False,0.04049295044311977,0.04639133663070816,0.02863070357858375,0.035904057353083677
2010-10-15,-0.026386755173194887,False,0.0398540710019532,0.045659395122439196,0.028178981298475132,0.03533757938972627
2010-10-18,-0.00392927813988955,False,0.040828991506454346,0.04677632695421628,0.02886830276484406,0.03620201631825969
2010-10-19,-0.01587334915629012,False,0.04014473766039314,0.04599240160014578,0.028384498329141035,0.03559530603747738
2010-10-20,0.00977029664618248,False,0.040311624385998855,0.0461835978005226,0.02850249626013224,0.035743280203401215
2010-10-21,0.014301280569573147,False,0.03995629844929494,0.04577651348182352,0.028251261626542314,0.03542822183717088
2010-10-22,0.010242010773425052,False,0.040000837858112454,0.04582754070224522,0.028282753394799874,0.03546771378505703
2010-10-25,0.029087923361315254,False,0.039748167025435335,0.04553806469402124,0.028104101465657432,0.035243677058451155
2010-10-26,-0.014092001544877705,False,0.040725880592158745,0.046658196438088384,0.02879539777791156,0.036110590523397
2010-10-27,-0.0020790028278331015,False,0.04073415027172005,0.04666767071655312,0.028801244888127506,0.036117923035501244
2010-10-28,-0.013268351077970836,False,0.04004001204179051,0.0458724211745831,0.028310451659029713,0.035502448525848836
2010-10-29,-0.01701565335847158,False,0.04002364763314555,0.04585367305220864,0.028298881138037156,0.035487938625727744
2010-11-01,-0.013679118984673588,False,0.04020722551534036,0.04606399171848649,0.028428680618469853,0.03565071241076815
2010-11-02,0.01653524373951066,False,0.04019943139739643,0.04605506227409383,0.028423169756009416,0.035643801566914754
2010-11-03,-0.014724633069236204,False,0.0404026659263254,0.04628790086311617,0.028566867547625566,0.03582400439488707
2010-11-04,-0.002898552754011304,False,0.04055507645589188,0.04646251219930702,0.02867463002594639,0.035959142890227266
2010-11-05,-0.008014614849654352,False,0.03987075442080686,0.04567850872349128,0.028190777376919645,0.03535237214799191
2010-11-08,0.021708522533012156,False,0.03951898377997412,0.04527549758112972,0.027942056529584054,0.03504046617113969
2010-11-09,0.022297862413865888,False,0.040161684261773606,0.04601181672008109,0.028396480491850323,0.03561033215291836
2010-11-10,-0.010909838986300328,False,0.04090579604810547,0.046864319192556875,0.028922607725125764,0.03627011692931033
2010-11-11,0.0028268570061530693,False,0.04084853765531188,0.04679872028346399,0.028882122948059138,0.03621934738556729
2010-11-12,-0.0355577053945442,False,0.04008669261548517,0.045925901451635914,0.028343457346530987,0.03554383898954355
2010-11-15,0.009461497074072957,False,0.04224819415637789,0.048402257076850336,0.02987175571019015,0.03746038679462396
2010-11-16,-0.013491544660751432,False,0.04205140891092076,0.048176807203080776,0.029732617910408522,0.03728590238037862
2010-11-17,0.02178735418490723,False,0.04204559705824899,0.04817014876967957,0.029728508616586595,0.03728074916014223
2010-11-18,0.03944173205129662,False,0.04276117220556023,0.048989957827310845,0.030234458904394045,0.0379152312329068
2010-11-19,-0.024468190261134184,False,0.04527890839969011,0.05187443885551518,0.03201463441332519,0.04014764313978807
2010-11-22,-0.005321992337940869,False,0.046665561581821245,0.05346307820775627,0.03299507312647018,0.041377152840495285
2010-11-23,-0.012889544725996958,False,0.04595547345468802,0.05264955543446318,0.03249300245836263,0.04074753596735221
2010-11-29,-0.01278089335030287,False,0.04609769929471632,0.05281249853320345,0.032593563810956225,0.04087364396051115
2010-11-30,0.018569621526547633,False,0.044145635467243656,0.05057608826539348,0.031213349225472944,0.03914279918749543
2010-12-01,-0.016733748053315938,False,0.0453273293907779,0.051929913067025206,0.03204887066994875,0.04019057678680773
2010-12-02,0.03955927539554016,False,0.0453612133268394,0.05196873269036706,0.03207282844331019,0.04022062080114571
2010-12-08,-0.01742605332586102,False,0.047136044082505976,0.05400209331604733,0.03332772967208142,0.04179431756925308
2010-12-16,0.017806618649464815,False,0.047251507546796696,0.054134375710435535,0.033409368579202,0.041896696052389375
2010-12-17,-0.017467693040390832,False,0.04746930481204083,0.0543838983097675,0.033563363012138914,0.04208981128398147
2010-12-20,0.0023692683278056987,False,0.047457965430286964,0.05437090718241395,0.03355534545663341,0.042079756945920546
2010-12-21,0.0057306747089850745,False,0.04644098580787464,0.05320578971150571,0.032836285921674424,0.04117802727963456
2010-12-22,-0.0016820861829848262,False,0.0457260935782053,0.05238676304838679,0.032330818493534134,0.040544150732372906
2010-12-23,0.016694878572170054,False,0.04482740373774614,0.05135716598373471,0.031695396224973735,0.03974730557237884
2010-12-27,0.006600684031352093,False,0.04489868866443092,0.051438834595044586,0.03174579851927926,0.03981051208284778
2010-12-28,0.008190053970044403,False,0.04430646227866705,0.05076034183709769,0.03132706246975284,0.03928540018342361
2010-12-29,0.0,False,0.043841545324975,0.050227702978530256,0.03099834106654185,0.038873170281993524
2010-12-30,-0.021435280720065033,False,0.0430784691583964,0.04935347368846297,0.030458804991888983,0.03819657027755338
2010-12-31,0.01159913584335194,False,0.043620317218896885,0.04997424978658119,0.030841920843785512,0.0386770130121028
2011-01-04,-0.034526640487056566,False,0.04343492395696442,0.04976185130414767,0.030710837791803138,0.0385126295765552
2011-01-05,-0.02766428147235551,False,0.04483901607906281,0.05137046983117474,0.03170360677763667,0.039757601936661384
2011-01-06,-0.007743790896903289,False,0.04575772220866941,0.05242299884812408,0.032353181643996254,0.04057219502526231
2011-01-07,0.007042282625412951,False,0.04529905028266952,0.051897514696209644,0.03202887581274873,0.040165502429214454
2011-01-10,0.010818461821832175,False,0.044773445619365936,0.051295348081943345,0.03165724492021338,0.03969946229704852
2011-01-11,0.018229223618398495,False,0.04456344225007523,0.05105475467267737,0.031508761192777616,0.03951325771247656
2011-01-12,0.008484693697282551,False,0.044784861246549415,0.05130842656098041,0.031665316385356745,0.03970958423997024
2011-01-13,-0.0023684666798465532,False,0.04437141760172488,0.05083475884610682,0.03137298939233982,0.03934299439720489
2011-01-19,0.02086125195771702,False,0.043711039212432246,0.05007818675575363,0.030906066194434083,0.03875745386967022
2011-01-20,0.024849956623423663,False,0.04414359623543073,0.050573751989857474,0.03121190737841253,0.039140991053112376
2011-01-21,0.0018861998676122948,False,0.04480528220962807,0.0513318221338428,0.03167975510948764,0.03972769098254043
2011-01-24,0.03941396854087663,False,0.0439804917515608,0.050386888969643204,0.031096583696662607,0.038996370503625935
2011-01-25,0.006920442844573757,False,0.04571190204917365,0.052370504317091414,0.032320784315817135,0.04053156746870097
2011-01-26,0.005084503252249644,False,0.0451673649810075,0.05174664751829678,0.03193576719022842,0.04004874046023734
2011-01-27,0.001788376035512424,False,0.044504414037504256,0.05098712814385884,0.03146702505751458,0.03946091891507093
2011-01-28,-0.02441718893867155,False,0.043770110155623446,0.05014586223952767,0.030947832542554118,0.038809830555217424
2011-01-31,0.022628812903159157,False,0.04448918764469507,0.050969683805850555,0.031456259175198766,0.039447418064312484
2011-02-01,-0.011703059302077832,False,0.04497605134422712,0.05152746627245521,0.031800498113382716,0.03987910758063183
2011-02-02,0.011703059302077854,False,0.0448417297027221,0.0513735787335217,0.031705525456166214,0.03976000803694383
2011-02-03,0.001788376035512424,False,0.04463387791038974,0.05113545030963884,0.03155856300987808,0.03957571120030493
2011-02-04,-0.032382917333580785,False,0.04377093944458979,0.0501468123264732,0.030948418894655324,0.03881056586440789
2011-02-07,-0.008650038488467446,False,0.04511205790095976,0.05168328415898415,0.03189666209669201,0.039999701095302584
2011-02-08,0.0049520373558914815,False,0.04477739727903113,0.05129987535821666,0.03166003895708348,0.039702966132005135
2011-02-09,0.01013677855130829,False,0.04411410839245461,0.05053996881438992,0.031191057880359602,0.03911484494141027
2011-02-10,0.03749127043794621,False,0.04381304264818964,0.050195048473013704,0.030978188134208995,0.03884789769180636
2011-02-11,-0.006793705054670266,False,0.04553370924508974,0.05216635514374237,0.03219479237653552,0.04037356849387391
2011-02-14,0.00767644749833912,False,0.044998100948138955,0.051552727721335914,0.031816088374569326,0.03989865839712705
2011-02-15,0.0029368596733097057,False,0.044524195093924954,0.051009790598367126,0.031481011333067604,0.03947845826887107
2011-02-16,0.015422974124859561,False,0.043761385808189696,0.05013586706421313,0.03094166395758911,0.0388020949008084
2011-02-17,0.005471575925712459,False,0.04385967898124848,0.05024847806513971,0.031011162541190653,0.03888924892846752
2011-02-23,0.007677580899034332,False,0.04362673677903948,0.04998160444887024,0.030846459819620472,0.03868270507091844
2011-02-24,0.0062627842549613285,False,0.043273650457173074,0.04957708597742883,0.03059680871471495,0.03836963251354359
2011-02-25,0.003793014571872694,False,0.04272476397726915,0.048948246211923584,0.030208716320052422,0.037882948993593984
2011-02-28,0.01582863362689871,False,0.04202408255005551,0.048145500360978165,0.02971329669698118,0.037261672799253506
2011-03-03,0.019532393542339616,False,0.042132854645990626,0.04827011669205143,0.029790204445175873,0.03735811821822477
2011-03-08,-0.004849147433009838,False,0.04253965559108811,0.048736174101531075,0.030077834690616603,0.03771881815004588
2011-03-09,-0.032384827879892004,False,0.04203018659599615,0.04815249354984049,0.029717612587229835,0.037267085099743844
2011-03-14,-0.008416825193320179,False,0.043402996142526205,0.049725272739946313,0.030688263102108038,0.03848432000493338
2011-03-17,0.015042493924603153,False,0.04309251556391978,0.0493695661569039,0.0304687365594454,0.03820902486394428
2011-03-18,-0.048378914192194956,False,0.043084714862019965,0.04936062916950659,0.03046322104177246,0.038202108182266596
2011-03-21,0.019633309552216243,False,0.04562254944824649,0.05226813621244407,0.03225760719972345,0.04045234081632744
2011-03-22,0.02293962958326304,False,0.04596503003407387,0.052660504068397625,0.03249975947627877,0.04075600954042144
2011-03-23,-0.0036843762894153294,False,0.04643148474741413,0.05319490468363423,0.03282956815863789,0.04116960293376803
2011-03-24,-0.0148747706947472,False,0.04570681152739205,0.052364672286898215,0.03231718504190416,0.040527053834006455
2011-03-25,0.012102552686463262,False,0.04573790956654361,0.05240030020699412,0.03233917303564333,0.040554627665230096
2011-03-28,0.0018489989859472242,False,0.04549283783931501,0.05211953022426585,0.03216589408459159,0.040337328869915215
2011-03-29,-0.0606053793907341,False,0.04461766698672309,0.05111687802955837,0.031547101011057156,0.03956133739136524
2011-03-30,-0.023164503674724692,False,0.04791312863934516,0.05489237152181775,0.03387717043544615,0.042483338452928655
2011-03-31,-0.011786632495746682,False,0.04859342498253445,0.05567176290526032,0.03435817670281624,0.043086539717733296
2011-04-01,0.019789342761370673,False,0.04842249963000606,0.05547593979330887,0.03423732324440552,0.042934984605223145
2011-04-04,0.00298458188718144,False,0.048698132167968144,0.055791722212595346,0.03443221033968128,0.0431793808851452
2011-04-05,-0.015012792389185209,False,0.047795602006567676,0.0547577254284956,0.033794072756743586,0.042379130611376464
2011-04-06,0.008034860769278881,False,0.04790382690894376,0.054881714859322736,0.033870593609530125,0.042475090847897155
2011-04-07,-0.004009360532899312,False,0.04733489777203654,0.05422991293280332,0.03346832997356982,0.041970636019641294
2011-04-08,-0.0043616911960094405,False,0.04660974680056751,0.053399133193185185,0.03295560906075277,0.041327663309963326
2011-04-11,0.016011015812584586,False,0.046064222847093224,0.052774145754907756,0.03256989415393513,0.040843961255687615
2011-04-12,0.010205849902192992,False,0.04611507766055051,0.052832408310354365,0.032605851254460194,0.040889052910384784
2011-04-13,0.0042490666968815075,False,0.04578085932070318,0.05244950621647524,0.03236954083217727,0.04059271010722978
2011-04-14,0.01906050273874241,False,0.045057562180653585,0.05162085034574032,0.03185813067832625,0.03995138114217594
2011-04-15,0.03583035700082749,False,0.045323441361577926,0.05192545868991827,0.03204612162325516,0.04018712937134754
2011-04-18,-0.03519056171348806,False,0.04671208543553984,0.053516378936292935,0.03302796800448164,0.04141840434461933
2011-04-19,-0.003203077690504232,False,0.0480645461365279,0.055065845176039394,0.03398423078622349,0.042617596452003
2011-04-20,0.00448144155906867,False,0.04729983680863955,0.05418974483100418,0.03344353997829376,0.041939548365447554
2011-04-26,0.000958619661203917,False,0.04660338600198366,0.05339184585192914,0.032951111632514414,0.041322023353510005
2011-04-29,0.01785761740000647,False,0.04568568062555807,0.05234046336239251,0.0323022443527191,0.040508317607007245
2011-05-02,-0.010974453908267368,False,0.045823985134719455,0.05249891393148758,0.032400033112541464,0.040630948656974725
2011-05-03,-0.02475971892784464,False,0.0456262364422161,0.05227236027062031,0.032260214103648314,0.040455609979021104
2011-05-04,-0.01075774936000156,False,0.04633098782205399,0.05307976892188522,0.03275851140310245,0.04108049489564154
2011-05-05,-0.047138253676222965,False,0.04611208288115358,0.05282897729785422,0.03260373378363481,0.040886397516543375
2011-05-06,0.01606718368851888,False,0.048412485963284436,0.05546446749063132,0.03423024304104902,0.04292610574457323
2011-05-16,0.001998002662673058,False,0.04844494999197455,0.055501660376476164,0.03425319686318897,0.04295489076357646
2011-05-17,-0.008686990813469672,False,0.04752581134238049,0.05444863583672305,0.03360331618183155,0.042139914170630566
2011-05-18,0.005020931050099664,False,0.047189481428188476,0.054063314587035984,0.033365512762409975,0.04184169908883082
2011-05-19,-0.00535655783626744,False,0.04656059355825313,0.05334282006742518,0.032920855062952434,0.041284080394620455
2011-05-20,-0.026187519269149084,False,0.04599775969994886,0.05269800128534036,0.032522901118259374,0.04078503009308217
2011-05-23,-0.012831804295293172,False,0.0467488641378104,0.053558514990574055,0.03305397253394147,0.04145101507367818
2011-05-24,0.006609869255999737,False,0.046677181644917305,0.05347639090176498,0.03300328913884831,0.04138745605148095
2011-05-25,0.026686496422904386,False,0.04609068083928386,0.05280445773782964,0.032588601383796253,0.04086742087665039
2011-05-26,0.016075362915177235,False,0.046856437214824805,0.05368175764821113,0.033130032510982704,0.04154639735342088
2011-06-01,-0.015457297005086449,False,0.0468636814508242,0.053690057112369766,0.033135154577201203,0.04155282063110145
2011-06-02,-0.016732505799235926,False,0.04690885545923258,0.05374181137102709,0.033167095041653494,0.041592875262117815
2011-06-03,-0.008993488497373532,False,0.04705516636616732,0.05390943458598368,0.033270544757244024,0.04172260537900188
2011-06-06,-0.005225582349198075,False,0.04679942772115742,0.05361644389401619,0.033089723719044985,0.04149584850212937
2011-06-07,0.009732436918231054,False,0.04625126744712944,0.052988436116817174,0.03270214479116973,0.041009808890246094
2011-06-08,0.012375544675539854,False,0.0458742764974898,0.05255653096147341,0.03243559182299066,0.040675540714444264
2011-06-09,0.017945292807564326,False,0.045740354422750436,0.05240310119200666,0.03234090168106392,0.040556795456327295
2011-06-10,0.005688487817213029,False,0.04616914908688941,0.05289435602505384,0.03264408267406877,0.04093699665296689
2011-06-13,0.0013337781237038747,False,0.04556170818683301,0.05219843253789374,0.03221458914097953,0.04039839443515938
2011-06-14,0.0043225337460737305,False,0.04470266694074571,0.05121425946107934,0.03160720057063934,0.03963670466371366
2011-06-15,-0.008998560970330974,False,0.04402014079043032,0.05043231346672606,0.03112461770916667,0.03903152628629891
2011-06-16,-0.02474283146095971,False,0.043733247555987106,0.050103630067011254,0.030921768693124164,0.03877714543652285
2011-06-17,0.001028983112571219,False,0.044457223262120905,0.05093306334683328,0.03143365862985597,0.039419076068665355
2011-06-20,0.01699565042310034,False,0.04356911240938849,0.04991558625307671,0.03080571627714392,0.038631611024911826
2011-06-21,0.020020688730896772,False,0.0438497771480017,0.050237133886106435,0.03100416141014264,0.03888046922768251
2011-06-22,0.004285485378548639,False,0.04423664609956671,0.05068035591778406,0.03127769865933801,0.039223495973649776
2011-06-23,-0.01792281630113166,False,0.04355019578687649,0.049893914149827454,0.03079234120306504,0.03861483814241833
2011-06-24,-0.009421334828390596,False,0.043920765614997866,0.05031846285406947,0.031054354091432198,0.038943412874972876
2011-06-27,0.012430867278804526,False,0.04366692599932312,0.050027647812633594,0.03087487576956741,0.03871833981855351
2011-06-28,0.007650128778244409,False,0.043533317246324914,0.04987457700476901,0.03078040716303874,0.03859987237476326
2011-06-29,0.0313137130661494,False,0.04307644003742594,0.049351148996560415,0.030457370293740422,0.038194771108194206
2011-06-30,0.017823514477382674,False,0.044380081135085264,0.05084468434889521,0.031379114978469506,0.03935067612933969
2011-07-12,0.005868944136526966,False,0.044625141608826094,0.051125441438901804,0.03155238597269742,0.03956796494647649
2011-07-15,0.0006315124933591015,False,0.044003190608418744,0.050412894244588745,0.031112633014757748,0.03901649699600445
2011-07-18,-0.0028449521322312507,False,0.04305247333569725,0.04932369119672969,0.03044042454082686,0.038173520450387986
2011-07-19,0.001581528085459335,False,0.04236596443898664,0.048537182311139467,0.029955025662486496,0.037564810674212905
2011-07-20,0.00598709839454843,False,0.04153220046047464,0.04758196850294731,0.029365509485916222,0.03682553360559129
2011-07-21,-0.0034618445273542574,False,0.04099780132747371,0.046969726376776995,0.028987660428187175,0.03635169564340931
2011-07-22,-0.03431473438442684,False,0.04037887130384296,0.04626064020837247,0.02855004346403561,0.03580290631532123
2011-07-25,-0.02276950373320167,False,0.04213496511643936,0.04827253458316495,0.029791696661800444,0.037359989518073365
2011-07-26,0.006321764524175685,False,0.04285722657943987,0.0491000039154506,0.030302374536025717,0.038000400174933724
2011-07-27,0.006941029354234763,False,0.04236093035098436,0.04853141493512496,0.029951466290304315,0.03756034707789858
2011-07-28,-0.020633011495420194,False,0.04188368173595848,0.04798464812969533,0.029614025736317287,0.037137183009633444
2011-07-29,0.0,False,0.04239553139390578,0.04857105612235324,0.029975931096957134,0.037591026932439486
2011-08-01,-0.006409197179901856,False,0.04157690180062405,0.047633181242350636,0.029397115748373708,0.03686516913382327
2011-08-02,-0.007472860862747529,False,0.04113344552092622,0.04712512911655255,0.02908356820108088,0.03647196785988247
2011-08-03,-0.0058129758489022625,False,0.04074017515441408,0.04667457321089252,0.02880550480568404,0.036123265143977526
2011-08-04,-0.003779423842537156,False,0.04027209067171347,0.04613830542672406,0.028474543788339527,0.03570822667606992
2011-08-05,0.010614720448394547,False,0.03976590415826143,0.045558385497785715,0.028116642576806922,0.03525940411778613
2011-08-08,-0.009238731239204578,False,0.03961093140023814,0.04538083870735989,0.02800706846454378,0.03512199376039443
2011-08-09,-0.0010318143649734597,False,0.039357567692757146,0.04509056889705635,0.027827926635482718,0.03489734267952627
2011-08-10,-0.020511756852190675,False,0.0385134487684274,0.04412349179483481,0.027231088952797522,0.03414888414686066
2011-08-11,0.00315623618143741,False,0.03909953976861698,0.04479495545921304,0.027645486953261196,0.03466855595774764
2011-08-12,0.008020967152700838,False,0.03836736484473765,0.043956128626528625,0.027127799726623877,0.034019355290180096
2011-08-15,0.007957142831957361,False,0.03814454107839653,0.04370084734323035,0.026970251285856693,0.033821783189387396
2011-08-16,0.02012689465745807,False,0.03772310710578064,0.043218025393303446,0.02667227469941705,0.033448108528545045
2011-08-17,0.018735911057469846,False,0.0383287678472602,0.043911909415942176,0.027100509564220113,0.03398513232554249
2011-08-18,-0.010663213332358614,False,0.03875651695404982,0.04440196639103064,0.027402951291693164,0.034364406453380576
2011-08-19,0.004345652835840446,False,0.03865366637937186,0.0442841341367658,0.02733023037893507,0.0342732114949588
2011-08-22,0.01489847123442806,False,0.03801688065360786,0.04355459132394844,0.026879988468728203,0.033708589975181634
2011-08-23,0.03042305829370706,False,0.038176594469910605,0.04373756977663204,0.026992914765328682,0.03385020410697153
2011-08-24,-0.018337332223057994,False,0.03958412688478498,0.045350129725030795,0.027988116224015265,0.035098226886170134
2011-08-25,-0.023654190897889716,False,0.040039595380446893,0.04587194382046489,0.028310157056949815,0.035502079082955336
2011-08-26,0.016812659081172993,False,0.04103351590094379,0.04701064329644676,0.029012912561095935,0.036383362836838753
2011-08-29,0.01974493665262466,False,0.041244051438684516,0.04725184639222455,0.029161772560376047,0.03657003928148368
2011-08-30,-0.010633256301368703,False,0.04170044858957134,0.04777472441500109,0.02948447000272483,0.03697471489296432
2011-08-31,0.0035569964746546886,False,0.041626096171872184,0.04768954148807078,0.02943189882655218,0.03690878851713352
2011-09-01,-0.012341826030387536,False,0.040933567375266,0.04689613581675658,0.028942243553762993,0.036294741050601355
2011-09-08,-0.012638938527373944,False,0.040901422543910944,0.04685930862397336,0.028919515421383435,0.03626623905566279
2011-09-09,-0.014194456775690692,False,0.04087798898159305,0.04683246162304974,0.028902946626835933,0.036245461118855474
2011-09-12,-0.005945112806838958,False,0.04096248203993956,0.04692926232217927,0.02896268778379028,0.03632037893984933
2011-09-13,-0.0010528163808055636,False,0.04045495860101624,0.04634781072516266,0.02860384129372263,0.03587037096414666
2011-09-14,-0.019500706586689637,False,0.039675492220459616,0.045454803748466395,0.028052716452312602,0.03517923817866051
2011-09-15,-0.003227544490866488,False,0.040199002155093394,0.046054570506416787,0.028422866258511533,0.03564342096880823
2011-09-16,0.002869442427952739,False,0.03952010845270717,0.045276786078776526,0.02794285173396631,0.03504146338951644
2011-09-19,-0.027597975203676288,False,0.038737706937282124,0.04438041642220025,0.02738965159363484,0.03434772809545779
2011-09-20,0.005141399500418652,False,0.04017981268488708,0.0460325858112448,0.028409298266372285,0.03562640615928402
2011-09-21,-0.0010995053334168876,False,0.03962097946883104,0.04539235042304078,0.028014172991881803,0.03513090312429849
2011-09-22,-0.0173853093406862,False,0.038751990261560655,0.04439678032005308,0.027399750675550585,0.034360392751613414
2011-09-23,-0.01731319120167605,False,0.039101407157859515,0.044797094860813146,0.02764680729834062,0.03467021172374471
2011-09-26,0.016566643947891375,False,0.039434139929183966,0.045178294991543654,0.027882067343420632,0.03496523731151127
2011-09-27,0.015929212532128506,False,0.039750637487192035,0.04554089501440378,0.02810584821558512,0.035245867553330645
2011-09-28,-0.021170707122966596,False,0.03998800905376904,0.04581284319627562,0.028273682737058107,0.035456338814305904
2011-09-29,0.011198325310029535,False,0.040668379440569995,0.04659231940885698,0.028754741357261814,0.036059605731676006
2011-09-30,-0.032443433923765745,False,0.040543374777150705,0.046449106001149425,0.02866635630689791,0.0359487673127489
2011-10-03,-0.012734109948707063,False,0.04240001002981695,0.04857618713661443,0.029979097734502826,0.03759499802367533
2011-10-04,0.006580244374328869,False,0.0423804090591605,0.04855373099997679,0.02996523878931419,0.03757761834728909
2011-10-05,0.011507606851479944,False,0.0419251860092307,0.04803219810300956,0.029643371499772354,0.037173983780919725
2011-10-06,0.01438873745209967,False,0.04171704389036399,0.047793737062317106,0.02949620377693966,0.036989429519212365
2011-10-07,-0.0030120504699916095,False,0.04181834650163359,0.04790979586982679,0.029567830195939934,0.037079251938306024
2011-10-10,0.0015071592905713386,False,0.041021739837067334,0.04699715187787886,0.029004586247738183,0.0363729213039747
2011-10-11,-0.01977250726786463,False,0.04014650113759504,0.045994421953407735,0.02838574520279392,0.03559686966734147
2011-10-12,0.011075156167849595,False,0.04065887586739955,0.04658143150226288,0.028748021817603612,0.036051179157854225
2011-10-13,-0.0011400343244991986,False,0.04044999939213675,0.04634212913550241,0.028600334865125566,0.035865973761224
2011-10-14,0.015469087938150732,False,0.03958990994467124,0.04535675517155922,0.027992205159782325,0.0351033545765844
2011-10-17,-0.01851554878631567,False,0.039884212599173664,0.04569392728094926,0.028200293036097623,0.03536430516849701
2011-10-18,-0.019642457057755663,False,0.04029578824007789,0.04616545489000823,0.02849129924942473,0.03572923870024632
2011-10-19,0.012369697728675817,False,0.0414349598254424,0.04747056335749363,0.029296755103562385,0.03673931283632055
2011-10-20,-0.01587642253788578,False,0.04147276494992892,0.04751387534729007,0.02932348536898094,0.03677283366755045
2011-10-21,0.0015600627189021842,False,0.041678349965961724,0.04774940680599186,0.029468845081963613,0.036955120611964265
2011-10-24,0.02349424450995812,False,0.04089207382651954,0.046848598130151006,0.02891290537312703,0.03625794978847614
2011-10-25,0.003420105936858022,False,0.0416593517462485,0.04772764121972423,0.029455412314255216,0.036938275379331774
2011-10-26,0.021393197189200994,False,0.04090579131955566,0.046864313775225125,0.028922604381785583,0.036270112736626864
2011-10-27,0.023124539321950188,False,0.041466658893411244,0.04750687985498096,0.029319168057145704,0.036767419584333175
2011-10-28,-0.0029069787913092726,False,0.042152214905360856,0.04829229705430891,0.029803893194480822,0.03737528446210655
2011-10-31,-0.019104181310042274,False,0.04149997808049307,0.04754505246545413,0.02934272652246818,0.03679696285028077
2011-11-01,-0.03625774802262425,False,0.04205454382541632,0.04818039876339141,0.029734834464319376,0.037288682028406586
2011-11-02,0.024692612590371414,False,0.04396120039346082,0.05036478754512644,0.031082943664278086,0.03897926535272779
2011-11-03,0.020427822690098005,False,0.044764670148871914,0.05128529433675249,0.03165104018848285,0.03969168131313726
2011-11-04,-0.008491836150313008,False,0.04505526091778349,0.05161821387051898,0.0318565035611523,0.03994934067159605
2011-11-07,0.01142869582362285,False,0.04461775822010444,0.05111698255240642,0.031547165517986614,0.03956141828565723
2011-11-08,-0.024115433149420464,False,0.04452536188713201,0.05101112735194658,0.03148183631890053,0.03947949283438846
2011-11-09,-0.03554740792466678,False,0.04519347830782671,0.05177656463033136,0.03195423072305154,0.040071894475282845
2011-11-10,-0.02601644566927636,False,0.04681041116974809,0.05362902724137319,0.033097489610574966,0.04150558724341195
2011-11-11,-0.006008429852397177,False,0.04755809870465175,0.05448562632211993,0.03362614509126903,0.04216854254406547
2011-11-14,-0.018244982076106104,False,0.046819255818753625,0.053639160241930224,0.033103743255250465,0.041513429566129544
2011-11-15,-0.08137337985924152,False,0.0470969550024721,0.053957310343935104,0.03330009158072571,0.04175965828767302
2011-11-16,0.016725742021250996,False,0.054123027457386896,0.062006832270117204,0.038267904387077965,0.04798949596627183
2011-11-17,0.03558789271611785,False,0.054288653979068756,0.06219658469957057,0.038385011285813,0.04813635274179899
2011-11-18,-0.028194947541623175,False,0.05590597714527771,0.06404949446838666,0.03952854613955377,0.04957039158269812
2011-11-21,-0.019248188304916578,False,0.0568476270234766,0.0651283093240528,0.04019434347569485,0.050405328302877805
2011-11-22,-0.006202944124607781,False,0.0571385224305048,0.06546157787090093,0.0404000222439707,0.05066325777611687
2011-11-28,-0.007625064977443142,False,0.05585081549803038,0.06398629772627348,0.03948954387486418,0.049521481169285765
2011-11-29,-0.02000976265988003,False,0.05462253346519703,0.06257909858076631,0.03862108212021012,0.04843239509207936
2011-11-30,-0.006914063035393831,False,0.05473354337118378,0.06270627869141814,0.0386995721210081,0.04853082471964891
2011-12-01,-0.039146710341140686,False,0.05365908609269738,0.061475311109256026,0.037939872777997576,0.0475781310945103
2011-12-02,-0.02385121582217991,False,0.05558360863449917,0.06368016830323911,0.0393006141866047,0.049284555718105354
2011-12-05,0.002460025840862399,False,0.055889995305403534,0.06403118464147932,0.03951724611535028,0.049556220896463325
2011-12-06,-0.017348638334612976,False,0.05439772817510141,0.06232154713600707,0.038462132635097485,0.0482330660251543
2011-12-07,-0.01308523954865548,False,0.05423945051325356,0.062140214034527616,0.03835022177728428,0.0480927252945701
2011-12-08,-0.0030441423812281325,False,0.05370324892005619,0.06152590689366162,0.037971098282819166,0.047617289137305736
2011-12-09,-0.016393809775676383,False,0.052444483553461825,0.0600837840742147,0.03708108316434627,0.0465011742723303
2011-12-12,0.04296844956709858,False,0.05232677523043237,0.05994892982481724,0.03699785702081981,0.04639680533070621
2011-12-13,0.038820983441379395,False,0.054686119354421955,0.06265194667802068,0.038666040779094135,0.048488775064113886
2011-12-14,-0.03783186367725496,False,0.05666589431092493,0.06492010460316837,0.040065848629884396,0.050244190582287344
2011-12-15,0.06135129209998463,False,0.058543327911098106,0.06707101366744563,0.041393295612799044,0.051908862652847165
2011-12-16,-0.02351942842272962,False,0.06327238375206767,0.07248892515729885,0.04473699357769691,0.056101994797629076
2011-12-19,-0.01486481458558568,False,0.06338574476609499,0.07261879884901531,0.044817145938897233,0.056202509092208766
2011-12-20,0.05406722127027579,False,0.06259052742559362,0.07170774655635523,0.044254884317867026,0.05549741033578118
2011-12-21,0.026644159112896304,False,0.06638419740594013,0.07605401965323129,0.04693721394546095,0.05886115990360691
2011-12-22,-0.010302442748159496,False,0.06670180632998775,0.07641789292873162,0.047161780613456494,0.05914277556510027
2011-12-28,-0.03817432939582384,False,0.06532047122551174,0.07483534630937433,0.046185102068520674,0.05791798126702606
2011-12-29,-0.02372027721037852,False,0.06701778318868187,0.0767798964048622,0.047385193323075454,0.059422944116234555
2012-01-04,-0.0190936588155797,False,0.06704938123046644,0.07681609716023463,0.0474075348456886,0.0594509612869288
2012-01-05,-0.0229110679537249,False,0.06642833233571155,0.07610458347636082,0.04696841972518111,0.05890029321032936
2012-01-06,0.0,False,0.06636835149107986,0.07603586555078977,0.04692601002758559,0.05884710973858488
2012-01-09,0.06767708182343148,False,0.06406446741494162,0.07339638730668424,0.04529703951934886,0.05680431500272786
2012-01-10,0.07242782548692477,False,0.06941175479105384,0.07952258473146359,0.04907786057930165,0.06154561714382622
2012-01-11,0.007260335116774635,False,0.07573083191471673,0.0867621271908613,0.05354578949132151,0.0671485802518183
2012-01-12,-0.010265274059594903,False,0.07346770173697723,0.0841693392422008,0.051945634190965595,0.06514192094915294
2012-01-18,-0.002205072558313981,False,0.07162783314260741,0.0820614670722641,0.050644747696588194,0.06351055680276445
2012-01-19,0.02399242674322115,False,0.0691487158213157,0.07922123031647085,0.048891877817122655,0.06131238725684033
2012-01-20,-0.026644948192352354,False,0.06906657713486568,0.07912712693768989,0.04883380132829311,0.06123955699683368
2012-01-23,0.004416968311838528,False,0.06930085272411099,0.07939552816817824,0.04899944682653367,0.06144728313436241
2012-01-24,0.061531580845190004,False,0.06716879377971266,0.07695290388114259,0.04749196596922043,0.05955684132209285
2012-01-25,0.00372285848800588,False,0.07173077618743674,0.08217940526630052,0.050717533990738965,0.06360183375209037
2012-01-26,0.012310372943064474,False,0.0693450739181973,0.07944619082127267,0.04903071359978485,0.06148649292943346
2012-01-27,-0.018938400521477862,False,0.06809075379839469,0.0780091607633575,0.04814384151094638,0.060374319550420726
2012-01-30,-0.05379017458613769,False,0.06763060605541707,0.07748198582029373,0.04781849219736518,0.05996631838542861
2012-01-31,0.004812960505009027,False,0.07110608555833425,0.0814637193765936,0.050275843967304494,0.06304793664333966
2012-02-01,-0.02923148785315498,False,0.06899309021542678,0.07904293558140844,0.048781842106148665,0.061174398036042674
2012-02-02,0.0,False,0.06953088409289353,0.07965906694586754,0.04916209143161474,0.06165124603080231
2012-02-03,0.03315220731690055,False,0.06704618385704153,0.07681243404294467,0.047405274129940375,0.05944812625817512
2012-02-06,-0.016217756283703633,False,0.06808684098260391,0.07800467798913291,0.04814107493879401,0.060370850157328175
2012-02-07,0.004409178219005926,False,0.06728300935864895,0.07708375661755526,0.04757272255397892,0.05965811333739104
2012-02-08,-0.004409178219005883,False,0.06533252734382786,0.0748491585763774,0.04619362639549709,0.057928671116956494
2012-02-09,-0.012002811358547591,False,0.06338023022906664,0.07261248103959798,0.04481324686329755,0.05619761949410403
2012-02-10,-0.03643390224610202,False,0.062417938220191795,0.07151001722720028,0.044132854425585795,0.05534437992773584
2012-02-13,0.0197480585258734,False,0.06405856170987646,0.07338962134992581,0.04529286386681446,0.05679907856598889
2012-02-14,0.03177711992068708,False,0.06377415795649784,0.07306379006033979,0.04509177504837783,0.056546905075023295
2012-02-15,0.05235000459507406,False,0.06478353513665708,0.07422019768289373,0.04580545924594502,0.057441893851359525
2012-02-16,0.02518192918796685,False,0.06812450568959963,0.07804782910759216,0.048167705921460566,0.06040424648398165
2012-02-17,-0.026436896932679817,False,0.06821941472008419,0.078156563016441,0.0482348117334352,0.06048839987948761
2012-02-21,0.027659141941223497,False,0.06848941770716459,0.07846589585901907,0.048425718432103394,0.06072780458148026
2012-02-22,0.0004070832541460892,False,0.0688078918582988,0.07883076039449421,0.04865089686239272,0.0610101874175707
2012-02-23,-0.03562928645577366,False,0.06634067936269347,0.07600416257510603,0.04690644433784085,0.058822573574294684
2012-02-24,-0.0004218519362285663,False,0.06774989235191785,0.0776186478979107,0.047902834053385225,0.06007208647553152
2012-02-27,0.017980831495854884,False,0.06542819526244237,0.07495876191643135,0.046261268782378226,0.05801349739904257
2012-02-28,0.00041433603244518235,False,0.0648901491327287,0.07434234155552288,0.04588084110094575,0.057536425738705536
2012-02-29,-0.012924924558734736,False,0.06260985135132234,0.07172988529244874,0.04426854737732452,0.05551454436355783
2012-03-01,0.0037696379717803226,False,0.0614074620840979,0.07035235056982304,0.04341839320680216,0.054448416735446356
2012-03-02,-0.014316033973206166,False,0.05962534147926619,0.0683106382225985,0.04215833766084002,0.052868256245637894
2012-03-05,-0.018836173343694296,False,0.059068096829499754,0.06767222279843005,0.04176433558853794,0.052374161751510634
2012-03-06,0.000863930939263878,False,0.05893382831550924,0.06751839612580493,0.04166940049534439,0.052255109314622884
2012-03-07,-0.0025940351770466466,False,0.05689355485842902,0.06518092721503582,0.040226816936238946,0.05044605133249628
2012-03-08,0.05434059470008102,False,0.054938244192506855,0.06294079715961226,0.03884430666056273,0.04871232767136222
2012-03-09,0.00040992007132726314,False,0.059392903829339865,0.06804434265397773,0.04199399168499192,0.052662159761616714
2012-03-12,-0.010298752200574473,False,0.057380580135952056,0.06573889479581195,0.04057117011879171,0.05087788411586314
2012-03-13,-0.009569451016150672,False,0.05647339184406602,0.0646995613568856,0.0399297389859471,0.050073503597637486
2012-03-14,-0.02197890671877523,False,0.05548542383659022,0.06356768146387652,0.039231192230089015,0.0491974977839033
2012-03-15,-0.03744451375202548,False,0.055834511849134766,0.06396761921418809,0.03947801631429694,0.04950702514327119
2012-03-16,0.0008869180182279546,False,0.057906618284848756,0.06634155803914218,0.04094310750906027,0.05134430860855174
2012-03-19,0.014521707334617195,False,0.05586851329985387,0.06400657346990374,0.03950205717686999,0.049537173354832646
2012-03-20,0.035618440165049295,False,0.05538652128760443,0.06345437232257105,0.03916126278478578,0.04910980343828777
2012-03-21,-0.005495680709941001,False,0.05719709916280994,0.06552868715479743,0.04044143915829475,0.05071519625758648
2012-03-22,-0.031871776079369925,False,0.05585799760314308,0.06399452600927964,0.03949462201118919,0.049527849357107606
2012-03-23,0.009581954845448536,False,0.057246340775343726,0.06558510152318243,0.040476255638614365,0.0507588575285293
2012-03-26,0.010349380862003512,False,0.05613971458080769,0.06431727915525706,0.03969381113404404,0.049777640553173096
2012-03-27,0.010667905735720221,False,0.05526830019535226,0.06331893061166821,0.039077674085716725,0.04900497983738646
2012-03-28,-0.02623242227683179,False,0.05442277820822945,0.0623502460701854,0.03847984436183694,0.048255277245040314
2012-03-29,-0.03187520853044895,False,0.055305785136763666,0.0633618757790756,0.039104177964403415,0.04903821677052134
2012-03-30,-0.0018009910316026765,False,0.05676597595713998,0.06503476459433498,0.04013661176062897,0.0503329304030802
2012-04-02,-0.014525902255826085,False,0.055007085322477306,0.06301966599973255,0.038892981058566096,0.04877336733015868
2012-04-03,-0.020324025203190817,False,0.054584887659136896,0.06253596911643836,0.03859446450152613,0.04839901552439918
2012-04-04,-0.028397554212605012,False,0.054765811925917625,0.06274324762968671,0.03872238773250057,0.04855943641692428
2012-04-10,-0.021093783059799594,False,0.05584421946237133,0.06397874088224659,0.03948488012130507,0.04951563263417005
2012-04-11,0.018719049101246353,False,0.05606886761154461,0.06423611229622649,0.039643718499296134,0.0497148223682822
2012-04-12,0.026743324975510893,False,0.056027380950855174,0.06418858250102347,0.039614385188888615,0.04967803721361994
2012-04-13,0.03993271033537101,False,0.05684925519219529,0.06513017465918629,0.04019549467894012,0.05040677195819105
2012-04-16,0.022868190903659345,False,0.059099851598941086,0.06770860311111812,0.04178678792607156,0.05240231788858583
2012-04-17,0.008226935338290525,False,0.05937647104862599,0.06802551620014977,0.04198237282125287,0.052647589237741196
2012-04-18,-0.01564569072573611,False,0.05806511412322259,0.06652314109772656,0.04105517262946425,0.051484842790648286
2012-04-19,-0.011010901820188237,False,0.05740783639100286,0.06577012132017031,0.0405904417636208,0.050902051535966275
2012-04-20,0.017994780053574255,False,0.05637798031521754,0.06459025175348987,0.039862277880481904,0.049988904649760545
2012-04-23,-0.02376872458682683,False,0.05629689866079591,0.06449735937880029,0.03980494877040217,0.049917011632858097
2012-04-24,0.03501451784510205,False,0.05685138649704128,0.06513261641952953,0.040197001626609115,0.050408661731363665
2012-04-25,-0.009941728739628728,False,0.05842242119826126,0.06693249513632486,0.041307808034887046,0.05180165778126921
2012-04-26,0.010801574020463847,False,0.057417846278345584,0.06578158929294756,0.04059751929475223,0.050910927045538144
2012-04-27,0.015775215223697105,False,0.05647330298690894,0.06469945955639338,0.039929676159136576,0.05007342481028243
2012-04-30,-0.04366373289245147,False,0.05607328541536103,0.06424117361731504,0.03964684212526442,0.04971873952126473
2012-05-01,0.04154643377413756,False,0.05893367197845568,0.06751821701598952,0.04166928995660148,0.05225497069457974
2012-05-02,0.005495680709941121,False,0.06130460893607088,0.07023451536736348,0.04334567047454726,0.05435721949530217
2012-05-03,-0.01700721264723311,False,0.05963983514103959,0.06832724309665641,0.04216858546272804,0.05288110740263865
2012-05-04,-0.008613317678114947,False,0.05935120409897004,0.06799656875240162,0.04196450772280936,0.05262518568355072
2012-05-07,0.028146847458458992,False,0.05817936545145559,0.06665403479084009,0.04113595449090686,0.0515861465039281
2012-05-08,-0.009294532479249766,False,0.05909181144331651,0.06769939179008419,0.041781103101678825,0.052395188889451084
2012-05-09,0.003389833754511524,False,0.05791587334451793,0.06635216123263517,0.04094965133624724,0.051352514831845726
2012-05-10,0.010938266399567438,False,0.056204930927814666,0.06439199521014359,0.03973992261466479,0.04983546621017446
2012-05-11,-0.007559884807940288,False,0.055320477127172696,0.06337870787121463,0.039114565995351444,0.0490512437804207
2012-05-14,-0.021735353843179043,False,0.05416848397864113,0.06205891019371847,0.03830004460337492,0.048029801094160114
2012-05-15,-0.01870026226730957,False,0.05420242947297225,0.06209780034218573,0.03832404590175864,0.04805989969063199
2012-05-16,0.006126933827502738,False,0.05413257845775953,0.062017774512374155,0.038274657460330354,0.0479979645925736
2012-05-17,-0.03011742246415724,False,0.05285352909717829,0.06055241304069363,0.03737030046227415,0.04686386443199771
2012-05-18,0.021793168482070132,False,0.0544390724968496,0.0623689138585353,0.03849136530418375,0.04826972497153946
2012-05-21,-0.015517934980672624,False,0.05478261191555867,0.06276249478175396,0.03873426623278945,0.04857433253550795
2012-05-22,-0.02671655392725072,False,0.05454559020413652,0.062490947416520164,0.03856667907781173,0.04836417148209741
2012-05-23,-0.025564952582790373,False,0.055471742844685465,0.06355200763685354,0.039221519029702286,0.04918536720036667
2012-05-24,-0.008985636245347699,False,0.056303945249631934,0.06450543240561639,0.03980993108939836,0.049923259661883976
2012-05-30,-0.019139340210697395,False,0.05526897743234503,0.06331970649806243,0.03907815292885807,0.04900558032600395
2012-05-31,0.0062605550015571755,False,0.05535919135216302,0.06342306138520334,0.039141939043939984,0.04908557068767793
2012-06-01,-0.009647928189720134,False,0.05402688829090089,0.061896689038096794,0.038199928802492705,0.0479042518408224
2012-06-04,0.014914878359230447,False,0.053079304854263994,0.0608110763150512,0.037529936119977854,0.04706405398703464
2012-06-05,0.03242003452257665,False,0.052789751523132554,0.060479345336941055,0.037325206271866126,0.04680731449796424
2012-06-06,0.01832392084928442,False,0.05446017109324364,0.06239308577184466,0.038506283151677485,0.048288432554136215
2012-06-07,0.010386185033147123,False,0.05443914303597259,0.06236899467270577,0.038491415179154546,0.04826978751676498
2012-06-08,-0.0117488924890829,False,0.05356167377231151,0.06136370926998409,0.037870997004823485,0.047491758096253625
2012-06-11,-0.0013645669617969943,False,0.05289125980087757,0.06059563976923458,0.03739697810817557,0.04689731927623026
2012-06-12,0.023392879574705375,False,0.051180276528225876,0.058635426939532456,0.03618722049923035,0.04538023442864067
2012-06-13,0.0035508248582200932,False,0.05186689434616566,0.05942206061231041,0.03667269639076416,0.045989040782467315
2012-06-14,-0.014279582217195158,False,0.05034983739755279,0.057684022291543575,0.035600055169705755,0.04464390541705594
2012-06-15,-0.002700271667746648,False,0.05002834596947414,0.05731570096892635,0.035372743361609546,0.04435884723912755
2012-06-18,-0.020487855251439167,False,0.04842981241773804,0.055484317794755315,0.03424249378040242,0.04294146866596128
2012-06-19,0.02543279677300972,False,0.049045066541388946,0.05618919261497406,0.034677511684679224,0.043486998668110996
2012-06-20,-0.028657862917805383,False,0.05006255625557162,0.05735489447992552,0.03539693188207736,0.044389180619646085
2012-06-21,-0.017221742832888274,False,0.051520964030136424,0.05902574052286121,0.036428104968585846,0.04568231327135818
2012-06-22,-0.01704586727298861,False,0.051542008465667845,0.05904985038599189,0.036442984521423694,0.045700972830911506
2012-06-25,-0.0033484843532813713,False,0.05152242319797262,0.05902741223967979,0.03642913667907699,0.04568360707793698
2012-06-26,0.029274989565309623,False,0.04999942880420234,0.05728257159865696,0.03535229736352421,0.04433320713266344
2012-06-27,0.0352036351929797,False,0.05144033496303193,0.05893336666140305,0.03637109586219017,0.04561082155198565
2012-06-28,0.0,False,0.053547439972632706,0.06134740211070804,0.03786093293947529,0.0474791373522864
2012-06-29,0.027908788117076658,False,0.051593517337878564,0.05910886227334627,0.036479404076822694,0.04574664442267769
2012-07-02,-0.003062789530545767,False,0.052807289399686826,0.060499437859864516,0.037337606498066694,0.04682286488188947
2012-07-06,-0.03199922372334237,False,0.05123866776227737,0.05870232370466125,0.0362285062562676,0.04543200843358128
2012-07-09,0.029407429615913423,False,0.053095954010437124,0.06083015066256583,0.0375417079728562,0.04707881636546296
2012-07-10,-0.005203827875026998,False,0.054456153340676064,0.06238848277527806,0.03850344238355475,0.0482848701163035
2012-07-11,-0.006105557562485147,False,0.0529640160246592,0.06067899399342662,0.0374484206890148,0.04696183034798135
2012-07-12,-0.04564550748996026,False,0.05164646382910095,0.059169521189795515,0.03651684010652973,0.04579359071423437
2012-07-13,0.011834457647002798,False,0.05513118647856757,0.06316184429114975,0.038980727280436764,0.04888340463238264
2012-07-16,-0.005899722127188271,False,0.05432056775839248,0.062233147184239224,0.038407576051923915,0.04816464986884589
2012-07-17,-0.0009107468753384797,False,0.052978172307965046,0.06069521234494446,0.03745842994609952,0.04697438236017501
2012-07-18,0.004091844763533311,False,0.05106315744175607,0.05850124775755524,0.03610441097778484,0.045276387947914117
2012-07-19,0.011727694181359343,False,0.04960976011313366,0.05683614200476486,0.03507678054724495,0.04398769792971012
2012-07-20,-0.0004485310682956321,False,0.04909325862062569,0.05624440457029814,0.03471158608825723,0.043529729344881786
2012-07-23,0.004029555486001642,False,0.04715534181755284,0.054024202046405886,0.0333413742133119,0.04181142837442597
2012-07-24,-0.013042685451753414,False,0.04581257658116821,0.05248584355645999,0.032391966648838234,0.04062083298606072
2012-07-25,0.009461661034047308,False,0.04565031175639111,0.05229994250387723,0.03227723665142918,0.040476956940689104
2012-07-26,0.037839974238721354,False,0.044980240431177126,0.05153226556074481,0.0318034600241701,0.039882821936253345
2012-07-27,0.006026707866860335,False,0.048068649226108096,0.055070545940193595,0.03398713189222445,0.042621234555969244
2012-07-30,0.004709920931164412,False,0.046986339721183996,0.05383058234079922,0.03322188060090911,0.04166157856367083
2012-07-31,0.01484021299162486,False,0.045821960512890975,0.052496594394092384,0.032398601595529354,0.040629153476888995
2012-08-01,0.01046691573871775,False,0.04592375766279374,0.05261321977696783,0.03247057768006052,0.04071941439066516
2012-08-02,-0.013417392062467764,False,0.04539385308880869,0.05200612690759483,0.03209590651837244,0.04024956163832631
2012-08-03,0.012167131428674201,False,0.0453437712402797,0.051948749910641745,0.0320604959458108,0.040205155351744175
2012-08-06,0.0,False,0.045064107324479026,0.05162834888479909,0.03186275844860959,0.03995718455281215
2012-08-07,0.020227727855212155,False,0.04354411292967786,0.04988694523615506,0.030788040294401704,0.03860944462944038
2012-08-08,0.006517334677866347,False,0.04431283999275919,0.05076764855785143,0.031331571858169406,0.039291055138422924
2012-08-09,0.0,False,0.04357099219753539,0.04991773985966163,0.030807045388918573,0.03863327778469839
2012-08-10,-0.0069260818734202725,False,0.04225064200610015,0.0484050614914273,0.02987348647218788,0.03746255723999428
2012-08-13,-0.02399784173462491,False,0.04136453555632983,0.04738988077102807,0.02924696134065709,0.036676869448777856
2012-08-14,0.017435061822101347,False,0.04279492652015538,0.04902862894793769,0.030258325028376037,0.03794516031522548
2012-08-15,-0.00041160733242167496,False,0.04337355216454332,0.049691539819045186,0.030667444618975116,0.03845821278719223
2012-08-16,-0.0020605818129674153,False,0.042103769063758116,0.04823679437244561,0.02976963936720065,0.037332328780774644
2012-08-17,0.02565809661419951,False,0.04082325421365921,0.04676975394142034,0.028864246188882975,0.03619692920834763
2012-08-20,-0.008885357326614229,False,0.04230303689092426,0.048465088451997054,0.02991053248637102,0.037509014436349374
2012-08-21,0.0032401810446258334,False,0.04199602846408857,0.04811335979004626,0.02969346094259189,0.037236797963003665
2012-08-22,-0.021664448370684087,False,0.0411165793003994,0.04710580608610934,0.029071642871977665,0.03645701301607638
2012-08-23,0.0020639842208514275,False,0.04212282836961644,0.04825862994294234,0.029783115326113795,0.037349228176920365
2012-08-24,0.004936250253622592,False,0.04116522946045912,0.047161542848379576,0.029106041163445142,0.036500149861327366
2012-08-27,0.03269716097908623,False,0.04048038640062108,0.04637694245299028,0.028621820121769854,0.035892917139848456
2012-08-28,0.037416679579874774,False,0.04248824329894346,0.04867727286253173,0.03004148342254201,0.03767323219333946
2012-08-29,0.0019109503235446063,False,0.04469923983452077,0.05121033314707132,0.03160477742139028,0.039633665936796784
2012-08-30,0.008743640574558627,False,0.04368221363975104,0.05004516231986558,0.03088568495725855,0.0387318949759997
2012-09-05,0.04194833795803422,False,0.043234920258691925,0.04953271416317843,0.03056942437200544,0.03833529144300301
2012-09-06,0.01542447032563173,False,0.045612975213571764,0.052257167351471574,0.03225083769856425,0.04044385158876779
2012-09-07,-0.007315321576372882,False,0.04561460906683864,0.052259039199190234,0.032251992921092196,0.040445300284423655
2012-09-10,-0.010332195237205301,False,0.0449965311295699,0.0515509292358986,0.031814978428032194,0.03989726647939024
2012-09-11,-0.008193714370309198,False,0.04463717769285505,0.051139230753332904,0.03156089613435047,0.039578637032519945
2012-09-12,0.0007476635862306695,False,0.044118690345019,0.05054521819487503,0.031194297568360764,0.03911890764086439
2012-09-13,-0.005997019472374291,False,0.04308138091908343,0.049356809589372684,0.03046086376400141,0.03819915206084064
2012-09-14,-0.006789916693474136,False,0.04241488843663472,0.048593232799418906,0.02998961757192291,0.03760819032420819
2012-09-17,-0.02219762017977812,False,0.04182247002978246,0.04791452004972397,0.029570745753113133,0.03708290816462527
2012-09-18,-0.020329081638425672,False,0.042554200605618146,0.04875283780862027,0.030088118801677877,0.03773171484021474
2012-09-19,0.002366865010266244,False,0.04308082270431345,0.049356170062516205,0.03046046907600171,0.03819865710616587
2012-09-20,-0.007514371921722733,False,0.042144717210280125,0.04828370721107352,0.029798591918998796,0.03736863644877957
2012-09-21,0.0007936508353095939,False,0.041592180789649574,0.04765068583797786,0.029407918819055967,0.03687871662029354
2012-09-24,-0.030201610940802162,False,0.04051918010451403,0.04642138702313781,0.02864924936623636,0.035927314519003814
2012-09-25,0.015013469261048932,False,0.04198897982184939,0.04810528441071901,0.029688477171728737,0.037230548113278035
2012-09-26,-0.005654296162987103,False,0.042096191471357,0.04822811299368503,0.029764281599996695,0.03732560992454929
2012-09-27,0.00525147641937305,False,0.04142720478546052,0.04746167868333561,0.029291271871332288,0.0367324366418907
2012-09-28,0.013605652055778678,False,0.040729159047344796,0.046661952447875285,0.028797715822845314,0.036113497445262197
2012-10-01,-0.026582314281558474,False,0.040796425146724755,0.04673901683133022,0.028845276589130806,0.03617314056495654
2012-10-02,0.010152371464017908,False,0.04200846564430601,0.04812760862614958,0.02970225470091926,0.03724782569071802
2012-10-03,-0.024127115948085153,False,0.041714607943856716,0.047790946284831215,0.029494481431157987,0.03698726962811652
2012-10-04,-0.008730049209689932,False,0.04263347547343417,0.04884366021200068,0.030144170416016528,0.0378020058259191
2012-10-05,-0.0054427599297701525,False,0.04220926412806144,0.0483576563246476,0.029844230076991357,0.03742586854010965
2012-10-08,-0.00041990342838260923,False,0.041635120493674314,0.047699880333376084,0.02943827950960163,0.03691679015109723
2012-10-09,0.015006534216620272,False,0.04058198689548938,0.04649334253517008,0.028693657160567453,0.035983003684665116
2012-10-10,-0.01879362058586695,False,0.0407521748055099,0.04668832078540475,0.028813989207285083,0.03613390492587651
2012-10-11,-0.008892711577546572,False,0.0412154734484494,0.04721910560276075,0.029141566377365435,0.036544699912798295
2012-10-12,0.006359995998262531,False,0.040815811786971155,0.046761227417221524,0.028858983991140424,0.03619033020008249
2012-10-15,-0.005084756718110102,False,0.04026539942934757,0.04613063950775107,0.028469812718495163,0.03570229372361672
2012-10-16,0.026824743354516036,False,0.039593855453258525,0.04536127540076083,0.02799499484750805,0.035106852957538494
2012-10-17,-0.013741627852296353,False,0.04086423954077374,0.04681670937653394,0.0288932250293687,0.03623326984342737
2012-10-18,0.021978906718775167,False,0.040907704879424606,0.04686650607287378,0.028923957371992232,0.03627180944093049
2012-10-19,0.020702992326375236,False,0.041634420999905476,0.0476990789481832,0.02943778492971719,0.03691616992796901
2012-10-22,0.010789315452739185,False,0.04221686028271366,0.04836635896952069,0.029849600968709665,0.0374326038550055
2012-10-23,-0.007179927134808118,False,0.04197187063077186,0.048085683017536476,0.02967638004931978,0.03721537783373578
2012-10-24,-0.04043842784582837,False,0.04142928597709765,0.047464063030753484,0.02929274338625528,0.03673428198097033
2012-10-25,0.0012497398002342531,False,0.04379919398338216,0.05017918254909512,0.03096839638002158,0.03883561843702077
2012-10-26,-0.007941525541186713,False,0.04279937532915389,0.04903372579056331,0.030261470576683092,0.03794910495970526
2012-10-31,0.0020959974137504853,False,0.042321037591220335,0.0484857112156605,0.02992325995396091,0.03752497519417891
2012-11-01,0.013311344638239287,False,0.04135546157351577,0.04737948503086338,0.029240545544589294,0.036668823781672556
2012-11-02,0.011095244291939687,False,0.041388039712835084,0.04741680864920745,0.02926358004910887,0.03669770997963485
2012-11-05,-0.0012267431511856974,False,0.04119080073211248,0.0471908389470428,0.029124121433981697,0.03652282325000334
2012-11-06,0.007337986452912791,False,0.04024227692731521,0.046104148877560175,0.028453463860374454,0.03568179159596162
2012-11-07,-0.02592204390470424,False,0.03980908883205952,0.04560786064636173,0.028147176474216738,0.035297694856985265
2012-11-08,-0.026183928300836566,False,0.04088623508462201,0.04684190889071787,0.028908777067169798,0.03625277272625507
2012-11-09,0.008945746558458267,False,0.04207658277974745,0.04820564801142536,0.029750417195677094,0.037308223402192586
2012-11-12,0.009706765389546493,False,0.04166106382736298,0.04772960269031237,0.029456622848097646,0.03693979343760748
2012-11-13,0.005862663358152919,False,0.04130047090106109,0.04731648416850395,0.029201664168314958,0.03662006496721
2012-11-14,0.0300248751802628,False,0.04064492939800756,0.046565453527101924,0.028738160910291095,0.03603881318225986
2012-11-15,0.01368230600157806,False,0.04207866845301331,0.04820803749328625,0.02975189187935371,0.0373100727150171
2012-11-16,-0.018149318505677334,False,0.04205376522530976,0.0481795067488741,0.02973428395198048,0.037287991663723964
2012-11-19,0.009720611170621856,False,0.0424037884608296,0.0485805159509667,0.02998176928935698,0.03759834826124257
2012-11-20,0.010026151764212624,False,0.04215791087591889,0.04829882272568392,0.029807920553387865,0.03738033493265412
2012-11-26,-0.009411834182346595,False,0.04181782711141849,0.04790920082288534,0.029567462958998016,0.037078791408365196
2012-11-27,-0.014285957247476541,False,0.04143932164262796,0.047475560536685626,0.029299839143957986,0.036743180347397916
2012-11-28,0.00239521072595485,False,0.041505620117441494,0.047551516347006176,0.029346715747399485,0.03680196549928431
2012-11-29,0.0071514011576250865,False,0.04057443305723554,0.046484688370693236,0.02868831618882893,0.035976305890631
2012-11-30,0.004739345363896568,False,0.04019214827279986,0.04604671825664918,0.028418020193451778,0.035637343807715605
2012-12-03,0.009411834182346597,False,0.03950345200271554,0.045257703374992825,0.027931074723964243,0.035026694543846916
2012-12-04,-0.028103967194499164,False,0.03939152954883373,0.04512947779059488,0.027851939502504423,0.0349274557835369
2012-12-05,-0.012522886335771945,False,0.041000275694617866,0.046972561171423385,0.028989409939434777,0.03635388960109538
2012-12-06,0.005270638595007794,False,0.0410424016980788,0.047020823438955806,0.02901919529972199,0.03639124164454409
2012-12-07,-0.0008090615328061228,False,0.040198878349237306,0.046054428666440106,0.028422778721082714,0.03564331119334092
2012-12-10,-0.01714327698643754,False,0.03902462817516069,0.044709131904457376,0.02759252040961901,0.034602133775159506
2012-12-11,0.002056344545300084,False,0.03942126184555772,0.045163541028048135,0.02787296184256361,0.03495381864608792
2012-12-12,0.02274671591128089,False,0.03839164453799736,0.04398394500965151,0.027144966781459116,0.03404088346952421
2012-12-13,-0.015378692402651271,False,0.03934804513643431,0.045079659242138075,0.027821193673710214,0.03488889927383166
2012-12-14,-0.006957261539411843,False,0.03956843456705814,0.0453321515933754,0.027977020907611262,0.03508431291177455
2012-12-17,-0.004115232145106544,False,0.03920806200600845,0.04491928553621786,0.027722218037967025,0.03476477983357664
2012-12-18,-0.011613568937199217,False,0.03834395157352942,0.04392930487240943,0.027111245278987135,0.03399859534497767
2012-12-19,-0.016404153337068073,False,0.03830763224990696,0.04388769511194666,0.02708556555504926,0.03396639193514717
2012-12-20,-0.01280427224598774,False,0.0386330236657093,0.044260484512127156,0.02731563486516137,0.034254908131851065
2012-12-21,-0.006896579059060329,False,0.03857947553107359,0.0441991363141656,0.02727777344105757,0.0342074283785589
2012-12-27,-0.0035413936967586632,False,0.037984498411778034,0.043517492138407624,0.026857092474316974,0.03367987747448321
2012-12-28,-0.002664299977463062,False,0.03719991428546667,0.04261862194197804,0.026302349110174206,0.03298420691550598
2012-12-31,-0.005797117684325958,False,0.03627320574922685,0.04155692485167483,0.025647116109998154,0.03216251829882974
2013-01-02,0.010233682193013474,False,0.03566971543679736,0.040865527412591834,0.025220415855790042,0.03162741896543008
2013-01-03,-0.001328903850053752,False,0.03556227653304429,0.040742438472499795,0.02514445074649323,0.03153215565366619
2013-01-04,-0.01608613775162438,False,0.03458889916116235,0.039627274553014104,0.024456220358253192,0.03066908698112442
2013-01-07,0.02095017564120376,False,0.03500476126004192,0.040103713004891677,0.024750257328943034,0.031037821204878246
2013-01-08,-0.02320496802829303,False,0.03598284582221438,0.041224269785281854,0.025441815955022515,0.031905063621943765
2013-01-09,0.003605231484960557,False,0.03698944808418477,0.04237749828252107,0.026153538135516356,0.032797591949715196
2013-01-10,0.020481570815645122,False,0.03627656188841168,0.041560769861262906,0.025649489081715895,0.032165494101098
2013-01-11,-0.005745872161892243,False,0.03714179779149942,0.04255203993681596,0.026261257609219234,0.03293267651552953
2013-01-14,0.004864037889579409,False,0.036527026309416476,0.04184771806191749,0.025826580958605502,0.03238757445924071
2013-01-15,0.0013224599679194165,False,0.03591098365259266,0.04114193984721974,0.025391005518775264,0.031841345285014
2013-01-16,-0.006186497857498847,False,0.03503567895060019,0.04013913430600303,0.024772117806483477,0.031065235125644238
2013-01-17,0.019315789299291487,False,0.034537273084550034,0.039568128388735246,0.024419717933010343,0.03062331146723079
2013-01-23,0.0009033424281864037,False,0.03531707298480785,0.04046151746711987,0.024971078590867377,0.03131473997605516
2013-01-24,-0.009070356969964265,False,0.034441185761302937,0.03945804455167424,0.024351779004395804,0.03053811330984746
2013-01-25,-0.010073345252842099,False,0.03421472226396302,0.03919859335770849,0.024191657077177478,0.03033731395322133
2013-01-28,-0.0055376237495436895,False,0.034055752743943506,0.039016467618868914,0.024079257038259548,0.030196359769796483
2013-01-29,0.015610969002385853,False,0.03352509645731328,0.038408513538989136,0.023704054375120354,0.029725840493195255
2013-01-30,-0.007315990564651797,False,0.033994939261120065,0.03894679576926361,0.02403625862047952,0.03014243801918953
2013-01-31,0.011861452936326542,False,0.03362404192374786,0.038521871849292975,0.023774014165378478,0.02981357289260846
2013-02-01,0.0,False,0.03373783641300715,0.03865224215820298,0.023854473016986125,0.02991447153852386
2013-02-04,-0.005913139813040162,False,0.03281695311743959,0.037597218839458144,0.02320335877667164,0.029097948012879606
2013-02-05,0.02433648723048232,False,0.03228173472770685,0.03698403811991747,0.02282493046017319,0.028623383636831416
2013-02-06,-0.010293221334191928,False,0.03373812325540621,0.0386525707833624,0.02385467583005881,0.029914725874299213
2013-02-07,0.006724974907673916,False,0.03361593050733887,0.03851257888730666,0.023768278955761318,0.02980638070836956
2013-02-08,-0.002684565370668987,False,0.03324727720541553,0.038090225879131294,0.02350762115495573,0.029479505310286338
2013-02-11,-0.026329255820046856,False,0.032487565418927535,0.03721985103996544,0.0229704638787862,0.02880588841511358
2013-02-12,0.0022972672634651212,False,0.033996086623972153,0.038948110262174755,0.024037069868001762,0.030143455356311064
2013-02-13,-0.01665933947104286,False,0.03325758204475945,0.03810203176795139,0.02351490723308667,0.029488642346209123
2013-02-14,-0.006554330580097544,False,0.03374636722926813,0.03866201561171939,0.023860504764956547,0.02992203559382117
2013-02-20,-0.0009398496932422736,False,0.033314623664271556,0.0381673823275868,0.02355523873973219,0.029539219682660618
2013-02-21,0.007494180273339816,False,0.03243412550548718,0.037158626827187714,0.022932678972914122,0.028758504618771018
2013-02-22,0.008364361033308954,False,0.03218548124147585,0.03687376391582127,0.022756874045352142,0.028538038147005312
2013-02-25,-0.00789783431619342,False,0.031979178611317056,0.03663741031207632,0.02261100694041358,0.0283551149126088
2013-02-26,-0.008430963288799408,False,0.03169658205622471,0.0363136494654474,0.022411195908798504,0.028104543817867946
2013-02-27,0.007497692105800935,False,0.03147247634054507,0.03605689949827561,0.022252741060592194,0.02790583504557885
2013-02-28,0.0018656721829496967,False,0.031206760360859155,0.03575247812796615,0.022064865507755736,0.02767023152274652
2013-03-01,-0.030276674015729636,False,0.030416598489739027,0.03484721770720783,0.021506178376697757,0.026969615320951885
2013-03-04,-0.013053122244579217,False,0.032699725407472166,0.03746291521139367,0.023120472452544973,0.028994005218492384
2013-03-05,0.010167117355444242,False,0.03281269982805644,0.03759234599671879,0.02320035147129551,0.029094176730612424
2013-03-06,-0.014556297774207487,False,0.03275805595390448,0.03752974244887036,0.023161715300156836,0.029045725413282444
2013-03-07,0.008759180089881554,False,0.03301105457455389,0.03781959399214427,0.0233405989931043,0.02927005278105001
2013-03-08,0.026298431666845656,False,0.03284657970886185,0.037631160974097626,0.023224306377371818,0.029124217149259165
2013-03-11,0.004708106625180459,False,0.0344482014738802,0.03946608220465617,0.024356739492208967,0.030544333961689082
2013-03-12,0.013992765621327785,False,0.03387343227766759,0.03880758952939616,0.023950346618812898,0.030034700903100495
2013-03-13,-0.005107974886052005,False,0.03416583161050146,0.03914258107068049,0.02415708874388234,0.030293963868658354
2013-03-14,-0.008415196925284472,False,0.033591622664850634,0.038484730254611396,0.02375109199790076,0.02978482756982874
2013-03-15,-0.007067167223092443,False,0.03341388871833286,0.0382811067780956,0.023625424495708,0.029627235452200074
2013-03-18,-0.012848142477849024,False,0.032977551532359387,0.03778121074539169,0.02331691053228446,0.02924034649550424
2013-03-19,0.005254370818103639,False,0.03306923135064989,0.03788624506040243,0.02338173311678101,0.02932163663163908
2013-03-20,0.024936601461042145,False,0.03256903551664047,0.03731318844035188,0.023028067639258378,0.02887812585468854
2013-03-21,0.006484506279260935,False,0.03402242441716795,0.03897828453737291,0.02405569211067983,0.030166808399917595
2013-03-22,-0.0032369970461285365,False,0.03364449180678064,0.038545300554720725,0.023788473337479323,0.02983170527775792
2013-03-25,-0.013523171811336599,False,0.0329146729625237,0.03770917299886584,0.023272451986421278,0.029184593685374193
2013-03-26,0.007483664487173048,False,0.033123728683877876,0.03794868072151354,0.023420265675569624,0.029369958014901984
2013-03-27,0.001862197931064621,False,0.032841817192523354,0.037625704728102935,0.023220939021027478,0.0291199943485521
2013-04-02,-0.005970166986503796,False,0.032071327599754756,0.03674298213867853,0.02267616125355093,0.028436821049842322
2013-04-03,-0.009720048756583404,False,0.031614830417173986,0.03621998951313936,0.02235339308339035,0.028032056742832285
2013-04-04,-0.004194832532025684,False,0.031508895812172096,0.03609862399475395,0.02227849159457975,0.027938127254068384
2013-04-05,-0.004212503303947625,False,0.03090676232698494,0.0354087810245022,0.021852750690534016,0.02740423098447598
2013-04-08,0.024555322243955454,False,0.030326114175583556,0.03474355303886805,0.021442201078211303,0.02688938520757558
2013-04-09,0.015440815402903431,False,0.031947576348477384,0.03660120472079082,0.02258866243328644,0.028327093999213595
2013-04-10,-0.0022558096640117814,False,0.032383053770242094,0.03710011575214523,0.022896568496965974,0.028713220625105583
2013-04-11,0.008992866360563807,False,0.031586047902073124,0.03618701440679343,0.022333042290250283,0.02800653602721046
2013-04-12,0.012013492648823754,False,0.031484770707905244,0.03607098471875537,0.02226143384251407,0.02791673614480696
2013-04-15,-0.00799293775776154,False,0.031668934027930605,0.036281974100384314,0.022391647259121007,0.02808002902250954
2013-04-16,0.02248276316910763,False,0.03141812375437352,0.03599462966873143,0.02221431084579239,0.02785764200580683
2013-04-17,0.0021772270738655403,False,0.03266681201603712,0.037425207506595365,0.02309720090666771,0.028964821761104452
2013-04-18,0.0047732787526575905,False,0.03192899790811017,0.03657992006082614,0.02257552647225408,0.028310620974127114
2013-04-19,0.0038885337396923746,False,0.031412562808844774,0.03598825869074178,0.022210378956875727,0.0278527112584788
2013-04-22,-0.008661812492350146,False,0.030857397938862507,0.03535222599648137,0.02181784740124032,0.027360460851577482
2013-04-23,0.007367313929704382,False,0.030672852520639077,0.03514079885850376,0.02168736382056465,0.027196829177233317
2013-04-24,0.0025873235649509544,False,0.03043607484185095,0.03486953107280048,0.02151994920984295,0.02698688450128088
2013-04-25,0.015808917149838227,False,0.029781866498503506,0.034120027785173146,0.0210573885677547,0.02640681479474253
2013-04-26,0.0021172991183137494,False,0.030343747091481247,0.034763754444995264,0.02145466850236213,0.026905019860441446
2013-04-29,-0.012343208422991178,False,0.029620714170317926,0.03393540128046386,0.020943445165538033,0.026263925171476236
2013-04-30,0.01403382590089872,False,0.029856009565359238,0.03420497086626991,0.021109811721570955,0.02647255554456665
2013-05-01,0.019653570082776815,False,0.030272284521239208,0.03468188231376465,0.02140414060446451,0.026841655838000723
2013-05-02,-0.0004141644291962591,False,0.031241309188955395,0.0357920594945218,0.022089293395706266,0.027700865079745327
2013-05-03,-0.004151106002378575,False,0.030357793843961013,0.03477984731093183,0.02146460031523546,0.026917474754469647
2013-05-06,-0.005840650729541842,False,0.02983023227880966,0.034175438743649526,0.021091585787372906,0.02644969948778257
2013-05-07,-0.0025136167403160123,False,0.029471416870083585,0.0337643566606613,0.02083788390854599,0.026131547096487507
2013-05-08,-0.0020995178822826787,False,0.02882047536906067,0.03301859607837744,0.020377633100471023,0.025554374014988817
2013-05-09,-0.018240166354840028,False,0.028151000461981542,0.03225160243034118,0.019904278173054533,0.02496076783916856
2013-05-10,-0.016400885539416668,False,0.028816342794963423,0.03301386153485816,0.020374711147323622,0.025550709767859878
2013-05-13,0.007370508111633513,False,0.029520443765754828,0.03382052503555505,0.020872548572443802,0.02617501798351256
2013-05-14,0.01159557763732816,False,0.02929356672277693,0.03356060005702448,0.020712134246117786,0.02597385194660895
2013-05-15,-0.0038502721362327044,False,0.029517601762039013,0.03381726905273228,0.020870539122278615,0.02617249805193697
2013-05-16,-0.016857974332113917,False,0.028902306236594653,0.03311234679994771,0.020435491944697126,0.025626931339882187
2013-05-17,0.002612104227924961,False,0.029650561931194995,0.03396959680110062,0.02096454914499135,0.02629039041312112
2013-05-20,0.0004346881181248389,False,0.02897049045058491,0.03319046303473692,0.02048370186761287,0.02568738852818019
2013-05-21,0.018941590845013807,False,0.02807328270619439,0.032162563954965834,0.01984932752104264,0.02489185750463874
2013-05-22,-0.012012156448003545,False,0.02913971193985209,0.03338433409100314,0.020603350602647397,0.02583743286897372
2013-05-23,-0.014782877902580715,False,0.02936229080517335,0.03363933479989207,0.02076072588516286,0.026034787822332935
2013-05-29,0.0022650066308520615,False,0.029861210660292563,0.0342109295761999,0.021113489176675868,0.026477167221629978
2013-05-30,0.0004523863456477932,False,0.029159042287768555,0.03340648018476929,0.02061701820293858,0.025854572591139005
2013-05-31,-0.009086841261979731,False,0.028233067562483637,0.03234562379564146,0.019962304046751485,0.025033534625756946
2013-06-03,0.024792795702922053,False,0.028183301639327016,0.032288608743178446,0.01992711685049585,0.024989408462074345
2013-06-04,0.016339511231406947,False,0.0301307775845708,0.03451976283709708,0.021304087555384824,0.026716185277955006
2013-06-05,0.010890981098194577,False,0.030779628463042448,0.035263128267299354,0.021762860180371005,0.02729150465822514
2013-06-06,0.02355064955891757,False,0.030785189573385136,0.035269499434110486,0.021766792185820026,0.02729643555168945
2013-06-07,0.00042310133908102915,False,0.03220201310118197,0.03689270388093534,0.022768562963291415,0.028552696521674144
2013-06-10,-0.0016934805063330315,False,0.031213037903876393,0.03575967008627345,0.02206930406981065,0.027675797658630936
2013-06-11,-0.0021208915691376244,False,0.030365704245649567,0.03478890997748495,0.021470193396585523,0.026924488704127638
2013-06-12,0.007192753667097946,False,0.029584805831936577,0.03389426237121005,0.020918056030368937,0.026232086171685178
2013-06-13,-0.027352132489625862,False,0.02931853178246698,0.03358920164014976,0.02072978589204592,0.025995987822733702
2013-06-14,-0.027230492329601685,False,0.031244419803647915,0.03579562321541025,0.02209149276834358,0.027703623181763122
2013-06-17,-0.01119331140396108,False,0.033016173790208214,0.03782545889588939,0.023344218555135465,0.02927459185786324
2013-06-18,0.016964692573575888,False,0.03305823595198849,0.03787364802227338,0.02337395877590543,0.02931188729453623
2013-06-19,-0.01023368219301352,False,0.033632781497130476,0.038531884468436924,0.02378019351591191,0.029821322047474605
2013-06-20,-0.029040153221163687,False,0.03350083405355949,0.03838071696383975,0.023686899544899855,0.02970432764401121
2013-06-21,-0.00046051117553424034,False,0.0353579431799405,0.040508340999606714,0.02499997602682195,0.03135097852656868
2013-06-24,-0.0009216590514174637,False,0.0343041524266809,0.03930105032214757,0.02425488903364745,0.030416609377639188
2013-06-25,0.010091828768592107,False,0.03329918289565329,0.03814969238682013,0.02354432128213779,0.02952552875038774
2013-06-26,-0.005033183812331846,False,0.03325513929516958,0.03809923319641516,0.023513180077158073,0.02948647642299498
2013-06-27,-0.0009178522902288858,False,0.03265679158044476,0.037413727449062774,0.023090115917353927,0.02895593689867102
2013-06-28,0.007319337342269702,False,0.031746417706557076,0.03637074440186174,0.022446432405934375,0.028148731806843335
2013-07-01,0.003185440691286154,False,0.03148379237224442,0.03606986387430016,0.022260742106347677,0.02791586867974718
2013-07-02,0.0009082652758814336,False,0.030869732068273266,0.03536635677093172,0.021826568297080087,0.02737139720679285
2013-07-03,0.021110148396122793,False,0.030023913535293097,0.03439733248738161,0.021228528899258373,0.02662143167486454
2013-07-05,-0.016129381929883644,False,0.03128485273863548,0.035841945794462884,0.02212008103775278,0.02773947402495585
2013-07-08,-0.015934778323962267,False,0.031808639172612466,0.03644202932790057,0.022490426343925115,0.02820390197995739
2013-07-09,0.00549200465084672,False,0.032281930139699745,0.036984261996504494,0.02282506862700922,0.028623556903617946
2013-07-10,-0.003657983045522579,False,0.031799165478033437,0.03643117565214855,0.022483727930045216,0.02819550189871389
2013-07-11,0.027559910092643025,False,0.03114171840409502,0.03567796186579346,0.02201887733045804,0.02761256049308676
2013-07-12,-0.0013377928416599422,False,0.03292890937840053,0.03772548315542717,0.02328251790156282,0.029197216749056898
2013-07-15,-0.00671594196543683,False,0.03207533889970632,0.0367475777427119,0.022678997459325542,0.02844037776630643
2013-07-16,0.030090765853825946,False,0.031707549112781834,0.03632621403303316,0.02241895021027519,0.02811426802475612
2013-07-17,0.002612104227924961,False,0.033737119467161285,0.038651420778784654,0.023853966097540393,0.029913835841087956
2013-07-18,0.02022879393378249,False,0.03298496177963895,0.03778970040278393,0.023322149977446728,0.02924691697111578
2013-07-19,0.007217182674965262,False,0.03392029083127086,0.038861273711715535,0.023983478147724852,0.030076249177001108
2013-07-22,-0.006791197578001733,False,0.03354671562361836,0.038433281850775734,0.02371934029366478,0.029745009651738888
2013-07-23,0.0046738984596879935,False,0.03325597494009211,0.03810019056515418,0.023513770923263677,0.029487217367848265
2013-07-24,0.00042381861198062754,False,0.032654237881068415,0.03741080176629268,0.023088310313932273,0.028953672599135734
2013-07-25,-0.005523702168632292,False,0.031766527191403084,0.036393783125164246,0.0224606508981273,0.02816656236967837
2013-07-26,-0.0059829238295935104,False,0.03129288165590508,0.035851144240112265,0.0221257579160214,0.027746593059330384
2013-07-29,-0.02297955007294347,False,0.03089632282452814,0.035396820856931535,0.021845369398307155,0.02739497454623562
2013-07-30,0.0030654720742946395,False,0.0321434828293717,0.03682564782517937,0.02272717889904725,0.02850079923552999
2013-07-31,0.004798264385919742,False,0.031498112732659775,0.036086270203140904,0.02227086737481302,0.027928566174892464
2013-08-01,0.0013046316266649492,False,0.031039725380563876,0.03556111207745158,0.021946762752689607,0.027522125903203753
2013-08-02,-0.0043554075818703335,False,0.03030199763905969,0.03471592357862862,0.021425149384002782,0.026868001695111433
2013-08-05,0.031366696072493316,False,0.029831483993963025,0.03417687278928981,0.02109247081760974,0.026450809351404862
2013-08-06,0.004221196643624561,False,0.03206776091443434,0.036738895913853105,0.022673639414340658,0.028433658561732585
2013-08-07,0.028241079501036652,False,0.03158130978396999,0.03618158611299133,0.022329692184776446,0.02800233485979097
2013-08-08,0.0097800290536397,False,0.03331204929299417,0.03816443296175313,0.02355341852015971,0.029536937053882523
2013-08-09,-0.0012172856037517487,False,0.03328586929471534,0.03813443946659277,0.023534907847012742,0.02951372392296911
2013-08-12,0.004051869400878319,False,0.03244837795652527,0.03717495535466436,0.022942756225780965,0.02877114190041866
2013-08-13,-0.018364115342027327,False,0.03197126244949842,0.03662834104634654,0.022605409786340354,0.02834809585559165
2013-08-14,0.011466137087644225,False,0.03272445056673237,0.03749124194910817,0.023137954475908686,0.029015928381078172
2013-08-15,-0.008176660437245444,False,0.032772638223135656,0.03754644883734886,0.02317202575230449,0.02905865513623632
2013-08-16,0.003687773079184836,False,0.032597176171538976,0.03734542819023721,0.023047964602559142,0.028903077449382746
2013-08-19,0.007740922744438099,False,0.03206479390251202,0.03673549671356344,0.022671541576619953,0.028431027788596498
2013-08-20,0.005262104835949153,False,0.03191528324511707,0.03656420765803189,0.022565829464588825,0.02829846053530272
2013-08-21,-0.023280610338627453,False,0.031413544470106504,0.03598938334521995,0.022211073044421624,0.02785358167226334
2013-08-22,0.0,False,0.03258316331496054,0.03732937415763217,0.02303805675591927,0.02889065260997818
2013-08-23,0.0028883865758692123,False,0.03178073518294307,0.03641006071697134,0.022470696715727077,0.028179160230232893
2013-08-26,0.008206857716070232,False,0.031123541970601878,0.035657137770841174,0.02200602561000391,0.027596443917152665
2013-08-27,-0.011095244291939593,False,0.03102299856394417,0.0355419487571187,0.021934935989679962,0.027507294665255505
2013-08-28,0.01761257896980574,False,0.03119679684546805,0.03574106328188859,0.022057820764099328,0.02766139712999109
2013-08-29,-0.002846108853504828,False,0.031571248103905124,0.036170058803129956,0.02232257803339239,0.02799341342694491
2013-09-04,0.032022440568406224,False,0.030972565093277688,0.03548416891915825,0.02189927680127087,0.027462576604370615
2013-09-05,0.028283104114561117,False,0.033118792797828,0.03794302585199168,0.023416775737473104,0.0293655814917323
2013-09-06,-0.0007858546573390916,False,0.0347376186479548,0.03979765719245715,0.024561373069925684,0.030800952723800245
2013-09-09,-0.0071006215495763155,False,0.03391028372973937,0.03884980893054338,0.023976402586312465,0.03006737613753638
2013-09-10,0.0071006215495763685,False,0.03360525888101797,0.038500352783660666,0.02376073353942214,0.029796918451871008
2013-09-11,-0.00039315903789311326,False,0.03318965846337377,0.038024214130689994,0.023466881591502932,0.029428416254136034
2013-09-12,0.00783396094195155,False,0.03237403589387097,0.03708978429114155,0.022890192371184455,0.028705224706139718
2013-09-13,0.005059360860173085,False,0.0321701848718908,0.03685623940790367,0.02274605868567532,0.02852447524964008
2013-09-16,0.023024808398153674,False,0.03175165726673862,0.03637674718006187,0.022450137058047846,0.028153377590052618
2013-09-17,-0.008381001438230572,False,0.03297379863520675,0.037776911184276896,0.023314257031248786,0.029237018898153732
2013-09-18,0.0034370856827063557,False,0.032866595680888844,0.037654092563081235,0.02323845875094971,0.029141964796683486
2013-09-19,0.002665145304936535,False,0.03229326631086618,0.03699724944560195,0.022833083912455962,0.028633608394933598
2013-09-20,-0.008400202125266668,False,0.03167926668067654,0.036293811854032285,0.022398953002829777,0.02808919071986031
2013-09-23,0.0007665772701954624,False,0.03154745542357838,0.03614280037344513,0.022305755323011434,0.027972317069438566
2013-09-24,-0.0026855953221736747,False,0.030726626931027113,0.03520240629256647,0.021725385233849797,0.027244509563413434
2013-09-25,-0.01159209271282118,False,0.029810322508567227,0.03415262882628244,0.021077508504194205,0.02643204600674826
2013-09-26,0.009284399381004312,False,0.029973787405834652,0.034339904759338735,0.02119308701768735,0.02657698612552152
2013-09-27,0.016043124840575684,False,0.029905251448225645,0.034261385544365405,0.021144628393030343,0.026516217055206456
2013-09-30,0.0003788596370377704,False,0.0304850758544156,0.03492566979433735,0.021554595572986075,0.027030332438421244
2013-10-01,-0.0022753138371355394,False,0.029643406320200124,0.033961398871465244,0.02095948974143898,0.026284045716951913
2013-10-02,-0.0007595898580185669,False,0.028982017180631113,0.03320366880038188,0.020491851888482474,0.02569760898315182
2013-10-03,-0.018018505502678365,False,0.028223402087674772,0.03233455040408449,0.019955470033888242,0.025024964497917787
2013-10-04,0.010007781756599256,False,0.02915499669803825,0.03340184529615301,0.020614157752437905,0.025850985470810297
2013-10-07,0.03314804431887574,False,0.029206576796262713,0.03346093878462423,0.020650627668476577,0.025896720216850355
2013-10-08,0.007014981693084272,False,0.03175418061853141,0.03637963809468221,0.02245192120408841,0.028155614981166352
2013-10-09,-0.005534048434641443,False,0.031465728729082085,0.03604916899922807,0.02224797013475088,0.027899852112097535
2013-10-10,0.009572974431890903,False,0.0310601252468785,0.03558448348049993,0.02196118656026859,0.02754021393981606
2013-10-11,0.006210065619577911,False,0.03108006538711445,0.035607328191691046,0.021975285316673428,0.027557894349142263
2013-10-14,-0.01209027366898456,False,0.030635786301895545,0.03509833340680065,0.021661156001425468,0.02716396351471512
2013-10-15,0.017175646052264015,False,0.030939063738900166,0.03544578760607771,0.021875589533828815,0.027432871815368732
2013-10-16,-0.004721272615921776,False,0.03154496970664654,0.03613995257574969,0.022303997786850768,0.027970113048187757
2013-10-17,0.007254293691652128,False,0.031009948427524924,0.03552699767884268,0.021925708838203203,0.02749572344504718
2013-10-18,-0.01676424100367966,False,0.03068239668867894,0.03515173327319946,0.021694112062988654,0.02720529174548139
2013-10-21,0.0033021493957590318,False,0.031349638448289946,0.035916168483413675,0.02216588803450029,0.0277969178468962
2013-10-22,0.014184634991956381,False,0.030713046784514687,0.035186848000531484,0.02171578333660358,0.027232468396891616
2013-10-23,-0.020062682776147343,False,0.03105181126604242,0.0355749584476365,0.02195530812665802,0.02753284214691126
2013-10-24,-0.010370463311631573,False,0.03204070245205501,0.03670789599354074,0.022654507619615967,0.02840966651930242
2013-10-25,0.010001935575748758,False,0.03204335911207503,0.03671093963466725,0.022656386021775107,0.02841202211139148
2013-10-28,-0.01074681456735933,False,0.031976544410100734,0.03663439240120438,0.02260914441784198,0.028352779234163156
2013-10-29,-0.009358106848552615,False,0.03202810608821921,0.03669346478641371,0.022645601309870585,0.02839849764756915
2013-10-30,0.0003760105327249878,False,0.031967466519837125,0.03662399218441337,0.022602725858996253,0.028344730102422867
2013-10-31,0.006370641744607785,False,0.031109366826505044,0.03564089781118427,0.021996003017321013,0.02758387518158088
2013-11-01,-0.009759837231326928,False,0.03074443368892341,0.03522280686330357,0.021737975573685384,0.027260298357506846
2013-11-04,0.0011310086031272148,False,0.030743058254748313,0.03522123107716964,0.021737003067416317,0.027259078795411035
2013-11-05,0.03042906385028825,False,0.029969151272034217,0.03433459330533384,0.021189809020625183,0.026572875384959373
2013-11-06,-0.002195390563435615,False,0.031991788020451974,0.03665185646473971,0.022619922473890202,0.028366295351273167
2013-11-07,-0.01997846693088639,False,0.031312271623154156,0.03587335863763249,0.022139467670401647,0.027763785644424006
2013-11-08,-0.010896219021017813,False,0.032257696502563805,0.03695649837824855,0.02280793413634165,0.02860206956105384
2013-11-11,-0.023314642895298537,False,0.032334723898623005,0.03704474593297758,0.022862396666729474,0.028670367771374498
2013-11-12,0.008087854601698906,False,0.03353518331268008,0.038420069691300726,0.02371118632680297,0.029734784248333836
2013-11-13,0.015226788293599552,False,0.033314503455464974,0.03816724460862212,0.023555153745611707,0.029539113096604563
2013-11-14,0.005275068750587933,False,0.033712787237494754,0.03862354420656448,0.023836761896627274,0.02989226107906357
2013-11-15,0.0277950077647518,False,0.03322079606760821,0.03805988737909758,0.02348889755989318,0.029456025166700737
2013-11-18,0.015953927942241684,False,0.034715232190878395,0.03977200982285736,0.024545544635353363,0.03078110322827058
2013-11-19,0.00538117890451675,False,0.0351043545232372,0.040217813472960384,0.02482067514650793,0.03112612798901261
2013-11-20,0.005352376738591839,False,0.034549875252223805,0.039582566245113526,0.024428628346382722,0.030634485485077866
2013-11-21,-0.004994658974090536,False,0.03398873519746794,0.038939687993657865,0.02403187201230543,0.030136937035567673
2013-11-22,0.0014295928095943715,False,0.033475670442868866,0.03835188790787771,0.023669107512687675,0.029682015717822578
2013-11-25,0.0028530689824064807,False,0.03264423201926785,0.037399338405436265,0.02308123562907663,0.028944800658908525
2013-11-26,-0.01254271952992373,False,0.03197087208881851,0.036627893823965585,0.022605133780250586,0.02834774973282
2013-12-02,0.01069147746567417,False,0.03221413113990621,0.03690658708795306,0.022777131071341602,0.028563441274837367
2013-12-03,-0.0017739937240632685,False,0.03222222653942118,0.03691586169995217,0.02278285495614938,0.02857061925730842
2013-12-04,-0.01394622997113342,False,0.03154341173073868,0.03613816765802911,0.02230289621371489,0.027968731631033944
2013-12-05,-0.005416153337562074,False,0.03195121440693993,0.036605372715292864,0.0225912347371641,0.02833031977205217
2013-12-06,0.018296474520619502,False,0.03154105211525041,0.036135464330283494,0.022301227838087412,0.027966639420688815
2013-12-09,-0.01865859655970246,False,0.03220315213223833,0.03689400882840373,0.022769368319783958,0.02855370647120677
2013-12-10,0.007936549595736342,False,0.03301473191481173,0.037823806990405454,0.023343199071333417,0.029273313384045832
2013-12-11,-0.006488847569455598,False,0.03276974343626615,0.03754313238273965,0.023169978981598054,0.02905608840319636
2013-12-12,0.01150677924552455,False,0.032369065465312576,0.037084089847493264,0.022886678009668277,0.02870081755501645
2013-12-13,-0.005017931676068992,False,0.032404063330169285,0.037124185659533536,0.022911423390867488,0.02873184926135792
2013-12-16,0.0032287023563722537,False,0.031971607322036764,0.036628736154577624,0.022605653629856566,0.028348401645198508
2013-12-17,-0.00754991901928469,False,0.03129394801091857,0.03585236592521688,0.02212651188662533,0.0277475385688856
2013-12-18,-0.0003609456815942414,False,0.031074227455151027,0.03560063988017069,0.021971157583383374,0.027552718005068928
2013-12-19,0.007552634354938094,False,0.030248917076950786,0.03465511106192153,0.02138761855893585,0.026820936526349055
2013-12-20,0.009982257577790414,False,0.03003299685695158,0.034407738926729006,0.021234951298393707,0.02662948562248292
2013-12-23,-0.003909725968410837,False,0.030042413251225655,0.03441852695555466,0.021241609197862377,0.02663783489702024
2013-12-24,0.004264398786457518,False,0.029541112392083263,0.033844204347415606,0.020887162407872195,0.02619334432271444
2013-12-26,-0.013207402406268484,False,0.029042060778547797,0.033272458620165056,0.0205343059560407,0.02575084809661959
2013-12-27,0.0007183908354936538,False,0.02941727743917675,0.03370233103554114,0.020799604406033963,0.026083543056004636
2013-12-30,-0.02656150330109818,False,0.02863838889509211,0.032809986065589165,0.020248888126227015,0.025392922623251594
2013-12-31,-0.0011068069751911064,False,0.030391711235215946,0.03481870526270182,0.021488581743226064,0.026947548432666904
2014-01-02,-0.02731694646269725,False,0.02964403724327965,0.03396212169765227,0.020959935838141572,0.026284605140214107
2014-01-03,0.023618717395606843,False,0.03137093996109805,0.035940572870859146,0.02218094935486125,0.02781580535025667
2014-01-06,-0.011927088835990406,False,0.0326230472609882,0.037375067779511585,0.023066256860474903,0.028926016678784573
2014-01-07,0.002995135148092637,False,0.03274349060896542,0.03751305544995288,0.023151416814398043,0.02903281069666297
2014-01-08,0.00930239266231341,False,0.03207363362052704,0.03674562406485959,0.02267779173481877,0.028438865739131677
2014-01-09,-0.005943553900847994,False,0.031974450201999065,0.0366319931412849,0.022607663699575353,0.0283509223537193
2014-01-10,0.010378150968713688,False,0.031615088383298934,0.03622028505577607,0.022353575479377205,0.02803228547475831
2014-01-13,0.0,False,0.031603932041754434,0.0362075036310961,0.022345687343188397,0.028022393433741764
2014-01-14,0.014641549992948187,False,0.030738157199712735,0.03521561611230506,0.021733537756728642,0.027254733156005597
2014-01-15,-0.001454545710994324,False,0.031152077672896676,0.03568983011251213,0.022026201893156128,0.027621745790209363
2014-01-16,0.0018178518003674612,False,0.030422968660585768,0.03485451578593296,0.021510682431632313,0.026975263587549588
2014-01-17,-0.019439453150186907,False,0.029729800842371312,0.034060378010234656,0.02102057533604319,0.026360649516998142
2014-01-21,-0.007808182447811699,False,0.030645490237559466,0.03510945086159467,0.021668017208191066,0.027172567744804935
2014-01-22,0.006696453595121294,False,0.030472879517187346,0.034911696883501604,0.021545972103663505,0.027019518259988974
2014-01-23,0.03425991039659211,False,0.030185837720545356,0.03458284328134666,0.02134301804612045,0.026765005683933474
2014-01-24,0.00035823034594081947,False,0.032541121150491,0.03728120794145758,0.023008330674328347,0.028853374904406134
2014-01-27,0.03415223658397222,False,0.03174557260048716,0.03636977619382184,0.022445834870286428,0.028147982473034076
2014-01-28,0.005522968819776455,False,0.03394717160110522,0.03889207005598364,0.024002484304220476,0.03010008366402332
2014-01-29,0.004465059796719395,False,0.03343062825166719,0.038300284667517226,0.0236372602501219,0.029642077965731997
2014-01-30,-0.0020583197661543586,False,0.03286188744233495,0.03764869850121858,0.02323512977193142,0.029137790122691565
2014-01-31,-0.00034346557095336184,False,0.032251041688092126,0.03694887419342151,0.022803228822986507,0.028596168908277233
2014-02-03,0.001030043009526921,False,0.031408205023195884,0.0359832661303383,0.02220729776699435,0.027848847322061273
2014-02-04,-0.012778623203602185,False,0.03066977608384681,0.035137274294022997,0.021685188613549258,0.02719410137988035
2014-02-05,0.0024301348532918907,False,0.030921105090031854,0.035425213019243076,0.021862891798870167,0.02741694834345829
2014-02-06,0.0006932409289764863,False,0.030246133600019702,0.034651922131159495,0.021385650490369355,0.02681846848896771
2014-02-07,0.012396852976828502,False,0.02946984917395552,0.03376256060682931,0.020836775462689295,0.02613015706066452
2014-02-10,-0.004115232145106544,False,0.029696330452406102,0.034022032171982686,0.020996909962113484,0.026330972183344008
2014-02-11,0.0017167386190545491,False,0.029240950894431426,0.03350031996930135,0.020674932012928634,0.02592719884531789
2014-02-12,0.008879839769402252,False,0.028550962406293606,0.03270982463926906,0.020187072875465714,0.02531540380494742
2014-02-13,-0.0040885917262614944,False,0.028500253480357507,0.032651729221979384,0.020151218925299644,0.025270441504961886
2014-02-19,-0.006510216586000539,False,0.02806772235438562,0.032156193657180095,0.019845396051918082,0.02488692728374694
2014-02-20,0.013995790838663803,False,0.02787360464963214,0.03193379989015022,0.019708144347526747,0.02471480810921289
2014-02-21,-0.00714410250613203,False,0.028324827449786587,0.032450749842878907,0.020027183244365532,0.025114895757025104
2014-02-24,0.002046385434463331,False,0.02817134987003949,0.03227491602515512,0.01991866630392006,0.02497881113574287
2014-02-25,-0.012341603340541293,False,0.027518059957807015,0.03152646495147022,0.019456755042247965,0.024399555778444715
2014-02-26,0.0034435295735461137,False,0.02789134515095425,0.03195412455308106,0.0197206878403849,0.02473053815530662
2014-02-27,0.008216410482249505,False,0.027368717843890007,0.03135536899022142,0.019351162099561236,0.024267137968316532
2014-02-28,0.0006816632847458644,False,0.027295855333283013,0.03127189299698463,0.019299644368194372,0.02420253265477194
2014-03-03,-0.014067825070767618,False,0.02652260400767778,0.0303860063882357,0.01875291390640082,0.023516910598609927
2014-03-04,0.009970857919816712,False,0.02713273159872596,0.03108500792194115,0.019184307075168643,0.024057895036196517
2014-03-05,0.0051185916225767744,False,0.027378608533794598,0.03136670040272292,0.01935815535166431,0.024275907788586727
2014-03-06,0.0,False,0.026987672012574758,0.030918818300809326,0.01908174211097417,0.023929274433257163
2014-03-07,0.009485165964054737,False,0.02621063013830811,0.030028588994947883,0.018532331526494136,0.02324029139512052
2014-03-10,0.00269360432222296,False,0.026221399948380575,0.030040927584234486,0.018539946364050007,0.02324984070862551
2014-03-11,0.008704440630146318,False,0.025621637025401114,0.029353800482996417,0.01811588157555378,0.022718046355552714
2014-03-12,-0.01545210455892161,False,0.025786055145189432,0.029542168489274507,0.018232134068866656,0.02286383167221069
2014-03-13,0.019112065390408706,False,0.02656215740051291,0.030431321307050493,0.018780880291991334,0.023551981574405
2014-03-14,-0.0046604611650705756,False,0.02763588020627062,0.03166144742986647,0.019540060323103087,0.024504023961471635
2014-03-17,0.0109508311867517,False,0.027586561003227275,0.03160494416878758,0.01950518898210141,0.02446029389302024
2014-03-18,-0.005294519316974099,False,0.027694743174821238,0.031728884644473744,0.01958167962191648,0.024556216241255813
2014-03-19,0.0036429912785010087,False,0.02735994887815181,0.031345322697298526,0.019344961967044497,0.0242593627520049
2014-03-20,-0.01700324344484141,False,0.02680929009923724,0.030714452471698035,0.018955616461233702,0.023771107780120353
2014-03-21,-0.005732607167623189,False,0.027773540167596235,0.03181915956337468,0.019637393352784124,0.024626083507456088
2014-03-24,-0.005765659519749878,False,0.02740608946717309,0.03139818433306973,0.019377585856209235,0.024300274425182483
2014-03-25,0.003056548482548874,False,0.027093083774284973,0.031039584816185968,0.019156273921331155,0.024022740330326076
2014-03-26,0.004736138758289086,False,0.026474619150080956,0.030331031839392248,0.018718986019717308,0.02347436365993585
2014-03-27,-0.002703617733366702,False,0.026032902256418387,0.029824972466461253,0.01840666831232104,0.02308270465484151
2014-03-28,0.009430854674549856,False,0.02547446419840005,0.029185189796800803,0.01801182243591147,0.02258755199632137
2014-03-31,-0.009430854674549925,False,0.02553428258184604,0.02925372159635554,0.0180541172646718,0.022640591417912307
2014-04-01,-0.004069181606725743,False,0.025678695811489058,0.029419170709768693,0.018156225219895836,0.022768638913165343
2014-04-02,-0.00887377836575136,False,0.02528815967263879,0.028971747311730328,0.01788009507117148,0.022422360566581825
2014-04-03,0.0,False,0.025332723846989973,0.02902280290514527,0.01791160434999929,0.02246187447342952
2014-04-04,0.016658552830155923,False,0.02453778637092341,0.028112071243238536,0.017349540608244052,0.0217570238655959
2014-04-07,-0.0023628702976677108,False,0.025437281007933753,0.029142590334745085,0.017985531911444946,0.022554582617986048
2014-04-08,0.011090686694158138,False,0.024883550256809227,0.02850820065957738,0.017594014355319657,0.022063603807378804
2014-04-09,0.006330189387365966,False,0.025130996686491932,0.028791691254652748,0.017768972349298782,0.02228300819026326
2014-04-10,-0.013710296684988549,False,0.02494487616101593,0.02857845957218075,0.01763737508270101,0.02211797990884269
2014-04-11,0.005707586419364569,False,0.025550470943498552,0.029272268027936917,0.018065563310929827,0.02265494522169454
2014-04-14,-0.0026818655028275555,False,0.025325477357559252,0.029014500859310313,0.017906480690483107,0.022455449197689374
2014-04-15,-0.009443577770342918,False,0.02476613190449336,0.028373678619338295,0.01751099323675326,0.021959491975326074
2014-04-16,0.0016929071251530464,False,0.024882657703924223,0.028507178093404858,0.017593383272210147,0.022062812403699318
2014-04-17,0.015108563372274742,False,0.024216411603947278,0.027743883575107323,0.017122311285849904,0.021472069128065645
2014-04-21,-0.004676027224257288,False,0.025027127565176027,0.028672692087642903,0.017695531269041095,0.022190910112742847
2014-04-22,0.002006689636589027,False,0.024725539300172752,0.02832717311279588,0.017482292072499534,0.021923499557443726
2014-04-23,0.0013355594639642174,False,0.024282140733944017,0.027819187107271662,0.017168785331747306,0.021530349456551124
2014-04-24,-0.009723463029392147,False,0.023547267476573815,0.026977268889643767,0.01664919023755556,0.02087875624610009
2014-04-25,-0.007779508201583997,False,0.023752205396116742,0.02721205899285612,0.016794092418360766,0.021060469426704864
2014-04-28,-0.00340136382349029,False,0.023712394637255586,0.02716644921891668,0.016765944061085756,0.021025170251076045
2014-04-29,0.0017021280705303626,False,0.023439250232610186,0.02685351736569203,0.016572816210485283,0.020782980134951064
2014-04-30,0.011498266687373079,False,0.022745474042092435,0.026058682599430935,0.016082278962810663,0.020167826636330523
2014-05-01,-0.019695033891551597,False,0.02318133202537018,0.02655802962660848,0.01639045410403959,0.02055429069632501
2014-05-02,-0.002059732963010616,False,0.024503802439300594,0.028073137058529925,0.01732551213261854,0.02172689118776639
2014-05-05,0.0037729422222027528,False,0.023892702211036853,0.027373021208875834,0.016893431256792983,0.02118504433778483
2014-05-06,-0.0027425454283063516,False,0.02342710572063202,0.02683960382920656,0.01656422938441436,0.020772211908634687
2014-05-07,-0.007235173680779337,False,0.02294019555785851,0.026281768131314682,0.016219957594208544,0.02034048119455456
2014-05-08,-0.003116885640253111,False,0.022862048152250507,0.026192237421383584,0.01616470315656165,0.02027118990058264
2014-05-09,-0.010460346424902199,False,0.022389589723516685,0.02565095856243271,0.01583064952307099,0.019852273167260508
2014-05-12,0.0017510072763127819,False,0.02269230139205065,0.02599776458084643,0.01604468302660017,0.020120679815567304
2014-05-13,0.012517548701616433,False,0.022101117857769012,0.0253204665808423,0.015626684329411313,0.019596492585721888
2014-05-14,-0.0031147282492292668,False,0.022739372729556923,0.02605169254213388,0.01607796500522711,0.020162416759480186
2014-05-15,0.007596721616676011,False,0.022327823003599586,0.025580194622910103,0.015786977115167494,0.019797506205847536
2014-05-16,0.0034340693088454367,False,0.022972887483063878,0.026319222110111277,0.016243072551496797,0.02036946828353453
2014-05-19,0.004446732143391568,False,0.022399573262602872,0.025662396348947274,0.015837708424561593,0.01986112531451119
2014-05-20,0.012885902276158092,False,0.021991991841378202,0.025195444775660054,0.015549526340334035,0.01949973335458824
2014-05-21,0.004370489390800411,False,0.02257553332532551,0.025863987549736484,0.015962121695077842,0.020017144575017295
2014-05-22,0.0066867517622956,False,0.022139960850305306,0.025364967619239752,0.01565414842361146,0.019630933667849196
2014-05-28,-0.0006600660305658253,False,0.021970742575610075,0.025171100245794557,0.015534501961452965,0.019480892177333908
2014-05-29,0.005596722427869915,False,0.021384454825346483,0.024499411171837234,0.01511996484805762,0.0189610459132183
2014-05-30,0.008173986985715245,False,0.02115995457266143,0.02424220919761654,0.014961231040873782,0.01876198731511717
2014-06-02,-0.0006514658210862151,False,0.02119265042016675,0.02427966767005302,0.01498434877144,0.01879097788189959
2014-06-03,0.0003257859615067385,False,0.020489905087890108,0.023474557276304375,0.014487469855987584,0.01816787167604001
2014-06-04,0.00584607056342391,False,0.0197910864913382,0.02267394560435477,0.013993367354832862,0.017548247205720277
2014-06-05,0.0012944985626457955,False,0.01959442625151977,0.022448638945110268,0.013854317940791182,0.01737387363075862
2014-06-06,-0.004213261782812152,False,0.018997056156211688,0.02176425322163765,0.013431945010730167,0.016844200936419237
2014-06-09,-0.0006497726024585898,False,0.018710096948993924,0.021435494239255757,0.0132290493483719,0.01658976159028133
2014-06-10,0.0032446491801174497,False,0.018070560820322143,0.02070280038741139,0.012776862754719823,0.016022701359008355
2014-06-11,0.01063325630136866,False,0.017700952639223572,0.020279353408044123,0.012515529802750384,0.01569497929412763
2014-06-12,-0.01128134446403981,False,0.018222681377729217,0.020877079512787437,0.012884420207058317,0.016157582743495234
2014-06-13,0.01192216473588923,False,0.018864611088656263,0.021612515606897243,0.013338299192677183,0.01672676530257174
2014-06-16,0.0012804099060446127,False,0.01945568765381666,0.02228969105617443,0.01375622225691836,0.01725085768564946
2014-06-17,0.0031938704888766364,False,0.018850189953649277,0.02159599382418235,0.01332810267113125,0.016713978453188793
2014-06-18,0.0015931180683481608,False,0.01844604919238438,0.02113298409293625,0.013042353319375515,0.016355637237930685
2014-06-19,-0.0003184206363474698,False,0.017912307874852516,0.020521495602609522,0.012664969372721314,0.015882382543800817
2014-06-20,-0.007351799134962021,False,0.017292107829777855,0.019810954415697128,0.012226454434796507,0.015332467120373599
2014-06-23,-0.006760045057719325,False,0.01750449215014272,0.020054275596132494,0.012376621623271623,0.015520782833005781
2014-06-24,-0.013004084423206573,False,0.017612897039414276,0.02017847123155984,0.012453269736516984,0.015616902659275986
2014-06-25,0.006523180339123476,False,0.018531760053307117,0.021231179985269657,0.013102955528542544,0.016431634853137186
2014-06-26,-0.006850459019838919,False,0.01850421758322128,0.021199625554500577,0.013083481514221033,0.016407213653526244
2014-06-27,0.027443207296603368,False,0.018589068203963888,0.02129683590018097,0.013143475487106582,0.01648244851589733
2014-06-30,0.0009549578952684918,False,0.02152871939683308,0.02466468997287498,0.015221967693933868,0.01908896159710872
2014-07-03,-0.0038338705107219006,False,0.020876720232783415,0.02391771766358731,0.014760969060959172,0.018510850713015826
2014-07-07,-0.0022432311922394666,False,0.020569848342310595,0.023566145426503135,0.014543994055764911,0.01823875530295026
2014-07-08,0.005439143148628997,False,0.020117668156008645,0.023048098630433365,0.014224278235197441,0.01783781876547274
2014-07-09,-0.006723252474358006,False,0.019959142477704847,0.02286648138529996,0.014112192016350892,0.01769725812507803
2014-07-10,0.0016048791761135506,False,0.019979467567997025,0.022889767120112453,0.014126562953242258,0.017715279859715077
2014-07-11,0.002882307840119468,False,0.019434707025477,0.022265654294679464,0.013741387819212249,0.017232254702291432
2014-07-14,-0.0022410766543132558,False,0.01903660932172803,0.021809567880021367,0.013459911235594016,0.016879271710656583
2014-07-15,0.007344755994039533,False,0.018616587832231978,0.021328364161889893,0.013162933351028928,0.016506849462256154
2014-07-16,-0.01216404242998845,False,0.0186766521814885,0.02139717775574687,0.013205402090905505,0.01656010697540307
2014-07-17,-0.013292463507097237,False,0.019401286910882037,0.022227366055135405,0.01371775799268541,0.0172026219465146
2014-07-18,0.005857485019579088,False,0.020407023237689677,0.023379602481182073,0.014428867910237387,0.018094382471856036
2014-07-21,0.014815085785140682,False,0.02023752147802831,0.023185410329069234,0.014309021008892675,0.017944089622514793
2014-07-22,0.000958619661203917,False,0.021150252693397115,0.02423109409876659,0.014954371288093802,0.018753384908383977
2014-07-23,0.017099846679858095,False,0.02043351680220209,0.023409955218050903,0.014447600291651786,0.018117873633881322
2014-07-24,0.004073325387635869,False,0.021659786355955828,0.024814848737679425,0.015314639114873197,0.01920517529766501
2014-07-25,-0.0012515646189417958,False,0.021263419047069358,0.0243607447750208,0.01503438601390664,0.01885372660263505
2014-07-28,-0.009120994196681205,False,0.02066325933450868,0.02367316308603765,0.014610040673740094,0.018321580426449217
2014-07-29,0.0037842996912396273,False,0.020922598199484596,0.023970278422284226,0.014793407261955535,0.018551529525738943
2014-07-30,0.008774735085254295,False,0.020547102672902256,0.023540086520079523,0.014527911638667608,0.018218587303087702
2014-07-31,0.004358661944037696,False,0.020669010476177366,0.02367975196499666,0.014614107041602962,0.018326679815801154
2014-08-01,-0.0037348316056531965,False,0.020341530377689866,0.023304569635170344,0.014382560919992201,0.018036311637898067
2014-08-04,-0.003748832881519685,False,0.020090225627572022,0.023016658699265852,0.014204874885021231,0.01781348618155085
2014-08-05,0.0,False,0.01979929997232104,0.022683355498102083,0.013999174729617727,0.01755552988799088
2014-08-06,0.007483664487173048,False,0.019211836450106046,0.022010319383936487,0.013583806281932134,0.017034641097136285
2014-08-07,0.004030388342177809,False,0.0193122979335326,0.022125414541119673,0.013654837978105789,0.0171237177098121
2014-08-08,-0.0012383902511465827,False,0.018965073795158358,0.021727612165314675,0.01340933175363132,0.016815842999717175
2014-08-11,-0.0018604656529196783,False,0.018506127059387048,0.021201813173595385,0.01308483161702891,0.016408906736915325
2014-08-12,0.0,False,0.018093241407058012,0.02072878473092629,0.012792899154851623,0.01604281165173968
2014-08-13,-0.0009315324381114966,False,0.017494072656185845,0.020042338351590288,0.012369254478135158,0.01551154413578753
2014-08-14,-0.0012433946270883846,False,0.017036815474957785,0.019518475022565717,0.012045948947872327,0.015106105957530227
2014-08-15,0.0037255553802421075,False,0.016575461425615272,0.018989918057099514,0.011719746710520935,0.014697035191720288
2014-08-18,0.009867486785599639,False,0.01629501060195566,0.01866861549884241,0.011521452826951077,0.014448366661835351
2014-08-19,-0.018582138888043487,False,0.01677604284507707,0.019219717072737764,0.011861568610410623,0.014874885575787396
2014-08-20,0.006853609381680876,False,0.018550485106227633,0.021252632614034848,0.013116195152570773,0.016448237875802626
2014-08-21,-0.007166255937299283,False,0.018528081492962954,0.02122696558919886,0.013100354587646483,0.016428373168322217
2014-08-22,-0.0006255865077343095,False,0.018664983105216065,0.02138380890908097,0.01319715142356376,0.016549760305694928
2014-08-25,0.00779184244503356,False,0.018159790705903726,0.02080502790144126,0.012839953104434542,0.016101819202842194
2014-08-26,-0.0003105107927448847,False,0.018260181320422106,0.020920041866630778,0.012910934692461452,0.016190832977880452
2014-08-27,-0.0012430082395970253,False,0.017730045784633795,0.020312684392514314,0.012536100228300845,0.015720775437652847
2014-08-28,0.0006216972534715411,False,0.017269301122047834,0.019784825579834013,0.012210328860308206,0.015312244999401604
2014-08-29,0.00031070374647968683,False,0.016679126232125602,0.019108683147885705,0.011793043329173053,0.014788952108559218
2014-09-02,-0.02008225632349459,False,0.01613965667977678,0.01849063202216725,0.011411609211037687,0.014310618335993492
2014-09-03,-0.006040393505015027,False,0.018132497810822587,0.020773759399900126,0.01282065555312454,0.016077619294966837
2014-09-04,-0.0015956601438927404,False,0.018228993429745294,0.020884311006830327,0.012888883168839745,0.01616317947762107
2014-09-05,-0.00640822442876865,False,0.017787868973950644,0.02037893036894488,0.012576984347022313,0.01577204577194194
2014-09-08,-0.009365481017575904,False,0.017859451925960664,0.020460940417295924,0.012627597361333478,0.01583551653379914
2014-09-09,-0.003575495439238683,False,0.01826201007282869,0.02092213700337877,0.012912227719210518,0.01619245448558913
2014-09-10,-0.004242133951814777,False,0.017990529160598664,0.020611110954393625,0.012720276047617222,0.015951739345390438
2014-09-11,-0.005903592088740212,False,0.017782275467539185,0.02037252208710717,0.012573029435802486,0.015767086153716935
2014-09-12,0.011122129698273796,False,0.01775122192150768,0.020336945141200293,0.012551072901102927,0.01573955177339812
2014-09-15,0.0074542558746615575,False,0.018303329296477006,0.020969474971904455,0.01294144264258425,0.01622909117813486
2014-09-16,-0.008756339391959994,False,0.018441856772364484,0.02112818098606674,0.013039389051927652,0.016351919926961857
2014-09-17,0.026676818963817947,False,0.018706876621189777,0.021431804823947947,0.013226772402637461,0.016586906208470163
2014-09-18,0.012293299024638656,False,0.021356964705830653,0.024467916717258807,0.01510052784841732,0.018936671131510898
2014-09-19,0.020772720267862244,False,0.022056493558765503,0.025269342104746417,0.015595132539206092,0.019556925367891866
2014-09-22,0.020951123103537608,False,0.0236307777802508,0.027072943681616595,0.016708236533865623,0.020952802683812832
2014-09-23,-0.009358558869368165,False,0.025283160390793268,0.028966019811894693,0.017876560308822512,0.0224179278319912
2014-09-24,0.022196472162329606,False,0.025753674693121682,0.029505071354200597,0.018209239339913905,0.02283512075844825
2014-09-25,-0.011336636926321043,False,0.027377664606093775,0.0313656189782467,0.019357487943784515,0.024275070832179828
2014-09-26,-0.006622540760493382,False,0.027665921251354354,0.03169586438936107,0.019561300964932617,0.02453066058324974
2014-09-29,0.0,False,0.02732680826686323,0.03130735467477581,0.019321529764455326,0.024229977824618765
2014-09-30,-0.003327790092674691,False,0.026313307083171224,0.03014622232769424,0.018604929673592844,0.02333133240045262
2014-10-01,-0.03956016469983303,False,0.025789507874183035,0.02954612415837947,0.018234575334797422,0.022866893118177318
2014-10-02,-0.026191212862947406,False,0.03044642566590513,0.03488138964467158,0.02152726780164834,0.026996062310663156
2014-10-03,-0.011064219605380015,False,0.03280434982382557,0.03758277969313006,0.023194447567198677,0.02908677299669027
2014-10-06,0.007497997638089233,False,0.03281527350194108,0.037595294563574334,0.023202171197773642,0.02909645874103031
2014-10-07,-0.009135463207830785,False,0.03227949042595525,0.036981466903028594,0.022823343617587314,0.02862139367220979
2014-10-08,-0.004270001560951451,False,0.03209189418712741,0.036766544548127784,0.02269070294192497,0.02845505691372737
2014-10-09,0.006234638735116258,False,0.031342320553138694,0.03590778463057819,0.022160713887282028,0.027790429257540793
2014-10-10,0.0321881666671571,False,0.0307583604323309,0.03523876223910395,0.021747822533661167,0.027272646842578258
2014-10-13,-0.03153414440708816,False,0.033827726553083706,0.03875522610238188,0.02391803020229878,0.029994174813031335
2014-10-14,0.013958999585580615,False,0.037043572808328956,0.04243950705862505,0.026191807239552667,0.03284558295009
2014-10-15,0.016307315808576774,False,0.03707091972558406,0.042470837451454184,0.026211142987458184,0.03286983075803712
2014-10-16,-0.02147862662195467,False,0.03745299607446392,0.04290856876827724,0.02648129160763673,0.033208608026507824
2014-10-17,0.010316016694615722,False,0.03870603198598133,0.04434412755432385,0.027367255691838725,0.03431964273107425
2014-10-20,0.000641231185806115,False,0.038207338357344474,0.043772791957670316,0.027014652354670536,0.033877463920978734
2014-10-21,-0.0032102756302482102,False,0.03659617186294064,0.04192693566930231,0.02587547060050769,0.03244888404257002
2014-10-22,0.0009641652683282743,False,0.03550337911003623,0.040674961784643075,0.02510280708651703,0.03147993282400104
2014-10-23,0.0022461103619198066,False,0.03411401958283273,0.03908322186887384,0.02412045484119667,0.030248023476747155
2014-10-24,-0.022691411202070765,False,0.03295499148507327,0.03775536449964763,0.023300959360055724,0.02922034308200176
2014-10-27,-0.026579637804712012,False,0.03457882626134087,0.039615734389075646,0.024449098273895062,0.03066015560000883
2014-10-28,-0.01595146668549939,False,0.03670369884542828,0.042050125518075514,0.025951497986228273,0.032544225451481765
2014-10-29,0.004778166087374095,False,0.03726172421258614,0.0426894353824594,0.026346052067904024,0.03303901218763365
2014-10-30,0.0030596658239554933,False,0.036155168237849256,0.04142169346286652,0.0255636572125253,0.032057857474366735
2014-10-31,-0.016082468100920098,False,0.03499746499351951,0.04009535393120887,0.024745098474333836,0.031031351793071565
2014-11-03,-0.013194635871545186,False,0.035636519780590674,0.040827496327059426,0.025196944733469992,0.03159798523113126
2014-11-04,0.006966242034418261,False,0.0358978338607119,0.04112687459721725,0.025381707905503367,0.03182968570287189
2014-11-05,-0.003477054963464547,False,0.03521310880416689,0.040342409394014025,0.02489757029853134,0.03122255761187692
2014-11-06,-0.0006968641396991812,False,0.034142419211160804,0.03911575831542904,0.024140534912703078,0.03027320469651848
2014-11-07,0.006946884484870378,False,0.0328763740283635,0.037665295268846676,0.023245372570885565,0.029150635005811408
2014-11-10,0.002074689540860297,False,0.03231875279135338,0.037026448402034486,0.022851104231057226,0.02865620660146404
2014-11-11,0.00859850525523177,False,0.03120805862048638,0.03575396549795874,0.022065783447450138,0.02767138265615629
2014-11-12,-0.02391380634965541,False,0.030964091091896132,0.03547446055643341,0.021893285224489606,0.02745506292536515
2014-11-13,-0.018764933687245553,False,0.032923322149263995,0.03771908206524061,0.02327856742871549,0.02919226269673007
2014-11-14,0.01736093205261102,False,0.033916000896504095,0.03885635888566035,0.023980444932082755,0.030072445402215084
2014-11-17,-0.0038711996260193914,False,0.034629897421418025,0.03967424480516865,0.024485208343168415,0.030705439083687662
2014-11-18,0.003168458908413117,False,0.03375440864650048,0.03867122837813258,0.023866190481374134,0.02992916571159107
2014-11-19,0.009097333560632637,False,0.03277256782108538,0.03754636818021773,0.023171975974251503,0.02905859271254965
2014-11-20,0.002782610491111982,False,0.03248659899457134,0.03721874384186934,0.022969780564555686,0.028805031511501163
2014-11-21,-0.004176824728806062,False,0.03147728260466872,0.03606240586455557,0.022256139348984093,0.027910096636321467
2014-11-24,0.015230477862253396,False,0.030798756357409255,0.03528504241721672,0.02177638463506511,0.02730846487003668
2014-11-25,-0.016626638647508126,False,0.031367123376462344,0.03593620034525463,0.02217825082333436,0.027812421282853484
2014-11-26,0.01559553355529495,False,0.03219894552890767,0.036889189472218295,0.02276639402396913,0.02854997658426119
2014-11-28,-0.009675265523418422,False,0.03273108820433227,0.03749884645500264,0.023142647644287508,0.0290218138035645
2014-12-01,0.018235495847459413,False,0.032633168253304055,0.037386663041314536,0.023073412948824736,0.0289349907022776
2014-12-02,-0.012695315471844043,False,0.03350276034791249,0.03838292385093497,0.0236882615390747,0.02970603563965421
2014-12-03,-0.00242005303937171,False,0.03372741218728215,0.038640299492641916,0.023847102526233968,0.029905228645768552
2014-12-04,0.004489732977897823,False,0.03285599181296611,0.03764194408782794,0.023230961243458654,0.02913256261981329
2014-12-05,0.009260913383600342,False,0.03207914233986971,0.036751935209160834,0.022681686697000377,0.028443750178844186
2014-12-08,0.0027275843708866516,False,0.031854754003857864,0.03649486145390183,0.02252303202095075,0.028244790814377797
2014-12-09,0.0165460469005156,False,0.030863473391079945,0.03535918642652953,0.0218221430741819,0.027365847798749118
2014-12-10,-0.0036906601194055203,False,0.03157853226660416,0.03617840400989177,0.022327728329944552,0.027999872106602812
2014-12-11,-0.029679817967013272,False,0.030814921317669157,0.03530356203865286,0.02178781413527431,0.02732279792440616
2014-12-12,0.0010382420036292304,False,0.03335088744379967,0.038208928453151395,0.023580879190994615,0.02957137384297171
2014-12-15,0.00655061814919211,False,0.03209921690538486,0.036774933926624925,0.022695880499339887,0.02846154977960696
2014-12-16,0.0013736265896119398,False,0.03158949923699594,0.03619096847876095,0.02233548257049769,0.02800959623709039
2014-12-17,0.00034311202944259145,False,0.030454448827825716,0.034890581496621796,0.02153294061057428,0.027003176241917795
2014-12-18,0.01700721264723315,False,0.029298861395007536,0.03356666597514384,0.020715877865427355,0.02597854659625422
2014-12-19,0.005046268067624219,False,0.030164034492668693,0.03455786409674802,0.021327601986101067,0.026745673322729868
2014-12-22,0.002011398599685635,False,0.029508801800278258,0.03380718724876609,0.020864317073899383,0.026164695352249606
2014-12-23,-0.006720455401258329,False,0.028536658542447274,0.032693437209962144,0.02017695927096589,0.025302720936885466
2014-12-24,-0.0006745362818999494,False,0.028291633411585974,0.032412720611038656,0.020003713266063188,0.025085463457370637
2014-12-26,-0.007790047861982469,False,0.027350634063247174,0.031334651044352395,0.019338375889677805,0.024251103545281018
2014-12-29,0.007790047861982394,False,0.027284139215419844,0.031258470256437264,0.019291360439906577,0.024192144274495588
2014-12-30,0.0026954194216723027,False,0.027077826492874105,0.03102210509020267,0.019145486199105208,0.024009212091439223
2014-12-31,-0.021082045672111548,False,0.026272249455998865,0.030099184060969602,0.018575899713060257,0.023294927658771752
2015-01-02,0.005824926526347631,False,0.027997018161968725,0.03207519037251646,0.019795404368113886,0.024824235695412183
2015-01-05,0.00579119315688102,False,0.027542409288964315,0.031554361116261614,0.019473971334838962,0.024421145703920975
2015-01-06,-0.014369046404633667,False,0.027091168250568756,0.031037390268627178,0.0191549195425784,0.024021041884729605
2015-01-07,0.0034399758724434804,False,0.027901038834373386,0.03196523026224198,0.019727541798259564,0.024739133294994758
2015-01-08,0.02509456878255902,False,0.02715732850039542,0.031113187719484504,0.019201698413486634,0.0240797044760764
2015-01-09,-0.006046373811864673,False,0.029169187669363057,0.03341810338850345,0.020624191535826036,0.025863568239977923
2015-01-12,0.008721960692302667,False,0.028863946589212267,0.033068399512943984,0.02040836960163332,0.02559291882746732
2015-01-13,-0.00100250634962559,False,0.028700738628030523,0.03288141794244496,0.02029297275583362,0.025448206527310772
2015-01-14,0.0003342804644198897,False,0.027782012194194898,0.03182886566366083,0.019643383533287196,0.02463359543547236
2015-01-15,-0.00502597807859147,False,0.02675074625622805,0.03064738086790098,0.018914222801418724,0.023719198460743277
2015-01-21,-0.025273978131770267,False,0.02639018438852817,0.03023429792883093,0.018659286081745587,0.02339949752920913
2015-01-22,-0.018044006274077994,False,0.02861982253301145,0.032788715243288837,0.020235760705195772,0.025376460307671052
2015-01-23,-0.01655905367309362,False,0.029757921302173463,0.03409259462331461,0.021040458020319796,0.02638558320521999
2015-01-26,-0.006555012546335775,False,0.030666192333584235,0.03513316851849881,0.021682654708502957,0.027190923760725447
2015-01-27,0.002189781896924225,False,0.030302699905369636,0.03471672814022348,0.021425645924223566,0.02686862437658052
2015-01-28,-0.010260258569567405,False,0.029363315489750477,0.03364050874465622,0.020761450392517058,0.026035696383784328
2015-01-29,-0.01073885528485297,False,0.02949211553715389,0.033788070389133965,0.020852518984401824,0.026149900072042313
2015-01-30,0.0026027157284159736,False,0.029667434934448275,0.03398892760227287,0.020976479269848608,0.026305351270996258
2015-02-02,-0.00782855815506257,False,0.02877604148347215,0.032967689752175226,0.020346215942837212,0.0255149756318349
2015-02-03,0.0070856160703693894,False,0.028650769271121083,0.032824169823149174,0.020257641720924317,0.0254038999841535
2015-02-04,0.012188516542497094,False,0.02834282043527947,0.03247136376796605,0.020039905257172776,0.025130849674337135
2015-02-05,0.006950823668200245,False,0.028639163520039135,0.03281087352590724,0.020249435827913363,0.025393609463262534
2015-02-06,0.011598535242931637,False,0.028299364544405816,0.032421577895609364,0.020009179594638146,0.02509231845393499
2015-02-09,0.03261543970283505,False,0.028518074275494153,0.032672145874684706,0.020163819190222514,0.02528624274551516
2015-02-10,-0.001396160785254836,False,0.031427042614653906,0.03600484769051304,0.022220616961848443,0.027865550129752524
2015-02-11,0.005572985514060847,False,0.030426939127429796,0.03485906460892379,0.02151348976619391,0.0269787840983478
2015-02-12,0.026055639228022752,False,0.029856188117634946,0.03420517542727715,0.021109937967676094,0.02647271386227572
2015-02-13,0.004726544923561185,False,0.03177375365560677,0.03640206222880709,0.02246576039872612,0.028172969889564917
2015-02-17,0.007048191620972216,False,0.031036300323774746,0.03555718811140946,0.02194434105250238,0.027519088993468877
2015-02-18,0.01229864263698655,False,0.03059370208571669,0.035050119013474705,0.02163140018700423,0.02712664852297433
2015-02-19,-0.0006609385567767875,False,0.030831789011945273,0.03532288675751835,0.021799740506397897,0.027337754074947835
2015-02-20,0.0006609385567768349,False,0.02980617720990896,0.03414787970468508,0.021074577554094726,0.026428370477078442
2015-02-23,0.00888017675685917,False,0.02869560073102829,0.032875531636142354,0.020289339985080233,0.025443650886226982
2015-02-24,0.009126530101483425,False,0.028563153336407486,0.0327237913553657,0.020195692521666305,0.025326213189030486
2015-02-25,-0.018998278580637403,False,0.02846244118548813,0.03260840901732971,0.02012448359003303,0.025236914315937987
2015-02-26,0.008888947417245994,False,0.029714318864082462,0.03404264085701052,0.02100962874098535,0.026346922045170598
2015-02-27,0.01657765901981454,False,0.029547418446960155,0.03385142897074891,0.02089162112935223,0.026198935739331256
2015-03-02,-0.00517131081337795,False,0.030274303421115575,0.03468419529572233,0.02140556807574735,0.026843445944578728
2015-03-03,0.004526357550131456,False,0.02978669901842781,0.03412556423179236,0.02106080542041612,0.026411099665828077
2015-03-04,-0.004202365971078276,False,0.02909165736005033,0.03332927966390324,0.020569373418598283,0.02579482410941434
2015-03-05,-0.0038948442615410737,False,0.02858578321548986,0.0327497176049211,0.02021169306874762,0.025346278520590064
2015-03-06,-0.017055185461160246,False,0.028049457967473594,0.032135268797116374,0.01983248214364515,0.024870732721779185
2015-03-09,-0.007637427129211261,False,0.029062491310328748,0.03329586515555017,0.020548751445761064,0.025768963323511924
2015-03-10,-0.007024614936964466,False,0.028909553802938328,0.033120650079563635,0.02044061636564895,0.02563335757049335
2015-03-11,-0.013178092380555027,False,0.02871488508646878,0.03289762503796059,0.020302975066206173,0.025460749828047118
2015-03-12,-0.006141268022082465,False,0.029221205528567697,0.03347769840419787,0.020660970972527556,0.025909691137416365
2015-03-13,-0.006868158866511663,False,0.028890178650417712,0.033098452654752177,0.02042691708608208,0.025616178121238294
2015-03-16,-0.011436617462768415,False,0.02865712878126016,0.032831455688279776,0.02026213823816261,0.025409538798176
2015-03-17,-0.02863904410095029,False,0.028983995522592704,0.03320593531657559,0.02049325068312844,0.02569936312807027
2015-03-18,-0.010818713527167364,False,0.03144142841236176,0.0360213289885381,0.022230788498014815,0.027878305646461498
2015-03-19,-0.015713825985211333,False,0.03152116179098933,0.0361126766914873,0.022287164304268088,0.027949003181905862
2015-03-20,0.02724964244737554,False,0.032193567248775826,0.0368830277674929,0.022762591289356506,0.02854520780164097
2015-03-23,-0.011898463791614584,False,0.034208008725230214,0.03919090189457901,0.024186910242597164,0.030331361231153244
2015-03-24,0.009386350502093969,False,0.03430076832314066,0.03929717327478968,0.024252496289619674,0.030413608780096458
2015-03-25,0.0010773928138602853,False,0.03398554063915843,0.038936028101545755,0.024029613286995884,0.0301341045029044
2015-03-26,-0.009376195628555333,False,0.032860669594515876,0.03764730325618157,0.023234268687729594,0.029136710288363246
2015-03-27,-0.005813969865419845,False,0.0327457418128589,0.037515634574380806,0.023153008537171112,0.02903480678123622
2015-03-30,-0.018018505502678365,False,0.032206842274892476,0.03689823649391614,0.022771977449998905,0.02855697842575801
2015-03-31,0.0014831296749070627,False,0.03316710670941661,0.03799837738631868,0.023450936283105822,0.02940842019411498
2015-04-01,0.017992040324235372,False,0.031961306696169596,0.03661693509298835,0.02259837053088132,0.028339268345257147
2015-04-02,0.0072516633953202065,False,0.032776377692849176,0.037550733015123065,0.023174669759415286,0.029061970827822012
2015-04-06,0.011494379425735212,False,0.032259511143136195,0.03695857734756879,0.022809217185261552,0.02860367855616221
2015-04-07,-0.005371543801910877,False,0.032293540496546584,0.03699756357040786,0.022833277776544775,0.028633851508322147
2015-04-08,0.00786842400049816,False,0.031708091385393024,0.03632683529552395,0.022419333626307367,0.02811474884392885
2015-04-09,-0.005358112479619432,False,0.03133221179182238,0.03589620338139746,0.02215356644690964,0.02778146607896037
2015-04-10,-0.003947609648298211,False,0.030792601662207198,0.03527799120129263,0.02177203293305233,0.027303007660149346
2015-04-13,0.006451635281488595,False,0.03015020702380731,0.03454202245627284,0.021317825218592646,0.02673341286184435
2015-04-14,0.017354783016412866,False,0.029690853975656004,0.03401575796687577,0.020993037797186715,0.026326116332308785
2015-04-15,-0.010944504655493834,False,0.030573332396509934,0.03502678218326814,0.02161699771627082,0.027108587243627174
2015-04-16,0.01863954087729413,False,0.030774052172885452,0.03525673970951355,0.021758917441973186,0.027286560305210025
2015-04-17,-0.010860152280695583,False,0.031708541892820824,0.03632735142589995,0.022419652159397303,0.0281151482972744
2015-04-20,-0.021360726730467433,False,0.031784824697025,0.03641474592815884,0.02247358822311735,0.028182786297154108
2015-04-21,-0.002161384126725701,False,0.03312277433763041,0.03794758736087807,0.023419590901214492,0.02936911182063783
2015-04-22,-0.00036068530598420224,False,0.03215906852757843,0.03684350380663345,0.022738198829690463,0.02851461867314021
2015-04-23,0.012190900352612334,False,0.031026932742485795,0.035546456005888974,0.021937717666451296,0.027510783000149603
2015-04-24,0.02915043980382899,False,0.031173677295075666,0.035714576033286885,0.02204147399294754,0.027640897619479216
2015-04-27,0.009988028616495722,False,0.033404452755279146,0.03827029633001341,0.023618752760054932,0.029618868826529313
2015-04-28,0.0020540917869382694,False,0.03321692106223186,0.0380554479229233,0.0234861577217465,0.029452589299129882
2015-04-29,0.008174432439558127,False,0.03210799698781738,0.036784992955550086,0.022702088491960086,0.028469334852805443
2015-04-30,-0.001697505075754468,False,0.03185232818739358,0.036492082282046784,0.022521316837656742,0.028242639905330453
2015-05-01,-0.022681384681924814,False,0.030873714583552942,0.03537091939738781,0.021829384150536597,0.02737492840062897
2015-05-04,-0.0006954103200970963,False,0.0324067315020979,0.03712724248944527,0.022913309932567925,0.028734215060760147
2015-05-05,0.020995436502955413,False,0.03129252399734623,0.03585073448339113,0.022125505032097932,0.027746275932688108
2015-05-06,-0.016137689268170895,False,0.032516723797245684,0.037253256759463775,0.022991080427526747,0.028831742398979943
2015-05-07,0.0034554284554201985,False,0.03321591944868834,0.03805430040982378,0.02348544952685946,0.02945170119417041
2015-05-08,0.007902463388989285,False,0.03227209098315877,0.036972989623949286,0.022818111811778296,0.02861483277665542
2015-05-11,0.009875782632294609,False,0.03187341129490787,0.03651623645029617,0.022536223733675722,0.02826133375433604
2015-05-12,0.010450120381744228,False,0.03170247234137693,0.036320397756158675,0.0224153606586214,0.028109766582166844
2015-05-13,0.006351350115683337,False,0.03167438783064534,0.036288222328653384,0.022395503392279817,0.02808486476906097
2015-05-14,0.028578065704299743,False,0.031113334432093364,0.03564544335613596,0.021998808328820244,0.027587393155377265
2015-05-15,0.014467379807524994,False,0.033217811423438624,0.03805646797816782,0.023486787255221086,0.02945337875950466
2015-05-18,0.0022317879501073112,False,0.03351301212989213,0.038394668953815284,0.023695510102782688,0.02971512563097715
2015-05-19,0.0015910902322419035,False,0.03252969966534544,0.0372681227511612,0.023000255067289314,0.02884324776738016
2015-05-20,-0.00637960696403904,False,0.031383854735991236,0.03595536887023739,0.022190080798426232,0.027827256548882427
2015-05-21,0.012086661135146917,False,0.0309662332197848,0.03547691471635265,0.02189479982463449,0.027456962295051256
2015-05-22,-0.003166563760587985,False,0.03107318457635068,0.03559944509093052,0.02197042021173042,0.0275517933112679
2015-05-26,-0.000951927725382069,False,0.030327823498860897,0.03474551134990002,0.021443409662113885,0.02689090082054804
2015-05-27,-0.005092308903712658,False,0.02934645548137828,0.03362119283125816,0.020749529455742773,0.026020747048135916
2015-05-28,-0.005118373298244283,False,0.02887113736385939,0.03307663772832814,0.02041345386778753,0.025599294702342283
2015-05-29,-0.01064011327823361,False,0.028410561718011127,0.0325489725521275,0.02008780200375951,0.025190914126883887
2015-06-01,-0.010426943604610373,False,0.02860831162858271,0.03277552760849231,0.02022762187389269,0.02536625388486726
2015-06-02,0.019140892563404392,False,0.028789453736854074,0.03298305569500746,0.020355699130569806,0.02552686793183747
2015-06-03,0.004168676872219679,False,0.029890233695838354,0.03424418023828592,0.021134010030764518,0.026502901200542196
2015-06-04,-0.0032051309489483358,False,0.029144043747815363,0.033389296889693894,0.020606413424901607,0.025841273771645763
2015-06-05,0.0003209757690854733,False,0.028493409692584452,0.032643888537145734,0.020146379997611222,0.025264373294420862
2015-06-08,0.0003208727766982485,False,0.027422973719298808,0.03141752802167602,0.01938952393462702,0.024315245257143403
2015-06-09,-0.0032133703742897065,False,0.0263912751731216,0.030235547602038525,0.01866005732538234,0.02340046469984436
2015-06-10,0.0067361922721543436,False,0.025947792394935013,0.029727465117862038,0.018346491042226392,0.02300723993037534
2015-06-11,-0.010929070532190317,False,0.025679844698322612,0.029420486948651334,0.018157037544955304,0.022769657601562035
2015-06-12,0.014758047769287568,False,0.0260818396391123,0.029881038289512808,0.01844126968570798,0.023126096173012558
2015-06-15,0.021113120790855807,False,0.026740287978155437,0.030635399189773434,0.018906828233817136,0.02370992537464744
2015-06-16,0.008383840443897148,False,0.028194759062361453,0.03230173510623904,0.01993521786756385,0.02499956746430178
2015-06-17,-0.0018570107472127711,False,0.028006974642806166,0.03208659715935546,0.019802444137960815,0.024833063850809863
2015-06-18,0.022059718064732257,False,0.027202755583367984,0.03116523191669092,0.01923381781532805,0.024119983501797712
2015-06-19,-0.009132483563272474,False,0.0288385337346492,0.03303928490712047,0.020390401340538024,0.025570385903149553
2015-06-22,0.006097579868118538,False,0.028898940519188416,0.033108490816931214,0.020433112200659395,0.02562394704485144
2015-06-23,-0.008547060578458408,False,0.028419805353937958,0.03255956265784419,0.020094337753743474,0.02519911022103944
2015-06-24,0.008850965762380699,False,0.028423091534155794,0.03256332751792592,0.020096661260692046,0.025202023992491576
2015-06-25,-0.00517899101225973,False,0.028268986948072363,0.03238677536128881,0.01998770099289302,0.025065383420822564
2015-06-26,0.016359044010019086,False,0.027874497700268765,0.03193482302657912,0.019708775782573542,0.024715599954235928
2015-06-29,0.002400961537538268,False,0.028651270445477918,0.03282474400082812,0.020257996078270342,0.025404344362561462
2015-06-30,-0.018454615409285082,False,0.027746601965549997,0.031788297421059104,0.019618346588611942,0.024602198096769213
2015-07-01,0.0021351235806840096,False,0.028971708505480403,0.03319185851701403,0.02048456309822891,0.02568846854611784
2015-07-02,0.003649639087549331,False,0.028035096224486526,0.032118815057731474,0.019822327615465925,0.024857998533772255
2015-07-06,-0.0027359798188747488,False,0.02730089511186543,0.0312776668924949,0.019303207763924145,0.02420700129677727
2015-07-07,-0.008560125642477373,False,0.026638900774704596,0.030519243468003023,0.01883514200357466,0.023620027949843064
2015-07-08,-0.0009215174972504269,False,0.026713864347011815,0.030605126573083983,0.01888814529907259,0.02368649622074101
2015-07-09,0.009786010818230228,False,0.025925740829982478,0.029702201422286585,0.01833089939447806,0.022987687375075793
2015-07-10,0.00485732588286002,False,0.026067905611948813,0.029865074568971604,0.0184314175757232,0.023113741229622103
2015-07-13,0.0021176834415389248,False,0.02553956502167369,0.02925977350024484,0.018057852235011627,0.022645275221400585
2015-07-14,0.020341712463955604,False,0.024711642566408964,0.028311252117979534,0.017472466330963103,0.021911177681151292
2015-07-15,-0.006237952798470894,False,0.026173371807622383,0.02998590344740874,0.018505987873833056,0.023207255391885843
2015-07-16,0.0005957700503893883,False,0.02599300906828907,0.029779268256233875,0.018378461673100234,0.023047332391301356
2015-07-17,-0.003579956090716891,False,0.025013674436658348,0.028657279315617894,0.01768601918037926,0.022178981569809044
2015-07-20,0.0020898649194592365,False,0.024583775932457915,0.028164759852176598,0.01738205771281644,0.021797801626586608
2015-07-21,-0.005082982987591202,False,0.023794188085439198,0.02726015707046487,0.01682377644780958,0.02109769439719417
2015-07-22,-0.01784411477982278,False,0.02364960927362497,0.027094518255433023,0.01672155141704499,0.020969500084490025
2015-07-23,-0.011046445557267272,False,0.02507607112480265,0.028728764987387096,0.017730137009853163,0.02223430710784121
2015-07-24,-0.018686311392403315,False,0.0255010968913574,0.029215701928192714,0.0180306531886528,0.022611166519959276
2015-07-27,0.0037653009656379763,False,0.026874272360793025,0.030788900343188503,0.019001562430794084,0.02382872587957471
2015-07-28,0.0034391154734678504,False,0.026209336804771888,0.030027107268602967,0.018531417069812203,0.023239144629548902
2015-07-29,0.004049219050776573,False,0.0255350763785322,0.02925463102105493,0.018054678521813458,0.02264129525701108
2015-07-30,0.0012426220921724434,False,0.024988386506536682,0.028628307831294567,0.017668139247613027,0.022156559412779404
2015-07-31,-0.003732508221341979,False,0.024114316839128975,0.027626917225382523,0.017050124771494916,0.021381544326800915
2015-08-03,-0.013490400668899451,False,0.023707811924912173,0.027161198967979697,0.01676270383587978,0.021021106877945412
2015-08-04,-0.0003159058626809386,False,0.024556584347441613,0.02813360741798227,0.017362831793195515,0.021773691547739234
2015-08-05,-0.014320053774748558,False,0.023739692511415,0.02719772342481113,0.01678524513287309,0.021049374573772008
2015-08-06,-0.020398958912693575,False,0.024675059893706004,0.028269340647818875,0.01744660040499799,0.02187874076646657
2015-08-07,0.016223587502212873,False,0.026360217439898147,0.030199965859014397,0.018638097830111864,0.023372926606850176
2015-08-10,-0.0038697242743509536,False,0.027248219803342574,0.031217318660442934,0.019265963475036212,0.02416029545594326
2015-08-11,-0.0042091692386354495,False,0.026703279463981572,0.030592999848148433,0.018880661214926178,0.02367711087728654
2015-08-12,-0.015367312386462394,False,0.026235629654466148,0.030057230053626018,0.018550007535006633,0.023262457822908936
2015-08-13,0.0023037693256395325,False,0.027140620175746054,0.03109404558474595,0.019189884725299037,0.024064889634482493
2015-08-14,-0.0009866799024450975,False,0.02632784272045027,0.03016287529159968,0.018615207154431063,0.023344220776054282
2015-08-17,-0.0023060461545307545,False,0.025495147245370962,0.0292088856298798,0.018026446467513165,0.02260589112193592
2015-08-18,0.01732918957722592,False,0.024844225511789685,0.028463147694452476,0.017566209636087366,0.022028735567719154
2015-08-19,0.011281344464039758,False,0.02592943339747157,0.02970643186584635,0.018333510239182317,0.022990961479665794
2015-08-20,0.007026538012038402,False,0.02620623069542898,0.03002354870933372,0.018529220882700464,0.0232363905223087
2015-08-21,-0.020904443493524626,False,0.0259986391598255,0.029785718452351225,0.01838244245197991,0.023052324448615408
2015-08-24,0.0032446491801174497,False,0.02761133869068909,0.03163333108619895,0.019522708145741474,0.02448226363101094
2015-08-25,0.00838714593944886,False,0.026875768124640882,0.03079061398675921,0.019002620016642557,0.023830052134895512
2015-08-26,-0.005152990468405401,False,0.026786080248479602,0.030687861769171713,0.018939205842845235,0.023750528202597855
2015-08-27,0.004831705325079411,False,0.026416300639630182,0.03026421839111256,0.01867775168219463,0.02342265413714096
2015-08-28,0.0009635459232713203,False,0.025925812074966394,0.029702283045136883,0.01833094976853067,0.022987750546170038
2015-08-31,-0.0041820874850693555,False,0.02499216726685714,0.028632639314252147,0.017670812449413643,0.022159911715683947
2015-09-01,0.013766825398056872,False,0.024604321184451584,0.028188297818439144,0.017396584315924907,0.021816018572940035
2015-09-02,-0.008942889367203789,False,0.025234473624740354,0.028910241111436846,0.017842136134940224,0.02237475852914784
2015-09-03,-0.0009629273733934415,False,0.025470957550759822,0.029181172355015435,0.01800934304658461,0.022584442742078
2015-09-04,0.01719240054037277,False,0.024708267598013946,0.028307385536433423,0.017470080045976524,0.0219081851835068
2015-09-08,0.017522350692202492,False,0.025772580672149836,0.029526731263588037,0.018222606888474692,0.022851884203638456
2015-09-09,0.015389654304561256,False,0.026805087056846998,0.0307096371951557,0.018952644683196133,0.02376738105056903
2015-09-10,0.0006106870418797265,False,0.027521966446463365,0.03153094047692138,0.019459517140774478,0.024403019561429946
2015-09-11,-0.008583743691391442,False,0.026451818614538488,0.030304910074785422,0.018702864809299054,0.023454147011683763
2015-09-14,0.009804000096620835,False,0.026515093138154,0.03037740145150835,0.018747603315875813,0.023510250903843254
2015-09-15,-0.019083373825860915,False,0.026562007879329316,0.030431150005935468,0.018780774572436713,0.023551848997818394
2015-09-16,0.015112084048741732,False,0.028049618165868904,0.03213545233073403,0.019832595412565285,0.024870874765574712
2015-09-17,0.004580860048966053,False,0.028796309219672196,0.03299090977843929,0.02036054632728691,0.02553294651207406
2015-09-18,0.008797265897210095,False,0.028086551574888714,0.03217776562704877,0.019858709328054804,0.024903622669127823
2015-09-21,0.0,False,0.02792026344778032,0.03198725521973202,0.019741134638540242,0.02475617926509079
2015-09-22,0.00030197795790401033,False,0.026961828949342556,0.030889210820177416,0.01906346966910795,0.023906360053980908
2015-09-23,0.0009053871148125196,False,0.025929987257827806,0.029707066404005496,0.018333901848376254,0.022991452573393918
2015-09-24,-0.006658620243598576,False,0.024953098195267524,0.0285878792651046,0.017643188505108966,0.022125270175076633
2015-09-25,-0.005175837403404265,False,0.02486412513695282,0.028485945988962154,0.01758027974614692,0.022046380053372665
2015-09-28,-0.010432742677338593,False,0.024601666581203368,0.028185256533683124,0.01739470736801455,0.021813664804537617
2015-09-29,-0.01868049339788923,False,0.02497988377342214,0.028618566551642646,0.017662127355944322,0.02214902025808552
2015-09-30,-0.021601856503788517,False,0.02637518344235908,0.030217111877039342,0.01864867960238398,0.02338619657618616
2015-10-01,-0.002894358026364526,False,0.028061975908087573,0.032149610157540635,0.01984133300393592,0.024881832057659342
2015-10-02,-0.003225809248882677,False,0.02736721040276696,0.03135364196841084,0.019350096257248345,0.024265801359056254
2015-10-05,-0.0009697754113839125,False,0.026803257513967865,0.03070754115279135,0.01895135109754027,0.02376575884196868
2015-10-06,0.0,False,0.025964807931268177,0.029746959214126838,0.018358521945671422,0.023022327168665317
2015-10-07,-0.004213261782812152,False,0.02505380047817199,0.028703250297706043,0.017714390459522594,0.022214560298454214
2015-10-08,-0.006189952978073886,False,0.024665758602368294,0.02825868448834356,0.01744002388952372,0.02187049355074155
2015-10-09,-0.0036012479581716624,False,0.024512467425663046,0.028083064225971222,0.017331638746099182,0.02173457420824074
2015-10-12,0.008165977110286412,False,0.024064416565443256,0.027569748252285087,0.017014842582156974,0.021337299037960743
2015-10-13,0.016454638071960643,False,0.024058595753850706,0.027563079554966195,0.017010726953894044,0.021332137874079785
2015-10-14,-0.005133152111748075,False,0.02504802924436414,0.028696638399896064,0.01771030988543187,0.02220944309391941
2015-10-15,-0.0016095287556444585,False,0.024764253632944384,0.028371526750265805,0.017509665197295275,0.021957826560267873
2015-10-16,0.004820835304693984,False,0.0240855654792879,0.02759397781251234,0.01702979600680667,0.02135605123574639
2015-10-19,0.01590364308311746,False,0.023684465947813222,0.027134452310333904,0.016746196968813833,0.02100040660069834
2015-10-20,0.010359533865739273,False,0.024663388163169483,0.028255968760256787,0.01743834786094814,0.021868391743290756
2015-10-21,-0.01764380993843687,False,0.024885653176478062,0.028510609900030265,0.017595501233134907,0.022065468412145125
2015-10-22,-0.0019090047159241192,False,0.026173386950087554,0.02998592079559383,0.018505998580373995,0.023207268818320123
2015-10-23,-0.004788516731797233,False,0.02545063028180872,0.02915788412419071,0.01799497056926368,0.02256641907568014
2015-10-26,0.015558338915852427,False,0.02508151959251419,0.028735007103532297,0.01773398937087649,0.02223913812398256
2015-10-27,0.007220247973487097,False,0.025925952074853608,0.02970244343804046,0.018331048756014365,0.022987874680468104
2015-10-28,0.006857882238966653,False,0.025709518475941023,0.029454483142841586,0.018178018508845376,0.022795968576727717
2015-10-29,-0.0012433946270883846,False,0.02546751342476505,0.02917722654206099,0.018006907863438785,0.022581388924169096
2015-10-30,0.013593042165841802,False,0.02472234656640015,0.028323515310990973,0.017480034637236155,0.02192066864255039
2015-11-02,0.010985768099046,False,0.02528276623151321,0.02896556823759232,0.017876281616917216,0.02241757834109852
2015-11-03,0.0006067961351235483,False,0.02553044250986385,0.029249322162131493,0.01805140212632205,0.022637186524883276
2015-11-04,-0.018984036136730126,False,0.024604673102689045,0.028188700998677728,0.017396833141131034,0.02181633060978702
2015-11-05,0.008618089658319634,False,0.025938187402839624,0.029716461019203968,0.018339699793909134,0.02299872343100212
2015-11-06,-0.008000042667076265,False,0.025926046931764164,0.02970255211223736,0.018331115824974736,0.02298795878765021
2015-11-09,-0.008687612816387469,False,0.025912743903489972,0.029687311304735745,0.01832170986529415,0.02297616333474052
2015-11-10,0.0182188148700366,False,0.02596429335325931,0.029746369680359333,0.018358158111219283,0.02302187090558394
2015-11-11,0.01186325700189937,False,0.026977256786938592,0.030906885946330714,0.01907437798377104,0.023920039520649066
2015-11-12,0.000604594939819473,False,0.027219081874194254,0.031183936368832935,0.019245361384963494,0.02413445960382967
2015-11-13,0.011119573625157204,False,0.02627595651204966,0.03010343110356046,0.018578520801960374,0.023298214609996655
2015-11-16,0.006850361859783644,False,0.02645389942860983,0.03030729398963957,0.018704336057262638,0.023455992015985527
2015-11-17,-0.00446230102339868,False,0.02619301377710208,0.03000840655494354,0.01851987580740467,0.023224671420873828
2015-11-18,-0.007481704808129248,False,0.025807770434519473,0.02956704692580035,0.018247487951582732,0.022883086060567496
2015-11-19,0.011053137175726424,False,0.025842922167677772,0.0296073190192945,0.01827234212598384,0.022914254197973258
2015-11-20,0.0,False,0.026027882475894482,0.029819221482017093,0.018403119056299024,0.02307825374460015
2015-11-23,-0.01859124010988261,False,0.025185302312181943,0.028853907283239385,0.01780736936050112,0.022331159591384504
2015-11-24,0.007538102934156255,False,0.026359288900134965,0.030198902063952357,0.018637441302335304,0.023372103294531682
2015-11-25,-0.008446505721831912,False,0.026144102639056387,0.029952370799454293,0.018485292990401882,0.023181303173157135
2015-11-27,0.0021183242903888106,False,0.02614608881347921,0.029954646289020948,0.018486697323021085,0.023183064262917445
2015-11-30,0.0057272198748948835,False,0.025426249883298196,0.029129952366635004,0.017977732310375555,0.022544801603581074
2015-12-01,0.00030052592262251967,False,0.025110824764419365,0.02876858099923504,0.01775470971061353,0.022265122265945823
2015-12-02,-0.004819286435948883,False,0.02439879884093269,0.027952838161412922,0.017251268915795426,0.021633787198631863
2015-12-03,0.015875726573677775,False,0.02418992012170448,0.027713533223820908,0.017103580376712613,0.021448579812335253
2015-12-04,0.0011880013277246885,False,0.024858491962545963,0.028479492260909536,0.017576296787511297,0.022041385262556727
2015-12-07,0.012096326871009633,False,0.024209606365958484,0.027736087055393755,0.017117499614941592,0.021466035098626515
2015-12-08,-0.030066262355950352,False,0.024512243297180145,0.028082807449920453,0.01733148027515332,0.02173437547928134
2015-12-09,0.017969935484940643,False,0.02657515743394843,0.030446214984115715,0.018790072017951805,0.02356350836958671
2015-12-10,-0.0074482692019606144,False,0.0272560898650817,0.031226335110947256,0.019271528033862683,0.024167273637205968
2015-12-11,0.0011954574047737313,False,0.0271038372531279,0.03105190469536232,0.01916387721182546,0.02403227516335001
2015-12-14,0.0062528117971868535,False,0.026436782433531487,0.030287683655690182,0.0186922334170035,0.023440814816836537
2015-12-15,-0.012244441465453693,False,0.026158787210424615,0.029969194391861517,0.018495675775687257,0.02319432360478389
2015-12-16,-0.011180052997759248,False,0.026465364250656064,0.030320428829485463,0.018712442305831703,0.023466157578726353
2015-12-17,-0.011613822469988459,False,0.02667485940662125,0.030560439996775813,0.018860566698990305,0.023651911543617923
2015-12-18,-0.0003074558056502336,False,0.026879542544486473,0.03079493820565969,0.019005288735384897,0.023833398815864118
2015-12-21,-0.004005551496371914,False,0.02631693714540486,0.03015038116120052,0.018607496323704672,0.023334551083240746
2015-12-22,-0.013051770111487882,False,0.02604621079840879,0.029840219590831905,0.018416078170496866,0.023094504996621506
2015-12-23,0.019514325300911864,False,0.026386337843908206,0.03022989107913544,0.018656566366891253,0.023396086897058722
2015-12-24,-0.015456258236691802,False,0.027085059547394836,0.031030391744137922,0.019150600359414214,0.024015625454790336
2015-12-28,-0.0049968873491038285,False,0.0275290141306855,0.031539014758682475,0.019464500234267823,0.024409268561706512
2015-12-29,0.005308365314556187,False,0.02724498283922082,0.03121361018549629,0.01926367476652645,0.024157425323137287
2015-12-30,0.0055900766687613694,False,0.02694289981188323,0.030867524378997035,0.019050085746285195,0.0238895760748056
2015-12-31,-0.005590076668761288,False,0.0266881809944306,0.03057570206727836,0.01886998578126492,0.02366372345278994
2016-01-04,-0.0274681831299374,False,0.02651320574696269,0.030375239134385203,0.018746268828338013,0.023508577402632826
2016-01-05,-0.02102616680867312,False,0.027759676979018894,0.03180327700008827,0.019627591329506776,0.02461379137481743
2016-01-06,-0.025829250472832025,False,0.02856251167422341,0.032723056225767606,0.02019523883183662,0.02532564424368058
2016-01-07,-0.006056546104506161,False,0.03052213283719018,0.03496812466471851,0.021580796861796234,0.027063189911643394
2016-01-08,0.018060691585495912,False,0.030066336328295865,0.034445934776161986,0.021258524105785596,0.026659046873964167
2016-01-11,-0.038862805714927964,False,0.030733356323820467,0.03521011591913061,0.021730143278107426,0.027250476342869118
2016-01-12,-0.014578529630234862,False,0.03386451330212225,0.03879737137555958,0.023944040421258292,0.030026792676952335
2016-01-13,0.011126679464757053,False,0.034034647090965854,0.038992287621082075,0.024064334201379965,0.030177645930308583
2016-01-14,-0.01217618104788219,False,0.03367695794414993,0.03858249585640448,0.023811428650569375,0.029860492166472727
2016-01-15,0.01666126705523854,False,0.03355720374719328,0.03844529772183635,0.023726755963648885,0.029754309201073754
2016-01-19,0.009933289416915382,False,0.03384252443041911,0.03877217950541559,0.023928493101024254,0.03000729571014404
2016-01-20,-0.043182196375135526,False,0.033450055648976226,0.03832254194732913,0.023650996469576687,0.02965930373909679
2016-01-21,0.015887359762319146,False,0.03729840299624861,0.042731456963536356,0.02637198594950987,0.03307153432143342
2016-01-22,0.00593680807800425,False,0.03737771672621277,0.04282232388990106,0.02642806504148677,0.03314185976520469
2016-01-25,-0.018626439054002308,False,0.03642284099092227,0.041728356639019165,0.025752916309860333,0.03229519601781743
2016-01-26,0.003541080187454701,False,0.03691952727438596,0.04229739249152851,0.026104100345545077,0.03273559496659298
2016-01-27,-0.02324438641400665,False,0.035860978046479204,0.041084650198497046,0.02535564885372037,0.03179700660062015
2016-01-28,0.009721048648761622,False,0.03687372178167461,0.04224491476371037,0.02607171338757491,0.032694980414692036
2016-01-29,-0.010807021606167795,False,0.036387856528839434,0.041688276182061376,0.025728180405146326,0.032264176195370725
2016-02-01,0.03802198978935652,False,0.036163711846978634,0.04143148157271835,0.025569698005744802,0.03206543287277131
2016-02-02,-0.03802198978935652,False,0.03883312228742284,0.044489730403514914,0.02745711540096009,0.03443233043157624
2016-02-03,0.027154222878696895,False,0.04173931610348273,0.04781925354666796,0.029511951434861926,0.03700917771756403
2016-02-04,-0.02606824992129079,False,0.04315190035020856,0.04943760119957968,0.030510724811590666,0.03826167982609152
2016-02-05,0.0028901754222334236,False,0.04431933713983477,0.0507750921087368,0.03133616569215759,0.03929681599157589
2016-02-08,0.030552998180018796,False,0.04270099733540079,0.04892101761357668,0.030191912020268254,0.037861875723718755
2016-02-09,-0.007374923680961373,False,0.044443358230394754,0.05091717867191668,0.031423855303372834,0.03940678230175407
2016-02-10,-0.004238791228309987,False,0.04339674089217719,0.04971810632155805,0.03068384030217391,0.038478773635384336
2016-02-11,-0.021106131355837797,False,0.04211163437295022,0.04824580537812542,0.029775200565719622,0.03733930274807618
2016-02-12,0.02181384546888673,False,0.04271161865511659,0.0489331860827301,0.03019942186711984,0.03787129337464487
2016-02-16,-0.012099791748413599,False,0.043205981127929415,0.04949955962782567,0.03054896284313149,0.038309631860303416
2016-02-17,0.029979321502136388,False,0.0427399732890139,0.04896567098076237,0.03021947012513288,0.03789643469901205
2016-02-18,0.002775851886502981,False,0.044184201613370964,0.05062027213068268,0.031240617574305424,0.03917699479703461
2016-02-19,-0.01747685168179808,False,0.04264352354680095,0.04885517193315084,0.030151274946729947,0.037810915194056036
2016-02-22,0.006677234438092518,False,0.04293935740464572,0.04919409828788302,0.03036044546653092,0.038073223464577415
2016-02-23,0.00593680807800425,False,0.0423120412251336,0.04847540439822645,0.029916899037112542,0.03751699834782879
2016-02-24,0.01828582949784212,False,0.041171246408338635,0.04716843625208351,0.029110295470659138,0.03650548493420777
2016-02-25,0.00477490675296038,False,0.04132023025633179,0.04733912176077465,0.029215635099982533,0.03663758507915876
2016-02-26,-0.01958488985945,False,0.04012166217077855,0.04596596483041391,0.02836818271133951,0.03557484559452358
2016-02-29,0.02298163225580889,False,0.040605021601124856,0.04651973258014411,0.02870994394189241,0.036003427965513944
2016-03-03,0.0006800408286554666,False,0.041311067463963666,0.047328624274654826,0.02920915651076211,0.03662946066690676
2016-03-04,0.019855944278984364,False,0.039743663680707114,0.04553290537174503,0.0281009173576432,0.035239684058542935
2016-03-07,-0.00233528046079349,False,0.04049557436829878,0.04639434276868874,0.02863255883544181,0.03590638392003141
2016-03-08,-0.013450101888248531,False,0.0392151715549084,0.044927430694145364,0.027727244873129796,0.03477108368767136
2016-03-09,0.017450107221594617,False,0.0390838787472866,0.04477701318272868,0.027634413765100268,0.03465466973306161
2016-03-10,0.00828230674488346,False,0.03926229255696483,0.04498141555434584,0.027760561967276807,0.0348128646678631
2016-03-11,0.0,False,0.038851076201505214,0.04451029956587329,0.027469809788169288,0.03444824970527381
2016-03-14,0.003951272839167995,False,0.03744717931188995,0.04290190470977527,0.026477178842248674,0.033203450452787456
2016-03-15,-0.014564971147962033,False,0.036484456388639376,0.04179894721406616,0.02579648172479331,0.032349828805728884
2016-03-16,0.013578615651258286,False,0.036572843486737436,0.041900209176378295,0.025858976178225922,0.03242819937158437
2016-03-17,0.024692612590371414,False,0.036587781974181076,0.041917323671424166,0.025869538495894327,0.032441444944062425
2016-03-18,0.0006416426270830401,False,0.03761903174261645,0.04309878994232551,0.0265986877950305,0.03335582758168397
2016-03-21,-0.014862955350159055,False,0.03622026850622618,0.04149627653058508,0.025609686619283503,0.03211558020743331
2016-03-22,-0.012117390773964187,False,0.036358427377281455,0.04165456024726922,0.025707372405096806,0.03223808212383907
2016-03-23,-0.024009155920033366,False,0.03622901588661407,0.04150629809393798,0.025615871489791435,0.032123336284570175
2016-03-24,-0.0003375527458211257,False,0.03743787538505544,0.04289124553090478,0.026470600463335787,0.033195200900235235
2016-03-28,0.0026972369690011593,False,0.036182896544895905,0.0414534608004481,0.025583262623617875,0.03208244345082961
2016-03-29,0.0,False,0.03516690709784191,0.040289477738316426,0.024864903196131046,0.03118159174755857
2016-03-30,0.001345895223355163,False,0.034215512174152765,0.03919949832978682,0.024192215586356206,0.030338014346263726
2016-03-31,-0.00810267768623492,False,0.03312880559960448,0.037954497163732275,0.023423855329266653,0.029374459585457594
2016-04-01,-0.023667714249336988,False,0.032837907620565536,0.037621225670222684,0.023218174742440256,0.029116527831682785
2016-04-04,-0.003477054963464547,False,0.03418317852317593,0.03916245481306227,0.024169353948303142,0.030309344929824494
2016-04-05,0.0038240964384034758,False,0.03332150698296435,0.03817526830159264,0.02356010561791651,0.029545322944251124
2016-04-06,0.006226239415098098,False,0.0325428689801191,0.03728321036784941,0.0230095664843012,0.02885492465996911
2016-04-07,-0.01739174271186922,False,0.03191236102883794,0.03656085977852127,0.02256376329980793,0.028295869481310958
2016-04-08,0.007689656905418571,False,0.03259910640104772,0.037347639585700726,0.02304932937910169,0.028904788934227096
2016-04-11,0.011768913962113454,False,0.032100495621244625,0.036776398906016555,0.022696784620534847,0.028462683584060944
2016-04-12,0.008907218876313973,False,0.032058664581093264,0.0367284745674826,0.022667207815242778,0.028425593076990004
2016-04-13,-0.004786333923811173,False,0.03169678142933582,0.036313877880147026,0.022411336876359107,0.028104720596876086
2016-04-14,0.011923152661191644,False,0.03109160183492843,0.035620545090637765,0.02198344220852985,0.027568123420608565
2016-04-15,-0.004071943189927587,False,0.031121622976005302,0.035654939246817896,0.022004668777151223,0.027594742394015877
2016-04-18,0.018194571995554784,False,0.030415887135729135,0.034846402734157574,0.021505675410982153,0.026968984581653067
2016-04-19,0.015899639347421245,False,0.031079337669495593,0.03560649447143459,0.021974770781002247,0.02755724910065238
2016-04-20,0.0055710450494554295,False,0.03166385082723446,0.03627615045769897,0.02238805316161097,0.028075521879233137
2016-04-21,0.00032674399898604796,False,0.031005124044751663,0.035521470554668706,0.021922297738947175,0.02749144578896411
2016-04-22,0.024525269245265616,False,0.029934030469450614,0.034294356647901696,0.0211649767158114,0.026541734672898415
2016-04-25,-0.0076800377490699265,False,0.031360323834972635,0.035928410351817965,0.022173443180158653,0.027806392304353535
2016-04-26,0.021608721307535914,False,0.031092634820037598,0.03562172854502697,0.021984172584808632,0.027569039341928166
2016-04-27,-0.0034640248778177625,False,0.032189829388504405,0.03687874543359941,0.02275994842020822,0.028541893537106174
2016-04-28,-0.004109378313334687,False,0.03143167198620753,0.03601015139725169,0.022223890177636783,0.027869654874404397
2016-04-29,0.015713711135163354,False,0.030798441814470567,0.03528468205653186,0.0217761622362144,0.027308185972905522
2016-05-02,-0.0056285326830972735,False,0.031285618049206175,0.03584282258363047,0.022120622153671853,0.027740152606148927
2016-05-03,-0.003455319913396282,False,0.03079238063300411,0.035277737975976775,0.021771876653464733,0.027302811679241618
2016-05-04,-0.0059965462945761275,False,0.030168765364186535,0.03456328408839444,0.021330946967847604,0.02674986806478862
2016-05-05,-0.008903079475679473,False,0.029773085190079495,0.03410996735167303,0.021051179708292282,0.02639902863448894
2016-05-06,-0.02719494234069663,False,0.02967912006497869,0.03400231484173253,0.02098474128841807,0.026315712175601903
2016-05-09,0.003930565165194448,False,0.03149927128236212,0.03608759751242949,0.022271686532042766,0.027929593431106313
2016-05-10,0.007166154445764537,False,0.030772646715884595,0.03525512952729335,0.021757923707944334,0.027285314122647036
2016-05-11,-0.011753318452670492,False,0.030403952981969674,0.03483273019761975,0.021497237319536372,0.02695840287455711
2016-05-12,-0.008906540816203226,False,0.030550095335061648,0.03500016030641898,0.021600567858454017,0.027087983539085356
2016-05-13,-0.019067311226202897,False,0.03042708705804524,0.03485923408778132,0.02151359436113092,0.02697891526461855
2016-05-16,-0.011549041409705458,False,0.031335888510311306,0.03590041566732006,0.022156166085514545,0.027784726130649695
2016-05-17,-0.009612157770230376,False,0.03146867705596979,0.03605254679273653,0.022250054761142658,0.02790246631769415
2016-05-18,0.010977811789237036,False,0.03138159307937513,0.03595277777049601,0.02218848168501356,0.027825251196148947
2016-05-19,-0.013049635734757373,False,0.03131105995884406,0.03587197047682233,0.022138610958274733,0.02776271129285401
2016-05-20,0.006546104340441419,False,0.03157230654826338,0.03617127142527755,0.022323326410735707,0.027994351922325664
2016-05-23,0.016011243083633116,False,0.03114322157847524,0.03567968399934817,0.022019940155953245,0.02761389331913595
2016-05-24,-0.0020297706562870284,False,0.03160885174710069,0.036213139962959905,0.02234916584065329,0.02802675560989784
2016-05-25,-0.009869060874253564,False,0.030757585376933353,0.03523787428563399,0.02174727452762305,0.027271959620897922
2016-05-26,-0.0027397277411203274,False,0.030716761255897347,0.03519110353860497,0.021718409668543937,0.0272357619231005
2016-06-01,-0.004258810695796338,False,0.02998548409707717,0.03435330524349607,0.02120135721030483,0.026587357280713146
2016-06-02,0.0036047884357273924,False,0.02943896905219471,0.03372718234695627,0.020814941548318294,0.02610277645118466
2016-06-03,-0.008541444833031358,False,0.028777190533547405,0.032969006178078096,0.020347028383317384,0.025515994464973806
2016-06-06,0.010502229774972137,False,0.028736949666919698,0.03292290364493075,0.020318575916615022,0.025480313923854223
2016-06-07,0.008128804311891483,False,0.028747249628424405,0.03293470394538353,0.020325858545850114,0.02548944663472248
2016-06-08,0.008063259296941407,False,0.02851750114597193,0.03267148926052576,0.02016341395668721,0.025285734566313313
2016-06-09,0.0009632365490307814,False,0.02830037361103371,0.0324227339474432,0.020009893059258484,0.02509321316735262
2016-06-10,0.0060790460763821925,False,0.0274590130873344,0.03145881704695576,0.01941500571484049,0.02434720043755774
2016-06-13,0.003820443997385728,False,0.027078984566769753,0.03102343185437639,0.019146305019913903,0.024010238925767508
2016-06-14,-0.0006357279298659814,False,0.026503060337633683,0.0303636158988766,0.01873909547584076,0.023499581729202437
2016-06-15,0.004758137446416798,False,0.02573254815977569,0.029480867434516587,0.018194301739485854,0.022816388404874956
2016-06-16,-0.03248396243005429,False,0.025301410611555906,0.02898692844230367,0.017889464200862504,0.022434109833198757
2016-06-17,0.015247659557729014,False,0.028214901852782692,0.03232481198655741,0.019949459908597783,0.025017427558333485
2016-06-20,0.020395863162693834,False,0.028734766101576152,0.03292040201158967,0.0203170320179509,0.025478377812642988
2016-06-21,0.007855499940308833,False,0.029718601791185757,0.03404754765463428,0.021012657001830783,0.02635071960644171
2016-06-22,0.0031250025431352807,False,0.029435196656352493,0.03372286044688464,0.020812274260655683,0.026099431564847772
2016-06-23,0.009316837580230539,False,0.028729182653521184,0.032914005253254115,0.02031308421853251,0.025473427112903905
2016-06-24,-0.05235136635375813,False,0.028642927893156353,0.03281518623462748,0.020252097443075972,0.02539694723605557
2016-06-27,-0.011795680672765308,False,0.03316015444112725,0.03799041241920639,0.023446020653831758,0.029402255796691135
2016-06-28,0.00525970969297982,False,0.03315109221639795,0.03798003014986223,0.023439613171365104,0.029394220555177073
2016-06-29,0.009138444797367246,False,0.03253838711487811,0.03727807565385962,0.02300639756344486,0.0288509507053696
2016-06-30,-0.024335301514799228,False,0.03227296454100012,0.036973990428174244,0.022818729464365736,0.0286156073379184
2016-07-06,0.004820835304693984,False,0.033592546704391914,0.03848578889392887,0.02375174534377731,0.029785646891916255
2016-07-07,0.009572504493221327,False,0.03290550688657566,0.03769867175086503,0.023265971075532462,0.02917646636165637
2016-07-08,-0.004136839630726211,False,0.032696933277548045,0.037459716367204514,0.023118498265844924,0.028991529508724734
2016-07-11,0.0006375518226795118,False,0.03200932676578524,0.03667194998299243,0.022632323314364454,0.028381846505522376
2016-07-12,0.004768726252082873,False,0.031002619168381845,0.03551860080668495,0.02192052665602878,0.027489224779532587
2016-07-13,0.009155549352671308,False,0.030382866479051564,0.03480857213937669,0.021482328022783465,0.02693970601493432
2016-07-14,0.004702940162109207,False,0.030193367753741363,0.03459147017321335,0.021348342186397033,0.026771682370635267
2016-07-15,-0.04216530068952963,False,0.029631789323509725,0.03394808969052869,0.020951275897175315,0.026273745224869263
2016-07-18,0.0065040879691764825,False,0.03295300367121481,0.037753087131837726,0.023299553868266952,0.029218580538596044
2016-07-19,-0.028606257676945183,False,0.032425074756311706,0.03714825770497843,0.02292627960428399,0.02875047955233529
2016-07-20,-0.009720203898783187,False,0.034148759358828426,0.039123021997663064,0.024145017739628006,0.0302788263423357
2016-07-21,-0.022825041319626593,False,0.03388994422021539,0.03882650667612861,0.023962021454245228,0.03004934161773748
2016-07-22,-0.00552869411031694,False,0.03492606595859183,0.04001355459013367,0.024694615499335933,0.030968044105759446
2016-07-25,-0.011149941297034418,False,0.03427713030237108,0.039270092033072176,0.024235782931901054,0.030392649555240354
2016-07-26,-0.0010517091241097566,False,0.03412306059134902,0.03909357983155551,0.024126847322654528,0.030256039906390995
2016-07-27,0.0021023133181009928,False,0.03309578984439073,0.037916672184384576,0.023400511406667684,0.02934518536474071
2016-07-28,-0.002453128968076863,False,0.03214378105850527,0.03682598949571653,0.022727389763156396,0.02850106366762988
2016-07-29,-0.005277057100843781,False,0.03137960145775852,0.03595049604027269,0.02218707350093406,0.027823485276502045
2016-08-01,0.03159436541821718,False,0.030914112020292487,0.035417201307357156,0.021857947320766662,0.027410747768438475
2016-08-02,-0.010305828074462607,False,0.032891953219151567,0.03768314379498207,0.023256387900432218,0.029164448673460918
2016-08-03,0.03294575434709205,False,0.0327745178317609,0.03754860223826219,0.02317335473714763,0.029060321736845647
2016-08-04,-0.0006684492227508814,False,0.034816507048874436,0.03988803683442623,0.024617151431289872,0.03087090103925062
2016-08-05,0.009980122756723891,False,0.033711400569033385,0.03862195554970734,0.023835781447110876,0.029891031555815153
2016-08-08,0.0033046956711311306,False,0.033479625863204104,0.038356419492617276,0.023671904208554678,0.029685522887268563
2016-08-09,-0.0183124811048207,False,0.03271648120178478,0.03748211173044118,0.02313231970434901,0.029008862150215392
2016-08-10,0.014676714415932934,False,0.033329496441231204,0.038184421540462574,0.02356575459653843,0.029552406991343125
2016-08-11,-0.005978098175508067,False,0.033561076176326574,0.03844973422650037,0.023729493980252543,0.029757742784356174
2016-08-12,-0.0030025043407082824,False,0.03300191690520854,0.03780912528858028,0.02333413816721824,0.029261950644735944
2016-08-15,0.012286390650715786,False,0.03230541961607138,0.03701117305617565,0.022841676955813447,0.02864438441797815
2016-08-16,0.0036237891739498967,False,0.03237920889102839,0.0370957108104466,0.022893849959643834,0.02870981146962805
2016-08-17,0.004593183928331142,False,0.031625761721051346,0.03623251312014842,0.022361122105790922,0.02804174924873916
2016-08-18,0.01752153845305804,False,0.03098757661481389,0.03550136708677272,0.021909890757988354,0.027475886934299518
2016-08-19,-0.004513224940057381,False,0.031654877618063924,0.036265870170322206,0.022381708617953393,0.028067565565524834
2016-08-22,-0.03685840060394797,False,0.031084536341679368,0.03561245040570638,0.021978446523092342,0.027561858629526016
2016-08-23,0.018599008402044516,False,0.033786528897926785,0.03870802741056353,0.023888901234416147,0.029957645912139202
2016-08-24,-0.007928683755507256,False,0.034337966995637875,0.039339790474058924,0.02427879776071847,0.03044659188595027
2016-08-25,0.003311261303656005,False,0.03391195602893969,0.038851724824403924,0.023977584992192384,0.030068858922212303
2016-08-26,-0.004306781545157689,False,0.033041460828933694,0.037854429358971736,0.02336209785763644,0.02929701322451482
2016-08-29,-0.022495492834097096,False,0.03236936766628024,0.03708443606841981,0.0228868916820787,0.02870108550883943
2016-08-30,-0.010925339126252447,False,0.033413189283171246,0.03828030546004693,0.023624929957262036,0.029626615281037372
2016-08-31,0.002742545428306376,False,0.03332613423355367,0.038180569578417735,0.023563377334068502,0.02954942580829852
2016-09-07,-0.0047602946063002305,False,0.032442307590945296,0.03716800075219627,0.022938464149366875,0.02876575946343759
2016-09-08,-0.012345835822299379,False,0.03195452809445641,0.03660916908951069,0.02259357769325888,0.028333257933518298
2016-09-09,-0.03654658306372053,False,0.032073338559272524,0.036745286023649085,0.022677583110571265,0.02843860411590865
2016-09-12,0.01280245082037618,False,0.03461209315536698,0.03965384708925024,0.024472619765202038,0.03068965249904932
2016-09-13,-0.002830858224523949,False,0.034585933146619674,0.039623876495386914,0.024454123225733784,0.030666457092339214
2016-09-14,0.009522202085149008,False,0.03368139277299875,0.03858757668246862,0.02381456431415533,0.029864424415113458
2016-09-15,0.008040595670206471,False,0.033403407218791425,0.03826909849595512,0.023618013509273422,0.02961794177622527
2016-09-16,-0.024318379003326493,False,0.03299227090816886,0.03779807421201239,0.023327317926190087,0.02925339778733359
2016-09-19,0.024318379003326528,False,0.03416650488156523,0.03914335241345055,0.024157564782897625,0.030294560840788645
2016-09-20,-0.00209132177999761,False,0.03530786129146017,0.04045096395688279,0.024964565426012553,0.03130657220456272
2016-09-21,0.0038307551634307628,False,0.03429135796581738,0.03928639216228436,0.02424584265860136,0.03040526485836809
2016-09-22,0.014835531710779611,False,0.03343045631257204,0.03830008768299633,0.02363713867989269,0.029641925511759988
2016-09-23,-0.023563113728140836,False,0.03361853049489556,0.03851555760080268,0.023770117287427183,0.029808686050443466
2016-09-26,-0.002457434973755253,False,0.03476411480769751,0.03982801290258925,0.024580107286308113,0.030824446186949468
2016-09-27,0.008051855159079645,False,0.03383772466177074,0.0387666805807712,0.023925099405284297,0.030003039878772245
2016-09-28,-0.015106558138969686,False,0.03337367125266971,0.03823503105460309,0.02359698857475181,0.029591575660113705
2016-09-29,-0.03493962461718859,False,0.03362450728850602,0.038522405001185235,0.02377434320340364,0.029813985519566592
2016-09-30,0.012024192966801812,False,0.03597280059043173,0.04121276131963382,0.025434713433462593,0.031896156773366366
2016-10-03,0.011523354015022321,False,0.03577127305898021,0.04098187837705704,0.025292222581282848,0.03171746749613959
2016-10-04,0.007845974628614073,False,0.03551858338771786,0.04069238078613436,0.025113557332242905,0.03149341406584486
2016-10-05,0.007432347078227345,False,0.034973800720669766,0.04006824261341453,0.02472836655497628,0.031010369291171395
2016-10-06,-0.017428860170069938,False,0.03436997200338709,0.039376457475897866,0.024301427030254782,0.030474969902894916
2016-10-07,-0.0007178751205637791,False,0.034795322020808796,0.039863765899417314,0.02460217247193488,0.030852116819914368
2016-10-11,-0.04404381576143944,False,0.03375457083194616,0.03867141418824336,0.023866305155246237,0.029929309517253044
2016-10-12,-0.008289421995655749,False,0.03727264090074495,0.04270194224475829,0.02635377075620197,0.03304869173415891
2016-10-13,0.0198545574279085,False,0.03668680899730492,0.042030775418333256,0.025939555951137828,0.03252924965769371
2016-10-14,0.00812712267889129,False,0.03725002525288934,0.04267603229941448,0.026337780271366816,0.03302863902106197
2016-10-17,-0.010355122115204247,False,0.036885236678937394,0.042258106972955185,0.026079855042027367,0.03270519037783904
2016-10-18,0.0029695641718164986,False,0.03655333237758193,0.04187785599087399,0.025845180769973185,0.03241089937307906
2016-10-19,0.009590630501701839,False,0.03549016739670597,0.04065982559343287,0.02509346569143506,0.03146821833770278
2016-10-20,-0.0025730578430552095,False,0.03511604510796934,0.040231206961105444,0.02482894102149267,0.0311364937297186
2016-10-21,0.0029400976709966567,False,0.0341365143744222,0.03910899335348154,0.024136359874122465,0.030267969029702323
2016-10-24,-0.007366515816762554,False,0.033191977395665,0.038026870849140214,0.023468521201912212,0.02943047239173705
2016-10-25,0.011029523575499604,False,0.03273714056285839,0.03750578042742802,0.023146926988741694,0.0290271802741542
2016-10-26,0.012354808314880257,False,0.03261266507644166,0.037363173279037064,0.02305891609510717,0.028916811062860565
2016-10-27,-0.01345230248028118,False,0.03269814805070275,0.037461108089707644,0.023119357176092932,0.028992606616827267
2016-10-28,0.008746411442868453,False,0.03291290930052806,0.03770715243389226,0.023271204982109234,0.029183029891658253
2016-10-31,-0.007648917277467594,False,0.032554738209939066,0.03729680852333325,0.023017958671014263,0.028865448800678283
2016-11-01,-0.01436224282388398,False,0.03215997457212258,0.03684454182972118,0.02273883945213187,0.02851542203952675
2016-11-02,0.0048103700528974724,False,0.0323975902755875,0.037116769710563505,0.022906846591574007,0.02872610977039935
2016-11-03,-0.0014776508045132126,False,0.03184107840351317,0.03647919380379792,0.022513362632688265,0.028232665011398747
2016-11-04,-0.04692499156196808,False,0.030946024197181125,0.03545376195617279,0.021880510953869402,0.027439043474647404
2016-11-07,-0.035492684456433395,False,0.034807510574328154,0.039877729892733936,0.024610790437754746,0.030862924096732216
2016-11-08,0.004006415615438579,False,0.03715862260428441,0.0425713155278785,0.02627315366081194,0.03294759464415629
2016-11-09,-0.010854377925185815,False,0.036172323570489655,0.041441347718800536,0.025575786959511983,0.032073068666445645
2016-11-10,-0.00974824941366059,False,0.0360243969740484,0.041271873465701076,0.025471194864153366,0.0319419059592447
2016-11-14,-0.023958188468250263,False,0.035664124271459305,0.04085912181283885,0.025216462599835586,0.03162246142297463
2016-11-15,-0.005870037819795266,False,0.03684557753680075,0.04221267090091765,0.02605181388596762,0.032670025636859036
2016-11-16,0.014196480596348895,False,0.03608116058467416,0.04133690552041917,0.025511329803496925,0.0319922367923693
2016-11-17,0.005787531656919408,False,0.036105545697039124,0.04136484267847067,0.025528571395334806,0.03201385844412182
2016-11-18,0.002470153582062117,False,0.03530586717428325,0.040448679367584575,0.024963155477437098,0.0313048040721667
2016-11-21,0.0024640669551592785,False,0.034302195688636336,0.03929880855679507,0.02425350551413796,0.030414874388358132
2016-11-22,0.0004100881747034629,False,0.03339348473541485,0.038257730658800795,0.023610997777468026,0.029609143765501455
2016-11-23,-0.000410088174703443,False,0.03227689177425157,0.03697848971997199,0.0228215062304417,0.028619089514602385
2016-11-25,-0.007823799431189632,False,0.031215911406682607,0.03576296215648649,0.02207133579153447,0.027678345519639568
2016-11-28,-0.006636274873558302,False,0.030854836408901323,0.03534929134248806,0.021816036261172136,0.02735818960886408
2016-11-29,0.0008319468033927185,False,0.0305872083985435,0.035042679426476736,0.02162680879935396,0.0271208907376278
2016-11-30,-0.007512556201031461,False,0.029654297148901193,0.03397387610750089,0.020967190145703262,0.026293702334561322
2016-12-01,0.004180608095554165,False,0.029479087287844256,0.03377314438614288,0.020843307308294007,0.02613834825857097
2016-12-02,-0.0037617599218916845,False,0.028969912857131686,0.0331898013064106,0.020483293477837186,0.025686876390925567
2016-12-05,-0.013490929741015402,False,0.028365835573860566,0.032497731395660104,0.02005617820353318,0.025151256605582255
2016-12-06,-0.0038273489204538194,False,0.02871090954488073,0.032893070401015585,0.020300164143526395,0.025457224817603947
2016-12-07,-0.027647549321227937,False,0.028441563200613487,0.03258448985081082,0.020109721726801956,0.02521840234389957
2016-12-08,-0.009240989853729785,False,0.030318360270159713,0.03473466966453292,0.021436718648175035,0.026882510019129162
2016-12-09,-0.04475323072300695,False,0.030202384559227666,0.03460180040734229,0.02135471755500512,0.026779677340075112
2016-12-12,0.03184982588709917,False,0.03367453378601086,0.03857971858443381,0.02380971463980089,0.029858342727819686
2016-12-13,0.021706278581863074,False,0.03563121772603946,0.04082142195127727,0.025193195894460927,0.031593284035772246
2016-12-14,0.01132909720596923,False,0.03647113448202752,0.04178368477832289,0.025787062417108098,0.03233801661388289
2016-12-15,-0.02901302399588494,False,0.036239586455235104,0.04151840841936278,0.025623345452877207,0.03213270893580628
2016-12-16,-0.0017857147602346438,False,0.03788319430035574,0.04340143161222621,0.026785464994627698,0.03359005372524275
2016-12-19,0.028630010948814708,False,0.03675294073533407,0.04210654020423577,0.02598631466266488,0.0325878869683632
2016-12-20,-0.020619287202735703,False,0.03837751169835092,0.043967753516702464,0.02713497410030813,0.03402835224422018
2016-12-21,0.010143416627734818,False,0.03903060906924636,0.0447159840026089,0.02759674922485297,0.0346074368800685
2016-12-22,-0.040291931722821285,False,0.03856011887302139,0.044176960077810426,0.02726408723807903,0.03419026532787317
2016-12-23,0.03368834180021071,False,0.041568455196983774,0.0476235042682459,0.02939114354327568,0.0368576797476901
2016-12-27,-0.011997477832943918,False,0.043737438539722874,0.05010843152838101,0.030924731945041556,0.0387808614739755
2016-12-28,-0.014408173609183268,False,0.04322173997522169,0.04951761398004372,0.030560105199532495,0.038323604824753006
2016-12-29,-0.018307147444356128,False,0.043040665544458276,0.04931016342924824,0.03043207579450975,0.03816305078568788
2016-12-30,-0.018178081534696952,False,0.04324589949112768,0.049545292680236344,0.03057718728248612,0.038345026445929506
2017-01-03,0.018639868659042703,False,0.043420654246760726,0.04974550300345736,0.030700748335773798,0.03849997699164947
2017-01-04,0.03225353392919371,False,0.04364136335835615,0.04999836160184156,0.030856801601392404,0.03869567408248511
2017-01-05,0.011113695185936119,False,0.045495136971893675,0.05212216425888789,0.03216751969553441,0.040339367451620506
2017-01-06,-0.00044218439809587114,False,0.04477734256574746,0.0512998126751488,0.03166000027183607,0.03970291761914418
2017-01-09,-0.03464913541317413,False,0.04306169296029632,0.049334253793520084,0.030446943313504896,0.03818169525431698
2017-01-10,0.010476069391940701,False,0.04524149993039994,0.05183158129950387,0.03198818460455959,0.04011447401251562
2017-01-11,-0.036921591056499205,False,0.04445340228840323,0.05092868579281329,0.03143095699501101,0.03941568810957611
2017-01-12,0.04728904925392718,False,0.047044942836366094,0.05389772185062179,0.03326331616935249,0.04171354043815867
2017-01-18,-0.0008952552075112774,False,0.05098093763557201,0.05840705144277314,0.036046277132920884,0.04520348576112635
2017-01-19,-0.03138761187378574,False,0.048898109805346,0.05602082949652225,0.03457360533301854,0.04335669591117261
2017-01-20,-0.011152531950475003,False,0.0505065975917547,0.05786361688418092,0.0357108930959127,0.04478290064811999
2017-01-23,0.011614532420693083,False,0.04958780088731683,0.056810984098861005,0.03506125418825415,0.043968227249146494
2017-01-24,0.016491441089871432,False,0.048675497643789235,0.055765790641317654,0.03441620650826576,0.043159311434898026
2017-01-25,-0.0040974334585555236,False,0.04847427142657942,0.05553525290377695,0.03427392870153328,0.042980889325257135
2017-01-26,-0.02775386278217099,False,0.04691707390745774,0.05375122695556769,0.033172905928547027,0.04160016234871438
2017-01-27,-0.01750695292949704,False,0.04814426814652199,0.05515717985434859,0.03404059855423872,0.042688283907172546
2017-01-30,-0.008147660697065417,False,0.04803664359370132,0.055033878222706646,0.0339645021810215,0.04259285598515681
2017-01-31,0.011959004043526981,False,0.046911340233462856,0.0537446580887028,0.03316885191127322,0.0415950784474994
2017-02-01,0.002849004776074871,False,0.046247783506421634,0.05298444468955864,0.03269968145687082,0.04100671976965549
2017-02-02,-0.01192477760551709,False,0.04462004490657934,0.05111960232796896,0.031548782328861685,0.03956344583172253
2017-02-03,-0.005774799493883908,False,0.04407096953208105,0.05049054615262892,0.031160556375515982,0.03907659482379599
2017-02-06,-0.012139017718084096,False,0.042861182810784826,0.049104536429335224,0.0303051718053204,0.03800390806348116
2017-02-07,-0.020731245920620023,False,0.042368328188146016,0.048539890374685424,0.029956696960842775,0.03756690654977786
2017-02-08,-0.006003019527874869,False,0.04292061662039576,0.049172627636291835,0.0303471947196029,0.03805660649334689
2017-02-09,-0.009579100219367783,False,0.0417528718572353,0.047834783892783436,0.029521536085109115,0.03702119725565327
2017-02-10,-0.017889564750775057,False,0.04094149180687232,0.046905214556888696,0.028947846555022878,0.03630176744022647
2017-02-13,-0.026124787741142207,False,0.04133167690995703,0.047352235785705216,0.029223728502496417,0.03664773453242813
2017-02-14,0.02095414540421943,False,0.04274634371575351,0.04897296935265488,0.030223974360997524,0.03790208319250338
2017-02-15,0.04708538667468765,False,0.04340090685130384,0.04972287911312102,0.030686785860340716,0.03848246748415992
2017-02-16,0.02442720379895688,False,0.04749361634876247,0.054411751174814914,0.033580552582022076,0.04211136769810401
2017-02-22,-0.0009857073247591882,False,0.04821313101627143,0.055236073600962346,0.034089288323440305,0.042749342842071714
2017-02-23,0.01904819497069441,False,0.046364761453586006,0.053118462173241246,0.03278239118520239,0.04111044110579115
2017-02-24,-0.019048194970694474,False,0.046525710069995826,0.053302855292596756,0.03289619055218815,0.04125315010306699
2017-02-27,-0.005934735519814578,False,0.04670577892538178,0.05350915379136015,0.033023508961093226,0.04141281252431642
2017-02-28,-0.03688217981381913,False,0.04541297461603995,0.052028033762910916,0.032109426471157734,0.04026651620456257
2017-03-01,-0.006195166948925659,False,0.04794222420619643,0.054925705280447025,0.03389774257308625,0.04250913674348335
2017-03-02,0.01592635769679396,False,0.04661811643440758,0.05340872198572071,0.03296152684404379,0.04133508444895493
2017-03-03,0.013667638728663835,False,0.04640956485112626,0.053169791836176254,0.03281406960774881,0.04115016712568585
2017-03-06,-0.010614201241773428,False,0.045951329926812196,0.05264480834158843,0.032490072760302004,0.04074386200778962
2017-03-07,-0.009188426054406255,False,0.04518260661400583,0.05176410931644904,0.03194654384818131,0.0400622548240794
2017-03-08,-0.0025673955052458097,False,0.044319503470624196,0.05077528266802083,0.031336283297011665,0.039296963472807506
2017-03-09,-0.007223973624032275,False,0.04277271831203826,0.049003185791846274,0.030242622625447753,0.037925468868462014
2017-03-17,-0.006930720812208499,False,0.04177532169740896,0.04786050387814891,0.02953740933495545,0.03704110295134455
2017-03-20,0.04990136733839853,False,0.04070447488443646,0.04663367267822658,0.02878026278611719,0.03609161063308686
2017-03-21,0.01779906473814393,False,0.04556646730632446,0.05220388489224129,0.0322179540955695,0.04040261422396956
2017-03-22,0.005093782720256418,False,0.045738920503632846,0.05240145840174915,0.03233988782278088,0.04055552403713768
2017-03-23,0.005067967539243064,False,0.04442973999859773,0.050901576746922396,0.031414226477772866,0.03939470736599025
2017-03-24,-0.020896975877216062,False,0.04313461076958204,0.04941779314049109,0.030498500144025106,0.03824634959977726
2017-03-27,0.008876489023091419,False,0.04366900385403546,0.05003002833705512,0.030876344925104292,0.038720182198867775
2017-03-28,-0.00981545622822897,False,0.04297348323710641,0.04923319504334694,0.030384574273714954,0.03810348196222904
2017-03-29,-0.020404029332761683,False,0.04229340169607724,0.04845404975111804,0.029903719883076666,0.03750047115697334
2017-03-30,0.004782409880215098,False,0.04290483147308971,0.04915454315308114,0.03033603376767131,0.03804261020935175
2017-03-31,-0.0004772130846946423,False,0.041671594173283644,0.047741666934016457,0.029464068371561236,0.03694913042441001
2017-04-03,0.005711581447951002,False,0.040054524304353,0.04588904735890513,0.028320712612680522,0.035515316175690724
2017-04-04,0.0014228126659230444,False,0.03898400542125883,0.04466259185660942,0.027563797927982518,0.03456611462441914
2017-04-05,0.0004738213782084904,False,0.03750155241237998,0.042964198041846285,0.02651562356177993,0.03325166168207788
2017-04-06,-0.011434140771119814,False,0.03595913716146897,0.04119710761385035,0.02542505265102469,0.03188404176243853
2017-04-07,-0.03958493855531993,False,0.03574238764876988,0.04094878538743491,0.025271799035741522,0.03169185554607149
2017-04-10,-0.02575249610241474,False,0.03948719937230122,0.04523908331297131,0.02791958323621952,0.0350122837546071
2017-04-11,0.008658062743114531,False,0.0407586573226416,0.0466957475752825,0.028818572697112566,0.036139652807034635
2017-04-12,-0.01584495199357045,False,0.04037072533258651,0.046251307658123436,0.028544283822274488,0.03579568349218812
2017-04-13,-0.03246358375554493,False,0.040553214739832665,0.04646037929727176,0.028673313692114066,0.035957492154495896
2017-04-17,0.01688694482680767,False,0.0426821880709515,0.048899468506650806,0.03017861285413969,0.03784519803285735
2017-04-18,0.00885653093021798,False,0.042845204825379846,0.04908623101835649,0.03029387450643487,0.037989740794905046
2017-04-19,-0.01779220142446742,False,0.04207823422999095,0.048207540019375786,0.029751584860218182,0.03730968770063489
2017-04-20,-0.04425978714309886,False,0.04241806674192878,0.048596874071027876,0.029991864805472473,0.03761100844574082
2017-04-21,0.025607501118519452,False,0.045975637388088,0.052672656537542134,0.03250725944862478,0.04076541480831919
2017-04-24,-0.01845872170485215,False,0.046954861931174735,0.05379451935361922,0.03319962410279766,0.04163366801713191
2017-04-25,0.02489306025749781,False,0.04710678415402052,0.05396857125412531,0.03330704132188638,0.041768373543466054
2017-04-26,0.006393202383062906,False,0.047958774786993875,0.05494466669365121,0.03390944472784849,0.0425238117176622
2017-04-27,-0.0037243990909824397,False,0.046729018172856726,0.053535778172662495,0.03303994036454898,0.04143341816715182
2017-04-28,-0.017204725449630833,False,0.04534738864988197,0.05195289424847718,0.0320630536498287,0.040208362815769595
2017-05-01,-0.017505917513614522,False,0.0454220795587282,0.052038464972705,0.03211586415752918,0.04027458932299178
2017-05-02,-0.0038706158359433085,False,0.04550116984747843,0.052129075910398615,0.0321717852644965,0.04034471664718737
2017-05-03,-0.01394722748085044,False,0.04415098267586048,0.05058221437258654,0.031217129990845822,0.03914754041980268
2017-05-04,0.03260858131819015,False,0.04394328080975433,0.05034425771386166,0.03107027355049932,0.03896337651889127
2017-05-05,0.014575156802968087,False,0.04590522091278165,0.05259198288016383,0.03245747119636155,0.04070297833134396
2017-05-08,0.04659309101217694,False,0.04563005067676479,0.05227673010381351,0.03226291097353672,0.040458991962662595
2017-05-09,0.01774444529907191,False,0.04933303829536468,0.05651911163625134,0.03488112327229781,0.043742335813408334
2017-05-10,-0.0030196298737199456,False,0.04925722044930777,0.05643224982004504,0.03482751595910705,0.04367511007995534
2017-05-11,-0.0010085729548847744,False,0.04768123977565688,0.05462670467811896,0.033713212481116306,0.04227772856354555
2017-05-12,0.0312913535869688,False,0.04597607887360507,0.05267316233183512,0.03250757160273642,0.04076580626216861
2017-05-15,0.012150817782512528,False,0.04763926980166938,0.05457862116801833,0.03368353744209625,0.04224051486741661
2017-05-16,-0.017544309650909508,False,0.04705403063888068,0.05390813342352705,0.03326974173669516,0.041721598358836876
2017-05-17,0.00978481387999827,False,0.04708784991452868,0.05394687896772732,0.033293653791651015,0.04175158504044979
2017-05-18,0.01450001238475404,False,0.04626247464100296,0.05300127580120625,0.03271006888270243,0.04101974602071444
2017-05-19,-0.02723903816218372,False,0.045965432950107216,0.05266096567500154,0.03250004435968172,0.040756366795701965
2017-05-22,0.0034457331656216534,False,0.04719495071593385,0.05406958055595525,0.03336937984432202,0.04184654856556051
2017-05-23,-0.006903380473074343,False,0.04570070978470281,0.0523576817367893,0.03231287078017868,0.04052164357574986
2017-05-24,-0.0649014436575975,False,0.04448826081826038,0.050968621973688184,0.03145560385883801,0.03944659627115829
2017-05-25,-0.009016237159514719,False,0.051192684317401746,0.05864964210336226,0.0361959934765035,0.04539123609607464
2017-05-31,0.005385569932592566,False,0.05015314529910125,0.05745867913299346,0.03546098322988931,0.04446950359386397
2017-06-01,-0.01178795575204224,False,0.04877254603039713,0.05587697553457255,0.03448482496059744,0.04324536174243707
2017-06-02,-0.011428695823622744,False,0.04815654663297837,0.05517124688064033,0.03404928010750365,0.042699170925211846
2017-06-05,-0.006517947367214105,False,0.04752062691532534,0.05444269622258969,0.03359965051181698,0.04213531727254598
2017-06-06,-0.006560709881297061,False,0.046410908798121264,0.05317133154856512,0.03281501985088047,0.04115135876890918
2017-06-07,-0.006094483058761233,False,0.045304707323434015,0.05190399576710142,0.03203287564618856,0.04017051838171568
2017-06-08,0.0,False,0.04424091258500174,0.050685243878771866,0.031280715295035726,0.039227278956516655
2017-06-09,0.02862359611878931,False,0.042602240737723306,0.04880787568350678,0.03012208577042496,0.037774310789373246
2017-06-12,0.01912291663253902,False,0.04416813090320849,0.050601860488239156,0.031229254714006924,0.03916274531180164
2017-06-13,-0.018133307447372755,False,0.04442302338651034,0.050893881762759614,0.03140947747016483,0.039388751918857726
2017-06-14,0.008862687257845324,False,0.04472855307950159,0.051243916291810396,0.03162550346922795,0.039659657236948524
2017-06-15,-0.00688640202963336,False,0.0439710471698364,0.05037606864745581,0.03108990586714374,0.038987996236001625
2017-06-16,-0.02549500747340647,False,0.04304586493396549,0.04931612018533204,0.03043575204378627,0.038167660950593756
2017-06-19,-0.03976769816534908,False,0.04420508407072007,0.05064419642115689,0.03125538259981757,0.03919551073470106
2017-06-20,-0.01059331940166494,False,0.04702159053750006,0.05387096795035174,0.03324680483245568,0.041692834555563364
2017-06-21,-0.03522444901335715,False,0.04640004565155456,0.05315888602696866,0.03280733901938071,0.0411417266963361
2017-06-22,-0.011092737149718122,False,0.0485704818350017,0.055645477755156096,0.0343419546580163,0.04306619661909855
2017-06-23,0.027504484064690464,False,0.04787622503613187,0.05485009237295803,0.03385107759427209,0.042450616977417345
2017-06-26,-0.01862047227452816,False,0.04900871641267166,0.056147547562207106,0.034651810179875085,0.04345476794419547
2017-06-27,0.009901070982711537,False,0.04908625576575722,0.056236381647936984,0.03470663469153881,0.04352352009363974
2017-06-28,0.0043692041106639995,False,0.04828277431707218,0.05531586145974185,0.034138529899557644,0.042811093765105106
2017-06-29,-0.00710968266876701,False,0.046889827221602835,0.05372001139429755,0.03315364104965641,0.04157600341337105
2017-06-30,0.04349678947624581,False,0.04581309598936092,0.052486438623997746,0.0323923338984913,0.040621293531941834
2017-07-07,-0.029532347565017388,False,0.049063893224736886,0.0562107616781141,0.03469082316691019,0.04350369180386168
2017-07-10,-0.01870241531271462,False,0.05040170740469325,0.05774344791837387,0.03563673006701025,0.04468989721787303
2017-07-11,-0.011728701889825235,False,0.05047483001111244,0.05782722189415448,0.0356884317001679,0.04475473315168254
2017-07-12,0.0011229647446237235,False,0.049744337222353434,0.05699032222399518,0.03517193383393732,0.04410702399004811
2017-07-13,0.028217639808950323,False,0.0479266204118948,0.054907828566939085,0.03388670984752631,0.04249530126053136
2017-07-14,0.023187881726464993,False,0.04912076349723351,0.05627591593155328,0.03473103352195881,0.043554117211322976
2017-07-17,0.01796139147450564,False,0.04980859371020648,0.05706393860230491,0.035217366642280236,0.04416399856463299
2017-07-18,0.0005234231995974092,False,0.04980336873112478,0.05705795252915353,0.03521367229979209,0.04415936571010979
2017-07-19,0.01712104078011135,False,0.04799326357065258,0.054984179269425164,0.0339338301611378,0.042554392034803074
2017-07-20,0.006153865574378286,False,0.048027913525285355,0.055023876493065754,0.03395832955101299,0.04258511525810004
2017-07-21,0.006116227017436054,False,0.046814383476558794,0.05363357817234856,0.033100298246092404,0.04150910938566127
2017-07-24,0.0,False,0.04560307587082123,0.05224582602571148,0.032243838328431626,0.04043507409624171
2017-07-25,-0.021572485254127888,False,0.04381598780485009,0.050198422634505274,0.030980270519078833,0.03885050908644404
2017-07-26,-0.007295498746724234,False,0.04441012986965882,0.05087911011796547,0.03140036105718376,0.039377319569190584
2017-07-27,0.05147633202844499,False,0.04369653272529301,0.05006156718812912,0.030895809324319536,0.03874459134074755
2017-07-28,0.023079836143835384,False,0.04828406012059296,0.05531733455921523,0.03413943903211185,0.04281223385400577
2017-07-31,0.0,False,0.04888956406826804,0.05601103894875522,0.03456756303522442,0.043349118625970774
2017-08-01,-0.018124424615881336,False,0.04718580219911514,0.054059099424825896,0.03336291134868626,0.041838436811070905
2017-08-02,0.015694289762589474,False,0.04733329056286605,0.05422807161028055,0.033467193589857454,0.04196921094862019
2017-08-03,0.002915453960124135,False,0.04712092094161979,0.05398476727010385,0.03331703679445331,0.04178090826931829
2017-08-04,-0.03304863036867537,False,0.04575062770984635,0.05241487093253569,0.03234816545005092,0.04056590451568355
2017-08-07,0.01740038930403114,False,0.04768478212929489,0.05463076302699914,0.033715717116512604,0.04228086947737851
2017-08-08,-0.005436138912260508,False,0.04770052330497883,0.054648797133482495,0.0337268469781318,0.04229482677286763
2017-08-09,-0.007960241038388428,False,0.046548466889623163,0.05332892697343067,0.032912280853092675,0.041273327989541864
2017-08-10,-0.017637141486106844,False,0.04565306661633719,0.05230309864917488,0.03227918448624126,0.040479399604126096
2017-08-11,0.011625099329478987,False,0.045782885851655054,0.052451827941085376,0.03237097369904276,0.040594506980086105
2017-08-14,-0.03424817212975835,False,0.04521295380203012,0.05179887701304867,0.03196800094960907,0.04008916289492644
2017-08-15,-0.03062541351086381,False,0.04721935875973844,0.054097543985743506,0.033386637649926575,0.04186819055003056
2017-08-16,-0.011323927961376764,False,0.04882129731068097,0.05593282814669579,0.03451929474952635,0.04328858824838916
2017-08-17,0.03201981123477157,False,0.048219559569465324,0.05524343856627119,0.03409383365784838,0.04275504287479458
2017-08-18,0.009409374178927146,False,0.04986306884769847,0.057126348834548785,0.035255883507484376,0.04421230026750784
2017-08-21,0.004153692368693395,False,0.04895035230485587,0.05608068187464413,0.03461054360255196,0.043403017991390146
2017-08-22,-0.0036335363101514507,False,0.04752359989569183,0.054446102260714085,0.03360175256955015,0.04213795333774795
2017-08-23,-0.007830893580547945,False,0.04631152633244115,0.05305747258373045,0.03274475107854705,0.04106323889350811
2017-08-24,0.008350779217419889,False,0.04537871821688287,0.05198878742181546,0.03208520534626554,0.04023614193678049
2017-08-25,0.019558008899656514,False,0.044505228342788465,0.05098806106453137,0.031467600815343034,0.039461640938615955
2017-08-28,0.02665483425547489,False,0.04499120371269455,0.05154482580340153,0.03181121165648977,0.039892542795910944
2017-08-29,-0.019038651210166468,False,0.04614441844032685,0.05286602300073173,0.03262659677088585,0.04091506862493129
2017-08-30,-0.01426412366305612,False,0.0464075386380769,0.053167470475775754,0.032812636965657574,0.041148370534705506
2017-08-31,0.00868460119955094,False,0.04618296875615601,0.05291018872981,0.03265385392684231,0.040949250198152376
2017-09-01,0.010624941844704909,False,0.045376392755013845,0.051986123222659615,0.032083561119092004,0.04023408000957083
2017-09-13,0.019321879282270117,False,0.0447746398119782,0.05129671622604919,0.031658089278906024,0.03970052115691356
2017-09-14,-0.008376496379049164,False,0.04508346115794385,0.051650521885124735,0.03187644265445226,0.039974345099008934
2017-09-15,-0.005955352588686628,False,0.04425043300508377,0.05069615108627486,0.03128744674637057,0.03923572046806151
2017-09-18,-0.017068687479712224,False,0.04318143403810981,0.049471436897951374,0.030531606724482418,0.03828786658730924
2017-09-19,-0.005076153031860661,False,0.043490425246593786,0.04982543716248741,0.030750080202005863,0.03856184114212936
2017-09-20,0.01665443490513731,False,0.04235020261021803,0.04851912454314978,0.02994388119802066,0.03755083506616497
2017-09-21,0.01144575819512209,False,0.04244341335891557,0.04862591279081036,0.030009786233022882,0.03763348263890387
2017-09-22,-0.01898158888382508,False,0.04192752738107728,0.048034880529662184,0.02964502697615955,0.03717605981509714
2017-09-25,-0.005562593357215305,False,0.042307989431884005,0.04847076240245823,0.02991403420038859,0.03751340572699914
2017-09-26,-0.0005072280098605403,False,0.04154880175581395,0.04760098801800274,0.02937724749859939,0.036840253547049624
2017-09-27,0.02207816722806315,False,0.04000210426459592,0.04582899157922116,0.02828364881260078,0.03546883667510374
2017-09-28,-0.01752235069220249,False,0.040999869160536155,0.046972095419749824,0.02898912249787617,0.03635352913778447
2017-09-29,0.03132247112904107,False,0.04133640277742069,0.04735765004438432,0.02922706994610631,0.03665192483752079
2017-10-02,-0.0029411785908162623,False,0.0432598516734591,0.0495612772005093,0.03058705222915545,0.03835739748704027
2017-10-03,0.021850832948108297,False,0.04195506844321247,0.04806643334739217,0.029664499994983898,0.03720047976631447
2017-10-04,-0.0019230775157414877,False,0.04276222588881585,0.048991164994832075,0.03023520391538058,0.03791616550674034
2017-10-05,0.0028832312140849347,False,0.041402659458588224,0.04743355797320749,0.029273916999182203,0.03671067293205654
2017-10-06,0.0004797313596442441,False,0.04015916371467319,0.046008929018697284,0.02839469832887879,0.0356080972486532
2017-10-09,-0.03762965342128198,False,0.038676325578215695,0.044310093976931635,0.027346251656671733,0.03429330282359653
2017-10-10,0.0182585876652824,False,0.04158614200758306,0.04764376741962054,0.029403649073892174,0.03687336218760126
2017-10-11,0.02510996242501777,False,0.04192937196955207,0.04803699380923166,0.02964633119986438,0.037177695364240065
2017-10-12,-0.003343685943063266,False,0.04313780599011138,0.049421453791284965,0.030500759337559847,0.03824918271961382
2017-10-13,-0.0014364378816559135,False,0.04189200292642158,0.04799418142237264,0.029619909267523656,0.03714456119512904
2017-10-16,-0.020818955753605716,False,0.04047659209542019,0.04637259545214377,0.028619137343007018,0.035889552827046915
2017-10-17,0.009737175277858244,False,0.04117773345443174,0.04717586823063166,0.029114882162707013,0.03651123683107946
2017-10-18,0.0014524330803148008,False,0.04065458832706961,0.046576519419429016,0.02874499029495771,0.036047377506153735
2017-10-19,0.037041271680349076,False,0.03936955063829674,0.045104297332605535,0.027836399225353,0.03490796764903835
2017-10-20,-0.0032687397771267897,False,0.04201809581220061,0.048138641567827566,0.029709063749886674,0.037256364512824686
2017-10-23,-0.006569709223161073,False,0.041040027208393295,0.04701810307037013,0.02901751640723349,0.03638913624563095
2017-10-24,-0.01901197948857189,False,0.04018637378312798,0.0460401026287113,0.028413937317289282,0.03563222371628993
2017-10-25,-0.002402115015244625,False,0.04076538257997073,0.046703452463992004,0.028823327817373574,0.03614561591968059
2017-10-26,0.022825527342224226,False,0.03958434114992758,0.04535037520100253,0.02798826772104667,0.03509841686955945
2017-10-27,-0.005657723719858837,False,0.04057147108892642,0.04648129494869226,0.02868622191721524,0.03597367958953699
2017-10-30,0.0014174346809733152,False,0.039710339501101775,0.045494727041514804,0.028077355362336878,0.03521013636585319
2017-10-31,-0.011396134730869582,False,0.0384428454685043,0.04404260409912165,0.027181168605437123,0.034086282017304396
2017-11-01,0.01375407027277394,False,0.03821958356770992,0.04378682086072531,0.02702331037994145,0.033888321433964336
2017-11-02,-0.03401525541259591,False,0.038248282506888796,0.0438197002171027,0.027043602080389518,0.03391376804496638
2017-11-03,0.0043763745997987815,False,0.040620933497655366,0.046537962275444204,0.028721194512373267,0.03601753663478541
2017-11-06,0.026808690244406137,False,0.039638534178597216,0.045412462231177876,0.028026585120072597,0.035146468433799635
2017-11-07,0.021496154818193575,False,0.04104876046189974,0.04702810844905617,0.029023691289273037,0.03639687979682549
2017-11-08,0.024207621914115577,False,0.04180298775312039,0.047892199896584414,0.029556970730990915,0.037065633731150086
2017-11-09,-0.008155912903607761,False,0.042801566202344384,0.049036235796245366,0.03026301964238981,0.03795104755059637
2017-11-10,0.01130977900062992,False,0.04208434473243451,0.04821454060522444,0.029755905315563207,0.03731510572594026
2017-11-13,-0.006770506567210602,False,0.04172649267574779,0.04780456220048792,0.029502884578672818,0.03699780751411331
2017-11-14,-0.027084510754475506,False,0.04092342448415652,0.046884515466282736,0.02893507198178299,0.03628574761001143
2017-11-15,-0.007473178171159925,False,0.042324698678182456,0.04848990559309744,0.029925848540231878,0.03752822138579558
2017-11-16,-0.0009380863727334674,False,0.04153951174417427,0.04759034478127726,0.02937067895848101,0.03683201633274265
2017-11-17,-0.002349073196723851,False,0.04011578836602711,0.04595923542071308,0.028364029614050313,0.03556963744297204
2017-11-20,-0.019953156028635677,False,0.038841963989085626,0.04449986002740595,0.027463366961705045,0.03444017014096086
2017-11-21,0.008600148563638806,False,0.03960478503032083,0.04537379702941915,0.028002722648957087,0.035116543932322886
2017-11-22,0.008055006831402678,False,0.03903640210405472,0.04472262087705166,0.027600845213428846,0.03461257341498956
2017-11-24,-0.0047303777895244216,False,0.03865922179977299,0.044290498784812775,0.02733415836128802,0.03427813734329833
2017-11-27,-0.021083675083641517,False,0.03774917839431844,0.04324789434357054,0.026690708508904114,0.03347122526932799
2017-11-28,-0.008754919733843559,False,0.03860287684608317,0.044225946370492215,0.02729431943501594,0.034228177722507594
2017-11-29,0.023655459779643225,False,0.03810276812602186,0.04365298955380121,0.026940715551760922,0.03378474418725357
2017-11-30,-0.023167059281534418,False,0.03924023646911977,0.04495614667705288,0.027744967121599108,0.03479330810223111
2017-12-06,-0.009375068665456045,False,0.040271432625402045,0.04613755152641258,0.02847407851404666,0.03570764320333583
2017-12-07,-0.013698844358161915,False,0.03980614851254836,0.04560449202662048,0.02814509750947277,0.03529508775132342
2017-12-08,0.003706649729712405,False,0.03975842041323592,0.04554981163663364,0.02811135116476758,0.035252768473614214
2017-12-14,0.0,False,0.03870730477227517,0.044345585740422175,0.027368155620510235,0.034320771277934675
2017-12-15,-0.008488114622813974,False,0.03739723330741386,0.042844683344533833,0.02644186431877136,0.03315916461563203
2017-12-18,0.02369155294372899,False,0.03687222855997827,0.042243204032592456,0.026070657599164895,0.032693656413431575
2017-12-19,-0.005216495918891212,False,0.03812432448995706,0.04367768591514086,0.026955957065636964,0.03380385766055161
2017-12-20,0.009888188817167742,False,0.037373084844393716,0.04281701730724037,0.02642479005080515,0.03313775279476504
2017-12-21,-0.012506676828095371,False,0.03706954559455466,0.042469263158288036,0.026210171402583523,0.03286861235140707
2017-12-22,-0.052757120205123985,False,0.03702447110477318,0.04241762291459062,0.026178301303176905,0.03282864596099675
2017-12-26,0.025649427950850744,False,0.041636663088293065,0.047701647629299446,0.029439370207335135,0.03691815793005771
2017-12-27,0.0053734680611431445,False,0.04283048969089298,0.049069372410868624,0.03028347011137346,0.03797669326374733
2017-12-28,0.023829562832983993,False,0.04186122040570366,0.04795891498055155,0.029598144362362834,0.037117267125982824
2017-12-29,-0.00999219462844948,False,0.04285552936302605,0.04909805947482262,0.030301174512329714,0.03799889529680567
2018-01-02,0.02298951822469878,False,0.04232865942035266,0.04849444327487451,0.029928648998923706,0.03753173327397571
2018-01-03,-0.015092662236103251,False,0.04322585117680404,0.049522324037830974,0.03056301204115722,0.03832725012142286
2018-01-04,-0.0010493180396177464,False,0.04323276092020654,0.049530240285689156,0.030567897603038883,0.03833337681312359
2018-01-05,-0.005263170044274644,False,0.04180006200287118,0.047888847968329665,0.02955490206750225,0.03706303954367798
2018-01-08,0.009976454496372791,False,0.04090848894172092,0.04686740434522809,0.028924511746394373,0.03627250464879623
2018-01-09,-0.007867861200613679,False,0.040489069677764195,0.046386890575530026,0.028627959667820578,0.035900616378287425
2018-01-10,0.021875872356724457,False,0.03997548746341501,0.04579849765447367,0.02826482929620394,0.03544523624229514
2018-01-11,-0.0067201079985193014,False,0.04079490621593843,0.04673727664622007,0.02884420262300525,0.03617179376810744
2018-01-12,-0.0072879031575913255,False,0.04008028360922879,0.045918558880559845,0.028338925832863748,0.03553815628858729
2018-01-16,0.009360442759563672,False,0.0393980997743557,0.04513700506486346,0.027856585006902235,0.034933281433468105
2018-01-17,0.027063178348827415,False,0.03908369005935649,0.044776797009661806,0.02763428035253989,0.03465450242832855
2018-01-18,-0.0005039052764726566,False,0.04048632019322783,0.04638374058864857,0.028626015633713576,0.03589817848108792
2018-01-19,-0.02707700541630368,False,0.039197538773690775,0.04490722944231633,0.027714777544205055,0.03475544915422285
2018-01-22,0.0036185100221970013,False,0.040574608669752,0.046484889563722605,0.028688440356365464,0.03597646160173118
2018-01-23,-0.004654779544982516,False,0.039588107770751425,0.04535469048484052,0.027990930925459304,0.035101756635336136
2018-01-24,0.013388459513737062,False,0.03869377521652486,0.04433008540842837,0.027358589493665975,0.03430877496894002
2018-01-25,0.0025542798050967007,False,0.038688500015500386,0.04432404179777904,0.027354859641551068,0.03430409758391228
2018-01-26,0.013178092380555036,False,0.037669048579245336,0.04315609245745127,0.026634052400666523,0.033400176223886906
2018-01-29,-0.02034658185916755,False,0.03770894709384175,0.04320180277002302,0.02666226280598733,0.0334355532102684
2018-01-30,0.012257558986083838,False,0.03842429379272359,0.04402135010239411,0.027168051568413367,0.03406983272368816
2018-01-31,0.01311163513937511,False,0.038362968075185834,0.04395109140365072,0.027124690973017042,0.034015456787738825
2018-02-01,0.010466081082802526,False,0.03833568421366516,0.0439198332515393,0.027105399808922324,0.033991264889689114
2018-02-02,0.020609169073577596,False,0.03813377287431785,0.043688510593873846,0.026962637583825194,0.03381223529987577
2018-02-05,-0.006822638550887357,False,0.038938497270922565,0.04461045478340069,0.027531621207135336,0.03452576371835214
2018-02-06,-0.0019579056670573137,False,0.03829873167967243,0.043877498044421655,0.02707927237104374,0.03395850002851457
2018-02-07,-0.01381373717005335,False,0.037203597859477175,0.042622842082028475,0.026304953596003232,0.0329874730458099
2018-02-08,0.010378150968713688,False,0.03732010421947233,0.042756319285023256,0.026387329886728865,0.033090776237735646
2018-02-09,-0.0014760150281205415,False,0.037058319758896334,0.04245640211666752,0.02620223413030185,0.03285865869174774
2018-02-12,-0.030494739848350445,False,0.03589976947286506,0.041129092159385504,0.025383076487866318,0.03183140196036856
2018-02-13,0.014613512768365883,False,0.037848386999433714,0.04336155412252468,0.02676085435242545,0.033559190987039314
2018-02-14,0.027628792429934927,False,0.037972985707071416,0.043504302441096605,0.026848952370120173,0.03366966945541934
2018-02-15,0.03912712838881255,False,0.039530651258433164,0.045288864597237515,0.02795030606718541,0.035050811424107806
2018-02-21,0.012042757863182199,False,0.042363838326892375,0.048534746499947636,0.029953522386373506,0.03756292550531965
2018-02-22,-0.007393749024938265,False,0.04210407199128626,0.048237141425766725,0.029769853553328587,0.037332597378820116
2018-02-27,0.006721961228281736,False,0.04134471186853436,0.047367169475266264,0.029232944922418964,0.03665929229483453
2018-02-28,0.0004465282503306321,False,0.04052986116708459,0.04643362393756026,0.028656801454513842,0.035936785142382174
2018-03-01,0.013303965626362886,False,0.03906011766137061,0.04474979094963928,0.027617613393674585,0.034633601389506406
2018-03-02,0.02178735418490723,False,0.039139348294516825,0.04484056267492794,0.027673633731711927,0.03470385315346712
2018-03-05,0.058187577555837,False,0.04000020808796858,0.04582681919693566,0.028282308113285075,0.03546715538407322
2018-03-06,-0.00203541694533583,False,0.045073470752423406,0.05163907623198006,0.03186937889802168,0.039965486863467646
2018-03-07,0.0008146639961762836,False,0.043563356840611446,0.04990899230213672,0.03080164677907627,0.038626507710156806
2018-03-08,0.020153846188980428,False,0.04220949467851548,0.048357920458122844,0.029844393088617756,0.03742607296326563
2018-03-13,-0.005473039463058469,False,0.04277474415791031,0.04900550673158476,0.0302440550079248,0.0379272651338757
2018-03-14,0.009364094956025196,False,0.04190724049073023,0.04801163855917149,0.02963068304869313,0.03715807195136863
2018-03-15,-0.015261497540719997,False,0.04140437986126586,0.04743552897751528,0.02927513341681935,0.03671219836884819
2018-03-16,-0.005535799032251641,False,0.04152632313464698,0.047575235059274384,0.029361353899035908,0.03682032233199206
2018-03-19,-0.03100711461589247,False,0.04065320081614226,0.04657492979738851,0.028744009249772353,0.03604614723591241
2018-03-20,0.01421343725005545,False,0.04248027458163701,0.04866814338584423,0.030035849108899615,0.037666166536723424
2018-03-21,0.01758638450207599,False,0.04244670893064145,0.04862968841040965,0.03001211638027501,0.037636404737564556
2018-03-22,0.004348692364179859,False,0.042766452813899875,0.04899600763292933,0.030238192579772907,0.037919913412461786
2018-03-23,0.031070460473739677,False,0.04166883679633903,0.04773850790508288,0.02946211875709522,0.036946685529215165
2018-03-26,0.005339448230857977,False,0.04347561740745883,0.04980847234657339,0.03073961025974992,0.03854871141214529
2018-03-27,-0.02894278813739664,False,0.042467165796381046,0.04865312511567685,0.030026580489526816,0.0376545433141005
2018-03-28,0.016696175070263858,False,0.043758175603629684,0.050132189246746936,0.030939394169535173,0.03879924849501735
2018-03-29,-0.015913396165323074,False,0.04396900754511544,0.050373731921779,0.03108846374227612,0.038986187753237124
2018-04-02,0.030439645478037226,False,0.043539903597096835,0.049882122753164324,0.03078506406885943,0.03860571232253873
2018-04-03,-0.053392770289939724,False,0.04475817516819988,0.05127785326783879,0.03164644788625902,0.039685922380878584
2018-04-04,-0.009250015682732341,False,0.048234954244578396,0.05526107569934437,0.03410471852484443,0.0427686929371423
2018-04-05,0.013245226750020723,False,0.04763516574378722,0.05457391929451492,0.03368063565145349,0.04223687590488192
2018-04-06,-0.022173857494321967,False,0.04741268161731709,0.0543190271245664,0.033523327354424,0.04203960495402456
2018-04-09,0.019778646768367224,False,0.047967506130067214,0.05495466988362183,0.033915618259108625,0.042531553574924864
2018-04-10,-0.00520938865926445,False,0.04810021578720795,0.05510671062926248,0.034009451156292766,0.04264922381355028
2018-04-11,0.02303517261186495,False,0.04720455146180384,0.05408057978986354,0.03337616809032852,0.041855061299914925
2018-04-12,-0.001965023230057625,False,0.04783066753969838,0.054797898765676506,0.033818865983068255,0.042410222317435506
2018-04-13,0.0086173662911612,False,0.04655687599939066,0.05333856099213563,0.03291822654799705,0.041280784130822666
2018-04-16,0.052423700479583425,False,0.04598117119235518,0.05267899642075138,0.03251117214720321,0.040770321490188874
2018-04-17,0.009576500443208617,False,0.049452774531008666,0.05665628919318083,0.03496578325959989,0.043848502852973474
2018-04-18,0.03458557964977995,False,0.048754890382275075,0.05585674808494241,0.03447234146353589,0.04322970693349273
2018-04-19,0.0024756864987668242,False,0.05046698241366164,0.05781823118018826,0.035682883024806905,0.04474777488892632
2018-04-20,-0.029392796946653924,False,0.049163562193498454,0.05632494887936406,0.03476129451240041,0.043592065714173914
2018-04-25,0.00738010729762246,False,0.05015253287062532,0.05745797749541759,0.03546055020987063,0.044468960569290956
2018-04-26,-0.01197619104671565,False,0.049275645132488166,0.05645335832585611,0.03484054320550166,0.04369144677250015
2018-05-02,-0.027484770593297736,False,0.04888816425370816,0.05600943523087946,0.03456657329070617,0.04334787744641503
2018-05-03,0.009828088936262693,False,0.04972366120251201,0.05696663444164911,0.03515731477089581,0.04408869109520848
2018-05-14,-0.009325749079573684,False,0.04912624420396363,0.05628219498279821,0.03473490867770997,0.04355897681297265
2018-05-15,-0.03857227478623962,False,0.048447282397748266,0.05550433253101724,0.034254846000078276,0.042956958847767755
2018-05-16,0.022223136784710256,False,0.050550890575387385,0.05791436178401153,0.03574221062825156,0.04482217409713479
2018-05-17,-0.03390155167568134,False,0.050805718909718585,0.05820630956533232,0.03592238802762159,0.04504812382494902
2018-05-18,0.01467018974779384,False,0.052263862133134824,0.05987685252140339,0.03695337406217577,0.046341021905964064
2018-05-21,-0.023806149752094514,False,0.051968409435523284,0.05953836284842682,0.03674447304325172,0.046079051600414984
2018-05-22,-0.009992396747485683,False,0.0525813916293726,0.06024063479928008,0.03717788457041871,0.04662256714086197
2018-05-23,0.011138966718307617,False,0.051750336632357,0.05928852457507354,0.036590283790118014,0.04588569205643639
2018-05-24,-0.005746041475279823,False,0.051194786237848976,0.058652050199042405,0.03619747964781509,0.04539309981485687
2018-05-25,-0.01822108949713997,False,0.050086845072554925,0.0573827213157748,0.035414105387878085,0.04441071688876118
2018-05-29,-0.023353525217652146,False,0.05000746768642693,0.057291781460801716,0.03535798128755436,0.04434033500270719
2018-05-30,0.012733956390191887,False,0.05019086611286973,0.05750189453099159,0.03548765388307536,0.04450294966894933
2018-05-31,-0.030104621399108418,False,0.04982448575712136,0.05708214555660464,0.03522860317801047,0.04417808963376097
2018-06-01,0.0016286648551232807,False,0.05078270121986356,0.05817993901473424,0.03590611327737269,0.04502771463155496
2018-06-04,-0.04450724158591059,False,0.04953044758029068,0.056745276449899434,0.035020702301697404,0.04391737354739541
2018-06-05,-0.02672572858750285,False,0.05198080311297063,0.05955256184494993,0.036753236042770414,0.04609004075534235
2018-06-06,0.003053437486890248,False,0.05246088088125904,0.06010256991089394,0.03709267696095791,0.04651571336101675
2018-06-07,-0.009628083128975664,False,0.051217513725006755,0.05867808827470665,0.03621354920907895,0.04541325169298565
2018-06-08,0.05100741359789199,False,0.050522684001118236,0.05788204651264208,0.03572226705639449,0.044797164053430615
2018-06-11,-0.008814327790757241,False,0.05367002369019149,0.06148784192663851,0.0379476062503252,0.04758782918080522
2018-06-12,0.017137305507415747,False,0.052797937070421325,0.06048872322804616,0.037330993896020175,0.04681457241214699
2018-06-13,-0.01377029895951136,False,0.05272334022158651,0.06040326026503616,0.03727824989382932,0.04674842930551694
2018-06-14,0.028987536873252187,False,0.05221814985310949,0.059824481584052416,0.03692105301061039,0.04630049000335364
2018-06-15,0.040789340925907885,False,0.05311990775775111,0.06085759362098327,0.03755864456629872,0.047100055536922966
2018-06-18,-0.016993098098258257,False,0.05524994361559291,0.06329790012953031,0.03906469499212006,0.048988703530392926
2018-06-19,-0.016476161341143904,False,0.054953203767659796,0.06295793581409849,0.038854883888380876,0.04872559194176958
2018-06-20,0.039719279784573375,False,0.05474730881941734,0.0627220492770605,0.038709305036582015,0.04854303018843941
2018-06-21,-0.023243118443429463,False,0.05638527069390618,0.06459860408169042,0.039867432572074535,0.049995368840976495
2018-06-22,-0.010014103313052887,False,0.056702018284184044,0.06496149055765091,0.04009139023056166,0.05027622077997665
2018-06-25,-0.02074510026984675,False,0.05563690516745622,0.06374122825008426,0.03933829771472901,0.04933181238266228
2018-06-26,-0.0008223684673993002,False,0.05565946688106464,0.06376707640487465,0.03935425006513764,0.049351817273649866
2018-06-27,-0.03857920773194428,False,0.053884236784443394,0.061733258268431256,0.03809906648073722,0.04777776642019225
2018-07-09,-0.006527970958452043,False,0.055626798368749696,0.06372964924939593,0.03933115166202778,0.04932285094427746
2018-07-10,0.023463859619878537,False,0.054517470924434014,0.0624587321554385,0.03854679722792932,0.04833923884023956
2018-07-16,-0.04344096865061523,False,0.05481870721770799,0.06280384788876325,0.038759787561443146,0.048606337311261856
2018-07-17,-0.006243516639685047,False,0.05712546193949541,0.06544661492973836,0.040390787771239306,0.05065167737475986
2018-07-18,-0.024515175306157683,False,0.05554355489816773,0.0636342801586328,0.039272294031131444,0.04924904110060497
2018-07-19,-0.01944325670422782,False,0.055946716904404954,0.06409616856496998,0.039557351350205765,0.04960651447896151
2018-07-20,0.01300408442320661,False,0.055890760801434014,0.0640320616431216,0.03951778736239944,0.04955689964209883
2018-07-23,-0.009954637494655263,False,0.05532761561561435,0.0633868861841483,0.039119613292333655,0.049057573294462496
2018-07-24,-0.01843774794564583,False,0.05439379889343007,0.06231704549740734,0.038459354420677994,0.0482295820321891
2018-07-25,-0.005330976641180989,False,0.05425401820691133,0.06215690372428879,0.03836052192371409,0.04810564209373803
2018-07-26,0.030704166343979676,False,0.05309766708844661,0.060832113275261196,0.03754291921155725,0.04708033530765981
2018-07-27,-0.03606371468017656,False,0.054212250068514774,0.06210905145006357,0.03833098959336091,0.04806860736003474
2018-07-30,0.002683364758597028,False,0.05555009328726392,0.06364177095903795,0.039276917025456284,0.04925483852199654
2018-07-31,-0.0313021700642496,False,0.05366401456178675,0.061480957481429385,0.03794335747190231,0.04758250104125193
2018-08-01,-0.0471785602750905,False,0.054794340207667956,0.06277593146990315,0.03874255876892695,0.04858473171037511
2018-08-02,0.0009657171199590132,False,0.057442322765177314,0.06580963113548365,0.04061482549327458,0.05093262971667945
2018-08-03,-0.012627656867801918,False,0.05575197314770261,0.06387305755243466,0.039419656993264385,0.049433840200271494
2018-08-06,0.036472372662356624,False,0.055039884250900575,0.06305724256831942,0.03891617167291021,0.048802449296138986
2018-08-07,-0.008994143471228651,False,0.05665605898655321,0.06490883662099352,0.040058894524204164,0.0502354698532107
2018-08-08,0.003796872145620904,False,0.05553100724932048,0.06361990476253974,0.039263422165514775,0.04923791542319871
2018-08-09,-0.01431322145468624,False,0.05416264931389969,0.0620522256253384,0.038295919180187314,0.04802462764704846
2018-08-10,0.002399809167083365,False,0.0533864177119952,0.06116292461977377,0.03774708150204196,0.0473363630565686
2018-08-13,0.016639319003964724,False,0.05197675197027537,0.059547920594498725,0.03675037166602351,0.04608644871134247
2018-08-14,-0.006148044903429529,False,0.05167454683710352,0.05920169489567748,0.03653669631036072,0.0458184911949091
2018-08-15,-0.011930468400280935,False,0.05059889496088654,0.05796935870527985,0.035776152322217016,0.04486473835069746
2018-08-16,0.010031132596628382,False,0.05002706785080287,0.05731423667371238,0.03537183966265911,0.04435771396418523
2018-08-17,0.005214517622777785,False,0.048875579696952984,0.05599501755070577,0.034557675329204667,0.043336719043716374
2018-08-20,0.03849304348318828,False,0.047768371333590055,0.054726528212610814,0.033774819199822295,0.04235498587423944
2018-08-21,0.031791349816274975,False,0.04986606870938313,0.057129785669645654,0.03525800457176175,0.044214960167683025
2018-08-22,0.017908318735997467,False,0.05133536427532518,0.05881310546886286,0.036296875914982485,0.04551774674388763
2018-08-23,0.016742181143073628,False,0.05127709357211278,0.05874634679163996,0.0362556753797601,0.04546607961054102
2018-08-28,-0.011265283779791475,False,0.051001370123904356,0.058430460219709775,0.036060724006028784,0.04522160272284248
2018-08-29,0.01770722145347223,False,0.05047629708411945,0.05782890266764679,0.035689469000041885,0.04475603396757292
2018-08-30,-0.0321906872720519,False,0.05058004676096963,0.057947764991370145,0.03576282562660937,0.044848026136758645
2018-09-07,-0.009569451016150672,False,0.051860924603023335,0.059415221289399044,0.036668475459849574,0.045983747564812896
2018-09-12,0.031050359920722633,False,0.05114364734718726,0.05859346218642175,0.03616132168935934,0.045347756276211286
2018-09-13,-0.017563098696896234,False,0.05239202849410262,0.06002368817381508,0.03704399460351591,0.046454663720763116
2018-09-14,-0.04192098482102797,False,0.052356331399028316,0.05998279127852323,0.03701875482877723,0.046423012024977534
2018-09-17,0.007631911342395938,False,0.05453490355074,0.062478704096886786,0.03855912303651825,0.04835469590147751
2018-09-18,0.0026797693571155145,False,0.053421005463920916,0.061202550579979836,0.03777153691124277,0.047367031126325565
2018-09-19,-0.021186278122833455,False,0.051949580833911546,0.05951679158760001,0.03673116020470462,0.04606235676378915
2018-09-20,0.0027297560171898956,False,0.05194005815656416,0.0595058817940282,0.03672442715736122,0.04605391325078518
2018-09-21,-0.015568079990102563,False,0.05071622860631496,0.05810378369984337,0.03585911354843772,0.044968775075332416
2018-09-24,0.030897505511310073,False,0.050529251674531775,0.05788957086305058,0.03572691075631376,0.04480298744047294
2018-09-25,-0.018059181538397532,False,0.05183894069237554,0.05939003510296015,0.036652931647349694,0.045964254996844756
2018-09-26,-0.0202491962415417,False,0.051877237560845196,0.05943391046639096,0.03668000960233059,0.04599821184481287
2018-09-27,-0.017350962837547057,False,0.05199917654735265,0.05957361163683102,0.03676622705349588,0.04610633200689617
2018-09-28,-0.027333276777225787,False,0.05188993278993195,0.05944845493992827,0.03668898581514955,0.04600946837782056
2018-10-01,-0.0331139719344191,False,0.052519681613763504,0.06016993582387127,0.0371342522555244,0.04656785045770001
2018-10-02,0.047113717842179624,False,0.05377376867063117,0.061606698869850984,0.03802095955627673,0.047679817185804586
2018-10-03,-0.0326460172478803,False,0.05643203961521215,0.06465218557546693,0.03990050072610995,0.05003683764022515
2018-10-04,-0.004467617259716045,False,0.057110674222378234,0.06542967316690618,0.040380332056337016,0.05063856548645125
2018-10-05,0.006941029354234763,False,0.05551325187164386,0.06359956305629737,0.0392508681542703,0.049222172186624176
2018-10-08,0.03017260515336153,False,0.05431635617661381,0.06222832212442254,0.03840459823607739,0.04816091556763855
2018-10-09,0.01569592270758133,False,0.05541319950294104,0.06348493660733774,0.03918012572430858,0.04913345832544816
2018-10-10,-0.01473760926576969,False,0.055000696537356814,0.06301234659529444,0.038888463842334374,0.04876770255876335
2018-10-11,0.004301081899390702,False,0.0544624514045661,0.06239569824362124,0.03850789545497536,0.04829045444751787
2018-10-12,0.029600469776290682,False,0.053197795314915905,0.06094682663177242,0.037613715277058056,0.04716911642996568
2018-10-15,-0.008835212088527895,False,0.054278709342572916,0.06218519148237351,0.03837797989055547,0.048127535088474276
2018-10-16,0.02445335224549266,False,0.05341318283173108,0.06119358846782734,0.03776600588767001,0.04736009499962395
2018-10-17,0.01447989100031465,False,0.053886136659808646,0.06173543488822955,0.03810040979526045,0.04777945099079852
2018-10-18,-0.03706670047337282,False,0.053313274010007565,0.06107912647554886,0.03769536495317773,0.047271508417861305
2018-10-19,0.007894166837036172,False,0.05479661501161177,0.0627785376320714,0.038744167178210595,0.048586748720505814
2018-10-22,0.026473476667171585,False,0.053747620689784115,0.06157674205592621,0.03800247152118375,0.04765663244392418
2018-10-23,-0.014976454189557249,False,0.054096114708113964,0.06197599928814096,0.03824887561939159,0.04796563312390421
2018-10-24,-0.02312776535762024,False,0.0537172059099345,0.06154189692177047,0.037980966628683874,0.047629664441144644
2018-10-25,0.033136948100969635,False,0.0534920480805432,0.061283941585248275,0.0378217678792434,0.04743002278669624
2018-10-26,0.018834637486615145,False,0.05495933088033124,0.06296495542969588,0.03885921608805437,0.04873102469493665
2018-10-29,-0.025192515397460476,False,0.054924275404665976,0.06292479361499627,0.03883442997290111,0.048699941906573445
2018-10-30,0.009070356969964279,False,0.05528644222384945,0.06333971529003733,0.03909050147998,0.04902106590729582
2018-10-31,0.008541297149910011,False,0.05425433047449302,0.06215726147817787,0.03836074271376448,0.04810591897336868
2018-11-01,0.013339459693927599,False,0.05304089247687868,0.060767068617153974,0.03750277649395326,0.04702999472028282
2018-11-02,0.0013242111844554507,False,0.05253605077629337,0.060188689392603016,0.03714582613777041,0.04658236457296854
2018-11-05,0.01965557928473899,False,0.05103358652284937,0.058467369404941565,0.03608350274056085,0.04525016817492175
2018-11-06,0.028567280510689616,False,0.05135544952202689,0.05883611642338341,0.036311077269497935,0.04553555581538372
2018-11-07,0.0016799667957843462,False,0.0526438817875637,0.060312227556365575,0.03722206848826538,0.04667797555637983
2018-11-08,-0.05078543918160774,False,0.05112773477523854,0.05857523171731899,0.03615007064132132,0.04533364700806388
2018-11-09,-0.006644542718668613,False,0.05456637673117196,0.06251476180303761,0.038581376275409515,0.048382602360822834
2018-11-12,-0.01839029177834867,False,0.05371524603655916,0.061539651564380765,0.03797958089232614,0.04762792667184646
2018-11-13,0.0009049774373291464,False,0.053896487702764964,0.06174729371088906,0.03810772854184148,0.047788628994275696
2018-11-14,-0.02426303503936633,False,0.052873986541978675,0.06057585040937024,0.037384764980953215,0.04688200352197196
2018-11-15,0.0037002817428559466,False,0.05360440232867815,0.06141266186100197,0.03790120840256771,0.0475296444078613
2018-11-16,0.012388320856952266,False,0.05282988453779828,0.06052532430792214,0.037353582481404704,0.04684289940952395
2018-11-19,-0.017479745880040004,False,0.05257528482119993,0.06023363844582651,0.037173566727122784,0.04661715239117155
2018-11-20,-0.005117480347155575,False,0.05244975313908913,0.06008982125150274,0.037084809046072004,0.04650584667832985
2018-11-21,-0.028384119317435126,False,0.05094543312482884,0.05836637518451657,0.036021173525708605,0.04517200482491237
2018-11-23,-0.011097821982798534,False,0.05190370641683652,0.05946423489558384,0.036698724513485714,0.04602168109842821
2018-11-26,-0.0019426912375018798,False,0.05145248854886858,0.05894729059348625,0.03637968910396926,0.04562159782385889
2018-12-07,0.04562277186361176,False,0.05046197986790954,0.05781249994101066,0.035679345954699654,0.0447433392603137
2018-12-14,0.01667832214372241,False,0.05302618143414729,0.06075021469744518,0.03749237499198403,0.04701695081717941
2018-12-17,-0.0031340970359651187,False,0.05295683402598787,0.06067076583236656,0.03744334262794959,0.04695546225453833
2018-12-18,0.01821867765139401,False,0.05185218123069521,0.05940520431793802,0.036662293423256435,0.04597599504151951
2018-12-19,0.02005298232681771,False,0.05178929152491901,0.05933315381336023,0.0366178270036817,0.04592023235743752
2018-12-20,-0.020052982326817716,False,0.05182650195057133,0.05937578447780227,0.03664413678489611,0.04595322588451158
2018-12-21,0.0,False,0.05198321537824764,0.0595553254916905,0.036754941644642915,0.046092179648900576
2018-12-24,0.019189424414776064,False,0.05064689469678429,0.05802435029966478,0.03581009072866307,0.04490729848157818
2018-12-26,0.04806996248183811,False,0.05060786648717858,0.05797963706464241,0.03578249567598857,0.04487269317224069
2018-12-27,-0.023324672566408893,False,0.05312286093537343,0.06086097697180627,0.037560732622421926,0.047102674043541154
2018-12-28,0.014641549992948187,False,0.053353744572555706,0.061125492163162626,0.03772397982730507,0.04730739262444391
2018-12-31,0.0033167526259938207,False,0.052907882989810674,0.06061468436700364,0.037408731600812345,0.04691205863017493
2019-01-02,-0.009147672936787072,False,0.05162327703634607,0.05914295690400485,0.036500445791394914,0.045773031581649685
2019-01-03,0.0025031302181184748,False,0.05070388717640241,0.05808964456146714,0.03585038749074878,0.04495783224694995
2019-01-04,-0.016383479250524056,False,0.04943868171763265,0.056640143556909675,0.034955818879184496,0.04383600711793363
2019-01-07,0.020541489399187728,False,0.0491361254674132,0.05629351559574464,0.034741895264800086,0.043567738275047695
2019-01-08,-0.011686276569455223,False,0.04925035440107279,0.05642438363218997,0.034822661292069436,0.04366902213163545
2019-01-09,-0.01309970137517594,False,0.04910187903729,0.05625428067581761,0.03471768118855342,0.04353737284655148
2019-01-10,0.007627155618715897,False,0.04863661512122739,0.055721244314772454,0.03438871446420195,0.043124835302514083
2019-01-11,-0.005502659387308164,False,0.04807586156934806,0.0550788088659493,0.033992231408539034,0.04262762955516056
2019-01-14,-0.006387077280566536,False,0.04734530865605361,0.054241840313242966,0.033475691031013693,0.04197986708264744
2019-01-15,-0.02903779318042937,False,0.046271165065084885,0.05301123211174022,0.032716213482025004,0.04102745159616018
2019-01-16,0.02088848794735553,False,0.04765010674298564,0.054591036667189126,0.03369119974506822,0.04225012370446832
2019-01-17,0.00558300784516079,False,0.04788890783481555,0.054864622605423574,0.033860045018124535,0.04246186248870643
2019-01-18,-0.012063911929244,False,0.04678630632099651,0.053601411171399785,0.033080446180252875,0.04148421409419478
2019-01-22,-0.02679712287536521,False,0.046044998446181706,0.05275212104086617,0.032556301463900185,0.040826915474005805
2019-01-23,-0.0004453351220337745,False,0.046687277636954475,0.053487957521635654,0.033010427550650485,0.041396407907870074
2019-01-24,0.004887812441594806,False,0.04636690015754766,0.05312091241048879,0.0327839033644459,0.04111233743956926
2019-01-25,-0.013836418017608956,False,0.045984868335039446,0.052683232105949926,0.03251378622681763,0.040773599651486726
2019-01-28,0.011173300598125255,False,0.04562818061152585,0.05227458763641927,0.032261588736383275,0.04045733382392837
2019-01-29,-0.015677812719229793,False,0.04507561869298919,0.051641537051277234,0.03187089760804331,0.03996739138710499
2019-01-30,-0.017764074503402748,False,0.04483772879085088,0.051368995030743395,0.03170269659532562,0.03975646053132329
2019-01-31,-0.003683245416296405,False,0.044698441350470214,0.051209418352224846,0.031604212850028755,0.0396329579415326
2019-02-01,0.0,False,0.04345636854123334,0.04978641960348962,0.030726000271416275,0.03853164393769903
2019-02-04,0.02729923848763777,False,0.043134067755491605,0.04941717102851385,0.03049811620372705,0.03824586812315397
2019-02-05,-0.004047678114580742,False,0.04514083962456756,0.05171625835854455,0.03191701233020371,0.04002522110912786
2019-02-06,0.016979853884941793,False,0.04430305196116713,0.05075643475733627,0.03132465119103937,0.03928237634263726
2019-02-07,-0.016078952923108254,False,0.0446010959770765,0.05109789321174655,0.03153538441199491,0.03954664430345145
2019-02-08,-0.011320021265006187,False,0.0448680118406009,0.05140368924639783,0.03172410834752842,0.03978331173241268
2019-02-11,0.012669852741051686,False,0.04444165366875359,0.05091522581612233,0.03142265008620428,0.0394052709108019
2019-02-12,0.0013480118868945657,False,0.04404393744523842,0.05045957644983316,0.031141443229720667,0.03905262616787563
2019-02-13,0.00938554375621413,False,0.04285570262864047,0.049098257979089587,0.030301297020479713,0.03799904892696819
2019-02-14,-0.007142887512380114,False,0.04220043245763892,0.048347538193192645,0.029837985608875208,0.037418037725167705
2019-02-15,0.03304993467255219,False,0.041321692592057105,0.04734079710693139,0.029216669050342425,0.03663888169462334
2019-02-19,0.014202950177993535,False,0.0434250228842334,0.04975050799641032,0.030703837198480854,0.03850385055009995
2019-02-20,-0.01811174994304617,False,0.0437104303788498,0.05007748923671967,0.03090563571619931,0.038756914032596776
2019-02-25,-0.009743212594512532,False,0.04388470549519689,0.0502771500542284,0.031028857638599496,0.03891143929450207
2019-02-26,0.008861378322199857,False,0.04340206133895819,0.04972420176866532,0.030687602145483064,0.0384834911386603
2019-03-11,-0.004557893031898218,False,0.04288872912508953,0.04913609526428947,0.030324648537712332,0.03802833267166207
2019-03-14,-0.0009082652758814559,False,0.04213175083739399,0.048268852097705456,0.029789423992865237,0.03735713949954098
2019-03-15,-0.0018190091418514135,False,0.04110421420441166,0.04709163983435044,0.02906290008109502,0.036446049203593914
2019-03-18,-0.0004552697551890114,False,0.040091024958032864,0.045930864862781064,0.02834652054676526,0.035547680366217846
2019-03-19,0.002728514653203914,False,0.03892897438111431,0.04459954474642,0.027524888009570623,0.034517320016964594
2019-03-20,-0.027159321809048263,False,0.037927672033656254,0.043452388173196334,0.026816913154962745,0.03362949098703478
2019-03-21,-0.005146210187841857,False,0.03920024707003761,0.0449103322413504,0.027716692456036883,0.034757850530914396
2019-03-22,0.012584645229072274,False,0.03833008811677555,0.04391342200188269,0.027101443066094494,0.03398630297455378
2019-03-25,0.02605861735236717,False,0.03822847899194242,0.043797012032658365,0.027029599925445527,0.03389620877776934
2019-03-26,0.009431913622955094,False,0.03972168487112086,0.045507725029411354,0.028085377151869408,0.03522019601355482
2019-03-27,0.00490524952345214,False,0.03949606544617331,0.0452492408592378,0.027925852029433155,0.035020145074202653
2019-03-28,0.0039955658039539455,False,0.03887417568867101,0.04453676382874815,0.027486142373535975,0.03446873142623886
2019-03-29,0.010138945130950785,False,0.03813265957869905,0.04368723513058318,0.02696185042367736,0.03381124816929352
2019-04-01,0.020404441353805286,False,0.037853442182747464,0.04336734566668908,0.026764428640132506,0.033563673288023586
2019-04-02,0.01238538146918555,False,0.03850600015067762,0.04411495817775623,0.02722582237763986,0.03414227964914038
2019-04-03,0.00845313571105819,False,0.03838344000278613,0.04397454536475733,0.027139165731818075,0.03403360871923914
2019-04-04,0.016280885604137537,False,0.03793994793896061,0.043466452242353786,0.026825592883213754,0.03364037571643299
2019-04-05,-0.0008285004616413452,False,0.038299011643006385,0.043877818788480245,0.027079470320245748,0.03395874826479987
2019-04-08,0.007020470709562407,False,0.03739540662104815,0.042842590574775574,0.02644057275282481,0.03315754493982864
2019-04-09,0.006562779912523582,False,0.037016069688863396,0.04240799771046545,0.02617236104824559,0.03282119664166164
2019-04-10,-0.0012272449893771594,False,0.036516328562398934,0.041835462032716104,0.025819017073522632,0.032378089042192464
2019-04-11,-0.02277059674524772,False,0.03570603342032757,0.04090713563775846,0.025246094632210298,0.03165962118703526
2019-04-12,0.01496287267671232,False,0.03666647135070228,0.04200747529820137,0.025925176136256615,0.032511216789699225
2019-04-15,-0.007453450654580891,False,0.036845817851515174,0.042212946220959585,0.026051983801453623,0.032670238717733495
2019-04-16,-0.017610518008635393,False,0.03638071633729777,0.041680095917946455,0.025723131903980404,0.032257845171233965
2019-04-17,0.02341244062474326,False,0.03680178014976671,0.0421624937885263,0.026020846767198406,0.032631191620597515
2019-04-18,-0.016667052485211647,False,0.03769179369840114,0.043182150733470065,0.026650134428705553,0.03342034373585469
2019-04-22,-0.014388737452099556,False,0.038054338570737416,0.04359750553059494,0.026906473239787645,0.03374180294658108
2019-04-23,-0.018065007397638888,False,0.03809416647168966,0.04364313494361993,0.02693463371744715,0.033777117321661033
2019-04-24,-0.019281929549450284,False,0.03857694492193783,0.0441962370850649,0.027275984163683452,0.03420518455254587
2019-04-25,0.014932205422984526,False,0.03903937783295232,0.04472603006407063,0.027602949214522,0.034615211917243344
2019-05-03,0.0021048208149636208,False,0.03919857476275502,0.044908416338230284,0.027715510044442362,0.034756367739072126
2019-05-06,-0.019104805229297177,False,0.03839007869497545,0.043982151078857494,0.02714385964584859,0.034039495076802775
2019-05-16,0.014437618085602259,False,0.03881785068298935,0.04447223426815278,0.027446317551583346,0.03441878949283373
2019-05-17,-0.008042371390253615,False,0.038981873283569876,0.044660149142107544,0.02756229039144855,0.034564224112786104
2019-05-20,0.014346237611467525,False,0.03856147760464949,0.044178516728428874,0.027265047934745025,0.03419147008025028
2019-05-21,0.024416689908287673,False,0.03867276291497469,0.04430601236005989,0.027343732661288898,0.034290143901761126
2019-05-22,-0.01358325062208597,False,0.03957695155683292,0.04534190920637713,0.027983042879508965,0.035091864707482275
2019-05-23,0.005373023878963733,False,0.03953345020397602,0.04529207124983922,0.027952285072896113,0.03505329317710923
2019-05-24,0.016759027025361268,False,0.038937090748281396,0.044608843380314206,0.02753062671964121,0.03452451659091331
2019-05-28,-0.006914812990584019,False,0.03923302553187001,0.04494788536209027,0.027739868599395555,0.034786914349695136
2019-05-29,-0.004909993497555782,False,0.03868285108831326,0.044317570022324976,0.02735086554484876,0.03429908882551135
2019-05-30,-0.004110157861827986,False,0.03810992614040111,0.043661190236908794,0.02694577665463589,0.03379109101444187
2019-05-31,-0.011599135843351918,False,0.03738408031185244,0.04282961442418808,0.02643256444032416,0.0331475021928687
2019-06-03,-0.02062796779596745,False,0.037244620139397305,0.04266983985266036,0.026333958564118874,0.033023846445991635
2019-06-04,0.0038208494795862157,False,0.03790038926498508,0.04342113127312381,0.026797622763571664,0.0336053000579866
2019-06-05,0.017223698201597443,False,0.03718422022810624,0.04260064181728616,0.026291252563755266,0.032970291398622044
2019-06-06,0.010770609505348083,False,0.03774866142064452,0.043247302065174596,0.02669034298058736,0.03347076688207205
2019-06-07,0.020795856462486304,False,0.03760024599780489,0.0430772677810141,0.02658540525855645,0.03333917074508022
2019-06-10,0.02628586227092506,False,0.038274726682704055,0.04384999637109352,0.027062299541326825,0.033937215415304575
2019-06-11,-0.0019673427553343692,False,0.039343624666996604,0.04507459486714177,0.027818068163003674,0.03488497975731132
2019-06-12,0.011357083105173313,False,0.03840551499979944,0.043999835905613446,0.027154773947299284,0.03405318205114412
2019-06-13,-0.016094557421657555,False,0.03827346684125383,0.043848553015443235,0.02706140876535909,0.03393609834630393
2019-06-14,-0.00994241636133776,False,0.03859834842458518,0.04422075831865059,0.027291117596370717,0.0342241624876728
2019-06-17,-0.0007996801705642901,False,0.0383834197280881,0.043974522136755144,0.027139151396511234,0.03403359074218603
2019-06-18,0.011533235813673085,False,0.03748789450299065,0.042948550659642266,0.026505966681978636,0.033239551565213805
2019-06-19,0.0035524016043679218,False,0.03740497737250634,0.04285355544515046,0.02644733979116173,0.0331660310789098
2019-06-20,-0.02675344228572288,False,0.036681965929014605,0.042025226886825355,0.025936131640211763,0.03252495543364341
2019-07-17,-0.012300278081651676,False,0.037856642732578896,0.04337101242307527,0.02676669160177174,0.033566511133215196
2019-07-18,0.0065789710980425605,False,0.03780659250255517,0.04331367165032184,0.0267313033852015,0.033522132881948205
2019-07-19,0.01100479824210923,False,0.03730512160900544,0.04273915423979513,0.02637673637169929,0.03307749154250807
2019-07-22,0.026006666734710207,False,0.037180964862319366,0.042596912260204685,0.026288950844274128,0.032967404949533055
2019-07-23,-0.02276910826127611,False,0.03831245734801368,0.0438932230556528,0.02708897716008469,0.03397067022549801
2019-07-24,-0.0048602768822527944,False,0.0391195336307948,0.04481786171772691,0.027659623693981252,0.034686284000937546
2019-07-25,-0.011844124573065464,False,0.03842029199344575,0.04401676538294553,0.02716522208012834,0.03406628443122701
2019-07-26,-0.018661126221662924,False,0.038309202792654415,0.04388949442704948,0.027086676013619648,0.033967784494994324
2019-07-29,-0.0025146702270674426,False,0.03889082311110294,0.04455583618997701,0.027497913000565623,0.034483492267403465
2019-07-30,-0.001679966795784413,False,0.03803140661481998,0.043571233202327316,0.026890259108064363,0.0337214697712637
2019-07-31,-0.01439482942257797,False,0.03713018861307924,0.042538739712994225,0.026253049292894997,0.03292238295570594
2019-08-01,-0.0068464109960387825,False,0.037395777629168014,0.04284301562561511,0.026440835075609116,0.033157873903183206
2019-08-02,-0.0038718052239853384,False,0.036907863594835014,0.04228402982769494,0.02609585349397698,0.032725253082018936
2019-08-05,-0.005185837032365414,False,0.03620075909570866,0.04147392529115006,0.02559589241205959,0.0320982817150666
2019-08-06,-0.024562638368409197,False,0.035646102146374016,0.04083847450355457,0.025203719983762255,0.03160648166833572
2019-08-07,-0.01251133388910798,False,0.03659980254688383,0.04193109521507917,0.025878037690201763,0.032452103276612014
2019-08-08,-0.008579867489526629,False,0.03652969540026882,0.04185077594460754,0.025828468150034662,0.03238994107342896
2019-08-09,-0.0045454623716746105,False,0.036180330592668355,0.04145052108002111,0.02558144835676846,0.0320801682870064
2019-08-12,-0.0004556846740961244,False,0.03552185798633067,0.04069613237758213,0.02511587265037103,0.031496317568185786
2019-08-13,-0.01886414347081247,False,0.03470999070986317,0.03976600484402624,0.024541838625106702,0.03077645574190749
2019-08-14,-0.004655501890786011,False,0.035247130261253506,0.040381386570315106,0.024921625306687057,0.031252723562569716
2019-08-15,-0.004208563611878341,False,0.034687597656575746,0.03974034991738152,0.02452600552665683,0.030756600397687222
2019-08-16,-0.010836384013378077,False,0.03401759122368458,0.03897274731908097,0.024052274781775764,0.030162522931604558
2019-08-19,0.0070805110535726,False,0.03384755554505667,0.03877794347495164,0.023932050370876947,0.03001175667005238
2019-08-20,0.010760337740617167,False,0.03351099865581006,0.038392362187997624,0.023694086467829542,0.029713340335311356
2019-08-21,0.019355442952956072,False,0.033507921711413355,0.03838883704197246,0.023691910901910394,0.02971061208787859
2019-08-22,0.004099299750940674,False,0.03438337614849961,0.039391814129373516,0.024310904485002862,0.03048685501350361
2019-08-23,0.003629768050578731,False,0.03380448157536125,0.03872859515613827,0.023901594747248463,0.029973564089332883
2019-09-16,0.03719171965928513,False,0.03318154817041249,0.03801492245579787,0.023461147176224002,0.029421225066029323
2019-09-17,0.004605409019176298,False,0.03570098785180022,0.040901355108913705,0.025242527142676656,0.03165514741123472
2019-09-18,0.002919710103334846,False,0.03513114376367438,0.04024850495524563,0.024839616586774912,0.031149881319273223
2019-09-19,0.027522788804025266,False,0.034427767284767305,0.03944267147919561,0.024342291416557336,0.03052621549193461
2019-09-20,0.0020238824961378503,False,0.03589579306342892,0.04112453652817773,0.02538026495157105,0.03182787618042681
2019-09-23,-0.007712642250559477,False,0.035275504210218384,0.04041389359693499,0.02494168722149636,0.031277882013110374
2019-09-24,-0.006131227054936408,False,0.03493904726110987,0.04002842680785131,0.024703793981525817,0.030979554292718536
2019-09-25,0.012225091129259276,False,0.03453468880384653,0.03956516767002365,0.02441789070693824,0.030621020052019506
2019-09-26,0.01447552417378568,False,0.03486163318063443,0.03993973624250617,0.02464905804436524,0.03091091321927463
2019-09-27,-0.006006024060211922,False,0.03513951205718463,0.04025809221221283,0.024845533422380335,0.031157301269828852
2019-09-30,-0.01946533478810335,False,0.034701585305362104,0.03975637507031355,0.024535895550025864,0.030769002885991097
2019-10-01,0.004494389587839267,False,0.03526151103109883,0.04039786210809643,0.02493179328788298,0.031265474621202334
2019-10-02,0.011752921506063189,False,0.0347384464415597,0.03979860556622011,0.02456195836472556,0.030801686707092185
2019-10-03,0.015194214740916532,False,0.034757006720323495,0.03981986941908015,0.024575081484523132,0.03081814362875219
2019-10-04,-0.018018505502678365,False,0.035152839079441674,0.04027336050876929,0.024854956347103063,0.031169117997585823
2019-10-07,-0.021646750889753142,False,0.03560497261360507,0.04079135385713913,0.02517463918208821,0.031570013169812346
2019-10-08,0.01067771951917911,False,0.03643070455713925,0.04173736564783422,0.025758476276001727,0.032302168439667774
2019-10-09,-0.0168902058491448,False,0.036339315500398824,0.04163266444801517,0.025693859275629352,0.032221136114318656
2019-10-10,0.021780191143336528,False,0.036703706509768064,0.042050134298837666,0.025951503405330558,0.03254423224725466
2019-10-11,0.018526506529605212,False,0.03748071450790244,0.0429403247940163,0.026500890037554934,0.03323318524829639
2019-10-14,-0.02300807850384585,False,0.03798722230034572,0.04352061280089591,0.026859018410691313,0.033682292676395824
2019-10-15,0.02937245957269722,False,0.03880880735465971,0.044461873647743275,0.027439923429892134,0.034410771006271094
2019-10-16,-0.0027794339910252766,False,0.04025623921960178,0.04612014498045004,0.02846333595532826,0.035694171601309506
2019-10-17,-0.010793628674769478,False,0.03937330588004766,0.04510859957984339,0.02783905438414632,0.03491129732528383
2019-10-18,-0.0008041817884136879,False,0.03911569616760975,0.04481346527230919,0.02765691040019202,0.03468288142106183
2019-10-21,-0.004838719118223221,False,0.03811788799173879,0.04367031184749947,0.02695140611366743,0.033798150583180045
2019-10-22,-0.010564909320216469,False,0.037476259391258676,0.0429352207249453,0.026497740029401914,0.033229235010989844
2019-10-23,0.0036697288889624017,False,0.03730316456653046,0.04273691212566751,0.02637535263694105,0.0330757562832964
2019-10-24,0.002439025599358789,False,0.03673464346486935,0.04208557767065245,0.025973377503943677,0.03257166324939531
2019-10-25,-0.011433362603847735,False,0.035977714404136794,0.04121839090165334,0.025438187765218872,0.031900513725555774
2019-10-28,0.011433362603847653,False,0.03586220097453248,0.04108605126377813,0.02535651352992223,0.031798090939461426
2019-10-29,0.008892540410191115,False,0.03586751657409852,0.0410921411576032,0.02536027194598854,0.031802804144836605
2019-10-30,-0.01255331325987237,False,0.03590243227964717,0.041132142842639254,0.025384959236118332,0.03183376300263342
2019-10-31,-0.021001389534387845,False,0.03593474561993444,0.04116916309012739,0.025407806513416592,0.03186241441010677
2019-11-01,0.030733826452618917,False,0.036557184606609096,0.04188226935299313,0.02584790450401051,0.03241431504544709
2019-11-04,0.003223209881568699,False,0.03805465119605223,0.04359786369432616,0.026906694282774677,0.03374208014340449
2019-11-05,-0.0008048290172870395,False,0.03736557823429103,0.04280841725038064,0.02641948247192097,0.033131096876717454
2019-11-06,-0.0162341227618834,False,0.03657968130939546,0.0419080430271913,0.025863810888255758,0.03243426229301137
2019-11-07,-0.0016380020042383583,False,0.03682607102041609,0.042190322977187944,0.026038021725051992,0.03265272971064548
2019-11-08,0.025491973144526565,False,0.03615989575830308,0.04142710961531779,0.025566999824888536,0.032062049245123236
2019-11-11,0.011914358569901081,False,0.0372716701340613,0.04270083007181169,0.026353084371711355,0.03304783098031646
2019-11-12,0.03871950949463423,False,0.0372392567198492,0.042663695173178494,0.026330166336741782,0.033019090839868676
2019-11-13,0.015825499833797517,False,0.03924702741492529,0.044963926822719165,0.027749768687161717,0.03479932945915904
2019-11-14,0.03164355260004745,False,0.039467584071986576,0.04521661075935269,0.02790571415918839,0.03499489137248162
2019-11-15,0.0018093002945490874,False,0.040876882316200194,0.0468311937557737,0.028902164154616036,0.03624447986712399
2019-11-18,-0.008714652102443775,False,0.040063829723608814,0.04589970824758976,0.0283272920468159,0.03552356705153451
2019-11-19,-0.017660503151950363,False,0.0397411603625182,0.04553003740891385,0.028099147376442885,0.03523746443071034
2019-11-20,-0.004464293128685493,False,0.04006082910523449,0.04589627054558038,0.028325170447518054,0.035520906480422075
2019-11-25,-0.007152298511552654,False,0.03945707114742881,0.045204566474685966,0.027898280953569547,0.03498556983275335
2019-11-26,0.02167498905348052,False,0.03902804355928767,0.044713044788873654,0.027594935270711538,0.03460516210839371
2019-12-03,0.010315277711832799,False,0.039621901495112286,0.04539340675583767,0.028014824914274743,0.03513172066128013
2019-12-04,-0.007247790643971099,False,0.039492263084742595,0.045244884628654614,0.027923163554480594,0.0350167736181494
2019-12-05,0.01255485389607811,False,0.0390698527069235,0.0447609440459293,0.027624496596812386,0.03464223320393438
2019-12-06,0.002643007013353307,False,0.03904030044440144,0.04472708706727358,0.027603601550660238,0.03461602997307828
2019-12-16,-0.04419547279112168,False,0.03838002609925511,0.043970634176607314,0.027136751917586882,0.034030581698811284
2019-12-17,-0.004331568103538748,False,0.0405716003064254,0.0464814429885962,0.02868631328096794,0.035973794163368815
2019-12-18,-0.011111225425070722,False,0.039938399460599044,0.04575600724553167,0.028238606074548676,0.03541235126440038
2019-12-19,-0.028741099939323476,False,0.03977297933131037,0.045566491272520375,0.028121645106385887,0.03526567749169819
2019-12-20,-0.007419654813207107,False,0.040810009494093615,0.04675457993613738,0.02885488145660947,0.03618518545626968
2019-12-23,0.004128825023118396,False,0.04037425106760584,0.04625534696764182,0.028546776707409564,0.03579880967071946
2019-12-24,0.006570865531139048,False,0.03979369613087716,0.04559022577475093,0.028136293002896343,0.03528404654487112
2019-12-26,-0.01567688871787888,False,0.0393691008766012,0.04510378205658852,0.02783608121953606,0.03490756885691441
2019-12-27,0.03754010773991166,False,0.03949048296055143,0.04524284520352769,0.027921904910506952,0.03501519522782823
2019-12-30,-0.013709892159235331,False,0.04127782091557109,0.04729053488375072,0.02918564940491721,0.036599981807816075
2019-12-31,0.03078396189204432,False,0.04123955550675923,0.04724669556253365,0.02915859369361396,0.03656605285431712
2020-01-02,-0.0031545767485154324,False,0.042523906207682316,0.048718130591751986,0.030066699025694622,0.03770485357698095
2020-01-03,-0.005147506911456564,False,0.041668946602967424,0.04773863370664109,0.029462196396313752,0.036946782891927446
2020-01-06,-0.013991833299240801,False,0.041010501880755515,0.04698427695005568,0.028996640405499673,0.03636295689724377
2020-01-07,0.019534206948305922,False,0.040986166065475615,0.04695639626992548,0.02897943366936419,0.03634137895594826
2020-01-08,-0.012713719124056144,False,0.041408442603371474,0.04744018351699938,0.02927800599497602,0.036715800697746784
2020-01-09,0.020970105714865482,False,0.04129473588769215,0.04730991376716573,0.029197609204031336,0.03661497987840649
2020-01-10,0.013610943159053052,False,0.041785760341023534,0.04787246306177452,0.029544790019934458,0.0370503586280716
2020-01-13,-0.002320186655697198,False,0.041784081616813504,0.04787053980700831,0.02954360307122557,0.037048870146504875
2020-01-14,0.027493140580198708,False,0.041039476775414696,0.04701747245883594,0.029017127221380702,0.0363886481908704
2020-01-15,0.012724722592825505,False,0.04195117999598526,0.04806197849136626,0.029661750652722467,0.03719703198020029
2020-01-16,0.008516992791421516,False,0.0418893482255556,0.0479911400257794,0.029618032250592265,0.03714220734017146
2020-01-17,0.03086104414167363,False,0.04158997253019226,0.04764815591346677,0.02940635746031932,0.036876758613446955
2020-01-21,0.007479999256665702,False,0.04269075248889063,0.048909280456417674,0.03018466836031188,0.03785279188189817
2020-01-22,-0.005337141293837261,False,0.04229531750366452,0.04845624462389783,0.029905074462541606,0.03750216985427098
2020-01-23,-0.011482006301809913,False,0.04172292765208032,0.04780047787935933,0.029500363914340955,0.036994646499348485
2020-01-24,-0.013808358934910375,False,0.04153181206873145,0.047581523536307305,0.029365234871971083,0.03682518922862517
2020-01-27,0.0003658313558268845,False,0.04147580220302553,0.047517355020400956,0.029325632871006615,0.036775526721728596
2020-01-28,-0.01140347100744729,False,0.040698462153783754,0.04662678410604977,0.02877601146071038,0.03608627929951296
2020-01-29,0.008839836569141021,False,0.04051121793314829,0.04641226504590234,0.02864361968092769,0.03592025466650499
2020-01-30,0.026774392414519933,False,0.04026505367324386,0.0461302433872505,0.02846956825025051,0.03570198715057519
2020-01-31,-0.00860528795330894,False,0.04112597120769954,0.04711656606107776,0.029078283457832865,0.03646534057864391
2020-02-03,-0.015605470022904655,False,0.040758476270806074,0.04669554015061826,0.028818444683683598,0.03613949227303019
2020-02-04,0.008377393739901843,False,0.04092585037142488,0.04688729471925549,0.0289367872151393,0.03628789858183892
2020-02-05,0.011898463791614518,False,0.04063009372447709,0.04654845682230853,0.02872767128761378,0.03602565877223341
2020-02-06,0.02092645968249699,False,0.040534687379069755,0.04643915315739741,0.028660213847121505,0.03594106442038037
2020-02-07,0.017742681476657148,False,0.04100364238239805,0.04697641826616289,0.02899179036957932,0.03635687475653175
2020-02-10,0.013698844358161927,False,0.04126467999130303,0.04727547979305747,0.02917635806152656,0.036588330088358
2020-02-11,-0.007511131249996392,False,0.04126187731867407,0.047272268870465435,0.029174376420564627,0.036585845030645214
2020-02-12,-0.004809353138044264,False,0.04086928878052509,0.046822494111369774,0.028896795114656045,0.03623774687440777
2020-02-13,0.028515170308021233,False,0.040306615810500386,0.04617785965327852,0.028498954926668554,0.035738839228367625
2020-02-14,-0.028515170308021233,False,0.04132061840812204,0.04733956645250909,0.029215909544267983,0.036637929243364786
2020-02-18,-0.0013783599701212709,False,0.042196593295271756,0.048343139801082256,0.029835271113672426,0.03741463363867092
2020-02-19,0.008583743691391435,False,0.04139578557205769,0.0474256828052953,0.02926905679004617,0.036704578033721645
2020-02-20,0.00477490675296038,False,0.041081742919261206,0.04706589528023592,0.029047011668491537,0.03642612449319345
2020-02-21,-0.005801074108272549,False,0.04053195740064379,0.04643602551797456,0.028658283604888365,0.0359386438187471
2020-02-24,-0.013436894672242556,False,0.04000210941960792,0.045828997485135504,0.02828365245747276,0.03546884124592026
2020-02-27,0.00176647281405321,False,0.04000850613248085,0.04583632597211832,0.028288175279053755,0.035474513046649704
2020-03-09,-0.005939141436961272,False,0.03927057867913838,0.044990908670528025,0.027766420703307912,0.03482021175920858
2020-03-16,-0.038608491252059854,False,0.0388379347355125,0.04449524385454534,0.02746051806175005,0.03443659750548242
2020-03-17,-0.029751450612795684,False,0.040621803786275744,0.046538959334238676,0.02872180985344486,0.03601830829731426
2020-03-18,-0.014776453123796145,False,0.04163031973775741,0.04769438027765316,0.029434885115809478,0.03691253344433982
2020-03-19,-0.030224522908726386,False,0.04163802339826924,0.047703206088175285,0.029440332019978487,0.036919364081915464
2020-03-20,0.006297816586990104,False,0.042598564585441784,0.04880366404626792,0.030119486532159283,0.03777105123972547
2020-03-23,0.012034912363371264,False,0.04215490648328524,0.04829538069963955,0.029805796285484767,0.03737767101500303
2020-03-24,0.007943554567515153,False,0.04202976935061666,0.04815201552661309,0.02971731757220502,0.03726671513900076
2020-03-25,-0.011939120371469077,False,0.041658877600935,0.04772709800826126,0.029455077067903065,0.03693785496688114
2020-03-26,0.003109040923197061,False,0.04149427034769038,0.04753851331849275,0.029338690847018723,0.03679190195045349
2020-03-27,0.000886524880757052,False,0.0409180833639311,0.0468783963343437,0.028931295521231755,0.03628101177612418
2020-03-30,0.003538261099598604,False,0.04021530738210858,0.04607325082649779,0.028434394934894573,0.035657878394100825
2020-03-31,-0.0070890859578187256,False,0.03965729715584809,0.04543395830850281,0.02803985155865124,0.03516310508299309
2020-04-01,-0.00983028470194801,False,0.0393810078218641,0.04511742342131719,0.027844500073104843,0.03491812643893649
2020-04-02,0.025710636070937543,False,0.039152998206721655,0.04485620089504142,0.02768328495707174,0.03471595617943346
2020-04-03,-0.009232864005231538,False,0.03997777105871284,0.045801113888584315,0.02826644392144982,0.03544726104749327
2020-04-06,0.044067605215258626,False,0.03970409771494534,0.04548757604857427,0.0280729420823143,0.03520460193465729
2020-04-07,0.01842598194636856,False,0.041655832902209824,0.04772360980495789,0.029452924301415745,0.03693515531085569
2020-04-08,-0.012946516181742957,False,0.04191646369628724,0.04802220525853834,0.029637204353301888,0.037166249930440896
2020-04-09,-0.03159955487220881,False,0.041812288201733924,0.047902855090580544,0.02956354665061367,0.03707388019965326
2020-04-13,-0.022818014998504412,False,0.042869013897843394,0.049113508227930855,0.030310708806942126,0.038010851686897364
2020-04-14,0.005312097484889884,False,0.043337848506951486,0.04965063540530984,0.030642200204182006,0.0384265552725912
2020-04-15,-0.026847250036188052,False,0.04278399424443854,0.049016104227526607,0.030250595318832445,0.037935466947613544
2020-04-16,0.013513719166722855,False,0.04351296954471181,0.049851265364968374,0.030766020238721912,0.03858183059124969
2020-04-17,0.06243900325528842,False,0.04346411135979863,0.04979529027600427,0.03073147486244458,0.038538509295713216
2020-04-20,-0.01738436827094392,False,0.04676304899310413,0.05357476607600468,0.03306400199296521,0.041463592419918406
2020-04-21,-0.017256683623312674,False,0.046747275326416614,0.053556694745731305,0.033052849158451164,0.041449606315492334
2020-04-27,0.002985713457076229,False,0.046732858162553056,0.053540177512614535,0.033042655444718176,0.041436822987220095
2020-05-14,-0.0249654873274015,False,0.04589479771899444,0.052580041396857284,0.03245010143524515,0.04069373635358133
2020-05-15,-0.005818802785337179,False,0.046416610419359364,0.0531778636937238,0.0328190512051236,0.04115641424976939
2020-05-18,0.002082032815403585,False,0.045727665335957596,0.052388563755477555,0.03233192981117859,0.04054554436953361
2020-05-19,0.012812739861591956,False,0.0449018278144015,0.051442431007788676,0.03174801806789977,0.03981329548636246
2020-05-20,-0.014061439295436908,False,0.044753995568038676,0.051273064848226524,0.031643492683143835,0.03968221643694862
2020-05-21,-0.025734387869506076,False,0.04460121386135726,0.05109802826758447,0.031535467762550055,0.039546748828410264
2020-05-27,-0.013033608931010592,False,0.045166418841910805,0.05174556356030276,0.03193509821877228,0.04004790154304262
2020-05-28,0.027547651815264605,False,0.044934312170348045,0.051479647181850004,0.0317709862625082,0.03984209852902099
2020-05-29,0.010239696268684302,False,0.04569860172260014,0.05235526660483242,0.03231138026638489,0.040519774411319764
2020-06-01,0.015767458252701236,False,0.04535649117593678,0.05196332268962008,0.032069489627509745,0.04021643379143212
2020-06-02,-0.037185080883628985,False,0.04536328841942162,0.051971110050314115,0.03207429564587186,0.04022246073235027
2020-06-03,-0.002918492794913206,False,0.04669588668170559,0.05349782059875765,0.03301651461038969,0.041404041326356916
2020-06-04,0.00041744939032435456,False,0.04584711836555498,0.05252541685328762,0.03241638955650564,0.04065146029758356
2020-06-05,0.0008343763521195829,False,0.04489842742068778,0.05143853529735701,0.03174561380583927,0.03981028044474202
2020-06-08,0.006235730037572212,False,0.04403013930926584,0.05044376841500795,0.031131687202149323,0.039040391715707924
2020-06-09,0.028999377428337737,False,0.043513125137919675,0.049851443622586165,0.03076613025152573,0.03858196855174399
2020-06-10,-0.005652013431346529,False,0.04437260881980633,0.05083612358239825,0.03137383164787848,0.03934405061962999
2020-06-11,-0.04470943286471526,False,0.04377001340710931,0.050145751398187666,0.030947764136127823,0.038809744770799084
2020-06-12,0.014291962478032456,False,0.04557956077852584,0.05221888561878534,0.03222721188778542,0.040414223868900964
2020-06-15,-0.017259952784821887,False,0.04546669495998244,0.05208957925496525,0.032147409656544966,0.04031414865141645
2020-06-16,0.0021208915691376296,False,0.045502175872997055,0.052130228478141465,0.03217249657888829,0.04034560866413165
2020-06-17,0.00801861228330188,False,0.044721824204507384,0.05123620725847037,0.03162074579108228,0.03965369091661201
2020-07-17,-0.053628528567473625,False,0.044287384616012226,0.05073848523587051,0.03131357353159285,0.03926848451077871
2020-07-20,0.026948422254383212,False,0.0466920739059556,0.05349345243685837,0.03301381877195078,0.04140066063619471
2020-07-21,-0.019568314956760632,False,0.047345951987709,0.05424257735549511,0.03347614590124978,0.0419804375082746
2020-07-22,0.013239179905113212,False,0.04747641642389223,0.05439204583114529,0.03356839130591981,0.042096116967242164
2020-07-23,-0.0013614705983210744,False,0.04724612074645536,0.05412820424440841,0.03340555982034096,0.0418919197151186
2020-07-24,0.009941338087847758,False,0.04626826373986405,0.05300790816637387,0.03271416208835095,0.04102487906573232
2020-07-27,0.02749618898428291,False,0.0458702969385705,0.05255197172201453,0.03243277805984065,0.04067201214193683
2020-07-28,0.002184838098739503,False,0.04656944316909594,0.05335295875258314,0.032927112215914954,0.04129192711687151
2020-07-29,0.021589785037415245,False,0.04573606911480383,0.05239819166673518,0.03233787173683363,0.040552995784023674
2020-07-30,0.001280683205992564,False,0.04607967050111969,0.05279184358404231,0.03258081647988511,0.0408576582930748
2020-07-31,0.023609865639133667,False,0.045206396696779214,0.05179136477020913,0.03196336472195171,0.040083348878402016
2020-08-03,0.028344473009142567,False,0.0456793296406275,0.05233318726429083,0.032297753863263785,0.0405026863520678
2020-08-04,-0.008133432393011756,False,0.04646093081743608,0.05322864000131028,0.03285038812095545,0.04119571200646639
2020-08-05,0.012981926739633349,False,0.0459152626085922,0.0526034872947741,0.032464571217798166,0.04071188204466587
2020-08-06,0.011621048434028516,False,0.045717912326058964,0.05237739007807399,0.032325033906277834,0.040536896626582455
2020-08-07,0.014240746991522203,False,0.04542912791617097,0.052046540025751105,0.032120847727025885,0.040280838920195766
2020-08-10,-0.020234770931732777,False,0.04533342530432021,0.0519368969388873,0.03205318081015243,0.040195981876509704
2020-08-11,-0.014940718059638857,False,0.04554666149966171,0.05218119408225883,0.032203950320258225,0.040385052924766573
2020-08-12,0.008507241909210449,False,0.04542704328460077,0.05204415173732395,0.032119373779884365,0.04027899053101598
2020-08-13,0.003221911768214195,False,0.0449823669331374,0.05153470181859229,0.03180496357593942,0.03988470745083076
2020-08-14,-0.020719814973616985,False,0.0442406167683703,0.05068490497215282,0.031280506136695925,0.039227016663520346
2020-08-17,-0.006176671891729174,False,0.0445528542260365,0.05104262434919984,0.03150127488776851,0.039503869583970674
2020-08-18,0.02246367686642817,False,0.04394650330356816,0.05034794961068993,0.03107255202771963,0.0389662338212475
2020-08-19,-0.012190317557369091,False,0.04442681139354142,0.05089822154801644,0.03141215579578135,0.03939211064723413
2020-08-20,-0.00245599795987015,False,0.04419506210494304,0.050632714610546005,0.031248296528580553,0.03918662451549225
2020-08-21,0.007756723928944918,False,0.0434066088972785,0.049729411744885293,0.03069081751489553,0.038487523341623094
2020-08-31,0.011449801909141135,False,0.04300733220463381,0.04927197460447997,0.03040850732243363,0.03813349497086751
2020-09-16,-0.061121853152252915,False,0.04286145696727729,0.049104850520701564,0.03030536564877177,0.03800415115098952
2020-09-17,-0.0007689350628771679,False,0.045818446525821475,0.0524925685437833,0.03239611701682948,0.04062603771496251
2020-09-18,0.01564618828755879,False,0.04489958811381002,0.05143986506228571,0.03174643447858267,0.03981130960147114
2020-09-21,-0.00455408756725096,False,0.044911473768382316,0.05145348203502555,0.03175483827848298,0.039821848305585626
2020-09-22,-0.028160009232455825,False,0.044247837683432635,0.05069317771834128,0.031285611713752014,0.03923341926312602
2020-09-23,0.009345862418237599,False,0.044946258971593954,0.051493334208164314,0.03177943329641016,0.039852691450317786
2020-09-24,0.00733735672582712,False,0.044596857888763455,0.05109303778433389,0.031532387854596576,0.039542886499582035
2020-09-25,-0.011999369831638426,False,0.04414823917552102,0.05057907124158716,0.03121519018788933,0.03914510782863662
2020-09-28,0.007371517376177298,False,0.043934969964187894,0.050334736272965426,0.031064397333693775,0.038956007505949394
2020-09-29,0.00038647343476209636,False,0.04350601213395182,0.04984329450630994,0.03076110097344329,0.03857566163412945
2020-09-30,-0.0163618765034394,False,0.04273567335867362,0.04896074470313326,0.030216429842080304,0.037892622061408164
2020-10-01,-0.015037877364540559,False,0.04283630794524362,0.049076038178446184,0.0302875839315282,0.037981852160187665
2020-10-02,-0.010420935988258757,False,0.042826881002002444,0.04906523806404321,0.03028091857336989,0.03797349353215263
2020-10-05,-0.00930992354835999,False,0.042552983123391064,0.048751442982429026,0.03008725797596934,0.03773063533004743
2020-10-06,-0.00898698859098632,False,0.04221634711515803,0.048365771051659415,0.029849238131524163,0.037432148842536726
2020-10-07,0.006136243430895871,False,0.04186564751461071,0.047963986962152295,0.02960127456753289,0.037121192529549804
2020-10-08,0.008527970465314083,False,0.041443415132306836,0.04748025030257349,0.02930273346231008,0.03674680993937865
2020-10-09,-0.0167180244353586,False,0.04115591218931429,0.0471508683814062,0.029099453349383936,0.036491888476718505
2020-10-12,0.004922077205428235,False,0.04128093308462973,0.04729410038542128,0.029187849876575342,0.036602741288050314
2020-10-13,-0.026115473804623188,False,0.040756343975676707,0.04669309725574249,0.028816937035830756,0.036137601621798784
2020-10-14,0.004191120971461888,False,0.04144258299170873,0.04747929694861463,0.029302145093951154,0.03674607210171966
2020-10-15,-0.020279528950529126,False,0.04089747571367952,0.04685478688061096,0.028916724799183908,0.036262739502840854
2020-10-16,0.007653098577717211,False,0.0412793779542128,0.0472923187276787,0.029186750315355278,0.036601362393920096
2020-10-19,0.026746266286070592,False,0.0409458127910506,0.046910164955153,0.028950901724276345,0.036305598745726836
2020-10-20,-0.017891053456338138,False,0.0417380360657463,0.04781778705284914,0.029511046379028752,0.03700804274103603
2020-10-21,0.018715455811356002,False,0.04189459520174253,0.04799715130023379,0.029621742146222197,0.03714685969896192
2020-10-22,0.019180347225831767,False,0.0421715846601708,0.04831448829515476,0.029817588657574633,0.037392459125350413
2020-10-23,0.0020189790827573515,False,0.04247040953717571,0.0486568413544172,0.03002887398951043,0.037657419455607986
2020-10-26,0.00723475824458279,False,0.04177912266076053,0.047864858507002436,0.02954009682139052,0.037044473167757
2020-10-27,-0.01818599322367115,False,0.04139802687490541,0.0474282505864464,0.02927064151224499,0.036706565339292355
2020-10-28,-0.031485616573566466,False,0.04165857010936133,0.047726745726075125,0.02945485965474837,0.03693758232201392
2020-10-29,-0.01569491389835652,False,0.04269200128857523,0.04891071116190886,0.030185551329154795,0.037853899160449324
2020-10-30,-0.019862483726274614,False,0.04272216962250194,0.048945273951714635,0.030206881971073032,0.03788064864596959
2020-11-02,-0.01582450604036872,False,0.04305499950060229,0.04932658533423293,0.03044221067588976,0.038175760335815975
2020-11-03,0.014515319730749597,False,0.043072306799304995,0.049346413692292763,0.030454447871092395,0.03819110627229254
2020-11-04,-0.006132301302063829,False,0.04307218852496041,0.04934627818957255,0.03045436424474105,0.03819100140147417
2020-11-05,0.015693434546046547,False,0.04250772116247102,0.04869958795969965,0.030055255324339707,0.03769050271380182
2020-11-06,0.00904204222916177,False,0.04260657928846109,0.04881284620715504,0.030125153360185022,0.03777815767068997
2020-11-09,0.024138372904126387,False,0.042282590585080625,0.04844166384482799,0.029896075843536152,0.03749088522300149
2020-11-10,-0.021569878341377274,False,0.0429896690646746,0.049251738571717815,0.03039601852823846,0.0381178335191039
2020-11-11,0.00596762214318349,False,0.043359389069164554,0.049675313663177095,0.030657430545386822,0.03844565473490877
2020-11-12,-0.005540180375615356,False,0.04284546792975252,0.04908653244770131,0.030294060535440464,0.03798997408278314
2020-11-13,0.010627092574286193,False,0.0422802524860083,0.0484389851676767,0.02989442268117716,0.0374888120907088
2020-11-16,0.11491305321170628,False,0.04204692686824176,0.04817167228580656,0.02972944886409393,0.037281928268449394
2020-11-17,0.04243396259982046,False,0.04901430841581102,0.05615395412179931,0.034655764028200316,0.04345972622950778
2020-11-18,0.022504968374339362,False,0.050967620981267954,0.058391795024412566,0.03603686153890104,0.04519167822636655
2020-11-19,0.029239813672693064,False,0.05131263037163514,0.058787060042005256,0.03628080181688365,0.04549758917638478
2020-11-20,0.015994896043151376,False,0.051604216956214706,0.059121120446450966,0.036486969285028904,0.04575613149897598
2020-11-23,0.020054148004940736,False,0.05081822770171138,0.058220640444505874,0.035931232419342936,0.04505921504898215
2020-12-16,-0.05713634146462904,False,0.05065062207294438,0.0580286206222839,0.035812726184978244,0.04491060345012119
2020-12-17,0.00948998818484821,False,0.053248350546125645,0.061004745966467204,0.03764946055674929,0.04721394245279162
2020-12-18,-0.013869847864150502,False,0.05273051213286323,0.06041147686932612,0.037283320822561576,0.046754788454726685
2020-12-21,0.019364367181791152,False,0.051888123716607705,0.05944638234880669,0.03668770670257485,0.04600786431904789
2020-12-22,-0.00785858661252127,False,0.05196115600145489,0.059530052846366886,0.036739344473501516,0.0460726201670433
2020-12-23,0.008641059265903169,False,0.05137089860999812,0.05885381589533761,0.036322000609324334,0.04554925412421283
2020-12-24,0.01398081024747768,False,0.050671734773970474,0.05805280869476977,0.03582765400520884,0.0449293235389323
2020-12-28,-0.012808248065056255,False,0.0503019188914334,0.057629123759233666,0.0355661741971014,0.044601417310529815
2020-12-29,-0.020920439315314815,False,0.049989122503207084,0.05727076403527479,0.035345010251926816,0.044324068800732024
2020-12-30,0.035270113504455136,False,0.04982803809349876,0.05708621534235514,0.03523111487174283,0.0441812393990321
2020-12-31,0.002307693331816971,False,0.05080572141644713,0.058206312437202284,0.0359223898000141,0.04504812604760074
2021-01-04,-0.0197872605298849,False,0.049948770331757465,0.057224533984142095,0.035316479086702164,0.044288289568490506
2021-01-05,-0.015002255314487761,False,0.05003987920075156,0.057328914182801234,0.03538089797920085,0.04436907345857364
2021-01-06,-0.01120011707953632,False,0.04988899375061353,0.05715605007600167,0.03527421381442774,0.04423528721192531
2021-01-07,0.024241202908800514,False,0.04947613506426006,0.05668305252729403,0.034982300418652,0.04386921603678642
2021-01-08,-0.012245857159125876,False,0.04982691208472673,0.05708492531405587,0.035230318722708834,0.04418024099602396
2021-01-11,-0.014411778661303316,False,0.04943292064361213,0.05663354329880757,0.03495174548861229,0.04383089892182086
2021-01-12,0.007231851526495187,False,0.04911885923185309,0.05627373428227036,0.03472968710345769,0.043552428748203205
2021-01-13,0.0004002401494294996,False,0.048695224269467,0.055788390736454974,0.034430154298342924,0.0431768025263588
2021-01-14,0.00040008002133967057,False,0.04794799546284302,0.05493231720442254,0.0339018231633252,0.042514253968268675
2021-01-15,0.010742096531902029,False,0.04731241308865552,0.054204153028811417,0.033452432087693496,0.0419506994293745
2021-01-19,0.024625047305389194,False,0.04705483279832926,0.05390905242914662,0.03327030890676165,0.04172230961298193
2021-01-20,-0.008141157583699885,False,0.04737459270651756,0.054275390010859896,0.03349639643675071,0.042005832496772186
2021-01-21,-0.007423358957411713,False,0.0470167522076628,0.05386542484752139,0.03324338387187192,0.04168854453297748
2021-01-22,-0.008269391482506631,False,0.046633374566221505,0.053426202685980625,0.03297231516755064,0.04134861344187229
2021-01-25,-0.008338344917153807,False,0.04628258572977166,0.05302431636206609,0.032724288508955354,0.04103757800570646
2021-01-26,0.01464502723181178,False,0.04594166425017063,0.0526337347187989,0.03248323860473214,0.0407352917009906
2021-01-27,-0.016241196764633932,False,0.045897608604647436,0.05258326172881955,0.03245208888325878,0.04069622869357123
2021-01-28,0.002393299905840484,False,0.045882994160596643,0.052566518478791784,0.03244175568177543,0.0406832704420326
2021-01-29,0.00833172841929443,False,0.04538763289606186,0.05199900065345755,0.032091508506057034,0.040244046353451156
2021-02-01,0.0063017144343328725,False,0.045107059196525405,0.051677557320667984,0.03189312774260392,0.03999526887268757
2021-02-02,0.02021055966203332,False,0.044755564621996174,0.05127486245767551,0.03164460208905929,0.03968360767672403
2021-02-03,-0.028093927253296,False,0.04490948756927611,0.05145120651718002,0.03175343392841128,0.03982008719393919
2021-02-04,0.001976675875872689,False,0.04540854413578507,0.05202295791887656,0.032106293882262625,0.04026258781170821
2021-02-05,0.02148939892196239,False,0.0449228045199149,0.05146646327504078,0.03176284973195579,0.03983189499145138
2021-02-08,-0.0038729715336640685,False,0.045169497889242835,0.05174909111558631,0.031937275271580315,0.040050631655094045
2021-02-09,0.001550989066248734,False,0.044714065461124934,0.05122731834145772,0.03161525994034792,0.03964681143847217
2021-02-10,0.036519843801738665,False,0.04419195828111007,0.05062915866970441,0.031246101957447814,0.0391838724347549
2021-02-11,-0.08901698656818474,False,0.04506457936758381,0.05162888968783613,0.031863092208586616,0.03995760310128841
2021-02-12,0.021810234479606477,False,0.04826840510549087,0.05529939916385351,0.0341283700906788,0.042798352954887826
2021-02-16,-0.0019996007462512416,False,0.048453897485337384,0.05551191120216444,0.034259523224381215,0.04296282427573969
2021-02-17,-0.020627627242851346,False,0.047885796143495675,0.05486105765108136,0.03385784488425351,0.04245910343207086
2021-02-18,0.042014581022008904,False,0.04795554700993815,0.05494096874400015,0.03390716251509074,0.042520949730791326
2021-02-19,-0.006683728439396982,False,0.04901225324836293,0.056151599589371486,0.03465431091378493,0.04345790396540702
2021-03-15,0.006196766537511399,False,0.048562960374956506,0.055636860685244115,0.03433663657942051,0.04305952753398901
2021-03-16,-0.0305786271054941,False,0.04815575377679222,0.05517033853343844,0.034048719515346305,0.042698467920030236
2021-03-17,0.0035763995998304874,False,0.0486874743070785,0.05577951187951554,0.03442467465624567,0.043169930834100374
2021-03-18,0.008295524561479596,False,0.04816693393070338,0.05518314723910201,0.034056624488164794,0.04270838107485965
2021-03-19,-0.019464368225841487,False,0.0478539539338754,0.05482457716128265,0.03383533072178946,0.04243086976403866
2021-03-22,0.0048019299954072114,False,0.04789730512968813,0.054874243088222634,0.03386598235925991,0.04246930815402389
2021-03-23,-0.023425950076293455,False,0.04744593995062319,0.05435713001702781,0.03354684279283945,0.042069094262494874
2021-03-24,-0.0049160279259815145,False,0.04768720476773254,0.0546335385579018,0.03371743005277008,0.0422830175685514
2021-03-25,0.0085872537503429,False,0.04724172664540739,0.05412317007874069,0.03340245295351051,0.04188802357877105
2021-03-26,0.000814000858946938,False,0.046913195911361186,0.05374678407303137,0.03317016397579959,0.041596723829348856
2021-03-29,-0.008990661296192526,False,0.04638915492908878,0.053146408912643,0.03279963869023052,0.0411320701729228
2021-03-30,-0.03721943297876417,False,0.046061034082496934,0.052770492500447325,0.03256763952509383,0.04084113386016079
2021-03-31,0.00042598509696355105,False,0.04685199651084017,0.05367667009121234,0.03312689269335833,0.04154245989544838
2021-04-01,0.018565934122535193,False,0.046331445855792464,0.053080293674888326,0.03275883525770064,0.04108090102237314
2021-04-05,-0.023689771122404665,False,0.04641745586321389,0.053178832288751546,0.032819648979603516,0.04115716388308357
2021-04-06,0.029525552586506545,False,0.04667226195530138,0.05347075458792286,0.03299981065250561,0.041383093889272554
2021-04-07,-0.007090749208814676,False,0.04719199145716722,0.05406619023818098,0.033367287488501256,0.04184392466694811
2021-04-08,-0.014334140875291404,False,0.04683176429679502,0.053653490761420806,0.03311258742499121,0.04152452051179004
2021-04-09,-0.00042471863029609655,False,0.04672956518682526,0.05353640486715815,0.033040327132976936,0.04143390319036412
2021-04-12,0.005507321693761993,False,0.04608030912548383,0.05279257523331789,0.032581268021811986,0.04085822454486793
2021-04-13,0.017173196914727785,False,0.04575075860061721,0.052415020889447855,0.03234825799689724,0.04056602057316252
2021-04-14,0.005384150509346936,False,0.0458265008725699,0.05250179612308432,0.03240181187511344,0.040633179297001665
2021-04-15,-0.0033098913130267913,False,0.045471302527787756,0.05209485798192305,0.03215066745590531,0.04031823406324567
2021-04-16,-0.0020742591963200433,False,0.04502766513053053,0.05158659835616323,0.03183699184871319,0.039924872197024765
2021-04-19,0.011971247196494495,False,0.044503067091006626,0.05098558499504623,0.03146607269357252,0.0394597246122658
2021-04-20,-0.024087543322248516,False,0.04440172495229203,0.05086948090234525,0.031394418326533176,0.03936986714520363
2021-04-21,0.008371752536736839,False,0.04473802898290471,0.05125477249813381,0.0316322034448658,0.0396680592766995
2021-04-22,0.0012497398002342531,False,0.04451085667064353,0.05099450924006155,0.0314715803472047,0.03946663143211911
2021-04-23,0.003325023844771916,False,0.04402737074106134,0.050440596564645,0.031129729674857966,0.03903793689751087
2021-04-26,0.01523603695797093,False,0.04364292531033355,0.05000015107480391,0.030857905985824247,0.03869705902511748
2021-05-14,0.005268502561377331,False,0.04367370595196139,0.050035415363818184,0.03087966956236687,0.038724351428122875
2021-05-17,0.025934028752245295,False,0.04336497074892365,0.049681708395638804,0.030661377094524496,0.03845060386674539
2021-05-18,-0.013880849484689265,False,0.04386585765742255,0.050255556755212594,0.03101553119904621,0.03889472740166575
2021-05-19,-0.014076242874809615,False,0.043828455361581725,0.05021270627190315,0.030989085755242812,0.038861563748232
2021-05-20,-0.010177169053693525,False,0.04378860664155657,0.050167053007204976,0.03096091055737402,0.03882623091341573
2021-05-21,0.004897968975547156,False,0.043588607431722506,0.04993792100848038,0.030819500311144776,0.0386488967596464
2021-05-24,-0.027659141941223504,False,0.04321868839100152,0.04951411788827304,0.03055794756462823,0.0383208990635363
2021-05-25,-0.0037743806602892026,False,0.04376168677741057,0.050136211873971076,0.030941876759088004,0.038802361762473196
2021-05-26,0.01749315744751712,False,0.04330441070016681,0.04961232689645175,0.03061855786832123,0.038396906829604935
2021-05-27,0.003297612221556673,False,0.04342591662675222,0.04975153192550409,0.030704469122725737,0.03850464300859713
2021-05-28,-0.00743497848751809,False,0.04293519058880971,0.04918932451481855,0.030357499302624318,0.03806952885617969
2021-06-01,0.00784641646904729,False,0.042574297797936124,0.04877586244880955,0.030102328602389383,0.03774953450358143
2021-06-02,-0.0020588848121279027,False,0.042246402393645216,0.048400204317859345,0.02987048883713889,0.03745879808470747
2021-06-03,-0.0045445234173224,False,0.041599771704213334,0.047659382479467514,0.029413286005748638,0.03688544728893776
2021-06-04,-0.0024875634718017465,False,0.041060419482206525,0.047041465774959025,0.029031934846503803,0.03640721755016761
2021-06-07,-0.024796395476666743,False,0.04075536218229857,0.04669197244990324,0.02881624285487142,0.036136731090870025
2021-06-08,0.010582109330537008,False,0.04134367889901614,0.04736598603873905,0.02923221455716382,0.03665837638733902
2021-06-09,-0.011433535520754521,False,0.041290340276841135,0.04730487787177022,0.029194501269688564,0.036611082403355415
2021-06-10,0.014796296150755095,False,0.04109905317163226,0.047085727022208784,0.029059250952097267,0.03644147304861175
2021-06-11,-0.013944869960537478,False,0.04110758006888287,0.04709549598585406,0.02906527992911563,0.03644903362902339
2021-06-14,0.01938535209713537,False,0.04105951248349076,0.04704042665871073,0.029031293549411516,0.03640641333774166
2021-06-15,-0.009645702799576364,False,0.041942839511328524,0.04805242309401586,0.029655853479478838,0.037189636687039604
2021-06-16,-0.01101706058474,False,0.041741393354508494,0.04782163337946721,0.029513420163559793,0.037011019562604955
2021-06-17,-0.01545758557664281,False,0.04156652439411137,0.047621292215899974,0.029389778361334044,0.03685596775445894
2021-06-22,0.007768705450619489,False,0.041615250819334135,0.04767711635246161,0.029424230576391985,0.03689917222206785
2021-06-23,-0.012546130389511512,False,0.04149472505048155,0.04753903425534771,0.02933901234645721,0.0367923051237198
2021-06-24,0.007805763831236203,False,0.041385165880971575,0.047413516202005124,0.029261548094723762,0.03669516182685958
2021-06-25,0.015431082019735151,False,0.04112568493900307,0.047116238093189045,0.029078081050398913,0.03646508675155589
2021-07-02,-0.015168221473171317,False,0.041203256317759195,0.0472051088695934,0.029132928205941905,0.03653386729733829
2021-07-16,-0.008583743691391442,False,0.0412087102093947,0.04721135719973585,0.0291367844019725,0.036538703122733475
2021-07-19,-0.035537848061600756,False,0.04089849459882208,0.046855954181168696,0.02891744520602455,0.036263642922082825
2021-07-20,0.008007160218780812,False,0.04206966716667266,0.04819772503889187,0.029745527483620013,0.037302091506004435
2021-07-21,0.003538261099598604,False,0.04179040407547415,0.04787778322357465,0.029548073391066923,0.037054476107934706
2021-07-22,0.02269848651524188,False,0.04160251636044542,0.047662526934732066,0.029415226625983667,0.03688788090500408
2021-07-23,0.0017248818420608513,False,0.04206409306181362,0.0481913389847244,0.029741586290345907,0.03729714909063679
2021-07-26,0.030131708796085357,False,0.04168671560508274,0.047758991021919495,0.029474760040772447,0.03696253820894125
2021-07-27,0.0004179728378509955,False,0.04253418914366029,0.048729911386662855,0.03007396961696252,0.03771397119175268
2021-07-28,0.014108117818228124,False,0.042054013541059476,0.048179791235418296,0.02973445952463069,0.037288211838910554
2021-07-29,0.0032908297900887647,False,0.04206210903748736,0.04818906595844709,0.02974018347796113,0.037295389907311786
2021-07-30,-0.028745990978358088,False,0.041601098164193245,0.04766090215760363,0.0294142238846159,0.03688662342687471
2021-08-02,-0.0012687673514242875,False,0.04231001097115837,0.04847307840828056,0.02991546353786841,0.037515198173863444
2021-08-03,0.02631181231708762,False,0.04168552569359117,0.04775762778254173,0.02947391870906342,0.036961483145035785
2021-08-04,-0.01369600159562207,False,0.04230627166055796,0.04846879441279659,0.029912819643259172,0.03751188262335925
2021-08-05,0.00500209463148832,False,0.042260917950020904,0.04841683427578628,0.029880752119693575,0.037471668655088775
2021-08-06,0.004977198163621457,False,0.04202228306890137,0.04814343875926555,0.02971202436658896,0.03726007724561128
2021-08-09,-0.0024855025223119113,False,0.04162496799924358,0.04768824898071782,0.02943110114755469,0.03690778819548943
2021-08-10,0.023366506844107463,False,0.0413320909978729,0.04735271019153857,0.02922402128502387,0.03664810169352946
2021-08-11,0.016476161341143877,False,0.041837319603301865,0.04793153267924151,0.029581245203833564,0.03709607489941429
2021-08-12,-0.000797448208128891,False,0.04200705751730276,0.04812599538500237,0.02970125907905446,0.0372465771407326
2021-08-13,0.015829376821163532,False,0.04136090323199323,0.047385719345910675,0.029244393091116254,0.03667364876024123
2021-08-16,-0.0011785505194442526,False,0.04155930418379279,0.047613020277111416,0.02938467328256986,0.036849565779731426
2021-08-17,0.024462489473488974,False,0.04100419622027502,0.04697705277856833,0.028992181962879202,0.03635736583032809
2021-08-18,0.00878371123830846,False,0.041583690374582,0.047640958670675304,0.029401915636911944,0.03687118838769497
2021-08-19,0.004173787125321874,False,0.04132681146290025,0.04734666161563858,0.029220288368573464,0.036643420465701376
2021-08-20,-0.02336823438146907,False,0.040907321439763215,0.046866066779658176,0.028923686259436452,0.03627146945484789
2021-08-23,-0.0023282897595911845,False,0.041395907062544875,0.04742582199263599,0.029269142690384085,0.03670468575621092
2021-09-16,-0.01716460051663415,False,0.040807459346135035,0.04675165832210061,0.02885307836423204,0.036182924305685156
2021-09-17,0.003006390840131428,False,0.041037649643332626,0.047015379178436255,0.029015835340288603,0.036387028119861775
2021-09-20,-0.027388551061280537,False,0.04050951888935812,0.046410318511714115,0.028642418365177887,0.035918748168089334
2021-09-21,0.004617168648802838,False,0.04150914387987371,0.047555553396601495,0.029349207237808903,0.036805089928773405
2021-09-22,0.0178813971182858,False,0.04117262938022871,0.04717002067391006,0.029111273306499923,0.03650671117980153
2021-09-23,-0.015197860909431392,False,0.04140848284334247,0.047440229618506434,0.029278034446809466,0.036715836377493774
2021-09-24,-0.00807230983421172,False,0.04143933998719913,0.047475581553409946,0.02929985211456086,0.036743196613057194
2021-09-27,-0.01752040144475819,False,0.04110883106275484,0.047096929205147846,0.029066164449367552,0.03645014285310402
2021-09-28,0.003528723520452984,False,0.0413951613743057,0.04742496768407741,0.02926861544851348,0.03670402457363435
2021-09-29,0.013219477113732805,False,0.040906055286725036,0.04686461619304551,0.028922791020835052,0.036270346789524587
2021-09-30,0.024042371554215545,False,0.040874976603051956,0.046829010447834565,0.028900816712464847,0.03624279012030573
2021-10-01,0.02163456256799338,False,0.04143834331962741,0.04747443970673485,0.02929914741674309,0.036742312893563674
2021-10-04,0.015379285179487707,False,0.04186930536444372,0.04796817763092528,0.02960386086497869,0.03712443585088738
2021-10-05,0.001089522533780556,False,0.0421998345413004,0.0483468531816577,0.029837562849721683,0.03741750756813356
2021-10-06,-0.014625489218979014,False,0.041592962347488084,0.04765158124106372,0.029408471422671136,0.03687940960752098
2021-10-07,0.004043379888442034,False,0.041584443999986564,0.047641822072562644,0.02940244849078728,0.036871856607951885
2021-10-08,0.008765578404139007,False,0.041096721353798195,0.04708305554124932,0.029057602230913068,0.03643940548573142
2021-10-11,-0.025038126818993124,False,0.04084288538512835,0.04679224467805755,0.028878126487677767,0.03621433566301747
2021-10-12,-0.002613404511516876,False,0.041582898857144876,0.047640051857230664,0.029401355991322486,0.03687048656954768
2021-10-13,-0.027669000257656333,False,0.041156692477655084,0.04715176233007358,0.02910000505539564,0.03649258033831499
2021-10-14,-0.00694179416995809,False,0.04187283078715394,0.047972216582642196,0.02960635352929435,0.03712756175250226
2021-10-15,0.008861549031009252,False,0.04145704351331643,0.04749586385516052,0.02931236946395164,0.036758893874188125
2021-10-18,0.00115008638323731,False,0.0412442423154995,0.04725206507301916,0.029161907520596282,0.036570208527044644
2021-10-19,-0.01973366415695025,False,0.04073338825692064,0.04666679770323375,0.028800706102496777,0.03611724737658376
2021-10-20,-0.02132782264082364,False,0.041011988066346095,0.04698597962015686,0.028997691219002787,0.03636427465977027
2021-10-21,0.019763489118839718,False,0.04140131067163903,0.04743201271585483,0.029272963333941457,0.036709476997370365
2021-10-22,0.010899290458035638,False,0.04175166732597258,0.04783340390405257,0.029520684416432064,0.03702012922877287
2021-10-25,0.012694919481248724,False,0.04189540849396037,0.04799808306027211,0.02962231718775799,0.037147580824247045
2021-10-26,-0.013469512858475495,False,0.041851161510210455,0.047947390860875114,0.02959103217982137,0.03710834816214481
2021-10-27,0.008487705275951584,False,0.04181350394796814,0.047904247927906346,0.02956440624888146,0.037074958170560356
2021-10-28,-0.012369697728675926,False,0.04150681197058974,0.04755288181087111,0.029347558451964677,0.03680302228480679
2021-10-29,-0.010557282805876726,False,0.04137780009741622,0.047405077485124146,0.029256340087816645,0.036688630776088325
2021-11-01,0.00783089358054784,False,0.041230968458647335,0.047236857686180765,0.029152522186687048,0.03655843893968434
2021-11-02,-0.0426274455193815,False,0.040854553702739806,0.0468056126555525,0.028886376618605217,0.03622468166004044
2021-11-03,-0.013522025331973997,False,0.04318785715816898,0.04947879563871053,0.030536148217370714,0.03829356180261132
2021-11-04,0.0065789710980425605,False,0.04308634522036481,0.04936249701321709,0.030464373793201712,0.03820355377906502
2021-11-05,-0.017780083852863195,False,0.04284651790040019,0.04908773536181933,0.030294802921412605,0.037990905064742723
2021-11-08,0.01490710834913816,False,0.042997375850711485,0.0492605679630431,0.03040146764232254,0.03812466692800219
2021-11-09,0.0,False,0.04302953535809881,0.04929741196963578,0.030424206151449782,0.03815318193580098
2021-11-10,0.016306924737893663,False,0.0422011545751573,0.048348365497612684,0.02983849618497281,0.037418678008192575
2021-11-11,0.004840671009312838,False,0.04231786273992619,0.048482073901176675,0.02992101516257589,0.03752216013521913
2021-11-12,-0.0060545089087062605,False,0.04174047975027548,0.04782058669551217,0.029512774196009946,0.0370102094932368
2021-11-15,-0.004870139496042774,False,0.04122298649095032,0.04722771302899091,0.02914687850430267,0.03655136153428789
2021-11-16,0.018940723392985002,False,0.040679012660021364,0.04660450151111525,0.028762259617869324,0.03606903393379149
2021-11-17,0.003586375631227653,False,0.04097754198449961,0.04694651596633411,0.02897333597820166,0.036333732205227655
2021-11-18,0.01500225531448775,False,0.04045534454650942,0.04634825288922083,0.028604114178036856,0.03587071317208583
2021-11-19,-0.023390560941122584,False,0.04053872222801264,0.04644377574067463,0.028663066703305214,0.035944642017129214
2021-12-14,0.021910109635744326,False,0.04105024807893155,0.0470298127591088,0.02902474311488244,0.036398198828574105
2021-12-15,0.016503924783047477,False,0.04145171829139378,0.04748976293734289,0.029308604244359365,0.03675417213691691
2021-12-16,-0.030926314706082855,False,0.04157767946567075,0.04763407218560304,0.029397665599574765,0.03686585866941236
2021-12-17,-0.01982618469968378,False,0.04246249766155101,0.048647776999227746,0.030023279866007883,0.03765040419904874
2021-12-20,-0.030083569463247518,False,0.04269107860134933,0.04890965407189112,0.030184898939438275,0.03785308103742506
2021-12-21,0.015154908109882731,False,0.04400328448066026,0.05041300179068524,0.031112699387503905,0.039016580230105846
2021-12-22,0.002436054797881121,False,0.04456455933867671,0.05105603448145373,0.03150955103476912,0.039514248206198976
2021-12-28,0.009704888139673228,False,0.043715565682835696,0.05008337257229546,0.03090926665355006,0.03876146737451968
2021-12-29,0.012000144003110558,False,0.04337779240889694,0.049696397716557046,0.030670442700810617,0.038461972502767346
2021-12-30,0.017343753625949317,False,0.043161439322533926,0.049448529661729614,0.030517469380363833,0.03827013778743323
2021-12-31,-0.01535765565431987,False,0.04351520907350651,0.04985383111364987,0.030767603706569408,0.03858381632381324
2022-01-03,-0.00836824967051658,False,0.04341190895575309,0.049735483833833284,0.03069456494257058,0.03849222276711232
2022-01-04,-0.014916624090553606,False,0.04305271782170929,0.0493239712956793,0.030440597405645628,0.03817373722984471
2022-01-05,-0.0020329342232197375,False,0.0429590529840455,0.04921666281440119,0.030374371305212294,0.03809068702810227
2022-01-06,-0.013934651704653408,False,0.04217126825833239,0.04831412580479444,0.029817364944381395,0.0373921785799807
2022-01-07,0.03964920637139402,False,0.042056000163829974,0.04818206723864098,0.029735864174255923,0.037289973326209216
2022-01-10,0.0,False,0.043416346676605065,0.049740567973162834,0.030697702650959006,0.03849615758001785
2022-01-11,0.02622972843287141,False,0.04259812028932073,0.04880315503196567,0.03011917239079878,0.0377706572937858
2022-01-12,-0.011268819461002387,False,0.04318419153920087,0.04947459606911512,0.030533556426726678,0.03829031159258154
2022-01-13,0.01935044897693968,False,0.04296568520327438,0.04922426111266023,0.030379060642510076,0.03809656764625842
2022-01-14,0.01898310610629136,False,0.04317772295839304,0.04946718524558917,0.030528982790633076,0.03828457606840324
2022-01-18,-0.010586110202727036,False,0.043376666392164975,0.04969510767913836,0.030669646546148517,0.038460974092701335
2022-01-19,0.009833664719520826,False,0.04315615942559662,0.049442480671139565,0.030513736207984855,0.03826545623866039
2022-01-20,0.001128456015931205,False,0.04291917722309873,0.04917097856987852,0.03034617698795104,0.03805533021679651
2022-01-21,-0.03208831455150051,False,0.042280570625234076,0.04843934964850009,0.02989464762279713,0.03748909417657519
2022-01-24,-0.03275100370068639,False,0.043240006222888365,0.04953854097190801,0.03057302042345949,0.038339801036604025
2022-01-25,0.004003207908216266,False,0.044179384179959556,0.05061475296814602,0.031237211388623665,0.039172723302771904
2022-01-26,0.003987246111817989,False,0.04364775888467634,0.05000568872943299,0.0308613235840165,0.038701344831128776
2022-01-27,-0.024981154015479626,False,0.04308115125676559,0.04935654647340357,0.030460701380335284,0.03819894842517218
2022-01-28,0.01739174271186924,False,0.043623181730086405,0.049977531555418016,0.030843946207950567,0.03867955290047625
2022-01-31,0.013540629026766266,False,0.043751158752461626,0.05012415028932194,0.03093443287667681,0.038793026833616566
2022-02-01,0.03307051025386435,False,0.04367760077940729,0.05003987752943427,0.0308824234157876,0.03872780487141282
2022-02-02,0.0015296370095334146,False,0.044620007607290485,0.0511195595954971,0.03154875595624938,0.03956341275940274
2022-02-03,0.0064749797730805315,False,0.0439343195338225,0.050333991097973096,0.0310639374442862,0.03895543078607871
2022-02-04,0.012825524732287936,False,0.04351816211746119,0.0498572143113346,0.030769691668182372,0.03858643471191178
2022-02-07,-0.01662925697153472,False,0.043408839640467246,0.04973196742820977,0.030692394770844976,0.038489501284215875
2022-02-08,0.017003999340544425,False,0.04350919306662416,0.04984693878801299,0.030763350064691237,0.0385784820852908
2022-02-09,0.03207648272902506,False,0.043615674021627755,0.049968930240210825,0.030838637852469382,0.0386728960085447
2022-02-10,0.010826522206201894,False,0.04454212114315517,0.051030327836953035,0.03149368601832094,0.03949435283552114
2022-02-11,-0.007204642115047506,False,0.04428737159630169,0.050738470319650085,0.03131356432595411,0.03926847296653635
2022-02-14,-0.03270546870435103,False,0.043876705959570474,0.05026798527008516,0.031023201534739937,0.038904346312074616
2022-02-15,-0.003742519338338223,False,0.04479767018770992,0.051323101310406107,0.0316743729987551,0.03972094159854812
2022-02-16,-0.021220955482885422,False,0.04420935067583103,0.050649084519253144,0.031258399320132635,0.0391992938236815
2022-02-17,-0.008461588947591248,False,0.044511875027518265,0.05099567593540159,0.03147230038053146,0.03946753438295961
2022-02-18,-0.00619916746979346,False,0.044194060559243846,0.050631567175173336,0.031247588381663118,0.03918573647068859
2022-02-22,0.014660756417384718,False,0.043742319518365866,0.0501140234924349,0.03092818306063505,0.03878518931216015
2022-02-23,0.0057284861636126855,False,0.04371313532537582,0.050080588197982875,0.030907548259526844,0.03875931243908838
2022-02-24,-0.018447871363608773,False,0.04328474270258863,0.04958979396944799,0.030604651531477824,0.03837946772217167
2022-02-25,-0.0007760962748885142,False,0.043461411778546406,0.04979219746154488,0.03072956611265547,0.038536115646471844
2022-02-28,-0.03355357196206384,False,0.04282929142617172,0.04906799960149197,0.03028262287347976,0.037975630793248005
2022-03-01,-0.003216729754013859,False,0.04400592673291424,0.050416028925345385,0.031114567602594085,0.03901892304719944
2022-03-02,0.0032167297540137475,False,0.04336784559238743,0.04968500200179567,0.03066340976416565,0.038453152916480604
2022-03-03,0.01316070839892338,False,0.04289352421346046,0.049141588826906064,0.030328038924243298,0.038032584353152286
2022-03-16,0.0040551555975541125,False,0.042816836073399325,0.049053729945737194,0.03027381626617427,0.037964586952396705
2022-03-17,0.013266526231379071,False,0.04228777614163751,0.048447604752991404,0.02989974231216947,0.0374954831225862
2022-03-18,0.01309282737929272,False,0.042252751575277865,0.04840747834998658,0.029874978051565144,0.03746442774070905
2022-03-21,-0.006326632411362025,False,0.04216781159676642,0.04831016563028085,0.029814920897909512,0.03738911364710334
2022-03-22,0.025456632143882864,False,0.04182105887300193,0.04791290333746843,0.02956974798903212,0.037081656928214295
2022-03-23,0.017251721708489962,False,0.042444222724453876,0.04862684005219126,0.03001035849818411,0.03763420028250328
2022-03-24,-0.018412487944452185,False,0.04256685308269688,0.04876733330269883,0.030097064786517504,0.03774293346611683
2022-03-25,-0.008163310639160981,False,0.04276795196021885,0.04899772515167718,0.030239252557211195,0.037921242666932704
2022-03-28,0.015492176615771047,False,0.042416979858386085,0.048595628867115694,0.029991096320089342,0.037610044734066914
2022-03-29,0.014119677430873487,False,0.04245753553060949,0.048642092061864706,0.030019771371355107,0.03764600440520887
2022-03-30,0.004536869785701364,False,0.04241288655931072,0.048590939319595516,0.02998820213650423,0.03760641531108941
2022-03-31,-0.00037728730875762523,False,0.041916221206019115,0.04802192744604172,0.02963703289958189,0.03716603492055895
2022-04-01,-0.019432884338777674,False,0.04126411545816904,0.047274833027475524,0.029175958906102157,0.03658782953135243
2022-04-04,-0.014338552184810737,False,0.04154150746583964,0.04759263120878096,0.029372090041516485,0.036833785887797295
2022-04-05,-0.010989121575595206,False,0.041555020530077154,0.047608112647033664,0.029381644507970244,0.03684576757419185
2022-04-06,0.005902043495031137,False,0.04141384621390502,0.04744637424186729,0.029281826639551117,0.0367205919401825
2022-04-07,0.009759983779956504,False,0.041036627902476974,0.04701420860618936,0.02901511291430452,0.03638612216853248
2022-04-08,0.017713208599070662,False,0.04084256599499497,0.046791878764113726,0.02887790066159855,0.03621405246800349
2022-04-11,-0.0015278841780531757,False,0.041186321760839396,0.04718570754856935,0.02912095455931701,0.036518851861410705
2022-04-12,-0.01269491948124878,False,0.04061548471217612,0.046531719795243814,0.028717341926671,0.03601270533688761
2022-04-13,0.0,False,0.04053849095657393,0.04644351078119281,0.02866290318190369,0.035944436954694674
2022-04-14,0.0,False,0.03986822683688121,0.04567561296026646,0.028188990238532503,0.03535013100435485
2022-04-18,-0.022710451386380254,False,0.03920148786339337,0.044911753774274685,0.027717569763972764,0.03475895071045974
2022-04-19,0.0,False,0.03974214310683536,0.0455311633042102,0.028099842229767483,0.03523833580481226
2022-04-20,0.004346973847656346,False,0.03915877859651027,0.044862823282533715,0.027687372004935516,0.03472108150234084
2022-04-21,0.0015760444554657142,False,0.038662818372727,0.044294619250839586,0.0273367013326699,0.034281326332003814
2022-04-22,-0.013476224556568677,False,0.03805225210284816,0.04359511513836221,0.026904997994269358,0.03373995292918444
2022-04-25,-0.029973892369956026,False,0.03811243273806124,0.04366406195691379,0.026947548954599523,0.03379331355009722
2022-04-26,0.0501207322051289,False,0.039219491140555514,0.04493237949016215,0.02773029905354618,0.034774913753130125
2022-04-27,0.005849110066323406,False,0.04144546452902178,0.0474825982236771,0.02930418249650537,0.0367486270867188
2022-04-28,0.011212180091141437,False,0.04101562014553475,0.04699014076441694,0.029000259295210776,0.036367495130940515
2022-04-29,-0.0015390537859030608,False,0.04086716068413939,0.04682005602684565,0.028895290435541805,0.03623585994609435
2022-05-16,0.008821228010798498,False,0.040273949378527754,0.04614043488117417,0.02847585799447311,0.035709874743581234
2022-05-17,0.003188524024627089,False,0.0402108593312623,0.04606815485246027,0.028431249922642097,0.03565393442185512
2022-05-18,-0.01725910792156931,False,0.03970745738706432,0.04549142510571964,0.02807531755200735,0.035207580869487366
2022-05-19,-0.005277057100843781,False,0.03990702066696518,0.04572005767498658,0.02821641957222288,0.03538452849540054
2022-05-20,-0.011461443519006652,False,0.03946688940727051,0.045215814906634226,0.027905222993705146,0.034994275431150246
2022-05-23,0.009016454525939983,False,0.039412840751612215,0.045153893279495615,0.027867007674197936,0.03494635187874479
2022-05-24,-0.00408831313515256,False,0.03918319638249763,0.044890797873595116,0.027704636698789604,0.034742732124953705
2022-05-25,-0.0140266326098881,False,0.038707638174172956,0.04434596770714735,0.027368391353663868,0.03432106689681966
2022-05-26,0.023404886870338374,False,0.038803632727717016,0.044455945261251066,0.02743626468908652,0.034406182797694085
2022-05-27,-0.0008120179090115837,False,0.039391615387538687,0.0451295761329536,0.02785200019510623,0.034927531894508125
2022-05-31,0.013715422744919424,False,0.0387448338828248,0.0443885815108441,0.027394690729163867,0.03435404737470804
2022-06-01,0.011155494171785452,False,0.038789993119235866,0.04444031884574822,0.027426620749016004,0.03439408890777444
2022-06-02,-0.01557228513037468,False,0.03869737325921987,0.044334207558285314,0.027361133504234154,0.03431196526082705
2022-06-03,-0.006459449185549573,False,0.03887328193888946,0.04453573989133371,0.027485510444155946,0.034467938961302
2022-06-06,0.0076659645138905585,False,0.03855601777300348,0.044172261593027146,0.027261187538806096,0.03418662898800061
2022-06-07,-0.0052387788562794175,False,0.03826758405957609,0.04384181332119644,0.027057249320898022,0.033930882235142804
2022-06-08,-0.00689238487681059,False,0.037879923251043134,0.04339768408708575,0.026783152186046565,0.03358715336997499
2022-06-09,-0.0122801379465912,False,0.037581613672762484,0.04305592138728887,0.02657223119814763,0.033322649941838596
2022-06-10,-0.017868748856947263,False,0.03759791500174346,0.04307459724153038,0.026583757118409893,0.033337103910844545
2022-06-13,-0.021615590475940295,False,0.0379485614623541,0.043476320450497444,0.02683168310959507,0.03364801310601679
2022-06-14,-0.003433479767891519,False,0.03850778861734151,0.044117007160558164,0.027227086920192423,0.034143865436517484
2022-06-15,0.0025762143917732456,False,0.03801036032237572,0.04354712121179747,0.02687537824228882,0.033702808565233534
2022-06-16,-0.001287277586041996,False,0.03747325937598919,0.04293178371389175,0.026495618856531778,0.03322657497463495
2022-06-17,0.024598356454489108,False,0.03687533942500494,0.04224676804027986,0.02607285714880198,0.03269641473741423
2022-06-21,0.01207593271587543,False,0.037712924132173246,0.043206359121733894,0.026665074786945585,0.033439079547835475
2022-06-22,-0.007061296215011015,False,0.037705626209285005,0.04319799815041152,0.026659914761196262,0.03343260866737183
2022-06-23,-0.008371752536736849,False,0.03742726947219316,0.042879094712836796,0.026463101509961996,0.03318579691016975
2022-06-24,0.0008403361839050543,False,0.03717929923673715,0.04259500401207162,0.02628777315700275,0.03296592808218261
2022-06-27,-0.00843530940134985,False,0.03651147104739014,0.041829896950115415,0.02581558254798613,0.03237378200860858
2022-07-15,0.05445027131087037,False,0.03630711241738144,0.041595770518369206,0.025671089956177506,0.03219258246912981
2022-07-18,0.003440863609903911,False,0.03946235636921312,0.04521062156576431,0.02790201789090303,0.03499025610293102
2022-07-19,0.007698925966682483,False,0.0389903861442336,0.04466990202453324,0.027568309443841667,0.034571772247317285
2022-07-20,0.008907800152872736,False,0.03873761026154947,0.044380305664243405,0.027389583238668982,0.03434764237557292
2022-07-21,-0.027398974188114388,False,0.03852947544076561,0.04414185298470554,0.02724242067597514,0.03416309458488786
2022-07-22,-0.0030428191266835825,False,0.03940339930826281,0.045143076552833096,0.027860332063679744,0.034937980393836846
2022-07-25,0.03381447779343737,False,0.03893360349579,0.04460484815886272,0.027528161043732388,0.03452142453384942
2022-07-26,0.010050335853501506,False,0.04012007637021048,0.04596414803496735,0.028367061464665645,0.035573439505959425
2022-07-27,-0.01892800988551891,False,0.03994321954163696,0.04576152944136009,0.028242014132245412,0.03541662510624539
2022-07-28,-0.016267482018141915,False,0.04026476383415191,0.04612991132888636,0.02846936331835406,0.035701730157709353
2022-07-29,0.002586208338032851,False,0.04042314652305719,0.04631136475613914,0.028581348435970908,0.03584216401308323
2022-08-01,0.006864033813769967,False,0.039893267358652985,0.045704300997621385,0.02820669524022923,0.035372333790765986
2022-08-02,0.0004274417675681524,False,0.03958132180877839,0.04534691604897429,0.02798613288373551,0.03509573969744424
2022-08-03,-0.025536986067359102,False,0.038962179044541516,0.044637586151205375,0.027548365500482192,0.03454676173773411
2022-08-04,0.029375762374524748,False,0.039700663949684564,0.04548364210554516,0.02807051422476715,0.035201557303344656
2022-08-05,-0.01890902922816386,False,0.04058853407752069,0.046500843409329,0.028698286371972456,0.03598880890252603
2022-08-08,0.015070252920998173,False,0.04092615076620291,0.04688763887089466,0.028936999610476074,0.036288164934160025
2022-08-09,0.009781068835160691,False,0.041048117427334746,0.04702737174716996,0.029023236629095908,0.03639630963462074
2022-08-10,0.014703058400551677,False,0.040859401170874665,0.04681116622780618,0.028889804040459068,0.03622897978531969
2022-08-11,0.0045766670274118935,False,0.04086907660223143,0.04682225102622682,0.028896645093139574,0.03623755874137371
2022-08-12,-0.023945693596353807,False,0.04036884406495391,0.04624915235654425,0.028542953664423523,0.03579401542057966
2022-08-15,0.0033955890011381075,False,0.040937560333666655,0.04690071040752584,0.02894506679107022,0.036298281504084165
2022-08-16,-0.011506625998225798,False,0.040406956476065146,0.04629281639372407,0.02856990119808678,0.0358278087149538
2022-08-17,0.02831374431460709,False,0.04031537133529026,0.04618789054738381,0.02850514555570869,0.03574660252693619
2022-08-18,0.000832986303891771,False,0.041114713230979275,0.047103668196582946,0.02907032346008399,0.03645535842033189
2022-08-19,-0.01679300588262123,False,0.04047778163777858,0.04637395826861875,0.028619978413718945,0.03589060756365149
2022-08-22,-0.005944815809320505,False,0.04070611823098192,0.046635555402057695,0.028781424720905963,0.03609306774618861
2022-08-23,-0.020654779030746025,False,0.04031829914650515,0.04619124483681382,0.028507215676411436,0.03574919854181355
2022-08-24,0.0433926007226878,False,0.040729537030363416,0.04666238548960886,0.02879798307725986,0.036113832593080035
2022-08-25,0.006639028534809085,False,0.04241583967660068,0.04859432260129787,0.0299902901499692,0.03760903376421245
2022-09-02,0.019950786419348693,False,0.04204429965115677,0.04816866237640608,0.029727591279680495,0.037279598782653314
2022-09-06,-0.019531059235852053,False,0.04238693456671188,0.04856120704245306,0.02996985267569093,0.03758340434694629
2022-09-07,-0.03197884947075192,False,0.04265473174659143,0.04886801276998328,0.030159199749500286,0.037820853216445086
2022-09-15,0.027318361996052608,False,0.043522707878770196,0.04986242222878247,0.030772905767010757,0.03859046532151087
2022-09-16,-0.02179465982742032,False,0.04421631918416115,0.05065706809200393,0.03126332643199288,0.03920547262073166
2022-09-19,0.003806306139129676,False,0.044495125990632246,0.050976487158097966,0.03146045790659309,0.0394526834428729
2022-09-20,-0.005927197708267384,False,0.04388322917645765,0.05027545868822871,0.031027813801493328,0.038910130280658796
2022-09-21,-0.001274697432000584,False,0.043399734859237954,0.04972153640339347,0.030685957198633734,0.03848142830894817
2022-09-22,-0.0132679027440805,False,0.04273782786372552,0.048963213043129276,0.030217953193548263,0.03789453240560646
2022-09-23,-0.0324021340891079,False,0.042698769763599195,0.048918465563597954,0.030190337006660864,0.03785990059311338
2022-09-26,-0.0017817376651208365,False,0.04370534367290951,0.05007166157820047,0.030902039140292287,0.03875240378131056
2022-09-27,0.018989309834547635,False,0.04307124574104832,0.04934519807549449,0.030453697645581684,0.038190165459235315
2022-09-28,-0.001751313932735063,False,0.04321360630066507,0.0495082955176874,0.03055435425220248,0.03831639290478727
2022-09-29,0.019527632880270797,False,0.04260094839033135,0.048806395086952364,0.0301211720110003,0.03777316489819038
2022-09-30,0.011536124517930346,False,0.04284926916168503,0.04909088738425847,0.03029674821177676,0.03799334453733939
2022-10-03,-0.007247953281364108,False,0.04267896625778284,0.048895777389613565,0.030176334858172296,0.03784234133401169
2022-10-04,0.009793563480797834,False,0.04233155402015219,0.04849775951516428,0.02993069563736156,0.03753429984114553
2022-10-05,0.01346821705086661,False,0.04211006271069418,0.048244004780441344,0.029774089315596185,0.03733790919558956
2022-10-06,-0.007974858634758757,False,0.042076106006879915,0.04820510178966694,0.029750080091502287,0.037307800659957376
2022-10-07,0.009645702799576302,False,0.04179320176341088,0.04788098843538165,0.02955005150758215,0.03705695674584914
2022-10-10,-0.01598687813802378,False,0.04154736291512392,0.047599339589274314,0.02937623016049875,0.03683897776402834
2022-10-11,-0.0046758852462927365,False,0.041665995401644215,0.04773525261999387,0.029460109737540787,0.03694416613764283
2022-10-12,-0.012433171951326536,False,0.0412114719323628,0.04721452120775433,0.029138737089311917,0.03654115187143553
2022-10-13,0.02849437942274468,False,0.04114867391459622,0.04714257574687607,0.02909433549811339,0.036485470484752716
2022-10-14,-0.0033599359622477044,False,0.04193364619371726,0.04804189063620803,0.029649353307262406,0.037181485208839876
2022-10-17,-0.015688259008446802,False,0.04140401052014706,0.04743510583649971,0.029274872272694857,0.03671187088358058
2022-10-18,-0.015070252920998166,False,0.0415213262248015,0.04756951027695504,0.02935782081381912,0.03681589170059284
2022-10-19,0.001300672197241353,False,0.04161985516428738,0.047682391387112145,0.02942748609702181,0.03690325477627706
2022-10-20,0.008628181223338189,False,0.0410200882527888,0.04699525971636924,0.029003418488427087,0.03637145688668698
2022-10-21,-0.009495108022324072,False,0.04073887854148927,0.04667308772746845,0.028804588030297205,0.03612211547065642
2022-10-24,0.013353633709853615,False,0.040556276458044105,0.04646388699919668,0.028675478492297644,0.03596020690126193
2022-10-25,-0.017699577099400975,False,0.04054688640097145,0.04645312914396825,0.028668839214653234,0.035951880979243504
2022-10-26,-0.007870613432329579,False,0.04075672855858642,0.04669353785873713,0.028817208956724856,0.03613794262157025
2022-10-27,0.015679763746494414,False,0.040545403980011566,0.04645143078687088,0.028667791062947402,0.035950566554718184
2022-10-28,-0.005199318471793883,False,0.040663048932766496,0.0465862124351932,0.02875097240026621,0.03605487930755024
2022-10-31,0.01423358082116963,False,0.040234297031458366,0.0460950065940041,0.028447821642893008,0.035674716027612546
2022-11-01,0.005552010844989423,False,0.04026440625901579,0.046129501667739686,0.02846911049341497,0.03570141310503587
2022-11-02,0.013116329354970537,False,0.03986844424733611,0.04567586203971092,0.028189143959469636,0.03535032377661167
2022-11-03,-0.002946750185341651,False,0.03984936021619284,0.04565399814233248,0.028175650518444263,0.035333402457191916
2022-11-04,0.025802513429856504,False,0.039423973491351565,0.04516664766442481,0.027874879122635428,0.034956222992647945
2022-11-07,0.029151861908541132,False,0.040214696338704316,0.04607255077574937,0.028433962894196384,0.03565733659763522
2022-11-08,0.012294424143268371,False,0.04104770967193817,0.0470269045962793,0.02902294832400171,0.03639594808840135
2022-11-09,-0.0019727763352150396,False,0.041115044071907,0.047104047229295586,0.029070557382493437,0.036455651768470605
2022-11-10,0.010216198874721097,False,0.04052492576349302,0.04642796962077377,0.028653311857541414,0.03593240904699586
2022-11-11,-0.014966801633318984,False,0.04030673220766352,0.04617799300537855,0.0284990372257512,0.035738942434737506
2022-11-14,-0.009168890225695739,False,0.04038148245888083,0.04626363171605545,0.02855188969171398,0.03580522155931337
2022-11-15,0.0012007205765188873,False,0.0401640354739641,0.0460145104204666,0.028398142925892284,0.03561241691227555
2022-11-16,0.001199280575482187,False,0.039516921319194986,0.04527313469299128,0.027940598258389595,0.03503863744022994
2022-11-17,-0.030422139252385298,False,0.03892560541033789,0.04459568503613271,0.027522505965224403,0.0345143328372542
2022-11-18,-0.006611594332312818,False,0.04003681995245994,0.045868764111092565,0.028308194679421663,0.03549961818236567
2022-11-21,-0.010418931508246002,False,0.03975133000930206,0.045541688412414516,0.02810633786613013,0.03524648159486835
2022-11-22,-0.0025167798519673437,False,0.039640461947113056,0.045414670807169155,0.028027948156560213,0.0351481777365449
2022-11-23,0.006697387947521523,False,0.039086823232918566,0.04478038657544671,0.027636495675516713,0.034657280532715586
2022-11-25,0.01654981919082176,False,0.03873874707384574,0.044381608069757085,0.027390387026378273,0.03434865035778806
2022-11-28,0.00041025641601061464,False,0.038985534293882476,0.04466434343172985,0.02756487892352416,0.034567470236439614
2022-12-05,-0.023167059281534418,False,0.03830263999557456,0.04388197566328347,0.02708203576153173,0.033961965431671626
2022-12-15,0.0172314421828827,False,0.03890819605830087,0.04457573975918861,0.02751019661280102,0.034498896412711734
2022-12-16,-0.016827320132525178,False,0.039168033398023966,0.044873426180267115,0.027693915649592612,0.034729287496735
2022-12-19,0.009650255832161768,False,0.03936300905311891,0.04509680287056308,0.02783177397122578,0.034902167393763436
2022-12-20,-0.00040024014942944305,False,0.0391862443950906,0.044894289873479244,0.027706791808360484,0.03474543471930046
2022-12-21,0.012333555984442239,False,0.03853261695950728,0.04414545211126662,0.027244641899444783,0.034165880088730935
2022-12-22,0.029992511014825363,False,0.03853275369689394,0.04414560876643907,0.027244738580164334,0.034166001330253694
2022-12-23,0.008406621919710765,False,0.03948918444815462,0.045241357543945954,0.027920986792090798,0.03501404387029417
2022-12-27,0.0019007798918083407,False,0.03918912696752922,0.04489759233444835,0.0277088299428044,0.0347479906221188
2022-12-28,-0.004567956172903075,False,0.03863371131196519,0.0442612723240448,0.0273161210682141,0.03425551785009437
2022-12-29,-0.01654201982427367,False,0.03822816228033569,0.04379664918740747,0.02702937599322935,0.033895927957736015
2022-12-30,0.008497540510440719,False,0.03859728784554282,0.04421954325087116,0.02729036770969041,0.03422322209952257
2023-01-03,-0.010827638652063392,False,0.03830425557584736,0.04388382657628114,0.02708317806406567,0.033963397925133774
2023-01-04,0.011980819637055315,False,0.0382752766050354,0.043850626397597264,0.02706268836612442,0.03393770301728735
2023-01-05,0.005363997535580441,False,0.03817559182592,0.04373642108298587,0.02699220584185989,0.033849315088341145
2023-01-06,-0.004595948342678513,False,0.037721936544856206,0.043216684323183895,0.026671447049604398,0.03344707062228961
2023-01-09,0.03210851840841752,False,0.037265079811558466,0.042693279773145174,0.02634842465766234,0.03304198751090938
2023-01-10,-0.03249246926742488,False,0.03862886571571027,0.044255720896337544,0.027312694969880487,0.034251221384562894
2023-01-11,0.011075156167849595,False,0.03986062854630546,0.04566690786834158,0.02818361783660087,0.03534339379559057
2023-01-12,0.0026550366440525556,False,0.0398387182508929,0.04564180602026582,0.028168126074049327,0.035323966500357525
2023-01-13,0.004158010148663677,False,0.039206735875814726,0.04491776623590608,0.027721280392276417,0.034763603988052616
2023-01-17,-0.003779293991893329,False,0.03866767036076408,0.04430017800138489,0.027340131950338815,0.03428562846496409
2023-01-18,-0.007983315541989684,False,0.03824120098672614,0.043811587170705046,0.02703859506305825,0.03390748904323189
2023-01-19,-0.019268418865877032,False,0.0379821719843169,0.04351482683300717,0.02685544756441765,0.03367781469110787
2023-01-20,-0.00038918077938190427,False,0.03835045319739931,0.04393675355219922,0.027115842278310754,0.034004360167588975
2023-01-23,0.01506692593665995,False,0.03789293671692879,0.0434125931532325,0.026792353409474966,0.033598692075364645
2023-01-24,-0.008858136104014043,False,0.037993687558087866,0.043528019817303414,0.02686358969719795,0.03368802525409728
2023-01-25,0.002704270529635801,False,0.03776883526630509,0.04327041452437882,0.02670460697935325,0.03348865451198548
2023-01-26,0.014173767257715934,False,0.03724980808563534,0.04267578349859667,0.026337626722385862,0.03302844646444514
2023-01-27,-0.0007610350443413372,False,0.037309906390630775,0.04274463599433898,0.0263801194708043,0.03308173408527213
2023-01-30,-0.006109220986410996,False,0.03673582474575347,0.04208693102224948,0.025974212733346977,0.032572710660763206
2023-01-31,-0.011556368980514941,False,0.03636606780386746,0.04166331361292608,0.02571277459946407,0.03224485669351957
2023-02-01,0.004252857753551374,False,0.03631893813403452,0.0416093188223616,0.025679451376730802,0.03220306802783342
2023-02-02,-0.0034782643763248086,False,0.03585090590705896,0.0410731109057233,0.025348527307006992,0.03178807589373277
2023-02-03,-0.005434795985956945,False,0.03536962305931975,0.040521722223008795,0.025008234332543847,0.031361334775113686
2023-02-06,0.003109213542481437,False,0.03508692388856927,0.04019784381326116,0.0248083507461147,0.031110672693708874
2023-02-07,0.001550989066248734,False,0.03451618259915134,0.03954396576790548,0.02440480582042851,0.03060461107644492
2023-02-08,-0.0007751938372690744,False,0.03393108010346569,0.038873634598065206,0.023991106746052666,0.03008581574706927
2023-02-09,-0.0003878223822120318,False,0.03329707447173927,0.03814727684034882,0.023542830512523823,0.029523659265148824
2023-02-10,-0.00544536545857206,False,0.03264714540002325,0.037402676162400825,0.023083295546664915,0.02894738387866872
2023-02-13,0.021987385282845634,False,0.032237876222974936,0.03693379098714812,0.022793920127889715,0.028584495429079617
2023-02-14,0.0,False,0.03325687687046197,0.038101223874778385,0.023514408636761592,0.02948801708630231
2023-02-15,0.026728487441212107,False,0.03249010209687181,0.037222757221884735,0.022972257447135803,0.028808137622182983
2023-02-16,0.002967361227802008,False,0.03405913579298629,0.03902034345812647,0.024081649036700653,0.030199359432343448
2023-02-17,0.008115131218991028,False,0.03344589797216821,0.03831777864452477,0.023648056767456606,0.029655617234040053
2023-02-21,0.0036670374792693397,False,0.033150290482783146,0.03797911163210531,0.02343904630238611,0.029393509678607876
2023-02-22,0.0021937851577136127,False,0.032573725965626465,0.03731856212133776,0.023031384040091092,0.02888228475512829
2023-02-23,-0.003292485140055723,False,0.031989149399077745,0.03664883348984967,0.022618056826028167,0.028363955753587227
2023-02-24,-0.00809423109403728,False,0.03145266176250416,0.03603419863923639,0.02223873108344269,0.027888265969020515
2023-02-27,0.0029509427537345928,False,0.03126881861937916,0.03582357607292229,0.02210874404920174,0.02772525698393796
2023-03-02,-0.014388737452099556,False,0.030664028672735842,0.0351306896890316,0.02168112488339224,0.027189005298317963
2023-03-03,-0.010929070532190317,False,0.03108244803471904,0.03561005790651517,0.02197696997725145,0.027560006981472367
2023-03-09,0.001110905502139462,False,0.0311332458222883,0.03566825512942515,0.022012886757392876,0.027605048072781788
2023-03-10,-0.010416760858255715,False,0.03047682591736899,0.034916218134171235,0.021548762421794602,0.027023017431496838
2023-03-17,0.029653766575203556,False,0.030577297160924465,0.03503132447318783,0.02161980101890669,0.027112102698227863
2023-03-20,0.017020146512990157,False,0.032461192348893775,0.03718963634934565,0.022951816693477872,0.028782504092442426
2023-03-21,0.011424615514988237,False,0.03292011707123502,0.037715410121059154,0.023276301265395958,0.029189420836502198
2023-03-22,0.02003229876259771,False,0.03286101948957232,0.037647704118533444,0.02323451608243744,0.029137020531307678
2023-03-23,-0.002089864919459242,False,0.033460283574048816,0.03833425971819748,0.023658228165162526,0.029668372577114036
2023-03-24,0.005563296685328732,False,0.032882221135298546,0.0376719940918065,0.023249506791376235,0.02915581948509603
2023-03-27,0.006221935039293459,False,0.03253042251046331,0.03726895088916615,0.023000766157839057,0.028843888695548766
2023-03-28,-0.00034464932272914363,False,0.03215978120314685,0.03684432029374643,0.022738702729819347,0.028515250584230975
2023-03-29,-0.007265210991412413,False,0.031504326223950226,0.036093388779657384,0.022275260648836732,0.02793407551775867
2023-03-30,0.012765396737729815,False,0.03130256887850824,0.03586224254734554,0.02213260730575012,0.02775518247037921
2023-03-31,0.0054700991097296646,False,0.031618159160871365,0.03622380313668944,0.02235574668501843,0.02803500825422665
2023-04-03,-0.022410867257940028,False,0.031344281308085364,0.0359100309979529,0.022162100246958315,0.027792167808505595
2023-04-04,0.01591178503563907,False,0.03246622905168757,0.037195406721034024,0.022955377914458917,0.02878697000722512
2023-04-05,-0.003782022730520261,False,0.033056744303549365,0.037871939093580435,0.02337290409987326,0.029310564688242467
2023-04-11,0.02133143351605774,False,0.032500928674080484,0.03723516084726519,0.0229799124221238,0.028817737269647148
2023-04-12,-0.010439562735377404,False,0.03362251782620351,0.03852012574481147,0.023772936546075867,0.029812221514527944
2023-04-13,0.016118549102082255,False,0.03366693451968078,0.038571012374621794,0.023804341547958224,0.029851604653879135
2023-04-14,-0.006014050869755808,False,0.03386213040716947,0.038794641377357414,0.023942355585791737,0.030024679825304948
2023-04-17,0.006347106659678894,False,0.03338003883206177,0.03824232616439052,0.0236014907973879,0.029597221628935213
2023-04-18,0.016840417795247448,False,0.03291980882390338,0.03771505697302792,0.02327608331787955,0.029189147521523837
2023-04-19,0.00815266214592264,False,0.033265680256904635,0.03811130960228115,0.02352063310657596,0.029495822822567023
2023-04-20,0.002594876577658877,False,0.03314140555725844,0.037968932488169266,0.023432764180035627,0.02938563164373697
2023-04-21,0.026847250036188056,False,0.03239033426704039,0.03710845675901463,0.022901716201528265,0.028719676054303606
2023-04-24,0.010040875070810902,False,0.033621425222903754,0.03851887398797656,0.023772164016515482,0.029811252731292606
2023-04-25,-0.017002928508133463,False,0.03340983217719334,0.03827645934283834,0.023622556301969362,0.029623638621538568
2023-04-26,0.00853760126600164,False,0.0341543827814817,0.03912946455347759,0.024148993803247008,0.03028381248652263
2023-04-27,-0.008220090547347573,False,0.03373223457601383,0.03864582433231319,0.023850512215594866,0.029909504533786248
2023-04-28,0.007590169266675653,False,0.033804513086545834,0.03872863125738443,0.023901617027358345,0.029973592029489533
2023-05-01,-0.0009456265480070661,False,0.033322915116914896,0.03817688155069911,0.023561101244693412,0.029546571500396523
2023-05-02,-0.013013991004148427,False,0.03254995563731563,0.0372913292995645,0.02301457713379294,0.028861208216579372
2023-05-03,-0.03776490434775808,False,0.03273327602659983,0.03750135296535054,0.02314419455282689,0.029023753689280736
2023-05-09,0.015605809847472469,False,0.034958556260314425,0.04005077757605966,0.024717587897929237,0.03099685242038462
2023-05-10,0.009554703602478213,False,0.03513854052774514,0.040256979165403925,0.024844846498580136,0.03115643983967042
2023-05-11,-0.005536772065131883,False,0.034992493311045654,0.040089658050994126,0.024741583226231684,0.03102694353013372
2023-05-12,-0.00494744361046727,False,0.03457774843098906,0.03961449955708306,0.024448336189606984,0.03065919991556636
2023-05-15,-0.02067095210419637,False,0.034158266856816104,0.039133914400781025,0.02415174005434403,0.030287256396191946
2023-05-16,-0.053627796031408013,False,0.03478288104228714,0.03984951271173162,0.02459337602800123,0.03084108572434139
2023-05-17,0.0016680571006970134,False,0.03820999794344994,0.04377583895110909,0.027016532825730164,0.03387982210755248
2023-05-18,-0.0030045090202987243,False,0.03740557878322413,0.04285424446007176,0.026447765021030183,0.033166564334320144
2023-05-19,0.02541810385719881,False,0.03678219999848229,0.04214006150390452,0.026007002542430553,0.03261383040421282
2023-05-22,-0.01477616770768873,False,0.037567534710094753,0.04303979161928278,0.02656227661093127,0.03331016648786543
2023-05-23,-0.0023182656516113707,False,0.0376705871920913,0.04315785519159882,0.026635140283071557,0.033401540472311905
2023-05-24,-0.001991371384925287,False,0.03709128966719123,0.04249417457082694,0.026225545636652324,0.03288789226118123
2023-05-25,0.0023228814161397287,False,0.03657314781612316,0.041900557835757905,0.025859191355542908,0.032428469212620895
2023-05-26,-0.008655180529113108,False,0.03602862032600533,0.04127671201019339,0.025474181002151805,0.03194565069676628
2023-05-30,0.004669788339359957,False,0.03587572197782592,0.04110154179752552,0.025366073609717432,0.031810079665212605
2023-05-31,0.000665336019221158,False,0.035534070724917766,0.04071012407887277,0.02512450771634038,0.03150714628928097
2023-06-01,0.0003325020812013956,False,0.03490149593303832,0.039985405583602786,0.024677243163883887,0.030946258496240095
2023-06-02,0.0059662092785707005,False,0.034286877051598406,0.03928125853784676,0.024242674410168964,0.03040129174701533
2023-06-05,0.009865255938109972,False,0.033997133946732885,0.038949310142702656,0.024037810381774785,0.030144383990457425
2023-06-06,-0.0036059701424136638,False,0.03394364549026844,0.03888803031590454,0.023999991153362158,0.030096957152264316
2023-06-07,0.018868484304382736,False,0.03358793612058419,0.03848050671164411,0.02374848541194032,0.02978155880587529
2023-06-08,0.014715556652644388,False,0.034060664255565996,0.039022094563474115,0.02408272974231908,0.030200714680788502
2023-06-09,0.009796254673197793,False,0.03420149849030526,0.039183443349408965,0.024182307154792408,0.03032558877334096
2023-06-12,-0.01393309430392405,False,0.03407012996989352,0.03903293909653512,0.02408942251373003,0.030209107686148304
2023-06-13,0.015818108999695296,False,0.03426209636296488,0.039252868182099436,0.02422515312453836,0.030379319347962883
2023-06-14,0.0009411765400636845,False,0.0345308551212865,0.03956077555593388,0.02441518008625515,0.03061762082432672
2023-06-15,0.011535591675096461,False,0.033952194935079415,0.03889782511148973,0.02400603607272382,0.030104537725017626
2023-06-16,-0.01184921877504851,False,0.033983383606752966,0.03893355686605044,0.02402808814855242,0.030132191917766726
2023-06-20,-0.014534221094539225,False,0.0340694853438169,0.039032200571310516,0.024088966728268203,0.030208536112791146
2023-06-21,0.006977510071977951,False,0.03433677105262755,0.039338420324584115,0.02427795216439983,0.0304455314740523
2023-06-22,-0.008251395594566635,False,0.034044879326681696,0.039004010330501465,0.024071568944823468,0.030186718590462305
2023-06-23,-0.004791576009899284,False,0.0339342111756742,0.038877221756403894,0.023993320583258995,0.030088591988240165
2023-06-26,0.026229975886419662,False,0.033631847626064526,0.03853081456549046,0.023779533218616273,0.029820494008027113
2023-06-27,0.0018697418971540176,False,0.03461796396834747,0.03966057307138524,0.02447677074714755,0.03069485799787453
2023-06-28,0.024601486730308236,False,0.03407969747919527,0.03904390025248642,0.0240961872596872,0.030217590950492774
2023-06-29,-0.02273523424463186,False,0.03492491091885186,0.04001223130208446,0.02469379882383922,0.03096701996173894
2023-06-30,0.030602143198061326,False,0.03559089670853384,0.04077522759211287,0.025164686756757766,0.031557532426931344
2023-07-03,0.013768550342448893,False,0.03671633310166071,0.04206460013717694,0.02596043108794519,0.03255542792142822
2023-07-05,-0.008957957782099334,False,0.03680434371763246,0.04216543077727457,0.026022659348175207,0.03263346467026846
2023-07-10,0.0076069132975012475,False,0.036638655912128996,0.04197560813712115,0.025905509118467465,0.03248655355595341
2023-07-13,-0.02051825158759548,False,0.03632047037535395,0.041611074256877274,0.025680534754122356,0.03220442662678977
2023-07-14,0.02294029334080683,False,0.03683952013998176,0.04220573115629888,0.026047530979168176,0.03266465469894468
2023-07-17,0.015601876630499958,False,0.037438471482742076,0.04289192845887478,0.026471021936604177,0.03319572944471754
2023-07-18,0.014188828048673803,False,0.037574160122329774,0.04304738211901046,0.026566961135316647,0.03331604107043525
2023-07-19,0.007602375796725462,False,0.037631957337426906,0.04311359833769907,0.02660782688886153,0.03336728837405199
2023-07-20,-0.013194737685747032,False,0.03735002215109841,0.04279059519779749,0.026408483480692673,0.033117303697978315
2023-07-21,0.007937716232945376,False,0.03742549430098707,0.04287706096216916,0.026461846368016385,0.03318422291153302
2023-07-24,0.00058548011040136,False,0.03719164709462026,0.04260915051474566,0.02629650375961414,0.0329768766100812
2023-07-25,0.015391620825613047,False,0.03662722407033387,0.041962511081578814,0.025897426188717675,0.032476417235952716
2023-07-26,0.02335623117115578,False,0.03670861233495463,0.04205575472869499,0.025954972088772687,0.032548582116230254
2023-07-27,-0.006496280436790647,False,0.03731646263418203,0.04275214724995979,0.026384755089193444,0.033087547337749636
2023-07-28,-0.001134108428901019,False,0.03704086642747246,0.04243640645410029,0.026189893682075985,0.03284318327181445
2023-07-31,0.006503628183101025,False,0.03648409035930495,0.04179852786724445,0.025796222922279285,0.03234950425693528
2023-08-01,-0.001410238563998119,False,0.03614468281023675,0.04140968068047439,0.02555624344873227,0.03204856031547238
2023-08-02,0.005348358984134868,False,0.035648488041101725,0.04084120793849244,0.025205406940231746,0.03160859717980635
2023-08-03,-0.020133956744570882,False,0.03532238730728686,0.04046760589783163,0.02497483610396416,0.03131945204907012
2023-08-04,0.0054278093548754455,False,0.035816809202110486,0.04103404752061669,0.025324419094547704,0.03175784322269684
2023-08-07,-0.009733830074628877,False,0.03550284880355894,0.040674354231327335,0.025102432131187992,0.03147946261489138
2023-08-08,-0.04200940807754297,False,0.03547538276017653,0.04064288735992076,0.02508301215467473,0.03145510918087206
2023-08-09,-0.004209266587765034,False,0.037285385177840066,0.04271654291085856,0.026362781648612645,0.0330599917567737
2023-08-10,-0.011210540069938378,False,0.036894958464820174,0.04226924487811163,0.026086728869862054,0.03271381043525867
2023-08-11,0.00455997142169484,False,0.03684125825451671,0.04220772245245318,0.026048759920045322,0.032666195840384514
2023-08-14,0.007252978305015577,False,0.0364506364275805,0.04176020088461496,0.02577256918521494,0.03231984151637978
2023-08-15,0.005704864593999427,False,0.03618567195747532,0.04145664049216855,0.025585224990252065,0.032084904337757805
2023-08-16,0.009535233151000005,False,0.03588254207316605,0.04110935533877939,0.02537089578557581,0.03181612686828293
2023-08-17,0.012085629784960899,False,0.035783676527633805,0.040996088591017756,0.02530099250371333,0.03172846533267761
2023-08-18,-0.013866574155955751,False,0.035830820518818716,0.04105009978904706,0.025334325852416146,0.0317702666967381
2023-08-21,-0.0032733253449691376,False,0.035993062106271435,0.04123597421945174,0.025449039419781477,0.03191412213817205
2023-08-22,-0.007779811830757209,False,0.03560227667765245,0.04078826521897017,0.02517273300972286,0.031567622752764354
2023-08-23,-0.0018039692204306357,False,0.03548250267023867,0.040651044388264175,0.025088046315738927,0.031461422221942724
2023-08-24,0.011965443385675427,False,0.035000246728936556,0.04009854086678006,0.024747065311555818,0.03103381828629722
2023-08-25,0.019726828419716007,False,0.035079884486462,0.040189779020025206,0.024803373508524004,0.031104431036970474
2023-08-28,0.003492436611499202,False,0.03538683273059379,0.040541438732787434,0.025020402499880134,0.03137659414786102
2023-08-29,0.03230236546585649,False,0.03494389902960933,0.04003398530688014,0.024707224443969767,0.030983856231020443
2023-08-30,0.014244061525921331,False,0.036177466260693895,0.04144723951650463,0.025579423119318146,0.03207762855753834
2023-08-31,-0.0011098780273611913,False,0.03632583869342721,0.041617224548425605,0.02568433044502137,0.03220918657630895
2023-09-01,-0.007803830016528031,False,0.03566285198161347,0.04085766419550339,0.02521556302217964,0.031621333316301875
2023-09-05,-0.003924871873297245,False,0.03554526998162501,0.04072295466993205,0.025132426195867724,0.031517076382068195
2023-09-06,0.004763915412941549,False,0.0352219950287882,0.04035259002627895,0.0249038533394133,0.03123043679862336
2023-09-07,-0.0011188812356079751,False,0.03490019161215408,0.03998391126944309,0.024676320938553323,0.030945101988469684
2023-09-08,0.010025146619378865,False,0.03439761664692677,0.03940812896316789,0.02432097328672804,0.03049948169707866
2023-09-11,0.0005540166346692684,False,0.03420456143959305,0.03918695246173439,0.024184472825413476,0.030328304611670725
2023-09-12,0.04362062247589035,False,0.033665222421542636,0.038569050884530255,0.023803131002079144,0.029850086580508996
2023-09-13,0.02020800953039792,False,0.035745909757384405,0.040952820542309976,0.025274289356812488,0.03169497850916299
2023-09-14,0.0010386913424115715,False,0.036070697902629296,0.04132491879681687,0.025503932122049034,0.031982959801384575
2023-09-15,-0.02523129905218866,False,0.03552801669222816,0.04070318818841768,0.025120227188162154,0.03150177833425357
2023-09-18,-0.036870535808327685,False,0.03634082429557574,0.04163439302111723,0.02569492607533148,0.03222247392418366
2023-09-19,0.005782750521912127,False,0.037749861611887224,0.04324867708169851,0.0266911915806358,0.03347183106076837
2023-09-20,-0.019967385513868497,False,0.03746543162910178,0.04292281574201171,0.02649008421659151,0.03321963431286258
2023-09-21,0.006978395381462278,False,0.037800029130158376,0.043306152227435626,0.026726662726333422,0.03351631330850676
2023-09-22,-0.003622687534489997,False,0.03755037172053932,0.043020128591092874,0.026550141450091998,0.03329494850659696
2023-09-25,-0.024301845845230974,False,0.03716838440776138,0.04258249927977278,0.026280055783247647,0.03295625018414711
2023-09-26,0.0011435107020790205,False,0.037723829452851375,0.043218852960713476,0.02667278543782057,0.03344874901510808
2023-09-27,-0.024292692569044587,False,0.03719631985076192,0.042614503925667534,0.026299807650650063,0.03298101982273109
2023-09-28,0.012509254028708332,False,0.03782940553208878,0.04333980772885103,0.02674743342954647,0.033542360608300785
2023-09-29,-0.01192394526163249,False,0.037800055629629806,0.04330618258693984,0.026726681462891345,0.0335163368049063
2023-10-02,0.024278649170260895,False,0.03781867827481247,0.043327517890793206,0.026739848679116378,0.03353284902526534
2023-10-03,-0.02135723312812675,False,0.03841328202004324,0.04400873430513249,0.027160265650221782,0.03406006886816398
2023-10-04,0.0008747631407794009,False,0.03887893482470073,0.044542216202043,0.027489507339819388,0.0344729512297131
2023-10-05,-0.009076332254196942,False,0.03833731122398034,0.043921697259530997,0.02710655019311373,0.033992707517875774
2023-10-06,0.01546798678573961,False,0.038156932960150866,0.04371504428249169,0.02697901301572342,0.033832770752119955
2023-10-09,-0.005226492733542583,False,0.038199023512189755,0.04376326593458769,0.027008773309939994,0.03387009136170483
2023-10-10,0.011289742144600533,False,0.03792199844480913,0.043445888143753414,0.026812901621134484,0.03362446036177443
2023-10-11,-0.01216348619319735,False,0.03779187127953882,0.04329680606742176,0.02672089468522081,0.033509079952248035
2023-10-12,0.01675855458861985,False,0.03771815908098696,0.04321235661685351,0.02666877617857288,0.033443721242263545
2023-10-13,0.002575477171215241,False,0.037903031657359885,0.043424158568315406,0.02679949107773483,0.03360764299932172
2023-10-16,0.02595350185839477,False,0.037416430005155,0.04286667632003604,0.026455437421168192,0.033176185833625416
2023-10-17,0.012178395741536901,False,0.03806961473804308,0.04361500689347783,0.026917274315361523,0.033755347931104955
2023-10-18,0.0010998076445401382,False,0.03799958576399918,0.04353477718254735,0.026867760047425436,0.03369325504152948
2023-10-19,0.002470153582062117,False,0.03744625811760989,0.04290084933017262,0.026476527508125527,0.033202633653519865
2023-10-20,0.012530809564963179,False,0.03696806280010952,0.042352997921307034,0.026138417584343817,0.03277863016852742
2023-10-23,0.017443082804992648,False,0.036990941238637595,0.042379208936600465,0.02615459387638157,0.03279891589135255
2023-10-24,-0.008012863385357148,False,0.037229303781642666,0.04265229244500603,0.026323129071726296,0.03301026582563068
2023-10-25,0.0016077173880968793,False,0.03710307439412158,0.04250767591434832,0.0262338780752572,0.03289834147535228
2023-10-26,0.019881370553828995,False,0.03662115318344141,0.0419555558818615,0.02589313374370749,0.03247103433673728
2023-10-27,0.010963304797269594,False,0.03701586437548182,0.042407762490208716,0.02617221588059284,0.03282101459556851
2023-10-30,-0.0067726229178179725,False,0.03698180723260408,0.04236874442996288,0.026148135640654886,0.03279081700320284
2023-10-31,-0.00235509725496841,False,0.036698291655083565,0.04204393069194496,0.02594767481053328,0.03253943103491959
2023-11-01,-0.006043902250270196,False,0.03624447830934356,0.04152401284305159,0.025626804258012326,0.03213704641698636
2023-11-02,0.01854081052656271,False,0.0360263375971286,0.04127409676871066,0.02547256698951245,0.03194362665980146
2023-11-03,0.008501919045983852,False,0.03635860751944767,0.041654766629757596,0.025707499775340426,0.03223824185126315
2023-11-06,0.004096267888515355,False,0.03620571125732467,0.04147959880701056,0.02559939385786064,0.03210267266936204
2023-11-07,-0.007951818224354255,False,0.03583886726834351,0.04105931866447853,0.025340015339052575,0.03177740154251454
2023-11-08,0.008462673918733728,False,0.035643004524855186,0.04083492566848422,0.025201529798000694,0.03160373508703075
2023-11-09,0.00839165763624838,False,0.03550147497489754,0.040672780284573495,0.025101460760103847,0.031478244476363264
2023-11-10,0.010579443762084513,False,0.03528345781305491,0.04042300575751056,0.024947310848391968,0.031284934268114795
2023-11-13,0.01492193815395659,False,0.035220704132964166,0.040351111092734405,0.02490294060632558,0.031229292194508422
2023-11-14,-0.026261356620129878,False,0.035208539576753205,0.040337174592282594,0.024894339607899194,0.031218506195486533
2023-11-15,-0.0017755236116547223,False,0.036118397193432725,0.04137956618191706,0.02553765809758199,0.03202525353533003
2023-11-16,0.01636697746420541,False,0.035749080638419306,0.04095645330820864,0.025276531341009732,0.031697790047796034
2023-11-17,0.01953815088446453,False,0.03595212822818872,0.041189077727668486,0.025420096956540763,0.031877827121625145
2023-11-20,-0.012073572805418646,False,0.036394139257592356,0.04169547408148206,0.025732622633796526,0.03226974692931355
2023-11-21,0.04673408205263276,False,0.03648585995926266,0.041800555235130495,0.025797474125051307,0.03235107331568941
2023-11-22,-0.012857319975237317,False,0.03832323248565323,0.04390556774854399,0.02709659576451831,0.03398022426281967
2023-11-24,0.010962931532786038,False,0.03839209877402505,0.04398446541175211,0.027145287950870612,0.034041286228923356
2023-11-27,0.00967102713907744,False,0.03827640277413511,0.04385191660957827,0.027063484628518746,0.033938701562453925
2023-11-28,0.025493848826219766,False,0.038120121628890655,0.043672870846334796,0.026952985415805143,0.033800131091775466
2023-11-29,0.015440815402903431,False,0.03868456133061135,0.04431952938624641,0.027352074778548657,0.03430060525335587
2023-11-30,0.008302527216416434,False,0.03864408689150807,0.04427315925740098,0.027323457163487413,0.034264717609531564
2023-12-01,-0.017356459594249245,False,0.03807458870334157,0.04362070538904377,0.026920791177544024,0.033759758218164675
2023-12-04,-0.029301900273240034,False,0.038141851119732104,0.043697765553028386,0.026968349339757017,0.033819398072247056
2023-12-05,-0.015335914578821398,False,0.039132404747628795,0.04483260769961573,0.027668724268939775,0.03469769648908546
2023-12-06,0.008287013211945513,False,0.039383985675856444,0.045120835042981804,0.027846605576754786,0.03492076682545711
2023-12-07,0.023075257619859766,False,0.038986280008509816,0.044665197770520415,0.027565406184052628,0.03456813144241389
2023-12-12,0.005500816071034801,False,0.039468126112457064,0.0452172317558881,0.027906097411084543,0.03499537198582115
2023-12-13,0.004561011327562667,False,0.03909713403890516,0.044792199300037625,0.027643785972386366,0.03466642285910692
2023-12-14,-0.029556526931277388,False,0.03877044967505858,0.044417928615156706,0.02741280247815598,0.03437676023863723
2023-12-15,-0.005404783454126221,False,0.039567124253995244,0.04533065041418922,0.02797609444548666,0.03508315109089349
2023-12-18,0.0063417711075926505,False,0.03930521140427592,0.045030586154947226,0.02779090791099914,0.0348509197055554
2023-12-19,0.004205613675414045,False,0.038917774010337136,0.04458671287901032,0.02751696874233565,0.034507388936360225
2023-12-20,0.004652253098957557,False,0.03852376001382786,0.044135305022846606,0.027238379560356518,0.03415802686286897
2023-12-21,-0.004885434865200053,False,0.03791003887465438,0.04343218648855327,0.026804445558924122,0.03361385611861468
2023-12-22,0.005349471996496742,False,0.03768197853803807,0.043170905852484495,0.026643194580068787,0.03341164088568574
2023-12-26,-0.006516197131763613,False,0.03728330979835401,0.04271416522221595,0.02636131424319446,0.0330581515711789
2023-12-27,-0.0007006890395284559,False,0.037079932628062945,0.04248116321404599,0.026217515596429174,0.0328778222667807
2023-12-28,-0.00562325755436212,False,0.0365673393800836,0.041893903316670984,0.02585508447746452,0.03242331902182437
2023-12-29,-0.014198061505292538,False,0.0362195370429815,0.041495438519098,0.02560916943525251,0.03211493163779338
2024-01-02,0.018652411854672896,False,0.03636309941440149,0.04165991283443352,0.025710675787745586,0.03224222469895099
2024-01-03,-0.00869264254261621,False,0.036539720220469585,0.04186226102543042,0.025835556239503465,0.03239882982358186
2024-01-04,0.005177700435171679,False,0.036495603932365325,0.04181171855939755,0.0258043636404491,0.03235971304594607
2024-01-05,-0.013232707266574306,False,0.036223282833372304,0.0414997299382479,0.025611817911423616,0.032118252933761006
2024-01-08,-0.02651396577560692,False,0.03636292762333683,0.0416597160195059,0.025710554322181934,0.032242072376233805
2024-01-09,0.01647324073234484,False,0.03722104116761506,0.042642826261272575,0.026317286957224392,0.03300293957835338
2024-01-10,0.010516349309065334,False,0.03739961144955476,0.04284740789760806,0.026443545793743143,0.03316127325308339
2024-01-11,0.016038079616447938,False,0.03720119834719523,0.042620093045941866,0.02630325701118721,0.032985345460004284
2024-01-12,0.01139944878853882,False,0.03745425069957303,0.04291000614775058,0.026482178695369483,0.033209720470313
2024-01-16,0.02422421925556644,False,0.03677511399124903,0.042131943316829276,0.026001992352497956,0.03260754742390826
2024-01-17,0.004280732007220087,False,0.037325993687795773,0.042763066639922784,0.026391494059009684,0.03309599827777348
2024-01-18,0.002245678015395903,False,0.03693168844716472,0.04231132511570209,0.02611269895170211,0.03274637796561259
2024-01-19,0.02765357056330997,False,0.036598505693230386,0.041929609455860856,0.025877120744606782,0.032450953389843024
2024-01-22,-0.003935291480055193,False,0.037133256420863216,0.04254225439152634,0.02625521839873534,0.03292510310193926
2024-01-23,0.015001911963252696,False,0.03693740575972795,0.04231787523785524,0.026116741400559817,0.03275144735956708
2024-01-24,0.03206559889473304,False,0.03708407727074149,0.04248591158411067,0.026220446082715555,0.03288149721481018
2024-01-25,-0.03400965394052906,False,0.037960179757029526,0.043489631118489386,0.026839897871604276,0.03365831474898938
2024-01-26,0.010110874561537402,False,0.0392433830424654,0.04495975159449438,0.02774719191894682,0.034796098087861466
2024-01-29,0.012760700590214488,False,0.038801487052787416,0.04445348703761288,0.02743474758099207,0.03440428028293805
2024-01-30,0.0153090963061154,False,0.03883065656961126,0.044486905518101985,0.027455372005257894,0.03443014414303084
2024-01-31,0.0035317373367234482,False,0.03906231296288349,0.04475230602869318,0.027619165590444472,0.03463554790687704
2024-02-01,0.027410184007916606,False,0.037969269418541396,0.04350004482118188,0.026846324753358464,0.03366637431799265
2024-02-02,0.01063733060858379,False,0.03856747199731747,0.04418538429142722,0.02726928629420593,0.03419678515400492
2024-02-05,0.035304706010122845,False,0.03853568629400671,0.044148968538902475,0.027246812084755438,0.03416860158866357
2024-02-06,0.005956401508944859,False,0.03953534163404813,0.0452942381941648,0.027953622416140838,0.03505497025949135
2024-02-07,0.03575169096384288,False,0.039154840928335925,0.04485831203581503,0.027684587860805316,0.03471759007327919
2024-02-08,0.0704705222914646,False,0.04008609849859178,0.045925220792990454,0.028343037273790433,0.035543312201379657
2024-02-09,0.014196766276720256,False,0.04395383036447976,0.05035634396441185,0.031077732655625637,0.03897273053764679
2024-02-12,-0.0047667778376538185,False,0.04378935177570904,0.050167906680966066,0.030961437407475395,0.03882689160469787
2024-02-13,0.023776518418454563,False,0.04237461035634717,0.048547087631901825,0.029961138793152587,0.03757247678669385
2024-02-14,-0.008702983801607228,False,0.042753624602819125,0.04898131080663971,0.030229122341499895,0.0379085389677414
2024-02-15,0.002015114032020891,False,0.04254186555938105,0.048738705983794504,0.03007939725759235,0.03772077767207304
2024-02-16,-0.04371999944648129,False,0.04193804782770832,0.04804693343210137,0.029652465500290576,0.03718538802445426
2024-02-20,0.05007453587964784,False,0.04360575970106239,0.04995757175489969,0.030831627892212506,0.03866410523557557
2024-02-21,0.03263387069460047,False,0.04590349606588702,0.05259000678427432,0.032456251636422885,0.040701448953979445
2024-02-22,-0.0046899091380548635,False,0.04687344094094582,0.05370123821393489,0.033142055063969694,0.04156147411989959
2024-02-23,0.06175868431140824,False,0.04619276358282231,0.05292141031520062,0.032660779398456935,0.04095793501895555
2024-02-26,0.047904443810383016,False,0.05013079932508898,0.05743307814340392,0.035445183419030406,0.044449689993625724
2024-02-27,-0.01891690693713081,False,0.052923109829352784,0.06063212921681798,0.03741949779899248,0.04692555987703997
2024-02-28,-0.057114874055463706,False,0.053075524542451326,0.06080674534593308,0.03752726323529648,0.04706070208181042
2024-02-29,0.020171358863779413,False,0.05778410745971481,0.06620120173347663,0.04085648573709271,0.05123568141187065
2024-03-01,0.04739939426403749,False,0.05768932339131634,0.06609261098925616,0.040789468280063974,0.051151638817031386
2024-03-06,0.028290429839096576,False,0.06001659075315204,0.06875887863414507,0.04243497203456137,0.053215166910709884
2024-03-07,-0.016310822797668736,False,0.06039512912495136,0.06919255661615453,0.04270261911380618,0.053550807145928525
2024-03-08,-0.008113346050100624,False,0.05999693494284901,0.06873635966967005,0.04242107431477991,0.053197738609419946
2024-03-13,-0.001741077420292917,False,0.05880451317592209,0.06737024435848778,0.041577967705458074,0.0521404489073779
2024-03-14,-0.08152708821732833,False,0.05697410229035589,0.06527320754996739,0.04028376832215374,0.05051747066805713
2024-03-15,0.07953356650055315,False,0.06504324059295491,0.07451773300981114,0.04598908503403,0.057672167997742704
2024-03-18,0.019024662735060476,False,0.07295630895072844,0.08358345467123804,0.0515840518632989,0.06468848212272754
2024-03-19,-0.01790281780593583,False,0.07192538994375544,0.0824023673420087,0.05085513643038589,0.06377439276278485
2024-03-20,0.03633204938194809,False,0.07112992428814553,0.08149103056353901,0.050292699237158824,0.0630690738317392
2024-03-21,0.027840452368084558,False,0.07213362621242977,0.08264093624679533,0.051002370722218984,0.06395903050470435
2024-03-22,0.04344036520624281,False,0.07201221359614246,0.08250183812004085,0.05091652544323628,0.06385137706155276
2024-03-25,0.07643055693253126,False,0.07404014480911165,0.08482516695963543,0.05235038236897047,0.06564949149336806
2024-03-26,-0.0028021397609848332,False,0.08106426780447941,0.09287245545918142,0.05731681680210421,0.07187760063634231
2024-03-27,0.02270839936981225,False,0.07807848822504065,0.0894517537306322,0.05520570933390478,0.06923018670155333
2024-03-28,-0.00785357700760576,False,0.07738270853779465,0.08865462362925372,0.054713755505805185,0.06861325675392993
2024-04-01,0.035606698219851046,False,0.07528182873868132,0.0862477201827334,0.05322831998864917,0.06675046068760582
2024-04-02,-0.01704162025209678,False,0.07598551505402887,0.08705390862740026,0.05372586422996895,0.06737440123894471
2024-04-03,-0.043657114982606264,False,0.07489577588931913,0.08580543313039418,0.05295535976780079,0.06640815755846508
2024-04-04,-0.006531151415659997,False,0.0770197766266409,0.08823882541548782,0.054457143037369524,0.06829145436584183
2024-04-05,0.03458827418754784,False,0.07499186875572884,0.08591552331805993,0.053023302615730766,0.06649336063082807
2024-04-08,0.010157527658024952,False,0.07574065690485889,0.086773383333476,0.053552736290143135,0.06715729181779946
2024-04-09,0.03075022122503588,False,0.07377314288432474,0.08451927232764915,0.052161597583474946,0.06541274775609954
2024-04-10,0.020083139213050823,False,0.07379930183192138,0.08454924170578981,0.05218009337265235,0.06543594222191464
2024-04-11,-0.0036566630429248448,False,0.07286518528287429,0.08347905751804997,0.05151962250720665,0.06460768511087595
2024-04-12,0.05750647926905293,False,0.07025134498682496,0.08048447343005505,0.049671496206233165,0.06229006016939428
2024-04-15,0.001273422038554856,False,0.0740999995933537,0.0848937404622907,0.05239270293506015,0.06570256319060833
2024-04-16,-0.07139163230290106,False,0.07149901100052934,0.0819138801147015,0.05055366348257479,0.06339633352372691
2024-04-17,0.009425323625885433,False,0.07795031970530474,0.08930491560499647,0.05511508726619896,0.06911654297263013
2024-04-18,0.08975583446896103,False,0.07603271023002739,0.08710797846605449,0.05375923376910024,0.06741624798726256
2024-04-19,0.048912246044424436,False,0.08505597775089013,0.09744561591870902,0.06013917138473474,0.07541694714689418
2024-04-22,-0.061814502705499805,False,0.0874144514159107,0.10014763551795557,0.06180673968149176,0.0775081450667292
2024-04-23,-0.05353002007551411,False,0.09181001518424595,0.10518347697250764,0.06491464073426259,0.08140557837080846
2024-04-24,0.04245331625233912,False,0.09468662549395018,0.10847910734205334,0.06694855963093399,0.08395619472283675
2024-04-25,-0.004992974831966317,False,0.09580734022176278,0.10976307044269179,0.06774096548965816,0.08494990363817874
2024-04-26,-0.0238534125784183,False,0.09278207641715218,0.10629713303826553,0.06560194054114292,0.08226748005678217
2024-04-29,-0.07206670930032104,False,0.09170581781713535,0.10506410174593699,0.06484096756649471,0.08131318924618702
2024-04-30,0.014913778111892307,False,0.09753909151253431,0.11174707645390344,0.06896540720939791,0.08648540295311448
2024-05-01,-0.09844347583479532,False,0.09532546147503763,0.10921099905965162,0.06740025118241877,0.08452263415126014
2024-05-02,-0.07928978780578746,False,0.10463782544096611,0.11987984405226115,0.07398459560303346,0.09277966769084249
2024-05-03,0.002590065022227485,False,0.11035883760942532,0.12643420471185748,0.07802966028150657,0.09785234199010315
2024-05-06,0.007730186068920649,False,0.10658907881608158,0.12211532581356038,0.07536423715491584,0.09450979385660446
2024-05-15,0.03536317296496345,False,0.10355408325298716,0.1186382390787225,0.0732183313273982,0.09181874137533949
2024-05-16,-0.20399754594369449,False,0.10361433610705065,0.11870726863584864,0.0732609333503572,0.09187216603084888
2024-05-17,-0.006105439222083772,False,0.12980046198405687,0.14870778396803544,0.09177593904027809,0.11509073012792
2024-05-20,-0.018127384592556715,False,0.12545229543040143,0.14372624382068638,0.08870155037890126,0.1112353227146592
2024-05-21,0.024368077754117628,False,0.12276812573621322,0.1406510858365344,0.08680369739392624,0.10885533850528636
2024-05-22,0.019022676759621784,False,0.1208044419377101,0.13840136298019204,0.08541526686116019,0.10711419060291717
2024-05-23,0.07328301868835824,False,0.1183450737118996,0.13558375206239268,0.08367636065913676,0.10493353207185044
2024-05-24,0.02255780586176941,False,0.12268722039570575,0.14055839545844068,0.0867464929473091,0.10878360182139538
2024-05-28,0.056944045822835763,False,0.12050189635330855,0.13805474723847613,0.08520135078808524,0.10684593121713756
2024-05-29,0.058505266487327526,False,0.12268778822371654,0.14055904599884605,0.08674689443238941,0.10878410529988344
2024-05-30,-0.005601652049278656,False,0.12491206463031426,0.14310732056044323,0.08831957801748878,0.11075631396330932
2024-05-31,0.0079621681668108,False,0.12089996993537652,0.13851080601778015,0.08548281031637184,0.10719889282069846
2024-06-03,0.04648591561954456,False,0.11721632107815944,0.13429058021811835,0.08287827156667718,0.10393269615212215
2024-06-04,-0.022554235587386878,False,0.11816938137876302,0.13538246758989114,0.08355213668790185,0.10477775020028011
2024-06-05,-0.015713479127771546,False,0.11649907103606047,0.1334688522929541,0.0823711370377693,0.10329672899324109
2024-06-06,0.048142076006761,False,0.11418061029986973,0.1308126740866071,0.08073186004337728,0.10124100950794464
2024-06-07,0.006160080070186996,False,0.11544675259868774,0.13226324839556872,0.08162709105146808,0.10236366530892865
2024-06-10,-0.025077766788971067,False,0.11181383955271071,0.12810114881473542,0.07905842526130184,0.0991424547788452
2024-06-11,0.022759567897648745,False,0.1107713608000085,0.12690681789496452,0.0783213364636477,0.09821811568977418
2024-06-12,0.06153831360990295,False,0.1092482065336874,0.1251617940936325,0.07724438410956443,0.09686757398962305
2024-06-13,0.02538896969931715,False,0.11222739020520804,0.1285749391245031,0.07935082791452448,0.0995091395025609
2024-06-14,-0.0489104304205541,False,0.11094217403112783,0.12710251255339566,0.0784421106461649,0.09836957138711558
2024-06-17,-0.06367107803340397,False,0.11276522807689057,0.1291911208915743,0.0797311083462779,0.0999860265058598
2024-06-18,0.02847566998297,False,0.11616496100247538,0.13308607428171695,0.08213490319386496,0.10300048222246229
2024-06-20,-0.03481104974407501,False,0.11500783671734731,0.13176039804307513,0.08131675381110712,0.10197448988939575
2024-06-21,-0.06488587603355739,False,0.11494235110913066,0.1316853735051741,0.08127045194826442,0.10191642548540734
2024-06-24,-0.1199811139192816,False,0.11832362637494301,0.13555918060939412,0.08366119623322474,0.10491451526996927
2024-06-25,-0.001379743084985911,False,0.12868232484346848,0.14742677391762685,0.09098535567497454,0.11409930669285341
2024-06-26,-0.021568966070766048,False,0.12419399383265295,0.14228465232475165,0.08781186317005732,0.11011961906158754
2024-06-27,-0.05266453172173226,False,0.12220877279569026,0.1400102550184485,0.08640820464615974,0.1083593746439875
2024-06-28,0.04390497551900335,False,0.1240184314598152,0.14208351674315353,0.08768773108777472,0.10996395242247059
2024-07-01,-0.050007103071347966,False,0.12435600789914673,0.14247026609246616,0.08792641586781295,0.11026327276604087
2024-07-02,0.05568380519469669,False,0.12568253509487343,0.14399002123535676,0.08886434226028787,0.11143947030152793
2024-07-08,-0.003633064849881094,False,0.1273882382059778,0.14594418477131452,0.09007036650976054,0.11295187336572178
2024-07-09,0.04200159229472132,False,0.12332758344772478,0.1412920366870247,0.08719926422044189,0.10935139526432523
2024-07-16,-0.017041465854851702,False,0.12368660511140933,0.1417033550690009,0.08745311193266728,0.10966973053658544
2024-07-17,-0.06929339740957395,False,0.12116777440261678,0.138817620094181,0.08567216254273892,0.10743634815171252
2024-07-18,0.03853676266842197,False,0.12484842779921523,0.14303441410089113,0.08827458333994767,0.11069988882242567
2024-07-19,-0.04811488404192155,False,0.12466215576477384,0.14282100883997303,0.08814287894832615,0.1105347262019035
2024-07-22,0.08820284621195786,False,0.12573066530671595,0.14404516231140235,0.0888983729202758,0.111482146122072
2024-07-23,-0.0134262386067915,False,0.131331985365978,0.15046239596817373,0.09285880881122865,0.1164486925075526
2024-07-24,-0.007145915468416827,False,0.12816275668153398,0.1468315231088037,0.09061799291502669,0.11363861897114401
2024-07-25,-0.05265687421939791,False,0.12440588938840945,0.14252741354491663,0.08796168477554901,0.11030750139921645
2024-07-26,0.029415742059613947,False,0.1262257035708274,0.14461231008661166,0.08924839171724494,0.11192108381448825
2024-07-29,-0.04088420098352669,False,0.12491869421612006,0.1431149158416829,0.08832426549281418,0.11076219224647697
2024-07-30,0.05300256370277612,False,0.12508060680304783,0.1433004133478591,0.08843874643903425,0.11090575597161
2024-07-31,-0.005422739440759779,False,0.126460861884933,0.1448817226236533,0.08941466134965055,0.11212959264143976
2024-08-01,-0.06774021383675788,False,0.12280263919518938,0.1406906266819441,0.08682810027399807,0.10888594070139636
2024-08-02,-0.005569567506992604,False,0.12651568742168723,0.14494453429589974,0.08945342596606327,0.11217820503432535
2024-08-05,0.0494231957788478,False,0.12264993728080781,0.14051568151650892,0.08672013177087103,0.10875054384263738
2024-08-06,0.039945772248162155,False,0.12378531191936931,0.14181643995675802,0.08752290297849044,0.10975725132366944
2024-08-07,0.043197863813610356,False,0.1234137335459358,0.1413907357979351,0.08726017699410134,0.10942778233993453
2024-08-08,-0.04868534785991831,False,0.12388269260667165,0.14192800555512847,0.0875917563853655,0.10984359627368478
2024-08-09,0.10660698720536184,False,0.12521327154135362,0.14345240263158424,0.08853254757617536,0.11102338638186011
2024-08-12,-0.041174698319141716,False,0.13319007433843963,0.15259114257883027,0.09417257809726554,0.11809621219442024
2024-08-13,0.014892561948627127,False,0.1331095209749411,0.1524988554483075,0.09411562251740913,0.11802478759948738
2024-08-14,-0.003277765014302584,False,0.1298087748708032,0.14871730774743902,0.09178181670030808,0.11509810095072355
2024-08-15,-0.04019480907680551,False,0.12560801042539707,0.14390464096567682,0.0888116492928029,0.11137339119447798
2024-08-16,0.01775540161195884,False,0.12587233721136537,0.1442074707860327,0.08899854261063038,0.11160776295498215
2024-08-19,0.06020908622936994,False,0.12229873631898908,0.1401133230351815,0.08647181371737503,0.10843914298551016
2024-08-20,0.03355264092787147,False,0.12499599119636481,0.14320347224944843,0.08837891863378536,0.11083072949015908
2024-08-21,0.010069311005540317,False,0.12382968833861259,0.14186728044580738,0.08755427950431358,0.10979659875289353
2024-08-22,0.011104882941936603,False,0.1197452293049968,0.13718786064781135,0.08466634630629707,0.10617501401297048
2024-08-23,0.013531728772770016,False,0.1152540067299245,0.13204242629236004,0.08149080930923473,0.1021927625060725
2024-08-26,0.005989561584139184,False,0.11167158257407708,0.12793817004159985,0.07895784189203205,0.09901631917588603
2024-08-27,-0.009661910911736859,False,0.10720218819203761,0.12281774347244086,0.07579773860670323,0.09505342216615331
2024-08-28,-0.005636704650125892,False,0.1033972234047721,0.11845853031601801,0.07310742294042019,0.0916796577836259
2024-08-29,-0.013450797724123104,False,0.09921806454329576,0.11367061628519694,0.07015253184798632,0.08797410514278126
2024-08-30,0.006851474949101738,False,0.0960603262250273,0.11005290753067548,0.06791984026143287,0.08517421981843576
2024-09-03,-0.00031041440572088995,False,0.09186498932725735,0.10524645889767037,0.06495351042332755,0.08145432252903895
2024-09-04,-0.04022711819818741,False,0.08713276534018254,0.09982491777523034,0.061607572407975444,0.07725838127061573
2024-09-05,0.027311617344086853,False,0.08870378826283552,0.10162478299773939,0.06271837048817018,0.07865136687676896
2024-09-11,0.04664713338140767,False,0.08742199249380829,0.10015627506334503,0.061812071630969044,0.07751483154648375
2024-09-12,-0.01463950857461146,False,0.08999342282486297,0.10310227155915334,0.0636302117955101,0.07979485266313058
2024-09-13,0.011074089327643472,False,0.08754323507771095,0.10029517839002915,0.06189779668786986,0.07762233422629444
2024-09-16,-0.2605700619352306,False,0.08398036688999098,0.09621332671810578,0.059378656396636566,0.07446323066990959
2024-09-17,-0.019107619738955375,False,0.12534313893900417,0.14360118710137051,0.08862437084234802,0.1111385364621214
2024-09-18,0.025140626934323836,False,0.12337562094205401,0.14134707153990492,0.08723322932413889,0.10939398887463571
2024-09-19,-0.008224153267623267,False,0.12186890410658963,0.13962087951990457,0.0861678991216969,0.10805802182152209
2024-09-20,-0.0119419903101529,False,0.11899178719767865,0.13632466875762186,0.0841336220320175,0.10550695628101099
2024-09-23,0.016576396133161322,False,0.11658651128486891,0.13356902948362942,0.082432962017601,0.10337426001219206
2024-09-24,0.010349546158841379,False,0.11447750775847422,0.1311528189709931,0.08094178258637598,0.10150426084589528
2024-09-25,0.011123866442644638,False,0.11196933468021385,0.12827929406534064,0.07916836871700805,0.09928032830781514
2024-09-26,0.02077576747435591,False,0.10944401736371691,0.12538612761421897,0.07738283294499633,0.09704119441477853
2024-09-27,0.01938730478745703,False,0.10797167109917676,0.12369931273785686,0.07634180459305398,0.09573570286261553
2024-09-30,-0.06989033620951841,False,0.10643640065822442,0.12194040786513234,0.07525628544893499,0.09437441806214444
2024-10-01,-0.0926072832160501,False,0.11029663803016047,0.12636294486073804,0.07798568181865917,0.09779719122344317
2024-10-02,0.0035453486756643724,False,0.11648659995088202,0.13345456461313993,0.08236231930680278,0.1032856712028701
2024-10-03,-0.004824757479085356,False,0.11314416214436233,0.1296252522080764,0.07999903520374042,0.10032201759425072
2024-10-04,0.005532321366243556,False,0.11029080258371197,0.12635625939678394,0.07798155584276245,0.09779201708321197
2024-10-07,-0.023038866904384777,False,0.10743140914232481,0.12308035378241373,0.07595981020212557,0.09525666648536389
2024-10-08,0.02034745653974506,False,0.10649316420817169,0.12200543985033324,0.07529642034537558,0.09442474884146701
2024-10-09,0.041808741567773346,False,0.10521467712009872,0.12054072255431598,0.07439246090435926,0.09329114723345801
2024-10-10,0.023925872476034657,False,0.10617255138752305,0.12163812511707553,0.0750697297601988,0.09414046970214192
2024-10-11,0.02751024942033691,False,0.10506564655473397,0.12036998352318974,0.07428708824333026,0.09315900566541556
2024-10-14,-0.016152493941196968,False,0.10439700367047376,0.1196039430941769,0.07381432160099645,0.09256613722282253
2024-10-15,0.04204514636193468,False,0.10275297131892895,0.11772043355936482,0.07265190191027028,0.09110841603446149
2024-10-16,-0.022538676108409306,False,0.10356991160352365,0.11865637305834145,0.07322952282634776,0.09183277596652754
2024-10-17,0.0007723996264548638,False,0.10263270789086616,0.11758265201678593,0.07256686916944674,0.0910017815469422
2024-10-18,-0.042184823835637014,False,0.09938855125050862,0.11386593685677353,0.07027307516046134,0.08812527131977561
2024-10-21,-0.0075451718770280195,False,0.10048646831279785,0.1151237814808842,0.07104936183802582,0.0890987661316376
2024-10-22,-0.03495608416294711,False,0.09815028726436059,0.11244730174151393,0.0693975556255428,0.08702733450138132
2024-10-23,-0.01965978035643253,False,0.09858495785504653,0.11294528841512781,0.06970489121606092,0.08741274573091395
2024-10-24,-0.035621997049506915,False,0.09743108591532086,0.11162333827322014,0.06888904141720921,0.0863896371688392
2024-10-25,0.0020700879786300914,False,0.09797902131879754,0.11225108842420697,0.06927646134945616,0.08687547739379013
2024-10-28,0.021481062694263985,False,0.09507569065211445,0.10892484548971022,0.06722364971684422,0.08430116878869147
2024-10-29,0.049361402016051145,False,0.09426232267296937,0.10799299865434163,0.06664855461371197,0.08357997632795912
2024-10-30,0.016919492168250817,False,0.09608064310859948,0.11007618386334003,0.06793420539572982,0.08519223427638531
2024-10-31,-0.007741974153615397,False,0.09449283145493487,0.10825708438737601,0.06681153677570545,0.08378436253438545
2024-11-01,0.0009540034795100827,False,0.09234338342116233,0.1057945380376101,0.06529176089276612,0.08187850226395521
2024-11-04,-0.0017724457568151616,False,0.08925051329688385,0.1022511464714161,0.06310493462384156,0.07913613389828822
2024-11-05,-0.010563236982373528,False,0.08671017350756792,0.09934076930618384,0.06130877715196378,0.076883679965102
2024-11-06,-0.04614575307549286,False,0.08493065617605786,0.09730203943683963,0.06005056226088083,0.07530582773077067
2024-11-07,0.061066295426822036,False,0.08739416596654927,0.10012439519835098,0.061792396772880016,0.07749015848068558
2024-11-08,-0.03357364442365082,False,0.09091178729319745,0.10415440914690537,0.06427954508889216,0.08060914280947178
2024-11-11,0.02511404969712174,False,0.09164153431543408,0.10499045441881981,0.06479551565790169,0.08125619071911792
2024-11-12,0.07507645733284952,False,0.0910530745399416,0.10431627693262133,0.06437944280532673,0.08073441857611385
2024-11-13,0.036934953122113395,False,0.09589385419588191,0.10986218643331978,0.06780213554324291,0.08502661335319393
2024-11-14,0.062100785643411156,False,0.09650814770989095,0.11056596071715434,0.06823647424460637,0.08557129160748883
2024-11-15,-0.009136708445292714,False,0.0996341502551979,0.11414731092258067,0.07044672692516372,0.08834303763844906
2024-11-18,-0.023868042684583465,False,0.09743954461677452,0.11163302910736045,0.06889502217611489,0.08639713728179223
2024-11-19,0.02002658519303141,False,0.09686756659964045,0.11097773418693956,0.06849060281711966,0.08588997908988097
2024-11-20,-0.027671151805129954,False,0.0956487940275675,0.10958142969322941,0.06762886476496797,0.08480932480687088
2024-11-21,0.012984874800052329,False,0.09540021737061054,0.10929664423686644,0.06745310763924588,0.08458891828054088
2024-11-22,0.0516660500919225,False,0.09352412963676511,0.10714727708388948,0.06612661225653484,0.08292543955502739
2024-11-25,-0.003828833506369426,False,0.09563148885042745,0.10956160376576862,0.06761662906982475,0.08479398075152934
2024-11-26,0.018999230411445647,False,0.09339826400203324,0.10700307729189641,0.0660376184529393,0.08281383773498852
2024-11-27,-0.021145275172506573,False,0.09215389092844152,0.10557744321190332,0.0651577794631571,0.08171048414593284
2024-12-11,0.00681221152026447,False,0.09139642665972197,0.10470964327410275,0.0646222113034711,0.08103886006694111
2024-12-16,0.05566170160300891,False,0.08916936328427838,0.10215817578118065,0.06304755718083283,0.07906418026994287
2024-12-17,-0.004748588588914066,False,0.09194720175892795,0.10534064676373404,0.06501163905401208,0.08152721817703534
2024-12-18,0.06578614881622961,False,0.08950582131608462,0.10254364381067271,0.06328545118632915,0.07936250895033493
2024-12-19,-0.037131373269952216,False,0.09335135588525943,0.10694933632681106,0.06600445188018816,0.08277224551469976
2024-12-20,-0.012717847323540853,False,0.09425041505025358,0.10797935651347923,0.06664013528114741,0.083569418145257
2024-12-23,-0.01755319330173468,False,0.09280274839824249,0.10632081619355772,0.0656165567485692,0.0822858093705651
2024-12-27,-0.08543796809366379,False,0.09169892935059139,0.10505620987422072,0.0648360970485015,0.08130708142012934
2024-12-30,0.1280467031584439,False,0.09812377274574895,0.11241692499827707,0.0693788084284482,0.08700382475989535
2025-01-03,0.009027994279043309,False,0.10881048503245647,0.12466031210005372,0.0769348913604668,0.09647945759620415
2025-01-06,0.012292880867573018,False,0.10606574581425142,0.1215157617612455,0.0749942124497678,0.09404576794822159
2025-01-07,-0.014787536473510976,False,0.10384221291476634,0.11896833900936761,0.07342205456436472,0.09207421853342349
2025-01-08,-0.0699172185334984,False,0.10217512341328003,0.11705841371593641,0.0722433322229767,0.09059605316342492
2025-01-09,0.04434777203803825,False,0.10630405832115819,0.12178878794506852,0.07516271226688784,0.09425707351677867
2025-01-10,-0.0332169907064621,False,0.10740856062138263,0.12305417704263698,0.07594365506343732,0.09523640728969243
2025-01-13,0.03330850294628808,False,0.10742777978186138,0.12307619575290067,0.0759572440482032,0.09525344842481737
2025-01-14,0.0021024734651879534,False,0.1071697696027064,0.12278060264485731,0.07577481691264487,0.09502467743706056
2025-01-15,-0.011942085704110454,False,0.10405346024565737,0.11921035758130326,0.07357141783985645,0.09226152610674175
2025-01-16,-0.029922975373844113,False,0.10200917246926232,0.11686828960732339,0.07212599594012344,0.09044890873095932
2025-01-17,0.061934438349533244,False,0.10182122091346862,0.11665296017838145,0.07199310403617037,0.09028225692206489
2025-01-21,0.033964200746929386,False,0.10512704410393764,0.12044032451692419,0.07433049962759507,0.09321344529265499
2025-01-22,0.009985449242830857,False,0.10503982310477719,0.12034039851279162,0.07426882966910936,0.09313610867672602
2025-01-23,-0.010591221404490607,False,0.1025264723453526,0.11746094172153368,0.0724917548994362,0.09090758522196923
2025-01-24,0.003542885537794005,False,0.10040350553462725,0.11502873396945779,0.07099070267182861,0.0890252051707046
2025-01-27,-0.019247273899510982,False,0.09748247611485487,0.11168221420149935,0.06892537706461455,0.08643520353659617
2025-01-28,0.0001758550958546915,False,0.09633034952432286,0.11036226364423778,0.06811076132193454,0.08541364253074699
2025-01-29,0.03209756922626813,False,0.09334311606510773,0.1069398962572125,0.06599862588218795,0.08276493947816578
2025-01-30,-0.0468890350409852,False,0.09346683568635372,0.10708163743769548,0.06608610233831146,0.08287463848325947
2025-01-31,-0.019825827351147077,False,0.0954551731008238,0.10935960506713964,0.06749196430946779,0.08463764611261697
2025-02-03,0.0013643187345224247,False,0.09446028348597403,0.1082197953341412,0.06678852360325926,0.0837555030877038
2025-02-04,-0.008122335322313563,False,0.0915115769361052,0.10484156686021723,0.06470362876982123,0.08114096085441753
2025-02-05,-0.037247036733696434,False,0.08944527661523075,0.10247427989503355,0.06324264281192245,0.07930882552178516
2025-02-06,-0.04076651447918566,False,0.09043464103088059,0.10360775960334297,0.06394217690379997,0.08018606949472037
2025-02-07,-0.0075577129826455295,False,0.09180222001090989,0.10517454631898966,0.0649091291255829,0.08139866659116601
2025-02-10,-0.030815331011871953,False,0.08970936533820657,0.1027768369750654,0.06342936780635298,0.0795429861979588
2025-02-11,0.04203188614798729,False,0.09000880574491475,0.10311989522486986,0.06364108835104273,0.07980849230256787
2025-02-12,-0.012415117005526981,False,0.09128300642532035,0.10457970173570456,0.06454201707026679,0.08093829326317914
2025-02-13,0.03679229914509495,False,0.08962406273398833,0.10267910880795336,0.06336905425673194,0.07946735057346853
2025-02-14,-0.021617200101700405,False,0.0904616890427788,0.1036387475509099,0.06396130130946993,0.08021005227097783
2025-02-18,0.013880965792148444,False,0.08993487724807775,0.1030351979690306,0.06358881690982178,0.07974294180645888
2025-02-19,-0.008090106992950156,False,0.08827540020898463,0.1011339940036727,0.06241547699060595,0.07827152621101051
2025-02-20,-0.014093763075859592,False,0.08626988263574205,0.09883634367587582,0.06099746771904631,0.07649328537688148
2025-02-21,-0.12019288490281974,False,0.08490383149544319,0.09727130735200047,0.06003159576249373,0.07528204297661649
2025-02-24,-0.06736319178964403,False,0.09547342565225875,0.10938051636771719,0.06750486984941902,0.0846538301803717
2025-02-28,-0.012786770338420515,False,0.09940011170159399,0.11387918125541664,0.0702812490239274,0.0881355216743251
2025-03-14,-0.038458956296108286,False,0.0975473124943674,0.11175649494110874,0.06897121988768912,0.08649269228619604
2025-03-17,0.012729197912484105,False,0.09834331495591889,0.11266844671909981,0.06953403663171762,0.08719848718925911
2025-03-18,0.024483807562086426,False,0.09663385417209212,0.11070997815082644,0.06832535550462346,0.08568275229333991
2025-03-19,0.012390196915486413,False,0.09608258918817485,0.11007841341766253,0.06793558137912577,0.08519395981507594
2025-03-20,-0.006175908958038521,False,0.09419871673905533,0.10792012759259814,0.06660358178214985,0.08352357858281446
2025-03-21,-0.03865093374158484,False,0.09209253385194766,0.10550714858631655,0.06511439669528465,0.08165608040480392
2025-03-24,0.0396416458969211,False,0.09308290337223038,0.1066417798073427,0.065814641450438,0.08253421557815774
2025-03-25,-0.010451756211653965,False,0.09398242805271212,0.1076723333185885,0.06645065399599626,0.08333180096932104
2025-03-26,0.006110125624487952,False,0.09207602424771504,0.10548823411850884,0.0651027235131675,0.08164144176349086
2025-03-27,-0.008113381584261775,False,0.08966360622113381,0.10272441237817098,0.06339701363846473,0.07950241276614343
2025-03-28,0.007864718148938412,False,0.08762986696366677,0.10039442946806496,0.061959050111493295,0.0776991484907016
2025-03-31,-0.017561916485883244,False,0.08543250526306857,0.09787699013019625,0.060405396677591705,0.07575080440462248
2025-04-01,0.03420944319064129,False,0.08443905222120379,0.09673882622789705,0.05970297170609384,0.07486993515201486
2025-04-02,0.09233735059001853,False,0.08502470532136497,0.09740978820574946,0.06011706008758006,0.07538921868821297
2025-04-03,0.03538350388931666,False,0.09198965124559424,0.10538927963449764,0.06504165313440152,0.08156485704471965
2025-04-04,-0.08756925705988686,False,0.09253875425644334,0.10601836747182423,0.06542989862814029,0.08205173255708742
2025-04-07,-0.05543223978588074,False,0.0987899483219078,0.1131801387199384,0.06984983055065903,0.08759450550387395
2025-04-08,-0.037706896184905726,False,0.10149250973572121,0.11627636744472583,0.0717606874750143,0.08999079717785533
2025-04-09,0.08547355211685746,False,0.10212615385353234,0.117002311028776,0.07220870809867438,0.09055263311468813
2025-04-10,-0.043429867027189324,False,0.10768820713496277,0.12337455813137298,0.07614138025632848,0.09548436265852327
2025-04-11,0.05097796277665379,False,0.10880406321235897,0.12465295484861452,0.07693035078672163,0.09647376353354464
2025-04-14,-0.03150994664360565,False,0.11045325441700357,0.12654237469838667,0.0780964180652943,0.09793605894422203
2025-04-15,-0.030157987416175026,False,0.1101546784735347,0.12620030683344433,0.07788530874281702,0.09767131933692628
2025-04-16,0.011678602110066385,False,0.1097968268273249,0.12579032889897665,0.077632288296156,0.09735402148905867
2025-04-22,0.055201651340887614,False,0.10735893072979474,0.12299731783671586,0.07590856404884984,0.09519240174170202
2025-04-23,-0.02237521390500062,False,0.10997176256703424,0.12599074656923254,0.0777559773149632,0.09750913250870272
2025-04-24,0.031037906438501357,False,0.1088345251371981,0.12468785399511205,0.07695188901327607,0.09650077333857345
2025-04-29,-0.00773297977566377,False,0.1084322311434782,0.12422696003991886,0.07666744542594553,0.09614406960458374
2025-05-07,0.024014506739990032,False,0.10577485283269532,0.1211824959931747,0.07478853539643175,0.09378784062558622
2025-05-13,0.0852342814027078,False,0.1048555765846401,0.12012931381174662,0.07413855742552859,0.09297274202762497
2025-05-14,-0.0041379369387990516,False,0.11018137359573348,0.12623089048780312,0.07790418363640475,0.09769498921496639
2025-05-15,0.012557802620613708,False,0.10712754663067103,0.1227322292838696,0.07574496299033684,0.09498723941407171
2025-05-16,0.060618886835632664,False,0.1048647260147018,0.12013979598914605,0.07414502656687647,0.09298085459186363
2025-05-19,0.0069495524758769345,False,0.10757914892923803,0.12324961401446494,0.07606427021305555,0.09538766355336258
2025-05-20,-0.009154219913054778,False,0.10488925984516989,0.12016790352825175,0.07416237331044769,0.09300260810813196
2025-05-21,-0.014356751014346511,False,0.10258616862100356,0.11752933362652003,0.07253396339138861,0.09096051637371991
2025-05-22,-0.042012179139344574,False,0.10095806005396651,0.11566406740664179,0.07138280267658546,0.0895169143953939
2025-05-28,-0.0108399347710331,False,0.10201790568798842,0.11687829494616284,0.07213217079757141,0.09045665225131502
2025-05-29,-0.055925796936162106,False,0.09996117704331413,0.11452197391079807,0.07067795253185208,0.08863300387770871
2025-05-30,0.07209088510006735,False,0.10277792064240356,0.11774901711406639,0.07266954242984394,0.09113053795768886
2025-06-02,-0.03291239187037426,False,0.10670819426043061,0.12225179215192893,0.07544845820923439,0.09461541045650011
2025-06-03,0.0312769013698694,False,0.10663103638482829,0.12216339511141676,0.07539390342276046,0.09454699655332556
2025-06-04,0.017543420069728668,False,0.10619467385849718,0.12166347004716419,0.07508537154233508,0.09416008512798656
2025-06-05,0.012784832549205611,False,0.10442038518323324,0.11963073046376818,0.07383085359369418,0.09258686900862553
2025-06-06,0.01799901061521186,False,0.1023718588074526,0.11728380647685796,0.07238243477520695,0.09077049337581883
2025-06-09,-0.00831992270500238,False,0.10077027499708446,0.11544892872959556,0.07125002849635798,0.08935041021680074
2025-06-10,-0.05786403629182467,False,0.09881370925815608,0.11320736078155881,0.06986663081626156,0.08761557371472263
2025-06-11,-0.005534973140683093,False,0.10161425177474706,0.1164158429794239,0.07184676567367007,0.09009874271167374
2025-06-12,0.031846871315120484,False,0.09909050698549227,0.11352447811697021,0.0700623417633737,0.08786100313808466
2025-06-13,-0.009171571474782507,False,0.09894206282674667,0.11335441091110182,0.06995738372350482,0.08772938152170433
2025-06-16,0.026967245439897945,False,0.09676734521070865,0.11086291409750045,0.0684197408807248,0.08580111536281648
2025-06-17,-0.00921019625036488,False,0.09671748260212226,0.11080578827597094,0.06838448532264693,0.08575690347065083
2025-06-23,0.08277615319687043,False,0.09470564589291668,0.10850089833830451,0.06696200808057268,0.08397305962124249
2025-06-24,0.02652504502668073,False,0.10041336898413619,0.1150400341736045,0.0709976766635003,0.08903395083761681
2025-06-25,-0.0383478428377373,False,0.09974436980081391,0.11427358554539775,0.0705246580984807,0.08844076647381231
2025-06-26,0.03036780368191637,False,0.10047657466376465,0.11511244667821403,0.07104236649365894,0.0890899936875842
2025-07-01,-0.03879327138571318,False,0.10017246370398517,0.11476403754146726,0.07082734361562304,0.08882034632373104
2025-07-02,-0.010723963362975724,False,0.1011301260854403,0.11586119735398961,0.0715044626566353,0.08966948091857749
2025-07-17,-0.1297961450624949,False,0.09898084627490665,0.11339884373161996,0.06998480571661406,0.08776376980736512
2025-07-18,0.06501726819729144,False,0.11007451483340285,0.1261084661951553,0.0778286287184355,0.09760024029967586
2025-07-21,0.04463011901666262,False,0.11300491880031542,0.1294657260491629,0.07990058263693382,0.10019855410354464
2025-07-22,-0.0008586323741259904,False,0.1139376783155798,0.1305343555314455,0.08056009400618193,0.10102560796764207
2025-07-23,0.035087088269783,False,0.11072023246184381,0.12684824197196531,0.07828518596637743,0.09817278150775621
2025-07-24,-0.038159664889727496,False,0.11055224354146731,0.12665578302614555,0.07816640872413765,0.09802383005408645
2025-07-25,0.024920757235065195,False,0.11092751839495706,0.12708572211101754,0.07843174831962733,0.09835657661158397
2025-07-28,0.02243817054781832,False,0.1097277533559991,0.125711193873609,0.07758344962026226,0.09729277581916011
2025-07-29,-0.03561136243293321,False,0.1083535691798924,0.12413683981916912,0.07661182716800956,0.0960743220652915
2025-07-30,-0.003412140770936529,False,0.1086583842970787,0.12448605568407337,0.0768273479233739,0.09634459378740068
2025-07-31,0.03761372853428982,False,0.10566392762519271,0.12105541291857103,0.07471010528203785,0.09368948609798342
2025-08-01,-0.032742798299693274,False,0.10590915260610902,0.12133635847861185,0.07488349259172626,0.09390692077940029
2025-08-04,-0.015918053751249647,False,0.10581491865530507,0.12122839798460122,0.07481686409755672,0.09382336595967863
2025-08-05,0.03170626961888987,False,0.10420859414102641,0.11938808898106894,0.07368110588492842,0.09239907934047217
2025-08-06,0.012713294264574336,False,0.10389834323380555,0.11903264552438422,0.07346174173234328,0.09212398784319166
2025-08-07,0.020334929980676594,False,0.10182559321861702,0.11665796937326035,0.07199619549212231,0.09028613373254907
2025-08-08,-0.01374512030162096,False,0.10049960006664953,0.11513882606535676,0.07105864669743665,0.0891104097199234
2025-08-11,0.029128272923023637,False,0.09869831720239394,0.11307516019738824,0.0697850423988285,0.08751325854769144
2025-08-12,0.001707359130822735,False,0.0982898228071092,0.11260716266211275,0.06949621479261742,0.08715105707715848
2025-08-13,-0.026155071203685872,False,0.09523075902969017,0.10910250182806468,0.06733329143729673,0.0844386639294802
2025-08-14,-0.040622582541743654,False,0.09524416755378796,0.10911786349838838,0.06734277198822397,0.08445055292282248
2025-08-15,0.0012150669781680898,False,0.09644466962336977,0.11049323612563279,0.0681915918080579,0.08551500722133816
2025-08-18,-0.02309401246560783,False,0.09331738795325875,0.10691042047230187,0.06598043471715986,0.08274212702332356
2025-08-19,-0.0043589333604240185,False,0.09271997901828168,0.10622599025159851,0.06555803432535458,0.08221241989084895
2025-08-20,-0.04297212433031094,False,0.09018178481144556,0.10331807120408801,0.06376339389620425,0.07996186839044593
2025-08-21,-0.03176971356114249,False,0.09186718685593122,0.10524897652830359,0.06495506419482056,0.08145627102117592
2025-08-22,0.01957843718202467,False,0.09223662006658008,0.10567222305023459,0.06521627343322935,0.08178383794426053
2025-08-25,0.04827502730125467,False,0.09111103888976689,0.10438268463163801,0.06442042673215381,0.08078581407379398
2025-08-26,-0.05489143360049182,False,0.09303729187978214,0.10658952433874287,0.06578239166113463,0.08249377304129886
2025-08-27,0.026077609543431624,False,0.0957494036029813,0.10969669451414807,0.06770000117017723,0.08489853272890169
2025-08-28,0.0009050359399835709,False,0.09520165378144424,0.10906915697780502,0.06731271245438758,0.08441285705468195
2025-09-16,-0.022536165022413058,False,0.09216554510905944,0.10559079499314636,0.06516601959846637,0.08172081760804736
2025-09-17,0.0018975337761914111,False,0.09152817891491877,0.1048605871583049,0.06471536726575762,0.08115568140189491
2025-09-18,-0.02079702811619944,False,0.08864242664945468,0.10155448317440217,0.06267498451247354,0.07859695911289909
2025-09-19,0.001381597346045399,False,0.08792502992706719,0.10073258720283561,0.062167746272677314,0.07796086189637998
2025-09-22,-0.03999969935047605,False,0.0850502261892724,0.09743902655862928,0.0601351047199452,0.07541184738518422
2025-09-23,0.004730852490521428,False,0.08640214369763244,0.09898787048185434,0.06109098343515328,0.0766105578576399
2025-09-24,0.007977250280643968,False,0.0839651284931752,0.09619586862753304,0.05936788202683957,0.07444971917550734
2025-09-25,-0.017605836560476228,False,0.08179259499358901,0.09370687407865799,0.057831783472387016,0.07252338961648427
2025-09-26,-0.0024578917889699747,False,0.0810570154569283,0.09286414670190578,0.057311689000580424,0.07187117016635754
2025-09-29,0.012944233661064102,False,0.07858925607129792,0.09003692233001959,0.05556684979523534,0.06968307140976672
2025-09-30,-0.036230048184226864,False,0.07717099804321004,0.08841207442710741,0.054564064748559876,0.06842553850528087
2025-10-01,-0.011025141474956172,False,0.07834417583532245,0.08975614259912193,0.055393564828039886,0.06946576506996492
2025-10-02,-0.029494384840734255,False,0.07699751873963621,0.08821332534405754,0.054441405508783854,0.06827171887008691
2025-10-03,-0.04593973274907426,False,0.07755109691612648,0.08884754021988014,0.054832815186399944,0.0687625623966914
2025-10-06,0.014912486724305205,False,0.0798661624081153,0.09149982861540844,0.05646969155971449,0.07081527140630703
2025-10-07,-0.01669112734196745,False,0.07856411633405713,0.09000812062502198,0.055549074642841936,0.06966078065155183
2025-10-08,-0.02939697685078749,False,0.07751185274013668,0.08880257955983399,0.054805067433824385,0.06872776559551753
2025-10-09,-0.009208939085309837,False,0.07787832620838912,0.08922243520991323,0.055064183974460015,0.06905270819116766
2025-10-10,-0.016450807695267758,False,0.07621403860056589,0.08731571994664047,0.05388744272326296,0.06757702718819286
2025-10-13,-0.004455877124045866,False,0.07555654641485193,0.08656245447732473,0.05342256022721333,0.06699404578311499
2025-10-14,0.013138999697506752,False,0.07341793284074075,0.08411232078358566,0.05191044489258187,0.06509779214931691
2025-10-15,-0.01537440601054277,False,0.07207659083561811,0.08257559283920032,0.05096204362949993,0.06390845870349472
2025-10-16,0.030849904091392485,False,0.07114755010533654,0.08151122383692985,0.05030516164214052,0.06308470219036447
2025-10-17,-0.016153809112453576,False,0.07170771206165487,0.08215298151570859,0.050701226407781096,0.06358138338515466
2025-10-20,0.0006783110316039772,False,0.07074683284959413,0.08105213629449469,0.050021832893742686,0.06272939650937301
2025-10-21,0.0028776998276151956,False,0.0680425749068545,0.07795396391670946,0.0481097764317823,0.06033160056684117
2025-10-22,0.0625715778302796,False,0.06539384606055328,0.0749194092545385,0.04623698204094088,0.057983040845465655
2025-10-23,0.006488904623196475,False,0.07047001692264036,0.08073499810842716,0.04982610907851769,0.062483950948878327
2025-10-24,-0.003160059510711174,False,0.06841520353884567,0.07838087131949863,0.04837324500571145,0.060662000787818034
2025-10-29,0.006973297392317667,False,0.0660232279602142,0.07564046976647769,0.04668198904610416,0.05854109758312326
2025-10-30,0.002313668194552464,False,0.06386550350664537,0.07316844141619898,0.0451563612872386,0.05662789882419582
2025-10-31,0.015234957621185688,False,0.06123680779848394,0.070156838009618,0.04329773140734421,0.054297101970995194
2025-11-03,0.06422348208536727,False,0.06281582374659977,0.07196586055780688,0.044414180988361154,0.05569717478718134
2025-11-04,0.006231496720781376,False,0.06842578183999341,0.07839299050380492,0.04838072443611135,0.06067138029528664
2025-11-05,-0.03139685406067204,False,0.06664303860994525,0.07635056483696065,0.0471202286604841,0.059090667739717675
2025-11-06,-0.0335457891272566,False,0.06793479378347374,0.07783048290773194,0.048033569354720425,0.060236033817738045
2025-11-07,-0.02820321378701962,False,0.06926828097544363,0.07935821187137737,0.04897641684055028,0.06141840260282678
2025-11-10,0.01469279423704623,False,0.0699879522826615,0.08018271375408172,0.0494852633347051,0.06205651663519434
2025-11-11,-0.04577112723106512,False,0.069435325564327,0.0795495889301104,0.049094526389407284,0.061566516742057396
2025-11-12,-0.0356245109729289,False,0.07215201783545995,0.08266200687676525,0.05101537459330132,0.06397533788366452
2025-11-13,-0.024839290013645456,False,0.07359243876507625,0.08431224602961765,0.05203383000869918,0.0652525220627273
2025-11-14,-0.03713068082352516,False,0.07382105631089941,0.0845741650405049,0.05219547496456676,0.06545523135872405
2025-11-17,-0.004359783230297074,False,0.07531909331294082,0.08629041288331349,0.053254668055854215,0.06678350222685672
2025-11-18,-0.00038001140491509904,False,0.0732791027738898,0.08395326810169249,0.05181228453507995,0.0649746951008677
2025-11-19,-0.0625387482932788,False,0.07093352333875814,0.0812660209641417,0.050153833155459945,0.06289493016293168
2025-11-20,0.032835503845470695,False,0.07543067715633058,0.08641825053368461,0.05333356386140286,0.06688244074995524
2025-11-21,-0.004709584843085237,False,0.07631031687217202,0.08742602254646159,0.053955516662683244,0.06766239465457342
2025-12-09,0.031543958872471814,False,0.07449810173535976,0.08534983196170247,0.05267418265676592,0.06605555011753156
2025-12-16,0.029610487471834514,False,0.07515761403526139,0.08610541180416928,0.05314049348268208,0.066640322705886
2025-12-17,-0.003340016465071192,False,0.07569954952095373,0.08672628806222797,0.05352367114891236,0.06712084295810376
2025-12-18,-0.007387541993116062,False,0.073632356870209,0.0843579787863718,0.05206205426558755,0.06528791641953334
2025-12-19,-0.015111926944598375,False,0.07200079427212298,0.08248875540566994,0.05090845136423013,0.06384125184074169
2025-12-22,0.00715993512209254,False,0.0712306650004267,0.08160644562331386,0.05036392836321791,0.06315839802945637
2025-12-23,0.01198832424496614,False,0.06947443942264328,0.07959440028982165,0.0491221820003473,0.06160119799390297
2025-12-29,0.04740534967733455,False,0.0682875552852627,0.07823462924433525,0.04828299079428293,0.060548818365507226
2025-12-30,-0.029095916758994003,False,0.0709777151730697,0.08131664998078389,0.05018507916976422,0.06293411392544583
2026-01-05,0.034486176071169404,False,0.07162175989388471,0.08205450916668168,0.050640453581636435,0.06350517180937491
2026-01-06,-0.020447890559633492,False,0.07265242162397662,0.08323530174291653,0.051369187105895234,0.06441903304852638
2026-01-07,-0.006571765163234502,False,0.07236526396180741,0.08290631539773796,0.05116615112516486,0.06416441773748889
2026-01-08,0.02701965572286801,False,0.07073561455040783,0.0810392838871428,0.05001390095015389,0.06271944953210953
2026-01-09,-0.12834960867620962,False,0.07102428818877575,0.0813700070324653,0.050218008807956765,0.0629754090202393
2026-01-12,0.0181688349750544,False,0.08367932277901798,0.09586843116122463,0.05916580194639211,0.07419630260198909
2026-01-13,-0.04106698747793304,False,0.08268225308388272,0.09472612378759247,0.05846081980564378,0.07331222655597598
2026-01-14,-0.02598556141169861,False,0.0843874547611332,0.09667971284857474,0.05966648951429199,0.07482418501167253
2026-01-15,-0.024663143476456522,False,0.08437054279661003,0.0966603374108579,0.05965453184171206,0.07480918960784178
2026-01-16,0.021908862766166305,False,0.08421677821406612,0.09648417478421267,0.059545811974784014,0.07467285050856362
2026-01-20,-0.08808653030253114,False,0.08362061432106688,0.09580117096392918,0.059124291894919946,0.07414424732277825
2026-01-21,-0.04398246260132886,False,0.09111938101361002,0.1043922419069461,0.06442632506439078,0.08079321082037907
2026-01-22,0.004710113003033198,False,0.09309679499032789,0.1066576949413217,0.06582446357492198,0.0825465329185205
2026-01-23,-0.061842077764069435,False,0.09018663356593824,0.10332362625007618,0.06376682222758258,0.07996616765630554
2026-01-26,0.034393377071717975,False,0.09414258163312945,0.10785581559341532,0.06656389122958382,0.08347380502863705
2026-01-27,0.019360586503953562,False,0.09476990134755782,0.10857451353290001,0.06700744015837896,0.08403003327970497
2026-01-28,-0.06596822152030958,False,0.09340413329364054,0.10700980153104812,0.06604176835919179,0.08281904188485126
2026-01-29,0.006484951272431266,False,0.09818783161076997,0.11249031496711982,0.06942410150677238,0.08706062410739952
2026-01-30,-0.0028770098962323234,False,0.09537709261555471,0.1092701510254665,0.06743675718811586,0.08456841415518786
2026-02-02,0.01074637207548406,False,0.092085006020997,0.10549852421748422,0.06510907411211452,0.08164940567077641
2026-02-03,0.02115237500522676,False,0.08933838916396522,0.10235182273449094,0.06316706760932633,0.07921405116875418
2026-02-04,-0.05104852630408642,False,0.08848181002589993,0.10137047040748161,0.06256141988237209,0.07845454448514633
2026-02-05,0.02965859339300317,False,0.09101454479124249,0.10427213476657422,0.06435220019144235,0.08070025523923782
2026-02-06,-0.002855105436979806,False,0.09101438291140618,0.10427194930658927,0.06435208573365259,0.08070011170455181
2026-02-09,-0.02289532470126498,False,0.0884990903469729,0.1013902678582282,0.06257363800293304,0.07846986650125268
2026-02-10,-0.07515866833653974,False,0.08802241937534971,0.10084416283835022,0.062236605874038675,0.07804721461453108
2026-02-11,-0.011365260434810507,False,0.09315100540670337,0.10671980189197472,0.06586279326799532,0.08259459989999211
2026-02-12,-0.03516727013979177,False,0.09147905968897439,0.10480431300389308,0.0646806373193686,0.08111212864799215
2026-02-13,-0.014141369722751167,False,0.09214918540421586,0.10557205225975023,0.06515445240331551,0.08170631187866592
2026-02-17,-0.05658364927231883,False,0.09066175186813975,0.10386795243168656,0.06410275653531348,0.08038744283099812
2026-02-18,-0.047815462040959766,False,0.09370784342549789,0.1073577514534659,0.06625650783023217,0.08308833384489837
2026-02-19,-0.08335465439788309,False,0.0956543470887669,0.10958779163842267,0.06763279107923784,0.08481424856336693
2026-02-20,0.037041271680349076,False,0.10158107695403756,0.11637783576438138,0.07182330928317217,0.0900693274516742
2026-02-23,-0.024984863083594742,False,0.10203207934076405,0.11689453319726592,0.07214219233580964,0.09046921966457067
2026-02-24,-0.0023329455673622036,False,0.10131519330251944,0.11607322229840275,0.07163531517729194,0.08983357525854213
2026-02-25,-0.013436547464186025,False,0.09835438537312809,0.11268112970331742,0.06954186401475934,0.08720830304337822
2026-02-26,0.005732607167623122,False,0.09661681914635446,0.1106904617262424,0.06831331082111655,0.0856676477742964
2026-03-17,0.0062902708531054775,False,0.09423244480536008,0.10795876864148997,0.06662742934717247,0.08355348439144936
2026-03-18,-0.026934598433451275,False,0.09171094001878662,0.10506997007063286,0.06484458923978703,0.08131773097060692
2026-03-19,0.02154536383292631,False,0.09156402802332188,0.1049016582098741,0.06474071452213222,0.08118746788398815
2026-03-20,-0.02308028355101008,False,0.09088446182119504,0.10412310332314136,0.06426022450393887,0.08058491401647848
2026-03-23,-0.02331107886844711,False,0.09055436506773525,0.10374492318455233,0.06402682826589896,0.08029222571793289
2026-03-24,0.01714773116077847,False,0.0900679209918905,0.10318762146591795,0.06368288602433193,0.07986090827114098
2026-03-25,-0.03203791598280918,False,0.08891132540374048,0.10186255093664572,0.06286511045890023,0.07883538472008254
2026-03-26,0.009846037935352726,False,0.0893147053897562,0.10232468907468117,0.0631503219014542,0.07919305137550045
2026-03-27,0.0003160056907321093,False,0.0873174178088706,0.10003646755712713,0.06173813167911297,0.07742210786385269
2026-03-30,-0.0031645596029630254,False,0.08461969119480638,0.09694577789087341,0.059830693219378485,0.07503010308241893
2026-03-31,0.044933972479258094,False,0.08226504515505693,0.09424814346609564,0.05816583126047405,0.07294229901943444
2026-04-01,0.013544225107757253,False,0.08410511163553437,0.09635624234712484,0.05946685767102026,0.07457383862634333
2026-04-02,-0.030351343424138467,False,0.0826324895481819,0.09466911147035285,0.05842563429744838,0.07326810250918903
2026-04-06,-0.0030864222031893912,False,0.08310013067366555,0.09520487131588817,0.05875628183728831,0.07368274786365907
2026-04-07,-0.0661265923776615,False,0.08095347303022983,0.09274552181732798,0.05723847891106681,0.07177936176054919
2026-04-08,0.053997692328825835,False,0.08534933909100718,0.0977817095976056,0.06034659370092543,0.07567706309955945
2026-04-09,-0.010695289116747919,False,0.08802491248904207,0.10084701911025178,0.06223836864010863,0.07804942519429912
2026-04-10,0.026218730305119235,False,0.0863006262889709,0.0988715655885937,0.061019205142792556,0.07652054498322511
2026-04-13,0.009810011229238523,False,0.08609451135383597,0.09863542702037817,0.06087347074837601,0.07633778817317724
2026-04-14,0.08168401264468013,False,0.08419275798646418,0.09645665566168804,0.059528828376186345,0.07465155239074271
2026-04-15,-0.02274763994059382,False,0.09012063873351102,0.10324801831206437,0.06372016031571236,0.07990765173631097
2026-04-16,-0.03214771284678691,False,0.08964113467165723,0.1026986675212274,0.06338112503896838,0.0794824878213718
2026-04-17,-0.05525592869108065,False,0.09013646055696863,0.10326614481384067,0.06373134719966451,0.07992168054010611
2026-04-20,0.0345500126495503,False,0.09300146656832511,0.10654848055049045,0.06575706123048652,0.08246200765934547
2026-04-21,-0.02393486458109025,False,0.09338531584708075,0.10698824305016856,0.06602846340786905,0.082802356939123
2026-04-22,0.03629000140520043,False,0.09316692670390901,0.10673804235729477,0.06587405048526136,0.08260871690460035
2026-04-23,0.008944603462898285,False,0.09371786340416251,0.1073692309875126,0.06626359249647336,0.08309721830218575
2026-04-24,-0.005954170612348317,False,0.09157814857835271,0.10491783562877491,0.0647506985173963,0.08119998821683956
2026-04-27,-0.039901745241876105,False,0.08927185226059438,0.10227559376503172,0.0631200224240138,0.07915505460840032
2026-05-13,-0.04403798268573366,False,0.09052248487633546,0.10370839918037644,0.06400428724826486,0.080263958372434
2026-05-14,-0.02824381666880311,False,0.09213154139771926,0.10555183814751734,0.06514197713751209,0.08169066739205134
2026-05-15,-0.045667805803356186,False,0.09204606041592364,0.10545390561954375,0.06508153746530707,0.08161487360475252
2026-05-18,-0.05416439962734386,False,0.09378396889855027,0.10744496570700632,0.06631033265232815,0.08315583234329363
2026-05-19,0.030139979538735845,False,0.0963627947703342,0.11039943501143397,0.06813370186370588,0.08544241089563219
2026-05-20,-0.004617760899323335,False,0.09640378118789034,0.11044639169582782,0.06816268147519272,0.08547875249757844
2026-05-21,-0.03187312646370623,False,0.09384281963046022,0.10751238890252854,0.06635194329917551,0.08320801377316335
2026-05-22,0.007668952037777386,False,0.09414903362746124,0.10786320741440415,0.06656845313814279,0.08347952584601377
2026-05-26,0.09372831815097848,False,0.09179899858182673,0.10517085564198554,0.0649068514011847,0.08139581023287909
2026-05-27,-0.006980411061436791,False,0.09875144003501136,0.11313602114191718,0.0698226031114286,0.08756036119662619
2026-05-28,-0.009952746315022461,False,0.09640704944683458,0.11045013602414223,0.06816499231083267,0.08548165037869836
2026-05-29,-0.043886374294784966,False,0.09440138330570826,0.10815231548739214,0.06674687799375291,0.08370327781324918
2026-06-01,-0.007162987904703882,False,0.0959299624257117,0.1099035543511139,0.06782766601246511,0.08505862959158951
2026-06-02,0.05324261274360015,False,0.09372010931268346,0.1073718040452201,0.06626518047513197,0.08309920969148843
2026-06-03,-0.008802012818090182,False,0.09603701468643944,0.11002620032800996,0.06790335774425478,0.08515355007693043
2026-06-04,-0.02662842416141035,False,0.0939576618180443,0.10764395952223685,0.06643314293010028,0.08330984138622809
2026-06-05,-0.05255512420797264,False,0.09366236877406016,0.10730565275875668,0.06622435479491601,0.08304801264144285
2026-06-08,0.01817513483967336,False,0.09611311053381628,0.11011338064046501,0.06795716161939765,0.08522102230700136
2026-06-09,0.0,False,0.0947984382854106,0.10860720729010592,0.06702761731513743,0.08405533624829913
2026-06-10,-0.01950509912668011,False,0.0918484381651165,0.10522749681844167,0.0649418078575241,0.08143964703939782
2026-06-11,-0.012588889972488094,False,0.09122064845145098,0.10450826041750655,0.06449792661387677,0.0808830020520985
2026-06-12,0.018427547748008123,False,0.08959944137755273,0.1026509009934521,0.06335164562757313,0.07944551945017667
2026-06-15,0.026891060379466668,False,0.08842487231752916,0.10130523889515404,0.06252116184651724,0.0784040592840304
2026-06-16,0.06482827822657382,False,0.08818599423125398,0.1010315647471154,0.06235226213422854,0.0781922522307986
2026-06-17,0.0004827419837895962,False,0.09198282432755947,0.1053814582767246,0.06503682613452945,0.08155880379214153
2026-06-18,-0.00024134186191721857,False,0.08912980958928035,0.10211286051618855,0.06301959058159681,0.07902910902622774
2026-06-22,0.08819741405662476,False,0.0863649022660977,0.09894520429507289,0.061064651731104924,0.07657753683844762
