date,actual_return,estimation_failed,var_0.01,es_0.01,var_0.05,es_0.05
2007-05-31,0.00265886888894421,False,0.052530931430009614,0.05970478289379239,0.03810359582896487,0.04694973746201041
2007-06-01,0.0,False,0.052650559316466505,0.05981891376095187,0.038234278773169955,0.047073641981611916
2007-06-04,-0.014442615311006527,False,0.052666339990262684,0.0598345313275415,0.03825038747193572,0.047089549551394466
2007-06-05,0.013379915954884457,False,0.0521557097098188,0.05931161494924146,0.037764465767895015,0.04658847774809374
2007-06-06,-0.0031948908965191767,False,0.05244784330772082,0.05959392395085049,0.03807635761540387,0.04688825479635786
2007-06-07,-0.016129381929883644,False,0.052406599772565315,0.059552585267433934,0.03803530543295491,0.046847085285720874
2007-06-08,-0.012544478654723955,False,0.05196659410412479,0.05910611363838921,0.037608303460519375,0.046412110078324006
2007-06-11,0.009287146784417482,False,0.05177215139764203,0.058912423568327515,0.03741234712662362,0.0462170818272597
2007-06-12,-0.0016326534238853348,False,0.05195063025326118,0.05909103274410788,0.03759056389531345,0.04639545929492826
2007-06-13,0.0005445140346898021,False,0.05199342050098722,0.05911987691559585,0.037661401102642766,0.04644909946852331
2007-06-14,0.035297782081023896,False,0.052014381869430255,0.05914077188679628,0.037682496002607445,0.04647011249344289
2007-06-15,0.0005253480551612175,False,0.052669303932420364,0.05980702286706023,0.03831463447545336,0.04711622075744763
2007-06-18,0.02847720259323003,False,0.05271596121541255,0.05985294671335132,0.03836276677329385,0.047163448647806396
2007-06-19,-0.005630933742060297,False,0.05331864323030064,0.06045396672612236,0.03896879124131656,0.04776742368586863
2007-06-20,-0.011877237480595835,False,0.05312910027579907,0.06026321853604059,0.03878167213658129,0.04757881839415311
2007-06-21,0.0051813587419975845,False,0.053084425240892345,0.06020918805571727,0.038755811841762786,0.047541421814312076
2007-06-22,0.01181621762657356,False,0.05329825710873141,0.06041659195943331,0.038982570990868035,0.047760254582263295
2007-06-25,-0.0030690561174178833,False,0.05363494531472178,0.06074953277291131,0.0393267955794665,0.048099858226995515
2007-06-26,0.035232632607379036,False,0.05372434026010546,0.06083348951784464,0.03942712729199113,0.04819348404497303
2007-06-27,0.0,False,0.05451307558972788,0.061632380360912245,0.04019543886438714,0.048974318473570616
2007-06-28,-0.009940439705250801,False,0.054451564160340686,0.0615710677274423,0.040133527636449784,0.048912652382690935
2007-06-29,0.025642430613337652,False,0.05440413623958284,0.06152127368347372,0.040090858227044855,0.04886706528518652
2007-07-02,-0.0053697956708815275,False,0.05484151458800558,0.0619664491196523,0.040512555849105736,0.04929837756723328
2007-07-03,0.011195054861961738,False,0.054470847070711835,0.06159146488985709,0.04015056967408208,0.04893106841467518
2007-07-05,0.0239131432986062,False,0.05489110994958742,0.06200095808952359,0.04059249145920204,0.04935971001019169
2007-07-06,0.0056550574833450565,False,0.055071230392058954,0.06218682573103447,0.04076105370734445,0.04953535918185795
2007-07-09,-0.01515180502060222,False,0.05503260896120631,0.062149080303428604,0.040720670546005394,0.049496056228107675
2007-07-10,-0.034461065900293304,False,0.05497351982385358,0.062087794015037154,0.040666000100001605,0.04943867645512999
2007-07-11,0.019560525854493572,False,0.05446924965302409,0.06158984323164409,0.040149021006524545,0.04892948985590499
2007-07-12,0.007718320998501331,False,0.05503687989182423,0.06214989099719102,0.040731900360372934,0.04950301919286699
2007-07-13,-0.0004806536982707965,False,0.05497886263019074,0.06209219856636075,0.04067322983137874,0.049444749215697255
2007-07-16,-0.04172384337139979,False,0.05375031674865574,0.060811199495770504,0.03955017257971928,0.048257011458478105
2007-07-17,0.0484320621065183,False,0.05334678532377392,0.060417365476788526,0.03912713869788209,0.04784593553625245
2007-07-18,0.0014316394714378922,False,0.054203829179099675,0.061295866992835915,0.039941029042989906,0.04868628551839286
2007-07-19,0.008074135528262963,False,0.053328471426962114,0.060382882433105946,0.03914134257892853,0.047840201094903105
2007-07-20,-0.007120846609549976,False,0.053573814642060694,0.06061021372051063,0.039422909589149374,0.04809955743289735
2007-07-23,-0.015362760138864739,False,0.053458128520674345,0.06049445783780495,0.03930736376478075,0.047983925585209954
2007-07-24,0.015839064029746167,False,0.053337613541407355,0.060374184470366764,0.03918636287986643,0.047863222634044134
2007-07-25,-0.01971691668372489,False,0.053058437577740654,0.060084132658938694,0.038929059338062816,0.04759250798522748
2007-07-26,-0.0275743713619712,False,0.05295726855465984,0.05998182067641956,0.038830188921174014,0.04749222817463666
2007-07-27,-0.036608053237303845,False,0.052778180754766396,0.05980158180239794,0.0386534160469286,0.04731403590039122
2007-07-30,0.0,False,0.052309673326481926,0.05934129968838543,0.03816836668576129,0.04683912924923028
2007-07-31,0.005680366422755846,False,0.052399153606312115,0.05942539633709227,0.03826867398833661,0.046932797947193065
2007-08-01,-0.01295690580562574,False,0.05244377974539721,0.05947070903591208,0.03831191938685956,0.04697688994878321
2007-08-02,-0.0015661710327449462,False,0.05223349964157487,0.05926101496445378,0.038100460713111205,0.0467661539168849
2007-08-03,-0.011032420803576725,False,0.052255061799704156,0.059281204049275935,0.038124784259527755,0.046788784314090226
2007-08-06,-0.014365769802033752,False,0.05177450063576373,0.058788516961185415,0.03766860954658501,0.046317657013544455
2007-08-07,-0.021121825029282434,False,0.051638452655619144,0.058638033889453295,0.037561591985012174,0.04619283940895234
2007-08-08,0.023797769896082944,False,0.05124425150166176,0.05824548017100081,0.037164077672839815,0.04579735656451822
2007-08-09,-0.024345265119175865,False,0.0517045381075924,0.05871126962159985,0.03761329750561628,0.04625336200521633
2007-08-10,0.0005474952230928441,False,0.051248691778953546,0.058257409957459136,0.03715345579519597,0.04579597006889805
2007-08-13,0.01951281422358172,False,0.05117728213087723,0.05818439668038404,0.03708527120605233,0.04572580803021818
2007-08-14,-0.0053821443162287,False,0.051495121812523,0.05850635221328694,0.037394833497558316,0.046040445615427264
2007-08-15,0.010201430752177618,False,0.05137523856376523,0.058386220459572175,0.03727545001722078,0.04592075570136202
2007-08-16,-0.046469141878109264,False,0.05152507515699549,0.058537358395911926,0.03742266947879344,0.046069579860985366
2007-08-17,-0.006737813249911853,False,0.05091491616853107,0.05794203470862455,0.03678267521008879,0.04544787913739292
2007-08-20,-0.001127395835308235,False,0.05084046267792947,0.05786229028421798,0.036718862318617616,0.045377541947217465
2007-08-21,0.011217167530924924,False,0.0508140913594829,0.05783592059974545,0.03669248771408518,0.04535116935755331
2007-08-22,-0.01065331073560813,False,0.051061825773718955,0.05808233034289516,0.036942886174882575,0.04559993435435913
2007-08-23,0.02724661180913831,False,0.050795749209079075,0.05781448471598352,0.036680367372098066,0.045335234104761465
2007-08-24,0.009825406554414858,False,0.051373458431270225,0.058390101585890475,0.037262284524820236,0.045914571158809224
2007-08-27,-0.010374103413174235,False,0.05152916634217605,0.058547248813093075,0.03741509782613534,0.04606915929416992
2007-08-28,-0.005503591216978952,False,0.05141959793954332,0.058430428939289604,0.037320112860127944,0.0459652324729613
2007-08-29,0.0071487794136673305,False,0.05131253210985788,0.05832340817190591,0.03721295640562907,0.045858131585197484
2007-08-30,-0.005494519317640702,False,0.05130156999025783,0.05830885157428096,0.037209223142249115,0.045849965938199636
2007-08-31,0.02878287208983678,False,0.05105742678895192,0.05805924523816938,0.03697606685357626,0.04561007300819886
2007-09-04,-0.025482539061179945,False,0.05160070183974287,0.05861024416601951,0.037503808412067206,0.046147338949898274
2007-09-05,0.010923101505469863,False,0.05111145920929339,0.05812155548280501,0.03701345173810782,0.045657665353323836
2007-09-06,0.017766281565289713,False,0.05133580263216419,0.0583445520059924,0.03724050391148057,0.045883056652419346
2007-09-07,0.0015995737881413724,False,0.05166122570421706,0.0586729196045164,0.03756000524514791,0.046206188908518984
2007-09-10,0.020564921944296984,False,0.05175270367903349,0.05875319043889521,0.03767402190466365,0.046306385941002684
2007-09-11,-0.021097828964635926,False,0.052194300096233485,0.05919128985145474,0.038122651149320556,0.04675070299736059
2007-09-12,-0.004808986024447407,False,0.05196861517636679,0.05895932536128175,0.03790959507585481,0.04652990352850889
2007-09-13,-0.0053705821890168304,False,0.05191187778563354,0.05890209866176373,0.0378538417342179,0.04647354681574921
2007-09-14,-0.010828476137580161,False,0.051848224442445495,0.05883776344004649,0.0377915597172177,0.046410423968118994
2007-09-17,0.014590910030410907,False,0.05164248210159944,0.05863242690734534,0.03758500125544613,0.04620436591207004
2007-09-18,0.004816707198552034,False,0.051950099480376086,0.05894235163680143,0.03788797832033144,0.04651018819211078
2007-09-19,0.014312462710443315,False,0.051857582549050873,0.058845856167760634,0.03780346262782668,0.046420766528482676
2007-09-20,0.036687141998188295,False,0.05193746157364135,0.05892402273102949,0.03788678558407861,0.04650197783306903
2007-09-21,0.006069821367075774,False,0.05257198965958764,0.059572027122456815,0.0384942114665825,0.047126021470704486
2007-09-24,0.014021261252855986,False,0.05246446363394895,0.059460892271123486,0.038393943151768334,0.047021303080030094
2007-09-25,0.015297608951958842,False,0.052588391860463976,0.05958735072116317,0.03851278284472223,0.04714326281467645
2007-09-26,0.001956947786960947,False,0.05276521680599749,0.05976719780883342,0.0386835299589735,0.04731773655994479
2007-09-27,-0.0073583849311871,False,0.052709613557014104,0.05971155103961312,0.03862801423355632,0.047262167169326755
2007-09-28,0.0024588160900287748,False,0.051843039153255346,0.05879417130970658,0.03786361444190866,0.04643511886689164
2007-10-01,-0.0029513056345803093,False,0.051876770499415095,0.05882606469884362,0.037901042104185455,0.046470280127609884
2007-10-02,-0.057274328990188555,False,0.051650219107220216,0.05859127144786246,0.03769106591755294,0.04625014082977956
2007-10-03,-0.021619613479474564,False,0.051099303046703,0.058057896279268294,0.037104873362144096,0.045685578108094566
2007-10-04,-0.000533191161658835,False,0.05081352556311254,0.057774426185319395,0.036814455486305575,0.045398005495456015
2007-10-05,-0.009108019030727364,False,0.0508023736943115,0.05775847908106721,0.03681294731747366,0.04539058427807844
2007-10-08,-0.02286436021254524,False,0.050682054652462616,0.05763814720992805,0.036692654076615684,0.04527027521730568
2007-10-09,0.003847215517424492,False,0.05003852339124082,0.05696713877740921,0.036104382165782045,0.044648120956078216
2007-10-10,0.006560985810007635,False,0.05009380858771812,0.057022519962465976,0.03615947431958807,0.044703331474276575
2007-10-11,0.010840214552864807,False,0.0497782039284385,0.056661875426052576,0.035934449375558966,0.044422767447193985
2007-10-12,-0.009206672125903136,False,0.049921498967650434,0.05680504273619329,0.03607800129075806,0.04456616185851104
2007-10-15,0.011360684805811616,False,0.04975146464625965,0.05662810752353813,0.03592184535460009,0.04440149637043009
2007-10-16,0.005899722127188322,False,0.049899876360179056,0.05677765739119201,0.03606796812708049,0.04454902261065526
2007-10-17,0.002670228555878892,False,0.049971091683023855,0.05684934612060059,0.036138231381792014,0.04461986962731592
2007-10-18,0.004257590252641196,False,0.04994288359704422,0.056816267824607296,0.03611981777715472,0.044595450522316504
2007-10-19,-0.0021265292436870712,False,0.049989052860230435,0.056862818968462216,0.03616521903997253,0.04464132268566792
2007-10-22,-0.020430818180387476,False,0.04995048145400351,0.05682356309454425,0.0361280241669979,0.044603283789344216
2007-10-23,0.005957233973046935,False,0.049675031099918304,0.056548767079301496,0.035851257871800074,0.044327324365337636
2007-10-24,-0.007588112290492323,False,0.04975013433825006,0.05662387614500319,0.03592634939070578,0.04440242307002633
2007-10-25,-0.006550241760718542,False,0.04963871922122111,0.05651249344285922,0.035814869084088416,0.04429098273449912
2007-10-26,0.04549888308535925,False,0.04951373694668779,0.05638465925948084,0.03569562228459512,0.044168219220212475
2007-10-29,0.02071539638283816,False,0.05021255262948015,0.05709950868866208,0.036362192493493546,0.04485456078793822
2007-10-30,-0.003080084570564535,False,0.05038628804199041,0.05726397036525787,0.03655457832007901,0.045035511086233056
2007-10-31,0.0,False,0.05033778832178031,0.05721551335277484,0.0365059927103416,0.044986978139783196
2007-11-01,0.01479996394088013,False,0.050135634144101666,0.05699407793558937,0.03634261504128923,0.04479982459853733
2007-11-02,-0.0020283982613927207,False,0.05019049798187377,0.05703584158492755,0.03642382467335713,0.04486488026883292
2007-11-05,-0.016893158325038352,False,0.05015847822597272,0.05700357601776223,0.036392299268589744,0.0448330517519549
2007-11-06,0.002577985444274297,False,0.04996341467415775,0.056808866833449885,0.036196523048145905,0.04463771250530877
2007-11-07,-0.0005150656822599119,False,0.04996391342871966,0.05680404609804224,0.036207719831152466,0.04464234977674419
2007-11-08,0.002058672883536368,False,0.04994767756350064,0.05678784555743979,0.03619141292458265,0.04462608642928108
2007-11-09,-0.012416093283990006,False,0.04995276132983542,0.05678723333677843,0.03620795189268563,0.044635601623897486
2007-11-12,-0.023171126182047887,False,0.04982851281486729,0.056660611956681525,0.03608847544774455,0.04451319917733632
2007-11-13,0.0010649628269565903,False,0.04957437088579805,0.05640980389563491,0.03582762877533696,0.04425646352797723
2007-11-14,0.0015953207318595544,False,0.04959094438467875,0.05642582169417758,0.035845319843393855,0.04427346935688182
2007-11-15,0.0015927797367861123,False,0.04956784639268714,0.05640158777207215,0.03582450632091684,0.04425125510862692
2007-11-16,0.010554187678690171,False,0.049593806270644275,0.056425698630511764,0.03585418476277886,0.044278653507667194
2007-11-19,-0.010554187678690256,False,0.04972177912830064,0.056554853841790036,0.03597977978858458,0.0444057065045018
2007-11-20,0.027212563524884794,False,0.04943449347945554,0.0562564409679112,0.035714872106537454,0.04412707773983563
2007-11-21,-0.01090070487619005,False,0.04965764802310819,0.05647778801986297,0.035941661697485985,0.04435163849629169
2007-11-26,-0.00785961604237674,False,0.049532821123660406,0.05635333802426449,0.03581607680655336,0.04422651836893128
2007-11-27,0.0010515248077204197,False,0.04940382826919025,0.056222222461785126,0.0356913529310252,0.044099176962807476
2007-11-28,-0.0005256241908138504,False,0.04919590125765562,0.05598949469778359,0.03553330272287921,0.04391054472072394
2007-11-29,0.033603575283723465,False,0.04918003602415606,0.05597356558085567,0.035517565965368474,0.04389472918797535
2007-11-30,0.005576693793598256,False,0.04956195521950332,0.05636065940333023,0.03588907846599216,0.044272622568478893
2007-12-03,0.03770287830584605,False,0.049588682429332176,0.05638699708553141,0.03591658905499172,0.044299652827410024
2007-12-04,0.02831962712755314,False,0.04998319427412252,0.056795370970888416,0.03628322294435178,0.04468338012535193
2007-12-05,0.009889414245642077,False,0.050182049516002365,0.05700178386506078,0.03646687898862757,0.04487635557956121
2007-12-06,0.008399489419976348,False,0.0501980843756067,0.05701467880312337,0.03648922854572356,0.04489483327078218
2007-12-07,0.0,False,0.05012210357500719,0.05693217360675176,0.03642636896011898,0.04482392839327808
2007-12-10,0.029306126585499487,False,0.050092383722051645,0.05690250880735191,0.03639653838893513,0.044794165709135615
2007-12-11,-0.00497625998622802,False,0.05020342421512006,0.057020677080041375,0.0364932442015042,0.04489966085172847
2007-12-12,0.018423347417442025,False,0.05016398170858724,0.05698119482327928,0.036453881636673686,0.0448602492705279
2007-12-13,-0.020239053771926793,False,0.05017760551831547,0.056998471663026955,0.03646015883624178,0.04487103105471205
2007-12-14,-0.055582832351547456,False,0.05014224684927697,0.05696520526701081,0.03642059239607573,0.04483404461548195
2007-12-17,0.00191938638580367,False,0.05005820484329101,0.05689881691557403,0.036301047118234786,0.04473626821998702
2007-12-18,0.013333530869465168,False,0.0500176669620823,0.05685603750657885,0.0362650171744705,0.044697474227876656
2007-12-19,0.008478618855552195,False,0.05005757718060699,0.05689576349039535,0.036305297907491874,0.044737527779399974
2007-12-20,-0.018939960100921614,False,0.05006431290474726,0.0569017758977533,0.03631348829430772,0.04474482623769817
2007-12-21,-0.0028721896240957384,False,0.049958639047070215,0.05679678310136033,0.03620644475400485,0.04463862252027288
2007-12-26,-0.025244058952212538,False,0.04992172164215716,0.05675952290765379,0.03617021673177403,0.04460197180205612
2007-12-27,0.015610073071078668,False,0.049680730847537415,0.056507224129698795,0.035951967427046025,0.044369778519999806
2007-12-28,-0.004365760026626671,False,0.04978165267252034,0.05661223031420663,0.03604467519492467,0.044467522748839486
2007-12-31,-0.01075279177626185,False,0.04970357117042713,0.056526619490895456,0.03598173591379993,0.044395298993087556
2008-01-02,0.030011933025224636,False,0.04958630229431154,0.05639809007273166,0.03588711311838442,0.04428679072062722
2008-01-03,0.010908336764138287,False,0.04983313202375013,0.05665272361676296,0.03611824859311676,0.044527549150269304
2008-01-04,-0.010431578709815707,False,0.049890340415801565,0.05670437228670326,0.03618663814457063,0.04458908295770842
2008-01-07,0.015606843142374753,False,0.04984432839546793,0.0566477964323122,0.036161871055212985,0.04455128950828023
2008-01-08,0.011663299930270607,False,0.04983130315298731,0.056634371334336575,0.036149649962281274,0.04453857534989274
2008-01-09,-0.0023218027611576803,False,0.0499093045673895,0.056705692903917256,0.03624108521532498,0.0446217736253971
2008-01-10,0.006949298293205944,False,0.04990425108998355,0.05670030646677834,0.03623670135337364,0.04461697918776395
2008-01-11,-0.001848429361782316,False,0.04984349195353022,0.056638565490761836,0.03617791679486577,0.044556983913940786
2008-01-14,0.018332319083471656,False,0.049621482933475375,0.05640635968256153,0.035976414539603874,0.044342907906268166
2008-01-15,-0.007292648546141398,False,0.04971168572300483,0.05649456057355923,0.03607064334808603,0.044434668155422546
2008-01-16,-0.014746811020150019,False,0.04966537710561451,0.056448361222630125,0.036024114984870986,0.04438827452967688
2008-01-17,0.007861312161957998,False,0.04960350794280571,0.05638763066218063,0.0359599559783936,0.04432551954414764
2008-01-18,-0.013914881288609028,False,0.04955277292289107,0.056335954452514915,0.03591111378557075,0.044275516761663344
2008-01-22,-0.004681656491065668,False,0.049402134667223825,0.056182025133632706,0.035767094188475713,0.044127438924518335
2008-01-23,0.003279459486373459,False,0.048957185379343654,0.05569942062093366,0.03539787333856745,0.0437117850736407
2008-01-24,0.024943556482915567,False,0.04852318501541576,0.05521425965981357,0.035066762072492784,0.04331758720881525
2008-01-25,0.009082714574319226,False,0.048553407493763356,0.05524370998807766,0.03509853742218783,0.04334841041320383
2008-01-28,0.000451977408824306,False,0.04851698256425959,0.055202830047663576,0.035071071966940544,0.043315451443393486
2008-01-29,0.009892166996619647,False,0.048442890017935246,0.05512287411513354,0.03500877127900287,0.04324592056047804
2008-01-30,0.0234368454520194,False,0.04843226602908103,0.05511246706884231,0.034997710996871864,0.043235127792198985
2008-01-31,0.016471980578921276,False,0.048192512248682685,0.0548436602995045,0.034816385694364294,0.04301797698419838
2008-02-01,0.0,False,0.048162043842388036,0.05481258876095617,0.034787130247590684,0.042987977809544935
2008-02-04,0.00856169613481098,False,0.04814947664844797,0.05479802547820147,0.03477857738867883,0.042976963555320456
2008-02-05,-0.003415887181407072,False,0.047953229842373296,0.0545907029659253,0.034604604939857606,0.042789333552221864
2008-02-06,0.006820145788208327,False,0.047940726443460674,0.054578142659829444,0.03459221598700437,0.042776874426602246
2008-02-07,-0.008532474973720703,False,0.047909739199983606,0.05454651152415224,0.034562523675393295,0.04274638812564979
2008-02-08,0.018676264404225738,False,0.047761659387681975,0.05438503646026266,0.034441383059016666,0.042608729702436
2008-02-11,0.003358525407134224,False,0.04770603369718192,0.054332846049152346,0.03437884867673655,0.04255043139448558
2008-02-12,0.014562354280197165,False,0.04767297312151622,0.05429994781478854,0.03434546161641246,0.04251724451870069
2008-02-13,0.013538668332798265,False,0.04759676917368398,0.05422534611860614,0.03426603537963458,0.0424397940330375
2008-02-14,0.0052834912585000594,False,0.047519173256091445,0.05414983509523588,0.03418424653042236,0.042360576085895565
2008-02-15,0.011686612959961658,False,0.047221713981047256,0.05381878313333612,0.03395434552159723,0.04208925162869556
2008-02-19,-0.0028084271217263253,False,0.047129128560786465,0.053727484931329644,0.03385917137618084,0.04199566476384218
2008-02-20,-0.013347013100558969,False,0.04712943020588114,0.053727588093588755,0.03385987219018696,0.0419961208268545
2008-02-21,0.01173864926369608,False,0.04715109511871674,0.053747134759107765,0.03388579711106381,0.042019433717656436
2008-02-22,0.030515543925950413,False,0.04706572481769996,0.05365941965083917,0.033805142452866324,0.041935887656262695
2008-02-25,0.009710699729349478,False,0.04687123232964324,0.053472566832596234,0.033595285821735134,0.041735451571618086
2008-02-26,0.013438482137616019,False,0.046789463161991236,0.05338958261421445,0.033515960243100724,0.041654627702853025
2008-02-27,0.03559094510270253,False,0.046491194312446825,0.05305611205988149,0.03328848555639579,0.04138374547309312
2008-02-28,0.03009108673694745,False,0.04613447221717268,0.05270970473157151,0.03291101942907833,0.041018998578943165
2008-02-29,-0.01656501687469517,False,0.04560353251514296,0.052185281644685805,0.03236697415967797,0.04048298900707893
2008-03-03,0.006514681021193672,False,0.04599926878707402,0.05258114445441055,0.03276245595140063,0.040878626833708416
2008-03-04,-0.0072411612565595855,False,0.045849985366567564,0.05243044202934373,0.03261602629154353,0.040730447386393046
2008-03-07,-0.00441339443841275,False,0.04588241352720176,0.05246122245341755,0.03265176821584549,0.040764157471722504
2008-03-10,-0.005544275891230564,False,0.04606726609690164,0.052646883809143966,0.03283499423563795,0.04094838081293676
2008-03-11,0.024891475457002262,False,0.046129085821087816,0.052708402355153006,0.03289741965937884,0.041010434851122046
2008-03-12,0.0007228045128565787,False,0.04583948934718407,0.052423081470663366,0.032599224545862754,0.04071751200588651
2008-03-13,0.05414327557308464,False,0.045827787129716496,0.05241134466863489,0.032587591881419714,0.040705836694906156
2008-03-14,-0.00617921636595812,False,0.04527375514528324,0.051882372829505835,0.031983161428557054,0.04013230813565321
2008-03-17,-0.06178748776568126,False,0.045806108860471255,0.05241436231320296,0.032516247649844746,0.04066494521976935
2008-03-18,-0.0472528848505455,False,0.04638820202208337,0.05302704184840766,0.03303682854306562,0.041223242449076526
2008-03-19,-0.02764435332678468,False,0.04689361738038088,0.05354773249426565,0.033511523764327936,0.041716773766671156
2008-03-20,-0.09693012523849363,False,0.04710500613416289,0.05376493012382636,0.033711230285665174,0.041923643265681765
2008-03-24,-0.01489948684604718,False,0.04792641680445461,0.05466008727393542,0.03438432938035601,0.04268767981686946
2008-03-25,0.05706029767032506,False,0.04785738485063973,0.05458173271568404,0.03433404612012089,0.04262590076812374
2008-03-26,0.010371385229066086,False,0.04801450207286584,0.05476672465899431,0.03443510447942002,0.04276133170008304
2008-03-27,0.003707522269531828,False,0.04788638787280774,0.05462749319940766,0.034329348204528355,0.04264186663112762
2008-03-28,-0.02878196589914982,False,0.04783188898436207,0.05457036057576959,0.034280146022000954,0.04258941676572674
2008-03-31,-0.01793387091247077,False,0.04791661091413214,0.05465820987560306,0.03435857849656262,0.04267170562882103
2008-04-01,-0.01694587585241609,False,0.04789734288477432,0.05463706244723313,0.034343090127323596,0.042653899755528565
2008-04-02,-0.0230506659678565,False,0.047890641556740096,0.05463043121838996,0.0343362478227777,0.042647143890934144
2008-04-03,0.007594407731164727,False,0.04788031723616059,0.054620895645674454,0.0343243372510476,0.042636205931384966
2008-04-04,0.0075371671377444,False,0.04787813833768807,0.05461915624802569,0.03432127447228942,0.042633685105098795
2008-04-07,0.022276527197260833,False,0.04780515202847697,0.05453767335888942,0.034265375638426854,0.04256730906108016
2008-04-08,-0.011731614020645887,False,0.04783286912450936,0.0545695851117493,0.03428465685840482,0.04259176275062839
2008-04-09,0.03774032798284711,False,0.04774940591971372,0.05447636132562017,0.03422082316270487,0.04251589319311379
2008-04-10,0.03839480886264396,False,0.047756782331332806,0.05448758860871219,0.0342204550851361,0.04252027366026082
2008-04-11,0.0287444939749846,False,0.04774103622377075,0.05448438876897371,0.034179477173243406,0.04249476666558655
2008-04-14,0.003535654832307797,False,0.04766422974870812,0.05441297517735292,0.03409182506809413,0.04241376457416808
2008-04-15,0.03468555798789011,False,0.04740751305582837,0.054115085226350425,0.03391791193139673,0.04218908031756578
2008-04-16,0.017274180942820957,False,0.04721720005900947,0.05393277451845084,0.0337115055280725,0.04199254160965262
2008-04-17,0.032957944543512335,False,0.0465449007938486,0.05325181747600825,0.033056617922329605,0.04132697801982389
2008-04-18,-0.027759269634274716,False,0.04650069339790744,0.053203180352217695,0.033021319153870805,0.041286216913574925
2008-04-21,0.007747686790825957,False,0.04688228009834248,0.05359014647654524,0.033392087292724325,0.0416636184690663
2008-04-22,0.04174769602560498,False,0.046812399691933314,0.05352066737693798,0.0333213998180424,0.041593425849459895
2008-04-23,0.01051903107451838,False,0.046653684839399696,0.0533768461046041,0.03313273248030226,0.041423123921226095
2008-04-24,-0.0027942735610580233,False,0.046643238614307164,0.05336594753619277,0.033123195963042425,0.04141302961529652
2008-04-25,-0.002100841108811839,False,0.04663773561180191,0.05336035652421666,0.03311786995641982,0.04140759508339318
2008-04-28,0.0038481768670362865,False,0.04644221563966618,0.053143518707262416,0.03296522231068235,0.041228660208887734
2008-04-29,0.0020927806731305776,False,0.04634855987286486,0.05302941367716996,0.03291269206561574,0.041150913790852096
2008-04-30,0.004172467805800703,False,0.04584306656857108,0.05249560497335968,0.032464143872823724,0.040667449620808
2008-05-01,-0.057485037776221125,False,0.04575488996796369,0.052404100695358585,0.03238265956557831,0.04058186192423506
2008-05-02,0.00695846059886967,False,0.04628056692086363,0.0529466954329704,0.03287431315475284,0.04109437698795141
2008-05-08,0.008248208856495673,False,0.04638609660204072,0.05305252511959977,0.03297923949484263,0.041199673267499105
2008-05-09,0.02643325706815543,False,0.04630032519444889,0.05296918003569834,0.03288858850668869,0.04111201420120489
2008-05-12,0.001737619898540878,False,0.04594825056847416,0.052619404940788865,0.03253188929285194,0.04075815056008602
2008-05-13,-0.06342802685354396,False,0.04592843599048847,0.0525995802137316,0.03251209512566821,0.04073834387798962
2008-05-14,0.0259280545983293,False,0.046720040760311984,0.053424922217006204,0.03323585093155554,0.04150370137397637
2008-05-15,-0.053686776144895657,False,0.046545601722121535,0.05325622447727772,0.033049865565689555,0.04132479565557848
2008-05-16,0.017719596518237887,False,0.047067775771286686,0.05379653114979802,0.033535573088638956,0.04183286268167455
2008-05-19,-0.024589852548990276,False,0.04667039528621331,0.053395813896265625,0.03314490317997274,0.04143807817340529
2008-05-20,-0.003068663704563505,False,0.0469690101333255,0.053683760512783105,0.03346497290997958,0.04174499281101983
2008-05-21,-0.0065523456627626315,False,0.04697486335451769,0.053689527555470566,0.03347099944479775,0.04175091307833825
2008-05-22,-0.004651171175730844,False,0.04698668255938556,0.053700774353165975,0.03348396981796329,0.04176317761100169
2008-05-23,0.0011648224962931065,False,0.04687946718336905,0.05357874988320781,0.033406537016805286,0.041667483581112295
2008-05-27,0.0050319440412183135,False,0.04686497945235564,0.05356387135180402,0.033392835224616134,0.04165329988939945
2008-05-28,0.012279509630061781,False,0.04683243878194152,0.05353041076741446,0.03336214459357275,0.0416214749040475
2008-05-29,0.04036422385536035,False,0.04677954314145063,0.05347850586129889,0.0333072564867761,0.04156780848084006
2008-05-30,-0.0025673955052458097,False,0.046540749764483164,0.05323772818202409,0.03307245374098721,0.041330558873788135
2008-06-02,0.024307382141651814,False,0.04653747432094765,0.053233129451105206,0.033071839561247394,0.04132831293631351
2008-06-03,0.006074701546471114,False,0.04646905270477377,0.053168896812286114,0.032994993491008956,0.04125663233223577
2008-06-04,-0.003926473008181609,False,0.04635970695974149,0.05304823071753342,0.032908414105910666,0.0411560937207069
2008-06-05,-0.0014316394714377388,False,0.046306136796397536,0.052990436211682014,0.032863339519504244,0.041105810059047634
2008-06-06,0.030337423565050137,False,0.04630705277289626,0.05299005050437393,0.032866873312837074,0.041107738734212834
2008-06-09,-0.0027835786936463705,False,0.046077285144618736,0.052767741945952656,0.03262210474613322,0.04087216801454168
2008-06-10,-0.004189950263854065,False,0.04608123203667565,0.05276999902719294,0.032629450017411785,0.04087742956469884
2008-06-11,0.020433611377908733,False,0.046112992124501914,0.0528017214646891,0.03266128582383227,0.040909218944154065
2008-06-12,0.018342905594886244,False,0.045970876687433215,0.05266321952476732,0.03251190328117948,0.040764292237771865
2008-06-13,0.0006729475354900949,False,0.045809698271339766,0.05250438917726014,0.03234600266339568,0.040601287044765566
2008-06-16,0.010040244985232505,False,0.045737997841052896,0.05241810285651002,0.03230363592336094,0.0405409343102433
2008-06-17,-0.001666389320787318,False,0.04565326345751207,0.05233305857707763,0.032219524771573874,0.040456441023007494
2008-06-18,0.023080483824603787,False,0.04566476203556562,0.05234469127548501,0.032230753620129206,0.0404678352565937
2008-06-19,0.030495060818502038,False,0.04541338785027664,0.05209242448537591,0.03198117455275757,0.04021715551008186
2008-06-20,0.012879084882601007,False,0.04519136756145511,0.05187445117111886,0.0317510153917409,0.039991986710290736
2008-06-23,-0.004065681910006285,False,0.04513071480838595,0.05180175984291578,0.031714573422027395,0.0399406998638423
2008-06-24,0.012147789938458742,False,0.0451163054531892,0.05178728738579126,0.03170029097114329,0.03992633960139585
2008-06-25,-0.009331327428884305,False,0.04508375158352653,0.05175467421612456,0.031667856359742896,0.03989383186661993
2008-06-26,0.011496165138426356,False,0.04506495264963947,0.05173364540100911,0.03165354194090259,0.039876767760910474
2008-06-27,0.011670894143108035,False,0.044989805049328056,0.05165274998923323,0.0315899537665687,0.03980609190786572
2008-06-30,-0.009202518931161894,False,0.04498556023951871,0.0516483325817274,0.03158605606805706,0.03980198137756124
2008-07-01,0.034825623819059494,True,,,,
2008-07-02,-0.008068174649510203,True,,,,
2008-07-08,0.01680711831638119,True,,,,
2008-07-09,-0.011398044952369311,False,0.04628492565017189,0.05303967285449648,0.03270045079604347,0.041029791146417215
2008-07-15,0.012566302927663068,False,0.04635385092403435,0.05310832902579735,0.03276991726217715,0.041098925779729206
2008-07-16,0.021457260161782746,False,0.04618716536267854,0.052946808131532984,0.03259284503672996,0.04092822215235085
2008-07-17,-0.060664828478684235,False,0.04593255568765474,0.05268541681916416,0.032351873915333194,0.0406788885321261
2008-07-18,-0.044374092064616066,False,0.04665623118476534,0.05343980525187545,0.033013782615146495,0.04137866963279157
2008-07-21,0.00924615406508783,False,0.04704727049509075,0.05384729170811606,0.03337174506362219,0.04175691320681882
2008-07-22,-0.01533827109715305,False,0.04703213702612078,0.053831001137616234,0.033358938642010255,0.04174267995276289
2008-07-23,-0.010115693194788082,False,0.04703599754643341,0.05383590743944387,0.03336069599069206,0.04174572686416365
2008-07-24,-0.003637690442824361,False,0.04702594026951804,0.0538263945582941,0.03334954387923075,0.041735246052083314
2008-07-25,0.024834819644080967,False,0.047021453585636655,0.0538197164037337,0.033349464462924604,0.041732464313306586
2008-07-28,-0.006419422900657304,False,0.04704376784693682,0.053837825025260404,0.033380236688086304,0.041758050525727244
2008-07-29,0.014209830572653003,False,0.04699259017262619,0.053782934695000666,0.033336525537667284,0.04170976126541475
2008-07-30,-0.009569451016150672,False,0.046678568951837016,0.05343104579375102,0.03309866002447736,0.041425200770267165
2008-07-31,0.017649593344110988,False,0.046679594277742174,0.053431642378407855,0.033100547592081635,0.041426559653129975
2008-08-01,0.04715598614729748,False,0.04670667976763326,0.05346147943279641,0.03312209940949104,0.04145150444980302
2008-08-04,-0.07374858311121928,False,0.04645633031653128,0.053225175331369216,0.0328435033499368,0.04119022783896276
2008-08-05,-0.023633166814801713,False,0.04707772136073023,0.0538923099797568,0.033372899413118585,0.041776030757444176
2008-08-06,0.013884037422460166,False,0.0473175572682489,0.05413460381352265,0.03360779218416031,0.04201395441974647
2008-08-07,0.010467520227835125,False,0.047283412149754435,0.054101473783308936,0.03357160562121093,0.04197901957140909
2008-08-08,-0.03545045071834429,False,0.04709373678466475,0.05391318940095022,0.03337913285018441,0.04178826203386758
2008-08-11,-0.006718950248744981,False,0.04744071573695262,0.05426924528614587,0.03370785717900397,0.0421281792113963
2008-08-12,0.00857734141730365,False,0.04745729252912429,0.05428150538979232,0.03373311526522713,0.04214811434965032
2008-08-13,-0.0007429420846931526,False,0.04735357093858337,0.05417173706649682,0.03364155426139203,0.04204909706453673
2008-08-14,-0.012715204967092284,False,0.04732308509010265,0.05413170346144766,0.03363026991003532,0.04202603928752315
2008-08-15,-0.022840734097065083,False,0.04735731432400594,0.054167190469146774,0.03366196963454547,0.04205928998436614
2008-08-18,0.004610073473980068,False,0.04742842172549111,0.054241977345773816,0.033725677242074016,0.042127534786232296
2008-08-19,0.025356136111390714,False,0.04738231276103983,0.054193414027312495,0.03368450422997211,0.04208333528782799
2008-08-20,-0.0067491819749284495,False,0.04728610460343951,0.05409594974955474,0.033590822256132066,0.0419881043807717
2008-08-21,0.06058035933994202,False,0.04696418161349668,0.053772812568338116,0.03327134112675456,0.04166712602106654
2008-08-22,-0.012112723797721402,False,0.04723279037517832,0.054070790771876334,0.03348088499195496,0.041912885612736664
2008-09-03,0.0014986889279467019,False,0.047233182085741135,0.054072241685456275,0.03347914653889858,0.04191245327257583
2008-09-04,-0.002624181449681154,False,0.04760304928273226,0.05445753994082115,0.03381798032810849,0.04227031524052783
2008-09-05,-0.004137677522540079,False,0.04758679911562649,0.05443520359139701,0.03381397008474237,0.04225880007026648
2008-09-08,-0.03490287168106014,False,0.04758218493024598,0.05442781898876428,0.03381492748662629,0.042256341245383036
2008-09-16,-0.01045103377348292,False,0.04771462991061939,0.054570193335761914,0.033927403513737034,0.042381061264988994
2008-09-17,-0.008989702909808443,False,0.0476973497505618,0.05454762995181589,0.03392074844739359,0.04236789140710962
2008-09-18,0.041905035616867474,False,0.04771249794932164,0.054562886024482955,0.033935679700894686,0.04238295568090904
2008-09-19,0.012719961999560367,False,0.047769501045750166,0.05463487155454277,0.03396255161894431,0.042428302574441384
2008-09-22,0.013294139660593132,False,0.0477437849670775,0.05461062166582156,0.03393388688506301,0.04240144581275425
2008-09-23,-0.008843093736333707,False,0.04739659843137681,0.05423111303850304,0.03365170332098118,0.04207940558286729
2008-09-24,0.020150892503652554,False,0.04740592051137221,0.05423560741176973,0.03367073440394524,0.04209248357665733
2008-09-25,-0.006185211641680838,False,0.04738271415132367,0.05421486242137602,0.03364257798238122,0.04206736229245125
2008-09-26,0.0010942915554873272,False,0.047354865260492235,0.054184282272258265,0.03362022192620198,0.04204163829678243
2008-09-29,-0.07021751564641664,False,0.04735435970754406,0.05418281750085068,0.033621645457888226,0.04204187900744266
2008-09-30,0.0003910068476013222,False,0.047670906949626154,0.054528625481603754,0.03387934641650994,0.042335661649645036
2008-10-01,-0.018544622981202977,False,0.04763629739418539,0.054491059606730216,0.03385068231628465,0.04230335208497896
2008-10-02,-0.024184975629472402,False,0.0476254777161641,0.05447538788797121,0.03384962057936743,0.042296307252399405
2008-10-03,0.007317105817066848,False,0.04747878571558574,0.054303179742843224,0.03375424410748672,0.04216946659008279
2008-10-06,-0.028344473009142553,False,0.04748267852634801,0.054307617405939895,0.033757041165497305,0.04217293551047353
2008-10-07,0.009124907777000674,False,0.04751651536811711,0.05434698133156936,0.033779762486663416,0.04220247232912983
2008-10-08,-0.03358837995537496,False,0.04752765633846805,0.05435886694580404,0.03378940590339644,0.04221303397302368
2008-10-09,-0.005136997597916357,False,0.04753638586391946,0.05437442170531357,0.03378440919785333,0.04221645352581289
2008-10-10,-0.03760827991715931,False,0.04750423977003276,0.05433689205597791,0.033763089974523014,0.04218849579118479
2008-10-13,0.014598799421152631,False,0.047513284539990194,0.054356690904618976,0.033750507212459174,0.04218917398157426
2008-10-14,0.013089192110014046,False,0.04754024081114753,0.054384452156230056,0.03377584458709806,0.042215503984948444
2008-10-15,-0.04703617664729203,False,0.04757110866465811,0.05441665621915853,0.033804025189304025,0.0422453322791678
2008-10-16,-0.03561069916463223,False,0.0476057853226267,0.05446803582465711,0.033805110542691204,0.04226701418940948
2008-10-17,-0.0009420631879010176,False,0.047586850563955785,0.05445920824628376,0.033765849229606744,0.04224021613248169
2008-10-20,-0.017590184941026633,False,0.04758092729156184,0.054452882837707314,0.033760734693453226,0.042234605718535864
2008-10-21,-0.023290718006095994,False,0.04754728832458591,0.05442171346887514,0.03372212911664442,0.04219904542570968
2008-10-22,-0.020332959355396574,False,0.04749935613644974,0.054377470845736714,0.03366677684283834,0.04214824278813446
2008-10-23,-0.003010539152871152,False,0.047433648163205826,0.05431125410486816,0.033602092052371614,0.04208293063167212
2008-10-24,-0.006554094547921119,False,0.04742026253444514,0.0542968067670533,0.03359084162712226,0.04207037100331008
2008-10-27,-0.010678972575854255,False,0.04740128457588457,0.05427821838661374,0.03357108018784382,0.04205108995636385
2008-10-28,0.005099450112349261,False,0.04728875619631322,0.0541569498086192,0.03347612922488162,0.041945361375054974
2008-10-29,0.08340195461203581,False,0.047302268316266265,0.05417017212240141,0.03349022417414289,0.04195909896168526
2008-10-30,-0.0251138524458901,False,0.04797410236953985,0.05489856838462918,0.034048305945948404,0.0425869281089435
2008-10-31,-0.01498698585432399,False,0.04758922433455556,0.05446898242927284,0.033753340027835886,0.042236832446686336
2008-11-03,-0.04177633837980803,False,0.0475567153448608,0.05443813312665336,0.03371749324078795,0.042203032234899775
2008-11-04,0.015121255861274437,False,0.04751737448660013,0.05441084214024139,0.033653918880343914,0.042154316681272654
2008-11-05,-0.013091828477784683,False,0.04758176287400556,0.054477610679735666,0.033713520542913905,0.04221685333107962
2008-11-06,-0.030882536582362514,False,0.04739656055941941,0.05426678203784405,0.03357985534561053,0.042051588075979765
2008-11-07,0.011951298396269378,False,0.04734087539867383,0.054214325929124486,0.03351767623702009,0.04199339074087694
2008-11-10,0.0015483874061295432,False,0.0473707632013262,0.05424443233195083,0.03354712441277356,0.04202310847449758
2008-11-11,0.0005155968147220496,False,0.04733617117574103,0.05420047580489083,0.03353136533991899,0.04199580194951252
2008-11-12,-0.014538158446027169,False,0.047339632367780285,0.05420299995556694,0.03353671101622535,0.04199999215157242
2008-11-13,0.007814574803019713,False,0.04730588870880673,0.0541709622455778,0.03349953652255436,0.04196492127914463
2008-11-14,0.05698541842389571,False,0.04730293505951839,0.05416619817472911,0.03350022381280345,0.04196337612206484
2008-11-17,0.037050184296603166,False,0.047659448024140856,0.05454975832448133,0.03380234217239398,0.04229884661218675
2008-11-18,0.034814376933041014,False,0.047793811923964945,0.054686951357446854,0.03393101640140489,0.04243100947106326
2008-11-19,-0.004114291517962218,False,0.047944005169156416,0.054847566458733954,0.03406025024755716,0.042573094602967196
2008-11-20,-0.0018340216053239877,False,0.04791898345276895,0.054821548497279604,0.03403723208002952,0.04254884795656634
2008-11-21,-0.0041388884101146405,False,0.047886240857996816,0.05478235963495613,0.034017453576555716,0.042521120501814204
2008-11-24,0.019621893516544482,False,0.04787473558353484,0.05476833896236914,0.03401100702028759,0.04251157218518908
2008-11-25,0.019244272566899808,False,0.04793427977965438,0.054831229426682636,0.03406382153507918,0.042568513013793455
2008-12-02,0.01838204639493368,False,0.04796242489447362,0.05486081569150974,0.034089068352530554,0.0425955369264563
2008-12-03,-0.012516926942535643,False,0.0477265215477359,0.05459831401941139,0.0339066569087603,0.0423803268452275
2008-12-04,0.011628037995119214,False,0.04771569807041947,0.054588616949870244,0.033893568112308155,0.0423686270324708
2008-12-05,-0.0156848386907335,False,0.047724878493370315,0.054594763757218535,0.03390884944083304,0.04238016758194332
2008-12-08,0.03331420668398442,False,0.04756472886116801,0.054419507020403074,0.03377908171287205,0.042231771145575435
2008-12-16,-0.005047574296704258,False,0.04766453386501785,0.054525140352855085,0.03386716536269593,0.042327041760526624
2008-12-17,0.01812971546720565,False,0.048498529668003505,0.05547028196712599,0.034477635779331155,0.04307456709020443
2008-12-18,0.021180822079447045,False,0.04842085876659409,0.055385919041796856,0.03441342320995266,0.04300210252512955
2008-12-19,-0.02924073905654736,False,0.048416837790080026,0.05538595264131475,0.03440124807392909,0.04299492712377038
2008-12-22,-0.012798313143309509,False,0.04848619042977015,0.05545919125735146,0.03446278562500567,0.04306125650770244
2008-12-23,0.03414872383234591,False,0.048355263272940326,0.05530565564185518,0.03437732634860938,0.042947918534837745
2008-12-24,-0.00947515142628406,False,0.048385797602953695,0.05534558753785571,0.034388961229837915,0.04297114164034831
2008-12-26,0.0,False,0.04840322762919615,0.055362629359154265,0.034407171975201184,0.04298887368665659
2008-12-29,-0.028976336720930067,False,0.048312689614186145,0.05526312868979213,0.03433465875800963,0.042905308538684586
2008-12-30,-0.008661471471846276,False,0.04837056832601181,0.055326077843387146,0.03438234030232756,0.042959242490967775
2008-12-31,0.052380089929979744,False,0.04837222526388327,0.055326434068836895,0.03438661310348013,0.04296191137177654
2009-01-02,-0.048039976587362636,False,0.04848416679544821,0.05546103688475364,0.034452980516854234,0.04305622262145317
2009-01-05,0.005888142625222532,False,0.048667354018595475,0.055662355711175705,0.034599703265269725,0.04322530361514498
2009-01-06,0.005075162172046885,False,0.048642254286660254,0.055635406445836845,0.034578323130715946,0.043201642804091805
2009-01-07,0.010844413014128876,False,0.04842442776222022,0.05539190700598926,0.03441212741690977,0.043003789584275795
2009-01-08,0.007674634753108666,False,0.04841839388294472,0.055386566083102454,0.034404699932758714,0.042997216590964255
2009-01-09,-0.011920925634559789,False,0.04840386112294031,0.05537150155211628,0.03439123661759234,0.04298309754415292
2009-01-12,-0.03103765148651589,False,0.048201168815805745,0.05513868965542812,0.03424911782927805,0.04280383801540578
2009-01-13,-0.008415196925284472,False,0.048260794474507346,0.0552057555848682,0.034293780356466755,0.04285767520826369
2009-01-14,-0.03563760294326953,False,0.04825834990443806,0.055203045667459774,0.03429186942653929,0.04285543707611357
2009-01-15,-0.013011726073475675,False,0.04829961528445444,0.05525341982857218,0.03431481613318306,0.042889615903757686
2009-01-16,0.039756788606553954,False,0.04828530081397856,0.05523835086742238,0.03430201901920883,0.04287588842045591
2009-01-20,0.0028380315014849638,False,0.04840617387352925,0.055371769934771845,0.03439766079736487,0.04298700079519142
2009-01-21,0.052062229450427634,False,0.048399137957278154,0.0553650030017592,0.034390083928813354,0.042979755612323145
2009-01-22,-0.008490981156787444,False,0.04855822591118485,0.05554604374830089,0.03450502261250945,0.04312176448472756
2009-01-23,0.03091259306202617,False,0.04855426807363834,0.05554161055081266,0.034502020771535365,0.04311817647307622
2009-01-26,0.002252253204325053,False,0.04855324683937257,0.055544929889600976,0.03449227020903241,0.043113778310772635
2009-01-27,0.028826829761616747,False,0.04854828043024289,0.055539921520415605,0.034487388185787816,0.04310884454620088
2009-01-28,0.016977109938632117,False,0.04816420077658137,0.05514690393739493,0.03412128360550131,0.042731718523748144
2009-01-29,0.0032183113778453433,False,0.0481933155585886,0.05517861796187514,0.034145171049912326,0.042758811117745925
2009-01-30,-0.010768230397130093,False,0.04843738239105603,0.055422188457403855,0.0343902360657994,0.04300326409602951
2009-02-02,-0.01857638557293542,False,0.0484602512294652,0.05544580818378119,0.034411594793109915,0.043025548750138275
2009-02-03,0.009513427037873324,False,0.04850677243891511,0.05549506692816863,0.03445261054493184,0.0430699401812456
2009-02-04,-0.006576567364563602,False,0.04849915618673659,0.05548816583094214,0.034443556044337985,0.043061767544742065
2009-02-05,0.013471894993082554,False,0.04850088931807034,0.05548714362481991,0.034450830435951846,0.043065644304622744
2009-02-06,0.022529113060028104,False,0.048486173552144025,0.05547337300215851,0.034434213892020435,0.04305019322546674
2009-02-09,0.0014134277971469427,False,0.04847879930817516,0.05546935202934139,0.034420095883072356,0.04304021016574254
2009-02-10,-0.04108686010252136,False,0.04847961229250668,0.055468999143374845,0.03442325354963525,0.04304193018701341
2009-02-11,-0.0014727543162745406,False,0.048587961979814645,0.05558660291241167,0.03451299234940868,0.043143080279322045
2009-02-12,-0.026130639423237505,False,0.04854249012983903,0.05553679997012534,0.034476230760943395,0.04310097798144846
2009-02-13,0.04003499808165733,False,0.048599584696391994,0.05559730682236325,0.03452646287836538,0.04315541781945316
2009-02-17,-0.021672106241635382,False,0.04865718482887872,0.05566821492058018,0.03455729935555119,0.04320266447048928
2009-02-18,-0.018741178207309712,False,0.048686694574404756,0.055699857844218194,0.03458251906570728,0.043230514622020176
2009-02-19,0.004530019071750119,False,0.048715610001337756,0.05573073391990149,0.03460749143113988,0.043257904681299024
2009-02-20,-0.04901617840929118,False,0.04871202592589674,0.055727363028500114,0.034603478621189926,0.04325415475053162
2009-02-23,-0.049462858732123895,False,0.048852086556159004,0.05588532570974709,0.034707536429424535,0.043380287741021144
2009-02-24,-0.007090749208814676,False,0.04894538403565122,0.05599713012563668,0.03476361460158928,0.04345918698515699
2009-02-25,0.04541586353048262,False,0.04893700090749941,0.05598906944021477,0.034754583008732014,0.04345055299936919
2009-02-26,-0.0032051309489483358,False,0.04909828976177851,0.056166937418054154,0.03488252958086561,0.04359894343989153
2009-02-27,0.006400021845467505,False,0.049093396431147546,0.05616179569558148,0.0348781357911687,0.04359424335595039
2009-03-02,-0.09180754925312286,False,0.049096946562345416,0.056165795383575176,0.034880781818511356,0.043597443735875915
2009-03-03,0.0074026029310604495,False,0.0494531218230368,0.0565887570291979,0.03510264295326224,0.04390165977067517
2009-03-04,0.01720472544963076,False,0.04946650042638568,0.05660199709419879,0.035116300171139196,0.04391514615565238
2009-03-09,-0.026168087136871746,False,0.04950491731261623,0.05664175410168401,0.035152021938968575,0.043952520439216734
2009-03-17,-0.009966859915392147,False,0.04949540601045903,0.056640914341473204,0.035125071295270656,0.04393626275293814
2009-03-18,0.022695424292772624,False,0.049790156166082455,0.0569621935859488,0.035366468789497015,0.044210373508453304
2009-03-19,0.05554779703399748,False,0.04984823122905808,0.05702446232939833,0.035416109939963275,0.044265185924539346
2009-03-24,0.006151499598064101,False,0.04976428997742661,0.05692566100859902,0.03536205377948842,0.04419280567731705
2009-03-25,-0.00885472580492566,False,0.04968247485201687,0.05683238749999085,0.03530328261319657,0.04411990507425462
2009-03-26,0.0023174981403624824,False,0.049242002532122256,0.05632382412812324,0.03499974823566139,0.04373240699984934
2009-03-27,-0.007357245190421092,False,0.04924322034537402,0.056324674512743984,0.03500170498478265,0.04373391066937641
2009-03-30,0.0011652749424999856,False,0.04898451782510599,0.056036822356677125,0.034801625308943616,0.043497886311921086
2009-03-31,0.01119486696322299,False,0.04896980782120707,0.05601808341802739,0.03479501789736323,0.043486310784173816
2009-04-01,0.004977992282377951,False,0.04891141042637373,0.05595470063847192,0.03474664661177533,0.04343179197524091
2009-04-02,0.031211407322770304,False,0.04886714800511005,0.05590207567946748,0.03471920209356852,0.04339403553551749
2009-04-03,0.031343673689332704,False,0.04878945592725761,0.05582003508824423,0.034650255312727474,0.04331972656320013
2009-04-06,-0.08965701078989424,False,0.04867627515132171,0.055700277832454466,0.03455030049810458,0.043211662231321696
2009-04-07,0.04452001496822576,False,0.04921257225151012,0.056300989215403205,0.03495705400799486,0.04369784558045046
2009-04-08,-0.04452001496822575,False,0.049314300926870336,0.05641878549497807,0.03502646911797394,0.043787073799650446
2009-04-09,0.002743485945750834,False,0.049399024668652404,0.05651460503692915,0.035088878091516285,0.043863165105524675
2009-04-13,0.002345583561720456,False,0.04938559711570183,0.0564990561053168,0.03507971684405655,0.043851387966699726
2009-04-14,-0.03861176154611489,False,0.049382121139728695,0.05649499374567321,0.0350774201445219,0.04384836819211589
2009-04-15,-0.015954521281826797,False,0.04943893872213788,0.05656260444905672,0.03511253167694312,0.04389678882039495
2009-04-16,-0.036108036787404506,False,0.049361785943280265,0.05647466208145266,0.03505707784440858,0.04382803024762495
2009-04-17,0.026578236055749754,False,0.04938555396080739,0.05650638123737279,0.03506485532427465,0.04384561234872184
2009-04-20,-0.020185714819706792,False,0.04944431240545037,0.05656999088242031,0.035113857517807975,0.043900596601694986
2009-04-21,0.023510738664478614,False,0.04936861989854225,0.05648311678916956,0.03506065230374827,0.04383360327159073
2009-04-22,-0.016736792355523864,False,0.049429408490816035,0.056548397853905516,0.035112406082823414,0.04389089675940998
2009-04-23,0.029108084158070764,False,0.04941152547492091,0.05653179310919146,0.03509195233523532,0.04387201925966733
2009-04-24,-0.00451838928507511,False,0.04934046476062582,0.05645075798941369,0.0350409511518695,0.043808718545979355
2009-04-27,-0.025433932998276145,False,0.04933270209624288,0.05644248124232601,0.03503422235942343,0.043801355833464
2009-04-28,0.005054770661624054,False,0.049334995858325494,0.056449765085232355,0.03502648056792877,0.04379976735612002
2009-05-06,-0.002559728360112733,False,0.049260539752733375,0.05636624445984488,0.034970254121789474,0.04373236336799368
2009-05-14,0.00346921423401132,False,0.04924626600578249,0.056353687446904756,0.03495252785037026,0.043716754016931966
2009-05-15,0.012048338516174574,False,0.049218672493398216,0.056325998355013354,0.03492512655797169,0.04368923486457191
2009-05-18,-0.017691939342915457,False,0.049245626559365485,0.056353710212748875,0.03495055662860513,0.04371559937514242
2009-05-19,0.006941459542340984,False,0.04919239186201588,0.056298397078304085,0.03490150187694428,0.043663981683753565
2009-05-20,0.020539874854073666,False,0.04920742394884901,0.056313604205956797,0.034916181939113874,0.04367887759035336
2009-05-21,0.008015229580007483,False,0.049263034122363936,0.05637271610459696,0.03496474979180302,0.04373176345221432
2009-05-22,0.016667052485211643,False,0.04926089967053796,0.05636929060622099,0.03496521176421964,0.04373063342336164
2009-05-26,-0.0024824174932553066,False,0.049298539247165214,0.056409165063773456,0.034998356770907825,0.0437665342820907
2009-05-27,0.0385991447089455,False,0.049281202313537435,0.056390254773538165,0.03498418401539434,0.04375042140620259
2009-05-28,0.029067246729418107,False,0.04940619562335525,0.056527401136689866,0.035084736314701874,0.04386595974635699
2009-05-29,0.0019338625249507497,False,0.049472715414278015,0.056601042472681495,0.03513693396343573,0.04392693903723151
2009-06-01,0.02027225667634096,False,0.04946520724448815,0.05659278793564068,0.03513092681312828,0.043920011534663427
2009-06-02,0.011295300812828594,False,0.049450504208391165,0.056574810749736235,0.035122808421042796,0.04390785575860493
2009-06-03,0.023312804173934033,False,0.049458830941264846,0.05658418660363277,0.03512902526620005,0.043915366284458704
2009-06-04,-0.009555383251729235,False,0.04948086055408341,0.056610784077819915,0.03514186845115959,0.04393384214091005
2009-06-05,-0.0003693444178643993,False,0.049476958819042176,0.056606589668127025,0.035138555314229505,0.043930168104199155
2009-06-08,-0.0029596765962964914,False,0.04946273756170626,0.056591307251846204,0.03512646815407992,0.04391677241928165
2009-06-09,0.02524370371955549,False,0.04946286870229803,0.05659142988983535,0.035126616394259326,0.043916910174824235
2009-06-10,-0.0018079918141436508,False,0.04948457431135411,0.056618212465642526,0.03513811171341418,0.043934665947958834
2009-06-11,0.01793448356644032,False,0.049485934258868096,0.05661997250190831,0.03513866704227646,0.04393571462990795
2009-06-12,-0.01865859655970246,False,0.04948493285985274,0.05662131055330428,0.0351329607735859,0.043932893158844806
2009-06-15,-0.05969694648150283,False,0.04952002414313585,0.05665850916206374,0.03516381401374515,0.0439663449612582
2009-06-16,0.008422714418222087,False,0.04968951836492416,0.0568502526618519,0.035288562703484815,0.0441185294385122
2009-06-17,-0.04244359071668093,False,0.049693651405208664,0.05685553047048278,0.0352903934996816,0.044121771858992014
2009-06-18,0.009501259124140215,False,0.049721623825647626,0.05689030957969828,0.0353046769855494,0.04414444873483635
2009-06-19,-0.01308763475536776,False,0.0497331870613939,0.0569030866242206,0.03531379912997175,0.04415506763792487
2009-06-22,-0.020976969260475865,False,0.04972227377951415,0.05689210816816023,0.03530301691991318,0.044144205060990094
2009-06-23,0.00852450869394397,False,0.04968579601775813,0.056854091428641604,0.03526963419696242,0.044108924610531765
2009-06-24,0.0048387191182231275,False,0.04967319885264388,0.05683820604969517,0.035263649960025525,0.04409888564714476
2009-06-25,0.015962030839780022,False,0.04964653243820578,0.05680654930358026,0.03524701960365543,0.04407610166729476
2009-06-26,-0.0003959612009761826,False,0.049670736265307235,0.05683264125075794,0.03526742623170249,0.04409883655341891
2009-06-29,0.0,False,0.049657388073876,0.056818075854271975,0.035256525961852636,0.044086435336920686
2009-07-08,0.027066891695772224,False,0.04962919325723716,0.056785277062221744,0.03523759020203904,0.04406182237305988
2009-07-09,0.04290829814128962,False,0.0496109613944814,0.05676574628838773,0.035221970579881884,0.04404460105181193
2009-07-10,0.002288330518012216,False,0.04965098881312223,0.05680866713685243,0.035256179020625285,0.044082377407246146
2009-07-16,-0.016114270368783493,False,0.04963464498242159,0.056790627500026995,0.035243245626312994,0.04406735289894329
2009-07-17,0.04252813174213615,False,0.04963654382522559,0.05679257504295643,0.035245046528274905,0.0440692138534738
2009-07-20,0.037659867750273475,False,0.04972775248636892,0.05689845476843035,0.03530675020596679,0.04414900855432544
2009-07-21,0.002437751511939885,False,0.04975324365479527,0.05693335372656716,0.03531332136467422,0.0441671805442813
2009-07-22,-0.043724754178216564,False,0.04974751111595406,0.05692754550432264,0.035307741032756246,0.044161506886468804
2009-07-23,0.04650349858516796,False,0.0498772667035193,0.057069425412528955,0.03541311339414144,0.04428182985815544
2009-07-24,0.00829020292047366,False,0.04995271374053428,0.057162396952451296,0.03545331689622093,0.04434364298451413
2009-07-27,-0.01280959180520918,False,0.04993894634171383,0.05714873830433235,0.03543933078882038,0.04432979097859492
2009-07-28,0.0031309818585089867,False,0.049958490404245284,0.05716866628636057,0.0354581027506955,0.04434903635510112
2009-07-29,-0.026752739447387645,False,0.04993313181256751,0.05714078975827688,0.03543780798194933,0.04432563669602063
2009-07-30,0.03333057171583948,False,0.050004048574850975,0.05721688873717053,0.03549830278629708,0.044392521738908765
2009-07-31,-0.0020725396019724233,False,0.04990519136687837,0.057109753628009706,0.03541609326877609,0.04430010466597558
2009-08-03,0.014759148983541465,False,0.0499032487266851,0.05710687314347767,0.03541603672771452,0.044298891660510986
2009-08-04,0.0034013638234902605,False,0.049859778661675944,0.05706231049279745,0.03537476396219351,0.04425627161763956
2009-08-05,-0.028588135969290815,False,0.04978586590590501,0.05698837703973714,0.03530089283074968,0.044182374964179524
2009-08-06,-0.018336197788604715,False,0.04980643838904447,0.057013098574934334,0.03531312115360572,0.04419971952094854
2009-08-07,0.009562672481059858,False,0.049972804839357586,0.05718050177899837,0.03547740258802804,0.04436527938587162
2009-08-10,0.021618694112804142,False,0.04982351006650201,0.05703306643711554,0.03532436831278575,0.04421453799191141
2009-08-11,-0.02621153030852284,False,0.04993939841609237,0.0571505128416327,0.03543712325747815,0.04432921418833646
2009-08-12,0.01336636150326362,False,0.05001159339225638,0.05722734866307438,0.035499985027813825,0.04439779862728753
2009-08-13,0.012845168805259188,False,0.04985960154753616,0.057070570258556164,0.03535761943545311,0.04424953068440816
2009-08-14,-0.02762896498949628,False,0.04987644127883018,0.0570854637574699,0.035378373235479925,0.044267884567546004
2009-08-17,-0.03536998072074789,False,0.05003088615948347,0.05724571792944552,0.035521135047988484,0.04441780987013858
2009-08-18,0.008049805634364372,False,0.05012990168895206,0.05735398116401336,0.03560155251396498,0.04450963076557017
2009-08-19,0.044198212873735106,False,0.04986233000793017,0.05705578988377169,0.035395559921406715,0.04426588086610184
2009-08-20,0.013850636933898933,False,0.04981214450907294,0.05702150785756181,0.03531339094223021,0.04420332260401447
2009-08-21,0.01400057016186629,False,0.04933471939091719,0.056485116094804035,0.03495455366705334,0.04377177302186994
2009-08-24,-0.01296946506965307,False,0.04935381086938735,0.05650576053051052,0.03497052199259295,0.043789656313133606
2009-08-25,0.029448734916919687,False,0.04948547431334928,0.05663782288573348,0.03510138318595532,0.043921009407608215
2009-08-26,-0.020216321928720395,False,0.04948091597814987,0.05664019754545468,0.03508288190184694,0.043911057262733984
2009-08-27,-0.04953925338012174,False,0.049540781985283715,0.0567031239714592,0.035136593099343354,0.04396854229063698
2009-08-28,-0.005738896669018167,False,0.04970585344721678,0.05688420306895229,0.035269471598881004,0.044121159951500885
2009-08-31,-0.0028818463748889263,False,0.049671612287332204,0.056844233927386356,0.035246749985289094,0.044091375111484414
2009-09-01,0.011477887844686839,False,0.049665773516029806,0.056837650976360905,0.03524240783413086,0.044086115305526134
2009-09-02,0.041563516956765224,False,0.04964119646637735,0.05681031245761453,0.03522338437609806,0.044063686654781525
2009-09-03,-0.008589642230618305,False,0.049700297696771166,0.056883464576660714,0.035254227858599545,0.04411185641616075
2009-09-09,0.025521868795119338,False,0.049714952306034954,0.056898586080277105,0.035267943496440614,0.04412614778568398
2009-09-10,0.009569451016150672,False,0.049738322550157615,0.056934480895366915,0.035266125570789425,0.044139774022659777
2009-09-11,0.0032786914616982953,False,0.04963454608527217,0.0568289991462651,0.03516577860368615,0.04403732425404483
2009-09-14,-0.014507343123961854,False,0.04964296192681379,0.05683706835054175,0.03517489156757257,0.04404600977636005
2009-09-15,0.012213388324803143,False,0.04973800269879822,0.056933688597658065,0.035266755856475845,0.04413982173044612
2009-09-16,0.008494007292004337,False,0.049694223336068065,0.056885438755148274,0.03523196707745156,0.04409952036205503
2009-09-17,0.0,False,0.04958112644682437,0.056771125294047244,0.03512131683636572,0.04398736995512228
2009-09-18,0.012285961199740979,False,0.04957893808836081,0.05676891007201914,0.035119182503227764,0.04398520249627799
2009-09-21,-0.011635554672747576,False,0.04959927298298124,0.05678904386940533,0.035139921824577876,0.044005693842795485
2009-09-22,0.030101536245791795,False,0.04959994219655956,0.05679032450716601,0.03513936140273399,0.044005887373684285
2009-09-23,-0.004743091896012737,False,0.04964407574281196,0.056839483599250715,0.035173388071715925,0.04404611108904226
2009-09-24,-0.028614715543554093,False,0.04959303798008171,0.05678447441757938,0.03513033723123581,0.043998163055664535
2009-09-25,0.00552936845439084,False,0.04974764073258077,0.05694363790634883,0.03527576788516371,0.04414921759506072
2009-09-28,0.0006485084533378676,False,0.04974224077483483,0.05693801843307704,0.03527080939518123,0.04414398841848232
2009-09-29,-0.009444786053077118,False,0.04958404181301275,0.05677804208836017,0.035116184928822854,0.0439871722450747
2009-09-30,0.027115928615887956,False,0.04973645013083764,0.056930304026480666,0.03526888763093088,0.04413969444503492
2009-10-01,-0.015404669194986467,False,0.04963329614818975,0.056833084604383785,0.035153798651141474,0.04403192342595728
2009-10-02,-0.02987256426694541,False,0.04963461200986732,0.05683619961022905,0.03515149625325047,0.04403183956913954
2009-10-05,0.07662776334600803,False,0.0498609963393968,0.05706809283384053,0.035366801643647625,0.044253938027045386
2009-10-06,-0.008990914696861155,False,0.05000742032725433,0.05726062955479962,0.03542048829518083,0.044364486710105525
2009-10-07,0.009608008206107493,False,0.05000878441528877,0.057261953548322704,0.035421933017303404,0.04436588199132067
2009-10-08,0.0006167129396820761,False,0.050012490136349765,0.057266124233289285,0.03542470364926448,0.04436922597451207
2009-10-09,-0.0003083089279855335,False,0.05000643245593034,0.057259830437858546,0.035419120819840486,0.04436335198951534
2009-10-12,-0.055472943820171185,False,0.05000806158819633,0.05726036700052567,0.035422947219271805,0.044365831131415005
2009-10-13,0.009085072222470836,False,0.05032186708253747,0.057595806223003275,0.035693245114145296,0.04466280577365526
2009-10-14,0.016973986391407014,False,0.05031552845575637,0.057589829534541684,0.0356861785930624,0.04465618556201339
2009-10-15,0.036787190500045454,False,0.05030538227321081,0.05758103263957055,0.03567331885772633,0.04464498964548472
2009-10-16,0.00183486290011044,False,0.05021671739560413,0.05750317006029388,0.03556292947354789,0.04454792067384509
2009-10-19,0.009729477784606231,False,0.05022088104818455,0.057507111417713544,0.03556754018401664,0.044552257270124795
2009-10-20,0.008436326021953109,False,0.050191343116515984,0.05747474308661767,0.03554369446978928,0.04452492136456319
2009-10-21,0.015185642418374185,False,0.050199415044534804,0.05748111941145538,0.035555176426056316,0.04453431245709137
2009-10-22,0.0023612761856796854,False,0.05022601511975022,0.05750947631361521,0.03557824334588822,0.04455954573624273
2009-10-23,-0.007991754832965561,False,0.05021920977457332,0.057502312501807436,0.0355721589130987,0.044553019274983084
2009-10-26,-0.003274299695674007,False,0.05021928551981105,0.05750229819924136,0.03557241575351132,0.044553165076628015
2009-10-27,-0.0020892411718275456,False,0.05021250071098114,0.05749541893160793,0.035565820910819654,0.044546453755924684
2009-10-28,-0.005692899270227361,False,0.050199965844068835,0.0574823294613381,0.03555440140694558,0.04453435036559498
2009-10-29,0.008080247464683023,False,0.05018076019358684,0.057462339003942,0.03553677408196821,0.04451575528805794
2009-10-30,-0.01743880633405107,False,0.05019203530102011,0.05747408883001103,0.03554709448255972,0.0445266610685265
2009-11-02,-0.014357967747947913,False,0.05011064451009658,0.05737720853433464,0.03549685464095426,0.04445732097741611
2009-11-03,0.007357482607296982,False,0.05006203902551023,0.05731818828765748,0.03546919428865115,0.044416818087043314
2009-11-04,-0.0006110602084425462,False,0.0500474575352714,0.05730263632282626,0.03545656452026037,0.044402991617586346
2009-11-05,-0.016641370170309106,False,0.05004925348317009,0.057304328467270516,0.035458569227328575,0.04440486832366865
2009-11-06,-0.009993837082334717,False,0.05004023566746233,0.05729677729379724,0.03544660184682561,0.04439470947307417
2009-11-09,-0.007561472700576475,False,0.05004033206568562,0.05729713558509871,0.03544617155177269,0.04439460212076323
2009-11-10,-0.023357324850835606,False,0.05003804785279639,0.05729366444802449,0.03544627436259539,0.04439324132455404
2009-11-11,0.02018975805918808,False,0.05013117003874874,0.057390988385975686,0.03553094640339129,0.044483094584040685
2009-11-12,-0.025382888847285047,False,0.050002538878733016,0.05725739351950471,0.03541229775544966,0.04435832514442255
2009-11-13,0.0,False,0.050146296367915996,0.05740569151314873,0.035546923834261494,0.04449855016067414
2009-11-16,0.006163847576827998,False,0.050130853001831316,0.05738648895078527,0.03553904058934435,0.04448603141655878
2009-11-17,-0.0019423767842064576,False,0.05012521144640401,0.05738025229800908,0.0355345958344378,0.04448085284168672
2009-11-18,0.035962507026411905,False,0.05009186825664591,0.05733860535354238,0.03551795232915665,0.044453969900781744
2009-11-19,-0.018297040410871504,False,0.05008136140131003,0.0573280814050707,0.03550747984983316,0.04444347634375668
2009-11-20,0.03257412959954385,False,0.05013380903990841,0.05738130248692762,0.03555837201637922,0.04449532225023515
2009-11-23,-0.0009249268425689124,False,0.05014243727275535,0.05739844760788106,0.03554987193208586,0.0444973244183014
2009-11-24,-0.011478332940851037,False,0.05012672751538156,0.057382186983842884,0.03553527002288522,0.044482043230395486
2009-11-30,-0.005584873343528051,False,0.0501369779821911,0.057392925117364726,0.035544539742971004,0.044491914296749514
2009-12-01,0.03094135632250503,False,0.0500781419300528,0.05733026721258095,0.03549338982024484,0.04443605161268821
2009-12-02,0.0006031363270895348,False,0.05006806441350684,0.057323305583696985,0.035477045940752586,0.04442354996267477
2009-12-03,0.018223058420693054,False,0.05006751979793024,0.05732279249769654,0.03547643791603254,0.044422980817362484
2009-12-04,-0.005045269642639694,False,0.050001700747562355,0.05725917394850385,0.03540619343685487,0.04435544979624254
2009-12-07,0.005341258989184212,False,0.050001327339459306,0.05725813892662978,0.035407150600476216,0.04435559111789193
2009-12-08,-0.0032607113520726526,False,0.050008242420431503,0.05726397553850017,0.03541623459109835,0.04436334523843388
2009-12-09,0.014443876753074451,False,0.05000053864517633,0.05725614013863713,0.035408795526145724,0.044355743865977446
2009-12-10,0.0017543864148935955,False,0.0500225611901997,0.05727794770504499,0.035431250414750294,0.04437793366249162
2009-12-11,-0.004098366392282248,False,0.05002434394959819,0.05727979459439557,0.03543290420237601,0.04437966652934582
2009-12-14,-0.0023494871307076426,False,0.05002491513067751,0.05727982782322693,0.035434557259440315,0.04438065623258949
2009-12-15,-0.013617735601413328,False,0.05001569543698862,0.05727026045774678,0.035426036768632437,0.04437170702452663
2009-12-16,0.04173960617276513,False,0.05000125080117815,0.05725637293733167,0.03541047171782342,0.04435682895779
2009-12-17,-0.021381918316914696,False,0.05009679081979296,0.057363615096122034,0.03548247755756439,0.04444326481325198
2009-12-18,-0.05184681695772736,False,0.05006986888609567,0.0573370981897933,0.03545474107316121,0.04441602777178899
2009-12-21,0.0,False,0.05032638039220204,0.05761097171457735,0.035676335816432564,0.04465903177855481
2009-12-22,0.004297121406626183,False,0.050326217627088596,0.05761060804520321,0.03567657708995969,0.04465902531520671
2009-12-23,-0.004297121406626094,False,0.05030724200239788,0.05758328312130491,0.03567439274430635,0.04464654537259271
2009-12-29,0.002164837709542107,False,0.050316708051213486,0.05759161928962428,0.03568613109624818,0.04465689045859523
2009-12-30,0.0030845181766017086,False,0.05033719566454077,0.05761189379894318,0.03570704728313354,0.044677543864985306
2010-01-05,0.019766494254315686,False,0.050329480466477165,0.05760435798502078,0.03569897132555048,0.04466968910762194
2010-01-06,-0.008770659579786138,False,0.05033738511793507,0.0576135690942772,0.035704248559197606,0.04467657734628941
2010-01-07,0.005150746124651794,False,0.050294741723497904,0.05756816525777948,0.03566715669091287,0.04463608155173706
2010-01-08,-0.003936416892249848,False,0.05029042936122252,0.05756410404080911,0.035662339250212276,0.04463157380060139
2010-01-11,0.01415899539073619,False,0.05026678429879622,0.057539375502150436,0.03564087316727825,0.04460877167324882
2010-01-12,-0.00029917726475958884,False,0.05026378526587662,0.0575375814609929,0.035635450774935115,0.04460483516723156
2010-01-13,0.013965462451712376,False,0.050257430673978046,0.057531137076708955,0.03562927676453936,0.04459855043302689
2010-01-14,0.0008848253047424643,False,0.05025453367247911,0.05752802224043606,0.03562681785064307,0.04459582290508516
2010-01-15,0.0023557136924589835,False,0.050207967935013184,0.05747934362863128,0.035584501315620645,0.044550900965455664
2010-01-19,0.01778213303109139,False,0.050212321646461625,0.05748317189304883,0.035589911753806956,0.04455566347011849
2010-01-20,-0.01133238918320542,False,0.05020542981879294,0.05747786088901553,0.035579840731081225,0.044547541775427496
2010-01-21,0.002626588406310868,False,0.05023938110918486,0.05751260808131532,0.035612191382822025,0.044580873861065906
2010-01-22,-0.0017502921621241057,False,0.04986928069857307,0.05711009055680938,0.03530728504316769,0.04423599368277135
2010-01-25,-0.005562889473692082,False,0.04982870099221282,0.057059726957046183,0.035286381728815534,0.044203025760279194
2010-01-26,-0.01270514948236404,False,0.04942299637539958,0.05660499198728078,0.034979282074796655,0.0438354663311001
2010-01-27,-0.02865525576037606,False,0.04958757453722584,0.056769557170511936,0.03514388633788082,0.044000054590160334
2010-01-28,-0.002450981619140185,False,0.04966900572543528,0.05685711073394873,0.035213004814776565,0.04407672262375731
2010-01-29,-0.02358892739647967,False,0.04968211825879252,0.056867552945323,0.03523148763376153,0.04409191264436381
2010-02-01,-0.010101095986503933,False,0.04973794245746385,0.05692723375239203,0.03527955580571327,0.04414473643528557
2010-02-02,-0.006365393867076071,False,0.04974043726920395,0.056930233955514685,0.03528103422463804,0.04414683805693105
2010-02-03,0.0038240964384034758,False,0.0497474847037289,0.056936080333917075,0.03529049710362032,0.0441548199026604
2010-02-04,-0.01732478365730602,False,0.04973076015891852,0.056918847368035444,0.03527479504463343,0.04413849090501606
2010-02-05,-0.038935964054141355,False,0.04972505890026117,0.056913992842309025,0.03526739092103376,0.0441321308955119
2010-02-08,0.015690523869189087,False,0.04966431374503917,0.0568513558963119,0.03521045034701025,0.044072857537039
2010-02-09,-0.005313861723508539,False,0.04968030481609373,0.056867052280629694,0.03522703406268115,0.04408907787180858
2010-02-10,0.0029925209364539294,False,0.049682517021211146,0.05686858004855702,0.035230622739710366,0.04409182256309972
2010-02-11,0.02524310399879749,False,0.049683612676710245,0.05686800350295986,0.035235081359515315,0.04409421917648997
2010-02-12,0.001294079766487952,False,0.049719963819356686,0.05690939307124081,0.035261299722315814,0.044126650467868025
2010-02-16,0.01921288685999123,False,0.04971933736439379,0.05690895550113716,0.03526029340093554,0.04412587706212946
2010-02-17,-0.02374951162056048,False,0.049735740093428904,0.05692517698066196,0.035277060640934665,0.04414242080170525
2010-02-18,-0.0026016274836779575,False,0.0497742690479758,0.05696721148263597,0.03530853958762295,0.04417822247088063
2010-02-19,0.008753500535991622,False,0.04977175649485552,0.05696474053267289,0.035305943366376255,0.044175677550866314
2010-02-22,-0.007777096878272744,False,0.04978559624003312,0.05697879938462774,0.03531934246582488,0.044189346832879235
2010-02-23,-0.047635983387648746,False,0.04975980835864281,0.056952200553725116,0.03529518548532913,0.04416418986314766
2010-02-24,0.008154989129306164,False,0.049805739276404686,0.057010485125191274,0.03531627196509413,0.04420050974590481
2010-02-25,-0.012942959972477111,False,0.04978321811568635,0.05698051171068208,0.035308738035010244,0.04418378637374058
2010-02-26,0.0,False,0.04976353076409655,0.05696108132799337,0.03528853389315878,0.044163899102583455
2010-03-01,-0.021483847777610872,False,0.049760460268808135,0.056957969950437885,0.03528554561621432,0.0441608604133428
2010-03-02,-0.012689630975998003,False,0.04975408918444428,0.05695186990802397,0.035278629439274525,0.04415427846070216
2010-03-03,-0.002130682624255694,False,0.049747096560221776,0.056946047211561844,0.035269283972856565,0.04414637564286997
2010-03-04,-0.000355555559301344,False,0.04968240508972818,0.05687505990779185,0.03521725405522971,0.04408658227584049
2010-03-05,0.015175869159555036,False,0.04968153996401651,0.0568739155889483,0.0352169504149393,0.04408593435995417
2010-03-08,-0.009855764396520243,False,0.049704421391985755,0.05689815040941091,0.03523711003471384,0.044107762860349085
2010-03-09,-0.014250330211642175,False,0.0496992810943013,0.056893587535295394,0.03523080848025469,0.04410217333215628
2010-03-10,0.01813383023803986,False,0.04966561470099994,0.056856242118405884,0.035204540972790084,0.04407136918716909
2010-03-11,0.0021119332031435513,False,0.04969224389127503,0.05688057406496875,0.03523579015083058,0.04409978561304758
2010-03-12,0.02294156924240675,False,0.04968178348994296,0.05686935474055562,0.035226856020015976,0.044089915647263785
2010-03-17,0.024391453124159267,False,0.0497418863165044,0.05693379027202992,0.03527824534196225,0.04414664766713277
2010-03-18,-0.004139364309876556,False,0.04973705477510158,0.056928841289753195,0.0352736499859488,0.044141907493707166
2010-03-19,-0.020604884725509403,False,0.04971444238586869,0.05690105306033936,0.035261446731012135,0.044123321863063156
2010-03-22,0.013667638728663835,False,0.049702604579243755,0.056889743169677334,0.03524854723237917,0.04411107334241624
2010-03-23,0.007628331027805988,False,0.04972557653877974,0.056913831666506716,0.03526927372330956,0.0441331766456609
2010-03-24,-0.02164889017657906,False,0.049736426012052935,0.05692510536119431,0.03527927004472349,0.04414369607836789
2010-03-25,-0.004599335898357285,False,0.049724351040419966,0.05691649206109855,0.03526023330405191,0.04412892795642364
2010-03-26,0.011984634104622418,False,0.049703385994902094,0.05689132465201739,0.03524771963360798,0.04411123231316328
2010-03-29,0.024572961629175237,False,0.04973267992429046,0.05692193582708461,0.035274364449675036,0.04413950143688425
2010-03-30,0.014930715097803013,False,0.04979685576133509,0.0569907392046264,0.03532923383814085,0.044200077087719315
2010-03-31,0.0,False,0.049815406466456866,0.05701056113871203,0.035345227974175566,0.04421763878777723
2010-04-06,-0.013638124784488071,False,0.04981303012496519,0.0570081865086068,0.03534284819091392,0.04421526111484181
2010-04-07,-0.02011163486932401,False,0.04964797858172493,0.056828559621760394,0.035207109127137155,0.044061549062003144
2010-04-08,0.0020993709599996433,False,0.049644991868997755,0.056827897095598046,0.03519944824186274,0.04405675415236787
2010-04-13,-0.017626169134603745,False,0.04964440657375549,0.05682713759399916,0.03519921329309522,0.04405630438815403
2010-04-14,0.0076415793869668595,False,0.04964397550954526,0.05682540902104538,0.03520139164924768,0.044056882774447415
2010-04-15,-0.004856062265540501,False,0.04965883078061959,0.056840759680411065,0.035215250644727476,0.04407135263774498
2010-04-16,0.030476592590888488,False,0.049655492966209164,0.056837242204375416,0.035212274147884706,0.04406815459851446
2010-04-19,-0.007787410270442997,False,0.04974416305024587,0.056933496284346616,0.03528569205460824,0.044150924399756535
2010-04-20,0.029802975896420246,False,0.049647010077819534,0.05682745286509269,0.03520641866341836,0.04406068811754291
2010-04-21,0.01376168507268153,False,0.049713450191599784,0.05690078712061008,0.03525899396594277,0.04412176464908675
2010-04-22,0.01678000004001714,False,0.04970569721879043,0.05688772855797951,0.035261911066984064,0.04411813937895654
2010-04-23,0.01807564672723034,False,0.049731270357345043,0.056914343216146454,0.035285389605022054,0.04414290222432244
2010-04-26,0.011560822401076006,False,0.049727242541185865,0.05691194875573916,0.03527807694644493,0.04413760367161177
2010-04-27,-0.0074836644871729965,False,0.04972299655269577,0.05690816148346283,0.03527290843359049,0.044133000805901934
2010-04-30,0.00964687736437569,False,0.04972687618940794,0.05691248400652338,0.035275897381387,0.04413653588089176
2010-05-03,-0.0027911322198211725,False,0.049694666731550874,0.05687899963122567,0.03524625191051416,0.04410531829770138
2010-05-04,-0.01912583773636878,False,0.049698842933690125,0.056881909587567794,0.035252974660091814,0.044110479628044166
2010-05-05,0.00976539497680506,False,0.049723656918672574,0.05690918039145753,0.03527284773556903,0.044133382229311034
2010-05-06,0.0,False,0.049726534631365615,0.056910575345008936,0.035278707425775824,0.04413741351570422
2010-05-11,-0.035243009105213975,False,0.049719987143363065,0.05690388026758361,0.03527245675492152,0.04413098085098735
2010-05-12,0.0013527225600110963,False,0.0500069562476551,0.057236864472715844,0.03546688487116983,0.044382150607531146
2010-05-13,-0.02014063642564431,False,0.04998022149012403,0.05720784899759339,0.03544473686571583,0.044357190228425394
2010-05-14,-0.030814763044009912,False,0.049976185441743676,0.05720569578739838,0.035436914240693965,0.044351689348332834
2010-05-17,0.0007109847437789285,False,0.04996867242498373,0.05720342780070452,0.03541885294183157,0.044340095743855876
2010-05-18,0.012361096823573926,False,0.04995267428743171,0.05718585931250656,0.03540601293710328,0.04432531932543158
2010-05-19,-0.006691343860625033,False,0.04995285239854145,0.057184605381924644,0.03540907102784246,0.044326611552507035
2010-05-20,0.003175165835687813,False,0.04993244214445907,0.057164668642429244,0.03538770848838131,0.04430583290819941
2010-05-21,0.01953323353412434,False,0.04990474626279343,0.0571319715448897,0.035370070553996893,0.044282027928932426
2010-05-24,0.006884708777497233,False,0.049955797309229166,0.05718589345777821,0.03541534799974004,0.04433084546626779
2010-05-25,0.0023984935260520585,False,0.04995534705581677,0.0571832205342147,0.035419367759173925,0.044332124430877654
2010-05-26,-0.00617921636595812,False,0.04992986150507805,0.057154935897422314,0.03539951145153792,0.04430881654471388
2010-05-27,0.023482447053410925,False,0.049877659981786227,0.05709479817482751,0.035363270421897096,0.044262789315370324
2010-05-28,-0.0026945115662718594,False,0.04993114535562312,0.05715252391313047,0.03540822799702898,0.04431297572257825
2010-06-01,0.008396354952906358,False,0.0499292046212435,0.05715059132938107,0.03540627087091362,0.044311028647079316
2010-06-02,0.017241806434505954,False,0.04986418208370571,0.0570776844279799,0.03535710458075314,0.04425214007596918
2010-06-03,0.0019704439872987385,False,0.04987116333970805,0.05708520085923243,0.03536300954559181,0.04425870497028724
2010-06-04,-0.04324454595242218,False,0.049834473162460396,0.05704135258124958,0.03534071502764851,0.04422758373307789
2010-06-07,0.0027369158377711735,False,0.04990053904066022,0.05712181466447364,0.035377828692059875,0.044282449489132875
2010-06-08,0.011886708135858268,False,0.04989784579527515,0.0571176256866015,0.03537814351488882,0.0442809199105977
2010-06-09,0.003370411009905794,False,0.04977717819468739,0.056973820212174064,0.03530400850180514,0.04417825337436963
2010-06-10,-0.01799403498353508,False,0.0497748436643896,0.056971255247006025,0.03530213739916877,0.04417609812039424
2010-06-11,0.0,False,0.04975283989818828,0.05695064509375254,0.03527733093740038,0.044153010135455265
2010-06-14,0.011580510889807969,False,0.04973545465789163,0.05692922346526946,0.03526806327902966,0.04413876517001827
2010-06-15,-0.006795812766471579,False,0.04974053867726188,0.056933927113909835,0.03527391226212971,0.044144145114504055
2010-06-16,-0.007529125231827776,False,0.04973221201776422,0.05692596650626183,0.035264849435608085,0.044135533669854975
2010-06-17,0.001030043009526921,False,0.04972002827623511,0.0569127575608322,0.03525472748206094,0.04412414752803287
2010-06-18,0.006158076251392067,False,0.04972029750727135,0.05691193171904135,0.0352571990145058,0.04412526871619254
2010-06-21,0.009166589393667619,False,0.04971571913372785,0.05690642998269462,0.035254477616271984,0.044121408710869184
2010-06-22,0.024371094362052714,False,0.049733118162820826,0.05692454432193561,0.03527043808483496,0.04413825123489604
2010-06-23,0.002635047638005032,False,0.04974339743219861,0.056934635397026666,0.03528109583181945,0.04414867691779009
2010-06-24,0.014369940282952826,False,0.04974473585098689,0.05693601791822766,0.035282345556227536,0.04414998102528531
2010-06-25,0.0025906750240924626,False,0.049768868238272035,0.05696180823142807,0.03530314368802915,0.04417282356064582
2010-06-28,0.003551254741067667,False,0.04977166083131231,0.05696465316336628,0.035305831022290485,0.04417557543447929
2010-06-29,-0.05124241113915296,False,0.04976471634925553,0.05695423876756509,0.035305864885178506,0.04417133051509918
2010-06-30,-0.018487346117798023,False,0.04984343299179887,0.05705281385041538,0.035344644210331316,0.04423459746401358
2010-07-01,0.025585567572330714,False,0.049828134779536425,0.05703908722755834,0.03532618537397546,0.044218076568879314
2010-07-13,0.021376899520557168,False,0.04990942532660873,0.057125413390771054,0.03539734879137657,0.04429544945044519
2010-07-16,0.031453170464025036,False,0.049958047997637124,0.05717703845139731,0.03543993335546172,0.04434173628851166
2010-07-19,-0.05989424090020513,False,0.05009323764396763,0.057321264599463385,0.03555694968947082,0.04446989561518289
2010-07-20,-0.0013427326622951121,False,0.05018359699425067,0.057436435033087346,0.03559741145994028,0.044540952158684824
2010-07-21,-0.014208628753579578,False,0.05017077147746691,0.05742016057263504,0.03559152211517323,0.04453080989004134
2010-07-22,-0.006494639133648106,False,0.050154440826722886,0.057405181425121785,0.03557247345573129,0.044513427781552845
2010-07-23,0.01700142956932854,False,0.0501400509685564,0.05738821911965147,0.0355632570473854,0.04450103926498753
2010-07-26,0.002357300300220344,False,0.05016174384896422,0.05741050909261259,0.035583749114716054,0.044522267612588436
2010-07-27,0.0023517565013524023,False,0.050166069514321746,0.05741345625418175,0.03559084708960391,0.04452766574188913
2010-07-28,0.010016778243471209,False,0.05017227480259569,0.0574190598036912,0.03559826253495223,0.044534339177681834
2010-07-29,0.01188917571218561,False,0.05018677469151322,0.05743405943062662,0.03561175740053842,0.04454845027477322
2010-07-30,0.014665408677009141,False,0.050210205252074466,0.057458667376992976,0.0356328201200274,0.04457096483943092
2010-08-02,-0.0029159262520552804,False,0.05020809313488116,0.05745582888254925,0.03563216882041829,0.04456941783741305
2010-08-03,-0.0078176293910534,False,0.050201884096129114,0.05744743565743458,0.03563035239974985,0.04456490807663096
2010-08-04,0.019430663128714238,False,0.050093212566284774,0.0573292086631429,0.03554089786834792,0.04446367061491643
2010-08-05,-0.0016048791761136421,False,0.050134679483416975,0.05737173491114383,0.0355802343647385,0.04450431338185754
2010-08-10,-0.03582674478955595,False,0.050121073224019486,0.057357610847972154,0.03556766946072222,0.04449110996928728
2010-08-11,-0.018056046093446528,False,0.05028306649818681,0.05755658204158473,0.03565529642603043,0.044624334744134686
2010-08-12,0.007678920804155527,False,0.050256757450803415,0.057531106018785916,0.03562731208256564,0.04459737761087857
2010-08-13,-0.007678920804155532,False,0.05027645829774894,0.05755133513329924,0.03564595053039037,0.04461666747025656
2010-08-16,-0.005621940316793769,False,0.050262996782715674,0.057538004475099366,0.035632225849126196,0.04460310414974645
2010-08-17,0.0,False,0.050250562656442885,0.05752559962562509,0.03561973284427197,0.04459064724637936
2010-08-18,0.00035229875298326013,False,0.05025014557191442,0.057525210407969415,0.0356192597166643,0.04459020848166653
2010-08-19,0.0035161780249370815,False,0.050237480254289764,0.05751134424714565,0.03560900941528654,0.04457847740959369
2010-08-20,-0.02092645968249697,False,0.050237753739783474,0.05750972259015589,0.03561309422260072,0.044580225299436387
2010-08-23,0.002863280410015155,False,0.050206528353330795,0.05748162072533951,0.035575587120512925,0.0445465698403507
2010-08-24,-0.007533667918626946,False,0.05021224749652391,0.057486478795706904,0.035583037967616596,0.04455295889070389
2010-08-25,-0.021107042674328877,False,0.05018923210225109,0.05746345181542407,0.03556004587397325,0.044529952510245975
2010-08-26,-0.0033155307587241,False,0.05015563057932676,0.057432892458703255,0.035520326249357824,0.044493984208506886
2010-08-27,-0.01299925454363971,False,0.05014623583738527,0.057423466613692284,0.03551099405881202,0.04448461366448259
2010-08-30,-0.001122124673570591,False,0.05002189551773415,0.05728647166252101,0.03541210347376589,0.04437011853795599
2010-08-31,0.009683502111164742,False,0.0500137402789462,0.05727755198007244,0.035405485607935196,0.04436255802967913
2010-09-01,0.0033302528465999994,False,0.05005060242445257,0.057315333976457376,0.035440497840965014,0.04439870453921217
2010-09-02,-0.00592813888739541,False,0.05005626922711248,0.05731993326755485,0.03544831151656299,0.04440520185657163
2010-09-08,0.00560434868704826,False,0.050018829008637765,0.05728038402910298,0.0354151127490234,0.044369402437273504
2010-09-09,-0.01577201300930176,False,0.05001083637700991,0.057272381381154515,0.03540714026122201,0.04436141759825587
2010-09-10,-0.01794968948228157,False,0.049971372710345574,0.057234500113177954,0.03536449423191211,0.04432072283919218
2010-09-13,-0.012798313143309509,False,0.04992790001614525,0.05719344710447612,0.035316155307220126,0.04427536765074496
2010-09-16,0.03114823558703897,False,0.049886500316983204,0.0571526948007681,0.035273453630796765,0.04423346428355728
2010-09-17,0.002552417064838131,False,0.05034392138250987,0.05764447757580065,0.035661769848339096,0.044664152238314575
2010-09-20,-0.010985097649329584,False,0.05033554727287539,0.05763369670872618,0.035658235969572565,0.044657650565010046
2010-09-21,0.022930941063916892,False,0.050306644743269714,0.05760549436515505,0.03562792529554758,0.044628203296766804
2010-09-22,-0.0061360957732662915,False,0.05039293143421412,0.0576941852960654,0.03570937681851711,0.04471261950995413
2010-09-23,0.006495872715445235,False,0.05037345270512745,0.05767467291783439,0.03568996576123834,0.04469316695960874
2010-09-24,0.0050233331322244775,False,0.05038311800241395,0.05768353769572939,0.035701240983399156,0.0447034550540108
2010-09-27,0.015977616656064113,False,0.050396649667061644,0.057696879896963614,0.03571515367799488,0.044717134119544304
2010-09-28,-0.007779388596598623,False,0.05045505469093973,0.05775718104375927,0.03576974540830106,0.0447740639763042
2010-09-29,0.016895861272467266,False,0.05043563954004195,0.05773821568604307,0.03574942567815259,0.04475429889022802
2010-09-30,-0.01796139147450558,False,0.05045493037280039,0.05775517982927383,0.035773395717167915,0.04477539986717788
2010-10-01,-0.011077476148443625,False,0.05042656635126093,0.05772910913964602,0.03574041957488675,0.044745251653381786
2010-10-04,-0.01703248278344966,False,0.05040074398632851,0.057704002680891514,0.0357131574507483,0.044718872319677146
2010-10-05,-0.008073438347626636,False,0.05036338258156557,0.05766810843982099,0.03567284543248592,0.04468036947433776
2010-10-06,0.010993148450961344,False,0.050336867534761756,0.05764114272422239,0.03564723672587888,0.04465420504393181
2010-10-07,-0.0014587894636599842,False,0.050373288130359246,0.05767818324232328,0.035682410595077256,0.04469014334522002
2010-10-08,0.022732351782672456,False,0.05035788924170831,0.0576610024591246,0.03567059527527712,0.04467613075501025
2010-10-11,0.017680800048711712,False,0.050448739637984547,0.057754930573886254,0.03575525607065364,0.04476458671310601
2010-10-12,-0.0010520779508037803,False,0.050510455208745225,0.057818171943594614,0.03581390310652913,0.044825115225572254
2010-10-13,0.0059471926206736,False,0.05049978127080304,0.057805047127277354,0.0358081581310854,0.04481634804966331
2010-10-14,0.00452410724662175,False,0.05051920054459832,0.05782434105809842,0.035827829482187164,0.04483586483920101
2010-10-15,-0.026386755173194887,False,0.05053288668206688,0.05783738425975734,0.0358428086281244,0.04485005117513071
2010-10-18,-0.00392927813988955,False,0.050483194182200895,0.05779259483236922,0.035783255557200945,0.04479654412757354
2010-10-19,-0.01587334915629012,False,0.050471544925771904,0.05778095087566568,0.035771595642491924,0.044784890748004284
2010-10-20,0.00977029664618248,False,0.050432514542824367,0.05774394485246702,0.03572849406882882,0.044744285430800515
2010-10-21,0.014301280569573147,False,0.05046420971605806,0.057774982266243696,0.035761512062374434,0.044776492335163905
2010-10-22,0.010242010773425052,False,0.05051903748777493,0.057831188929807514,0.03581356674413622,0.044830247341031415
2010-10-25,0.029087923361315254,False,0.0505528536992973,0.05786471839046419,0.03584795964044142,0.04486428664223025
2010-10-26,-0.014092001544877705,False,0.0506856176696377,0.05800397608589365,0.035967664077610026,0.04499199855099955
2010-10-27,-0.0020790028278331015,False,0.050655376019616685,0.05797446665651697,0.03593594985835291,0.044961187239693515
2010-10-28,-0.013268351077970836,False,0.050638622208341005,0.05795707489091774,0.0359204790372772,0.044944929751326176
2010-10-29,-0.01701565335847158,False,0.050601295776470274,0.05791994138277784,0.03588276461641282,0.04490745322647286
2010-11-01,-0.013679118984673588,False,0.050560516838274165,0.05788167034866651,0.035836942031290224,0.044864723160737946
2010-11-02,0.01653524373951066,False,0.050516747113735605,0.057838861232734184,0.03579124042639237,0.04482020609106884
2010-11-03,-0.014724633069236204,False,0.050568182458143526,0.05789038133247478,0.03584250531931621,0.044871575496565994
2010-11-04,-0.002898552754011304,False,0.05053092754225858,0.05785463650590828,0.0358022134621878,0.04483314574434134
2010-11-05,-0.008014614849654352,False,0.05052131779089995,0.05784507139212483,0.03579251394018354,0.044823501265337934
2010-11-08,0.021708522533012156,False,0.050496653505096446,0.057820821617961475,0.035767016029851696,0.04479851449308802
2010-11-09,0.022297862413865888,False,0.0505950217027896,0.05792286658310003,0.03585798987903771,0.044894022197726424
2010-11-10,-0.010909838986300328,False,0.05069389746479602,0.05802563584548726,0.03594903542084227,0.04498986885034167
2010-11-11,0.0028268570061530693,False,0.05066083286463499,0.05799314004928391,0.035914826898810245,0.04495636172565478
2010-11-12,-0.0355577053945442,False,0.050667929746867645,0.05800018490722205,0.035922028407122795,0.04496349908233553
2010-11-15,0.009461497074072957,False,0.05061960019343491,0.057961565008386354,0.035854171763374756,0.04490761550217923
2010-11-16,-0.013491544660751432,False,0.05062718331829788,0.05796584588616591,0.03586839603869234,0.04491776774651669
2010-11-17,0.02178735418490723,False,0.05056965061646302,0.057906131313051196,0.03581525129907719,0.044861932521537556
2010-11-18,0.03944173205129662,False,0.05059764686899116,0.05792833402117668,0.035854898951113476,0.04489443610116003
2010-11-19,-0.024468190261134184,False,0.05078088412936787,0.0581230342118206,0.036015083107760436,0.045068755301609524
2010-11-22,-0.005321992337940869,False,0.050736966388208196,0.05808174559144615,0.035965877940718635,0.045022792127373666
2010-11-23,-0.012889544725996958,False,0.05071788005128125,0.05806214852135743,0.03594781873946135,0.04500410313639904
2010-11-29,-0.01278089335030287,False,0.05029494232632688,0.05758431712582734,0.03563527769776249,0.04462387220913142
2010-11-30,0.018569621526547633,False,0.050149226747417,0.057427270754063155,0.03551234948097745,0.04448697188839219
2010-12-01,-0.016733748053315938,False,0.05023772450851096,0.057518548943790465,0.03559525552091429,0.04457330650022174
2010-12-02,0.03955927539554016,False,0.05018807954759981,0.05747085787405952,0.035541681088654714,0.044522141428987125
2010-12-08,-0.01742605332586102,False,0.050416449826812974,0.05771076931310305,0.035746840936631795,0.04474153278635417
2010-12-16,0.017806618649464815,False,0.050823459536377215,0.058145588592510095,0.03609792280895709,0.045126906892750035
2010-12-17,-0.017467693040390832,False,0.05081280430727666,0.0581349803860639,0.0360871730125772,0.04511621508043387
2010-12-20,0.0023692683278056987,False,0.05077443469271736,0.05809852653695009,0.0360449506013501,0.04507635501704071
2010-12-21,0.0057306747089850745,False,0.05077877075718701,0.0581028436363851,0.03604932480640864,0.045080705836142154
2010-12-22,-0.0016820861829848262,False,0.050796341670681845,0.058120381270383555,0.03606696264831219,0.04509830264079537
2010-12-23,0.016694878572170054,False,0.05079532246038447,0.05811929996265479,0.03606606832218439,0.045097331741758874
2010-12-27,0.006600684031352093,False,0.050865581250002026,0.05819182140765589,0.036131776684638406,0.045165830205191514
2010-12-28,0.008190053970044403,False,0.0508921226131907,0.05821870980477948,0.0361576201277392,0.04519210157900083
2010-12-29,0.0,False,0.05087321466012098,0.05819695950478805,0.036144428419721555,0.04517540494708469
2010-12-30,-0.021435280720065033,False,0.050873164406410286,0.058195041638712995,0.036148134121997605,0.04517680767953007
2010-12-31,0.01159913584335194,False,0.050820018580267384,0.05814474060585825,0.03608926713091407,0.0451214486289818
2011-01-04,-0.034526640487056566,False,0.050853403834714435,0.0581788423539256,0.0361212114447495,0.04515427645763159
2011-01-05,-0.02766428147235551,False,0.050799299897741616,0.05813314926459812,0.036050192448651014,0.04509362895443344
2011-01-06,-0.007743790896903289,False,0.05074527902782118,0.05808489848028407,0.03598456735721716,0.04503511900815788
2011-01-07,0.007042282625412951,False,0.050720031501658144,0.058060062343134135,0.035958492486442284,0.04500955142492507
2011-01-10,0.010818461821832175,False,0.05071155062900952,0.05804554442523787,0.03596215271795037,0.045005767320907754
2011-01-11,0.018229223618398495,False,0.05076128922318145,0.058096500395134185,0.036009443047307084,0.045054558807367175
2011-01-12,0.008484693697282551,False,0.0508369420621022,0.05817437571621738,0.03608062625144564,0.04512848257451921
2011-01-13,-0.0023684666798465532,False,0.05084001342361147,0.05817104961446841,0.03609656355391952,0.04513653110673345
2011-01-19,0.02086125195771702,False,0.05082848876926247,0.05815755580380393,0.0360889990706387,0.04512653843885022
2011-01-20,0.024849956623423663,False,0.05113117711811374,0.05847897582376876,0.036354016148083236,0.04541465371069295
2011-01-21,0.0018861998676122948,False,0.05124964012650258,0.05860006765782795,0.0364671923240956,0.04553107151560241
2011-01-24,0.03941396854087663,False,0.05124867078484434,0.0585990506715593,0.036466318800532756,0.04553013924103617
2011-01-25,0.006920442844573757,False,0.0514378201907689,0.05879906908540883,0.036633609540192,0.04571083265344384
2011-01-26,0.005084503252249644,False,0.051481757729252925,0.05884283119503633,0.03667789988372083,0.04575490667405058
2011-01-27,0.001788376035512424,False,0.05148183072079909,0.05883022518181406,0.036703471626921544,0.045764843820896184
2011-01-28,-0.02441718893867155,False,0.05147678666978286,0.05882509060498481,0.036698609632404726,0.04575987019817416
2011-01-31,0.022628812903159157,False,0.05144068383017958,0.05879320964971943,0.03665401615948973,0.045720482769320704
2011-02-01,-0.011703059302077832,False,0.05151771528307175,0.05887427309846104,0.03672293886388668,0.04579437736455315
2011-02-02,0.011703059302077854,False,0.05147410505521999,0.05883150546212734,0.03667763409988972,0.04575011160783774
2011-02-03,0.001788376035512424,False,0.05150348627560658,0.05886117440274551,0.036706436686001376,0.045779268984389665
2011-02-04,-0.032382917333580785,False,0.05152348125339948,0.058877129731295705,0.03673455580403182,0.0458024067741156
2011-02-07,-0.008650038488467446,False,0.05147478525491652,0.05883613081916987,0.03667038019204068,0.04574772250947402
2011-02-08,0.0049520373558914815,False,0.05146034524020537,0.058820740134719614,0.03665785206962909,0.04573402210754134
2011-02-09,0.01013677855130829,False,0.05144943204945107,0.0588092104883419,0.03664817863303015,0.04572358851389388
2011-02-10,0.03749127043794621,False,0.05149346110535748,0.058853722554559895,0.036691236306702166,0.045767241791983986
2011-02-11,-0.006793705054670266,False,0.05159138727403044,0.05895833334758818,0.03677571902461117,0.045859967381119075
2011-02-14,0.00767644749833912,False,0.05156720208661058,0.05892174191693264,0.03677648403801624,0.04584543414290142
2011-02-15,0.0029368596733097057,False,0.051571428352682205,0.058926232445616004,0.036780178845441755,0.045849454814962345
2011-02-16,0.015422974124859561,False,0.05151750194473596,0.05886984399599988,0.03673120385050071,0.04579744385399549
2011-02-17,0.005471575925712459,False,0.05139923327479982,0.05874242891526473,0.03663132953104818,0.04568629101201285
2011-02-23,0.007677580899034332,False,0.05142647099294709,0.05876581797199095,0.036666307293747064,0.04571652295523106
2011-02-24,0.0062627842549613285,False,0.051649234757258244,0.059008598376115884,0.036848815585575054,0.04592371394807457
2011-02-25,0.003793014571872694,False,0.051667081109986565,0.059026609905214154,0.03686632975203848,0.04594143179502545
2011-02-28,0.01582863362689871,False,0.05164928435261213,0.0590087249243314,0.036848710420997556,0.04592370367477222
2011-03-03,0.019532393542339616,False,0.05170315633763108,0.05905923045542703,0.03690935268287302,0.04598019473162801
2011-03-08,-0.004849147433009838,False,0.051701725967533856,0.059058059408152855,0.036907400788540726,0.04597856261063266
2011-03-09,-0.032384827879892004,False,0.051726676082628056,0.059084847236603115,0.03692865507755597,0.0460020830007389
2011-03-14,-0.008416825193320179,False,0.05176299817625794,0.05912724459634999,0.03695275920102324,0.04603367859023397
2011-03-17,0.015042493924603153,False,0.05177645908931828,0.05915470467306365,0.03693806639035791,0.04603624827587854
2011-03-18,-0.048378914192194956,False,0.051704489508880486,0.059095617421498825,0.03684018915307611,0.04595425635575855
2011-03-21,0.019633309552216243,False,0.05165344191490611,0.05905884140710893,0.03676043997958594,0.04589210559714621
2011-03-22,0.02293962958326304,False,0.051767125913007854,0.05917422541828301,0.036870705080705425,0.04600446699988161
2011-03-23,-0.0036843762894153294,False,0.051897926963089876,0.05930897387604632,0.03699356749759165,0.04613219700116212
2011-03-24,-0.0148747706947472,False,0.051895581603060896,0.05930567560633979,0.036993138534603356,0.04613059299656422
2011-03-25,0.012102552686463262,False,0.05185521476372804,0.059265915564731035,0.0369515513641204,0.046089754073886095
2011-03-28,0.0018489989859472242,False,0.05191784103535435,0.059329821212140775,0.03701160468258749,0.046151385002293856
2011-03-29,-0.0606053793907341,False,0.05193895105440002,0.059349856875317256,0.037034875339159334,0.04617333086085013
2011-03-30,-0.023164503674724692,False,0.05179130482495947,0.05922593334367725,0.036839520382508796,0.04600722857910107
2011-03-31,-0.011786632495746682,False,0.051696152642293124,0.059130931656038714,0.03674406553923071,0.04591195931261361
2011-04-01,0.019789342761370673,False,0.051618288832172884,0.05905297711408509,0.03666638419993756,0.04583416609106965
2011-04-04,0.00298458188718144,False,0.051749884924794654,0.05918682579948104,0.03679345010231358,0.045964009686128966
2011-04-05,-0.015012792389185209,False,0.05173345569110481,0.059168451348801276,0.036780932895304534,0.04594909381431808
2011-04-06,0.008034860769278881,False,0.05166940954243838,0.05910542239741765,0.036714841060768305,0.04588425629502352
2011-04-07,-0.004009360532899312,False,0.05171877387894644,0.059155219087419296,0.036763335890989304,0.04593328426427856
2011-04-08,-0.0043616911960094405,False,0.051665539363732166,0.05909991477546053,0.03671426394485099,0.04588166003290744
2011-04-11,0.016011015812584586,False,0.051641907619013834,0.05907414203668388,0.03669493795415547,0.04585969396292243
2011-04-12,0.010205849902192992,False,0.051732191462059866,0.059166239634806606,0.036781574153627955,0.04594856672031321
2011-04-13,0.0042490666968815075,False,0.05179431109816501,0.0592290300273934,0.03684234483109962,0.046010164513716666
2011-04-14,0.01906050273874241,False,0.0518197382426562,0.05925198508649161,0.036872743587531606,0.04603751491911634
2011-04-15,0.03583035700082749,False,0.051906929095873536,0.059340727014598554,0.03695681507340664,0.04612349904957653
2011-04-18,-0.03519056171348806,False,0.05215463188202655,0.05959829355663328,0.03718468085608799,0.046363527919548425
2011-04-19,-0.003203077690504232,False,0.05204990814038865,0.05950251595493071,0.03706196552878197,0.04625184415894498
2011-04-20,0.00448144155906867,False,0.05201109980304217,0.05946280618255955,0.037024970067780834,0.0462137371301979
2011-04-26,0.000958619661203917,False,0.05202643574071103,0.059478247611533586,0.037040093851842884,0.04622899099654995
2011-04-29,0.01785761740000647,False,0.052028020713602005,0.05947978890871573,0.03704176666096967,0.04623060994876206
2011-05-02,-0.010974453908267368,False,0.052736116666065216,0.060234990363590396,0.03765512871834502,0.04690205823054995
2011-05-03,-0.02475971892784464,False,0.0527117070895496,0.06021048758468566,0.03763090658119214,0.04687772116468146
2011-05-04,-0.01075774936000156,False,0.05265055308694491,0.06014965235423914,0.037569111495770295,0.04681631916011362
2011-05-05,-0.047138253676222965,False,0.052534111392361846,0.060030148628033034,0.03745882785423164,0.046702259699468715
2011-05-06,0.01606718368851888,False,0.05239274879045408,0.05989579175103918,0.037303376036095764,0.04655544670458469
2011-05-16,0.001998002662673058,False,0.05250099505588752,0.0600061581194343,0.03740735856159934,0.04666204354837607
2011-05-17,-0.008686990813469672,False,0.05233607848254495,0.05984870070176819,0.03722744087723741,0.0464913238168725
2011-05-18,0.005020931050099664,False,0.052277140419800056,0.05978567227637111,0.03717672894448851,0.0464355680206516
2011-05-19,-0.00535655783626744,False,0.05230416346501454,0.059812754680257416,0.03720363261345391,0.046462544885336306
2011-05-20,-0.026187519269149084,False,0.05226720251483275,0.05977594696146774,0.037166363499557015,0.046425464722465816
2011-05-23,-0.012831804295293172,False,0.052099454195974525,0.059611512285237075,0.036991951112660716,0.04625513841849898
2011-05-24,0.006609869255999737,False,0.052020127398003116,0.059533223237880885,0.036910537294004335,0.0461750042595858
2011-05-25,0.026686496422904386,False,0.05166682164768376,0.059129449601741865,0.036658727529414736,0.045860962084953286
2011-05-26,0.016075362915177235,False,0.05186092926758562,0.05932919013691859,0.03684150679111274,0.04605068734582344
2011-06-01,-0.015457297005086449,False,0.05196763447816498,0.059437418627089005,0.03694514853348606,0.04615620745814589
2011-06-02,-0.016732505799235926,False,0.05186270684950107,0.059334030853898025,0.036837124100853276,0.04605008183533329
2011-06-03,-0.008993488497373532,False,0.05171361344655674,0.059179368956872924,0.03669922949862308,0.04590532067229263
2011-06-06,-0.005225582349198075,False,0.051646914864184136,0.05910970621565091,0.03663849213731997,0.0458409281796926
2011-06-07,0.009732436918231054,False,0.05161710623169296,0.05908004292631927,0.036608391205141436,0.04581100647148897
2011-06-08,0.012375544675539854,False,0.05165885152800219,0.05912041157441087,0.03665290507924192,0.04585382278812348
2011-06-09,0.017945292807564326,False,0.051659448371752764,0.05910906660539098,0.03667751810751962,0.045863710258218636
2011-06-10,0.005688487817213029,False,0.05177470587908819,0.05922661755654397,0.03678816326905929,0.04597718348623559
2011-06-13,0.0013337781237038747,False,0.05180619822356479,0.059256720999236207,0.03682244883448019,0.04600975638420569
2011-06-14,0.0043225337460737305,False,0.05181533754015572,0.05926546708757249,0.036832378972574235,0.04601920162895446
2011-06-15,-0.008998560970330974,False,0.05183387041900288,0.059283921433291774,0.03685106978942685,0.046037795605891225
2011-06-16,-0.02474283146095971,False,0.05178718704648746,0.059237528198285275,0.03680380292124907,0.04599088650892042
2011-06-17,0.001028983112571219,False,0.05167129859898229,0.059126033221611134,0.036679078762765945,0.045871579979367624
2011-06-20,0.01699565042310034,False,0.0516305936547884,0.059080225495860075,0.03664863602464025,0.045834844954789525
2011-06-21,0.020020688730896772,False,0.05173526687350492,0.05918459601084947,0.036753918010945734,0.04593975367436978
2011-06-22,0.004285485378548639,False,0.05183313044710397,0.05927590454653905,0.036864964423954656,0.04604271701038027
2011-06-23,-0.01792281630113166,False,0.0518601974677936,0.059301360635210534,0.03689527119068218,0.046071037322151814
2011-06-24,-0.009421334828390596,False,0.05176654171703551,0.05920977690106164,0.03679744840647732,0.04597576956051516
2011-06-27,0.012430867278804526,False,0.05168953744244626,0.059131893727068174,0.03672221168683789,0.04589944906200881
2011-06-28,0.007650128778244409,False,0.05177243275910746,0.0592160985406964,0.03680247347361529,0.045981325601432935
2011-06-29,0.0313137130661494,False,0.05182417983269821,0.05926829484530781,0.036853317098517406,0.04603272317720157
2011-06-30,0.017823514477382674,False,0.05206638151653458,0.059515468958454575,0.037085518727742156,0.046271056354335025
2011-07-12,0.005868944136526966,False,0.05218241753196883,0.059634081393646315,0.03719637330435263,0.04638508793763375
2011-07-15,0.0006315124933591015,False,0.05205754891893202,0.05951462884325584,0.03706061244552157,0.046256005675021854
2011-07-18,-0.0028449521322312507,False,0.05229180047695748,0.05975518483804009,0.03728218514821333,0.04648535243614882
2011-07-19,0.001581528085459335,False,0.05228113176536125,0.05974413542435049,0.03727228206675216,0.04647497990746603
2011-07-20,0.00598709839454843,False,0.052263670515353196,0.05972561991972808,0.03725694102862849,0.046458338858367365
2011-07-21,-0.0034618445273542574,False,0.05230915233122602,0.05976991092196339,0.0373048176902928,0.04650474711688042
2011-07-22,-0.03431473438442684,False,0.052290164509821276,0.0597508903186364,0.03728589579662521,0.0464857847995257
2011-07-25,-0.02276950373320167,False,0.05213588711711917,0.05960214375424413,0.03712049535285626,0.04632720447056171
2011-07-26,0.006321764524175685,False,0.051989403253166366,0.059458517034973325,0.03696826548406964,0.0461784977729267
2011-07-27,0.006941029354234763,False,0.052029774750760455,0.05949923953013706,0.037007931090308435,0.046218596197468126
2011-07-28,-0.020633011495420194,False,0.05208087972734807,0.05955057243405441,0.03705857768215036,0.04626952384857803
2011-07-29,0.0,False,0.051947649082011924,0.05941960869509032,0.036920788060485994,0.04613452956982496
2011-08-01,-0.006409197179901856,False,0.05194769666166707,0.059418775855188094,0.03692260625227158,0.046135262108228915
2011-08-02,-0.007472860862747529,False,0.05190469079033096,0.05937595600246846,0.036879226278820086,0.04609211151602906
2011-08-03,-0.0058129758489022625,False,0.05184636725752536,0.05931758687251073,0.03682099444646572,0.04603382345741076
2011-08-04,-0.003779423842537156,False,0.051770961798312684,0.059238701892130624,0.036752586653690224,0.045961125035366215
2011-08-05,0.010614720448394547,False,0.05172962527042369,0.059195999827998794,0.03671399635629545,0.04592085088278288
2011-08-08,-0.009238731239204578,False,0.051806734295785486,0.059273358474307286,0.03679060336886968,0.0459977657052219
2011-08-09,-0.0010318143649734597,False,0.051746876748985926,0.059213868126051894,0.03673000734892837,0.045937622481152574
2011-08-10,-0.020511756852190675,False,0.05173972888974235,0.059206927695134824,0.036722442330492856,0.04593031324447729
2011-08-11,0.00315623618143741,False,0.05161069001441956,0.059079875228222244,0.03658940858840711,0.04579972896070924
2011-08-12,0.008020967152700838,False,0.05159451134887518,0.059058699720925145,0.03658327907334709,0.045787437794535354
2011-08-15,0.007957142831957361,False,0.05165683147835178,0.059121758980666475,0.03664411273764721,0.045849182887102435
2011-08-16,0.02012689465745807,False,0.051698545213318146,0.05916139412784313,0.036690006721364174,0.04589251374526859
2011-08-17,0.018735911057469846,False,0.051854069867926185,0.059319920055266886,0.036839495514989946,0.046045703435761455
2011-08-18,-0.010663213332358614,False,0.05198924767748782,0.059455288696456304,0.03697428954298721,0.046180732779978466
2011-08-19,0.004345652835840446,False,0.05191054223251206,0.05937651394542242,0.036895723479453205,0.04610208125451242
2011-08-22,0.01489847123442806,False,0.051932621670357816,0.05939646934698136,0.036922074567540576,0.04612581317409292
2011-08-23,0.03042305829370706,False,0.052046052835064485,0.05951056002549482,0.03703417938376177,0.04623873124280105
2011-08-24,-0.018337332223057994,False,0.052301572989774295,0.059773351986989354,0.03727507520488469,0.046488593995156174
2011-08-25,-0.023654190897889716,False,0.05207909321057221,0.059541254970427476,0.037071936655654406,0.046273596342871856
2011-08-26,0.016812659081172993,False,0.05195517866037947,0.05942106470421531,0.036940532196431286,0.046146784332173785
2011-08-29,0.01974493665262466,False,0.05207494514097593,0.05954073526990184,0.03706049157154216,0.04626662543373493
2011-08-30,-0.010633256301368703,False,0.05218370582902491,0.05964184299941022,0.03718464312762951,0.046381340056885524
2011-08-31,0.0035569964746546886,False,0.052094158473654575,0.05955181306734395,0.03709606628244895,0.0462921681419823
2011-09-01,-0.012341826030387536,False,0.052105040626854726,0.05956220208355974,0.037107940183639235,0.046303433951461984
2011-09-08,-0.012638938527373944,False,0.05202289762416045,0.059480814720437716,0.0370242775138934,0.04622070306776071
2011-09-09,-0.014194456775690692,False,0.051803937388256054,0.059280759154890665,0.03676729808773263,0.0459870351629426
2011-09-12,-0.005945112806838958,False,0.051707577231785005,0.05918560836553695,0.03666850577255928,0.04588973412938559
2011-09-13,-0.0010528163808055636,False,0.05161263311369495,0.05908351038958389,0.03658794878093159,0.04580035565041623
2011-09-14,-0.019500706586689637,False,0.05160327114827479,0.05907402822996111,0.03657882853812127,0.04579108719503904
2011-09-15,-0.003227544490866488,False,0.051458865259206045,0.05893081028134923,0.036432033581515845,0.0456457570986396
2011-09-16,0.002869442427952739,False,0.05142619613007473,0.058897226936516625,0.036401203031953794,0.045613799221362786
2011-09-19,-0.027597975203676288,False,0.05136267631764227,0.05881929308121787,0.036366671307001205,0.04556149340876094
2011-09-20,0.005141399500418652,False,0.05119760608887096,0.058658717017399845,0.03619256286126169,0.04539292675879175
2011-09-21,-0.0010995053334168876,False,0.05123711989100609,0.058698457445691916,0.03623162089544028,0.04543226424775027
2011-09-22,-0.0173853093406862,False,0.05122935216209182,0.058690236013037536,0.03622476561030254,0.04542484949639489
2011-09-23,-0.01731319120167605,False,0.051118673844420405,0.058581893102872505,0.03610939055364374,0.04531235425202055
2011-09-26,0.016566643947891375,False,0.05096969254047763,0.05843226269674308,0.03596171465937295,0.045163877943926525
2011-09-27,0.015929212532128506,False,0.05110841482459042,0.058571528061770316,0.03609934475323748,0.04530217771581709
2011-09-28,-0.021170707122966596,False,0.05124121308619982,0.058706024513665495,0.03622872778367138,0.04543365480017221
2011-09-29,0.011198325310029535,False,0.051111442551488105,0.05857953758134211,0.036092353594858954,0.04530132965139642
2011-09-30,-0.032443433923765745,False,0.05092674079499825,0.05836307708419481,0.035971521854642044,0.04514133591857884
2011-10-03,-0.012734109948707063,False,0.050731390327839763,0.058174553446187334,0.03576244194859706,0.044940674237789774
2011-10-04,0.006580244374328869,False,0.05064689500912835,0.05808944571967994,0.035679178243453624,0.04485665536701071
2011-10-05,0.011507606851479944,False,0.050701904021284945,0.058144668914650234,0.03573375651246635,0.044911497746803385
2011-10-06,0.01438873745209967,False,0.05075905492473411,0.05820003853609146,0.035794489752887244,0.04497003447214308
2011-10-07,-0.0030120504699916095,False,0.050878156582546054,0.058320582414373406,0.0359106909605245,0.04508801409498841
2011-10-10,0.0015071592905713386,False,0.050859413633892556,0.058301667670539035,0.03589229350922925,0.04506940480148962
2011-10-11,-0.01977250726786463,False,0.050851157208581695,0.058292175453626895,0.035886522384911114,0.04506210981128312
2011-10-12,0.011075156167849595,False,0.050714802742000006,0.058158889639900666,0.03574399654932182,0.04492336795950211
2011-10-13,-0.0011400343244991986,False,0.05081271152398651,0.058257374465544375,0.03584074684967466,0.04502082858453957
2011-10-14,0.015469087938150732,False,0.050796641144468725,0.0582367429510666,0.035833849370532855,0.0450083067283017
2011-10-17,-0.01851554878631567,False,0.05091279247397224,0.05835388456972797,0.03594800912910764,0.04512368762146397
2011-10-18,-0.019642457057755663,False,0.0506027018558141,0.05802680447374258,0.03567208605672844,0.044826814669108865
2011-10-19,0.012369697728675817,False,0.050470518113719005,0.05789590536937401,0.03553731877917824,0.04469363149004933
2011-10-20,-0.01587642253788578,False,0.050559169379427775,0.05798475649109732,0.035625568114374756,0.04478212726951916
2011-10-21,0.0015600627189021842,False,0.050393968430297476,0.05781812604683257,0.03546324202349164,0.044618038455155225
2011-10-24,0.02349424450995812,False,0.05040625825230612,0.05783039654401641,0.03547557070966334,0.04463034331170929
2011-10-25,0.003420105936858022,False,0.050601863815462195,0.05802817441072138,0.03566680755226735,0.04482425884162103
2011-10-26,0.021393197189200994,False,0.0506267232820664,0.05805295660668733,0.03569182241788364,0.04484917842410892
2011-10-27,0.023124539321950188,False,0.050825080169862695,0.058254262481062934,0.035884248597569,0.045045241026026646
2011-10-28,-0.0029069787913092726,False,0.05104768296485429,0.058479050181883686,0.03610245732755757,0.0452661439833096
2011-10-31,-0.019104181310042274,False,0.05102226332604189,0.05845260096589109,0.0360791082718317,0.04524152534657772
2011-11-01,-0.03625774802262425,False,0.050885479717958655,0.05831816809506095,0.03593759709510118,0.045102912885382096
2011-11-02,0.024692612590371414,False,0.05063098956203966,0.05807263462157125,0.03566509415150016,0.04484145450852905
2011-11-03,0.020427822690098005,False,0.05086759863168697,0.0583136768804946,0.035892787632388595,0.04507461459552438
2011-11-04,-0.008491836150313008,False,0.051064066470581745,0.05851240092642837,0.03608471801238821,0.045269327124990176
2011-11-07,0.01142869582362285,False,0.05099505587406446,0.05844176422628448,0.03601897767353674,0.04520158162293405
2011-11-08,-0.024115433149420464,False,0.05108856502164007,0.05853588995728167,0.036111246809942064,0.04529461107397697
2011-11-09,-0.03554740792466678,False,0.0509209561662383,0.05837278358983538,0.035934582999178975,0.045123499322154086
2011-11-10,-0.02601644566927636,False,0.05069495734757656,0.05815662251926767,0.03568879948131796,0.04488984682114356
2011-11-11,-0.006008429852397177,False,0.050477521521545526,0.057942410651671244,0.03546487995116584,0.044669902783525055
2011-11-14,-0.018244982076106104,False,0.05037949424277051,0.057841829510595064,0.035371988745905,0.04457386238738098
2011-11-15,-0.08137337985924152,False,0.05023082453939698,0.05769562177635791,0.035218367775398406,0.044423277293458484
2011-11-16,0.016725742021250996,False,0.04995411191736571,0.05746636244269231,0.03484622182580509,0.04410964642630808
2011-11-17,0.03558789271611785,False,0.05008822119012128,0.057602230790930485,0.034976793421141066,0.04424238715365646
2011-11-18,-0.028194947541623175,False,0.05037929497707681,0.05790008392834568,0.03525423325362563,0.044528186664989824
2011-11-21,-0.019248188304916578,False,0.05022632074528391,0.05775002035596316,0.03509540539350685,0.044372947965522026
2011-11-22,-0.006202944124607781,False,0.050044269873197066,0.057568841281811806,0.03491160124823683,0.044190218842233106
2011-11-28,-0.007625064977443142,False,0.049969187250762895,0.05749334190096216,0.03483735676882178,0.044115460454216986
2011-11-29,-0.02000976265988003,False,0.04982697292353018,0.05735075814330862,0.0346958854032589,0.04397353354063464
2011-11-30,-0.006914063035393831,False,0.04964241742388627,0.05716775419220536,0.034508209583712854,0.043787770949737174
2011-12-01,-0.039146710341140686,False,0.04959892993072047,0.05712490828684105,0.03446343179305814,0.04374378430684886
2011-12-02,-0.02385121582217991,False,0.0494110395963783,0.05694984840861393,0.03424973812319653,0.043545911989378426
2011-12-05,0.002460025840862399,False,0.049219864323274146,0.05676145842051026,0.034052961362293355,0.04335256978879853
2011-12-06,-0.017348638334612976,False,0.04927976901071233,0.05682062103499277,0.03411435843295498,0.043413051802534165
2011-12-07,-0.01308523954865548,False,0.04918117537654498,0.05672468192039358,0.03401042629340281,0.043312392975258684
2011-12-08,-0.0030441423812281325,False,0.049032740831456825,0.05657543975682464,0.03386361595017033,0.04316458675031573
2011-12-09,-0.016393809775676383,False,0.04894117454833052,0.05648209663669702,0.03377562306466118,0.04307440283090353
2011-12-12,0.04296844956709858,False,0.048916590736447184,0.05646001712589957,0.03374600285184388,0.04304787069458314
2011-12-13,0.038820983441379395,False,0.04920749418849144,0.05676302312892908,0.0340125668586718,0.043329358467351455
2011-12-14,-0.03783186367725496,False,0.049516524820041694,0.057081786946586985,0.03430202307567617,0.04363081676486779
2011-12-15,0.06135129209998463,False,0.049439481025265575,0.0570092780035093,0.034215859238802104,0.04355024489496037
2011-12-16,-0.02351942842272962,False,0.049998602697858316,0.057594531701734765,0.034722426784000116,0.044089036079171896
2011-12-19,-0.01486481458558568,False,0.04993054685336835,0.05752661093350367,0.034654099287590896,0.044020875146528776
2011-12-20,0.05406722127027579,False,0.04982505374584319,0.05742272475835599,0.03454537447770683,0.04391413185960732
2011-12-21,0.026644159112896304,False,0.05026698374520965,0.05788316431655932,0.03495007989575667,0.044341661583382326
2011-12-22,-0.010302442748159496,False,0.05051213445229933,0.05813286049144413,0.035186089210712,0.04458327595610991
2011-12-28,-0.03817432939582384,False,0.050463096169721514,0.05808435768783087,0.03513597402617044,0.04453382107556069
2011-12-29,-0.02372027721037852,False,0.050237551744860554,0.05787198413567891,0.03488394165383934,0.04429802982642579
2012-01-04,-0.0190936588155797,False,0.050178026735729575,0.057809593199716486,0.03483018031132649,0.044240734483412814
2012-01-05,-0.0229110679537249,False,0.050156159022093416,0.05778791406301349,0.03480793335054323,0.04421872005856481
2012-01-06,0.0,False,0.050013212477504065,0.05764862212684093,0.03465763702147819,0.044072930260451997
2012-01-09,0.06767708182343148,False,0.050077465329854215,0.057708865922328746,0.03472995248971725,0.04414030212412966
2012-01-10,0.07242782548692477,False,0.050671637282096366,0.058334523671693415,0.035260803342540725,0.04470997840039287
2012-01-11,0.007260335116774635,False,0.051483691535740776,0.05918319490230912,0.03599921717888242,0.045493544964818965
2012-01-12,-0.010265274059594903,False,0.051567510880393054,0.05926388096093508,0.03608933787633854,0.045579801978714654
2012-01-18,-0.002205072558313981,False,0.051499910222504976,0.05919716801592103,0.03601995193872791,0.045511510687940904
2012-01-19,0.02399242674322115,False,0.051282232342171274,0.05898315424008425,0.03579490517634789,0.04529098216621609
2012-01-20,-0.026644948192352354,False,0.05134783338620526,0.05904217597309581,0.03587373787545914,0.045361701856932043
2012-01-23,0.004416968311838528,False,0.051202401760927975,0.05890058160973721,0.03572058913117408,0.04521328487529738
2012-01-24,0.061531580845190004,False,0.051250968483465005,0.05894901281245292,0.03576942839767897,0.04526195703107528
2012-01-25,0.00372285848800588,False,0.05192820128088171,0.05965280660779983,0.03639324436133876,0.04591852560339888
2012-01-26,0.012310372943064474,False,0.05178314629983529,0.05949322851064176,0.036277396825020396,0.04578476948021816
2012-01-27,-0.018938400521477862,False,0.05187876595412248,0.05957442422952512,0.03640202446167376,0.04589161083064404
2012-01-30,-0.05379017458613769,False,0.05173483782456412,0.05943347714302643,0.03625210115520377,0.04574536347554456
2012-01-31,0.004812960505009027,False,0.05145123492392987,0.059172016443816804,0.03592396806426494,0.045444534135019095
2012-02-01,-0.02923148785315498,False,0.05146844248654748,0.059188766785047586,0.03594209514499986,0.045462097411894116
2012-02-02,0.0,False,0.0512310215874336,0.05895595527447306,0.0356954043027169,0.04522109044863579
2012-02-03,0.03315220731690055,False,0.05125986811946631,0.05898348562216105,0.03572689781362142,0.04525096096062718
2012-02-06,-0.016217756283703633,False,0.05149511386614154,0.059222422024871005,0.03595472128044184,0.04548333540904611
2012-02-07,0.004409178219005926,False,0.05126181738698399,0.05898468714640161,0.03573035086794828,0.045253491965903
2012-02-08,-0.004409178219005883,False,0.051118967130436066,0.058830123858984715,0.03561105669255218,0.045119754345372555
2012-02-09,-0.012002811358547591,False,0.051075316309771225,0.05878666151167252,0.03556702683305107,0.045075956894080615
2012-02-10,-0.03643390224610202,False,0.05099035009383278,0.05870298582796085,0.03547946522722565,0.04498998665530785
2012-02-13,0.0197480585258734,False,0.050705236357335044,0.05842695430689633,0.03517608624357059,0.04469780703429218
2012-02-14,0.03177711992068708,False,0.05086649252786815,0.05859027686589408,0.035333186699420704,0.044857455572594164
2012-02-15,0.05235000459507406,False,0.05113370900838234,0.05886244306551109,0.035590448797831,0.04512082121474916
2012-02-16,0.02518192918796685,False,0.05169730420960865,0.059442277046486774,0.036121386182488564,0.045671782786739855
2012-02-17,-0.026436896932679817,False,0.05189909073860692,0.0596433784743435,0.036324550518671665,0.0458741023184603
2012-02-21,0.027659141941223497,False,0.05168794203025604,0.059435185854666076,0.03610745681918544,0.045660653798863464
2012-02-22,0.0004070832541460892,False,0.05190868050462436,0.059654907356337876,0.03633024052775799,0.045882183469133746
2012-02-23,-0.03562928645577366,False,0.05190362274490655,0.05964964916779082,0.036325585850540285,0.045877281641299714
2012-02-24,-0.0004218519362285663,False,0.0516187060161024,0.05937320635119143,0.03602362723344935,0.04558577228259219
2012-02-27,0.017980831495854884,False,0.05158700986065158,0.059340825387140216,0.03599330829685376,0.04555460890226908
2012-02-28,0.00041433603244518235,False,0.051802837901098284,0.05955839433213723,0.03620563520345018,0.04576908253413567
2012-02-29,-0.012924924558734736,False,0.051558972197615516,0.05929514847394218,0.036000744937003684,0.045540294422254164
2012-03-01,0.0037696379717803226,False,0.051386389075388506,0.0591230009193701,0.03582728584448841,0.0453673724321846
2012-03-02,-0.014316033973206166,False,0.051412707406290926,0.05914910682725763,0.03585403137940261,0.0453938560263428
2012-03-05,-0.018836173343694296,False,0.05128135209118084,0.059019380927201624,0.035719399147013546,0.045261233040509795
2012-03-06,0.000863930939263878,False,0.05103618304877512,0.05877551889331454,0.035471601579243596,0.045015047156858175
2012-03-07,-0.0025940351770466466,False,0.05109531789455485,0.05883110780660469,0.0355378676512975,0.04507694070723635
2012-03-08,0.05434059470008102,False,0.05108643245652393,0.058822211849354274,0.03552900336847323,0.045068063453066604
2012-03-09,0.00040992007132726314,False,0.05177050824180482,0.05952478440178068,0.036175880297813184,0.04573774891458051
2012-03-12,-0.010298752200574473,False,0.05174642998824427,0.059499894081331876,0.03615343519230239,0.04571430244198743
2012-03-13,-0.009569451016150672,False,0.05163906748977132,0.05939346143468108,0.036044202668451174,0.04560621652689413
2012-03-14,-0.02197890671877523,False,0.05150368603611529,0.059258199988966684,0.035908579866774815,0.04547074170810455
2012-03-15,-0.03744451375202548,False,0.05132569078084667,0.059080232969798537,0.03573052782587305,0.045292724485395654
2012-03-16,0.0008869180182279546,False,0.05085666554073724,0.05861590901974796,0.0352520478194112,0.04482004168255987
2012-03-19,0.014521707334617195,False,0.05089113060378191,0.058650144678765136,0.035286974236989024,0.04485468521994026
2012-03-20,0.035618440165049295,False,0.05109251701697237,0.05885138343535082,0.03548865760243748,0.04505618650868341
2012-03-21,-0.005495680709941001,False,0.05153147355884592,0.05929856428471448,0.035911074236167566,0.045488744610948
2012-03-22,-0.031871776079369925,False,0.0515062949984809,0.05927189445375806,0.035888894770696365,0.04546472624611691
2012-03-23,0.009581954845448536,False,0.05110988706557945,0.058879040248405054,0.035485339934874655,0.0450655535441291
2012-03-26,0.010349380862003512,False,0.05118547029866288,0.058954373839564055,0.03556142522293397,0.0451413309964558
2012-03-27,0.010667905735720221,False,0.051271108622069815,0.059039681809681686,0.03564772791997561,0.04522722633184506
2012-03-28,-0.02623242227683179,False,0.05134070059687978,0.059107958518338104,0.03571996502708273,0.045297841572268974
2012-03-29,-0.03187520853044895,False,0.05110635022359946,0.05887881980219628,0.03547513348800822,0.04505943657511868
2012-03-30,-0.0018009910316026765,False,0.05082052410035793,0.058601604134819435,0.03517199087346981,0.04476691159219539
2012-04-02,-0.014525902255826085,False,0.05084079093522836,0.05862134503642852,0.035193315412936355,0.044787587598563244
2012-04-03,-0.020324025203190817,False,0.05078766862775627,0.058562535514589564,0.03515163066459413,0.04473888989434358
2012-04-04,-0.028397554212605012,False,0.050643054999395365,0.05842183754598331,0.03499914225130563,0.04459122991679163
2012-04-10,-0.021093783059799594,False,0.05049549836033969,0.05828066226881397,0.03483875205276092,0.04443870863375811
2012-04-11,0.018719049101246353,False,0.05048552733087758,0.05827070661656586,0.0348287500981775,0.04442872564095742
2012-04-12,0.026743324975510893,False,0.050646285420037906,0.05843332488057234,0.034985767188946984,0.04458803653028608
2012-04-13,0.03993271033537101,False,0.05086373385838043,0.05865400551056097,0.035196715365353404,0.04480297035167427
2012-04-16,0.022868190903659345,False,0.05130402000295039,0.05910462714961763,0.03561621579275105,0.045235215571536404
2012-04-17,0.008226935338290525,False,0.05153851475057479,0.05934196200821014,0.03584499879205059,0.04546750073755967
2012-04-18,-0.01564569072573611,False,0.051276880962603896,0.05905313872554021,0.03563804580794443,0.045227020139695
2012-04-19,-0.011010901820188237,False,0.05100093214234426,0.05877442402579009,0.03536765944905476,0.04495322314959332
2012-04-20,0.017994780053574255,False,0.05086984211529454,0.05864440113261066,0.03523442330864382,0.044821302901685255
2012-04-23,-0.02376872458682683,False,0.05103231444075798,0.05880719171315783,0.035396255591178725,0.04498352762746496
2012-04-24,0.03501451784510205,False,0.05064949768399998,0.05842353635043037,0.035015125355227515,0.04460136329884851
2012-04-25,-0.009941728739628728,False,0.0511176095166793,0.05889930511069409,0.03546783833772282,0.04506351810854468
2012-04-26,0.010801574020463847,False,0.0510101760977921,0.05879296632697466,0.035358203497603824,0.04495523307302917
2012-04-27,0.015775215223697105,False,0.05116671938583466,0.05894983348109292,0.035514095458449614,0.04511152439608511
2012-04-30,-0.04366373289245147,False,0.051318349836404806,0.059101189996945816,0.03566627681924122,0.04526336796547982
2012-05-01,0.04154643377413756,False,0.05090195331362311,0.05870005082185274,0.03521919623830795,0.044835101359059326
2012-05-02,0.005495680709941121,False,0.05148977760718688,0.05929893019470519,0.03578478765741099,0.04541432489720555
2012-05-03,-0.01700721264723311,False,0.051554690825809275,0.05936387140714997,0.03584964457764579,0.04547921633687791
2012-05-04,-0.008613317678114947,False,0.05135599126181852,0.05916776822756512,0.03564572342391872,0.04527849680842902
2012-05-07,0.028146847458458992,False,0.05123190094827835,0.059044207995945994,0.03552056706241119,0.04515399409577028
2012-05-08,-0.009294532479249766,False,0.05151277462201667,0.059324975366693775,0.0358016545221371,0.045434950472309554
2012-05-09,0.003389833754511524,False,0.05139918488992807,0.05921233817788142,0.03568614912987763,0.0453206196698469
2012-05-10,0.010938266399567438,False,0.051394921305057885,0.059206654850065925,0.035684740790623094,0.04531746063262487
2012-05-11,-0.007559884807940288,False,0.05150339745618238,0.05931458438779368,0.03579431623617241,0.045426362044212035
2012-05-14,-0.021735353843179043,False,0.051457850259283275,0.059258293208901594,0.03577037626583592,0.045389173571743505
2012-05-15,-0.01870026226730957,False,0.051251746118001734,0.0590545863863694,0.035559450875841,0.045181204337351115
2012-05-16,0.006126933827502738,False,0.051020365580067555,0.058826003266119226,0.03532244445006304,0.04494764743281907
2012-05-17,-0.03011742246415724,False,0.051083576042977336,0.058889211298700714,0.03538565980060702,0.0450108597865031
2012-05-18,0.021793168482070132,False,0.0508166951507449,0.058629313420788046,0.03510473536543163,0.04473854616993887
2012-05-21,-0.015517934980672624,False,0.051066820489237566,0.05888176332025856,0.035350185778394834,0.04498686302023335
2012-05-22,-0.02671655392725072,False,0.0508027595943247,0.05861661697719141,0.0350883078287072,0.0447236465945323
2012-05-23,-0.025564952582790373,False,0.050535523885478224,0.05835589553023894,0.03480797128511212,0.0444513428466593
2012-05-24,-0.008985636245347699,False,0.050284346559829086,0.05811049016917949,0.03454518595912548,0.044195674982822404
2012-05-30,-0.019139340210697395,False,0.05020086358630521,0.058028098009089556,0.03445950925026029,0.044111343365945875
2012-05-31,0.0062605550015571755,False,0.049969695522279145,0.05779781997026785,0.034226551256183194,0.04387948287006127
2012-06-01,-0.009647928189720134,False,0.049858664070429846,0.05768106414006761,0.03412703210396725,0.04377290493472037
2012-06-04,0.014914878359230447,False,0.04976339138838071,0.05758684796859596,0.034029634673065356,0.04367681029664217
2012-06-05,0.03242003452257665,False,0.049916251642953706,0.05774060138339532,0.0341806986927433,0.04382897568033682
2012-06-06,0.01832392084928442,False,0.050304445490406496,0.05813468668107306,0.03455704424224886,0.044212586030818124
2012-06-07,0.010386185033147123,False,0.05056270857924565,0.058394153578508586,0.03481288635112946,0.044469912567052204
2012-06-08,-0.0117488924890829,False,0.050619820760078024,0.05844997589175934,0.034872592585180655,0.044528028253630746
2012-06-11,-0.0013645669617969943,False,0.050569588087488765,0.0583979205539931,0.03482602547527127,0.04447921359867718
2012-06-12,0.023392879574705375,False,0.05048137778674773,0.05830793962453869,0.03474137608665697,0.04439238083165629
2012-06-13,0.0035508248582200932,False,0.05073418022548065,0.05856245174048413,0.03499074019285138,0.04464385315640597
2012-06-14,-0.014279582217195158,False,0.05076685073843521,0.0585949434917899,0.03502377021343062,0.044676662744366595
2012-06-15,-0.002700271667746648,False,0.05057828964123403,0.058408325552576454,0.03483130123040875,0.04448658988717221
2012-06-18,-0.020487855251439167,False,0.05064022387673599,0.058464700228753726,0.03490441629793326,0.044552849411415435
2012-06-19,0.02543279677300972,False,0.05043833709394249,0.05826687075592043,0.034694369857426084,0.044347806076804476
2012-06-20,-0.028657862917805383,False,0.05084716217909978,0.0586712914964463,0.0351120525218657,0.0447600577037314
2012-06-21,-0.017221742832888274,False,0.0506499502624002,0.05847696446012248,0.03490903882106729,0.044560601375221394
2012-06-22,-0.01704586727298861,False,0.050525372370045576,0.05835514246774806,0.03477891853713987,0.04443387941668091
2012-06-25,-0.0033484843532813713,False,0.05042217870906373,0.05825469017681485,0.034670211705736524,0.044328552993673415
2012-06-26,0.029274989565309623,False,0.05040032492604591,0.05823317047055239,0.03464768606081992,0.04430643930184912
2012-06-27,0.0352036351929797,False,0.05077376601847616,0.058606373365784045,0.0350216061917333,0.04468006570962563
2012-06-28,0.0,False,0.05116096980853533,0.05900072351491617,0.035394437936149804,0.045061709694557445
2012-06-29,0.027908788117076658,False,0.05120346766390195,0.059041439843427634,0.03544051862090054,0.04510559356230362
2012-07-02,-0.003062789530545767,False,0.051460930928663544,0.05929980524441195,0.03569616759913712,0.04536235497293984
2012-07-06,-0.03199922372334237,False,0.051099002201225534,0.058912900710066045,0.035384467727145354,0.04501985720578364
2012-07-09,0.029407429615913423,False,0.050921709358620344,0.05873820830771698,0.03520194513808182,0.04484054124330415
2012-07-10,-0.005203827875026998,False,0.051338356598759925,0.05915940840502959,0.03560943612530613,0.045253646400209985
2012-07-11,-0.006105557562485147,False,0.05129855599003186,0.05911979399435956,0.0355692610535877,0.0452137009310142
2012-07-12,-0.04564550748996026,False,0.05113967667807244,0.058957795685295036,0.035416654357976876,0.04505724817164193
2012-07-13,0.011834457647002798,False,0.05070028914714508,0.05853508444515092,0.034943729131862326,0.04460488663170449
2012-07-16,-0.005899722127188271,False,0.050696822624489,0.05852605407944403,0.0349514520562321,0.04460574873049127
2012-07-17,-0.0009107468753384797,False,0.050680378421435544,0.058509173361898,0.034935885727652494,0.044589644131911826
2012-07-18,0.004091844763533311,False,0.050645095613297844,0.05847349298588191,0.034901402468436954,0.04455467062812143
2012-07-19,0.011727694181359343,False,0.0506333616677275,0.05846011877675724,0.03489296725756889,0.04454421279331273
2012-07-20,-0.0004485310682956321,False,0.050848445483342684,0.05867090013672724,0.03511670374348468,0.044762643881953536
2012-07-23,0.004029555486001642,False,0.05087464081149514,0.05869677261817884,0.03514354834876874,0.044789090382027864
2012-07-24,-0.013042685451753414,False,0.05087129362735321,0.058691915504961126,0.03514323778360619,0.04478691790955824
2012-07-25,0.009461661034047308,False,0.05077878891779052,0.0586003185015638,0.035048907585804555,0.0446937070125033
2012-07-26,0.037839974238721354,False,0.05092016959583462,0.05874151319910751,0.03519066228930877,0.04483523238175718
2012-07-27,0.006026707866860335,False,0.05141119092354655,0.059241298040173966,0.03566405931174362,0.04531943577239307
2012-07-30,0.004709920931164412,False,0.051501086551852614,0.05933119755726234,0.035753947119318,0.04540932837526037
2012-07-31,0.01484021299162486,False,0.051549509443765684,0.05937942579647331,0.03580276147735956,0.04545790270528061
2012-08-01,0.01046691573871775,False,0.05177625376651286,0.059605722572439394,0.036030405861620526,0.0456849952155262
2012-08-02,-0.013417392062467764,False,0.051888447107169555,0.05971767161026236,0.03614309051980563,0.04579737862166011
2012-08-03,0.012167131428674201,False,0.0516699072350189,0.0594984797342749,0.03592586189283675,0.04557934600281674
2012-08-06,0.0,False,0.05184594609060808,0.05967508197736166,0.03610076771960005,0.045754946547838855
2012-08-07,0.020227727855212155,False,0.05179216486252953,0.05961921987902419,0.03605117133054685,0.04570278421870126
2012-08-08,0.006517334677866347,False,0.052062384385837705,0.0598913011553693,0.03631764668156408,0.04597155531435909
2012-08-09,0.0,False,0.05215484362736394,0.05998395248643389,0.03640971961174147,0.046063865111897216
2012-08-10,-0.0069260818734202725,False,0.05218068421900362,0.060006484864480084,0.03644221335308662,0.046092279464904296
2012-08-13,-0.02399784173462491,False,0.05210351708337498,0.05992959322255879,0.0363644921719509,0.04601489799757037
2012-08-14,0.017435061822101347,False,0.05181473487631905,0.059645577002363316,0.03606612508677853,0.04572240789423985
2012-08-15,-0.00041160733242167496,False,0.052070848265991954,0.05990310318996322,0.036319397197964925,0.045977422139428355
2012-08-16,-0.0020605818129674153,False,0.05209273990938009,0.05992213295650452,0.036347044363045505,0.04600154029808174
2012-08-17,0.02565809661419951,False,0.052085150682919176,0.059913021267231144,0.0363425169621669,0.04599513553443112
2012-08-20,-0.008885357326614229,False,0.052445576151534695,0.060277632682523244,0.036694524071716014,0.04635230437298402
2012-08-21,0.0032401810446258334,False,0.05234436127887569,0.06017688690683054,0.03659236579795702,0.0462507245469702
2012-08-22,-0.021664448370684087,False,0.05237755493692587,0.060209837076074364,0.03662604913644483,0.04628410763719138
2012-08-23,0.0020639842208514275,False,0.05213178388402914,0.059967841540920074,0.03637268513827835,0.04603539926436873
2012-08-24,0.004936250253622592,False,0.05213578299089381,0.05997103957093351,0.03637829529112486,0.04604002160204779
2012-08-27,0.03269716097908623,False,0.05221948510304238,0.06005280598075824,0.03646589029500541,0.046125229673747964
2012-08-28,0.037416679579874774,False,0.05269401712487717,0.06053402745781958,0.036926969150709164,0.04659455735766913
2012-08-29,0.0019109503235446063,False,0.053276134916933504,0.06112502636765667,0.03749122612317894,0.04716976571742996
2012-08-30,0.008743640574558627,False,0.05330993275110626,0.061157793879601435,0.03752709603880409,0.0472043651333239
2012-09-05,0.04194833795803422,False,0.05343587077339992,0.06128412515541314,0.03765224318878742,0.04732999720780502
2012-09-06,0.01542447032563173,False,0.053770416514016706,0.061621444210038394,0.0379812115164721,0.0476623853342736
2012-09-07,-0.007315321576372882,False,0.05398736106873587,0.06184002560818834,0.038194864214700856,0.047878056439057466
2012-09-10,-0.010332195237205301,False,0.053864377894796506,0.061715908105512474,0.038074162289745514,0.04775595576299721
2012-09-11,-0.008193714370309198,False,0.05373433252168637,0.06158577964185637,0.037944284020066235,0.04762597503360828
2012-09-12,0.0007476635862306695,False,0.05361471129474441,0.061460438637359,0.03783616584009588,0.04751080374379586
2012-09-13,-0.005997019472374291,False,0.05363058564388279,0.06147573022987309,0.037853212171318734,0.04752713147251322
2012-09-14,-0.006789916693474136,False,0.053557444085205935,0.06140168036524347,0.0377818973071135,0.047454696567957984
2012-09-17,-0.02219762017977812,False,0.05344433679286192,0.061279905517256,0.0376862213394547,0.04734833255842637
2012-09-18,-0.020329081638425672,False,0.05315993744742366,0.060992544703753614,0.03740777780364656,0.047066237209353164
2012-09-19,0.002366865010266244,False,0.05288911475124696,0.06072306148697639,0.03713426127990394,0.04679437240986802
2012-09-20,-0.007514371921722733,False,0.05292547225076535,0.06075908945261225,0.03717128150514771,0.04683098628387739
2012-09-21,0.0007936508353095939,False,0.05282406032136264,0.060657844139406315,0.03706953449384379,0.04672944472852451
2012-09-24,-0.030201610940802162,False,0.052812642144448425,0.06064500617845279,0.0370609716451894,0.046719131131229226
2012-09-25,0.015013469261048932,False,0.05246994051682758,0.06030917397257941,0.036704454920694,0.046371085153308664
2012-09-26,-0.005654296162987103,False,0.05266435168004905,0.06050042869999042,0.03690521399325963,0.046567951996104015
2012-09-27,0.00525147641937305,False,0.05259744540106924,0.060433826067594856,0.03683769705051055,0.04650080948272585
2012-09-28,0.013605652055778678,False,0.05256494763313427,0.06037950060492624,0.03684909696834584,0.046485293471215286
2012-10-01,-0.026582314281558474,False,0.05274464494632499,0.06056024893756728,0.03702668057589189,0.04666417310042607
2012-10-02,0.010152371464017908,False,0.0522183657511651,0.060012380218610044,0.03654382008083522,0.04615469036677616
2012-10-03,-0.024127115948085153,False,0.0521932849546879,0.059971560857228746,0.036550391118647656,0.046141854036740884
2012-10-04,-0.008730049209689932,False,0.05185444911617631,0.059631607925835155,0.0362138018660861,0.045803887286763705
2012-10-05,-0.0054427599297701525,False,0.05112840093888023,0.058835261674872553,0.03562913017337633,0.04513253039861549
2012-10-08,-0.00041990342838260923,False,0.051015212683054686,0.05872020904187461,0.035519691367241646,0.04502079261199485
2012-10-09,0.015006534216620272,False,0.050982851285717466,0.05866569086817839,0.03553188947186544,0.04500566899372084
2012-10-10,-0.01879362058586695,False,0.05118510804587804,0.0588686996432031,0.03573263385462644,0.04520734069286577
2012-10-11,-0.008892711577546572,False,0.05098847118697765,0.0586750966687097,0.035529895549559314,0.0450083434983162
2012-10-12,0.006359995998262531,False,0.050792126813346425,0.058472808470092424,0.03534550480477871,0.044816623368764526
2012-10-15,-0.005084756718110102,False,0.050812771843677766,0.058490627249756365,0.03537183370897853,0.04483946719750374
2012-10-16,0.026824743354516036,False,0.05069888469755099,0.05837437014578418,0.03526271278604003,0.0447274238579428
2012-10-17,-0.013741627852296353,False,0.05097409646934343,0.05864929995728335,0.035538491608293137,0.04500285499238806
2012-10-18,0.021978906718775167,False,0.050824831342376524,0.05850169544162185,0.03538588682525349,0.04485229792428637
2012-10-19,0.020702992326375236,False,0.05113329514414619,0.05881293323671094,0.035688771847928485,0.04515860358340981
2012-10-22,0.010789315452739185,False,0.05143711984398665,0.059116646111189934,0.035992821439798935,0.0454625152824077
2012-10-23,-0.007179927134808118,False,0.0515497783089255,0.05922848678733255,0.03610712456011901,0.04557580997990861
2012-10-24,-0.04043842784582837,False,0.05145814166097902,0.05912806033957971,0.0360331650821436,0.04549101171966878
2012-10-25,0.0012497398002342531,False,0.05104114196274205,0.058713997212367953,0.0356102596447216,0.045071727394746214
2012-10-26,-0.007941525541186713,False,0.051064225276042575,0.058731465871085506,0.03564463459214104,0.045099178860419156
2012-10-31,0.0020959974137504853,False,0.05098234608662168,0.05865013251567058,0.03556165767572842,0.04501687501689482
2012-11-01,0.013311344638239287,False,0.05099820189875501,0.058657355861944496,0.035594874243467974,0.04503944681229414
2012-11-02,0.011095244291939687,False,0.051166592640018715,0.058824592590195665,0.03576558582077128,0.04520873536563231
2012-11-05,-0.0012267431511856974,False,0.05128270925742317,0.058933269086977234,0.03589666526779112,0.04533064033209183
2012-11-06,0.007337986452912791,False,0.051208177882808535,0.05885317502026512,0.035833321025519685,0.04526043668348841
2012-11-07,-0.02592204390470424,False,0.05130369390008053,0.05894850974772019,0.03592920163481632,0.04535609374265926
2012-11-08,-0.026183928300836566,False,0.05098970609067549,0.058626988326277295,0.0356303646756494,0.04504796701781602
2012-11-09,0.008945746558458267,False,0.05073434677066991,0.05837620447746005,0.035365803623673156,0.0447890480210697
2012-11-12,0.009706765389546493,False,0.050838325825033635,0.058480546625645134,0.035469052459904844,0.04489274459160228
2012-11-13,0.005862663358152919,False,0.050952303886553946,0.058594988110147586,0.035582098531277015,0.04500636211407805
2012-11-14,0.0300248751802628,False,0.05102523765593916,0.05866789853606795,0.0356550792467139,0.045079314044475634
2012-11-15,0.01368230600157806,False,0.05142187820149997,0.059070617878793426,0.036039494720820645,0.04547122533877726
2012-11-16,-0.018149318505677334,False,0.051599294745840366,0.05924902806389788,0.0362149129538157,0.04564786883925598
2012-11-19,0.009720611170621856,False,0.05119584418339799,0.0588242844404563,0.03585428487502243,0.045260984092848254
2012-11-20,0.010026151764212624,False,0.05132060862787114,0.05894921450429056,0.03597871624233101,0.045385619686900705
2012-11-26,-0.009411834182346595,False,0.05144183513816546,0.05906742746856767,0.03610600329624811,0.04550919070975407
2012-11-27,-0.014285957247476541,False,0.05159026095942154,0.059211390562749905,0.036263404109740265,0.045661088493811605
2012-11-28,0.00239521072595485,False,0.05142994782386066,0.05905271231485483,0.03609980305092871,0.045499503429883535
2012-11-29,0.0071514011576250865,False,0.051211147284733194,0.05880446981813897,0.03594021324470031,0.04530360847737548
2012-11-30,0.004739345363896568,False,0.051290526448215516,0.05887898220989427,0.03602937997478527,0.04538677394688094
2012-12-03,0.009411834182346597,False,0.05115283003375729,0.058719888141281845,0.035934716391312786,0.045265724721021146
2012-12-04,-0.028103967194499164,False,0.05127371472722234,0.058839034699075504,0.0360590966501346,0.04538796166890264
2012-12-05,-0.012522886335771945,False,0.05092442624823482,0.05849143913258512,0.035706403554134514,0.04503735611873445
2012-12-06,0.005270638595007794,False,0.05078470436606326,0.0583531063788409,0.03556388799521685,0.044896553506743125
2012-12-07,-0.0008090615328061228,False,0.05083674987102448,0.05840481212949005,0.035616616780213495,0.04494886333760052
2012-12-10,-0.01714327698643754,False,0.05082102827230052,0.05838887911284868,0.03560132036414934,0.044933306220175245
2012-12-11,0.002056344545300084,False,0.050643415922763745,0.05821400338946119,0.03541820438464898,0.04475356479932521
2012-12-12,0.02274671591128089,False,0.050670487866311724,0.05824062906222756,0.03544617382354766,0.04478098393765511
2012-12-13,-0.015378692402651271,False,0.050970269639995174,0.058542901967142395,0.0357409456821969,0.045078827632933624
2012-12-14,-0.006957261539411843,False,0.05076618108542793,0.058328689804415794,0.03555721672012274,0.04488261515735668
2012-12-17,-0.004115232145106544,False,0.0506894362180165,0.05825242729842181,0.03547950177546816,0.04480549501696292
2012-12-18,-0.011613568937199217,False,0.05063819460504076,0.058196821896982366,0.03543703617924938,0.04475764839341153
2012-12-19,-0.016404153337068073,False,0.05052201461430871,0.05808162642852104,0.035318876215377645,0.04464070245292621
2012-12-20,-0.01280427224598774,False,0.05035714484604514,0.057919018914901976,0.035149456825877015,0.04447407267024922
2012-12-21,-0.006896579059060329,False,0.0502337965553684,0.05779722802271675,0.03502297645045956,0.044349512737108104
2012-12-27,-0.0035413936967586632,False,0.05014162115135128,0.05769832177785238,0.034944337443212126,0.04426257386865712
2012-12-28,-0.002664299977463062,False,0.049928926365308886,0.057491009636664946,0.03472081761790931,0.04404569143179032
2012-12-31,-0.005797117684325958,False,0.049907774367531826,0.057469952701211614,0.03469947444025429,0.04402446547635322
2013-01-02,0.010233682193013474,False,0.049846556964752924,0.057405701292407574,0.03464435872822842,0.043965608503841354
2013-01-03,-0.001328903850053752,False,0.04993922907250553,0.057495972658592104,0.03474185896832654,0.04406014836762797
2013-01-04,-0.01608613775162438,False,0.049931799042304575,0.05748858609430006,0.03473434152381845,0.04405268452132838
2013-01-07,0.02095017564120376,False,0.04979270306899128,0.05735099248348663,0.03459222414866969,0.04391241972307296
2013-01-08,-0.02320496802829303,False,0.05001755234454677,0.05757848638366767,0.034811754818563474,0.0441352115036995
2013-01-09,0.003605231484960557,False,0.049794381513802236,0.05735544728606569,0.03458831905924229,0.04391193818571722
2013-01-10,0.020481570815645122,False,0.049769971989882436,0.0573230244148015,0.03458002518143098,0.04389376297625008
2013-01-11,-0.005745872161892243,False,0.049979879368323654,0.0575338175554423,0.034788151203151804,0.04410298123941335
2013-01-14,0.004864037889579409,False,0.04992818981825271,0.057482463759239516,0.03473578641833983,0.044051030475756765
2013-01-15,0.0013224599679194165,False,0.04996436152772782,0.057517046516905396,0.03477515366944573,0.04408843837590266
2013-01-16,-0.006186497857498847,False,0.04998525858483751,0.05753762269141088,0.03479669605369147,0.044109585076884145
2013-01-17,0.019315789299291487,False,0.04990989094376953,0.05746122734415252,0.03472339523296161,0.04403501698228289
2013-01-23,0.0009033424281864037,False,0.05011714338733696,0.05766902578714202,0.03492954961686889,0.04424184464305457
2013-01-24,-0.009070356969964265,False,0.0497999799001093,0.057363484937134175,0.03458901183919401,0.04391563884528131
2013-01-25,-0.010073345252842099,False,0.049611207561570135,0.057165044210076475,0.03441968360074287,0.04373438842881601
2013-01-28,-0.0055376237495436895,False,0.049531887736199515,0.057086549005440655,0.03433870538027658,0.043654427055694604
2013-01-29,0.015610969002385853,False,0.04908711154751089,0.05656235064603324,0.03405365515147272,0.043271440624206695
2013-01-30,-0.007315990564651797,False,0.049234774813057394,0.0567106510188692,0.03420003713028988,0.04341860822583001
2013-01-31,0.011861452936326542,False,0.049138957836625974,0.0566096752002015,0.03411459510358127,0.04332680478373456
2013-02-01,0.0,False,0.0492217294863893,0.0566891487070597,0.03420399964988459,0.043412142359957426
2013-02-04,-0.005913139813040162,False,0.04907583787928316,0.056516860206162915,0.034111194846633414,0.04328678730635283
2013-02-05,0.02433648723048232,False,0.04893094915438115,0.056358056666317796,0.03399429021173163,0.04315272418630456
2013-02-06,-0.010293221334191928,False,0.04917462719962125,0.05660481541259541,0.034231772657860295,0.043394005472964625
2013-02-07,0.006724974907673916,False,0.04907598486230116,0.05650568686960981,0.03413410812895218,0.043295741399418365
2013-02-08,-0.002684565370668987,False,0.04913114008795688,0.05656033688105265,0.034190279391117205,0.04335128967733224
2013-02-11,-0.026329255820046856,False,0.04911030756962331,0.056539592785268815,0.03416926904615787,0.04333038836702498
2013-02-12,0.0022972672634651212,False,0.048914777355839434,0.05634509247108745,0.03397166760086381,0.043134056900318817
2013-02-13,-0.01665933947104286,False,0.048936500805345506,0.05636671027518684,0.03399360351389033,0.043155862541031334
2013-02-14,-0.006554330580097544,False,0.048824411080608955,0.05625558805272647,0.03387956804493202,0.04304302010794904
2013-02-20,-0.0009398496932422736,False,0.048779853988749185,0.05621101702433696,0.03383503898083291,0.04299847385858806
2013-02-21,0.007494180273339816,False,0.04877059192815772,0.05619919565664891,0.0338309239437859,0.04299120291663095
2013-02-22,0.008364361033308954,False,0.04872518363661801,0.05613600746085823,0.03382127282492784,0.04295962723576879
2013-02-25,-0.00789783431619342,False,0.048538192372943774,0.055908772806220156,0.03371521506121394,0.04280394497981979
2013-02-26,-0.008430963288799408,False,0.04845063505547595,0.05581790638771561,0.033634312678189,0.04271896211414245
2013-02-27,0.007497692105800935,False,0.048405019834182446,0.05577154547473358,0.033590197117754066,0.042673927034489044
2013-02-28,0.0018656721829496967,False,0.04846671916070257,0.05583252591819797,0.033653342190280384,0.0427361856457664
2013-03-01,-0.030276674015729636,False,0.048404172415450426,0.05576053899854154,0.03360978058361811,0.042680983273994534
2013-03-04,-0.013053122244579217,False,0.04824884426335573,0.0556129920085707,0.03343880373320652,0.04251960144552685
2013-03-05,0.010167117355444242,False,0.04819671186152042,0.055562150655792265,0.033384074902087016,0.04246646461876791
2013-03-06,-0.014556297774207487,False,0.048269182115081015,0.055635083043650065,0.03345561575717426,0.0425385753358696
2013-03-07,0.008759180089881554,False,0.0481886712381136,0.055555567302800354,0.03337310356155518,0.04245729025166839
2013-03-08,0.026298431666845656,False,0.048200002510151344,0.055563186382291664,0.03339190042553519,0.042471509577181
2013-03-11,0.004708106625180459,False,0.04840781705896656,0.05577538590276981,0.03359089635605291,0.04267591265622737
2013-03-12,0.013992765621327785,False,0.04844474956605471,0.0558073134197077,0.03363789440087098,0.0427167390020683
2013-03-13,-0.005107974886052005,False,0.04854985070557665,0.055913170276758836,0.03374147571656214,0.042821252199933435
2013-03-14,-0.008415196925284472,False,0.04838548107566505,0.05572026527447289,0.033634493585656344,0.04267908284123938
2013-03-15,-0.007067167223092443,False,0.0483269495567506,0.05566162345542856,0.03357618389137798,0.042620637134865455
2013-03-18,-0.012848142477849024,False,0.048171232988429256,0.05549215261437494,0.03344812854655125,0.04247562127095584
2013-03-19,0.005254370818103639,False,0.04810596104988721,0.055428571507869825,0.03337945617501098,0.04240903387981303
2013-03-20,0.024936601461042145,False,0.0481428364210171,0.05546541178234294,0.03341640212904161,0.04244593655583627
2013-03-21,0.006484506279260935,False,0.04824046323745783,0.05555771111444284,0.0335247430514103,0.042547708108701746
2013-03-22,-0.0032369970461285365,False,0.048297643509868135,0.05561490469109903,0.033581896567646305,0.042604878030524616
2013-03-25,-0.013523171811336599,False,0.04826294553531268,0.05557966333736869,0.033548291383170795,0.0425706028002354
2013-03-26,0.007483664487173048,False,0.04815545990802866,0.05546050263481826,0.033464285504510805,0.042472200279840576
2013-03-27,0.001862197931064621,False,0.04821817101660739,0.05552214360330668,0.03352914877226112,0.04253574394809066
2013-04-02,-0.005970166986503796,False,0.04823904877541399,0.055541556310673534,0.03355297289661495,0.042557761504159526
2013-04-03,-0.009720048756583404,False,0.048306341571699156,0.05560876182043702,0.033620441234859424,0.04262512220859845
2013-04-04,-0.004194832532025684,False,0.048243814190444656,0.05554393946916979,0.03356252926873239,0.04256438029402898
2013-04-05,-0.004212503303947625,False,0.04821825397054377,0.05551844758458562,0.033536831619648204,0.04253876690984675
2013-04-08,0.024555322243955454,False,0.048198317009957824,0.055498746287811485,0.033516420715474324,0.0425186466048674
2013-04-09,0.015440815402903431,False,0.04809015026656352,0.0553563226883345,0.03347714794930227,0.04243713139719231
2013-04-10,-0.0022558096640117814,False,0.04821918353715807,0.055486811967918985,0.03360325303962403,0.04256503190547179
2013-04-11,0.008992866360563807,False,0.048163214058848935,0.05542816681652824,0.03355266460853926,0.04251114407752004
2013-04-12,0.012013492648823754,False,0.04817097999420117,0.055431550075400376,0.033569244546345904,0.042522319697008905
2013-04-15,-0.00799293775776154,False,0.04828480356289943,0.05554588107722599,0.03368204761607505,0.042635748487152875
2013-04-16,0.02248276316910763,False,0.04813767601069271,0.05539281409172845,0.03354686486057887,0.04249324176232505
2013-04-17,0.0021772270738655403,False,0.048359860415872806,0.05561789764014379,0.03376321879761761,0.04271317065931423
2013-04-18,0.0047732787526575905,False,0.0482607133374476,0.05550924998370083,0.03368317833551394,0.04262141494785459
2013-04-19,0.0038885337396923746,False,0.048292338660629874,0.055540699194117575,0.033715157839150696,0.04265317728523483
2013-04-22,-0.008661812492350146,False,0.048175983601940336,0.05541229021129013,0.03362304443220503,0.04254620007455747
2013-04-23,0.007367313929704382,False,0.0481242374184111,0.05536007819293297,0.03357223508928796,0.04249481630646779
2013-04-24,0.0025873235649509544,False,0.04820988311469807,0.05544495824604593,0.03365942057087408,0.04258105766647684
2013-04-25,0.015808917149838227,False,0.04801582880405104,0.05523214382122206,0.03350309473348991,0.04240159856129388
2013-04-26,0.0021172991183137494,False,0.04802293511409588,0.055229470605344146,0.033529868652101655,0.04241631325734526
2013-04-29,-0.012343208422991178,False,0.048037705050006804,0.05524416517305904,0.03354479016102232,0.042431141829056385
2013-04-30,0.01403382590089872,False,0.047858465969056865,0.055063125466654914,0.03336917231865675,0.04225330361902971
2013-05-01,0.019653570082776815,False,0.047912418320911844,0.055112805550825664,0.033431716629791774,0.042310579757939566
2013-05-02,-0.0004141644291962591,False,0.04805744167239424,0.05525596146470218,0.03358049558580404,0.04245705595961745
2013-05-03,-0.004151106002378575,False,0.048036931800808626,0.05523505178850685,0.033560789761431876,0.042436857132536636
2013-05-06,-0.005840650729541842,False,0.04796453490037958,0.055162090324967834,0.03348952825410328,0.04236489945729086
2013-05-07,-0.0025136167403160123,False,0.04785647666559996,0.055052739577114186,0.033384069392893324,0.04225784678642746
2013-05-08,-0.0020995178822826787,False,0.04783231945710508,0.055028554908699845,0.03335996740905367,0.04223371094151081
2013-05-09,-0.018240166354840028,False,0.04767120044984206,0.0548169311773664,0.033300418472941525,0.04211188416977293
2013-05-10,-0.016400885539416668,False,0.04740607185552348,0.05454869761261406,0.03304153428592708,0.04184917121541333
2013-05-13,0.007370508111633513,False,0.04719855962013088,0.05434120371969896,0.03283398516197049,0.04164164470973296
2013-05-14,0.01159557763732816,False,0.04704114982896404,0.054167595767274854,0.03270915149950638,0.041496836946968596
2013-05-15,-0.0038502721362327044,False,0.047198566746006206,0.054324793362560624,0.03286700949462217,0.041654424494427356
2013-05-16,-0.016857974332113917,False,0.047100518331926564,0.054224863483116115,0.03277274489630422,0.041557839844017536
2013-05-17,0.002612104227924961,False,0.04676828547460997,0.05388549425105845,0.03245486400513635,0.04123115902410502
2013-05-20,0.0004346881181248389,False,0.046821055999646324,0.05393783813965799,0.032508492538884576,0.04128426146857401
2013-05-21,0.018941590845013807,False,0.046821803052335735,0.053938574132125196,0.03250926183479138,0.04128501712601999
2013-05-22,-0.012012156448003545,False,0.04703744209370649,0.05415643452712702,0.03272043351096984,0.04149892797360961
2013-05-23,-0.014782877902580715,False,0.04683787862928972,0.0539555042396373,0.03252361886499186,0.04130042788564113
2013-05-29,0.0022650066308520615,False,0.04670221567733066,0.053822013224720855,0.032383587929561634,0.04116307518557641
2013-05-30,0.0004523863456477932,False,0.046482526496217,0.05358944932245854,0.032189791105394515,0.04095340242540168
2013-05-31,-0.009086841261979731,False,0.04654638063447672,0.05364400056082355,0.032272354309421956,0.04102449413876862
2013-06-03,0.024792795702922053,False,0.046543254534933284,0.05363400216625036,0.032283049085212234,0.0410267146249135
2013-06-04,0.016339511231406947,False,0.046750517858869724,0.05384461668902514,0.0324835728117998,0.04123137074533639
2013-06-05,0.010890981098194577,False,0.04689968042967016,0.053995303809423266,0.03262966936028333,0.04137934722982581
2013-06-06,0.02355064955891757,False,0.046995193669872454,0.05409114805852388,0.03272451690835535,0.04147460294798766
2013-06-07,0.00042310133908102915,False,0.04727693522198718,0.054374356125459745,0.03300330915191592,0.04175520356434215
2013-06-10,-0.0016934805063330315,False,0.0473033691124086,0.054398439450583556,0.033034470265164845,0.04178346617409608
2013-06-11,-0.0021208915691376244,False,0.04727336628072136,0.054367964745040825,0.0330054164191806,0.041753830456159276
2013-06-12,0.007192753667097946,False,0.04722182319694912,0.054315216903920854,0.03295629622340115,0.041703224663112395
2013-06-13,-0.027352132489625862,False,0.04731173010635973,0.0544046859631037,0.033047083693583154,0.04179347221618734
2013-06-14,-0.027230492329601685,False,0.04703726860489524,0.05413429974827724,0.032764426381500886,0.041515840177206595
2013-06-17,-0.01119331140396108,False,0.046862788941901115,0.05395873083244413,0.03259213731533493,0.04134220794343583
2013-06-18,0.016964692573575888,False,0.046327124759090454,0.05331856882717204,0.03226662874584309,0.040887842156519645
2013-06-19,-0.01023368219301352,False,0.04647722694389938,0.05346795730553844,0.032418166265969314,0.04103849959872581
2013-06-20,-0.029040153221163687,False,0.04640875385347056,0.053396874315234495,0.032354941946242485,0.04097205698767249
2013-06-21,-0.00046051117553424034,False,0.04618100467746634,0.053169929708740286,0.03212557470016894,0.04074368186359578
2013-06-24,-0.0009216590514174637,False,0.04615843659989791,0.05314605752814501,0.03210562930472904,0.04072212836682595
2013-06-25,0.010091828768592107,False,0.046140027886542104,0.05311819080302815,0.03210624160267856,0.04071107790425865
2013-06-26,-0.005033183812331846,False,0.046202190349387405,0.053180233855761073,0.03216864421124949,0.04077333326713154
2013-06-27,-0.0009178522902288858,False,0.04617496843642366,0.053153363730818526,0.03214071481725301,0.04074583766615072
2013-06-28,0.007319337342269702,False,0.046094954402534145,0.05306652170861019,0.03207443255345283,0.04067113574771425
2013-07-01,0.003185440691286154,False,0.046134203207915274,0.05310537711302243,0.03211447252768276,0.04071069061562339
2013-07-02,0.0009082652758814336,False,0.0460838133906172,0.053032609589856755,0.03210908652377043,0.04067771045862235
2013-07-03,0.021110148396122793,False,0.04591783992191007,0.052847688022515334,0.03198121958394516,0.04052647844565022
2013-07-05,-0.016129381929883644,False,0.04609853606177116,0.053031402833983436,0.03215584487210775,0.04070482608528804
2013-07-08,-0.015934778323962267,False,0.04600778577296704,0.052942887214806174,0.03206060043830675,0.04061233724297401
2013-07-09,0.00549200465084672,False,0.04592878072978736,0.052865473153804965,0.03197839577021987,0.04053209442951396
2013-07-10,-0.003657983045522579,False,0.04597626862953545,0.05291266021207668,0.032026488692383656,0.040579816381310904
2013-07-11,0.027559910092643025,False,0.04593665059535924,0.05287203646689522,0.03198889324401975,0.04054098078153891
2013-07-12,-0.0013377928416599422,False,0.046073243936442465,0.053006121030453844,0.03213053198860467,0.04067952592968952
2013-07-15,-0.00671594196543683,False,0.046049186697650964,0.05298151950976248,0.03210756935536368,0.040655892137476425
2013-07-16,0.030090765853825946,False,0.04587690242171198,0.052798650838001025,0.03195657136217477,0.040491842429317054
2013-07-17,0.002612104227924961,False,0.04611784428474341,0.05304491305238044,0.03218681346444305,0.04072864510533005
2013-07-18,0.02022879393378249,False,0.046126858460897875,0.053041619403131915,0.03222057991327901,0.04074723466246992
2013-07-19,0.007217182674965262,False,0.046312969833596576,0.05323048151039235,0.03240115928258012,0.04093120598763335
2013-07-22,-0.006791197578001733,False,0.04629890907809842,0.053194795473937226,0.032430589138423456,0.040933969512403974
2013-07-23,0.0046738984596879935,False,0.04623529287182594,0.05313111049574578,0.03236711123938522,0.04087040681008557
2013-07-24,0.00042381861198062754,False,0.0462572407528391,0.05314526018461064,0.03240474206780437,0.04089842161668244
2013-07-25,-0.005523702168632292,False,0.046265245615725335,0.05315320144502286,0.03241287484165199,0.040906475961739595
2013-07-26,-0.0059829238295935104,False,0.04620354983144621,0.05308473837620326,0.032364788746068844,0.04085004506590257
2013-07-29,-0.02297955007294347,False,0.04615673782401283,0.05303591042223618,0.03232203100953059,0.0408048014473173
2013-07-30,0.0030654720742946395,False,0.04601438184388702,0.052898231831996614,0.03217026832869923,0.0406588064985913
2013-07-31,0.004798264385919742,False,0.04602793512908313,0.05291093086460315,0.03218553960162623,0.040673024384863164
2013-08-01,0.0013046316266649492,False,0.04603602139746938,0.0529164832004202,0.03219872186283455,0.04068308203072243
2013-08-02,-0.0043554075818703335,False,0.046051570562179824,0.052931193928429605,0.032215957207936,0.04069928349188507
2013-08-05,0.031366696072493316,False,0.046015927998080165,0.05289548317716417,0.0321804517750732,0.0406636939768066
2013-08-06,0.004221196643624561,False,0.046313437762094796,0.053198956864931306,0.0324659674895998,0.0409565638600764
2013-08-07,0.028241079501036652,False,0.04633777655815585,0.05321895004259693,0.032499045760586084,0.04098428350940691
2013-08-08,0.0097800290536397,False,0.04662011607567914,0.0535074491365074,0.032768997751528015,0.04126183093013934
2013-08-09,-0.0012172856037517487,False,0.04658666946823626,0.05346113561166355,0.032761427806911506,0.041238394672387636
2013-08-12,0.004051869400878319,False,0.0465760855686895,0.05345056638954624,0.032750814389580406,0.04122779935392858
2013-08-13,-0.018364115342027327,False,0.04654944233119591,0.05341836959874685,0.032735339905402304,0.04120547673254584
2013-08-14,0.011466137087644225,False,0.04636086734040395,0.05321922522839999,0.03256802099813859,0.04102512462700807
2013-08-15,-0.008176660437245444,False,0.046423061838929365,0.05327879601071608,0.032635492053401355,0.041089360353896695
2013-08-16,0.003687773079184836,False,0.04632146122567754,0.05317494191430028,0.032538423421058525,0.04098951293092281
2013-08-19,0.007740922744438099,False,0.04635805588759406,0.05321148363334672,0.03257512455640266,0.04102614878193124
2013-08-20,0.005262104835949153,False,0.04623991858443905,0.05307344075195316,0.032497019369751634,0.040923497845305475
2013-08-21,-0.023280610338627453,False,0.046086959115439245,0.052899896848654,0.03238545726495621,0.040786552886938644
2013-08-22,0.0,False,0.04590490445973028,0.052722144315787506,0.0321947506082463,0.040601151217121684
2013-08-23,0.0028883865758692123,False,0.04585612574000505,0.05265671536172119,0.0321794571815868,0.04056532623472142
2013-08-26,0.008206857716070232,False,0.045875786723551346,0.052676266192204835,0.03219933969400226,0.04058507291639123
2013-08-27,-0.011095244291939593,False,0.045955367974314716,0.05275605287374339,0.03227850780285,0.040664494343800435
2013-08-28,0.01761257896980574,False,0.04525854293102815,0.0519879640786234,0.031725001319904564,0.04002311187886634
2013-08-29,-0.002846108853504828,False,0.04543455068787888,0.052166024165281835,0.031896881635443,0.04019752294099862
2013-09-04,0.032022440568406224,False,0.04542068515016574,0.052150143590580546,0.031887068539437555,0.04018522508451507
2013-09-05,0.028283104114561117,False,0.04535936615776359,0.05207761457157814,0.03184829403609752,0.04013262739518956
2013-09-06,-0.0007858546573390916,False,0.045547441246901466,0.052245811744845966,0.03207634560993881,0.040336167329774866
2013-09-09,-0.0071006215495763155,False,0.04553938379117428,0.0522337314808103,0.032076378425639485,0.040331239583880546
2013-09-10,0.0071006215495763685,False,0.04537035465935153,0.052039373725147546,0.03195828769953885,0.0401819159008404
2013-09-11,-0.00039315903789311326,False,0.045436021564011025,0.05210500256015835,0.03202403116608433,0.04024761242335506
2013-09-12,0.00783396094195155,False,0.04541778406961081,0.052085960027871275,0.032007412683706306,0.04023000124142045
2013-09-13,0.005059360860173085,False,0.04549015536046596,0.05215891162531681,0.03207861691974114,0.040301921058801655
2013-09-16,0.023024808398153674,False,0.04552280947891317,0.052191247536795646,0.03211191098435206,0.040334822739499274
2013-09-17,-0.008381001438230572,False,0.04574758471806729,0.05242039995095499,0.032327883285070164,0.04055619257461634
2013-09-18,0.0034370856827063557,False,0.04568603263342065,0.05235852181486097,0.03226698692262218,0.04049489415515646
2013-09-19,0.002665145304936535,False,0.04571900105375113,0.052391373274954356,0.032300190561733125,0.040527953569532905
2013-09-20,-0.008400202125266668,False,0.0457163029309326,0.05238041739817085,0.03231409961127731,0.04053167990738954
2013-09-23,0.0007665772701954624,False,0.04562126288945233,0.05227730529158095,0.03223529330322711,0.04044291986227196
2013-09-24,-0.0026855953221736747,False,0.045068408501308804,0.051655503955424176,0.031821098150318215,0.039943705599283834
2013-09-25,-0.01159209271282118,False,0.04497551532970774,0.051545651099273636,0.03176231260722305,0.03986400691457515
2013-09-26,0.009284399381004312,False,0.044726998039859155,0.05128102354455192,0.03154619467762327,0.039628023270507594
2013-09-27,0.016043124840575684,False,0.044809355243541814,0.05136404365916638,0.03162721870086093,0.039709864735258026
2013-09-30,0.0003788596370377704,False,0.04495664874513641,0.05151350722977555,0.03177014797577636,0.03985546994205653
2013-10-01,-0.0022753138371355394,False,0.04482922153460215,0.05137275735608756,0.031669513978537456,0.03973840764744038
2013-10-02,-0.0007595898580185669,False,0.04477719599757546,0.051318332560615416,0.03162231359114775,0.03968824871259121
2013-10-03,-0.018018505502678365,False,0.044649406368179385,0.05117840433819625,0.031518935891125026,0.039569902802862676
2013-10-04,0.010007781756599256,False,0.044509143970190734,0.05103547286529955,0.03138404127077116,0.039431716921909825
2013-10-07,0.03314804431887574,False,0.04454764135385814,0.05107082130068124,0.03142887150561872,0.03947266415992209
2013-10-08,0.007014981693084272,False,0.044881165680452736,0.051409511531765546,0.03175200667958972,0.03980216945780904
2013-10-09,-0.005534048434641443,False,0.04490715088847557,0.051433192805177594,0.0317826253314468,0.0398299471068961
2013-10-10,0.009572974431890903,False,0.04484046925954326,0.05135987939377315,0.03172928088294565,0.039768424946976716
2013-10-11,0.006210065619577911,False,0.04491776336475907,0.05143773934650838,0.03180543701198464,0.03984527882774987
2013-10-14,-0.01209027366898456,False,0.044906085609508574,0.05142029286440894,0.031805360745649894,0.03983808909175303
2013-10-15,0.017175646052264015,False,0.044817000731075085,0.05133232538518993,0.031714028665201004,0.03974813488646114
2013-10-16,-0.004721272615921776,False,0.04494438539439085,0.05145957798731683,0.031841678916827494,0.039875622292231835
2013-10-17,0.007254293691652128,False,0.044881163551773046,0.051394632941262806,0.031781922609342234,0.03981374108688154
2013-10-18,-0.01676424100367966,False,0.04494601832796255,0.05145898979856685,0.03184777875040509,0.039878983239627984
2013-10-21,0.0033021493957590318,False,0.044784648803152444,0.05129683265343406,0.031687993209146774,0.03971822647657022
2013-10-22,0.014184634991956381,False,0.044815949442889344,0.05132800204720289,0.03171955779770354,0.039749629224527384
2013-10-23,-0.020062682776147343,False,0.04493915641353467,0.05144976765261172,0.03184566349856312,0.03987395756477512
2013-10-24,-0.010370463311631573,False,0.04479854619629273,0.05131214956239568,0.03169903581344053,0.039731019498762836
2013-10-25,0.010001935575748758,False,0.04471895009431776,0.051231401663095186,0.03162175609153612,0.03965231948507713
2013-10-28,-0.01074681456735933,False,0.04480405445867601,0.05131729946564781,0.031705264772018446,0.03973680656142952
2013-10-29,-0.009358106848552615,False,0.04467202771629554,0.05117377698322762,0.0315963571171146,0.03961372340469357
2013-10-30,0.0003760105327249878,False,0.04458082484270366,0.0510762338621833,0.031517905117757,0.039527453188408
2013-10-31,0.006370641744607785,False,0.044584234981583745,0.051079516745650456,0.031521571180049834,0.03953096233089117
2013-11-01,-0.009759837231326928,False,0.04463360082290732,0.05112572241054022,0.03157729245348676,0.039582786761961045
2013-11-04,0.0011310086031272148,False,0.044564401909828195,0.05105621140834557,0.031508721182954974,0.03951383065149608
2013-11-05,0.03042906385028825,False,0.04456384781212405,0.051050817965813976,0.03151789949360461,0.03951704152192605
2013-11-06,-0.002195390563435615,False,0.04484887368531305,0.05134327577434629,0.031787978998597304,0.0397962854141362
2013-11-07,-0.01997846693088639,False,0.04483191336925755,0.05132645267131858,0.03177074273336573,0.03977921834753995
2013-11-08,-0.010896219021017813,False,0.044692316843097234,0.05119017089633818,0.031624479909757246,0.039637042973826954
2013-11-11,-0.023314642895298537,False,0.04459759111903502,0.051090788935884396,0.03153911834459878,0.03954593976113025
2013-11-12,0.008087854601698906,False,0.0444402877193646,0.050938232774418606,0.03137226777224128,0.039384943051476204
2013-11-13,0.015226788293599552,False,0.044506959841059714,0.051002456367076135,0.03144386413168128,0.03945352010744045
2013-11-14,0.005275068750587933,False,0.0446065197410179,0.05110113958463861,0.031545187127962566,0.03955376205866822
2013-11-15,0.0277950077647518,False,0.04437681387896163,0.05084045820075306,0.031377776150474906,0.039348154882856305
2013-11-18,0.015953927942241684,False,0.04464893333183771,0.05111884045478199,0.03163730048140138,0.03961540193097275
2013-11-19,0.00538117890451675,False,0.04463763366641491,0.05109375011188667,0.03165373525306112,0.03961483129253258
2013-11-20,0.005352376738591839,False,0.04468452948989778,0.05114018653494283,0.03170155497692928,0.039662084525546905
2013-11-21,-0.004994658974090536,False,0.044704920589498216,0.05115923222935841,0.03172465182144503,0.0396835223386652
2013-11-22,0.0014295928095943715,False,0.044619708737736755,0.0510700544642652,0.03164741581960052,0.039601395932940146
2013-11-25,0.0028530689824064807,False,0.04463300661443669,0.05108283754701596,0.03166174899862137,0.03961509431484966
2013-11-26,-0.01254271952992373,False,0.04465782235834885,0.0511075961956392,0.03168667956689232,0.0396399544783994
2013-12-02,0.01069147746567417,False,0.04456713268170287,0.05101614682350607,0.03159751771415003,0.039549855838226906
2013-12-03,-0.0017739937240632685,False,0.04471844349992639,0.05117015908447464,0.03174339565976852,0.03969906495751927
2013-12-04,-0.01394622997113342,False,0.044703786496088874,0.05115551549301478,0.03172871168229285,0.039684397518968746
2013-12-05,-0.005416153337562074,False,0.04459720139717631,0.05105011702226113,0.03161974015500651,0.03957688923368185
2013-12-06,0.018296474520619502,False,0.044484011910474595,0.050921184925392285,0.0315382106380246,0.03947594736060149
2013-12-09,-0.01865859655970246,False,0.044647974298865495,0.05108820935889141,0.03169601494625103,0.03963752750456286
2013-12-10,0.007936549595736342,False,0.044527062857582324,0.050969692475491754,0.03157028780863292,0.03951475311809844
2013-12-11,-0.006488847569455598,False,0.04452503441958033,0.05095212615228351,0.031599507617898474,0.03952481301948099
2013-12-12,0.01150677924552455,False,0.044428768430280687,0.05084325618066188,0.03152858950258077,0.03943835281867077
2013-12-13,-0.005017931676068992,False,0.04453088032112435,0.050946613556985404,0.03162819659706855,0.03953949573265695
2013-12-16,0.0032287023563722537,False,0.0443270043635404,0.050726254081402314,0.03145747064924712,0.03934844380853572
2013-12-17,-0.00754991901928469,False,0.044267225469718445,0.05064675451814796,0.03143735200175379,0.039304007423802044
2013-12-18,-0.0003609456815942414,False,0.04421691877803556,0.05059624194234051,0.03138745936371768,0.03925386090817521
2013-12-19,0.007552634354938094,False,0.04419101327854934,0.05056908281193567,0.03136407504188255,0.03922893072262689
2013-12-20,0.009982257577790414,False,0.04425589876546798,0.05063434990887456,0.03142819307273402,0.039293519320272884
2013-12-23,-0.003909725968410837,False,0.044265258780503636,0.0506386329148882,0.03144776346268195,0.03930682920411642
2013-12-24,0.004264398786457518,False,0.044203840259025955,0.050567000199089523,0.03140688671156391,0.03925335723687394
2013-12-26,-0.013207402406268484,False,0.04423530698182701,0.050598623884733636,0.03143803776632736,0.03928470184394995
2013-12-27,0.0007183908354936538,False,0.04414744875819129,0.05051006734445444,0.03135158392757778,0.03919738690458183
2013-12-30,-0.02656150330109818,False,0.04415675119823498,0.05051920549903667,0.03136121676217994,0.03920681715728391
2013-12-31,-0.0011068069751911064,False,0.04391106492421553,0.05027258339579973,0.031117412534681015,0.03896185895024636
2014-01-02,-0.02731694646269725,False,0.0438639800714936,0.050222779056041056,0.031075796843446427,0.038916889834757364
2014-01-03,0.023618717395606843,False,0.04370180186932004,0.0500664073080593,0.03090194127888249,0.03875019426178593
2014-01-06,-0.011927088835990406,False,0.04391374286856232,0.05027889415872289,0.03111278451610905,0.03896171059337579
2014-01-07,0.002995135148092637,False,0.04376223984734654,0.05012275128312289,0.030970612707935382,0.03881381733846648
2014-01-08,0.00930239266231341,False,0.043788208600111095,0.050147125369835975,0.030999788494245617,0.03884102672753251
2014-01-09,-0.005943553900847994,False,0.043869397517065124,0.0502274330544543,0.031082749657908956,0.03892290123556984
2014-01-10,0.010378150968713688,False,0.04374931278772075,0.050101166377860024,0.030975097445197042,0.038807626007352686
2014-01-13,0.0,False,0.04372664568741456,0.05006854188579486,0.030972455659513416,0.03879270567112473
2014-01-14,0.014641549992948187,False,0.043730534615063245,0.050071789757824364,0.030977633814378985,0.03879709333446275
2014-01-15,-0.001454545710994324,False,0.04377966584115864,0.05010495008207527,0.031058884127679463,0.03885864978311647
2014-01-16,0.0018178518003674612,False,0.04377160781551332,0.05009501407629126,0.031054602908656064,0.03885205280966537
2014-01-17,-0.019439453150186907,False,0.04378885029587772,0.05011024947845336,0.0310758818248107,0.03887085677939327
2014-01-21,-0.007808182447811699,False,0.0436372510499875,0.04996064506317022,0.03092027077427401,0.038717705572661985
2014-01-22,0.006696453595121294,False,0.043553446561970605,0.04986907434219641,0.030852084960520255,0.03863994314625619
2014-01-23,0.03425991039659211,False,0.043566216505525064,0.04987888385691199,0.030870808623718514,0.03865501627766751
2014-01-24,0.00035823034594081947,False,0.04369877255992067,0.05000071058464509,0.0310249424313356,0.03879591965477417
2014-01-27,0.03415223658397222,False,0.043693407314409474,0.0499951030537535,0.031020064446051626,0.03879074290517908
2014-01-28,0.005522968819776455,False,0.044015044335092575,0.05032757448343174,0.031319912382391284,0.03910395085001141
2014-01-29,0.004465059796719395,False,0.04406097082791804,0.05037258054999399,0.03136768994484963,0.03915059342645446
2014-01-30,-0.0020583197661543586,False,0.04403540013041361,0.050331154108720765,0.03137400674009737,0.039137358359528286
2014-01-31,-0.00034346557095336184,False,0.044004284457169564,0.050299477468734505,0.031344019227297085,0.03910667911352471
2014-02-03,0.001030043009526921,False,0.04395328560725218,0.050233275118967136,0.03132359614212109,0.03906750845409658
2014-02-04,-0.012778623203602185,False,0.04397071147967064,0.050249781179606164,0.031342871848383844,0.039085649932069595
2014-02-05,0.0024301348532918907,False,0.04388969057433383,0.050169875670154525,0.031259607769928005,0.03900376125844713
2014-02-06,0.0006932409289764863,False,0.04387621365472567,0.05015487913167069,0.031249186956459736,0.038991466589091216
2014-02-07,0.012396852976828502,False,0.04388924722068112,0.050166303208487285,0.031265457366677955,0.039005752323581055
2014-02-10,-0.004115232145106544,False,0.04400115206312722,0.05027893026189029,0.03137590977037443,0.03911709529219179
2014-02-11,0.0017167386190545491,False,0.04397227596198103,0.050250128072795906,0.03134688502467072,0.03908816168811292
2014-02-12,0.008879839769402252,False,0.04399561662771018,0.05027181860944349,0.03137354426566799,0.03911278613989799
2014-02-13,-0.0040885917262614944,False,0.04404169287122608,0.05031782601648367,0.03141975894624823,0.03915891593759256
2014-02-19,-0.006510216586000539,False,0.04400271799223188,0.0502698601714871,0.03139886580264384,0.039126935951853715
2014-02-20,0.013995790838663803,False,0.043945264567335364,0.050212645282990194,0.03134093265709692,0.03906929694771552
2014-02-21,-0.00714410250613203,False,0.043966077359540494,0.050228797404805695,0.031371118525421134,0.039093735700898066
2014-02-24,0.002046385434463331,False,0.04392408467878292,0.05018670591487894,0.03132932455982395,0.03905181989281367
2014-02-25,-0.012341603340541293,False,0.04394156144655771,0.0502042203908743,0.031346725492580996,0.03906926732392123
2014-02-26,0.0034435295735461137,False,0.04383978534984825,0.050103053370174115,0.031243724482861165,0.03896701737138046
2014-02-27,0.008216410482249505,False,0.0438612686897198,0.050117269445177,0.03127982302207036,0.03899415458003554
2014-02-28,0.0006816632847458644,False,0.043889032832612966,0.05014400102991872,0.03130966374308253,0.03902272204417889
2014-03-03,-0.014067825070767618,False,0.043791634201288274,0.050039221185363615,0.031227109472692204,0.0389310659324709
2014-03-04,0.009970857919816712,False,0.043435931131292065,0.04962917254312422,0.03098070080517167,0.03861764324443164
2014-03-05,0.0051185916225767744,False,0.043502138756936475,0.049695978179062586,0.031045705772070303,0.038683385623274905
2014-03-06,0.0,False,0.04355647092595355,0.04974947295995198,0.031101722012692054,0.03873836927296323
2014-03-07,0.009485165964054737,False,0.04355975347304131,0.04975272245742116,0.031105071025881205,0.038741677532366445
2014-03-10,0.00269360432222296,False,0.043640303201626277,0.049834258237414227,0.031183637706077665,0.03882146012154257
2014-03-11,0.008704440630146318,False,0.04335948543346288,0.04952682207961326,0.030956352192157265,0.038561351228720835
2014-03-12,-0.01545210455892161,False,0.04343644671798043,0.04960367137801626,0.031033538691995387,0.03863839963746031
2014-03-13,0.019112065390408706,False,0.04335339077971233,0.049519375665451004,0.030952976064321312,0.038556308232799284
2014-03-14,-0.0046604611650705756,False,0.043500253960003926,0.04965625554843177,0.031119916657901366,0.038710938331462864
2014-03-17,0.0109508311867517,False,0.04347308384232093,0.049629078235599755,0.031092761010385495,0.03868377381154315
2014-03-18,-0.005294519316974099,False,0.04357964363748445,0.04973572645269079,0.031199142980174566,0.03879026481521705
2014-03-19,0.0036429912785010087,False,0.04355908403733669,0.049714283612017476,0.031180359665407522,0.038770392368506795
2014-03-20,-0.01700324344484141,False,0.043609432065710066,0.049762002574286646,0.03123599500969403,0.038822785787415014
2014-03-21,-0.005732607167623189,False,0.04350303662019855,0.049657737235751516,0.03112531570517461,0.03871473313722511
2014-03-24,-0.005765659519749878,False,0.04344054032655918,0.049595070682498785,0.031063161820713038,0.0386523693040823
2014-03-25,0.003056548482548874,False,0.04339194651303858,0.049546674175739346,0.031014171203484688,0.038603621987619685
2014-03-26,0.004736138758289086,False,0.043416573375508555,0.04957148700648996,0.031038424065069715,0.03862810416838675
2014-03-27,-0.002703617733366702,False,0.04344599487249866,0.049601094535942025,0.03106747143209981,0.03865738093374145
2014-03-28,0.009430854674549856,False,0.04343993930664383,0.04959407623584239,0.03106335202147685,0.03865207436674546
2014-03-31,-0.009430854674549925,False,0.043474914544097354,0.04962870870148214,0.031099016607464686,0.03868731627768521
2014-04-01,-0.004069181606725743,False,0.043361064337397025,0.049513359687048106,0.03098818065360815,0.038574632130349895
2014-04-02,-0.00887377836575136,False,0.043342847002157917,0.04949438762623581,0.030971481147276703,0.03855700196503447
2014-04-03,0.0,False,0.04327763907257193,0.04942970703910684,0.030905212679060583,0.038491383767609084
2014-04-04,0.016658552830155923,False,0.043232564393108006,0.049382688517335266,0.0308640472616534,0.038447821380533286
2014-04-07,-0.0023628702976677108,False,0.04335882825276838,0.04951129514677691,0.030985599576052365,0.03857226258570498
2014-04-08,0.011090686694158138,False,0.043324519735772594,0.04947664190606565,0.030951984333061167,0.038538222260757926
2014-04-09,0.006330189387365966,False,0.043337260817947906,0.04948636424898113,0.03097079640299159,0.03855331189578982
2014-04-10,-0.013710296684988549,False,0.043397273647361,0.049542529122499214,0.031038547858072595,0.03861631840138073
2014-04-11,0.005707586419364569,False,0.0432214754726241,0.04936290940864786,0.03087043518220547,0.038443493350796436
2014-04-14,-0.0026818655028275555,False,0.04326568102141318,0.04940752810787154,0.03091380984398722,0.03848737747214516
2014-04-15,-0.009443577770342918,False,0.043256279074946294,0.0493976241316695,0.030905417529725195,0.038478366100440475
2014-04-16,0.0016929071251530464,False,0.043189813638736016,0.04933181939860007,0.030837623353159243,0.03841138664294011
2014-04-17,0.015108563372274742,False,0.04318181291330424,0.049310745443656025,0.03085591420492489,0.0384135567762255
2014-04-21,-0.004676027224257288,False,0.04325465545686726,0.04938348933702653,0.03092895514393027,0.03848647606877925
2014-04-22,0.002006689636589027,False,0.04321557993454563,0.04933345667454329,0.03091191553065099,0.03845592510608716
2014-04-23,0.0013355594639642174,False,0.04323217365342709,0.049350183588183424,0.030928241381498994,0.038472415200606236
2014-04-24,-0.009723463029392147,False,0.04321224187008312,0.04932949961127086,0.030909822334947254,0.03845306861730845
2014-04-25,-0.007779508201583997,False,0.04315159890774121,0.04926931450572566,0.030848258576614978,0.03839206944636577
2014-04-28,-0.00340136382349029,False,0.043093155373686395,0.04920112300750785,0.03080941917725913,0.038341209743543235
2014-04-29,0.0017021280705303626,False,0.04307068069703621,0.04917861694756041,0.030787007615570842,0.038318759482825024
2014-04-30,0.011498266687373079,False,0.04310231028202279,0.04920633783339888,0.030826497987006374,0.03835343000171138
2014-05-01,-0.019695033891551597,False,0.04319808645162559,0.04930348629301474,0.030919514343604924,0.0384481385416341
2014-05-02,-0.002059732963010616,False,0.04307017214786042,0.04917823479544202,0.030786244869221453,0.03831815259783927
2014-05-05,0.0037729422222027528,False,0.04305042256133006,0.04915849620425536,0.03076647316995087,0.03829839445702725
2014-05-06,-0.0027425454283063516,False,0.043100984369852595,0.04920622995450262,0.030822722487622807,0.038351156470260855
2014-05-07,-0.007235173680779337,False,0.04308721878870062,0.04919265717557202,0.030808569161844875,0.03833724089065959
2014-05-08,-0.003116885640253111,False,0.04302089771275919,0.04912663715296322,0.030741642637423572,0.038270685597846986
2014-05-09,-0.010460346424902199,False,0.04299296902860094,0.0490987348986186,0.03071366080025637,0.038242736351523886
2014-05-12,0.0017510072763127819,False,0.0428735681816944,0.048979063994978915,0.030594803064555882,0.03812354560640406
2014-05-13,0.012517548701616433,False,0.04285109635723133,0.04893803939825171,0.030609642727950578,0.03811550767720255
2014-05-14,-0.0031147282492292668,False,0.04291342370846954,0.04899897560145934,0.03067476781755975,0.038178917329494244
2014-05-15,0.007596721616676011,False,0.04261639937391821,0.048679243134690124,0.030423411816961846,0.03789955972406309
2014-05-16,0.0034340693088454367,False,0.04268650188705768,0.0487499622506577,0.030492274279902563,0.03796918252557175
2014-05-19,0.004446732143391568,False,0.0427254061073519,0.04878865885426631,0.03053159603819776,0.03800824826983941
2014-05-20,0.012885902276158092,False,0.04275763752009494,0.04882116551459238,0.030563273900414457,0.03804026554235975
2014-05-21,0.004370489390800411,False,0.04286599434043208,0.04893130469891904,0.030668046207806252,0.03814723569903411
2014-05-22,0.0066867517622956,False,0.0429118927491381,0.04897732844683394,0.030713692546778235,0.038193036594927086
2014-05-28,-0.0006600660305658253,False,0.04298612083281595,0.049046330652222386,0.03079843039641264,0.038271330366406474
2014-05-29,0.005596722427869915,False,0.043043526078643396,0.04910444252729611,0.030854414539875055,0.03832818586083374
2014-05-30,0.008173986985715245,False,0.04310321617176748,0.04916405552477711,0.03091425968007835,0.03838793593369678
2014-06-02,-0.0006514658210862151,False,0.043162484303249475,0.049224181250678345,0.03097180310307447,0.03844653686418865
2014-06-03,0.0003257859615067385,False,0.043184101680884115,0.04924326760501965,0.030998510622685323,0.038470123355905016
2014-06-04,0.00584607056342391,False,0.04318930869423936,0.049248444363050634,0.031003778482535535,0.03847535390763908
2014-06-05,0.0012944985626457955,False,0.04326694597446159,0.049324122709608315,0.031085355375048484,0.03855451522119367
2014-06-06,-0.004213261782812152,False,0.04328338738063068,0.0493404432827959,0.031102039788475904,0.03857105063437015
2014-06-09,-0.0006497726024585898,False,0.043261531249448065,0.0493184269153864,0.031080505908434454,0.0385493191655767
2014-06-10,0.0032446491801174497,False,0.043291529512400624,0.049344443103643304,0.03111851252342953,0.038582415447966055
2014-06-11,0.01063325630136866,False,0.0432803138894927,0.04933266461179399,0.031108428886478922,0.038571637732193007
2014-06-12,-0.01128134446403981,False,0.04338719478041703,0.049440874616200635,0.03121263679673754,0.038677484584402164
2014-06-13,0.01192216473588923,False,0.04330436064807919,0.049358851825611116,0.03112817097467916,0.03859401923524941
2014-06-16,0.0012804099060446127,False,0.043394632359239106,0.0494508130909109,0.031215044822820167,0.03868297648800136
2014-06-17,0.0031938704888766364,False,0.043358206528393915,0.0494135237274951,0.03118035564267949,0.038647222477976355
2014-06-18,0.0015931180683481608,False,0.04324312468907531,0.04929213908295689,0.031077949377505427,0.03853704416623296
2014-06-19,-0.0003184206363474698,False,0.0432501207883999,0.04929929070690646,0.031084632701193354,0.03854391926875363
2014-06-20,-0.007351799134962021,False,0.04314446174328055,0.049189198153268957,0.030987889886860843,0.03844170945465385
2014-06-23,-0.006760045057719325,False,0.04306697448148062,0.0491114408498263,0.030910945705918593,0.0383644322829004
2014-06-24,-0.013004084423206573,False,0.04300435758847085,0.049048789355898556,0.030848398398829066,0.03830184230910351
2014-06-25,0.006523180339123476,False,0.042932125617366944,0.048977522704692494,0.030774225072485385,0.03822885932752521
2014-06-26,-0.006850459019838919,False,0.042922349603248255,0.04896600605205822,0.030767949657194434,0.038220437515013944
2014-06-27,0.027443207296603368,False,0.04269354795823448,0.04872409413600453,0.03056551408360945,0.0380018355467033
2014-06-30,0.0009549578952684918,False,0.04293769778587088,0.04897344677381873,0.030799200537577932,0.03824193763332811
2014-07-03,-0.0038338705107219006,False,0.04292850479526409,0.048964141286766925,0.03079023378861752,0.038232832163975904
2014-07-07,-0.0022432311922394666,False,0.042898001650247576,0.04893367784396196,0.030759650798467198,0.03820229813098454
2014-07-08,0.005439143148628997,False,0.04289641732643118,0.048925506033220385,0.030771314572289404,0.03820583881463124
2014-07-09,-0.006723252474358006,False,0.042934374666864894,0.048963742424910556,0.030808710712627575,0.03824357905561744
2014-07-10,0.0016048791761135506,False,0.04291550855675569,0.04894111884333701,0.030797401254910897,0.038227636225586954
2014-07-11,0.002882307840119468,False,0.042828948450785984,0.04884996324281449,0.030720083149908324,0.03814465137436118
2014-07-14,-0.0022410766543132558,False,0.04284131643154873,0.04886243917120068,0.030732234037161583,0.03815693537281291
2014-07-15,0.007344755994039533,False,0.042843289760673905,0.04886357848657905,0.030735884651672696,0.038159557557370404
2014-07-16,-0.01216404242998845,False,0.042869924647640556,0.048890504241072594,0.030761934574837512,0.03818596615193404
2014-07-17,-0.013292463507097237,False,0.0425442627002625,0.04854542220952308,0.030475328366647358,0.03787541286092878
2014-07-18,0.005857485019579088,False,0.042482007688322054,0.048483777396923805,0.030411846182563314,0.037812683119214596
2014-07-21,0.014815085785140682,False,0.042484801800286076,0.0484856366868694,0.030416520315469382,0.037816204514568394
2014-07-22,0.000958619661203917,False,0.042588874572976554,0.048592180330679385,0.030515623918244934,0.03791835497104457
2014-07-23,0.017099846679858095,False,0.04252067427426802,0.04851989667649797,0.03045563565739124,0.03785333148733555
2014-07-24,0.004073325387635869,False,0.04259923931212224,0.04860032036518275,0.030530462761803025,0.037930450511028974
2014-07-25,-0.0012515646189417958,False,0.042613792451614306,0.048615130390525035,0.030544499278057052,0.037944803795566556
2014-07-28,-0.009120994196681205,False,0.04260386134324034,0.04860528488413508,0.030534396015498157,0.03793480608959446
2014-07-29,0.0037842996912396273,False,0.042566092260950886,0.04856561929100145,0.03050044100693999,0.03789851247622672
2014-07-30,0.008774735085254295,False,0.04256233654890151,0.04856141784710859,0.0304975817063826,0.03789510353967007
2014-07-31,0.004358661944037696,False,0.0425709881378626,0.048569140170021535,0.030508102142671654,0.03790447808952446
2014-08-01,-0.0037348316056531965,False,0.042596513376248625,0.048591727764775355,0.030539535277363028,0.03793228878907496
2014-08-04,-0.003748832881519685,False,0.04257960950249812,0.04857481694017965,0.030522645382460148,0.03791539032302149
2014-08-05,0.0,False,0.04256405469996589,0.04855401691022721,0.030517639258929304,0.037903916261746065
2014-08-06,0.007483664487173048,False,0.042557481329025565,0.048547485490946715,0.030510981518988796,0.0378973102527797
2014-08-07,0.004030388342177809,False,0.0425849993113559,0.04857556003956037,0.03053738019064005,0.037924395231388276
2014-08-08,-0.0012383902511465827,False,0.04253449696344334,0.04852157854369588,0.030493874758590816,0.037876599630285446
2014-08-11,-0.0018604656529196783,False,0.042538024103828835,0.048523244143861236,0.030501145643271336,0.037881575032751684
2014-08-12,0.0,False,0.042535224349150434,0.04851975438828982,0.03049973354966996,0.03787931209275944
2014-08-13,-0.0009315324381114966,False,0.04245870968783866,0.048439006564186565,0.03043173220377248,0.0378060907952365
2014-08-14,-0.0012433946270883846,False,0.04244141180044169,0.04842154441010736,0.030414764673167054,0.03778892070588785
2014-08-15,0.0037255553802421075,False,0.04244310701186807,0.048421774651432874,0.030419406086560033,0.037791755651295555
2014-08-18,0.009867486785599639,False,0.042462527773018,0.04843532480060729,0.030450633237845293,0.037815743697440396
2014-08-19,-0.018582138888043487,False,0.042527573366115914,0.04849932041581628,0.030517790441903333,0.03788160616419255
2014-08-20,0.006853609381680876,False,0.04246003228766639,0.04843454206133541,0.030444693248155064,0.037811915710553576
2014-08-21,-0.007166255937299283,False,0.04243031977124778,0.048402375019557894,0.03041991702868558,0.037784112793489866
2014-08-22,-0.0006255865077343095,False,0.04232991669771172,0.04829858071629584,0.030326334058632855,0.03768634806714935
2014-08-25,0.00779184244503356,False,0.042328182028220536,0.04829687175900407,0.030324547679326967,0.03768459339379094
2014-08-26,-0.0003105107927448847,False,0.042369341461770293,0.04833866854487703,0.03036442533335991,0.03772525697278339
2014-08-27,-0.0012430082395970253,False,0.042374784650218274,0.04834351088540536,0.030371076887303863,0.0377311676156806
2014-08-28,0.0006216972534715411,False,0.04235598047547088,0.04832462473105753,0.030352437581764303,0.037712427220348455
2014-08-29,0.00031070374647968683,False,0.042349577253488674,0.048308900350406435,0.030364780145778026,0.037713275778640795
2014-09-02,-0.02008225632349459,False,0.042327818229574404,0.048286661718163475,0.030343985662368955,0.037691889885829756
2014-09-03,-0.006040393505015027,False,0.04225167230119037,0.048204831430110034,0.03027927155203155,0.037620166339768384
2014-09-04,-0.0015956601438927404,False,0.0422366012692325,0.04818795332721773,0.030267834721166016,0.037606501193261296
2014-09-05,-0.00640822442876865,False,0.04224517319601183,0.04819327883828607,0.030282935515904122,0.03761759880319356
2014-09-08,-0.009365481017575904,False,0.04222884889398849,0.04817349594027174,0.030273566797687092,0.03760396525873331
2014-09-09,-0.003575495439238683,False,0.04219431410098227,0.048137892907175316,0.030241180342761437,0.0375702615472149
2014-09-10,-0.004242133951814777,False,0.04215097043682629,0.048094285731619606,0.03019836662648881,0.03752712289263323
2014-09-11,-0.005903592088740212,False,0.04214177960271525,0.04808371637740682,0.030191948134715915,0.03751900453515701
2014-09-12,0.011122129698273796,False,0.042097887200355386,0.048040027938493185,0.03014764554138625,0.037474953451012115
2014-09-15,0.0074542558746615575,False,0.04211462414836762,0.04805532260080651,0.03016728307075508,0.03749281248473849
2014-09-16,-0.008756339391959994,False,0.042183642083254154,0.04812384437881786,0.03023729882693541,0.03756221642535333
2014-09-17,0.026676818963817947,False,0.04213274098300029,0.04807343647055897,0.030185405868059526,0.03751093162602214
2014-09-18,0.012293299024638656,False,0.04176230906887943,0.04765594286590213,0.02990961973894591,0.037177113297319
2014-09-19,0.020772720267862244,False,0.04183566323370001,0.04773105483750535,0.029979438777829895,0.0372490999037699
2014-09-22,0.020951123103537608,False,0.041886658027607666,0.047783138214732325,0.030028244321380636,0.037299247789334654
2014-09-23,-0.009358558869368165,False,0.041863806278873046,0.04775618673015601,0.030013637553067265,0.037279585599383845
2014-09-24,0.022196472162329606,False,0.04183539005866338,0.0477283737487777,0.029984008158998134,0.03725070006461646
2014-09-25,-0.011336636926321043,False,0.04194658404953464,0.0478433413740413,0.030087612992205786,0.03735895820079178
2014-09-26,-0.006622540760493382,False,0.04190270197947143,0.04780013087094759,0.03004238033353666,0.037314553657474395
2014-09-29,0.0,False,0.041884291226157694,0.04778186147944075,0.030023685287435493,0.037296032925905886
2014-09-30,-0.003327790092674691,False,0.041889852619052446,0.04778355073327749,0.030037033940767094,0.03730460680926868
2014-10-01,-0.03956016469983303,False,0.04188504356887773,0.04777812328874371,0.03003346854373981,0.03730027886452027
2014-10-02,-0.026191212862947406,False,0.041830333978287615,0.0477375981795466,0.029950232536842238,0.037234533870926685
2014-10-03,-0.011064219605380015,False,0.04172633773895218,0.04763927618503182,0.02983482482143663,0.03712612311853284
2014-10-06,0.007497997638089233,False,0.04167199120908014,0.047580213824325555,0.029789962300876268,0.03707544546398377
2014-10-07,-0.009135463207830785,False,0.041714246197036425,0.04762315502148466,0.02983083725322522,0.037117166587155845
2014-10-08,-0.004270001560951451,False,0.04167312431226898,0.04758164185100165,0.02979050228331973,0.03707634911926774
2014-10-09,0.006234638735116258,False,0.04166096583885194,0.0475665356992637,0.02978427188697461,0.037066483913915614
2014-10-10,0.0321881666671571,False,0.04170558291853939,0.04761159063060087,0.029828008403030938,0.03711076034883244
2014-10-13,-0.03153414440708816,False,0.04174243670969042,0.04764189939850862,0.029878024893092603,0.03715270611107183
2014-10-14,0.013958999585580615,False,0.041645077680652925,0.04755331721537688,0.02976301474567885,0.037048518772349576
2014-10-15,0.016307315808576774,False,0.0417477700775424,0.047656656626650154,0.02986440593167751,0.03715070779768274
2014-10-16,-0.02147862662195467,False,0.041858063176684855,0.047769739614075185,0.029969088285358426,0.037258830388036054
2014-10-17,0.010316016694615722,False,0.041718043886942516,0.047630818844879096,0.029826859760498065,0.0371179564588748
2014-10-20,0.000641231185806115,False,0.04177988298295904,0.04769385608691025,0.029886289264576496,0.03717886340772555
2014-10-21,-0.0032102756302482102,False,0.041793967441720335,0.0477065870955078,0.029903095647513436,0.03719400083892822
2014-10-22,0.0009641652683282743,False,0.04176031751687426,0.04767261463866202,0.02987009436690332,0.03716060184116926
2014-10-23,0.0022461103619198066,False,0.04174748380166956,0.04765942054969184,0.029857985399525173,0.037148048493615915
2014-10-24,-0.022691411202070765,False,0.04175965283329977,0.047671640420568234,0.029870052188326675,0.03716017797275531
2014-10-27,-0.026579637804712012,False,0.04167591346687272,0.04759193537950126,0.029778199388524645,0.03707329993632956
2014-10-28,-0.01595146668549939,False,0.04156977706052271,0.047491139421833285,0.02966132280365476,0.036963008707410226
2014-10-29,0.004778166087374095,False,0.0414788324335316,0.04739622849842234,0.029578354797009255,0.036875149824494746
2014-10-30,0.0030596658239554933,False,0.041516930791674046,0.04743443832843013,0.029616228974037876,0.03691316145849665
2014-10-31,-0.016082468100920098,False,0.04154843262361297,0.04746373742944349,0.029652160719038492,0.036946376995914014
2014-11-03,-0.013194635871545186,False,0.04145840858326518,0.04737578515604225,0.02955797014734057,0.03685474113892301
2014-11-04,0.006966242034418261,False,0.041380551709548415,0.04729917120572279,0.029477613629873188,0.036775917281626685
2014-11-05,-0.003477054963464547,False,0.041182202213185935,0.04707719948402711,0.02932677080050069,0.036595945670868046
2014-11-06,-0.0006968641396991812,False,0.041111745856786126,0.04700381051864506,0.02926221221521964,0.03652777085871888
2014-11-07,0.006946884484870378,False,0.041096273583339026,0.04698156519487908,0.029260361226027806,0.03651756795943927
2014-11-10,0.002074689540860297,False,0.04114990031722718,0.047031850351129965,0.029320708208063456,0.036573794411630334
2014-11-11,0.00859850525523177,False,0.04109607172015552,0.04695728997847554,0.029308573293311276,0.03653609495542709
2014-11-12,-0.02391380634965541,False,0.040819387061159854,0.046647950122804774,0.02909756151365081,0.036284815755078983
2014-11-13,-0.018764933687245553,False,0.040698568293599226,0.04653273319976287,0.028965476874296688,0.03615963880126437
2014-11-14,0.01736093205261102,False,0.04056005764037183,0.04639541863632853,0.028824560764399272,0.03602019760059369
2014-11-17,-0.0038711996260193914,False,0.04068951999332991,0.046527718119518564,0.028948317363592192,0.03614745269093741
2014-11-18,0.003168458908413117,False,0.04066640718740698,0.046501580055669685,0.028931288655116447,0.036126693509336526
2014-11-19,0.009097333560632637,False,0.04069251584545224,0.04652772908407763,0.028957316124308897,0.036152770759591175
2014-11-20,0.002782610491111982,False,0.04076352796183104,0.04659954905661443,0.02902670356083924,0.03622315437091396
2014-11-21,-0.004176824728806062,False,0.04079066634939523,0.046625615236767316,0.02905599826516507,0.03625112692650723
2014-11-24,0.015230477862253396,False,0.04077105362429466,0.04660445361819982,0.029039500520346758,0.036232719227035956
2014-11-25,-0.016626638647508126,False,0.04090113536078858,0.046734564784031866,0.0291695230714868,0.036362778067761094
2014-11-26,0.01559553355529495,False,0.04079989618328978,0.046635738894128004,0.029063430530322773,0.03625966137352865
2014-11-28,-0.009675265523418422,False,0.04091019866504757,0.04674821972970275,0.029169352123831933,0.03636826911498623
2014-12-01,0.018235495847459413,False,0.0408543524429284,0.046688948144691246,0.029120394650420857,0.0363150877953688
2014-12-02,-0.012695315471844043,False,0.041004112352246866,0.046842272113009106,0.029262986879233833,0.03646207489782202
2014-12-03,-0.00242005303937171,False,0.04049605008293553,0.04629064089622228,0.028842546137938057,0.035987908890242615
2014-12-04,0.004489732977897823,False,0.04043423628025076,0.04622585975051353,0.028786699960017526,0.03592840365459048
2014-12-05,0.009260913383600342,False,0.04047012997073116,0.04626135001146628,0.02882340498778533,0.03596461120973028
2014-12-08,0.0027275843708866516,False,0.04052029090096308,0.04631203464129846,0.028872512705537833,0.03601436470623364
2014-12-09,0.0165460469005156,False,0.04052683913785643,0.0463184175690458,0.028879393395722062,0.03602104155220306
2014-12-10,-0.0036906601194055203,False,0.04064523366936806,0.0464397789324348,0.02899182133043659,0.03613712791434964
2014-12-11,-0.029679817967013272,False,0.040624077753075444,0.04641868579576927,0.028970539158010365,0.03611592315605385
2014-12-12,0.0010382420036292304,False,0.040503634802987444,0.046305705170262695,0.028835088723916918,0.03598967458242438
2014-12-15,0.00655061814919211,False,0.04045564724700239,0.04625424089077813,0.028794093207977944,0.035944391887046186
2014-12-16,0.0013736265896119398,False,0.04050217539338682,0.04630118152747003,0.028839791794937016,0.035990599119563434
2014-12-17,0.00034311202944259145,False,0.040496914475645865,0.04629540074010724,0.0288355763872043,0.03598574265586117
2014-12-18,0.01700721264723315,False,0.04044275521634016,0.04623701460574178,0.02878991779805305,0.03593487186854378
2014-12-19,0.005046268067624219,False,0.04055965558357849,0.04635690298424575,0.028900808974617914,0.036049447589037435
2014-12-22,0.002011398599685635,False,0.04056290514596055,0.0463588155722844,0.028906747326646626,0.036053737305816125
2014-12-23,-0.006720455401258329,False,0.040572489908802106,0.04636848492018428,0.02891616198044292,0.03606325626221888
2014-12-24,-0.0006745362818999494,False,0.04053954084780836,0.04633497462932936,0.028884341609051577,0.036030743833169857
2014-12-26,-0.007790047861982469,False,0.04053740119524271,0.04633271712488291,0.028882438968451413,0.0360286958683412
2014-12-29,0.007790047861982394,False,0.040485467112758924,0.046280917938311794,0.028830233596742704,0.035976656838012044
2014-12-30,0.0026954194216723027,False,0.04053100851484771,0.04632707978285477,0.028874527226759174,0.03602171554127438
2014-12-31,-0.021082045672111548,False,0.04051188264167798,0.04630561868643756,0.028860097722013665,0.03600440645145576
2015-01-02,0.005824926526347631,False,0.04037671646422664,0.04617137580392821,0.028723074705728397,0.03586852195857972
2015-01-05,0.00579119315688102,False,0.04039020207324422,0.04618351444103514,0.028739269210504167,0.03588305550001418
2015-01-06,-0.014369046404633667,False,0.04017872751150683,0.04592848069005268,0.028615396552001127,0.035705469608190404
2015-01-07,0.0034399758724434804,False,0.04010963003731538,0.04586116733345299,0.028542711038194144,0.0356349841060489
2015-01-08,0.02509456878255902,False,0.04010959262678173,0.04586013269496941,0.028544679153196823,0.035635722530176314
2015-01-09,-0.006046373811864673,False,0.04028886008267889,0.04604153313313981,0.028719656967575426,0.03581333054443918
2015-01-12,0.008721960692302667,False,0.04024387843965267,0.04599564327164966,0.028676501843071973,0.03576905548746902
2015-01-13,-0.00100250634962559,False,0.0403048343386747,0.0460570525465147,0.028736545957751405,0.03582965866403322
2015-01-14,0.0003342804644198897,False,0.04030349554512007,0.04605544656453692,0.028735744506943443,0.0358285277407451
2015-01-15,-0.00502597807859147,False,0.04030710871907592,0.046056386497196074,0.02874473383755998,0.03583422067315084
2015-01-21,-0.025273978131770267,False,0.0402644731303058,0.04601338548775598,0.028702833146448135,0.03579186937847985
2015-01-22,-0.018044006274077994,False,0.04013493746815186,0.04589855807159537,0.028543717724785665,0.03565089082902439
2015-01-23,-0.01655905367309362,False,0.03999776524317663,0.04576142998913395,0.028406456724782925,0.035513684261557814
2015-01-26,-0.006555012546335775,False,0.0398881357455744,0.04565330047105694,0.028293810617746523,0.03540288779294698
2015-01-27,0.002189781896924225,False,0.03980995121114275,0.04557267696898636,0.028220531092127025,0.035326600754099574
2015-01-28,-0.010260258569567405,False,0.03981185483274083,0.04557402347266603,0.02822355513379775,0.035328937808586716
2015-01-29,-0.01073885528485297,False,0.03975457924500129,0.04551654583391371,0.028166685890932328,0.03527181941477564
2015-01-30,0.0026027157284159736,False,0.0396901508813564,0.04545318879334677,0.028100102989008963,0.035206557571105315
2015-02-02,-0.00782855815506257,False,0.03969471966656588,0.04545252298511468,0.028115199067221094,0.035215198824428834
2015-02-03,0.0070856160703693894,False,0.03964253454012574,0.04539762596249883,0.028068467836284597,0.03516512352959785
2015-02-04,0.012188516542497094,False,0.03969307867234297,0.045448685940296246,0.028117974551245383,0.035215266338445746
2015-02-05,0.006950823668200245,False,0.03978930785960187,0.04554601591980569,0.028211989934760803,0.035310639118919566
2015-02-06,0.011598535242931637,False,0.03984297348909409,0.04559992416125535,0.028265167647246597,0.03536411599842159
2015-02-09,0.03261543970283505,False,0.03985328178472954,0.04560505221579714,0.02828589392785567,0.03537845447651772
2015-02-10,-0.001396160785254836,False,0.04013114896735714,0.04589364001343963,0.0285422008772598,0.03564798111402021
2015-02-11,0.005572985514060847,False,0.04008644781892865,0.045846577653650376,0.02850224836196077,0.03560511696746866
2015-02-12,0.026055639228022752,False,0.04012727521780747,0.045886745633399985,0.028544401918918983,0.03564645738868771
2015-02-13,0.004726544923561185,False,0.04033492069940036,0.04609934588901804,0.028742082852451542,0.03585024809923583
2015-02-17,0.007048191620972216,False,0.04036944275226705,0.0461330807220183,0.028778188083512308,0.0358853826023034
2015-02-18,0.01229864263698655,False,0.04039553349248654,0.04615099705002429,0.028820718387464146,0.03591783296404115
2015-02-19,-0.0006609385567767875,False,0.04043977881017122,0.046195192091187325,0.02886506481628196,0.035962117396421835
2015-02-20,0.0006609385567768349,False,0.040431818784873,0.046187201636488213,0.028857165987564288,0.03595418104493254
2015-02-23,0.00888017675685917,False,0.04040289818807918,0.046156736696896614,0.028831351219200173,0.03592646193338706
2015-02-24,0.009126530101483425,False,0.04040951340772522,0.04616152075556404,0.028841649087436225,0.035934501780328476
2015-02-25,-0.018998278580637403,False,0.04042844339663588,0.04617965478896484,0.02886217982279698,0.03595405101569452
2015-02-26,0.008888947417245994,False,0.04035652043192542,0.046108132301559204,0.028789451458015664,0.03588181648312832
2015-02-27,0.01657765901981454,False,0.04037313006048497,0.046123665743605574,0.02880822540571024,0.03589926337542355
2015-03-02,-0.00517131081337795,False,0.04046940762582232,0.04622292505924038,0.028898506371809785,0.03599322116499495
2015-03-03,0.004526357550131456,False,0.040429831558393615,0.04618289992348765,0.02885983342587045,0.03595399446881179
2015-03-04,-0.004202365971078276,False,0.04044555909100964,0.046194178645669964,0.02888450796296192,0.03597318313720443
2015-03-05,-0.0038948442615410737,False,0.04041721651701491,0.046160443147070705,0.02886701110183612,0.03594903621158973
2015-03-06,-0.017055185461160246,False,0.04037688340973085,0.04611949255097233,0.02882791982655807,0.03590918350522604
2015-03-09,-0.007637427129211261,False,0.04031143893494909,0.046056569002811146,0.028757405515222784,0.035841777771486026
2015-03-10,-0.007024614936964466,False,0.040137732610517736,0.045870874923232795,0.02860780777005071,0.03567739781616812
2015-03-11,-0.013178092380555027,False,0.040105940855843215,0.04583852798704511,0.028577132541143448,0.035646037987876245
2015-03-12,-0.006141268022082465,False,0.040015155668747526,0.04574756264760795,0.02848670965849508,0.03555539295773343
2015-03-13,-0.006868158866511663,False,0.039973385694379374,0.04570127771387737,0.028454019720739847,0.0355171355824324
2015-03-16,-0.011436617462768415,False,0.039875007981678146,0.04558743553129867,0.028386742609708568,0.03543078909262924
2015-03-17,-0.02863904410095029,False,0.0397423153289999,0.0454501595401918,0.028263267510811128,0.035301662237336155
2015-03-18,-0.010818713527167364,False,0.039614486019648336,0.04533002843513132,0.02811995633967394,0.03516784379208309
2015-03-19,-0.015713825985211333,False,0.039528300816995786,0.045243344274842764,0.02803477459092642,0.035082046774126366
2015-03-20,0.02724964244737554,False,0.03939936724294606,0.04511309411564557,0.02790848880180306,0.03495413749185638
2015-03-23,-0.011898463791614584,False,0.039618714098570505,0.04533643997066378,0.028119793268117758,0.03517037316077628
2015-03-24,0.009386350502093969,False,0.03951669416415832,0.04523305889225019,0.028020510730961228,0.035069412184544166
2015-03-25,0.0010773928138602853,False,0.03951443305521854,0.04521579260180366,0.02804842654866198,0.035078824976149586
2015-03-26,-0.009376195628555333,False,0.03932811846805704,0.04499094082114068,0.027939614127049213,0.03492249198994538
2015-03-27,-0.005813969865419845,False,0.03926830799999632,0.044931860955993906,0.027878334343170646,0.03486211311917979
2015-03-30,-0.018018505502678365,False,0.039192886406121834,0.044853970176377364,0.027807878529747837,0.034788612530310646
2015-03-31,0.0014831296749070627,False,0.039100684016841004,0.04476483628989243,0.02770950507324423,0.034694022872575524
2015-04-01,0.017992040324235372,False,0.03911454680175072,0.04477829528358608,0.02772417992283305,0.034708199803535074
2015-04-02,0.0072516633953202065,False,0.03925441879393553,0.04492154970649998,0.02785724950720078,0.03484544029406729
2015-04-06,0.011494379425735212,False,0.03930566255945259,0.04497020451328593,0.02791369992867656,0.03489869824693217
2015-04-07,-0.005371543801910877,False,0.039396630763990796,0.04506202467423249,0.028002954763334902,0.03498900363680362
2015-04-08,0.00786842400049816,False,0.039369112375532436,0.045033812237738335,0.02797683217516406,0.034962025211673256
2015-04-09,-0.005358112479619432,False,0.039427085307666206,0.045092517247011694,0.028033332826664162,0.035019428594167436
2015-04-10,-0.003947609648298211,False,0.03933608876502355,0.044997605287841566,0.027950210579794847,0.03493147821148721
2015-04-13,0.006451635281488595,False,0.039316166576391594,0.04497617800457674,0.02793331528759215,0.034912726973373075
2015-04-14,0.017354783016412866,False,0.039236960191779975,0.044886085327489396,0.02787600233021293,0.03484199002950832
2015-04-15,-0.010944504655493834,False,0.0392793896123117,0.04492441387765568,0.027926679012807057,0.03488760989147345
2015-04-16,0.01863954087729413,False,0.03920753934594709,0.04485310318030029,0.027853743618988243,0.034815339845118316
2015-04-17,-0.010860152280695583,False,0.03935032674573803,0.04499900153782939,0.027990274570404726,0.034955706946879585
2015-04-20,-0.021360726730467433,False,0.03929750236664812,0.04494595689436542,0.027937893165087213,0.0349030539315546
2015-04-21,-0.002161384126725701,False,0.03919378016732286,0.04484301700384566,0.02783259766420454,0.03479872310279111
2015-04-22,-0.00036068530598420224,False,0.03918537136903465,0.04483376960843057,0.027825875368939785,0.034790966725764996
2015-04-23,0.012190900352612334,False,0.039177648552189505,0.0448262103647109,0.02781782359011536,0.03478311665045264
2015-04-24,0.02915043980382899,False,0.039161038513172534,0.044785681520797684,0.02784931666936844,0.034785115233356916
2015-04-27,0.009988028616495722,False,0.03940904433051157,0.0450357185564075,0.02809323750281571,0.0350315407805694
2015-04-28,0.0020540917869382694,False,0.039486548674616345,0.045114301185430535,0.028168573307682142,0.035108206228397616
2015-04-29,0.008174432439558127,False,0.03946093942325713,0.0450715763311951,0.02817738525223925,0.03509591276703122
2015-04-30,-0.001697505075754468,False,0.03953485648053371,0.045145537238739514,0.028251214122224335,0.03516979570918129
2015-05-01,-0.022681384681924814,False,0.03953433314948184,0.04514448688895298,0.02825175067876442,0.03516968239411564
2015-05-04,-0.0006954103200970963,False,0.03941495711496672,0.04502973346067411,0.028123078118964546,0.03504671001220295
2015-05-05,0.020995436502955413,False,0.03932868735417812,0.044938406260078174,0.028046979377432626,0.03496437489554363
2015-05-06,-0.016137689268170895,False,0.03951568433858671,0.04512411586091119,0.028236565419474467,0.03515237345316331
2015-05-07,0.0034554284554201985,False,0.039390727416528666,0.04500054828115981,0.02810881439053753,0.03502633563488925
2015-05-08,0.007902463388989285,False,0.03943060175758265,0.04503868104186623,0.028152191224537944,0.035067564910287743
2015-05-11,0.009875782632294609,False,0.03949862096207965,0.04510733254218488,0.028218938818650455,0.035135092194141605
2015-05-12,0.010450120381744228,False,0.03943767287481187,0.04503820057598248,0.02817444933364174,0.035080511093418684
2015-05-13,0.006351350115683337,False,0.03949319807146741,0.04509457603380315,0.028228264569721745,0.03513537479429194
2015-05-14,0.028578065704299743,False,0.0395469057987905,0.04514839366425062,0.028281751270826605,0.0351889970179413
2015-05-15,0.014467379807524994,False,0.03979941627058511,0.04540848728123478,0.028519011276241568,0.03543560786881345
2015-05-18,0.0022317879501073112,False,0.03990072848593627,0.045496515572725944,0.028647038796278713,0.03554725486124957
2015-05-19,0.0015910902322419035,False,0.03989415090204369,0.045489914248412366,0.028640508956756495,0.035540695747197815
2015-05-20,-0.00637960696403904,False,0.039924927281594226,0.04551976297104241,0.028673150947517677,0.035572193835754315
2015-05-21,0.012086661135146917,False,0.03990106551056097,0.04549587302807841,0.028649345833065835,0.03554835398223786
2015-05-22,-0.003166563760587985,False,0.04001944728983935,0.045612956398000795,0.028770338843928933,0.03566774591268848
2015-05-26,-0.000951927725382069,False,0.040020453417943115,0.04561333770553859,0.028772601548927447,0.035669238145751556
2015-05-27,-0.005092308903712658,False,0.040005136486430816,0.0455693627098763,0.028814918861900914,0.035676216938589835
2015-05-28,-0.005118373298244283,False,0.0399984110389603,0.045561813727168214,0.028809849626482146,0.0356701321943627
2015-05-29,-0.01064011327823361,False,0.03998338628344676,0.04554635605523704,0.028795695509352452,0.03565544424405218
2015-06-01,-0.010426943604610373,False,0.0399544292430478,0.04551432550691728,0.028772919601984984,0.035628878366051095
2015-06-02,0.019140892563404392,False,0.039899402171954514,0.04545934701245899,0.028717794838401266,0.0355738135027588
2015-06-03,0.004168676872219679,False,0.04000151332545074,0.04556358099317177,0.028815636773217548,0.03567427311516639
2015-06-04,-0.0032051309489483358,False,0.039849850506232576,0.04540363859677066,0.02868062501504466,0.03552905173489694
2015-06-05,0.0003209757690854733,False,0.039546160223587035,0.04508249365804629,0.02841203779834931,0.03523894102268333
2015-06-08,0.0003208727766982485,False,0.03927228851249264,0.04479020211965838,0.028175210209428134,0.03497939977682106
2015-06-09,-0.0032133703742897065,False,0.038972870565587556,0.04446802271239328,0.027921567844724847,0.03469769004786634
2015-06-10,0.0067361922721543436,False,0.038976287501265264,0.04446694919048904,0.027934015541474767,0.03470460052043931
2015-06-11,-0.010929070532190317,False,0.03903739818975272,0.044522498784013056,0.0280063101503085,0.03477003769238161
2015-06-12,0.014758047769287568,False,0.0389763071397403,0.04446232410167092,0.02794337619290106,0.03470823371630154
2015-06-15,0.021113120790855807,False,0.03901807676407718,0.044504945913503194,0.02798343198261884,0.03474934034618797
2015-06-16,0.008383840443897148,False,0.03917986379615044,0.04467008593243178,0.028138475821461527,0.034908518783686025
2015-06-17,-0.0018570107472127711,False,0.03922869581223094,0.044719800592985706,0.02818553275088198,0.03495666411005238
2015-06-18,0.022059718064732257,False,0.038764831930677646,0.044219211680117984,0.027795526594764874,0.034521371983055396
2015-06-19,-0.009132483563272474,False,0.038772110373736526,0.04422698932476852,0.02780180109329944,0.034528262051623085
2015-06-22,0.006097579868118538,False,0.038711272483157845,0.04416554567288699,0.027742181449523663,0.03446789543806297
2015-06-23,-0.008547060578458408,False,0.03874526722698179,0.044195688360795946,0.027783923064567357,0.03450488704784458
2015-06-24,0.008850965762380699,False,0.0387292592111826,0.04418007934170985,0.027767112626315937,0.03448856861607712
2015-06-25,-0.00517899101225973,False,0.03870479587449557,0.044154543383248486,0.0277448064397162,0.03446493976978999
2015-06-26,0.016359044010019086,False,0.0387034756923827,0.0441525237349202,0.027744892954394078,0.034464163766301674
2015-06-29,0.002400961537538268,False,0.03875421853468526,0.04420648002431006,0.027789173231950407,0.034512406574753435
2015-06-30,-0.018454615409285082,False,0.0387444700809508,0.04419673778233657,0.027779412285740917,0.034502653288323026
2015-07-01,0.0021351235806840096,False,0.03873811101216658,0.04419051972867531,0.027772769621385453,0.034496184511001116
2015-07-02,0.003649639087549331,False,0.03876047588692216,0.04421172076810858,0.027797475085831837,0.03451945483950264
2015-07-06,-0.0027359798188747488,False,0.03878033127282971,0.04423159078719785,0.027817301042941646,0.034539298840922224
2015-07-07,-0.008560125642477373,False,0.0387945908367126,0.044241650794115364,0.02784000633754828,0.034556825623553895
2015-07-08,-0.0009215174972504269,False,0.03877621885658725,0.04420934312690647,0.027849660423393274,0.034549295486625775
2015-07-09,0.009786010818230228,False,0.03857188452185445,0.043992969962950344,0.027669537383015468,0.03435432725619306
2015-07-10,0.00485732588286002,False,0.03860038100682048,0.04402270982676132,0.027695533308279938,0.03438185640324522
2015-07-13,0.0021176834415389248,False,0.03862647152508121,0.04404889632368781,0.02772143080380688,0.034407872250939796
2015-07-14,0.020341712463955604,False,0.038630904417801565,0.04405343726260929,0.02772564640476813,0.034412221084656545
2015-07-15,-0.006237952798470894,False,0.03850191546986878,0.04386047349073551,0.02772531725132289,0.03433300399264884
2015-07-16,0.0005957700503893883,False,0.03843141573663565,0.04378908024836063,0.027656614454688696,0.03426319940174719
2015-07-17,-0.003579956090716891,False,0.03829132740654794,0.043643313710667785,0.027527945570228658,0.03412752866772971
2015-07-20,0.0020898649194592365,False,0.038233932274116374,0.043584990461436775,0.02747241697387052,0.03407085560208595
2015-07-21,-0.005082982987591202,False,0.03790989989400566,0.043238359139443155,0.027193833334986085,0.03376440500196564
2015-07-22,-0.01784411477982278,False,0.037925440731608494,0.04325096406640832,0.027215278583668245,0.03378222995247829
2015-07-23,-0.011046445557267272,False,0.03764326789851074,0.04295294613220706,0.02696497183985417,0.033512384470057874
2015-07-24,-0.018686311392403315,False,0.03759416753037016,0.04290420854413485,0.02691514188457034,0.03346300186218325
2015-07-27,0.0037653009656379763,False,0.03756902935388278,0.042882058271408875,0.02688399473361127,0.03343553912258854
2015-07-28,0.0034391154734678504,False,0.03756730470840151,0.0428803253834729,0.02688228666453401,0.03343382088966525
2015-07-29,0.004049219050776573,False,0.037471210721549,0.0427774055515505,0.026799920137482048,0.03334303735083678
2015-07-30,0.0012426220921724434,False,0.037444672139998164,0.042749477005560636,0.026776176913980723,0.03331758014951551
2015-07-31,-0.003732508221341979,False,0.03745453424056886,0.04275878237887155,0.02678715864897036,0.03332787537904627
2015-08-03,-0.013490400668899451,False,0.03743890434646972,0.04273533483594939,0.026787250831603677,0.033318327547654354
2015-08-04,-0.0003159058626809386,False,0.037420061775318494,0.0427153050036521,0.026770795961826913,0.033300408655335935
2015-08-05,-0.014320053774748558,False,0.037348944137973336,0.04264035424972335,0.02670738710680441,0.03323227314931354
2015-08-06,-0.020398958912693575,False,0.03725826704551329,0.04254876928274215,0.026618535841163703,0.03314230237532507
2015-08-07,0.016223587502212873,False,0.03718494643267889,0.04247873443054107,0.026538607233781174,0.033066425469330765
2015-08-10,-0.0038697242743509536,False,0.037260762423527716,0.04255749865544186,0.026608494029927147,0.033139947759760764
2015-08-11,-0.0042091692386354495,False,0.037254139592019335,0.04254984569870895,0.02660394288367744,0.03313412635670661
2015-08-12,-0.015367312386462394,False,0.03724655045798647,0.04254060259959019,0.02659968003950254,0.033127823993107625
2015-08-13,0.0023037693256395325,False,0.03720353790746486,0.04249610952225081,0.02655964497706726,0.03308596327955763
2015-08-14,-0.0009866799024450975,False,0.037221729284832604,0.042513949378834126,0.02657854329802774,0.03310442813703457
2015-08-17,-0.0023060461545307545,False,0.03722126559113428,0.04251360738196117,0.026577834859794324,0.033103869764265846
2015-08-18,0.01732918957722592,False,0.0372154260702721,0.042507335592667055,0.02657286467415172,0.03309836654447947
2015-08-19,0.011281344464039758,False,0.03729257803655799,0.042587340346861596,0.02664427939751246,0.03317329906661489
2015-08-20,0.007026538012038402,False,0.03725355492225957,0.04254364461043741,0.02661465339547452,0.0331379112116405
2015-08-21,-0.020904443493524626,False,0.03728393741021205,0.04257470563002169,0.02664367128818588,0.033167765807892186
2015-08-24,0.0032446491801174497,False,0.03724338967986139,0.04253511635487211,0.02660119600818994,0.03312647240774145
2015-08-25,0.00838714593944886,False,0.03726413910027905,0.04255139079139425,0.026630945070542724,0.03315070332666108
2015-08-26,-0.005152990468405401,False,0.03731180658880218,0.042599724643465384,0.026677272435063012,0.03319785239014663
2015-08-27,0.004831705325079411,False,0.03723109495989573,0.042516041944929084,0.026602535925499427,0.03311945222753976
2015-08-28,0.0009635459232713203,False,0.037226230290897576,0.04251062153259653,0.02659878891214746,0.03311501992201628
2015-08-31,-0.0041820874850693555,False,0.03724092608473834,0.04252355687309492,0.026617025154422172,0.03313108533322716
2015-09-01,0.013766825398056872,False,0.03723586998999306,0.04251788216498496,0.026613213153266563,0.03312651051429262
2015-09-02,-0.008942889367203789,False,0.03729650185923832,0.04256962041547408,0.026691730982815097,0.03319406154148339
2015-09-03,-0.0009629273733934415,False,0.0372829480839565,0.04255293429797807,0.02668447666223616,0.03318294470116736
2015-09-04,0.01719240054037277,False,0.03714223785245985,0.042403244542336876,0.02656182515540439,0.033049220461260326
2015-09-08,0.017522350692202492,False,0.03723138382062352,0.04248567184100228,0.026664483042532834,0.033143593495786605
2015-09-09,0.015389654304561256,False,0.037311432754029775,0.042569487918717924,0.026736955870483928,0.033220711623724926
2015-09-10,0.0006106870418797265,False,0.03738210966597381,0.04264308953122237,0.026801750915939573,0.033289113144101636
2015-09-11,-0.008583743691391442,False,0.037400591281003814,0.04266101014338759,0.026821360764059467,0.033308031214475155
2015-09-14,0.009804000096620835,False,0.03736538848823358,0.04262641483895834,0.02678493625123921,0.03327235580106572
2015-09-15,-0.019083373825860915,False,0.03721296749443196,0.04246317772036384,0.026654267570414447,0.03312834965816475
2015-09-16,0.015112084048741732,False,0.03709276902810281,0.04234118831880777,0.02653767085464969,0.033009544523846454
2015-09-17,0.004580860048966053,False,0.03716178640996159,0.04241252292158028,0.026602028072584962,0.03307675912801301
2015-09-18,0.008797265897210095,False,0.03718523288611202,0.042435733356031395,0.026625949252293054,0.033100389242550037
2015-09-21,0.0,False,0.03712516562628858,0.04237235574603153,0.026572539439057862,0.03304289740633688
2015-09-22,0.00030197795790401033,False,0.037122485091069884,0.04236968307740421,0.026569843083334037,0.0330402107509786
2015-09-23,0.0009053871148125196,False,0.037102225285603155,0.04234904209161606,0.026550349869767,0.033020247500482575
2015-09-24,-0.006658620243598576,False,0.03708082207757216,0.042327122883035244,0.02652998439065193,0.032999245736385935
2015-09-25,-0.005175837403404265,False,0.03705265402461782,0.04229892385412789,0.026501878633449317,0.0329711017824533
2015-09-28,-0.010432742677338593,False,0.03703271101838444,0.04227902676509408,0.026481843283117184,0.03295112305303852
2015-09-29,-0.01868049339788923,False,0.03702786065060586,0.04227395390764219,0.02647744036441123,0.0329464457802883
2015-09-30,-0.021601856503788517,False,0.036977236014908814,0.04222592210316995,0.026421601284781784,0.03289380394447705
2015-10-01,-0.002894358026364526,False,0.03693811347507494,0.042191395594911585,0.026373235663974225,0.03285110573210027
2015-10-02,-0.003225809248882677,False,0.03686061401460966,0.04210953623513958,0.02630450439878071,0.03277699823532906
2015-10-05,-0.0009697754113839125,False,0.036852253130094374,0.04210109969514879,0.02629629566502303,0.032768696210114905
2015-10-06,0.0,False,0.03685526498197496,0.04210335836434572,0.026300822242905492,0.03277229403156455
2015-10-07,-0.004213261782812152,False,0.03686211468877396,0.042109450253109026,0.0263091959978648,0.03277973331419616
2015-10-08,-0.006189952978073886,False,0.036848775629220724,0.0420915930811492,0.02630494331601287,0.03276990930675094
2015-10-09,-0.0036012479581716624,False,0.03683148308930878,0.04207044000298762,0.026295414706147352,0.03275562023197915
2015-10-12,0.008165977110286412,False,0.03678977845546121,0.042027784644659734,0.02625562207468942,0.03271465525349823
2015-10-13,0.016454638071960643,False,0.036834703672048316,0.04207332059731097,0.026299319039729166,0.03275910532274581
2015-10-14,-0.005133152111748075,False,0.03693139749175015,0.04217062197517247,0.026394790998968614,0.03285532646749012
2015-10-15,-0.0016095287556444585,False,0.03690507724985776,0.04213382863203203,0.026389533215262325,0.03283715420716759
2015-10-16,0.004820835304693984,False,0.03683241893435574,0.0420578182943697,0.02632361615289234,0.03276710373571645
2015-10-19,0.01590364308311746,False,0.03676049611179082,0.0419805739255355,0.02626239549419728,0.03269932102980833
2015-10-20,0.010359533865739273,False,0.03684854801340483,0.042068346042631655,0.026351010070569104,0.032787590601340816
2015-10-21,-0.01764380993843687,False,0.03690571297356506,0.04212229907873738,0.026414634532503735,0.03284725441044562
2015-10-22,-0.0019090047159241192,False,0.03683464059536949,0.042053180669887086,0.026339632525761936,0.032774661861114836
2015-10-23,-0.004788516731797233,False,0.0368342272804481,0.042052542293504414,0.026339671832036997,0.03277442364205046
2015-10-26,0.015558338915852427,False,0.03677916284083214,0.0419962018498921,0.026287173564577878,0.03272035192243205
2015-10-27,0.007220247973487097,False,0.03654711536937166,0.041739744591702474,0.026104216625151593,0.03250729505248329
2015-10-28,0.006857882238966653,False,0.03652874095270744,0.04171997385949148,0.026088650339252256,0.03249000695715515
2015-10-29,-0.0012433946270883846,False,0.03653520317287354,0.04172673686823018,0.02609450764339747,0.03249623516643106
2015-10-30,0.013593042165841802,False,0.036528376391898966,0.04171991972864649,0.026087661472617766,0.03248940088453835
2015-11-02,0.010985768099046,False,0.03650954778997533,0.04169925715993579,0.026072521162046662,0.03247199909280463
2015-11-03,0.0006067961351235483,False,0.03653318313347448,0.04172437566220708,0.026093173724334996,0.03249448055169459
2015-11-04,-0.018984036136730126,False,0.036533441154315484,0.04172453939685605,0.0260936213641752,0.032494811926371936
2015-11-05,0.008618089658319634,False,0.036423439611626855,0.041609809065146316,0.025993129891013152,0.03238848934036283
2015-11-06,-0.008000042667076265,False,0.0364482963556998,0.041635340227361796,0.026016630312484957,0.032412821392993806
2015-11-09,-0.008687612816387469,False,0.03643392106425049,0.041621609189073594,0.026000959363240903,0.032397944878195396
2015-11-10,0.0182188148700366,False,0.03637284334421133,0.04155775303784739,0.02594546934729377,0.03233902875342481
2015-11-11,0.01186325700189937,False,0.03639334517063322,0.04157885979068352,0.02596475460595759,0.032359059952364204
2015-11-12,0.000604594939819473,False,0.036416121995821546,0.04160046116664496,0.02598989537756491,0.03238275126681508
2015-11-13,0.011119573625157204,False,0.03641234270821359,0.04159394743680462,0.025991615327844383,0.03238109935145205
2015-11-16,0.006850361859783644,False,0.03637162174610492,0.041549786239330734,0.025957813024480043,0.0323430548624995
2015-11-17,-0.00446230102339868,False,0.03638085431464142,0.04155833245485424,0.025968425917840564,0.032352821407703264
2015-11-18,-0.007481704808129248,False,0.03626173382002834,0.041427730369333275,0.025872396055379294,0.032242633490833346
2015-11-19,0.011053137175726424,False,0.03623625393590396,0.04140128586255892,0.025848856124259197,0.03221790407473058
2015-11-20,0.0,False,0.036246818461863936,0.04141232100349667,0.02585847419624568,0.03222810246633603
2015-11-23,-0.01859124010988261,False,0.03624112058668272,0.04140525416300692,0.025855529447754093,0.03222346963424372
2015-11-24,0.007538102934156255,False,0.03624313442329549,0.04140857690144624,0.025854910951370335,0.03222446515663353
2015-11-25,-0.008446505721831912,False,0.03625111792078601,0.0414172174895949,0.0258615729735706,0.03223193744331404
2015-11-27,0.0021183242903888106,False,0.03624412062159515,0.04141085013599807,0.025853308790538956,0.032224450051936665
2015-11-30,0.0057272198748948835,False,0.03619455628011518,0.041356936278019875,0.02581249176346034,0.03217826959641617
2015-12-01,0.00030052592262251967,False,0.03620194112319591,0.041363491355438285,0.02582154534860257,0.032186299989956486
2015-12-02,-0.004819286435948883,False,0.03617178242666869,0.041333958396590625,0.025790128230773087,0.03215565447496357
2015-12-03,0.015875726573677775,False,0.036186934579699084,0.04134608787633362,0.02581135928328303,0.032173158241489724
2015-12-04,0.0011880013277246885,False,0.03617315428981122,0.04133143238268864,0.025799339116027636,0.032160058852503524
2015-12-07,0.012096326871009633,False,0.036127844059048904,0.04128173996193925,0.025762841909333367,0.032118157927390464
2015-12-08,-0.030066262355950352,False,0.036140108967900916,0.04129429399850765,0.025774525353317177,0.032130197897396885
2015-12-09,0.017969935484940643,False,0.036139368712820974,0.04129985782985123,0.025761106947462947,0.03212455311797624
2015-12-10,-0.0074482692019606144,False,0.03619691250848784,0.04136150842937722,0.025810391548215857,0.03217890185600329
2015-12-11,0.0011954574047737313,False,0.03616457179849332,0.041323786807363115,0.025788872392575803,0.032150747448702326
2015-12-14,0.0062528117971868535,False,0.03616338405432865,0.04132224068227626,0.025788405388429726,0.0321498385217743
2015-12-15,-0.012244441465453693,False,0.03615492792016629,0.04130963231732497,0.025788299807298364,0.03214461278700756
2015-12-16,-0.011180052997759248,False,0.03614612142575513,0.041297533933224155,0.02578611363358301,0.03213836735410875
2015-12-17,-0.011613822469988459,False,0.03612527898360646,0.04127673613151035,0.025765181415037593,0.03211749018209048
2015-12-18,-0.0003074558056502336,False,0.036060744563043395,0.04120936771557869,0.025706346443714747,0.0320551605852454
2015-12-21,-0.004005551496371914,False,0.03591673237883552,0.041050486338915004,0.025592237698511613,0.03192271650328529
2015-12-22,-0.013051770111487882,False,0.035889991614037234,0.04101791582611694,0.025577221142290413,0.03190051123166464
2015-12-23,0.019514325300911864,False,0.03585419427765687,0.04097857736292097,0.02554854536749136,0.03186746886111022
2015-12-24,-0.015456258236691802,False,0.03590810112133769,0.04103611802868162,0.02559514423010722,0.03191854862285673
2015-12-28,-0.0049968873491038285,False,0.03589561421944584,0.04102471253331059,0.02558048251112087,0.03190522039610872
2015-12-29,0.005308365314556187,False,0.03581218352873992,0.04093493968699393,0.02550980653214712,0.031826723847239634
2015-12-30,0.0055900766687613694,False,0.03569162875204284,0.04080039505463715,0.025417386759865976,0.03171705305642034
2015-12-31,-0.005590076668761288,False,0.035634070962340725,0.04073554774870061,0.025374488919232246,0.03166516644687055
2016-01-04,-0.0274681831299374,False,0.0356162351636714,0.04071735805892778,0.02535736483110534,0.031647605972398025
2016-01-05,-0.02102616680867312,False,0.035568814048814804,0.04067404965427022,0.025301672643092184,0.0315969852048206
2016-01-06,-0.025829250472832025,False,0.03497347460134195,0.04000703600939093,0.024850477203219545,0.03105740765878181
2016-01-07,-0.006056546104506161,False,0.03491128259138346,0.039949427535401164,0.024779067242207232,0.030991649697753653
2016-01-08,0.018060691585495912,False,0.034803690086214784,0.03982845583319539,0.024698381645649803,0.030894466091372058
2016-01-11,-0.038862805714927964,False,0.03482218196025044,0.039841280558477556,0.02472827072485211,0.030917366957787684
2016-01-12,-0.014578529630234862,False,0.03474372251737624,0.03977502390065407,0.024625270255991684,0.03082941385440745
2016-01-13,0.011126679464757053,False,0.03468613286554506,0.03971916793203701,0.024564193993142386,0.030770475412132826
2016-01-14,-0.01217618104788219,False,0.03472593316456913,0.03975807023262843,0.024605800257180153,0.030810974346117615
2016-01-15,0.01666126705523854,False,0.034634304006084145,0.0396628424930676,0.024521408206562643,0.030722144852372714
2016-01-19,0.009933289416915382,False,0.03473067647679753,0.03976160115075038,0.02461298181568988,0.030816660890403136
2016-01-20,-0.043182196375135526,False,0.03465196354830565,0.0396649657886423,0.024570312700744175,0.030751891459193815
2016-01-21,0.015887359762319146,False,0.03449945122759119,0.039525836275410425,0.02439088621045005,0.0305889674307971
2016-01-22,0.00593680807800425,False,0.034613273444907916,0.03964250341620132,0.024498987001009012,0.030700576322424886
2016-01-25,-0.018626439054002308,False,0.03461814021637701,0.03964338130948276,0.024511875807026157,0.030708546406388315
2016-01-26,0.003541080187454701,False,0.03450659882093294,0.039532955944148414,0.024398089962973792,0.030596136749237404
2016-01-27,-0.02324438641400665,False,0.034526321899030835,0.03955244957989343,0.02441827447268103,0.03061603833148783
2016-01-28,0.009721048648761622,False,0.034375369622546795,0.03940340549666828,0.024263484627956754,0.030463601497265173
2016-01-29,-0.010807021606167795,False,0.034341803431366204,0.03935263334783081,0.024264521345228676,0.030443421391309938
2016-02-01,0.03802198978935652,False,0.03420082158892242,0.03919757752389226,0.024151843692701964,0.03031338898391103
2016-02-02,-0.03802198978935652,False,0.03439768122377902,0.03939258402592175,0.024352430163742028,0.030511690339969803
2016-02-03,0.027154222878696895,False,0.03403850146569618,0.03900978723346114,0.024040746633116578,0.030170884428972672
2016-02-04,-0.02606824992129079,False,0.034184094341859136,0.039156428865572815,0.024184230355763874,0.03031566138214023
2016-02-05,0.0028901754222334236,False,0.03405380515171818,0.03903069519390703,0.024044779560561832,0.030181828038295635
2016-02-08,0.030552998180018796,False,0.03388987644235305,0.03883547303081923,0.02394378512872561,0.03004224536341932
2016-02-09,-0.007374923680961373,False,0.034086383576024705,0.03903549730535342,0.024133218938975937,0.030236016192127645
2016-02-10,-0.004238791228309987,False,0.03403633501886234,0.03898446596416951,0.024085146859159613,0.03018673223237582
2016-02-11,-0.021106131355837797,False,0.0338523959284475,0.03878022858188604,0.023942029671790183,0.03001858503627463
2016-02-12,0.02181384546888673,False,0.03369943429232523,0.03862480013262948,0.023794029044567126,0.02986754255928951
2016-02-16,-0.012099791748413599,False,0.03386131102841991,0.03879174838725907,0.02394570644767039,0.030025473698127473
2016-02-17,0.029979321502136388,False,0.03373641575483604,0.03866119218465533,0.023832195870744335,0.029904982578024958
2016-02-18,0.002775851886502981,False,0.0339958584784265,0.03893097765628822,0.024070838289533596,0.03015637873370439
2016-02-19,-0.01747685168179808,False,0.033672924098191906,0.038558114140795144,0.02384831641355569,0.02987228878591154
2016-02-22,0.006677234438092518,False,0.03322988867088779,0.038059227361194235,0.023517603663606435,0.02947270522433356
2016-02-23,0.00593680807800425,False,0.03326477873158823,0.038094192201421344,0.02355234333517033,0.02950753710721344
2016-02-24,0.01828582949784212,False,0.03327153102668204,0.03809908622542753,0.023562832800005425,0.029515735121031363
2016-02-25,0.00477490675296038,False,0.03330939389900432,0.03813224357614493,0.023610158948744048,0.029557258848185945
2016-02-26,-0.01958488985945,False,0.03329916089469778,0.03811654248925923,0.023610922807539857,0.029551279964509233
2016-02-29,0.02298163225580889,False,0.033167868455256946,0.03798063694268233,0.02348890778973949,0.029423576482248723
2016-03-03,0.0006800408286554666,False,0.03331723936545551,0.03813613313223999,0.02362596014812385,0.029568181978445622
2016-03-04,0.019855944278984364,False,0.03302236319506042,0.0377977102866935,0.023418660713864264,0.02930718474210826
2016-03-07,-0.00233528046079349,False,0.03313227979611044,0.03791233894807305,0.023519100888466142,0.02941343540125514
2016-03-08,-0.013450101888248531,False,0.03311719544975662,0.03789572184244528,0.023507099074912538,0.029399543528268995
2016-03-09,0.017450107221594617,False,0.033038734607808096,0.03781457869074761,0.02343403262719312,0.029323169499947396
2016-03-10,0.00828230674488346,False,0.03286331220910693,0.03760696074126732,0.023323358713778556,0.02917279495938939
2016-03-11,0.0,False,0.0329004067956778,0.0376448002133381,0.023358955260817126,0.029209310031527883
2016-03-14,0.003951272839167995,False,0.03282367889044373,0.03755729562623188,0.023303900344885935,0.029140966290945595
2016-03-15,-0.014564971147962033,False,0.032838610392492994,0.03757189364826616,0.02331950250872921,0.029156157237542547
2016-03-16,0.013578615651258286,False,0.03271013042263404,0.0374336613480073,0.023210635454510065,0.029035264495810165
2016-03-17,0.024692612590371414,False,0.03273834645445463,0.03745917792510098,0.023244280360831544,0.02906558067990109
2016-03-18,0.0006416426270830401,False,0.03289527001955586,0.03762503061766805,0.023383246554048987,0.029215557461589887
2016-03-21,-0.014862955350159055,False,0.03289534870626395,0.03762462891669422,0.02338429134861988,0.029216009885731236
2016-03-22,-0.012117390773964187,False,0.03284313849530317,0.03757246117677028,0.023331995724139597,0.029163766632673633
2016-03-23,-0.024009155920033366,False,0.03269377297846986,0.03740759936882868,0.0232137948046665,0.029026457095378867
2016-03-24,-0.0003375527458211257,False,0.03260058553465046,0.037317302255119866,0.02311479461678434,0.0289310209999028
2016-03-28,0.0026972369690011593,False,0.03252469115420902,0.037230220617448614,0.02306139893391487,0.02886383020816609
2016-03-29,0.0,False,0.03232609447536665,0.03699969851970078,0.022927007478037914,0.028690071227221496
2016-03-30,0.001345895223355163,False,0.03228524394488368,0.03695157097760812,0.022900791748567448,0.02865488214840171
2016-03-31,-0.00810267768623492,False,0.03221344336124861,0.03687069861359683,0.022847235426142313,0.028590139330901095
2016-04-01,-0.023667714249336988,False,0.032138826328533744,0.036787963031513604,0.022788945611369228,0.02852183845889745
2016-04-04,-0.003477054963464547,False,0.03209555025321331,0.036751502918501766,0.022731961951473537,0.02847325962425521
2016-04-05,0.0038240964384034758,False,0.031945198982497904,0.036584706554680775,0.022614683414201593,0.028335702492769954
2016-04-06,0.006226239415098098,False,0.031963412672801096,0.03660320240921759,0.0226323296438996,0.028353696661756505
2016-04-07,-0.01739174271186922,False,0.0319743861679091,0.03661130772141112,0.02264907134283523,0.028366901578195453
2016-04-08,0.007689656905418571,False,0.03192816227776305,0.03656861148978025,0.022595752977212342,0.028317933200443915
2016-04-11,0.011768913962113454,False,0.03194019493299457,0.03657909953404366,0.022610892000191018,0.02833116754955795
2016-04-12,0.008907218876313973,False,0.032001668656803636,0.036642062998279504,0.02266936970642095,0.02839148226828783
2016-04-13,-0.004786333923811173,False,0.03201647079039573,0.036655115074732396,0.02268769138063859,0.028407645931094516
2016-04-14,0.011923152661191644,False,0.03195553325454238,0.036589578881031974,0.022636002207454712,0.02835028611100047
2016-04-15,-0.004071943189927587,False,0.03201800504382415,0.036653856117137916,0.022694843061892955,0.028411353278375105
2016-04-18,0.018194571995554784,False,0.031999768579214126,0.03663563685546648,0.022676572000446118,0.028393103430028658
2016-04-19,0.015899639347421245,False,0.03187120850285844,0.03647594479107724,0.022610621477906163,0.028288763769261708
2016-04-20,0.0055710450494554295,False,0.03193711856515382,0.03654485577342619,0.022670496388659388,0.0283523391418878
2016-04-21,0.00032674399898604796,False,0.03195483706711213,0.03656186157746138,0.022689648197701216,0.028370612116624044
2016-04-22,0.024525269245265616,False,0.03193165587488413,0.03653696806269783,0.022669910658021965,0.028348763096417574
2016-04-25,-0.0076800377490699265,False,0.03202598931192852,0.03663269156391594,0.02276144853644037,0.028442015075639676
2016-04-26,0.021608721307535914,False,0.03188344202461012,0.036472308292489375,0.02265477120402727,0.028313344028639373
2016-04-27,-0.0034640248778177625,False,0.03199640333468783,0.03659140433184196,0.022755394957561355,0.028421532572763253
2016-04-28,-0.004109378313334687,False,0.03196266472332915,0.036555487651858495,0.02272603666090119,0.028389488479827744
2016-04-29,0.015713711135163354,False,0.0318366259299285,0.03641476045141135,0.022629537728895005,0.028274877139200728
2016-05-02,-0.0056285326830972735,False,0.03189649312054002,0.03647732234197108,0.022683985607343,0.028332647876718332
2016-05-03,-0.003455319913396282,False,0.03179708219325069,0.03636458953307013,0.02261136632158939,0.02824360125731418
2016-05-04,-0.0059965462945761275,False,0.031775288827831864,0.03634207592478921,0.02259102143688391,0.028222368234570094
2016-05-05,-0.008903079475679473,False,0.031749437462642645,0.036315395696845575,0.022566836997917734,0.02819716171738597
2016-05-06,-0.02719494234069663,False,0.03172111243431178,0.03628693412596801,0.022538786570358148,0.0281689429179674
2016-05-09,0.003930565165194448,False,0.031628301891873274,0.036193838206252674,0.02244654995027733,0.02807635439656517
2016-05-10,0.007166154445764537,False,0.03155004577885241,0.03610194781714391,0.022395713735450695,0.028008705631611657
2016-05-11,-0.011753318452670492,False,0.03158300675409621,0.03613547414643488,0.02242753772693993,0.028041226766329936
2016-05-12,-0.008906540816203226,False,0.031527200403456135,0.03607804931881284,0.02237498629601756,0.02798667957668792
2016-05-13,-0.019067311226202897,False,0.03145593107581178,0.03600158867305426,0.02231415723034738,0.027919449049329765
2016-05-16,-0.011549041409705458,False,0.03131437902432644,0.03585287716870124,0.022187003557440608,0.027783466989830044
2016-05-17,-0.009612157770230376,False,0.031251592039637566,0.03579009291654554,0.022124211077353136,0.027720677879254148
2016-05-18,0.010977811789237036,False,0.031183293859991683,0.035719452940910994,0.022060622484574,0.027654201596494794
2016-05-19,-0.013049635734757373,False,0.031202896054975466,0.03573290884209811,0.022092585493515907,0.02767858555452966
2016-05-20,0.006546104340441419,False,0.031035699860081797,0.03554929057723421,0.02195841573022882,0.027524165587067332
2016-05-23,0.016011243083633116,False,0.03103823000610529,0.0355465441797599,0.02197155753503011,0.02753080083798329
2016-05-24,-0.0020297706562870284,False,0.03112777291447423,0.035638722881131256,0.02205579959901821,0.027618293122349175
2016-05-25,-0.009869060874253564,False,0.03108685562517967,0.03559406369857554,0.02202240763278542,0.027580286993426913
2016-05-26,-0.0027397277411203274,False,0.031035615169681317,0.03554226098151419,0.02197229794174543,0.027529483972528315
2016-06-01,-0.004258810695796338,False,0.031006016290830815,0.03550927040438067,0.02194952010869349,0.027502523805406656
2016-06-02,0.0036047884357273924,False,0.03130473451802894,0.03582423929180622,0.022215556626488633,0.027788599160460694
2016-06-03,-0.008541444833031358,False,0.031216188117568315,0.03572157608408195,0.022155400542866327,0.027711035513120208
2016-06-06,0.010502229774972137,False,0.03117723775526526,0.0356818435081694,0.02211802329067194,0.027672693706193713
2016-06-07,0.008128804311891483,False,0.031219654006337312,0.03572455733012212,0.022159841096824673,0.027714878449711895
2016-06-08,0.008063259296941407,False,0.031236629189473893,0.03573972936365702,0.02218044259485972,0.02773325646753653
2016-06-09,0.0009632365490307814,False,0.031093978011972043,0.03557234142768774,0.022087539522388084,0.02760985027271145
2016-06-10,0.0060790460763821925,False,0.030940661338093707,0.03539822115273774,0.021976060979099227,0.027472718619306436
2016-06-13,0.003820443997385728,False,0.0309599824655557,0.035417767137498356,0.021994929895956358,0.02749186480974818
2016-06-14,-0.0006357279298659814,False,0.030945826892220536,0.035399712428515584,0.021988615875910403,0.027480742729992683
2016-06-15,0.004758137446416798,False,0.030936848269980822,0.03538951605429652,0.02198208627517241,0.027472711508188568
2016-06-16,-0.03248396243005429,False,0.030880324022594562,0.03532389388735346,0.021943858857512818,0.027423265362991642
2016-06-17,0.015247659557729014,False,0.030859334261374636,0.03531481986354112,0.021898905351938676,0.027393005261832387
2016-06-20,0.020395863162693834,False,0.03093358180029841,0.03539210299950394,0.021967048000420687,0.027464891132694152
2016-06-21,0.007855499940308833,False,0.031024994465001492,0.03548777523783919,0.022049894234857,0.02755298988620432
2016-06-22,0.0031250025431352807,False,0.03104677972112249,0.03550955100480816,0.022071698574615498,0.027574782524802964
2016-06-23,0.009316837580230539,False,0.03101534534137541,0.0354715946836314,0.022053380473934344,0.027548422158694276
2016-06-24,-0.05235136635375813,False,0.031023194984146883,0.035475463178763794,0.022069236604344466,0.0275593690996606
2016-06-27,-0.011795680672765308,False,0.03108825009144155,0.03557477457920304,0.022065398866541942,0.027597773109197005
2016-06-28,0.00525970969297982,False,0.030963180845083794,0.03543867762803829,0.02196250744181361,0.027481283321148416
2016-06-29,0.009138444797367246,False,0.030949235764984193,0.0354198532797371,0.02195837505998176,0.02747113426922035
2016-06-30,-0.024335301514799228,False,0.030971426425036037,0.03543950916553549,0.021985663405567277,0.027495296961568248
2016-07-06,0.004820835304693984,False,0.030845060411397802,0.035310227828823496,0.02186516039935021,0.027371199043894383
2016-07-07,0.009572504493221327,False,0.031109470436690805,0.035583180771761334,0.022112389759487767,0.027628962753652533
2016-07-08,-0.004136839630726211,False,0.031150198888357183,0.035623967089033814,0.02215300183761015,0.027669646186381267
2016-07-11,0.0006375518226795118,False,0.031115971610444423,0.035584970706829144,0.02212836570728151,0.027639129230077632
2016-07-12,0.004768726252082873,False,0.031113091858259806,0.035581917430781866,0.022125834929007784,0.027636384477947102
2016-07-13,0.009155549352671308,False,0.031138358410904888,0.03560576192862532,0.02215396137664367,0.02766275737684441
2016-07-14,0.004702940162109207,False,0.03116114706838878,0.035627644329251626,0.022178572607663025,0.027686251094271707
2016-07-15,-0.04216530068952963,False,0.031065181296712506,0.0355202663530982,0.022105557925059457,0.02759916391829971
2016-07-18,0.0065040879691764825,False,0.031002548980834613,0.035476511958871984,0.022004960213258044,0.027521844743768186
2016-07-19,-0.028606257676945183,False,0.031025463937133457,0.035498992097574934,0.022028749631401102,0.02754509798437018
2016-07-20,-0.009720203898783187,False,0.03094664541217035,0.03542819778874856,0.021933793602096793,0.02746003668912861
2016-07-21,-0.022825041319626593,False,0.03090280201210226,0.035385358761856604,0.02188793030672505,0.02741541189547569
2016-07-22,-0.00552869411031694,False,0.03079293301543751,0.03527609935624749,0.021776835361240005,0.02730506864227806
2016-07-25,-0.011149941297034418,False,0.030767223069550872,0.03525072191795343,0.02175045670919849,0.027279100008379915
2016-07-26,-0.0010517091241097566,False,0.030686490728038585,0.035168359929904046,0.02167300175050078,0.027199635517682313
2016-07-27,0.0021023133181009928,False,0.030676148543626526,0.03515780463442792,0.021663088153836482,0.027189459131822306
2016-07-28,-0.002453128968076863,False,0.030631356285778368,0.03510703804105348,0.02163031088459884,0.027149314854988307
2016-07-29,-0.005277057100843781,False,0.030583000481173902,0.03505131911914348,0.02159676304820687,0.027106687491528576
2016-08-01,0.03159436541821718,False,0.030451254522238607,0.03490800856149567,0.021488274658453092,0.0269839386896856
2016-08-02,-0.010305828074462607,False,0.03068759363697173,0.03515228037368206,0.021708660322106624,0.02721410623487904
2016-08-03,0.03294575434709205,False,0.03059326048442025,0.03505448640874784,0.021621287210747808,0.02712246556422413
2016-08-04,-0.0006684492227508814,False,0.030896223981176994,0.03537083766139082,0.021897326586188308,0.027415013503483687
2016-08-05,0.009980122756723891,False,0.03082407037005235,0.03528953217352635,0.02184357831810308,0.027349979972766895
2016-08-08,0.0033046956711311306,False,0.030785408041582724,0.03523807694794202,0.021830643790231967,0.02732127040685032
2016-08-09,-0.0183124811048207,False,0.030803208400722173,0.03525599667731937,0.02184820408383733,0.027338977896984164
2016-08-10,0.014676714415932934,False,0.030678244151859605,0.03512640525006485,0.021732545555323682,0.02721761355261647
2016-08-11,-0.005978098175508067,False,0.03076864310329766,0.03521936547756141,0.021817793523437153,0.027306019853584933
2016-08-12,-0.0030025043407082824,False,0.03071113880446628,0.035158137737749943,0.021767777438277555,0.027251412359411854
2016-08-15,0.012286390650715786,False,0.03062986414136906,0.03506700550807117,0.02170632733134792,0.027177806797274117
2016-08-16,0.0036237891739498967,False,0.030698564494901513,0.03513714227136328,0.021772138920627612,0.027245389636522004
2016-08-17,0.004593183928331142,False,0.030711878139051782,0.035149898091827246,0.02178657440422065,0.02725913726264262
2016-08-18,0.01752153845305804,False,0.03054103407648601,0.03495032213196934,0.02167351307200288,0.027110646365969063
2016-08-19,-0.004513224940057381,False,0.03064664740036565,0.035058848974028445,0.021773267018284984,0.027213992998076367
2016-08-22,-0.03685840060394797,False,0.03062116405419795,0.03503243944006652,0.021749646328767514,0.027189230217947207
2016-08-23,0.018599008402044516,False,0.030543973352087493,0.03497275139483828,0.021637256026271614,0.02709842260119778
2016-08-24,-0.007928683755507256,False,0.03067934586351974,0.03511260369797973,0.021763619226772682,0.027230309873690874
2016-08-25,0.003311261303656005,False,0.03063135958488728,0.03506414826748347,0.021716576459644605,0.02718268859112301
2016-08-26,-0.004306781545157689,False,0.03064993631299411,0.03508282230740057,0.021734957483930152,0.027201189611488853
2016-08-29,-0.022495492834097096,False,0.030627194841421537,0.03506023750986515,0.021711900925137643,0.027178326248879715
2016-08-30,-0.010925339126252447,False,0.030521488084033686,0.03495808933530586,0.02159903750037373,0.02706985094503985
2016-08-31,0.002742545428306376,False,0.03046466127411201,0.034902060026517974,0.02154060683559701,0.02701240368618082
2016-09-07,-0.0047602946063002305,False,0.030380502314168025,0.03480113680487829,0.021490162489178087,0.026941287175850738
2016-09-08,-0.012345835822299379,False,0.03040556958056711,0.03482612431284892,0.021515390157785128,0.026966416493612616
2016-09-09,-0.03654658306372053,False,0.030354986162421153,0.03477743441367534,0.0214609986828625,0.026914359934195154
2016-09-12,0.01280245082037618,False,0.03027248889450565,0.03470983604781761,0.02134853822694962,0.026820271450220264
2016-09-13,-0.002830858224523949,False,0.030357102771957384,0.034795512878376504,0.021431014398974563,0.026904058359410964
2016-09-14,0.009522202085149008,False,0.030309991657278598,0.03474570252635942,0.021389331721606356,0.02685904722787607
2016-09-15,0.008040595670206471,False,0.030370178905581406,0.034805838749841146,0.021449621585947605,0.026919274173045342
2016-09-16,-0.024318379003326493,False,0.030413676205203397,0.03484964181991624,0.021492503950486817,0.02696253358591751
2016-09-19,0.024318379003326528,False,0.030326121097809584,0.03476518192530113,0.021398724059412944,0.026872570429935384
2016-09-20,-0.00209132177999761,False,0.03050443245903754,0.03495062252561509,0.02156269780501097,0.027045335305236756
2016-09-21,0.0038307551634307628,False,0.030493582440021476,0.034939845692185716,0.02155170060243171,0.02703442834847156
2016-09-22,0.014835531710779611,False,0.03050240960288035,0.03494804971360836,0.02156178096528682,0.027043740309941427
2016-09-23,-0.023563113728140836,False,0.030525308427123837,0.03496574201533757,0.021595150629079587,0.027070689763361938
2016-09-26,-0.002457434973755253,False,0.030439338394994075,0.03488344105928295,0.021501801716560555,0.026981865221996512
2016-09-27,0.008051855159079645,False,0.030425264175756042,0.03486941752631456,0.02148762556214499,0.026967751569282078
2016-09-28,-0.015106558138969686,False,0.030469898923720214,0.03491470444040311,0.02153094873855077,0.027011878937680634
2016-09-29,-0.03493962461718859,False,0.03038058447438183,0.03482057004912162,0.021451327676417553,0.02692631436120131
2016-09-30,0.012024192966801812,False,0.0302916428484842,0.03474625797458403,0.021332964553820482,0.026825991071741592
2016-10-03,0.011523354015022321,False,0.030367776070821563,0.03482410793767466,0.021405645238129625,0.026900788684722506
2016-10-04,0.007845974628614073,False,0.030369493821725647,0.03482086478215864,0.021417339869955972,0.026906365977621218
2016-10-05,0.007432347078227345,False,0.03041880769213357,0.03487108013024118,0.021464840778245266,0.02695497850624847
2016-10-06,-0.017428860170069938,False,0.030464608260125817,0.03491720681998635,0.021509985482647365,0.027000525354356857
2016-10-07,-0.0007178751205637791,False,0.030344828809125368,0.03478843048523732,0.02140829966821854,0.026887745400566786
2016-10-11,-0.04404381576143944,False,0.03026111118815335,0.0346872673107374,0.021359666807052827,0.026817600268321338
2016-10-12,-0.008289421995655749,False,0.030228333636701223,0.03467971630272249,0.021276156143818198,0.026765196685751044
2016-10-13,0.0198545574279085,False,0.03020283623913869,0.034654289950200146,0.021250515867546414,0.02673964401576592
2016-10-14,0.00812712267889129,False,0.03030836952529636,0.03475842053795612,0.021358870121031125,0.026846268589065234
2016-10-17,-0.010355122115204247,False,0.03034764508568769,0.03479550794923581,0.02140254626899219,0.02688724651041073
2016-10-18,0.0029695641718164986,False,0.03029773057108771,0.03474632668225475,0.021351157119807146,0.026836761535548457
2016-10-19,0.009590630501701839,False,0.0302905235986797,0.034737779990172524,0.021346644458181664,0.02683059685338053
2016-10-20,-0.0025730578430552095,False,0.030326635554685618,0.034774096504761126,0.02138234502633861,0.026866549664590438
2016-10-21,0.0029400976709966567,False,0.030316092684881932,0.034763650906603404,0.021371606533488102,0.026855931118293246
2016-10-24,-0.007366515816762554,False,0.030320056956869183,0.03476719893723032,0.021376407908644673,0.026860219222434152
2016-10-25,0.011029523575499604,False,0.03027859940463525,0.034725822744371825,0.021334786734537658,0.026818698373314614
2016-10-26,0.012354808314880257,False,0.03026995119498473,0.034712083516650054,0.021336377073404033,0.02681401093139029
2016-10-27,-0.01345230248028118,False,0.0302803582986392,0.03471867120933105,0.02135446539602308,0.0268273895035222
2016-10-28,0.008746411442868453,False,0.03023250547502239,0.03467321789065079,0.021301786927050946,0.026777669885959955
2016-10-31,-0.007648917277467594,False,0.03026657837067625,0.03470732743481605,0.021335786118868612,0.02681171426939109
2016-11-01,-0.01436224282388398,False,0.030234325270385755,0.03467590727344739,0.021301857894773107,0.026778813149872738
2016-11-02,0.0048103700528974724,False,0.030056733813060628,0.034488666209680094,0.02114367276489455,0.026608729002329603
2016-11-03,-0.0014776508045132126,False,0.03008514470372091,0.034514790531308404,0.02117668217546646,0.026638918823785027
2016-11-04,-0.04692499156196808,False,0.030065648540700013,0.034494739872992786,0.021158301158158636,0.026619854053274803
2016-11-07,-0.035492684456433395,False,0.030039689891019374,0.03449741843319389,0.021074750204019606,0.02657161590368268
2016-11-08,0.004006415615438579,False,0.03001235446488521,0.03448448039115787,0.02101846019286098,0.026533079438094447
2016-11-09,-0.010854377925185815,False,0.029915256587493385,0.03437815093827439,0.02093992794070083,0.02644316364604537
2016-11-10,-0.00974824941366059,False,0.029899204120566132,0.03436269357816103,0.020922678654217743,0.026426648191199175
2016-11-14,-0.023958188468250263,False,0.029766720980263093,0.03422365686103746,0.020803375414928056,0.02629926367659312
2016-11-15,-0.005870037819795266,False,0.02970935378870632,0.03417300174444109,0.020732509566684276,0.026236674549166762
2016-11-16,0.014196480596348895,False,0.029677631945543778,0.034141353881243154,0.02070063894238479,0.02620489515023599
2016-11-17,0.005787531656919408,False,0.029733918979653096,0.03419985152462591,0.020752480219283824,0.026259462349580848
2016-11-18,0.002470153582062117,False,0.02977676092831885,0.03424041545518406,0.020799903491093723,0.026304076576497047
2016-11-21,0.0024640669551592785,False,0.029704904227021843,0.03416364356277632,0.020737931732641674,0.026236043851082063
2016-11-22,0.0004100881747034629,False,0.029680749399468104,0.034138259524601346,0.020716248971069016,0.026212845338687524
2016-11-23,-0.000410088174703443,False,0.02969495644015695,0.034151930503699975,0.020731534085440317,0.02622746943062547
2016-11-25,-0.007823799431189632,False,0.029677487924430927,0.03413416544611704,0.020714661945163502,0.026210231621881786
2016-11-28,-0.006636274873558302,False,0.029671889889463617,0.034121003588702535,0.020724275516600832,0.026210518174911653
2016-11-29,0.0008319468033927185,False,0.02960085094857727,0.03404793563044336,0.020657317133379493,0.026141057791872424
2016-11-30,-0.007512556201031461,False,0.029624718715046353,0.03406609250879807,0.020692670069261697,0.026169368579563344
2016-12-01,0.004180608095554165,False,0.029628177354569754,0.034065280988958196,0.02070471642802001,0.026176149365886272
2016-12-02,-0.0037617599218916845,False,0.029656408317950647,0.03409230386725664,0.02073537697180232,0.02620532020894115
2016-12-05,-0.013490929741015402,False,0.02962858746687183,0.034063978719366665,0.020708570312245864,0.02617789169638994
2016-12-06,-0.0038273489204538194,False,0.0293680164803744,0.03378408447194526,0.020486860343663853,0.025932354038621902
2016-12-07,-0.027647549321227937,False,0.029366512052192897,0.0337829932197411,0.02048452497710603,0.025930528163128026
2016-12-08,-0.009240989853729785,False,0.02935771803871278,0.03378381113779618,0.02045640040420009,0.02591425615061546
2016-12-09,-0.04475323072300695,False,0.029365641721164692,0.03379307418332533,0.020461630493021767,0.02592113782025662
2016-12-12,0.03184982588709917,False,0.02958233628611465,0.03403469050975529,0.020628204893307547,0.02611844347179705
2016-12-13,0.021706278581863074,False,0.029670671980853013,0.03413382969493224,0.02069481368402412,0.026198374145052383
2016-12-14,0.01132909720596923,False,0.029714717111812686,0.03418333326400792,0.020727881347865237,0.02623817265869059
2016-12-15,-0.02901302399588494,False,0.029756716913472814,0.03422614428459306,0.020768249706814845,0.026279541339091262
2016-12-16,-0.0017857147602346438,False,0.029667618612781683,0.03413951970251297,0.02067417650961738,0.026188518506862195
2016-12-19,0.028630010948814708,False,0.02952024280133684,0.03398302850819324,0.020545132648385325,0.026048234383916086
2016-12-20,-0.020619287202735703,False,0.029640900988836278,0.03411245827889715,0.020648150301329216,0.02616206835606653
2016-12-21,0.010143416627734818,False,0.029679980577393673,0.03415655479583239,0.020677140343182278,0.02619724481803401
2016-12-22,-0.040291931722821285,False,0.02971434717701883,0.03419161320516648,0.02071011564402001,0.026231073195729992
2016-12-23,0.03368834180021071,False,0.029874771899725382,0.034362742162423285,0.020849013076262215,0.026383170117170295
2016-12-27,-0.011997477832943918,False,0.029983776823047304,0.0344831941518607,0.02093499680025638,0.026483269322736896
2016-12-28,-0.014408173609183268,False,0.029916358248521794,0.03441354580985984,0.020872062512008824,0.026417585487890107
2016-12-29,-0.018307147444356128,False,0.02996359530848203,0.03446269485278117,0.020915454382257188,0.026463335041756415
2016-12-30,-0.018178081534696952,False,0.03003601676918129,0.03453854219143321,0.020980986058410086,0.026533091199241392
2017-01-03,0.018639868659042703,False,0.030130618401485447,0.0346357728753548,0.021070300403935486,0.026625647452281305
2017-01-04,0.03225353392919371,False,0.030067062942239625,0.034573663582282095,0.021003836559309826,0.0265609668883462
2017-01-05,0.011113695185936119,False,0.030130741227754974,0.034649683488752685,0.021042694605894797,0.0266150435002308
2017-01-06,-0.00044218439809587114,False,0.03015953294900118,0.03467917958732799,0.021070069753607524,0.026643287222048777
2017-01-09,-0.03464913541317413,False,0.03017223814112066,0.03469170722965722,0.021083132016182504,0.026656130546358948
2017-01-10,0.010476069391940701,False,0.030302530300107534,0.0348368698818138,0.021183518120298353,0.026774853591153957
2017-01-11,-0.036921591056499205,False,0.030165193705187266,0.03469056408042477,0.021064219500160974,0.026644494960761378
2017-01-12,0.04728904925392718,False,0.030277856115916865,0.0348191712535534,0.021144815392734856,0.026744752485193573
2017-01-18,-0.0008952552075112774,False,0.03041997693566999,0.0349879722955624,0.021233279606641148,0.02686611632436645
2017-01-19,-0.03138761187378574,False,0.030420106526826182,0.03498807158705957,0.021233470133453957,0.026866269488393515
2017-01-20,-0.011152531950475003,False,0.03044009409642622,0.035017283328891556,0.0212349069665209,0.026879080732322376
2017-01-23,0.011614532420693083,False,0.0304761989384718,0.03505518925168011,0.021267389654350623,0.02691378434923396
2017-01-24,0.016491441089871432,False,0.030507633392868275,0.03508183207616306,0.021308460557618012,0.02694894664997702
2017-01-25,-0.0040974334585555236,False,0.030450662394645334,0.03502471608733666,0.021251781150056746,0.026892088453180973
2017-01-26,-0.02775386278217099,False,0.030430976185638645,0.03500466947458897,0.021232819749160414,0.02687268263514635
2017-01-27,-0.01750695292949704,False,0.030513423132953067,0.03509718353234683,0.02129502072656125,0.026947297458201472
2017-01-30,-0.008147660697065417,False,0.030526613294165457,0.03511284599011482,0.02130323885116359,0.02695856419422268
2017-01-31,0.011959004043526981,False,0.030470472020082514,0.03505414460869493,0.02125224620998883,0.026904414661354136
2017-02-01,0.002849004776074871,False,0.0303879095246824,0.03497082041972012,0.02117121555684706,0.02682244475692221
2017-02-02,-0.01192477760551709,False,0.030351901153882973,0.0349341350957328,0.02113656860687956,0.02678696304980797
2017-02-03,-0.005774799493883908,False,0.03022461477762855,0.03480068910832531,0.02102166982712415,0.02666446879739194
2017-02-06,-0.012139017718084096,False,0.03023345935930467,0.03481008094930329,0.021029413815395394,0.02667288761609683
2017-02-07,-0.020731245920620023,False,0.030246165117655526,0.034824370366623336,0.021038934676548222,0.026684361301560364
2017-02-08,-0.006003019527874869,False,0.030408686358519458,0.03499173699565943,0.021191711355285373,0.02684311287262062
2017-02-09,-0.009579100219367783,False,0.03043600934659153,0.03501963355728639,0.021217880829347554,0.02686998962546173
2017-02-10,-0.017889564750775057,False,0.03038463864792611,0.03496611447894995,0.021170830737913645,0.026820290347471996
2017-02-13,-0.026124787741142207,False,0.03060505870013347,0.035185830553957576,0.021392666558954162,0.02704125808781043
2017-02-14,0.02095414540421943,False,0.03066660846832835,0.0352494774686964,0.02144999875488023,0.027101176294256332
2017-02-15,0.04708538667468765,False,0.030576954776628675,0.03516474995958878,0.02135043801536305,0.027007690075397883
2017-02-16,0.02442720379895688,False,0.030591673637305566,0.03520106752848909,0.021321719705133683,0.027005605329161284
2017-02-22,-0.0009857073247591882,False,0.03053542512781325,0.035150965012123114,0.021253110986361467,0.026944575290536787
2017-02-23,0.01904819497069441,False,0.030660340957604122,0.0352820085612454,0.02136570335730882,0.027064723808048783
2017-02-24,-0.019048194970694474,False,0.030641000062416823,0.03526672898867955,0.02133819473454316,0.027042223239228513
2017-02-27,-0.005934735519814578,False,0.03069565933182622,0.03532576368041846,0.021384054590323383,0.027093478468167297
2017-02-28,-0.03688217981381913,False,0.0307914217792304,0.0354178236042221,0.021487263184448813,0.027192121446690646
2017-03-01,-0.006195166948925659,False,0.03077042380058781,0.035396497989205924,0.02146692411545058,0.027171378366293596
2017-03-02,0.01592635769679396,False,0.030747665262501635,0.03537308835594477,0.021445474995136053,0.027149126374583745
2017-03-03,0.013667638728663835,False,0.03062075446126207,0.035247554400199985,0.02131579521936107,0.027021144399538982
2017-03-06,-0.010614201241773428,False,0.03054129797280164,0.0351695219027377,0.021233474942024218,0.026940580058482294
2017-03-07,-0.009188426054406255,False,0.03067516883844552,0.03530239585601814,0.021369350698528303,0.027075226513263693
2017-03-08,-0.0025673955052458097,False,0.0306810407409575,0.035308679369094466,0.021374394810866656,0.027080778186340967
2017-03-09,-0.007223973624032275,False,0.030764184663629214,0.03539052368616921,0.021460152370883823,0.02716493319084999
2017-03-17,-0.006930720812208499,False,0.030813354266050228,0.03544051001127865,0.02150767946197345,0.027213467390131533
2017-03-20,0.04990136733839853,False,0.030720904227282842,0.03536781028557126,0.021375509560565942,0.027105651779791753
2017-03-21,0.01779906473814393,False,0.0308824293636533,0.03555175195819899,0.021491952791738135,0.027249737046160145
2017-03-22,0.005093782720256418,False,0.030844751655406726,0.03551589757650282,0.0214506081907233,0.027210640805735105
2017-03-23,0.005067967539243064,False,0.03087201270723562,0.035542935880929376,0.021478317209943778,0.027238075153103305
2017-03-24,-0.020896975877216062,False,0.0308626269604545,0.035533632063462633,0.02146876669508515,0.027228625666029058
2017-03-27,0.008876489023091419,False,0.030724287489967445,0.035391929067901735,0.02133719161124421,0.02709290298875944
2017-03-28,-0.00981545622822897,False,0.030740473928322548,0.03540885351963564,0.021351893830592574,0.02710851525913255
2017-03-29,-0.020404029332761683,False,0.03064320142988638,0.03530910596550205,0.02125959891767771,0.02701316833247588
2017-03-30,0.004782409880215098,False,0.030650877374584946,0.03532187047666031,0.021257041244296386,0.027016885416780698
2017-03-31,-0.0004772130846946423,False,0.030643720750557334,0.03531480024575037,0.021249710875034602,0.027009661579659845
2017-04-03,0.005711581447951002,False,0.030684499892536007,0.0353554460479903,0.021290758176616194,0.02705054445879413
2017-04-04,0.0014228126659230444,False,0.030719722467083915,0.035389973052823556,0.021327379611700576,0.027086308180522926
2017-04-05,0.0004738213782084904,False,0.030673837476028552,0.035343086550520056,0.021283508760324303,0.027041202356497325
2017-04-06,-0.011434140771119814,False,0.03062174852525487,0.03528985517632069,0.02123371733776738,0.026990002201200458
2017-04-07,-0.03958493855531993,False,0.030679898960585948,0.03534953156750574,0.02128879892265893,0.027046965456165358
2017-04-10,-0.02575249610241474,False,0.030897710694022147,0.03558779157745209,0.02146548711887607,0.027248868608542892
2017-04-11,0.008658062743114531,False,0.030775320561599602,0.03546240480409051,0.021349123532266687,0.02712880983667578
2017-04-12,-0.01584495199357045,False,0.030647707931360835,0.03533291655676259,0.021225282956319917,0.02700265642019925
2017-04-13,-0.03246358375554493,False,0.030795853526002698,0.035483765181539485,0.021367992485956153,0.027148699080934393
2017-04-17,0.01688694482680767,False,0.03092559470187817,0.03562452054533981,0.021475583024009412,0.027269871314517313
2017-04-18,0.00885653093021798,False,0.0309161755391775,0.03561728339889124,0.0214617756075353,0.027258754562173783
2017-04-19,-0.01779220142446742,False,0.0310138166752714,0.03570780097658757,0.02157374293482429,0.027361937764668123
2017-04-20,-0.04425978714309886,False,0.03117357558693475,0.035871750520361935,0.021725074064542153,0.02751843640104167
2017-04-21,0.025607501118519452,False,0.03172327424812962,0.03644404504815186,0.022229330169223373,0.028050555674793292
2017-04-24,-0.01845872170485215,False,0.03178247498210899,0.03651039604678414,0.022274151003046697,0.02810419356513815
2017-04-25,0.02489306025749781,False,0.03178709608515312,0.036518559917937225,0.022271647243703757,0.028106058425444388
2017-04-26,0.006393202383062906,False,0.031468602103509574,0.03620627283827511,0.02194067055895703,0.027782735528109802
2017-04-27,-0.0037243990909824397,False,0.031332852368423716,0.03606862309546506,0.021808741930179235,0.027648463982487846
2017-04-28,-0.017204725449630833,False,0.03139802117413629,0.03613382620450277,0.021873841748460642,0.02771360610051217
2017-05-01,-0.017505917513614522,False,0.03181620149266003,0.036548890052050004,0.02229828960303473,0.02813421100631701
2017-05-02,-0.0038706158359433085,False,0.0318351388520654,0.036571360711499114,0.022310121141282863,0.02815039948905679
2017-05-03,-0.01394722748085044,False,0.031829693861640355,0.03656601477075505,0.022304476952004038,0.02814487743884247
2017-05-04,0.03260858131819015,False,0.0318061004161491,0.0365426914684526,0.022280340221435734,0.02812107382430277
2017-05-05,0.014575156802968087,False,0.03191956594623365,0.03666787311679288,0.022370243461323693,0.02822542431640983
2017-05-08,0.04659309101217694,False,0.03194862632613277,0.036699339628622644,0.022394464868316952,0.028252612746619804
2017-05-09,0.01774444529907191,False,0.031681260585070606,0.0364557998038909,0.02207918281721732,0.027966710650131735
2017-05-10,-0.0030196298737199456,False,0.03158326653652974,0.03635973360263764,0.021977311674211065,0.027867216753189056
2017-05-11,-0.0010085729548847744,False,0.0315699790854179,0.03634632741260574,0.02196426301898973,0.02785402167992303
2017-05-12,0.0312913535869688,False,0.03155250733057202,0.03632866027301922,0.021947184202475333,0.027836701932703926
2017-05-15,0.012150817782512528,False,0.03163404344819001,0.036414344325343295,0.022020378406916282,0.027915010993241344
2017-05-16,-0.017544309650909508,False,0.031681151767470425,0.03646039398513699,0.022069615796721672,0.027962942940383477
2017-05-17,0.00978481387999827,False,0.031730006341910665,0.03651327328940871,0.02211037623535835,0.02800866631006268
2017-05-18,0.01450001238475404,False,0.03175427441180654,0.036537859113885476,0.022134005268887175,0.028032687169661678
2017-05-19,-0.02723903816218372,False,0.0317887471338416,0.03657275033258538,0.022167636352109093,0.028066834304935808
2017-05-22,0.0034457331656216534,False,0.031862183189607755,0.0366548646275592,0.022223619597469664,0.02813351876616962
2017-05-23,-0.006903380473074343,False,0.03191645315022701,0.03670347760139514,0.022289266326513204,0.028192189813244534
2017-05-24,-0.0649014436575975,False,0.03195139321375012,0.03673911042178727,0.022322813186414846,0.028226590917956165
2017-05-25,-0.009016237159514719,False,0.03264906153088766,0.03748796063827255,0.022917549564925473,0.028884440163099746
2017-05-31,0.005385569932592566,False,0.032652681985902376,0.037492505476470234,0.022919310992544375,0.028887341456047766
2017-06-01,-0.01178795575204224,False,0.03279894943128939,0.037725368455859276,0.022891426124225657,0.028966238330066275
2017-06-02,-0.011428695823622744,False,0.03286567718047951,0.03779344701680907,0.022955437255335668,0.029031915159470418
2017-06-05,-0.006517947367214105,False,0.0329215843692483,0.03785104764478733,0.023007938767820466,0.029086504867280927
2017-06-06,-0.006560709881297061,False,0.032992443019215265,0.037919796491042386,0.023083040444891862,0.029159004926163308
2017-06-07,-0.006094483058761233,False,0.03303195111645352,0.03795988355432412,0.02312138418328424,0.029198062592861444
2017-06-08,0.0,False,0.03300476116722627,0.03793139267622896,0.02309681053263316,0.02917188475496477
2017-06-09,0.02862359611878931,False,0.03304858982635023,0.03797303097623997,0.023145044223861416,0.02921741749440468
2017-06-12,0.01912291663253902,False,0.03305066398303455,0.03797976379970475,0.02313774933388589,0.029215867248902086
2017-06-13,-0.018133307447372755,False,0.03303089649515917,0.03796379701731751,0.023110338245655088,0.02919314284525395
2017-06-14,0.008862687257845324,False,0.03308919588868567,0.038026127090134115,0.023160531538419373,0.02924830640539242
2017-06-15,-0.00688640202963336,False,0.03305408316863853,0.037991188870566815,0.023125067880386176,0.029213057925491552
2017-06-16,-0.02549500747340647,False,0.03307008622338765,0.03800790651904104,0.023139633815403637,0.02922850503254531
2017-06-19,-0.03976769816534908,False,0.03319466509822362,0.038140435014924756,0.023248225204112252,0.029346899171432458
2017-06-20,-0.01059331940166494,False,0.03350357171963927,0.0384643897059436,0.023526868646619167,0.02964409852573736
2017-06-21,-0.03522444901335715,False,0.03346574237851671,0.03842482847411351,0.023492522311604,0.029607616580503728
2017-06-22,-0.011092737149718122,False,0.03354366517787666,0.0385169591275949,0.02354187168975281,0.029674485793081018
2017-06-23,0.027504484064690464,False,0.03389407470849809,0.03886719015809936,0.023892640202032186,0.030025034195239046
2017-06-26,-0.01862047227452816,False,0.03362219728922247,0.03860371601370918,0.02360386295321144,0.029746619101279362
2017-06-27,0.009901070982711537,False,0.03359641703536122,0.03857885897933999,0.02357622601225361,0.029720120590692786
2017-06-28,0.0043692041106639995,False,0.033613759517423715,0.038597133360263616,0.02359169435213691,0.02973673806355643
2017-06-29,-0.00710968266876701,False,0.03361929383707698,0.0386028288029313,0.02359690463723025,0.02974214703090756
2017-06-30,0.04349678947624581,False,0.033611795348080654,0.03859192899823169,0.02359624653563031,0.029737294735909296
2017-07-07,-0.029532347565017388,False,0.03363956048616015,0.038639150138724924,0.023584883699330216,0.02974992327353627
2017-07-10,-0.01870241531271462,False,0.03381218487051049,0.03882490751597953,0.02373109631630115,0.029912330303770898
2017-07-11,-0.011728701889825235,False,0.03370784149235292,0.038712593678883314,0.02364278233136179,0.0298141878732598
2017-07-12,0.0011229647446237235,False,0.033900443217476664,0.03890689934093053,0.023831957268244663,0.030005463950295193
2017-07-13,0.028217639808950323,False,0.03369643839185572,0.038701953893502776,0.02362984412752254,0.029802190920248883
2017-07-14,0.023187881726464993,False,0.033758546167107724,0.03876586361259636,0.023688328012780726,0.02986289679888369
2017-07-17,0.01796139147450564,False,0.033815010960104044,0.03882519128665704,0.023739035264502346,0.02991713429534229
2017-07-18,0.0005234231995974092,False,0.03371848699692689,0.038730777959309896,0.023638266600747696,0.029818968275869072
2017-07-19,0.01712104078011135,False,0.03384020507987739,0.038846260028767114,0.023772525932974745,0.029945537923013337
2017-07-20,0.006153865574378286,False,0.03372082825358515,0.03872998543206951,0.02364691021148107,0.029823747589111094
2017-07-21,0.006116227017436054,False,0.033878665589219134,0.038888136308298564,0.023804116985496577,0.029981340992892454
2017-07-24,0.0,False,0.03367642597986593,0.03868615403629629,0.0236013598448921,0.02977890117732116
2017-07-25,-0.021572485254127888,False,0.03369959237427299,0.03870874908288096,0.023625675277137485,0.02980251207535866
2017-07-26,-0.007295498746724234,False,0.0338204984153898,0.038826641401545535,0.02375264221670564,0.02992576276629944
2017-07-27,0.05147633202844499,False,0.033733563355830685,0.03873180833031315,0.023681590851639844,0.02984497229104522
2017-07-28,0.023079836143835384,False,0.03352954102964353,0.038555426423259195,0.023421980867274712,0.02961944595946876
2017-07-31,0.0,False,0.033578178452442195,0.03860660060836894,0.023465516606356217,0.029666109803279855
2017-08-01,-0.018124424615881336,False,0.03353615180023962,0.038563247451029486,0.023426157689174772,0.029625115160522398
2017-08-02,0.015694289762589474,False,0.03341106853318754,0.038432217034583785,0.023313034736690733,0.029504658723910004
2017-08-03,0.002915453960124135,False,0.033410573532153084,0.038434142674477936,0.023307671583698744,0.029502280485312355
2017-08-04,-0.03304863036867537,False,0.03340642486299747,0.038429991093663345,0.02330352877018169,0.029498134081402075
2017-08-07,0.01740038930403114,False,0.033567299995550956,0.03860312440885822,0.02343975146663177,0.029649472454606397
2017-08-08,-0.005436138912260508,False,0.03353914458183996,0.0385776193533264,0.023406265916507005,0.02961925508531165
2017-08-09,-0.007960241038388428,False,0.03354816224006619,0.03858708622065196,0.023414380170130596,0.02962792326277038
2017-08-10,-0.017637141486106844,False,0.033595322491041635,0.03863472365508882,0.02346058075725241,0.029674712269168214
2017-08-11,0.011625099329478987,False,0.03367176629396596,0.038715050426530645,0.0235292155206095,0.029748135156399326
2017-08-14,-0.03424817212975835,False,0.03365924997935369,0.03870375825961651,0.02351423732206286,0.02973466646553794
2017-08-15,-0.03062541351086381,False,0.03389888860887915,0.03895259898478276,0.023735369613296687,0.029967145944787898
2017-08-16,-0.011323927961376764,False,0.03413279332202439,0.03919462437950905,0.02395294282040637,0.030194732838379024
2017-08-17,0.03201981123477157,False,0.03409725850517997,0.03915773264498666,0.023920136901256862,0.03016025369167186
2017-08-18,0.009409374178927146,False,0.03394538592633308,0.03901655997316882,0.02374674573502528,0.030000056678332533
2017-08-21,0.004153692368693395,False,0.03390435262765122,0.03897615825684113,0.023704442260813675,0.02995853201407903
2017-08-22,-0.0036335363101514507,False,0.03395608325149356,0.039019725547643394,0.02377259016705821,0.030016613639939196
2017-08-23,-0.007830893580547945,False,0.033967054148920435,0.03903086451159971,0.02378322306581926,0.030027453783069705
2017-08-24,0.008350779217419889,False,0.03397422470824621,0.039038262476741935,0.02378993628921493,0.03003444742265056
2017-08-25,0.019558008899656514,False,0.0341541818735614,0.03920911237636503,0.023988209080273326,0.03022148996136697
2017-08-28,0.02665483425547489,False,0.03397719712097423,0.03903585012272324,0.023803738008540746,0.030041609137016284
2017-08-29,-0.019038651210166468,False,0.0339997178607421,0.03906138670782576,0.023820193580527612,0.030061783575376172
2017-08-30,-0.01426412366305612,False,0.034286432579188585,0.0393521794291545,0.024098707025716447,0.030345325643092044
2017-08-31,0.00868460119955094,False,0.034276982015070616,0.039344682358780414,0.024085327789534386,0.030334355277852595
2017-09-01,0.010624941844704909,False,0.03429699666653159,0.03936535319495462,0.024104022787651284,0.030353859423320813
2017-09-13,0.019321879282270117,False,0.03410660176691904,0.03917583319934457,0.02391186836824295,0.030162783856013113
2017-09-14,-0.008376496379049164,False,0.0340859782483718,0.039161686711794624,0.023878218890018642,0.030137121263752783
2017-09-15,-0.005955352588686628,False,0.034087759456846674,0.03916394797649763,0.02387903465721758,0.030138528992662568
2017-09-18,-0.017068687479712224,False,0.03399395018983511,0.03906449157095544,0.023796582352805275,0.03004911315025181
2017-09-19,-0.005076153031860661,False,0.034062465700616266,0.039136480157848916,0.02385811315880221,0.03011492663806158
2017-09-20,0.01665443490513731,False,0.0340964888124931,0.03917075518578575,0.02389162964218818,0.030148753761437462
2017-09-21,0.01144575819512209,False,0.03408378375456805,0.039160852461623,0.023873288809692247,0.030133868512248422
2017-09-22,-0.01898158888382508,False,0.03405788013953775,0.039135986772907104,0.023845297820628237,0.030107157399583903
2017-09-25,-0.005562593357215305,False,0.034150002144627364,0.03922159194679916,0.023950525827593862,0.030204349442595813
2017-09-26,-0.0005072280098605403,False,0.034180754616953433,0.03925260390738123,0.023980756442982594,0.030234900035318372
2017-09-27,0.02207816722806315,False,0.03430451242944477,0.0393674646257958,0.024122407204995883,0.030365579709524384
2017-09-28,-0.01752235069220249,False,0.03435907734158602,0.03942624805940703,0.024168488246890475,0.03041686264869742
2017-09-29,0.03132247112904107,False,0.03437219082684974,0.03944299928592761,0.024174285869230722,0.030427146002941233
2017-10-02,-0.0029411785908162623,False,0.03427900283573887,0.03936026042379364,0.024060083630578006,0.030325828680478697
2017-10-03,0.021850832948108297,False,0.034222046235960826,0.03929944866658705,0.02401088013947488,0.03027187135960885
2017-10-04,-0.0019230775157414877,False,0.034245010481362324,0.03932618893275145,0.024026250427981972,0.03029189789373889
2017-10-05,0.0028832312140849347,False,0.03422669000683379,0.03930714652637353,0.024009381830889822,0.03027413907590251
2017-10-06,0.0004797313596442441,False,0.034236627363946705,0.03931706169246092,0.024019363816383192,0.03028409369744003
2017-10-09,-0.03762965342128198,False,0.034248374251259595,0.03932812684337601,0.0240324817440434,0.03029637096973376
2017-10-10,0.0182585876652824,False,0.0345616555927853,0.03965749902055575,0.024313402799430756,0.030597133781241702
2017-10-11,0.02510996242501777,False,0.034321273602052664,0.03941456019787212,0.024078162854476275,0.030358740983501713
2017-10-12,-0.003343685943063266,False,0.03434156911444859,0.03944154571296547,0.024085004099722276,0.030373831732056447
2017-10-13,-0.0014364378816559135,False,0.03435299012841751,0.03945307202101439,0.024096213356724044,0.030385170828148057
2017-10-16,-0.020818955753605716,False,0.03437100800289168,0.039470459676655544,0.02411549866454999,0.030403679007386275
2017-10-17,0.009737175277858244,False,0.034391151885946006,0.03949421365715514,0.02412838227916157,0.030421014266065374
2017-10-18,0.0014524330803148008,False,0.03440615437820889,0.03950680523385361,0.024148233364698124,0.030437892429642805
2017-10-19,0.037041271680349076,False,0.03440142933649325,0.039501945301960044,0.024143779600674257,0.03043327233131095
2017-10-20,-0.0032687397771267897,False,0.03448943322585309,0.03960424385817385,0.02420303547970124,0.03051015509433822
2017-10-23,-0.006569709223161073,False,0.034483717707432304,0.03958970404052373,0.024215066513055102,0.03051130480387472
2017-10-24,-0.01901197948857189,False,0.034492102585899055,0.03959878183830119,0.024222057861213824,0.030519150597151767
2017-10-25,-0.002402115015244625,False,0.034516813645873216,0.03962717796325943,0.024239357885497394,0.03054099470865832
2017-10-26,0.022825527342224226,False,0.034530261524892115,0.03964016241339512,0.024253737766532092,0.030554803131312765
2017-10-27,-0.005657723719858837,False,0.03455406703499007,0.03966954664576913,0.024266323905988197,0.030574268444060172
2017-10-30,0.0014174346809733152,False,0.034568029431047094,0.03968324630588582,0.024280814690401872,0.03058843524639085
2017-10-31,-0.011396134730869582,False,0.03457616173699288,0.039691268980296485,0.02428916747637261,0.030596652844716278
2017-11-01,0.01375407027277394,False,0.034593845442600704,0.0397045015040052,0.02431580295571089,0.030617799531080143
2017-11-02,-0.03401525541259591,False,0.034579490190429114,0.0396912317444462,0.024299264668903968,0.030602599775108576
2017-11-03,0.0043763745997987815,False,0.03470134110485931,0.03982628188418157,0.02439457061594628,0.030714181807191897
2017-11-06,0.026808690244406137,False,0.03470181716466164,0.03982684131150771,0.024394879015287505,0.03071459300778667
2017-11-07,0.021496154818193575,False,0.034714728220046315,0.03984671969750247,0.024393778069244136,0.03072208354062912
2017-11-08,0.024207621914115577,False,0.03474660978461656,0.03988352840278307,0.024415750659124717,0.03075013183263287
2017-11-09,-0.008155912903607761,False,0.03479371296982335,0.0399367946892295,0.024450459228917996,0.03079244017874432
2017-11-10,0.01130977900062992,False,0.03476919827009135,0.0399116105272533,0.024427290884978005,0.03076844631480854
2017-11-13,-0.006770506567210602,False,0.03479291656598074,0.0399356763415871,0.02445031028638227,0.03079189424437441
2017-11-14,-0.027084510754475506,False,0.03479587937123268,0.03993633181016613,0.02445791337735699,0.03079665213746529
2017-11-15,-0.007473178171159925,False,0.034845799164477644,0.039994731300788795,0.024490779647751496,0.030839974799992703
2017-11-16,-0.0009380863727334674,False,0.034849770843780395,0.039999355129396105,0.024493439789322204,0.030843439112815504
2017-11-17,-0.002349073196723851,False,0.03485089753824567,0.04000050507763904,0.024494519718105744,0.03084454771604425
2017-11-20,-0.019953156028635677,False,0.03480480868764462,0.03995090246345529,0.02445549739887718,0.03080119254291224
2017-11-21,0.008600148563638806,False,0.03485374203080957,0.04000318325932874,0.0244976986785365,0.03084752159702003
2017-11-22,0.008055006831402678,False,0.03481710741000404,0.03995512020140319,0.024484047792278345,0.030819778200773564
2017-11-24,-0.0047303777895244216,False,0.03482264551677439,0.039960716545671994,0.024489468777591856,0.030825270999277274
2017-11-27,-0.021083675083641517,False,0.03482056181762207,0.03995861471757609,0.02448742153756532,0.030823201404285166
2017-11-28,-0.008754919733843559,False,0.03487560068895137,0.04001776384224135,0.024534194276736403,0.030875042534311715
2017-11-29,0.023655459779643225,False,0.034896569814822274,0.04003918091937923,0.024554262527631834,0.030895663157997737
2017-11-30,-0.023167059281534418,False,0.03489220914501238,0.04003928056436845,0.02454093171691254,0.03088783240211512
2017-12-06,-0.009375068665456045,False,0.03495069939203662,0.0401005682912986,0.024593795950958473,0.030944146234133385
2017-12-07,-0.013698844358161915,False,0.03538010569742804,0.04058342899860661,0.02491570008688105,0.031331965480321515
2017-12-08,0.003706649729712405,False,0.03551558978137788,0.040720379009322356,0.02504823604491485,0.031466309086012965
2017-12-14,0.0,False,0.03535501309114332,0.040557032332811424,0.024893230075209036,0.03130788742098002
2017-12-15,-0.008488114622813974,False,0.03535849337562607,0.0405603644487378,0.024897008341535864,0.03131148297930936
2017-12-18,0.02369155294372899,False,0.035356197852733334,0.04055657074535164,0.02489772581004373,0.031310353027794155
2017-12-19,-0.005216495918891212,False,0.035368630486940125,0.040570754717481845,0.024906636327839356,0.03132142313634742
2017-12-20,0.009888188817167742,False,0.03534930046623168,0.04055065459137,0.02488885506642136,0.031302692250936626
2017-12-21,-0.012506676828095371,False,0.035367232639194876,0.0405684139473874,0.024907134791614677,0.031320758873978755
2017-12-22,-0.052757120205123985,False,0.035350919662789825,0.04055272684603892,0.024889563117628397,0.03130395897222988
2017-12-26,0.025649427950850744,False,0.03583427685363029,0.04106599713558771,0.02531276206347161,0.0317640440327624
2017-12-27,0.0053734680611431445,False,0.03576500796202991,0.04100385037980144,0.025229169841634303,0.031689234181519116
2017-12-28,0.023829562832983993,False,0.03575196810065562,0.04099062212485843,0.02521650885864281,0.031676340888700735
2017-12-29,-0.00999219462844948,False,0.035630579732395584,0.040874342703726564,0.025084845884732216,0.03155097780406436
2018-01-02,0.02298951822469878,False,0.0356320435243502,0.040876962485126844,0.025083984865841763,0.03155154224629675
2018-01-03,-0.015092662236103251,False,0.03565022799684848,0.04089041151551547,0.025111692787895712,0.03157341085151949
2018-01-04,-0.0010493180396177464,False,0.03565350172500578,0.04089624636572713,0.02510981584244623,0.03157469204902108
2018-01-05,-0.005263170044274644,False,0.03560461816074585,0.04084316213095697,0.025069380248360553,0.03152907656983814
2018-01-08,0.009976454496372791,False,0.035583941125566974,0.04082160290205564,0.02505047739333627,0.03150908587369308
2018-01-09,-0.007867861200613679,False,0.03553627963199196,0.040769121381648316,0.02501250945768713,0.031465174319020184
2018-01-10,0.021875872356724457,False,0.03553855499754531,0.04077138115258232,0.0250148161855858,0.03146746181705158
2018-01-11,-0.0067201079985193014,False,0.0355899717816778,0.0408252755235189,0.02506125029388732,0.031516951060225624
2018-01-12,-0.0072879031575913255,False,0.03559152407846281,0.04082700921882448,0.025062437780033753,0.03151836223054129
2018-01-16,0.009360442759563672,False,0.03555889106910172,0.040786339104082144,0.025045968196578755,0.03149198201917866
2018-01-17,0.027063178348827415,False,0.03556947770772333,0.04079488812763547,0.025060652683694194,0.03150415390457958
2018-01-18,-0.0005039052764726566,False,0.03565051760241515,0.04088349852024442,0.0251264675469411,0.03157930401781675
2018-01-19,-0.02707700541630368,False,0.03565355560548847,0.04088618302406108,0.025130216472513452,0.031582617040233414
2018-01-22,0.0036185100221970013,False,0.03568032706274391,0.04092084545380997,0.02514111839177297,0.031603249389604564
2018-01-23,-0.004654779544982516,False,0.03568619426986689,0.04092679541229494,0.025146819177598128,0.03160905221688852
2018-01-24,0.013388459513737062,False,0.03568680951139857,0.04092755985494249,0.02514713436070491,0.031609551381251315
2018-01-25,0.0025542798050967007,False,0.035688606699653624,0.04092962831401606,0.025148385996106356,0.03161113752317183
2018-01-26,0.013178092380555036,False,0.0356735685819567,0.04091125902019359,0.02514004720807247,0.03159869103149227
2018-01-29,-0.02034658185916755,False,0.03570873994956137,0.04094831677355329,0.025171424864516772,0.031632394807406414
2018-01-30,0.012257558986083838,False,0.035695939890111404,0.040938090862585666,0.025153447934005427,0.03161759208285322
2018-01-31,0.01311163513937511,False,0.03571073574526736,0.04095423851970265,0.025165525179686885,0.03163133624785515
2018-02-01,0.010466081082802526,False,0.03572763536285934,0.04096904915565786,0.025186625949099508,0.031649861074969414
2018-02-02,0.020609169073577596,False,0.035702120875095895,0.04094103271315887,0.02516614314352389,0.03162629308620288
2018-02-05,-0.006822638550887357,False,0.03564118824767204,0.040883751845646715,0.025097866460254078,0.03156251942136771
2018-02-06,-0.0019579056670573137,False,0.035643994938715506,0.040886757456723336,0.025100273103137838,0.03156517135435761
2018-02-07,-0.01381373717005335,False,0.03574440076189688,0.04098574389755683,0.02520353344673721,0.03166668144464547
2018-02-08,0.010378150968713688,False,0.03574061105645345,0.040983878378724505,0.025195874008816406,0.031661394738774676
2018-02-09,-0.0014760150281205415,False,0.035760698918386076,0.041004947599665206,0.025213988259248105,0.031680719111944804
2018-02-12,-0.030494739848350445,False,0.03574878552611123,0.04099250470994502,0.025203139739501286,0.031669217664071506
2018-02-13,0.014613512768365883,False,0.03579228363147157,0.04104640167766816,0.02522572468852788,0.03170462554506822
2018-02-14,0.027628792429934927,False,0.035824238054093384,0.041079839763096246,0.02525469531627562,0.03173542569094668
2018-02-15,0.03912712838881255,False,0.03579350191165971,0.0410560305423068,0.02521002843890162,0.03169930046379433
2018-02-21,0.012042757863182199,False,0.03589205582484288,0.04117085917858076,0.025275852249847457,0.03178519278413525
2018-02-22,-0.007393749024938265,False,0.03591869846254133,0.041199972888183355,0.025297525313832905,0.031809912949410685
2018-02-27,0.006721961228281736,False,0.035898925367343924,0.04117906315364679,0.025280038114473505,0.03179102414972115
2018-02-28,0.0004465282503306321,False,0.03602948592036019,0.041324819251546525,0.02538003890098478,0.03190976270114283
2018-03-01,0.013303965626362886,False,0.03595711862810763,0.04124493874716383,0.025322781432707612,0.031843240622501504
2018-03-02,0.02178735418490723,False,0.03598438309508815,0.04127403876712866,0.02534635441833368,0.031869077045244464
2018-03-05,0.058187577555837,False,0.03596726361377898,0.041253892545545526,0.025335322015622407,0.03185431234151119
2018-03-06,-0.00203541694533583,False,0.036302330849689486,0.041619125168239936,0.025609723629884087,0.0321659111691879
2018-03-07,0.0008146639961762836,False,0.03627670332407508,0.04159205801303664,0.025586991343922314,0.032141403662857164
2018-03-08,0.020153846188980428,False,0.036280154089525146,0.041595275467175764,0.025590911321844875,0.03214503594247545
2018-03-13,-0.005473039463058469,False,0.03635742094524134,0.041676008150877485,0.025661208049487585,0.032219606414199777
2018-03-14,0.009364094956025196,False,0.036413188275350734,0.04173477706677527,0.025710938889195283,0.032273038536704005
2018-03-15,-0.015261497540719997,False,0.03644406681006729,0.041765392532842595,0.025742346481379463,0.03230412173653882
2018-03-16,-0.005535799032251641,False,0.036425510813633745,0.04174938033997181,0.02571867464056462,0.03228358668308521
2018-03-19,-0.03100711461589247,False,0.03641360186955704,0.041735472120661365,0.0257107864397249,0.03227323315773042
2018-03-20,0.01421343725005545,False,0.03641422014348338,0.041746504831938806,0.02569046023445217,0.032265749090087864
2018-03-21,0.01758638450207599,False,0.03646116148484994,0.0417955185634688,0.02573323379111684,0.032311078129953895
2018-03-22,0.004348692364179859,False,0.036477818541983356,0.041811453484937276,0.025751343135580182,0.03232829700234619
2018-03-23,0.031070460473739677,False,0.03647740393744854,0.04181059669657829,0.025751817807114302,0.032328226412975995
2018-03-26,0.005339448230857977,False,0.036625965572578655,0.04196895589820296,0.025880675552276224,0.03246916562669182
2018-03-27,-0.02894278813739664,False,0.036587806148343414,0.0419183932427379,0.02586746027141966,0.03244065580834444
2018-03-28,0.016696175070263858,False,0.036579445574277634,0.041919080491926816,0.025840903616320784,0.032425256106576116
2018-03-29,-0.015913396165323074,False,0.0365861157779413,0.0419159768301214,0.02586723004481063,0.03243953029246263
2018-04-02,0.030439645478037226,False,0.03656782122735013,0.04190002034810607,0.02584423340355422,0.03241941674487968
2018-04-03,-0.053392770289939724,False,0.036715376185039644,0.042057307204738464,0.02597221653531547,0.03255940036993826
2018-04-04,-0.009250015682732341,False,0.03678744814483515,0.04215981831205658,0.02598307231312904,0.032607790938029214
2018-04-05,0.013245226750020723,False,0.03677188506635975,0.04214518947500331,0.025965630381349015,0.032591501027862874
2018-04-06,-0.022173857494321967,False,0.03681714509981688,0.042192262875055744,0.026007243552507657,0.03263535027789989
2018-04-09,0.019778646768367224,False,0.036778758560930803,0.04215740268605555,0.025961765169929638,0.032594220269510504
2018-04-10,-0.00520938865926445,False,0.03685615813495543,0.04223908730912092,0.026030547080082924,0.03266828611269619
2018-04-11,0.02303517261186495,False,0.03684612534480468,0.042229216453960564,0.02602018862240703,0.032658127338533065
2018-04-12,-0.001965023230057625,False,0.03694022025269338,0.042327178722228825,0.026106505880261067,0.03274921347372395
2018-04-13,0.0086173662911612,False,0.03693176412797894,0.042318630864208236,0.026098234240435975,0.032740828716722854
2018-04-16,0.052423700479583425,False,0.03696049800589676,0.042348075766877616,0.0261255381761863,0.032769009423575655
2018-04-17,0.009576500443208617,False,0.03730224016422631,0.04271809706726915,0.02641040814039563,0.033088750655639404
2018-04-18,0.03458557964977995,False,0.03732975981216419,0.04274646542494292,0.026436220947837947,0.033115610014793434
2018-04-19,0.0024756864987668242,False,0.03749958043556251,0.0429286030963909,0.026581270750886326,0.03327584808206757
2018-04-20,-0.029392796946653924,False,0.03750679767108315,0.04293372225623444,0.02659270742725581,0.03328469760219467
2018-04-25,0.00738010729762246,False,0.03748011572585052,0.04291555226157198,0.026548907094764214,0.033251393433541616
2018-04-26,-0.01197619104671565,False,0.03769045352426073,0.04314133852462017,0.02672817647964813,0.033449712460990697
2018-05-02,-0.027484770593297736,False,0.03764503722045594,0.04309585610718612,0.02668289313699006,0.03340434759301374
2018-05-03,0.009828088936262693,False,0.037661631699894824,0.04311254607663286,0.026699295576435265,0.03342086778205806
2018-05-14,-0.009325749079573684,False,0.03769851328796947,0.043149724873953216,0.02673557944687479,0.033457518143927674
2018-05-15,-0.03857227478623962,False,0.03768701439777187,0.043148293310048255,0.026703834152669186,0.03343818696154198
2018-05-16,0.022223136784710256,False,0.03765992584233844,0.043134713475408586,0.026649578203344716,0.03340058873896668
2018-05-17,-0.03390155167568134,False,0.037759915243279846,0.04323879399641907,0.026741339951048715,0.03349739528412035
2018-05-18,0.01467018974779384,False,0.037750230087430156,0.04324068459732283,0.026708374786076846,0.03347870429031966
2018-05-21,-0.023806149752094514,False,0.03780766057136494,0.04330041438388979,0.026761181141551446,0.03353434593682924
2018-05-22,-0.009992396747485683,False,0.03778300598431654,0.04328057749176579,0.026726837686278124,0.03350594322508276
2018-05-23,0.011138966718307617,False,0.037764088218152705,0.04326259228860042,0.026706044442288197,0.033486299933027
2018-05-24,-0.005746041475279823,False,0.037807038527288735,0.04330594915538679,0.02674817712316802,0.03352893394385142
2018-05-25,-0.01822108949713997,False,0.03776335944207214,0.0432602999321597,0.02670846018330685,0.03348678760885078
2018-05-29,-0.023353525217652146,False,0.03772548811094272,0.04322184261712085,0.026671767324656384,0.033449372168100074
2018-05-30,0.012733956390191887,False,0.03769527533046008,0.043197168040393065,0.026630416660346417,0.033414850713323556
2018-05-31,-0.030104621399108418,False,0.037741467335713576,0.04324362765352296,0.026676070479290655,0.033460834521979566
2018-06-01,0.0016286648551232807,False,0.03771919212814742,0.04323062525758252,0.0266351467164868,0.033431345147717444
2018-06-04,-0.04450724158591059,False,0.03772533531361882,0.04323658208851056,0.026641664679656243,0.03343763331540077
2018-06-05,-0.02672572858750285,False,0.0377258302756066,0.043255034919975975,0.02660604456302252,0.0334241572113144
2018-06-06,0.003053437486890248,False,0.03771596753148584,0.043252456301230896,0.026581532711391558,0.033408627481082455
2018-06-07,-0.009628083128975664,False,0.0377161558127713,0.04325238148373184,0.026582250110749762,0.033409020450931186
2018-06-08,0.05100741359789199,False,0.03770608223885289,0.04324316880084719,0.026570445198522658,0.033398277111285256
2018-06-11,-0.008814327790757241,False,0.037996691343058185,0.04356012767425389,0.026808062271153565,0.033668386324509046
2018-06-12,0.017137305507415747,False,0.03798103079790738,0.04354523946582209,0.026790848479312554,0.033652124908116456
2018-06-13,-0.01377029895951136,False,0.03804281756398143,0.043608929798070406,0.026848806982678143,0.03371243071628343
2018-06-14,0.028987536873252187,False,0.03801284309410084,0.04358031364188811,0.026816100807565642,0.03368139949017396
2018-06-15,0.040789340925907885,False,0.03813889158659819,0.04371462432958106,0.02692553319593953,0.03380102006675738
2018-06-18,-0.016993098098258257,False,0.03835478689396949,0.04394671819611807,0.027108851574374267,0.03400431303615689
2018-06-19,-0.016476161341143904,False,0.038334839199665946,0.04393060871286327,0.027081184852267123,0.03398137924708107
2018-06-20,0.039719279784573375,False,0.03829472108541662,0.043889450066580744,0.027043159352413627,0.03394207065769249
2018-06-21,-0.023243118443429463,False,0.03851604364320646,0.04412682863224985,0.027232191666217136,0.03415090178117004
2018-06-22,-0.010014103313052887,False,0.0384864067329987,0.04410133081896854,0.02719423061649454,0.03411804468959728
2018-06-25,-0.02074510026984675,False,0.03846600757323023,0.044081462565153835,0.02717276375154621,0.03409723248961999
2018-06-26,-0.0008223684673993002,False,0.03841673279041087,0.044034887360221875,0.027118059846537826,0.034045857458712504
2018-06-27,-0.03857920773194428,False,0.038416096413516516,0.04403383444654026,0.02711826116694602,0.03404554514381139
2018-07-09,-0.006527970958452043,False,0.03841964808001929,0.044052720432838116,0.02709097397666255,0.03403716684304682
2018-07-10,0.023463859619878537,False,0.03864884716086138,0.04430013022277218,0.02728354949303173,0.03425219815079656
2018-07-16,-0.04344096865061523,False,0.03875448217721714,0.04441121906783407,0.027378216312254997,0.03435359013591159
2018-07-17,-0.006243516639685047,False,0.038739295424213435,0.04440754128657335,0.027339883861490874,0.03432944950311346
2018-07-18,-0.024515175306157683,False,0.038720016758208894,0.04438845001445155,0.027320228327572416,0.0343100250463
2018-07-19,-0.01944325670422782,False,0.03870107503801284,0.04437569522376473,0.027288844070920103,0.03428626994882233
2018-07-20,0.01300408442320661,False,0.03867915141067687,0.04435751661700462,0.02725938883117852,0.03426143272809047
2018-07-23,-0.009954637494655263,False,0.03871389119448115,0.04439320077526256,0.027292229383134352,0.03429543779679353
2018-07-24,-0.01843774794564583,False,0.038690333788532136,0.04437012691867128,0.027267699510875047,0.03427150419365502
2018-07-25,-0.005330976641180989,False,0.03867060231807341,0.04435404712478191,0.02724062415218019,0.0342489317506246
2018-07-26,0.030704166343979676,False,0.038666513307152615,0.044350047749228245,0.027236354875536054,0.03424477300416874
2018-07-27,-0.03606371468017656,False,0.03879170364138659,0.04448304250563588,0.027345849733157505,0.03436389156591353
2018-07-30,0.002683364758597028,False,0.038769547893377165,0.04447055284915524,0.02730425450453708,0.03433421568286826
2018-07-31,-0.0313021700642496,False,0.03877134227147371,0.04447253939725555,0.02730566240946078,0.03433586055437533
2018-08-01,-0.0471785602750905,False,0.03879071063897531,0.04450163542942938,0.027305467466577527,0.03434766088347168
2018-08-02,0.0009657171199590132,False,0.03889117329466792,0.044624756646759474,0.02736036147973117,0.03443049537552402
2018-08-03,-0.012627656867801918,False,0.03888788165676713,0.04462101913501377,0.0273579665389015,0.034427550623591846
2018-08-06,0.036472372662356624,False,0.03889312725240216,0.04462793097431978,0.027359861151211095,0.03443149989616072
2018-08-07,-0.008994143471228651,False,0.03899253724978645,0.044739165586145664,0.02743549066167519,0.03452171044647971
2018-08-08,0.003796872145620904,False,0.03898986380388322,0.04473740724158025,0.027430976855098717,0.03451832505970448
2018-08-09,-0.01431322145468624,False,0.038993039417655896,0.04473898543845822,0.027437365034639033,0.03452274344991072
2018-08-10,0.002399809167083365,False,0.03899444360451921,0.04474253069977504,0.02743446330579675,0.034522481899493966
2018-08-13,0.016639319003964724,False,0.03899871900520644,0.04474641679237629,0.027439521644134282,0.03452706017848194
2018-08-14,-0.006148044903429529,False,0.03903089702101437,0.04478080989040758,0.027467244907180506,0.03455751487960932
2018-08-15,-0.011930468400280935,False,0.03903022724219568,0.0447804511971601,0.02746594950404284,0.034556603078925205
2018-08-16,0.010031132596628382,False,0.039020370655070906,0.044770144852021576,0.027456997425442713,0.03454709639961857
2018-08-17,0.005214517622777785,False,0.03903638633190348,0.0447868039978292,0.027471719021557477,0.03456261146319198
2018-08-20,0.03849304348318828,False,0.03904292977348724,0.044793035549237276,0.02747888970560056,0.03456939755261642
2018-08-21,0.031791349816274975,False,0.03919367201908899,0.04495718271909059,0.02760267330257959,0.034709710883882285
2018-08-22,0.017908318735997467,False,0.039326480498707586,0.04509939311706432,0.027716573580364348,0.03483520475289369
2018-08-23,0.016742181143073628,False,0.0393894641158462,0.04516461042015657,0.02777506503077174,0.03489645058181161
2018-08-28,-0.011265283779791475,False,0.03945375860788222,0.04523163983791016,0.027833859312583083,0.03495861732545544
2018-08-29,0.01770722145347223,False,0.03942814493641063,0.045211449635914114,0.02779733849944,0.034928784241960144
2018-08-30,-0.0321906872720519,False,0.03949706223618581,0.04528297444698566,0.027861011832184902,0.0349956729206533
2018-09-07,-0.009569451016150672,False,0.03948324183484094,0.04527949776067983,0.027826389181311577,0.03497380519908247
2018-09-12,0.031050359920722633,False,0.039519286899555126,0.04531679201617946,0.02785992199792829,0.03500887840424369
2018-09-13,-0.017563098696896234,False,0.039651917536330454,0.045457373628253306,0.02797656242504199,0.035135323251474886
2018-09-14,-0.04192098482102797,False,0.03962509857659379,0.045433518928967,0.027943782039906134,0.03510619812292101
2018-09-17,0.007631911342395938,False,0.039631204013640516,0.04545586778364282,0.0279172203331423,0.035099666322502075
2018-09-18,0.0026797693571155145,False,0.03964569610526117,0.045469919712351245,0.02793259763657504,0.03511450085703544
2018-09-19,-0.021186278122833455,False,0.03964659816076913,0.045469309345493675,0.027936541325318396,0.03511657956397342
2018-09-20,0.0027297560171898956,False,0.039625424496346595,0.045452439370198106,0.027906712509939525,0.03509205766688718
2018-09-21,-0.015568079990102563,False,0.03963185091605399,0.045458736744584206,0.027913398452745156,0.0350985844827308
2018-09-24,0.030897505511310073,False,0.039615971737719836,0.045445279348613095,0.027892648826914192,0.0350808211788074
2018-09-25,-0.018059181538397532,False,0.03974656758755442,0.045584988239168754,0.028004917436842452,0.035204327162318506
2018-09-26,-0.0202491962415417,False,0.039723384909253215,0.045564780488403754,0.02797575188056139,0.0351788300163002
2018-09-27,-0.017350962837547057,False,0.039707851731588556,0.045553103999571215,0.02795246251441543,0.03516029636830869
2018-09-28,-0.027333276777225787,False,0.03968516578665841,0.045531862357494506,0.027926871931428433,0.03513648676833575
2018-10-01,-0.0331139719344191,False,0.03970177396528568,0.04555572858037534,0.027928883454300828,0.03514744825173774
2018-10-02,0.047113717842179624,False,0.039750611364863735,0.045615295576068575,0.02795614255876098,0.035187938118972875
2018-10-03,-0.0326460172478803,False,0.039876483316512626,0.0457544205036018,0.028055361445210363,0.035303499370792385
2018-10-04,-0.004467617259716045,False,0.03990830536433075,0.045796840598965265,0.028065869755292995,0.035327076229909396
2018-10-05,0.006941029354234763,False,0.039908762208067786,0.0457973298033979,0.02806626151842193,0.03532750789730706
2018-10-08,0.03017260515336153,False,0.039918283307112626,0.04580724213214093,0.028074995815261385,0.03533672462305359
2018-10-09,0.01569592270758133,False,0.04000788485893902,0.04590505172976754,0.028148090162835454,0.035419940386724136
2018-10-10,-0.01473760926576969,False,0.04004775379674121,0.045946828424303636,0.028184122410292972,0.03545832510640034
2018-10-11,0.004301081899390702,False,0.0400384950073881,0.04593971314412089,0.0281705528087742,0.03544739868557864
2018-10-12,0.029600469776290682,False,0.04004639436630165,0.0459476182051866,0.0281784407000872,0.035455293608267456
2018-10-15,-0.008835212088527895,False,0.04015599622189051,0.04606535342466163,0.02827168554425151,0.035558567777579264
2018-10-16,0.02445335224549266,False,0.040140454705880665,0.04605004036216674,0.028255684585284678,0.03554284852672419
2018-10-17,0.01447989100031465,False,0.040223498725574826,0.046137558642892165,0.02832973041679631,0.03562241161029847
2018-10-18,-0.03706670047337282,False,0.04025944233289149,0.04617392746281913,0.028364818878859187,0.035658024405907124
2018-10-19,0.007894166837036172,False,0.0402644845686277,0.046192174315364425,0.02834330530435179,0.035652793564753364
2018-10-22,0.026473476667171585,False,0.040270364103336884,0.046196040042156425,0.028353234808983552,0.03566023982448562
2018-10-23,-0.014976454189557249,False,0.04037864931760474,0.046310869126228775,0.028448359644021988,0.03576343396503045
2018-10-24,-0.02312776535762024,False,0.04033671620932831,0.04626796576006657,0.028408377821774886,0.03572225570894003
2018-10-25,0.033136948100969635,False,0.040315745051714744,0.04625215015533088,0.028377038329668505,0.03569727357608268
2018-10-26,0.018834637486615145,False,0.04046653093434772,0.046413179078627784,0.028507224429049793,0.03584009046227684
2018-10-29,-0.025192515397460476,False,0.04053854576286891,0.04648793715249074,0.028573722315746716,0.03590997106981067
2018-10-30,0.009070356969964279,False,0.04050848003290899,0.0464638492907901,0.028531634492495513,0.035875254610401086
2018-10-31,0.008541297149910011,False,0.04053307297225281,0.04648823937743447,0.028556635388985823,0.035900005367378605
2018-11-01,0.013339459693927599,False,0.04056041720940697,0.04651588162463726,0.02858338029800982,0.03592711775531005
2018-11-02,0.0013242111844554507,False,0.040613359666069625,0.04657044262395274,0.028633067702884058,0.03597880099988328
2018-11-05,0.01965557928473899,False,0.04061472461443934,0.04657171392966375,0.028634620976042826,0.03598023880142601
2018-11-06,0.028567280510689616,False,0.04070462814248721,0.046665372643906744,0.02871697244760403,0.03606722082731472
2018-11-07,0.0016799667957843462,False,0.040852010356326775,0.04681959051259117,0.028850607473200625,0.03620928496121075
2018-11-08,-0.05078543918160774,False,0.04085912436647267,0.04682644890616251,0.028858235553943724,0.0362165978388257
2018-11-09,-0.006644542718668613,False,0.040852839613720604,0.04684507068288247,0.028801861269624935,0.03619093602303367
2018-11-12,-0.01839029177834867,False,0.040833167269002824,0.04682581454548979,0.028781351890186106,0.036170939872641354
2018-11-13,0.0009049774373291464,False,0.04080013662886114,0.04679612162599998,0.028741608758681824,0.03613531251489781
2018-11-14,-0.02426303503936633,False,0.04080328858610918,0.046799265832649845,0.02874477630316102,0.036138470502043746
2018-11-15,0.0037002817428559466,False,0.04077434140141031,0.04677610720650117,0.028704187746003935,0.03610501986920034
2018-11-16,0.012388320856952266,False,0.04078456725164416,0.04678619262484532,0.028714696018868353,0.03611535497422148
2018-11-19,-0.017479745880040004,False,0.040820119459414494,0.046821872304664836,0.02874999186754865,0.03615080800984759
2018-11-20,-0.005117480347155575,False,0.04077531880234951,0.046777330490280086,0.02870467065186401,0.036105805975431414
2018-11-21,-0.028384119317435126,False,0.04075934680989443,0.04676101325163573,0.028689392984160806,0.03609010258150514
2018-11-23,-0.011097821982798534,False,0.04074577119625404,0.046755041298156275,0.028660525646473475,0.03607061138647321
2018-11-26,-0.0019426912375018798,False,0.04073345213002556,0.046744037143543866,0.028645562160958274,0.03605726933045784
2018-12-07,0.04562277186361176,False,0.04072271250453972,0.04673250335785125,0.02863641967138776,0.036047147554697206
2018-12-14,0.01667832214372241,False,0.041049027835675496,0.04708786730910709,0.02890431531076728,0.03635086331233871
2018-12-17,-0.0031340970359651187,False,0.0411827050119389,0.0472288329540231,0.02902333464475451,0.036478870123459316
2018-12-18,0.01821867765139401,False,0.04117457535457792,0.04722078815702556,0.029015034324682044,0.036470674445474555
2018-12-19,0.02005298232681771,False,0.04125617144101956,0.04730538427567472,0.0290905970451291,0.03654993653298341
2018-12-20,-0.020052982326817716,False,0.04132386605473985,0.047373492022906596,0.029157460805875952,0.036617309732429305
2018-12-21,0.0,False,0.041278472746603956,0.047331784017799486,0.029104655983317684,0.03656904929062912
2018-12-24,0.019189424414776064,False,0.04127830787177242,0.04733162019188271,0.029104488999013238,0.03656888359975102
2018-12-26,0.04806996248183811,False,0.041362969887641036,0.047419403882491176,0.02918287301354094,0.036651116979855985
2018-12-27,-0.023324672566408893,False,0.041676415300829266,0.04775393162039903,0.02945391975489776,0.03694816052799995
2018-12-28,0.014641549992948187,False,0.041621718361436806,0.04770428658602225,0.0293890629272704,0.03688953325049793
2018-12-31,0.0033167526259938207,False,0.04168715975458473,0.04777161848721032,0.02945070231892869,0.0369535038448534
2019-01-02,-0.009147672936787072,False,0.041695466679329406,0.047779805679657915,0.029459250037344804,0.03696190392028257
2019-01-03,0.0025031302181184748,False,0.04166553535418591,0.04774927808509568,0.029430517869872243,0.03693243648755447
2019-01-04,-0.016383479250524056,False,0.041676660530914726,0.047759792440229466,0.02944287147015963,0.0369440368781651
2019-01-07,0.020541489399187728,False,0.04162433343333258,0.047709462735150365,0.029386527415700976,0.036890155826609136
2019-01-08,-0.011686276569455223,False,0.0416966550456792,0.04777834449071338,0.029465766925426313,0.03696515361757869
2019-01-09,-0.01309970137517594,False,0.04165489911221161,0.04773622948812444,0.029424733116014935,0.03692367703676069
2019-01-10,0.007627155618715897,False,0.04159342690183431,0.04767168176656618,0.029369446067426468,0.03686459754730023
2019-01-11,-0.005502659387308164,False,0.04160523325308926,0.04767921363680238,0.029389848829199414,0.03687972940756504
2019-01-14,-0.006387077280566536,False,0.04157888840794754,0.04765267930460427,0.029363885061553973,0.036853531981703096
2019-01-15,-0.02903779318042937,False,0.04152587186496787,0.04759460821230976,0.029321033724760324,0.03680444783407471
2019-01-16,0.02088848794735553,False,0.0414553494329953,0.0475312829718105,0.029236037018084037,0.036728326049809974
2019-01-17,0.00558300784516079,False,0.04156227455115075,0.04764199373053464,0.029335348832949762,0.03683230597256884
2019-01-18,-0.012063911929244,False,0.041583689568729494,0.04766305489490398,0.02935747548486206,0.03685399628486309
2019-01-22,-0.02679712287536521,False,0.041547090546600676,0.04762840941234173,0.02931694769851515,0.03681587742596316
2019-01-23,-0.0004453351220337745,False,0.04139411432719985,0.047468788501473604,0.029177334620830893,0.036668070718661065
2019-01-24,0.004887812441594806,False,0.04134775115058436,0.047416603587407354,0.02914267954277408,0.036626236803085827
2019-01-25,-0.013836418017608956,False,0.04135464320624486,0.04742255588287151,0.02915146155054824,0.03663385998399552
2019-01-28,0.011173300598125255,False,0.041323488629193765,0.04739281846752185,0.02911745691902213,0.03660160286748155
2019-01-29,-0.015677812719229793,False,0.04136021385078586,0.04743000933266191,0.029153245684685237,0.03663796582244821
2019-01-30,-0.017764074503402748,False,0.04132462597281428,0.04739676238262146,0.029112949965597785,0.036600556722931304
2019-01-31,-0.003683245416296405,False,0.04128976621738137,0.04736447469428825,0.029072917524972965,0.03656369592169272
2019-02-01,0.0,False,0.041214146270649205,0.04727845619656577,0.02901821010837322,0.0364961659570791
2019-02-04,0.02729923848763777,False,0.041154130772663326,0.04720982696792604,0.028975517687614045,0.03644285186653244
2019-02-05,-0.004047678114580742,False,0.04127647072735912,0.04733688153475672,0.029088376083924908,0.03656152389404275
2019-02-06,0.016979853884941793,False,0.041246726519531686,0.04730430216909813,0.029064333663166592,0.03653398541431903
2019-02-07,-0.016078952923108254,False,0.04129201325366173,0.047348380942595594,0.029112049727416874,0.03658021193130215
2019-02-08,-0.011320021265006187,False,0.0412496867570774,0.047307337720156405,0.029067142437676528,0.03653688705860781
2019-02-11,0.012669852741051686,False,0.04122117930813427,0.047280069514039,0.029036142746981776,0.03650741548953775
2019-02-12,0.0013480118868945657,False,0.04127305103548924,0.04733334964685318,0.029085182029544035,0.03655819148971004
2019-02-13,0.00938554375621413,False,0.04127874926842769,0.047339013368147706,0.02909094966886363,0.03656391657240692
2019-02-14,-0.007142887512380114,False,0.041316475609967734,0.04737739262774435,0.02912736292663408,0.03660113494938463
2019-02-15,0.03304993467255219,False,0.04126066943580164,0.0473177774058388,0.029079217129928375,0.03654829218119014
2019-02-19,0.014202950177993535,False,0.041389828587658384,0.047450939683557646,0.029200325593733215,0.03667433693598592
2019-02-20,-0.01811174994304617,False,0.04142907223181007,0.04748988573956374,0.02924016771752572,0.036713812101123434
2019-02-25,-0.009743212594512532,False,0.0413884442823425,0.04745212181448101,0.029193779927451157,0.03667095596562476
2019-02-26,0.008861378322199857,False,0.04134719849598801,0.04741559606880914,0.02914304166535717,0.03662603802872191
2019-03-11,-0.004557893031898218,False,0.04135703473434019,0.04742395779410912,0.029155843297509258,0.03663702142538845
2019-03-14,-0.0009082652758814559,False,0.04131438919249925,0.04739168434267006,0.029092338440436093,0.03658630648753636
2019-03-15,-0.0018190091418514135,False,0.04133135275896832,0.047408246242793634,0.02911010979825619,0.036603582546924446
2019-03-18,-0.0004552697551890114,False,0.04132526935336885,0.04740214170527775,0.029104068891062453,0.03659751558177195
2019-03-19,0.002728514653203914,False,0.0413244828383137,0.0474013547306834,0.02910328330018674,0.036596729424234274
2019-03-20,-0.027159321809048263,False,0.04133492521148943,0.04741137150564939,0.02911458159409546,0.03660750290911103
2019-03-21,-0.005146210187841857,False,0.04130652210450008,0.047390012279455565,0.02907201253556895,0.036573619724201784
2019-03-22,0.012584645229072274,False,0.041291294983526954,0.047374223766635706,0.029057914429967458,0.03655882936119674
2019-03-25,0.02605861735236717,False,0.04129485002719101,0.04737415585894247,0.029068755592581947,0.036565203029467634
2019-03-26,0.009431913622955094,False,0.04137989335201195,0.04746227478240457,0.02914761357972282,0.036647853565328466
2019-03-27,0.00490524952345214,False,0.04140570833627735,0.04748583441502141,0.02917796430260735,0.036675423193536554
2019-03-28,0.0039955658039539455,False,0.041420190990612116,0.047500424982943726,0.029192229931882235,0.03668982189203993
2019-03-29,0.010138945130950785,False,0.041435606757580234,0.0475157875287043,0.029207752732042527,0.03670527906464406
2019-04-01,0.020404441353805286,False,0.04147351083837393,0.0475535143221999,0.029246013355393657,0.03674332107341184
2019-04-02,0.01238538146918555,False,0.041574016058418914,0.0476579374765813,0.029338639216098715,0.036840778174660964
2019-04-03,0.00845313571105819,False,0.04162161874756626,0.04770666985342563,0.029383969989858476,0.036887501976617526
2019-04-04,0.016280885604137537,False,0.041656566302316914,0.047740039624224566,0.029422090626557137,0.036923677033543066
2019-04-05,-0.0008285004616413452,False,0.041705466626803064,0.047789029739987825,0.02947081037176932,0.036972507501197543
2019-04-08,0.007020470709562407,False,0.041698672929434716,0.04777970952373353,0.02946909775756165,0.0369676794135212
2019-04-09,0.006562779912523582,False,0.04171635226288702,0.04779711811269424,0.0294873215853713,0.036985569383830304
2019-04-10,-0.0012272449893771594,False,0.04173714188498625,0.04781488022606787,0.029514199831501817,0.037008714381354106
2019-04-11,-0.02277059674524772,False,0.041714845335703306,0.047791355729818505,0.02949437280686323,0.03698737316411791
2019-04-12,0.01496287267671232,False,0.04165869970239643,0.047740007026180226,0.029428580066345852,0.036927495561301156
2019-04-15,-0.007453450654580891,False,0.041732639407047606,0.047815808317890326,0.029498775932504512,0.036999986967431425
2019-04-16,-0.017610518008635393,False,0.041708705293650165,0.04779138874428459,0.02947581812832973,0.03697643053784859
2019-04-17,0.02341244062474326,False,0.04166313767805612,0.047748565482120225,0.02942473134243535,0.03692872783918444
2019-04-18,-0.016667052485211647,False,0.041783096091407075,0.047870820597794794,0.029540070856807724,0.0370468994381276
2019-04-22,-0.014388737452099556,False,0.04173260954342961,0.0478229169615188,0.029484389814055312,0.03699440340733873
2019-04-23,-0.018065007397638888,False,0.041618550740184126,0.04770306436529589,0.02938198291022681,0.03688485212457658
2019-04-24,-0.019281929549450284,False,0.04157546513082267,0.04766307795267433,0.029332664505039293,0.03683935536713969
2019-04-25,0.014932205422984526,False,0.04153339513359547,0.047624090419501365,0.02928439536309699,0.03679488723972078
2019-05-03,0.0021048208149636208,False,0.04160044353066464,0.04769307602242656,0.02934754784467999,0.0368604285075034
2019-05-06,-0.019104805229297177,False,0.04181613317952177,0.047920779337767956,0.029539076803976924,0.03706677162845234
2019-05-16,0.014437618085602259,False,0.04175868063607453,0.047863776000088065,0.02948072086262801,0.03700896960682985
2019-05-17,-0.008042371390253615,False,0.041841820930996435,0.04794908873636203,0.029559492159861846,0.03709041976129775
2019-05-20,0.014346237611467525,False,0.041816311625437884,0.04792417443313477,0.029532786244872437,0.037064447549106795
2019-05-21,0.024416689908287673,False,0.041879428143979214,0.047988849769103156,0.029592767825051235,0.03712635132126426
2019-05-22,-0.01358325062208597,False,0.04201602196681616,0.0481309947766524,0.029718197658052056,0.03725862637073548
2019-05-23,0.005373023878963733,False,0.04196441812836411,0.04808068596864031,0.02966398938335464,0.03720601500987842
2019-05-24,0.016759027025361268,False,0.041990068843485696,0.04810588188133787,0.029690554751816495,0.03723201955732544
2019-05-28,-0.006914812990584019,False,0.042078836671854254,0.04819714490906251,0.0297743044837436,0.03731884614232347
2019-05-29,-0.004909993497555782,False,0.042010025067208946,0.0481250018982521,0.029712192671393977,0.037252626342664304
2019-05-30,-0.004110157861827986,False,0.041997991503938306,0.04811330239041187,0.02969948728911114,0.0372403328871778
2019-05-31,-0.011599135843351918,False,0.04198203017698128,0.04809653611117343,0.029685144802015173,0.03722499780608608
2019-06-03,-0.02062796779596745,False,0.041921953658133435,0.04803604669440897,0.029625898662335618,0.03716524251822179
2019-06-04,0.0038208494795862157,False,0.04187075989878654,0.04798870610240345,0.029566955796578902,0.03711105102823718
2019-06-05,0.017223698201597443,False,0.041861356469491406,0.04797301815965212,0.029570191154855523,0.03710653689568463
2019-06-06,0.010770609505348083,False,0.04194464770693943,0.04805884038024424,0.02964839233107147,0.03718785905028668
2019-06-07,0.020795856462486304,False,0.04199776279552175,0.048112134860445195,0.029701146645096464,0.03724083457375186
2019-06-10,0.02628586227092506,False,0.04211259913687065,0.04823104302683005,0.02980779413745689,0.03735250307068075
2019-06-11,-0.0019673427553343692,False,0.042269273577478526,0.04839422438737249,0.029951382508733852,0.03750411518424265
2019-06-12,0.011357083105173313,False,0.04225609584107231,0.04838094929964697,0.029938400555605506,0.03749101318631509
2019-06-13,-0.016094557421657555,False,0.042149895073450204,0.04825907040320844,0.02986373007923253,0.037397009866385
2019-06-14,-0.00994241636133776,False,0.0420672762188011,0.04817642477651108,0.029781165065860586,0.03731441184015631
2019-06-17,-0.0007996801705642901,False,0.04200361794603132,0.048111663833473095,0.029719724373716363,0.037251611435253
2019-06-18,0.011533235813673085,False,0.04199108635115804,0.0480984520728869,0.029708560660385387,0.0372396090033814
2019-06-19,0.0035524016043679218,False,0.042047073870146244,0.048155744830253366,0.029761923213939376,0.03729458105827749
2019-06-20,-0.02675344228572288,False,0.0420446622408221,0.048152415180817504,0.02976135781523586,0.037292883640606025
2019-07-17,-0.012300278081651676,False,0.041970339163785966,0.048083773467686844,0.029675608944935154,0.03721414051192548
2019-07-18,0.0065789710980425605,False,0.04192295746504452,0.04803978174513538,0.029621409663697144,0.03716412144122858
2019-07-19,0.01100479824210923,False,0.04194029470633018,0.048057066297395964,0.029638852867902597,0.03718149967411693
2019-07-22,0.026006666734710207,False,0.041993348129960424,0.048110628946562976,0.029690882187848433,0.03723415692471397
2019-07-23,-0.02276910826127611,False,0.04214047877716337,0.04826267522291908,0.02982812701125909,0.03737746325524169
2019-07-24,-0.0048602768822527944,False,0.042088103248268456,0.04821457733063646,0.029767148725630736,0.037321759762312626
2019-07-25,-0.011844124573065464,False,0.04207246438753257,0.048197752957413464,0.029753894049540586,0.03730704321996812
2019-07-26,-0.018661126221662924,False,0.04199371140602002,0.04810991209450645,0.029693417710002338,0.03723536053104201
2019-07-29,-0.0025146702270674426,False,0.04194112376661244,0.04806058681933282,0.029634269128554953,0.03718023480066951
2019-07-30,-0.001679966795784413,False,0.041934147533006685,0.048053285071555096,0.029627947536633042,0.03717351181425493
2019-07-31,-0.01439482942257797,False,0.04190231679178215,0.04801467488707193,0.02960975093650751,0.03714695542084934
2019-08-01,-0.0068464109960387825,False,0.04186051590477642,0.04797465200606152,0.02956437430092034,0.03710377126066236
2019-08-02,-0.0038718052239853384,False,0.04183108638384977,0.047944149435084384,0.029537102791387316,0.03707517656333073
2019-08-05,-0.005185837032365414,False,0.04182119303003847,0.047933417207824396,0.029528896496310405,0.03706593584575749
2019-08-06,-0.024562638368409197,False,0.04179993142938669,0.04791255970591752,0.029506822212508135,0.037044359859801125
2019-08-07,-0.01251133388910798,False,0.041742065132738294,0.04786029250995188,0.029437695562195883,0.03698213751157923
2019-08-08,-0.008579867489526629,False,0.041701631995664346,0.047820296448413575,0.02939638342233414,0.036941364333544655
2019-08-09,-0.0045454623716746105,False,0.04167103721952675,0.047789524691593595,0.029366144572119002,0.036910907246836794
2019-08-12,-0.0004556846740961244,False,0.04163327928158432,0.04774912832747584,0.02933369277413252,0.036875201981483016
2019-08-13,-0.01886414347081247,False,0.04162764308934993,0.047742528993772425,0.02932999355609881,0.03687031510492436
2019-08-14,-0.004655501890786011,False,0.041565564482164384,0.04768085580108588,0.029267099619649167,0.03680792108878899
2019-08-15,-0.004208563611878341,False,0.04154960432231877,0.0476650465626971,0.029250835941600238,0.0367918435133642
2019-08-16,-0.010836384013378077,False,0.041536953775719275,0.047652208484057317,0.029238562540763346,0.03677933886505899
2019-08-19,0.0070805110535726,False,0.04150946068384309,0.04762596282620328,0.029208560733817102,0.0367508752803764
2019-08-20,0.010760337740617167,False,0.04153579358351782,0.047652524382764606,0.02923443378153403,0.03677703028698452
2019-08-21,0.019355442952956072,False,0.04156251723069025,0.04767787909844864,0.02926391048738044,0.03680481895093411
2019-08-22,0.004099299750940674,False,0.0416494541402441,0.04776787418325125,0.029344697099445746,0.03688937662677539
2019-08-23,0.003629768050578731,False,0.04166172850440636,0.04777996164688403,0.029357347339338986,0.03690179639792204
2019-09-16,0.03719171965928513,False,0.041662797691474206,0.047779783436893646,0.029360925167138768,0.0369038360490387
2019-09-17,0.004605409019176298,False,0.042321928892974536,0.04849254349027924,0.02991220336276721,0.03752124447077925
2019-09-18,0.002919710103334846,False,0.042335627879469276,0.048506099690840666,0.0299261895061106,0.03753505454348671
2019-09-19,0.027522788804025266,False,0.04233318605922486,0.048502680051545254,0.029925714178157967,0.037533373457949
2019-09-20,0.0020238824961378503,False,0.0424214212966792,0.04859082084459839,0.030014139352786018,0.03762168217232504
2019-09-23,-0.007712642250559477,False,0.04241351775069873,0.048581999029715106,0.03000808253777005,0.03761449303155455
2019-09-24,-0.006131227054936408,False,0.04235675042555095,0.048523719671060256,0.02995435606382424,0.03755890205530828
2019-09-25,0.012225091129259276,False,0.04231105041185842,0.04847109733177559,0.02992257754194983,0.03751858755064593
2019-09-26,0.01447552417378568,False,0.04235209302528207,0.04851236948173788,0.02996315853434714,0.03755945158664136
2019-09-27,-0.006006024060211922,False,0.04242853818187503,0.04858984682679873,0.03003752785629186,0.03763509370959473
2019-09-30,-0.01946533478810335,False,0.042407777417987874,0.04856945463364027,0.03001602585966209,0.03761404620089021
2019-10-01,0.004494389587839267,False,0.04233780737249795,0.04850217097291248,0.029940653224682763,0.03754198617144874
2019-10-02,0.011752921506063189,False,0.04235101909177668,0.048515331398312,0.029953968101102863,0.03755523779691882
2019-10-03,0.015194214740916532,False,0.04237105421290752,0.04853383932190921,0.029977074569815694,0.03757646106443179
2019-10-04,-0.018018505502678365,False,0.04244919464486018,0.048614116466102926,0.03005091785890997,0.037652939152867666
2019-10-07,-0.021646750889753142,False,0.042392755292349774,0.04855746816070169,0.02999489873164344,0.03759666236388674
2019-10-08,0.01067771951917911,False,0.042336971645875784,0.04850544018193312,0.02993156206031722,0.037537956840642775
2019-10-09,-0.0168902058491448,False,0.042390354195306235,0.048558502030419046,0.02998558957154785,0.03759158889261536
2019-10-10,0.021780191143336528,False,0.04233274230061694,0.04850334250748634,0.029923045711019895,0.037532069074055
2019-10-11,0.018526506529605212,False,0.042456531227475565,0.04863083182867206,0.03003939277333996,0.037652979126350655
2019-10-14,-0.02300807850384585,False,0.04255077806700387,0.04872815293054001,0.030127456962624748,0.037744834216549804
2019-10-15,0.02937245957269722,False,0.0424834437283631,0.048665529590689746,0.03005064833239737,0.037673834761874
2019-10-16,-0.0027794339910252766,False,0.042661499137159796,0.04885087110788466,0.03021405064562646,0.03784622164178525
2019-10-17,-0.010793628674769478,False,0.04265197288372091,0.04883863312181109,0.030209977958793807,0.03783880509272204
2019-10-18,-0.0008041817884136879,False,0.04259613780307674,0.04878290055215173,0.030153936718266314,0.037782890259424357
2019-10-21,-0.004838719118223221,False,0.042587987991999296,0.048771226110040505,0.030152875294096642,0.03777748258059825
2019-10-22,-0.010564909320216469,False,0.04255223342141774,0.04873477125779502,0.030118529060254674,0.03774227282305309
2019-10-23,0.0036697288889624017,False,0.042467713041034014,0.048647342755796505,0.030039857204435066,0.037660014935961376
2019-10-24,0.002439025599358789,False,0.042482463405558085,0.04866220878296284,0.030054374959772166,0.037674675315956974
2019-10-25,-0.011433362603847735,False,0.04249330060306597,0.04867307471197643,0.030065154375337223,0.037685490160603616
2019-10-28,0.011433362603847653,False,0.042455020446916195,0.04863447814390572,0.03002751055533052,0.03764745617017297
2019-10-29,0.008892540410191115,False,0.042484631640789916,0.048657065151582184,0.03007124809292682,0.03768253211974064
2019-10-30,-0.01255331325987237,False,0.04253035751244568,0.04870233460197425,0.030117891873571927,0.03772861308316499
2019-10-31,-0.021001389534387845,False,0.04248708653991874,0.04866040317725649,0.030071926935900276,0.03768429995410746
2019-11-01,0.030733826452618917,False,0.04242379371934299,0.04860023177598376,0.030002356627692732,0.03761857869649567
2019-11-04,0.003223209881568699,False,0.04262109394241308,0.048806458207984446,0.030181705348346455,0.03780893440674834
2019-11-05,-0.0008048290172870395,False,0.042584941683437155,0.048766104648418886,0.030154002326697713,0.03777605072304568
2019-11-06,-0.0162341227618834,False,0.042581513248590414,0.04876267834843112,0.030150569598435224,0.03777262062729725
2019-11-07,-0.0016380020042383583,False,0.042516166849680445,0.048695206866445774,0.030089496954963782,0.03770892752451442
2019-11-08,0.025491973144526565,False,0.042480139698411,0.04865706494242688,0.030057722824032226,0.03767454564802836
2019-11-11,0.011914358569901081,False,0.04263788168619813,0.048820747899915286,0.030203516925233084,0.03782766561312261
2019-11-12,0.03871950949463423,False,0.042704322484394014,0.04888781385995988,0.030268700460180348,0.03789362004084418
2019-11-13,0.015825499833797517,False,0.04297889412152164,0.049175390290383245,0.030517118152213477,0.03815807406203514
2019-11-14,0.03164355260004745,False,0.04307209723683207,0.04926980120773419,0.030607892256348246,0.03825033751787575
2019-11-15,0.0018093002945490874,False,0.04328029291752161,0.04948705000359347,0.030797881213432195,0.03845148995379893
2019-11-18,-0.008714652102443775,False,0.04327962161786907,0.049478248559739584,0.030813560450094774,0.0384571438355367
2019-11-19,-0.017660503151950363,False,0.04325530779372877,0.04945219441272492,0.030792746589995996,0.03843418396743769
2019-11-20,-0.004464293128685493,False,0.04319784131893496,0.04939729141504868,0.030730124705326836,0.03837472312976951
2019-11-25,-0.007152298511552654,False,0.04318132622710432,0.04938078900643561,0.030713584106272156,0.038358198170506036
2019-11-26,0.02167498905348052,False,0.04311979439549106,0.04932049088228907,0.03064957116507004,0.03829570652522696
2019-12-03,0.010315277711832799,False,0.04326312859375051,0.04946669459751308,0.030787134476593172,0.038436808264276104
2019-12-04,-0.007247790643971099,False,0.04317368423923157,0.04938399757406975,0.03068412056179959,0.03834211454493697
2019-12-05,0.01255485389607811,False,0.0431416701483814,0.0493524421827935,0.030651183980049436,0.03830974358981269
2019-12-06,0.002643007013353307,False,0.043206785178833605,0.049419054787506064,0.030713287238296628,0.038373693520531424
2019-12-16,-0.04419547279112168,False,0.04321428103948616,0.04942644147739059,0.03072100265232524,0.03838127431509082
2019-12-17,-0.004331568103538748,False,0.04310059998824168,0.04932723029369075,0.03057822124456749,0.038256335832902076
2019-12-18,-0.011111225425070722,False,0.04306455074489392,0.04929058699117297,0.030543366713858527,0.03822074876241544
2019-12-19,-0.028741099939323476,False,0.043011658901064925,0.04923487758521515,0.030496141270374574,0.03817004895738701
2019-12-20,-0.007419654813207107,False,0.0429205819347839,0.0491509203388443,0.030390745832482025,0.0380734329110153
2019-12-23,0.004128825023118396,False,0.04288503611447743,0.04911585160018714,0.030354240553076256,0.038037515925340146
2019-12-24,0.006570865531139048,False,0.04290837179880262,0.04913931792894695,0.03037731349832577,0.03806074996943287
2019-12-26,-0.01567688871787888,False,0.04294630655761048,0.04917762747679989,0.030414494518732422,0.03809839314562738
2019-12-27,0.03754010773991166,False,0.04288017511255814,0.04911372466157275,0.030343881075330773,0.03803052784597822
2019-12-30,-0.013709892159235331,False,0.04316560150661463,0.049411507715236135,0.03060445698621843,0.03830634086646394
2019-12-31,0.03078396189204432,False,0.04309099560204132,0.049337772815198126,0.030528099404069364,0.03823105732794698
2020-01-02,-0.0031545767485154324,False,0.04331221199632548,0.049565335608073614,0.030736552553561336,0.03844733627939234
2020-01-03,-0.005147506911456564,False,0.043289772949243514,0.04953817135913966,0.030723616361848685,0.038428573398203554
2020-01-06,-0.013991833299240801,False,0.04326799584689108,0.049515597524492076,0.030703441568139582,0.0384074161466387
2020-01-07,0.019534206948305922,False,0.04320233303891423,0.04945164901414314,0.03063433113550492,0.038340419630035656
2020-01-08,-0.012713719124056144,False,0.04332750827798175,0.049575112503190424,0.030762948875735406,0.03846692659571278
2020-01-09,0.020970105714865482,False,0.04325321264623524,0.049501763810362844,0.030686748854743328,0.03839189425373342
2020-01-10,0.013610943159053052,False,0.04340727451462603,0.04965941278004307,0.030833596702269747,0.03854316538855797
2020-01-13,-0.002320186655697198,False,0.0434846518540226,0.049738234773547794,0.030908068697200926,0.03861941879963862
2020-01-14,0.027493140580198708,False,0.04347876324514151,0.04973123917984082,0.030904406345954094,0.03861439141531231
2020-01-15,0.012724722592825505,False,0.04367734065865396,0.049936943752712445,0.031088650326376074,0.038807423960907535
2020-01-16,0.008516992791421516,False,0.043769448853428504,0.050027557904564694,0.03118376319148025,0.03890069450806531
2020-01-17,0.03086104414167363,False,0.04382917077362137,0.050087934638361524,0.031242168215767467,0.0389599069889765
2020-01-21,0.007479999256665702,False,0.0440064260158891,0.05027199524674503,0.0314057371834676,0.039131867715668144
2020-01-22,-0.005337141293837261,False,0.04405539041826032,0.050321417526937265,0.031453780747566475,0.039180475893081886
2020-01-23,-0.011482006301809913,False,0.04403847457399203,0.05030440882789826,0.031437051643565375,0.03916363228901661
2020-01-24,-0.013808358934910375,False,0.043981019314269225,0.05024775649138953,0.03137798162463971,0.03910555236202522
2020-01-27,0.0003658313558268845,False,0.04390347430975816,0.05017149881983091,0.031297847664303574,0.03902700582368741
2020-01-28,-0.01140347100744729,False,0.043906661236809745,0.050174733996660774,0.031300937556206415,0.039030155212831666
2020-01-29,0.008839836569141021,False,0.04386421085906128,0.0501319747095317,0.03125910842623914,0.0389879451638913
2020-01-30,0.026774392414519933,False,0.04392846364946297,0.05019661957952155,0.03132257270522135,0.039051892919787674
2020-01-31,-0.00860528795330894,False,0.04412962650873976,0.050404620630878014,0.03150998327362122,0.039247735725174336
2020-02-03,-0.015605470022904655,False,0.04410301150691063,0.0503738276964586,0.031491770513726244,0.03922437111851847
2020-02-04,0.008377393739901843,False,0.04401760501796742,0.05029025097775285,0.03140268417311315,0.03913754108426439
2020-02-05,0.011898463791614518,False,0.04407549203719736,0.05034885300668154,0.03145913323604666,0.0391948718321751
2020-02-06,0.02092645968249699,False,0.04414944743296662,0.05042437265848135,0.03152994275587573,0.03926761025037435
2020-02-07,0.017742681476657148,False,0.04430043106030439,0.05057953994966352,0.03167251261515182,0.03941533902367305
2020-02-10,0.013698844358161927,False,0.04440502406871178,0.05068737226423757,0.031770591053607904,0.039517411880091065
2020-02-11,-0.007511131249996392,False,0.04442169170626291,0.05070387098044985,0.03178759840893241,0.03953421093697284
2020-02-12,-0.004809353138044264,False,0.044359074208934014,0.05064077674936017,0.03172593967106404,0.03947196433435838
2020-02-13,0.028515170308021233,False,0.044275572936562264,0.05055485478376052,0.03164730665582897,0.03939034634023822
2020-02-14,-0.028515170308021233,False,0.0444644871708655,0.05075152315740804,0.03182062653733831,0.03957322792165566
2020-02-18,-0.0013783599701212709,False,0.04439957654625105,0.050693202340895686,0.0317424631469654,0.03950319048372267
2020-02-19,0.008583743691391435,False,0.044402721054224034,0.05069594070372616,0.031746424453599924,0.03950665096907976
2020-02-20,0.00477490675296038,False,0.04445069224781555,0.05074510523104181,0.031791995733252754,0.03955369375942561
2020-02-21,-0.005801074108272549,False,0.0444696159317159,0.05076392732587967,0.031811123722958023,0.039572696478731906
2020-02-24,-0.013436894672242556,False,0.044403772469724954,0.05069702160058856,0.03174741657912277,0.039507679448338176
2020-02-27,0.00176647281405321,False,0.04435317579682354,0.05064785194052676,0.03169395004011831,0.03945597257187415
2020-03-09,-0.005939141436961272,False,0.044247317229978086,0.050542908532319575,0.03158625099736266,0.03934940201957745
2020-03-16,-0.038608491252059854,False,0.0440919602879167,0.0504092344675619,0.03138728761192335,0.03917717598779106
2020-03-17,-0.029751450612795684,False,0.04425969734312999,0.05069697402170627,0.03131368759265398,0.03925155214383322
2020-03-18,-0.014776453123796145,False,0.04413232969704074,0.050577430592951104,0.031170584659897003,0.03911809732479234
2020-03-19,-0.030224522908726386,False,0.04405689205281801,0.050503905269690307,0.03109130114620872,0.03904117191151395
2020-03-20,0.006297816586990104,False,0.043926241206459646,0.05037996352200648,0.030947157628773113,0.03890530144481051
2020-03-23,0.012034912363371264,False,0.043963605792966765,0.05041742051317446,0.030984336380229127,0.03894259414129615
2020-03-24,0.007943554567515153,False,0.04403762366397384,0.05049220884768416,0.031056804771772216,0.03901601259840747
2020-03-25,-0.011939120371469077,False,0.04408916956812803,0.050544713005330595,0.031106423531937804,0.03906681298968929
2020-03-26,0.003109040923197061,False,0.04401489566769221,0.05046850021757188,0.031036048928586878,0.038994047526706606
2020-03-27,0.000886524880757052,False,0.04402802367265593,0.050480068664247896,0.031052313361858278,0.03900838885443733
2020-03-30,0.003538261099598604,False,0.044030847328538646,0.050482982475642466,0.031054955705954373,0.03901114237011691
2020-03-31,-0.0070890859578187256,False,0.04402687403045262,0.05047548793285687,0.031058063984518033,0.039009908569743706
2020-04-01,-0.00983028470194801,False,0.04399202097157087,0.050440682414224,0.031023115317422367,0.038975018524962296
2020-04-02,0.025710636070937543,False,0.043911249661553256,0.050358795564528616,0.030944587469705118,0.03889511509509972
2020-04-03,-0.009232864005231538,False,0.04412334832381505,0.05057751921470934,0.031143362616064523,0.03910205957445185
2020-04-06,0.044067605215258626,False,0.044072912291866904,0.05052744628900252,0.03109219634100651,0.03905134104900992
2020-04-07,0.01842598194636856,False,0.044463867273756105,0.05093538177823729,0.03144900181765612,0.039429085344052706
2020-04-08,-0.012946516181742957,False,0.04460002554948959,0.05107451116689696,0.0315791848869735,0.03956293211980246
2020-04-09,-0.03159955487220881,False,0.04452434606786314,0.05099806684092729,0.031505043584117244,0.03948784768041467
2020-04-13,-0.022818014998504412,False,0.04437347205821649,0.05085559675603009,0.0313372684379837,0.039330435490495426
2020-04-14,0.005312097484889884,False,0.04426312876032035,0.050749902088565425,0.03121757627753322,0.03921647559860446
2020-04-15,-0.026847250036188052,False,0.04428202918242779,0.05076570675701904,0.03124270257107491,0.03923778449009636
2020-04-16,0.013513719166722855,False,0.044134523819180496,0.05062118896284483,0.03108918890644774,0.039087954824126324
2020-04-17,0.06243900325528842,False,0.04421404962682469,0.05069934907688829,0.031171461261048698,0.039168543129499266
2020-04-20,-0.01738436827094392,False,0.04487714853206196,0.051396366436068305,0.03176634674974522,0.03980525377293535
2020-04-21,-0.017256683623312674,False,0.04477810921628552,0.05130030035713527,0.031661327956141856,0.03970390130478607
2020-04-27,0.002985713457076229,False,0.04466098000157912,0.051183998115345124,0.031542535615866736,0.039586128712352224
2020-05-14,-0.0249654873274015,False,0.044814609266805194,0.051339172403949696,0.03169305768394695,0.039738555962844084
2020-05-15,-0.005818802785337179,False,0.04504891997437717,0.0515772998855928,0.031919692475629716,0.039969897253425674
2020-05-18,0.002082032815403585,False,0.04501111205997851,0.05153929550056472,0.03188227968339393,0.039932242191465815
2020-05-19,0.012812739861591956,False,0.04502841622624092,0.05155543869538556,0.03190191867979538,0.03995044958339987
2020-05-20,-0.014061439295436908,False,0.045137052467627725,0.051665528658748405,0.032007631340324035,0.04005795484174853
2020-05-21,-0.025734387869506076,False,0.04504617773111374,0.05157641027116491,0.03191322440976048,0.039965713681061124
2020-05-27,-0.013033608931010592,False,0.044891492416676726,0.051427102818428216,0.031747723675467306,0.03980684443705238
2020-05-28,0.027547651815264605,False,0.044967681194306386,0.05150401882094736,0.031822449930825496,0.039882467440050785
2020-05-29,0.010239696268684302,False,0.04521860369693887,0.05176160142134612,0.03205997830812727,0.040128208444618105
2020-06-01,0.015767458252701236,False,0.04529017758646955,0.051833634342642536,0.032130629038686895,0.04019942521143234
2020-06-02,-0.037185080883628985,False,0.04538703596881112,0.05193053445166388,0.03222740350448579,0.04029625113078042
2020-06-03,-0.002918492794913206,False,0.04515750901126868,0.051709632336413375,0.031980531123096734,0.040060014121041085
2020-06-04,0.00041744939032435456,False,0.04513643054867264,0.05168861684323242,0.031959326022684365,0.04003888666878846
2020-06-05,0.0008343763521195829,False,0.045138327160016166,0.05169050266032979,0.03196124434234075,0.0400407916779615
2020-06-08,0.006235730037572212,False,0.045145198441301375,0.0516973718294309,0.03196811987144025,0.040047664602507534
2020-06-09,0.028999377428337737,False,0.04519351792416165,0.05174597526289518,0.032015868301125155,0.04009576317427058
2020-06-10,-0.005652013431346529,False,0.04544954651727249,0.05200947815238182,0.03225686533375001,0.040345976829888185
2020-06-11,-0.04470943286471526,False,0.04540525510860156,0.0519653318998902,0.03221228200142771,0.040301572490973776
2020-06-12,0.014291962478032456,False,0.045202839065408486,0.05178003570305816,0.0319754362282443,0.040085837356393664
2020-06-15,-0.017259952784821887,False,0.04531973795957221,0.05189779956924123,0.03209059557682755,0.04020206330985861
2020-06-16,0.0021208915691376296,False,0.04520570874903191,0.05178326449971158,0.03197758369950681,0.04008842765320694
2020-06-17,0.00801861228330188,False,0.0452188752504701,0.05179640560493942,0.03199080127527399,0.04010161391267564
2020-07-17,-0.053628528567473625,False,0.045282341876314455,0.051860448454509225,0.03205310905734936,0.04016463224147942
2020-07-20,0.026948422254383212,False,0.04512726436808487,0.0517855969208494,0.03173668905898288,0.03994713962365269
2020-07-21,-0.019568314956760632,False,0.04534099007168159,0.05200238412380457,0.03194425777997273,0.040158483507408464
2020-07-22,0.013239179905113212,False,0.04521035436534925,0.051873701315029414,0.03180969460056766,0.04002632846378273
2020-07-23,-0.0013614705983210744,False,0.045305138978814614,0.05196798418615225,0.03190548826826247,0.04012150342842135
2020-07-24,0.009941338087847758,False,0.04529588979662242,0.0519587533892756,0.0318962021113547,0.04011223994261377
2020-07-27,0.02749618898428291,False,0.04537416291860314,0.052037763740409866,0.03197299259148443,0.040189939506732913
2020-07-28,0.002184838098739503,False,0.045612386100126016,0.052279480583049424,0.032204189669712405,0.04042544465033026
2020-07-29,0.021589785037415245,False,0.045627908201263286,0.05229413151760438,0.03222146377431822,0.04044164451148233
2020-07-30,0.001280683205992564,False,0.04582851596020066,0.05249791804882981,0.03241567870301222,0.04063977921326076
2020-07-31,0.023609865639133667,False,0.04583972490684073,0.052509072547383996,0.03242699715022,0.04065103052003751
2020-08-03,0.028344473009142567,False,0.04606596404028564,0.05273781718740202,0.03264819745837511,0.0408753203911868
2020-08-04,-0.008133432393011756,False,0.046358731871584506,0.05303589680777231,0.032930282748508705,0.04116395569684384
2020-08-05,0.012981926739633349,False,0.046296379147217154,0.05297394629271897,0.03286712114082614,0.04110129005713271
2020-08-06,0.011621048434028516,False,0.046381979704056386,0.0530589108016836,0.032954000853805045,0.04118738545367958
2020-08-07,0.014240746991522203,False,0.04649679618873842,0.053173859839425644,0.03306855076097411,0.04130209881323522
2020-08-10,-0.020234770931732777,False,0.04662011367872111,0.05329887508426539,0.033188453895472196,0.04142409546472338
2020-08-11,-0.014940718059638857,False,0.046461881582874696,0.053143610082893325,0.033024254674719776,0.04126355499521376
2020-08-12,0.008507241909210449,False,0.04634797879235663,0.05302774403087481,0.032914300200204985,0.04115117960504671
2020-08-13,0.003221911768214195,False,0.04643213517284081,0.053110407811276024,0.033001458349324025,0.041236497215397676
2020-08-14,-0.020719814973616985,False,0.04646640654021927,0.05314474601514973,0.033035595301799676,0.04127071658456486
2020-08-17,-0.006176671891729174,False,0.046309150838499506,0.05298912183491124,0.03287505844656435,0.04111219157334017
2020-08-18,0.02246367686642817,False,0.046258982117291514,0.0529382756455018,0.03282625218193223,0.04106254991649342
2020-08-19,-0.012190317557369091,False,0.04649706407798697,0.05318083345639987,0.033055332758461994,0.04129714970470753
2020-08-20,-0.00245599795987015,False,0.046386370907961216,0.0530712072846928,0.03294249374768289,0.04118562641928138
2020-08-21,0.007756723928944918,False,0.04636826544603396,0.05305123997574757,0.0329281326470519,0.04116896945812091
2020-08-31,0.011449801909141135,False,0.04644933801541246,0.05313277511284768,0.033008274946297045,0.0412496821538401
2020-09-16,-0.061121853152252915,False,0.0479662339608606,0.05473750606436363,0.03434852587526309,0.04269824322944605
2020-09-17,-0.0007689350628771679,False,0.04769431441819143,0.05448091091778584,0.034045787433372214,0.04241440144006459
2020-09-18,0.01564618828755879,False,0.04767456732128138,0.054460862286296145,0.03402664675277815,0.04239488893443172
2020-09-21,-0.00455408756725096,False,0.047843640817569255,0.054632121232502794,0.03419132508984412,0.04256226216971396
2020-09-22,-0.028160009232455825,False,0.047818854365628514,0.05460685635573546,0.034167500798267025,0.04253784792812212
2020-09-23,0.009345862418237599,False,0.047599555597925655,0.054393373119280504,0.03393650641330258,0.04231402472775079
2020-09-24,0.00733735672582712,False,0.04769478119824912,0.05448963669592257,0.034029644539028896,0.042408442791537215
2020-09-25,-0.011999369831638426,False,0.0477843682007248,0.05457642269923406,0.034124864632064655,0.04250020894697117
2020-09-28,0.007371517376177298,False,0.04768152356042955,0.05447433292307819,0.034020501884191236,0.04239677702894895
2020-09-29,0.00038647343476209636,False,0.04777862285979056,0.05456994443694167,0.03412059326957233,0.042495033812471196
2020-09-30,-0.0163618765034394,False,0.047683552176266124,0.054469113630904974,0.03403710677077867,0.04240444445410141
2020-10-01,-0.015037877364540559,False,0.04754936304084384,0.054332830132899836,0.033907129608799894,0.04227188471453061
2020-10-02,-0.010420935988258757,False,0.04740056960653747,0.054185640833242295,0.03375511009864783,0.04212184327743647
2020-10-05,-0.00930992354835999,False,0.04730477079756357,0.0540903675399598,0.03365825442485287,0.042025635621830905
2020-10-06,-0.00898698859098632,False,0.04722032999406608,0.05400561627926256,0.03357443798195626,0.04194143635133132
2020-10-07,0.006136243430895871,False,0.04711480277950472,0.053900166203280475,0.033468755633966715,0.04183584912362703
2020-10-08,0.008527970465314083,False,0.04716816692344108,0.05395346590241378,0.03352224938287273,0.04188926340505896
2020-10-09,-0.0167180244353586,False,0.04724528403245642,0.05403075444970642,0.03359902171229877,0.04196624713658747
2020-10-12,0.004922077205428235,False,0.04709287477234299,0.05388045554291366,0.0334423683197625,0.041812196039967796
2020-10-13,-0.026115473804623188,False,0.04714429612812464,0.05393212394351011,0.03349329284361647,0.04186342519703482
2020-10-14,0.004191120971461888,False,0.04689840945388656,0.05369102433000429,0.03323777890958976,0.04161381423123339
2020-10-15,-0.020279528950529126,False,0.04693462254416585,0.053722869921843344,0.033282775477761276,0.04165342519726643
2020-10-16,0.007653098577717211,False,0.04672870516029031,0.053519246185692655,0.033072245338011994,0.041445723375434354
2020-10-19,0.026746266286070592,False,0.04680957606122385,0.053600556481735104,0.03315223257126301,0.041526252430799465
2020-10-20,-0.017891053456338138,False,0.0471342316969877,0.05393067751475846,0.033465896744371997,0.041846656035088824
2020-10-21,0.018715455811356002,False,0.04696846364231361,0.05376674067541747,0.033296445931795544,0.04167946331083202
2020-10-22,0.019180347225831767,False,0.047185025319975246,0.05398632099883981,0.03350693680973823,0.0418936765083786
2020-10-23,0.0020189790827573515,False,0.04733984411797434,0.054139613845876476,0.03366482444833943,0.04204968248293827
2020-10-26,0.00723475824458279,False,0.047315114566242676,0.05411225047141818,0.033645391778566146,0.042027002022352246
2020-10-27,-0.01818599322367115,False,0.04732314006528717,0.05411637259022248,0.033661267367201736,0.04203806431723249
2020-10-28,-0.031485616573566466,False,0.0471594661433073,0.05395518519944184,0.03349259278131422,0.041872455895632654
2020-10-29,-0.01569491389835652,False,0.046904261518258675,0.053704471341657206,0.0332283567723917,0.04161375749275882
2020-10-30,-0.019862483726274614,False,0.046656892834864475,0.05344812243465543,0.032999048220352725,0.04137337534513036
2020-11-02,-0.01582450604036872,False,0.04647341395073602,0.05326665660273996,0.03281152088609875,0.04118833032391014
2020-11-03,0.014515319730749597,False,0.04633821898206666,0.053132170585704686,0.03267490014450927,0.04105258379704308
2020-11-04,-0.006132301302063829,False,0.04647465823677216,0.05326948316479757,0.032809583056183575,0.04118834361298023
2020-11-05,0.015693434546046547,False,0.04641056564180604,0.05320272005909352,0.03275086112645032,0.04112632865211307
2020-11-06,0.00904204222916177,False,0.04657483365995334,0.05336773157841547,0.03291363388908241,0.04129001823282099
2020-11-09,0.024138372904126387,False,0.04653799467552947,0.053317518013507835,0.03290369252891753,0.04126358455554593
2020-11-10,-0.021569878341377274,False,0.046798231654880715,0.05357999814998213,0.03315941829406485,0.04152207637818914
2020-11-11,0.00596762214318349,False,0.046621811218392796,0.053406817804849994,0.032976481708531485,0.04134313517884155
2020-11-12,-0.005540180375615356,False,0.04665056609643395,0.053433644278262034,0.033009114801907775,0.04137339033889136
2020-11-13,0.010627092574286193,False,0.04660292510970355,0.053385998810250954,0.032961482827482784,0.041325752838558306
2020-11-16,0.11491305321170628,False,0.04666336652112899,0.05344356670961712,0.03302770316018115,0.041388429817342955
2020-11-17,0.04243396259982046,False,0.04851427114811914,0.05540454357440533,0.034657241464898264,0.04315369920184946
2020-11-18,0.022504968374339362,False,0.04896106126973573,0.05586649245288919,0.035073545804404214,0.04358869594262771
2020-11-19,0.029239813672693064,False,0.0491676411496473,0.05606486392851917,0.03529663360951016,0.04380166188959052
2020-11-20,0.015994896043151376,False,0.04925688520599353,0.0561511806143452,0.035391764901902,0.04389318341470953
2020-11-23,0.020054148004940736,False,0.049403477274385335,0.05629382156236069,0.03554630307009209,0.04404284942034725
2020-12-16,-0.05713634146462904,False,0.049433043469128427,0.056322347284851415,0.03557796175900576,0.04407322509344213
2020-12-17,0.00948998818484821,False,0.04988394687777339,0.05703928337203375,0.035493846739477176,0.044317157394831885
2020-12-18,-0.013869847864150502,False,0.04997640585570183,0.057124134932882646,0.03560160499699312,0.04441553487700184
2020-12-21,0.019364367181791152,False,0.049831365194238385,0.056980238504551806,0.03545426316781061,0.04426960401212536
2020-12-22,-0.00785858661252127,False,0.05005017486123358,0.05720225937897839,0.03566661477423245,0.04448591538770254
2020-12-23,0.008641059265903169,False,0.049921241977691634,0.05707079984955082,0.03554276322926032,0.044358948212657255
2020-12-24,0.01398081024747768,False,0.050018740088650454,0.057164523288735475,0.03564785258416173,0.04445938298538604
2020-12-28,-0.012808248065056255,False,0.050149054610842965,0.057295828282363626,0.03577617516884658,0.04458892692942678
2020-12-29,-0.020920439315314815,False,0.050021439707164064,0.057161098051531994,0.035662869902502926,0.044466847688311516
2020-12-30,0.035270113504455136,False,0.049829604643879304,0.05697222898996851,0.035465069911948324,0.04427270510151593
2020-12-31,0.002307693331816971,False,0.05023173673922475,0.057382979687549254,0.03584986913282763,0.044668131999374215
2021-01-04,-0.0197872605298849,False,0.050266025871006606,0.05741673316961808,0.03588523550996554,0.0447028378619683
2021-01-05,-0.015002255314487761,False,0.05008983727346533,0.05724277503783484,0.035704561221829724,0.044524913981490465
2021-01-06,-0.01120011707953632,False,0.04994948982710908,0.05710061302353355,0.03556786305380688,0.04438597825319395
2021-01-07,0.024241202908800514,False,0.049840282970829,0.05699176023707757,0.03545794412755933,0.04427649593367401
2021-01-08,-0.012245857159125876,False,0.05009433434937753,0.057248540351754945,0.0357065077437676,0.04452842437927649
2021-01-11,-0.014411778661303316,False,0.04997331424025685,0.05712329136837684,0.03559399232538865,0.0444106942975025
2021-01-12,0.007231851526495187,False,0.04982419820173352,0.05697567473693849,0.035441860828665926,0.04426041173332408
2021-01-13,0.0004002401494294996,False,0.04991408694070804,0.05706190679936957,0.035539103511326504,0.044353145334806596
2021-01-14,0.00040008002133967057,False,0.04991920849435638,0.057067048738247396,0.03554418406823152,0.044358251028923906
2021-01-15,0.010742096531902029,False,0.04989983352065363,0.057046820207236934,0.035526525683977996,0.04433954011537367
2021-01-19,0.024625047305389194,False,0.050038572709186435,0.057183301984096,0.035669804754047414,0.04448003555053082
2021-01-20,-0.008141157583699885,False,0.05036683265552247,0.057515726500912856,0.03598968933099304,0.044805055497298386
2021-01-21,-0.007423358957411713,False,0.05028246737041235,0.05743178504649627,0.0359044716798025,0.04472036047559946
2021-01-22,-0.008269391482506631,False,0.05020969906905146,0.05735883009983191,0.035832078740887466,0.04464773738265935
2021-01-25,-0.008338344917153807,False,0.05008843806691779,0.057236968114525756,0.03571202637625679,0.04452694394020044
2021-01-26,0.01464502723181178,False,0.050007261848120446,0.05715394634529942,0.035634561744678966,0.04444720354356556
2021-01-27,-0.016241196764633932,False,0.050201036520424985,0.057343292732658036,0.03583724214264209,0.04464442338299595
2021-01-28,0.002393299905840484,False,0.05002454046316843,0.05716847244137425,0.03565737595175509,0.04446662359440537
2021-01-29,0.00833172841929443,False,0.05002611062510698,0.05716915587461098,0.03566072941414705,0.044468883623552176
2021-02-01,0.0063017144343328725,False,0.050108992716022,0.05725215890297312,0.03574336828771291,0.04455167162618648
2021-02-02,0.02021055966203332,False,0.050125138291535365,0.057265936774801844,0.03576427555307094,0.044569659254548234
2021-02-03,-0.028093927253296,False,0.05037914772602739,0.057522894897637664,0.03601235487923362,0.04482137463518634
2021-02-04,0.001976675875872689,False,0.05010646926160804,0.057255722831188606,0.035728602495613215,0.04454441224109653
2021-02-05,0.02148939892196239,False,0.050133817439201304,0.05728306972373532,0.03575595325756412,0.04457176141844482
2021-02-08,-0.0038729715336640685,False,0.050417152193878455,0.05757032368224701,0.03603140609981316,0.04485204706666763
2021-02-09,0.001550989066248734,False,0.050359713998598246,0.05751273373788929,0.03597427308716454,0.04479472693084827
2021-02-10,0.036519843801738665,False,0.05031024106710038,0.05745988005176033,0.035931599192682406,0.04474788419701335
2021-02-11,-0.08901698656818474,False,0.05078521330765091,0.057946267297104545,0.03638361471244251,0.045213975663237725
2021-02-12,0.021810234479606477,False,0.05021653282595289,0.05743814407747244,0.03569314749633605,0.044598182158992875
2021-02-16,-0.0019996007462512416,False,0.05051329470251818,0.057738281479784125,0.03598312085169776,0.044892317905921984
2021-02-17,-0.020627627242851346,False,0.050453361993776015,0.05767672451973022,0.03592645467543025,0.04483364885055615
2021-02-18,0.042014581022008904,False,0.05023846543642532,0.057464117467628875,0.03570695369313999,0.04461697107805878
2021-02-19,-0.006683728439396982,False,0.050852990009886544,0.05809135774197227,0.03629590571537738,0.04522160294696363
2021-03-15,0.006196766537511399,False,0.0507876434618342,0.05802516858500326,0.036232253738460604,0.045156911941310926
2021-03-16,-0.0305786271054941,False,0.051066403177052855,0.05830796284124688,0.03650289958658047,0.04543253281874544
2021-03-17,0.0035763995998304874,False,0.05076052354547066,0.05800702545081141,0.0361870806118149,0.045122808166588764
2021-03-18,0.008295524561479596,False,0.050803034664859546,0.05804970419330827,0.03622925462430307,0.04516518887665934
2021-03-19,-0.019464368225841487,False,0.05092350953835625,0.05816723112999098,0.03635565809472722,0.045287957219326304
2021-03-22,0.0048019299954072114,False,0.05070987104852213,0.05795326794736892,0.03614267259469119,0.045074571337653746
2021-03-23,-0.023425950076293455,False,0.050784460516546316,0.05802742771670057,0.03621812622993096,0.04514949510751884
2021-03-24,-0.0049160279259815145,False,0.05051152802038285,0.05775833866671828,0.03593746417758696,0.04487357244369566
2021-03-25,0.0085872537503429,False,0.050444629778227945,0.05768509666325306,0.03588332387638731,0.04481160959259788
2021-03-26,0.000814000858946938,False,0.050559167897740315,0.057800211564835766,0.035996702029243086,0.04492569898068223
2021-03-29,-0.008990661296192526,False,0.050574308322140646,0.057809951216907476,0.03602270394907347,0.044945041158923595
2021-03-30,-0.03721943297876417,False,0.05045448250801167,0.05769072944596598,0.03590166334344411,0.04482474540445486
2021-03-31,0.00042598509696355105,False,0.05000364435282832,0.05725038296147019,0.03542972538506728,0.04436574482083941
2021-04-01,0.018565934122535193,False,0.05000614148007003,0.05724962464452201,0.035438769537445354,0.04437077465531202
2021-04-05,-0.023689771122404665,False,0.05029312865767024,0.05753935559232302,0.03572023871767708,0.0446556272035891
2021-04-06,0.029525552586506545,False,0.0499803561979148,0.057230803851120296,0.03539897796912099,0.04433957106155422
2021-04-07,-0.007090749208814676,False,0.05045520169521679,0.05771264239078505,0.03585975975607864,0.044808976032794295
2021-04-08,-0.014334140875291404,False,0.05034809773603346,0.05760573689235258,0.03575225667239842,0.044701717672875015
2021-04-09,-0.00042471863029609655,False,0.050100196584206294,0.057355323669584866,0.035509407547463075,0.04445577089036416
2021-04-12,0.005507321693761993,False,0.05009885080359875,0.05735344445821281,0.035509134549683324,0.04445484011424622
2021-04-13,0.017173196914727785,False,0.050183570236199376,0.057437351212100904,0.035595488360773773,0.0445401918038083
2021-04-14,0.005384150509346936,False,0.05043413729506093,0.05769001155602874,0.035841845613185826,0.044789130305116866
2021-04-15,-0.0033098913130267913,False,0.05050365295554714,0.057759616328289035,0.03591118206094687,0.04485857663741882
2021-04-16,-0.0020742591963200433,False,0.05042285401317027,0.05767705334574694,0.035833930780464866,0.044779150102929016
2021-04-19,0.011971247196494495,False,0.050379487402132724,0.057633212718175696,0.03579151746427132,0.044736152272626895
2021-04-20,-0.024087543322248516,False,0.05054131459115485,0.05779599027306588,0.03595143337210908,0.044897240085279594
2021-04-21,0.008371752536736839,False,0.05024548958605213,0.05750285219834348,0.035650204680223986,0.04459932467173911
2021-04-22,0.0012497398002342531,False,0.05034846335184373,0.05760570440951352,0.03575342290456451,0.04470239300596777
2021-04-23,0.003325023844771916,False,0.05037310630661086,0.05762960493283238,0.035779558963519684,0.044727613565936464
2021-04-26,0.01523603695797093,False,0.0504254162710528,0.05767903586678203,0.035837658947357416,0.04478216339103043
2021-05-14,0.005268502561377331,False,0.05065653043078895,0.057912128858028995,0.0360647934782361,0.04501173803708309
2021-05-17,0.025934028752245295,False,0.05080495421859695,0.05806139164194582,0.03621152996062791,0.045159509093224526
2021-05-18,-0.013880849484689265,False,0.05120336787839097,0.058465500604241244,0.03659848979524137,0.04555349185726786
2021-05-19,-0.014076242874809615,False,0.050987064187461024,0.058232831351228385,0.036415098892882816,0.045349920431125006
2021-05-20,-0.010177169053693525,False,0.05079935221329025,0.05804576434413719,0.03622608982515558,0.04516170667818278
2021-05-21,0.004897968975547156,False,0.05064720757953503,0.05789427038871215,0.03607263661194548,0.04500905582235287
2021-05-24,-0.027659141941223504,False,0.05073424980168894,0.05797991319132079,0.036162493207316945,0.04509718678072668
2021-05-25,-0.0037743806602892026,False,0.05036503079603383,0.0576149513854687,0.035784712545403816,0.04472465571069706
2021-05-26,0.01749315744751712,False,0.0503145572287008,0.0575632410808765,0.03573672618087646,0.04467514431418198
2021-05-27,0.003297612221556673,False,0.05061082159103166,0.05786178424740147,0.036028407639164324,0.04496963578669397
2021-05-28,-0.00743497848751809,False,0.0506741146809935,0.057924245460689076,0.03609337371664454,0.045033576069464246
2021-06-01,0.00784641646904729,False,0.05056827486322253,0.05781809903204241,0.0359881505241306,0.04492797479228458
2021-06-02,-0.0020588848121279027,False,0.05070214827090853,0.057952348746743515,0.036121267140625225,0.04506155543638975
2021-06-03,-0.0045445234173224,False,0.0506810051907634,0.05793045211620018,0.03610163952599288,0.04504099861189241
2021-06-04,-0.0024875634718017465,False,0.05052313350312962,0.05776686779522979,0.03595525651758938,0.04488757130324817
2021-06-07,-0.024796395476666743,False,0.05049173345991525,0.05773228091183988,0.035930265529950184,0.044858650593938953
2021-06-08,0.010582109330537008,False,0.05011617534062016,0.05735610016780299,0.035555959571526984,0.0444835768712711
2021-06-09,-0.011433535520754521,False,0.05030616039455927,0.05754559045731853,0.03574693964639983,0.044673946847623255
2021-06-10,0.014796296150755095,False,0.05012424351488449,0.057363900985438684,0.035564565426816026,0.044491853046664316
2021-06-11,-0.013944869960537478,False,0.050398605761586675,0.05763826442826577,0.035838925267990956,0.04476621436279176
2021-06-14,0.01938535209713537,False,0.0499950269850341,0.057219081852497564,0.035466727298397054,0.04437477520614904
2021-06-15,-0.009645702799576364,False,0.05032160494746758,0.057548415213949884,0.03578776387674136,0.044699209492140235
2021-06-16,-0.01101706058474,False,0.050176379343248236,0.057402972358199786,0.03564297518716401,0.04455415290771997
2021-06-17,-0.01545758557664281,False,0.05000493770657107,0.05723085023193881,0.035472902083366044,0.044383240686013216
2021-06-22,0.007768705450619489,False,0.049722070774384564,0.05694681722917671,0.035192380236189084,0.04410128094658022
2021-06-23,-0.012546130389511512,False,0.04977324602452041,0.0569840944907198,0.035271505736845093,0.04416326871081575
2021-06-24,0.007805763831236203,False,0.04956486895785058,0.05677506444808749,0.03506444187039939,0.043955399653758526
2021-06-25,0.015431082019735151,False,0.049705473014967194,0.05691614333761016,0.03520409099187078,0.04409563429539814
2021-07-02,-0.015168221473171317,False,0.04999362629962057,0.05720590328817329,0.03548901311005857,0.04438253760796478
2021-07-16,-0.008583743691391442,False,0.049567434580330985,0.05678405680952102,0.03505408267555327,0.04395296532929827
2021-07-19,-0.035537848061600756,False,0.04981085338054522,0.05702705820812782,0.03529834091231026,0.04419670886432832
2021-07-20,0.008007160218780812,False,0.049228933421840856,0.0564540775646221,0.03469844309316852,0.043607834196244116
2021-07-21,0.003538261099598604,False,0.04929630726433186,0.056511685733111994,0.034785456686621155,0.04368280564806724
2021-07-22,0.02269848651524188,False,0.049357446212044596,0.05657174597294684,0.03484876502418651,0.04374478382111544
2021-07-23,0.0017248818420608513,False,0.0497397234873778,0.05695383876005262,0.03523141332386903,0.04412720462668302
2021-07-26,0.030131708796085357,False,0.04976473314902053,0.056978823307887,0.03525647349190198,0.04415223382664997
2021-07-27,0.0004179728378509955,False,0.05029160635236327,0.05751028650822925,0.03577411575040927,0.04467553605229737
2021-07-28,0.014108117818228124,False,0.050295945867711696,0.0575146224654194,0.03577846242157126,0.04467987833586195
2021-07-29,0.0032908297900887647,False,0.05053133392333565,0.05775137540903681,0.03601110555039558,0.044914204520512604
2021-07-30,-0.028745990978358088,False,0.050590478887072236,0.0578106197044599,0.036070050748136996,0.044973272205062094
2021-08-02,-0.0012687673514242875,False,0.0501536707819252,0.05737969543472158,0.035621409659202755,0.04453188652720428
2021-08-03,0.02631181231708762,False,0.05013272079474392,0.05735863450120546,0.03560068279624067,0.04451102285530537
2021-08-04,-0.01369600159562207,False,0.050617004299046,0.057848592474556114,0.0360735543735277,0.04499089167210168
2021-08-05,0.00500209463148832,False,0.05037639190750905,0.05759930464988448,0.03585038914910179,0.04475702869199671
2021-08-06,0.004977198163621457,False,0.05045370046377618,0.05767658587731039,0.035927752666412606,0.044834358509864315
2021-08-09,-0.0024855025223119113,False,0.050527520007630014,0.05773952279969297,0.03602345825474028,0.04491664463845552
2021-08-10,0.023366506844107463,False,0.0504889564637761,0.057700899025549,0.035985015840047256,0.04487812795324279
2021-08-11,0.016476161341143877,False,0.050961106336512366,0.05817592730650338,0.03645137694484354,0.0453480384494509
2021-08-12,-0.000797448208128891,False,0.051292145833853456,0.05850894101795025,0.03677844609939233,0.04567754202540941
2021-08-13,0.015829376821163532,False,0.05123284703694564,0.058448347583869915,0.03672175094782952,0.04561925044494794
2021-08-16,-0.0011785505194442526,False,0.051559770835849256,0.05877458185083171,0.03705006146470222,0.04594671069369777
2021-08-17,0.024462489473488974,False,0.051533835873772346,0.058748668293965266,0.03702408345459782,0.045920759078553516
2021-08-18,0.00878371123830846,False,0.0520065216759291,0.05922688962362899,0.037485636755130426,0.046389138288513924
2021-08-19,0.004173787125321874,False,0.052203194458140964,0.059422149683193565,0.03768515066443371,0.04658691015664321
2021-08-20,-0.02336823438146907,False,0.05230087492952509,0.05951954680830595,0.03778340097362036,0.04668481106895934
2021-08-23,-0.0023282897595911845,False,0.05193470092803936,0.059155696081239925,0.03741255463400279,0.04631682958020645
2021-09-16,-0.01716460051663415,False,0.051935092369974685,0.059151968998795816,0.037421228841995266,0.046320425198244336
2021-09-17,0.003006390840131428,False,0.052586537662851464,0.05981268398406626,0.03805403185272317,0.04696465875116052
2021-09-20,-0.027388551061280537,False,0.052451882388099086,0.05967066609117832,0.03793418354230234,0.04683573152920297
2021-09-21,0.004617168648802838,False,0.05205171933349246,0.05927081743900062,0.037533388192842826,0.0464353238722445
2021-09-22,0.0178813971182858,False,0.0521242283198909,0.05934360471162709,0.037605337517694716,0.04650761635438089
2021-09-23,-0.015197860909431392,False,0.052491713655157826,0.05971379006769604,0.03796739284002686,0.04687300109697597
2021-09-24,-0.00807230983421172,False,0.05222550188962248,0.0594487679196044,0.03769878863436592,0.04660586381942877
2021-09-27,-0.01752040144475819,False,0.05200075285311844,0.059221953872150644,0.03747819254222399,0.04638272134346122
2021-09-28,0.003528723520452984,False,0.051671201356534704,0.05889394910670253,0.03714553041402335,0.0460519665035231
2021-09-29,0.013219477113732805,False,0.05175200099696128,0.058974518621337714,0.03722679286052273,0.04613294517981141
2021-09-30,0.024042371554215545,False,0.052027454436689935,0.05925119561192195,0.037499785616627354,0.04640744670762928
2021-10-01,0.02163456256799338,False,0.05246134075505254,0.05969017264033661,0.03792343400593059,0.046837372497901944
2021-10-04,0.015379285179487707,False,0.052674532948172696,0.059899998081400424,0.03814339707548266,0.047053183994803814
2021-10-05,0.001089522533780556,False,0.05296987793635437,0.060195825637443176,0.038437771571242355,0.04734815354939183
2021-10-06,-0.014625489218979014,False,0.052979913278590376,0.06020599639641723,0.038447534576821325,0.047358083538584866
2021-10-07,0.004043379888442034,False,0.05278524317690465,0.0600108266912501,0.03825386922790057,0.04716380212405707
2021-10-08,0.008765578404139007,False,0.052882320818570645,0.06010722865459075,0.0383523057265219,0.04726140543757629
2021-10-11,-0.025038126818993124,False,0.05291547002999979,0.060138325705508075,0.03838958203879227,0.047296151212013124
2021-10-12,-0.002613404511516876,False,0.05258632737790765,0.05980660847122773,0.0380656171299876,0.04696901156244363
2021-10-13,-0.027669000257656333,False,0.052541807525165025,0.0597620326947844,0.03802120974542224,0.04692453521785316
2021-10-14,-0.00694179416995809,False,0.05211093122376574,0.05933544270566271,0.037581713239655486,0.04649032420282768
2021-10-15,0.008861549031009252,False,0.052019951836963986,0.05924163981437054,0.03749641220388453,0.04640154147793202
2021-10-18,0.00115008638323731,False,0.05210475170043616,0.05932465908370956,0.0375847930209432,0.046487726628134135
2021-10-19,-0.01973366415695025,False,0.052124663960812063,0.059344644181875274,0.037604558797210356,0.04650758222134385
2021-10-20,-0.02132782264082364,False,0.05180543306312045,0.059026512734560437,0.037283116794418154,0.04618749596083326
2021-10-21,0.019763489118839718,False,0.051388440196050725,0.05861150606862978,0.03686212947742856,0.045768957846573435
2021-10-22,0.010899290458035638,False,0.05164668866015361,0.058865962355135505,0.037128004391441816,0.046030156591824134
2021-10-25,0.012694919481248724,False,0.05187282123078177,0.059091526645121316,0.03735527983150129,0.04625673127984338
2021-10-26,-0.013469512858475495,False,0.05213593769932285,0.05935459207414402,0.03761849894563857,0.046519887456685304
2021-10-27,0.008487705275951584,False,0.05192255977062392,0.05914106434745949,0.0374054222757295,0.04630662606951471
2021-10-28,-0.012369697728675926,False,0.05210532282968774,0.05932370383861488,0.0375884338422643,0.04648948526333524
2021-10-29,-0.010557282805876726,False,0.05183198151056588,0.059049761886518906,0.037316300456361334,0.04621661123143685
2021-11-01,0.00783089358054784,False,0.05164634051249128,0.05886464613325198,0.037129603138240076,0.04603056159747578
2021-11-02,-0.0426274455193815,False,0.051594632156727015,0.058800743418434775,0.03710241886293449,0.04598834034686466
2021-11-03,-0.013522025331973997,False,0.050899689818652,0.05811864375347723,0.03638164861972156,0.04528340652093991
2021-11-04,0.0065789710980425605,False,0.05066059385281257,0.0578766198127093,0.03614844110545349,0.04504658849409765
2021-11-05,-0.017780083852863195,False,0.05080013517727193,0.058015572335183785,0.036289166569824484,0.045186587901373886
2021-11-08,0.01490710834913816,False,0.05045953980483784,0.05767679725967801,0.03594491039749637,0.044844576353780946
2021-11-09,0.0,False,0.050766822654503385,0.05798576075062528,0.03624881330879567,0.04515055167916457
2021-11-10,0.016306924737893663,False,0.05077853769773825,0.05799615215533116,0.03626319032201534,0.04516329650164856
2021-11-11,0.004840671009312838,False,0.051109494935212246,0.05832955028213598,0.03658923868596182,0.04549235474847874
2021-11-12,-0.0060545089087062605,False,0.05121269870053615,0.05843275312145906,0.03669244431356637,0.04559555923422323
2021-11-15,-0.004870139496042774,False,0.05108723235618324,0.05830735143266863,0.0365668479403854,0.045470042588405736
2021-11-16,0.018940723392985002,False,0.051008463161960046,0.058226987722522314,0.036491285477784755,0.0453925139136855
2021-11-17,0.003586375631227653,False,0.051415914758906237,0.058635701282481016,0.0368961991404024,0.04579898371439728
2021-11-18,0.01500225531448775,False,0.0514563742562336,0.05867565006129173,0.03693768574394665,0.0458398405462832
2021-11-19,-0.023390560941122584,False,0.05177456949551653,0.058994919969083424,0.03725371971695384,0.046157199702824656
2021-12-14,0.021910109635744326,False,0.0513396291712215,0.058563401405102876,0.03681189788909652,0.04571959727880209
2021-12-15,0.016503924783047477,False,0.05206274350002693,0.05929680365057334,0.03751432218450616,0.04643470769803063
2021-12-16,-0.030926314706082855,False,0.052395428575062436,0.05963189854729994,0.03784216086615709,0.046765517952775504
2021-12-17,-0.01982618469968378,False,0.0518735933180832,0.05911628410936373,0.037307814917466424,0.0462388429527525
2021-12-20,-0.030083569463247518,False,0.051313451287085365,0.05854353293009629,0.03677303114968984,0.04568851072930631
2021-12-21,0.015154908109882731,False,0.05067665955276638,0.05790443711992885,0.03614087314324826,0.04505351154593325
2021-12-22,0.002436054797881121,False,0.05098168093591072,0.05821130612771288,0.03644217876772708,0.04535709549319726
2021-12-28,0.009704888139673228,False,0.051007703797156904,0.058236763331807766,0.03646933922230067,0.045383558430781346
2021-12-29,0.012000144003110558,False,0.051136512034553286,0.05836566859894672,0.03659795232314221,0.04551229117988293
2021-12-30,0.017343753625949317,False,0.05130194756791805,0.05852843551629479,0.03676875471126521,0.04567980287327004
2021-12-31,-0.01535765565431987,False,0.051619679224434646,0.058848758710266784,0.037081274525749615,0.04599551833621378
2022-01-03,-0.00836824967051658,False,0.05136093623893222,0.058589747268979954,0.03682307143178454,0.04573698420697386
2022-01-04,-0.014916624090553606,False,0.05121568767474269,0.05844447809567718,0.036677864314591045,0.04559175167649498
2022-01-05,-0.0020329342232197375,False,0.05095443753897863,0.058184593322824975,0.036413868296918804,0.04532943930027526
2022-01-06,-0.013934651704653408,False,0.05091891750835661,0.05814897938916475,0.03637853711473513,0.04529399232539922
2022-01-07,0.03964920637139402,False,0.050668327006068936,0.057899625326484676,0.03612546000824899,0.04504243988386393
2022-01-10,0.0,False,0.05149457200597343,0.058738968877311025,0.03692536250705893,0.045858494325215104
2022-01-11,0.02622972843287141,False,0.051479909806230205,0.058723970793624354,0.03691137580365118,0.04584409344025495
2022-01-12,-0.011268819461002387,False,0.051976424035327325,0.059226442909927464,0.0373959081233614,0.04633597248498785
2022-01-13,0.01935044897693968,False,0.05177745225206079,0.0590273266905496,0.03719722681561719,0.046137113071758155
2022-01-14,0.01898310610629136,False,0.05212816659289944,0.059382047089112766,0.03753988457213424,0.046484710734572415
2022-01-18,-0.010586110202727036,False,0.05247224228641209,0.05972953581513842,0.03787709631456969,0.04682613111851107
2022-01-19,0.009833664719520826,False,0.05228860954672477,0.059546326402230274,0.03769261222222434,0.04664216903427594
2022-01-20,0.001128456015931205,False,0.05242579444690893,0.059683329482041796,0.037830162781433994,0.0467794953891267
2022-01-21,-0.03208831455150051,False,0.05243313714927189,0.0596907241902011,0.03783740089491874,0.04678679763143297
2022-01-24,-0.03275100370068639,False,0.051866024678797265,0.05912450247823807,0.037268497019638594,0.04621899215859317
2022-01-25,0.004003207908216266,False,0.05132384248542405,0.058589094781592854,0.03671269063313612,0.045671539465758755
2022-01-26,0.003987246111817989,False,0.05124483954974893,0.058494117249639786,0.03666581421454274,0.045604964626879026
2022-01-27,-0.024981154015479626,False,0.05128170128177113,0.05852384711679953,0.03671701884289498,0.04564737488765903
2022-01-28,0.01739174271186924,False,0.05085268706126041,0.05809573429647731,0.036286191816097976,0.045217659385651164
2022-01-31,0.013540629026766266,False,0.051189340179336365,0.058434085310818125,0.036619430294304055,0.04555299155521856
2022-02-01,0.03307051025386435,False,0.051365776810178745,0.05860557908470404,0.036805807506785033,0.04573327368573003
2022-02-02,0.0015296370095334146,False,0.052001678256413206,0.05925096280539948,0.037422639146988464,0.04636179800500672
2022-02-03,0.0064749797730805315,False,0.05199948260253851,0.05924271905176021,0.037432606829013955,0.04636430772008123
2022-02-04,0.012825524732287936,False,0.052061173336675606,0.05930159315928899,0.03749996208207036,0.04642818976519204
2022-02-07,-0.01662925697153472,False,0.0522829279488927,0.059524059876425166,0.037720284579794636,0.046649390365983194
2022-02-08,0.017003999340544425,False,0.0518891733908607,0.059119199993832396,0.03734886394451049,0.04626427565375288
2022-02-09,0.03207648272902506,False,0.05213313301525949,0.05935737671063696,0.03760445357672766,0.046512734329901675
2022-02-10,0.010826522206201894,False,0.052668480958415066,0.05990119330063448,0.03812277022076974,0.04704149373956028
2022-02-11,-0.007204642115047506,False,0.05280271497806261,0.060035103458399325,0.03825765555918152,0.04717597972093234
2022-02-14,-0.03270546870435103,False,0.05266325533727233,0.059892799330360576,0.03812391646785532,0.047038733066451205
2022-02-15,-0.003742519338338223,False,0.05218865025038939,0.05942210639703979,0.03764144364734993,0.04656108435816444
2022-02-16,-0.021220955482885422,False,0.05210635365461945,0.05933755842133387,0.03756367480268634,0.04648053931637939
2022-02-17,-0.008461588947591248,False,0.051735685051056884,0.05896215918241286,0.037202519981820115,0.04611355110593071
2022-02-18,-0.00619916746979346,False,0.05159406390167393,0.05881990194765959,0.03706217806398453,0.045972424825426746
2022-02-22,0.014660756417384718,False,0.05148712872214438,0.058713157883920064,0.036954858531411804,0.04586534095947682
2022-02-23,0.0057284861636126855,False,0.05164730924774413,0.058865624447511714,0.037130552609148305,0.046031522880344705
2022-02-24,-0.018447871363608773,False,0.051738850716376905,0.058957027804309274,0.03722237183454913,0.04612317179878258
2022-02-25,-0.0007760962748885142,False,0.051345122165049724,0.0585538459560614,0.03684765481250991,0.04573679783013916
2022-02-28,-0.03355357196206384,False,0.05122603807186711,0.05841821967445532,0.0367618387212041,0.0456305834154985
2022-03-01,-0.003216729754013859,False,0.05071214352114979,0.05791232308463619,0.03623185946806651,0.045110466520849664
2022-03-02,0.0032167297540137475,False,0.05057247672773563,0.05776446684023541,0.03610866248286746,0.044977171048988296
2022-03-03,0.01316070839892338,False,0.05061192884727797,0.05780277500051466,0.0361504152193498,0.04501751315887558
2022-03-16,0.0040551555975541125,False,0.050849870697275375,0.058041579119449245,0.03638662295993637,0.04525478417114859
2022-03-17,0.013266526231379071,False,0.05049685233431224,0.05768966645975956,0.036031380916669624,0.04490090558066733
2022-03-18,0.01309282737929272,False,0.050734292058866114,0.05792871913120124,0.03626557684308041,0.04513709044658824
2022-03-21,-0.006326632411362025,False,0.05090573331285459,0.058095068045718304,0.036447259303054175,0.045312493496340735
2022-03-22,0.025456632143882864,False,0.050767238177878586,0.057953766609664545,0.03631440792131877,0.045176181639165584
2022-03-23,0.017251721708489962,False,0.05123706371664316,0.05842860234966011,0.03677415744234682,0.04564210928500193
2022-03-24,-0.018412487944452185,False,0.0515354104640369,0.05872910381185203,0.037068170841932244,0.04593877968304623
2022-03-25,-0.008163310639160981,False,0.05124163362307652,0.0584374505006212,0.03677012336946773,0.04564335075444821
2022-03-28,0.015492176615771047,False,0.05108848909971001,0.05828307864425405,0.03661944713599876,0.04549116108546843
2022-03-29,0.014119677430873487,False,0.05136185878601613,0.058558261146111346,0.036889171068211477,0.045763120417061966
2022-03-30,0.004536869785701364,False,0.0515983496686834,0.05879515752800569,0.037124846451218003,0.045999295824861716
2022-03-31,-0.00037728730875762523,False,0.0516493111666349,0.05884211784541186,0.03718385472499406,0.04605337020643468
2022-04-01,-0.019432884338777674,False,0.05163884251327998,0.058830944164662884,0.03717480395251852,0.04604345005825287
2022-04-04,-0.014338552184810737,False,0.051317844144436534,0.058511061980892565,0.03685156082341983,0.04572158330714241
2022-04-05,-0.010989121575595206,False,0.051052555693012105,0.05824334554083652,0.03659115530092148,0.04545818380973014
2022-04-06,0.005902043495031137,False,0.05081444723483626,0.05799871609283674,0.03636616120803685,0.0452251486248517
2022-04-07,0.009759983779956504,False,0.05090367225618219,0.05808651361707638,0.03645825706939472,0.04531548422651549
2022-04-08,0.017713208599070662,False,0.0509552654499223,0.05812389688681244,0.03653842784708774,0.04537813261738891
2022-04-11,-0.0015278841780531757,False,0.051244901573351445,0.05841285980552587,0.03682941785279485,0.045668292488224516
2022-04-12,-0.01269491948124878,False,0.05118914321491328,0.05835299466049956,0.03678191865453698,0.045615729173989504
2022-04-13,0.0,False,0.050953352551082416,0.058115365184663766,0.03654982602627827,0.04538136908988586
2022-04-14,0.0,False,0.05092644685810811,0.058084951154822456,0.03652997595100631,0.045357192852443044
2022-04-18,-0.022710451386380254,False,0.050920113231907135,0.05807799084063821,0.03652490265726377,0.04535134678403577
2022-04-19,0.0,False,0.05045220218806742,0.05760080656835541,0.03607564100692333,0.0448906502311723
2022-04-20,0.004346973847656346,False,0.050448050958795974,0.0575958692042162,0.03607307077380467,0.044887110607982214
2022-04-21,0.0015760444554657142,False,0.05051549271322085,0.057662382564614784,0.03614237962183401,0.044955274644874976
2022-04-22,-0.013476224556568677,False,0.05053431571649299,0.05768046907620816,0.036162683783821314,0.04497467063225973
2022-04-25,-0.029973892369956026,False,0.05028330992814635,0.057429048739006866,0.03591251169484513,0.044723987359312066
2022-04-26,0.0501207322051289,False,0.049750568757181736,0.05690161770271383,0.03536909130987945,0.044187114949814296
2022-04-27,0.005849110066323406,False,0.05084748912802182,0.058018878474472416,0.036425105092146776,0.04526821066586662
2022-04-28,0.011212180091141437,False,0.05095469323885119,0.05812554833933307,0.03653338362526148,0.045375830415407374
2022-04-29,-0.0015390537859030608,False,0.05106255848031272,0.058223473783068296,0.03666123879797928,0.04549142873294292
2022-05-16,0.008821228010798498,False,0.05089297270420559,0.05803619367599013,0.03652723809809571,0.04533560899224675
2022-05-17,0.003188524024627089,False,0.0503176250358875,0.057468287857461164,0.03593692412263529,0.0447544716295973
2022-05-18,-0.01725910792156931,False,0.050374849353859275,0.05752556926989916,0.03599403361790281,0.04481165152857155
2022-05-19,-0.005277057100843781,False,0.05007975764292937,0.057232414048353435,0.03569504743238356,0.04451505324576395
2022-05-20,-0.011461443519006652,False,0.04994110839126007,0.05708989319118903,0.03556418436810255,0.0443794160694554
2022-05-23,0.009016454525939983,False,0.04973847823780197,0.05688777454600989,0.03536052552013624,0.04417638796701054
2022-05-24,-0.00408831313515256,False,0.0498931212840765,0.057042098526370294,0.035515810240000646,0.04433127924378779
2022-05-25,-0.0140266326098881,False,0.04978032764406441,0.05692579374783688,0.03541007785209906,0.044221217238969865
2022-05-26,0.023404886870338374,False,0.04952497648604812,0.05667139405945423,0.03515281319311494,0.0439651258458641
2022-05-27,-0.0008120179090115837,False,0.049989812640179175,0.05714072466649871,0.03560861055116107,0.044426465354766805
2022-05-31,0.013715422744919424,False,0.04997459986379068,0.05712543620366352,0.03559354998781632,0.04441131146177474
2022-06-01,0.011155494171785452,False,0.05023696685271621,0.057389514558151736,0.03585247524876162,0.044672347023195294
2022-06-02,-0.01557228513037468,False,0.05044568481319759,0.05759941454410045,0.03605881603734418,0.044880145378156336
2022-06-03,-0.006459449185549573,False,0.05015641789600338,0.05731034415928951,0.03576915387379388,0.04459072556047935
2022-06-06,0.0076659645138905585,False,0.04991959859957815,0.057059505748248404,0.035560528424483276,0.044364813013145016
2022-06-07,-0.0052387788562794175,False,0.05001571362409919,0.0571494107476985,0.0356691324329541,0.04446575938309355
2022-06-08,-0.00689238487681059,False,0.04991363026671519,0.05704726921729344,0.03556716606735646,0.044363721283813363
2022-06-09,-0.0122801379465912,False,0.04975594990745352,0.05688676493216404,0.035415164906557696,0.04420823791428568
2022-06-10,-0.017868748856947263,False,0.04943111868408148,0.056552147219349216,0.03511001529609051,0.04389102049447811
2022-06-13,-0.021615590475940295,False,0.04908218745478864,0.05620449733264336,0.03475850715819901,0.04354109239181067
2022-06-14,-0.003433479767891519,False,0.048671952198727414,0.05579780041747859,0.03434115594331962,0.043128104337344354
2022-06-15,0.0025762143917732456,False,0.04855159720796043,0.05567360131818833,0.03422853184076965,0.04301074002953347
2022-06-16,-0.001287277586041996,False,0.04841873886850472,0.055521252012790456,0.03413487179085979,0.04289304549185093
2022-06-17,0.024598356454489108,False,0.04839209384289682,0.05549149213223762,0.03411449105130047,0.04286882379626563
2022-06-21,0.01207593271587543,False,0.04889786028962898,0.055997248764256435,0.03462027723640665,0.043374597878759316
2022-06-22,-0.007061296215011015,False,0.049152687938575176,0.05625052043298361,0.03487823411780512,0.043630636066766225
2022-06-23,-0.008371752536736849,False,0.04900576113370368,0.056103886844466946,0.03473071762540299,0.04348348114212403
2022-06-24,0.0008403361839050543,False,0.04882186115914121,0.055919938850428924,0.034546914222827345,0.04329961852629538
2022-06-27,-0.00843530940134985,False,0.04879625089945261,0.05589021945612008,0.0345295678454474,0.04327720513755847
2022-07-15,0.05445027131087037,False,0.048566198148514844,0.05565634215767712,0.034307206643555216,0.04305012785127509
2022-07-18,0.003440863609903911,False,0.04818260566685507,0.05527432033721686,0.03392045540451728,0.0426653134088796
2022-07-19,0.007698925966682483,False,0.04821386752760669,0.055302243455131975,0.0339584318123474,0.04269917278248381
2022-07-20,0.008907800152872736,False,0.04838387914708476,0.05546733486890549,0.03413833845952215,0.04287301227915425
2022-07-21,-0.027398974188114388,False,0.04859057353450704,0.05567398649065005,0.034345118853016304,0.04307973993790139
2022-07-22,-0.0030428191266835825,False,0.04798664333729532,0.05506240107963104,0.033756584059410726,0.04248176543036915
2022-07-25,0.03381447779343737,False,0.0479324029460873,0.05500684993525145,0.03370497972443999,0.042428544793714405
2022-07-26,0.010050335853501506,False,0.048700061619784074,0.05578296422806137,0.03445563329909397,0.04318962506937377
2022-07-27,-0.01892800988551891,False,0.048914872949015385,0.055998435982777824,0.0346691164463631,0.04340392259332871
2022-07-28,-0.016267482018141915,False,0.048514856067148206,0.05559529155102531,0.034275389381344314,0.04300633891803722
2022-07-29,0.002586208338032851,False,0.04819402525595723,0.05527577912928307,0.03395190715659594,0.042684482411335836
2022-08-01,0.006864033813769967,False,0.048202371579397205,0.055280817163264356,0.03396690678231389,0.04269540255516566
2022-08-02,0.0004274417675681524,False,0.04835447454837027,0.05543292791604654,0.03411899409726525,0.042847499468403
2022-08-03,-0.025536986067359102,False,0.0483681546853126,0.0554454859229039,0.03413493095047858,0.04286205261277979
2022-08-04,0.029375762374524748,False,0.047784381280944796,0.05486011300648712,0.033554374325444024,0.04227952361485734
2022-08-05,-0.01890902922816386,False,0.04845166916749913,0.05553377944255714,0.03420883430846909,0.042941849045433696
2022-08-08,0.015070252920998173,False,0.04805068486416056,0.05513489908999053,0.033803618748876,0.04253922788671601
2022-08-09,0.009781068835160691,False,0.048049307472194096,0.055096971096141485,0.03387574828724428,0.042566286544726835
2022-08-10,0.014703058400551677,False,0.04824980578053326,0.055296519179811474,0.034078157592802694,0.04276752411958394
2022-08-11,0.0045766670274118935,False,0.04826784493959995,0.0552614466220346,0.03420300974724827,0.04282688373185125
2022-08-12,-0.023945693596353807,False,0.048342675636826614,0.05533482024400377,0.034280770769118826,0.04290284802093985
2022-08-15,0.0033955890011381075,False,0.047838432823602624,0.05483314943585655,0.033771355395437234,0.04239660421016348
2022-08-16,-0.011506625998225798,False,0.047895883917332564,0.054889795641242724,0.03383042520044319,0.0424546815000158
2022-08-17,0.02831374431460709,False,0.04763678376148653,0.054630909573552607,0.033570894491819575,0.04219541478544877
2022-08-18,0.000832986303891771,False,0.048284296612531544,0.055283869393021934,0.034207452942447675,0.04283868994249257
2022-08-19,-0.01679300588262123,False,0.04829927770158777,0.055298779672581545,0.03422257643651139,0.042853726120720546
2022-08-22,-0.005944815809320505,False,0.04793391203284486,0.05493079320882574,0.033862481449686455,0.04249039940767544
2022-08-23,-0.020654779030746025,False,0.04781026439194931,0.05480548106333622,0.03374218129465788,0.04236804673685928
2022-08-24,0.0433926007226878,False,0.04733913196518737,0.05433419501342412,0.033271357819475794,0.041897033827570394
2022-08-25,0.006639028534809085,False,0.04838764171501241,0.055397415167218515,0.034290283469885864,0.04293409901120738
2022-09-02,0.019950786419348693,False,0.04852143270254919,0.055530746537069915,0.03442499879473692,0.04306824757730096
2022-09-06,-0.019531059235852053,False,0.04856663430969401,0.055569190106779506,0.034483791493720606,0.043118706878720534
2022-09-07,-0.03197884947075192,False,0.04800588911908789,0.054995382790046184,0.033949315550289676,0.0425681239084947
2022-09-15,0.027318361996052608,False,0.04728571027870997,0.05428150989070676,0.03321645482932056,0.041843039100901785
2022-09-16,-0.02179465982742032,False,0.04831396865224897,0.0553111771637327,0.03424187976452747,0.042870201362908825
2022-09-19,0.003806306139129676,False,0.047767629425240946,0.0547659191223197,0.03369336616472886,0.04232302098292296
2022-09-20,-0.005927197708267384,False,0.047859619132496575,0.05485470716690647,0.03379179473708201,0.04241750155585447
2022-09-21,-0.001274697432000584,False,0.04765316651933359,0.05464327290495892,0.033595360719818904,0.04221492462206503
2022-09-22,-0.0132679027440805,False,0.047624601216642484,0.054614675531476115,0.03356685991471006,0.0421863842701706
2022-09-23,-0.0324021340891079,False,0.047297654385287664,0.054289202670734435,0.03323694878045475,0.04185829070251429
2022-09-26,-0.0017817376651208365,False,0.04650361427475864,0.05350255055260628,0.032428050675398855,0.04105850279823297
2022-09-27,0.018989309834547635,False,0.0464754371752088,0.053463469779960755,0.03242180195725332,0.04103880866140099
2022-09-28,-0.001751313932735063,False,0.04677955457626109,0.05375542217679425,0.03275038440324536,0.041352390329801064
2022-09-29,0.019527632880270797,False,0.04664802045193299,0.05361850253153339,0.0326296811022589,0.04122504609386085
2022-09-30,0.011536124517930346,False,0.04713022801152936,0.054100399422113817,0.033112513448439775,0.04170749535124627
2022-10-03,-0.007247953281364108,False,0.04743573606867961,0.05440639234277388,0.03341704639638796,0.042012626188808154
2022-10-04,0.009793563480797834,False,0.047248195995503894,0.05421602591846701,0.03323519039912339,0.04182728499220024
2022-10-05,0.01346821705086661,False,0.047515836055944095,0.05448228381788125,0.03350561012416592,0.0420960003618826
2022-10-06,-0.007974858634758757,False,0.047877092627543756,0.05484384566078545,0.033866252764520675,0.04245701943506567
2022-10-07,0.009645702799576302,False,0.04766882476179334,0.05463585448098385,0.0336574284555459,0.042248536310056505
2022-10-10,-0.01598687813802378,False,0.04792462552503796,0.05489136296057637,0.03391381703056232,0.042504564467437216
2022-10-11,-0.0046758852462927365,False,0.04752996778324386,0.05449878242495911,0.03351498181857983,0.042108290677326105
2022-10-12,-0.012433171951326536,False,0.04741299370992001,0.05438201596515442,0.03339759021362303,0.04199115508249228
2022-10-13,0.02849437942274468,False,0.04709599977438306,0.05406622424414349,0.03307817850396306,0.04167322583452311
2022-10-14,-0.0033599359622477044,False,0.04780863588277882,0.054779202426809795,0.03379012666665399,0.042385595812115213
2022-10-17,-0.015688259008446802,False,0.04769912049596261,0.05466837825988589,0.0336832433680455,0.04227709864482577
2022-10-18,-0.015070252920998166,False,0.0472383404491925,0.05419257020794631,0.03325268614859328,0.04182801025521169
2022-10-19,0.001300672197241353,False,0.04687761154346226,0.05383098305370454,0.03289368326679421,0.041467949059349696
2022-10-20,0.008628181223338189,False,0.04690372801488692,0.05385684940252297,0.03292030275989414,0.041494260123983905
2022-10-21,-0.009495108022324072,False,0.04707010411914644,0.054019832800927044,0.03309350193628153,0.04166327572385483
2022-10-24,0.013353633709853615,False,0.046844318239192016,0.05379423878353336,0.03286733020145307,0.04143734057649892
2022-10-25,-0.017699577099400975,False,0.0471901163062412,0.054140920883803706,0.033211350388931075,0.04178245087340033
2022-10-26,-0.007870613432329579,False,0.04662630225927185,0.05356858486930708,0.032664674874327206,0.0412252668429568
2022-10-27,0.015679763746494414,False,0.04643919015907036,0.05338007700619646,0.03248036979348081,0.041039240634144124
2022-10-28,-0.005199318471793883,False,0.0468369321629511,0.053779476072388664,0.032874779278671974,0.041435693457976465
2022-10-31,0.01423358082116963,False,0.046676493958873445,0.053618028390658434,0.0327163712355126,0.04127604061872184
2022-11-01,0.005552010844989423,False,0.04700150108549383,0.053940287538820346,0.03304690482273019,0.04160318564865317
2022-11-02,0.013116329354970537,False,0.047156318827410136,0.05409499792654966,0.033201938464695685,0.041758086911192094
2022-11-03,-0.002946750185341651,False,0.04738805458813643,0.05431520704072406,0.033456855468997806,0.041998790302560235
2022-11-04,0.025802513429856504,False,0.047191762260386926,0.0541076539197418,0.03328320972710574,0.04181125877388538
2022-11-07,0.029151861908541132,False,0.047937234298074415,0.05485579230110434,0.0340233194799422,0.042554656419412536
2022-11-08,0.012294424143268371,False,0.04877475576919825,0.05569539896495609,0.03485664741912158,0.0433905556287522
2022-11-09,-0.0019727763352150396,False,0.04912122152449473,0.05604342479802008,0.03519997570138431,0.043735807657130914
2022-11-10,0.010216198874721097,False,0.04906843603997024,0.055990608638050915,0.035147251908259125,0.043683046037835266
2022-11-11,-0.014966801633318984,False,0.04935506176457894,0.05627755417291228,0.03543323446233839,0.043969422952852326
2022-11-14,-0.009168890225695739,False,0.04894575811905299,0.055868092445370436,0.03502424873561898,0.043560242293758135
2022-11-15,0.0012007205765188873,False,0.04868545665775089,0.055608154549366545,0.03476321610799756,0.043299657981820006
2022-11-16,0.001199280575482187,False,0.04870491171174381,0.05562619324707864,0.03478551959668381,0.04332021494866561
2022-11-17,-0.030422139252385298,False,0.04870720070636004,0.05562497589583802,0.034794860204881026,0.043325231849824744
2022-11-18,-0.006611594332312818,False,0.04786550918342151,0.05478552139018795,0.033948669815562445,0.042481799946916025
2022-11-21,-0.010418931508246002,False,0.047643022155792955,0.0545601073283398,0.03373206934764522,0.04226159012642132
2022-11-22,-0.0025167798519673437,False,0.04734827038528613,0.05426610609136897,0.033435808178838435,0.041966254447359234
2022-11-23,0.006697387947521523,False,0.04727945867003119,0.05419717251214891,0.033367241544253384,0.04189753754120795
2022-11-25,0.01654981919082176,False,0.04747005525079758,0.05438486800261498,0.033563672508904505,0.042090391144964934
2022-11-28,0.00041025641601061464,False,0.047937344046132827,0.05485295994194758,0.03402934610101952,0.042557055101264125
2022-12-05,-0.023167059281534418,False,0.04793592574656498,0.054850555440432276,0.03402991115258993,0.04255640405822342
2022-12-15,0.0172314421828827,False,0.047824066208690515,0.05473445354987347,0.03392658341192705,0.042447845033794424
2022-12-16,-0.016827320132525178,False,0.048892749130527546,0.05581221738406244,0.03497700370723402,0.0435094630848994
2022-12-19,0.009650255832161768,False,0.04840591179330968,0.055326448892834446,0.03448801681341053,0.04302179419480905
2022-12-20,-0.00040024014942944305,False,0.04869005736043075,0.0556112273149773,0.03477088964553948,0.04330544740623415
2022-12-21,0.012333555984442239,False,0.0486440998520318,0.05556043369125123,0.034734658050644907,0.0432632523534462
2022-12-22,0.029992511014825363,False,0.04901270059024605,0.05592939148788845,0.03510254070851927,0.04363157530331669
2022-12-23,0.008406621919710765,False,0.04995058382277121,0.05687515043242895,0.03602458509340225,0.04456333130047663
2022-12-27,0.0019007798918083407,False,0.05015599760157528,0.05707951113945195,0.0362321167052942,0.04476956435995609
2022-12-28,-0.004567956172903075,False,0.05020334469967732,0.05712254760203012,0.0362881329242542,0.04482026509495813
2022-12-29,-0.01654201982427367,False,0.04999412313375958,0.056908009031550626,0.036089604388376446,0.044615180112288266
2022-12-30,0.008497540510440719,False,0.04953561597491811,0.05645061853173362,0.03562885151611602,0.04415580420244978
2023-01-03,-0.010827638652063392,False,0.04975126425081811,0.05666485686832069,0.03584733532154258,0.0443725493988573
2023-01-04,0.011980819637055315,False,0.04944602042380277,0.05635988518891463,0.03554154417835936,0.044067093843371846
2023-01-05,0.005363997535580441,False,0.04979478359710132,0.05671024153104115,0.03588710332917903,0.04441461754519575
2023-01-06,-0.004595948342678513,False,0.04994526851915688,0.05686105335353144,0.03603693082163712,0.044564848141559775
2023-01-09,0.03210851840841752,False,0.04973726976353779,0.05663839078766074,0.0358584224607883,0.04436825770262211
2023-01-10,-0.03249246926742488,False,0.0506853780799533,0.05759506902059677,0.03678929581459845,0.04530969869861257
2023-01-11,0.011075156167849595,False,0.04977970716440199,0.05669308555563181,0.0358762090656709,0.04440115897861589
2023-01-12,0.0026550366440525556,False,0.05009996579488063,0.05701443642926697,0.03619427108549251,0.04472056785343014
2023-01-13,0.004158010148663677,False,0.05017191801933161,0.05708625033542382,0.03626650148192116,0.04479262768830945
2023-01-17,-0.003779293991893329,False,0.05027299877410906,0.057182439581246025,0.03637741955235105,0.044897513994458196
2023-01-18,-0.007983315541989684,False,0.05015347187022159,0.05706274408884194,0.036258231696898,0.044778118250968564
2023-01-19,-0.019268418865877032,False,0.04992348571398867,0.05683289476705975,0.03602797035284549,0.04454802563872455
2023-01-20,-0.00038918077938190427,False,0.04930370018284321,0.05620669231031787,0.03542108990338091,0.0439332324198137
2023-01-23,0.01506692593665995,False,0.04928756536934243,0.05619026781523752,0.035405537668622776,0.04391732297605923
2023-01-24,-0.008858136104014043,False,0.04973028196104975,0.056634567491322535,0.03584507051869325,0.0443588079419064
2023-01-25,0.002704270529635801,False,0.049451943836874394,0.05635221207277623,0.03557481157686374,0.04408359523776854
2023-01-26,0.014173767257715934,False,0.04952794096584997,0.056427906278197354,0.035651417915523086,0.04415982803863158
2023-01-27,-0.0007610350443413372,False,0.04991558568751365,0.056815061285463875,0.03604004750201037,0.04454785375383175
2023-01-30,-0.006109220986410996,False,0.04988802540853534,0.056786701781773696,0.036014094544175645,0.04452091526471952
2023-01-31,-0.011556368980514941,False,0.04971065861742135,0.05660939856682844,0.03583659989500284,0.044343499011899885
2023-02-01,0.004252857753551374,False,0.049370321609447355,0.05626780999373488,0.03549877991015059,0.04400413571069011
2023-02-02,-0.0034782643763248086,False,0.04948188123897655,0.05637895523764251,0.03561117291077214,0.04411601772862438
2023-02-03,-0.005434795985956945,False,0.04930587213431973,0.056190826816844605,0.035459536967743385,0.043949437346388745
2023-02-06,0.003109213542481437,False,0.049141555709355675,0.05602681309687069,0.035294611772650364,0.04378488541957836
2023-02-07,0.001550989066248734,False,0.049193544071779775,0.05607482764106251,0.03535459188254012,0.04383996537798266
2023-02-08,-0.0007751938372690744,False,0.049213012547006094,0.05609183821131396,0.035379003451462596,0.043861346081875655
2023-02-09,-0.0003878223822120318,False,0.04916077582182205,0.05603592756974287,0.03533415534102109,0.0438119676316478
2023-02-10,-0.00544536545857206,False,0.0491384334199764,0.05601270173570485,0.03531358961001739,0.043790312532354776
2023-02-13,0.021987385282845634,False,0.04897692667052908,0.055850743206558646,0.035152991434906515,0.04362915726357903
2023-02-14,0.0,False,0.04962846419416927,0.05650627397440295,0.03579649814350118,0.0442775880780021
2023-02-15,0.026728487441212107,False,0.049574296308917756,0.05644473452316183,0.03575715521761413,0.04422915520689795
2023-02-16,0.002967361227802008,False,0.0503748604938805,0.05725129660308696,0.03654565703357481,0.0450250530818104
2023-02-17,0.008115131218991028,False,0.05045398458558482,0.05733067127259351,0.03662427718815897,0.04510398222616664
2023-02-21,0.0036670374792693397,False,0.050676719449805,0.05755403206086519,0.03684575325626423,0.04532623012692539
2023-02-22,0.0021937851577136127,False,0.050766650934667486,0.05763958890865029,0.03694448257553502,0.04541956504133918
2023-02-23,-0.003292485140055723,False,0.05080912224163903,0.057682207388584775,0.036986657902900885,0.04546192184902717
2023-02-24,-0.00809423109403728,False,0.05070113420175559,0.05757407863436351,0.03687895285367955,0.04535404328367319
2023-02-27,0.0029509427537345928,False,0.05047664598908252,0.057349139718018895,0.036655371051343894,0.045129905714531786
2023-03-02,-0.014388737452099556,False,0.05054619108014701,0.057413510100504696,0.0367353230009389,0.04520347668380849
2023-03-03,-0.010929070532190317,False,0.051029983296881104,0.05789902432788409,0.037215652081362745,0.04568592919125601
2023-03-09,0.001110905502139462,False,0.05066379135386583,0.057530430428401474,0.03685429071397739,0.045321605949455786
2023-03-10,-0.010416760858255715,False,0.05036252466455971,0.05722308090659556,0.03656525721158941,0.04502507165086441
2023-03-17,0.029653766575203556,False,0.049843327325681475,0.0566572118161022,0.03613992145139586,0.04454218452831912
2023-03-20,0.017020146512990157,False,0.050642034437586705,0.05745776721308093,0.03693491147643688,0.04533945369053227
2023-03-21,0.011424615514988237,False,0.051184533422811124,0.05800458843521908,0.03746871800924345,0.0458785900130764
2023-03-22,0.02003229876259771,False,0.05154299175038361,0.0583638548084879,0.037825551275786885,0.046236419688133704
2023-03-23,-0.002089864919459242,False,0.05219835019027906,0.0590218848480366,0.038475536860531435,0.046889699646763566
2023-03-24,0.005563296685328732,False,0.05201769200161309,0.05883947838451578,0.0382983946281382,0.046710401600710466
2023-03-27,0.006221935039293459,False,0.05220428895955023,0.059025572352682534,0.03848600314900745,0.046897389880308865
2023-03-28,-0.00034464932272914363,False,0.05234038145362379,0.05916276574555572,0.03861988162505664,0.04703262588470308
2023-03-29,-0.007265210991412413,False,0.05238160905256897,0.05920072984187258,0.038667672455467025,0.047076392460274105
2023-03-30,0.012765396737729815,False,0.05225687229646535,0.05904419834534502,0.03860687811478138,0.046976391735347595
2023-03-31,0.0054700991097296646,False,0.052497446517332506,0.05928567912381176,0.038845629157290756,0.04721626066229671
2023-04-03,-0.022410867257940028,False,0.05264745512220614,0.05943662216742871,0.03899375851202704,0.04736554228196524
2023-04-04,0.01591178503563907,False,0.05189893956795112,0.05868860257339162,0.03824424553197575,0.046616640874979576
2023-04-05,-0.003782022730520261,False,0.052433428536028635,0.05922396369877097,0.03877698050414824,0.0471504513122711
2023-04-11,0.02133143351605774,False,0.052194028444209076,0.05898300600479097,0.03854071290666803,0.04691226302136857
2023-04-12,-0.010439562735377404,False,0.05306866538106009,0.05986186556377068,0.03940685772643595,0.047783614794974595
2023-04-13,0.016118549102082255,False,0.05282134794309072,0.059614531321624586,0.039159574083353264,0.0475363104305084
2023-04-14,-0.006014050869755808,False,0.05331891354933592,0.06011462627509454,0.03965205291836442,0.0480319082266386
2023-04-17,0.006347106659678894,False,0.053102150045259304,0.059897846894496974,0.03943532134356556,0.04781515707435704
2023-04-18,0.016840417795247448,False,0.05332532855555624,0.06012011430230872,0.03966033217244159,0.048039044414453454
2023-04-19,0.00815266214592264,False,0.05361261498447056,0.060410571660254535,0.039941241544689005,0.048323863888194124
2023-04-20,0.002594876577658877,False,0.05384642451462916,0.06064446575156314,0.04017488101388443,0.04855760763051441
2023-04-21,0.026847250036188056,False,0.053947606292285996,0.060744532075750285,0.04027830608046853,0.048659657221257153
2023-04-24,0.010040875070810902,False,0.05451388909123789,0.061320505361516967,0.040825100337439794,0.049218400905853124
2023-04-25,-0.017002928508133463,False,0.05443053177565792,0.061236600496312674,0.040742844199132364,0.04913546957911276
2023-04-26,0.00853760126600164,False,0.05408525759711918,0.060891587322949664,0.04039704511297837,0.048789992340820154
2023-04-27,-0.008220090547347573,False,0.05436939572409959,0.06116813097962398,0.04069645648228493,0.04908003889956508
2023-04-28,0.007590169266675653,False,0.05415321046551207,0.06095179056045896,0.040480583267198014,0.048863974354555695
2023-05-01,-0.0009456265480070661,False,0.054325682230799845,0.061124816308582,0.04065194091738016,0.0490360151260218
2023-05-02,-0.013013991004148427,False,0.05417380385537327,0.060973096631107844,0.04049974338443683,0.04888401328497021
2023-05-03,-0.03776490434775808,False,0.05387251395126556,0.06067186208316208,0.04019834215352929,0.04858268031425056
2023-05-09,0.015605809847472469,False,0.052989375126075794,0.05979628415953288,0.03929999759613116,0.04769365917348797
2023-05-10,0.009554703602478213,False,0.054952962759606025,0.061800831362817436,0.0411812114222438,0.04962538061843055
2023-05-11,-0.005536772065131883,False,0.05498587160774618,0.06183604180927989,0.04120949152506043,0.04965649884311857
2023-05-12,-0.00494744361046727,False,0.05473212899453012,0.06158205172466853,0.04095624660166827,0.049402948760493046
2023-05-15,-0.02067095210419637,False,0.05452065682522222,0.061370545120475545,0.04074484368437179,0.04919150338122588
2023-05-16,-0.053627796031408013,False,0.05397570393816026,0.06082527316661638,0.04020053247267566,0.048646798725353664
2023-05-17,0.0016680571006970134,False,0.05298490526186242,0.0598511935785769,0.03917611003117099,0.047642992743982794
2023-05-18,-0.0030045090202987243,False,0.05302048340178231,0.05988671843961247,0.039211795320276854,0.04767861233441074
2023-05-19,0.02541810385719881,False,0.05297462989783118,0.059837560102642365,0.039172588167356366,0.04763532996176944
2023-05-22,-0.01477616770768873,False,0.05357688653069625,0.060447826633565245,0.0397587360909746,0.04823135496369677
2023-05-23,-0.0023182656516113707,False,0.05322829904493097,0.06009932163329829,0.039409982718590024,0.04788270330493208
2023-05-24,-0.001991371384925287,False,0.053232022856403334,0.06009172888779345,0.039436465262409015,0.047895231299186686
2023-05-25,0.0023228814161397287,False,0.05309594540970187,0.05995536541745704,0.03930096303795631,0.04775937637638248
2023-05-26,-0.008655180529113108,False,0.0529756920924224,0.05983207226514352,0.03918682313415208,0.04764148802428823
2023-05-30,0.004669788339359957,False,0.052521572671536,0.05936874348001606,0.038751224669442245,0.04719453340858504
2023-05-31,0.000665336019221158,False,0.05255076999647803,0.05939767281958697,0.03878096093987328,0.047223939223812135
2023-06-01,0.0003325020812013956,False,0.05255405598466602,0.059400193791808976,0.038785785451982094,0.0472278203877598
2023-06-02,0.0059662092785707005,False,0.052359304458184104,0.059196248444549786,0.03860952362221042,0.04704022157378165
2023-06-05,0.009865255938109972,False,0.052461863100857604,0.059299834472017386,0.03871001609090602,0.04714198092003193
2023-06-06,-0.0036059701424136638,False,0.052611987970024976,0.059451037772009406,0.03885797212740263,0.047291266779408835
2023-06-07,0.018868484304382736,False,0.05244363720656233,0.059279611858297596,0.038695805799858735,0.047125308456061235
2023-06-08,0.014715556652644388,False,0.05255548858272266,0.05936976468974264,0.03885129512813473,0.047254041111056314
2023-06-09,0.009796254673197793,False,0.05277500952822887,0.05959293441332081,0.03906347801457413,0.04747072333899659
2023-06-12,-0.01393309430392405,False,0.05288436349048191,0.05970416470091543,0.039169058498168395,0.047578617536473154
2023-06-13,0.015818108999695296,False,0.05260936135574192,0.059426382501789145,0.03889964735204815,0.047305778267616554
2023-06-14,0.0009411765400636845,False,0.05283563171399597,0.0596538623814237,0.03912348524136116,0.04753110762876923
2023-06-15,0.011535591675096461,False,0.05281134841228874,0.059629330270754406,0.03909970231945888,0.04750701789826782
2023-06-16,-0.01184921877504851,False,0.05287130973580463,0.05968989203665274,0.03915845609305488,0.047566512082838915
2023-06-20,-0.014534221094539225,False,0.052642841305847635,0.059461510661572625,0.038929812586999527,0.04733797592494579
2023-06-21,0.006977510071977951,False,0.05227536901464026,0.05908666765356129,0.038577163547359024,0.04697623798722675
2023-06-22,-0.008251395594566635,False,0.052337539293429235,0.05914855566142829,0.038639901501314126,0.04703862787033494
2023-06-23,-0.004791576009899284,False,0.05216732007693257,0.05897580039680712,0.038474782532233714,0.046870381677194914
2023-06-26,0.026229975886419662,False,0.052060049651613496,0.058868312439152956,0.03836794958628235,0.04676328049013825
2023-06-27,0.0018697418971540176,False,0.052448249120954124,0.059256500146912396,0.03875617270934371,0.047151489109886625
2023-06-28,0.024601486730308236,False,0.05243645441724377,0.05924495077951898,0.038743884609666414,0.04713950353665811
2023-06-29,-0.02273523424463186,False,0.05258843661057525,0.05939817786033201,0.03889336320927665,0.047290517218369583
2023-06-30,0.030602143198061326,False,0.05231539237252451,0.05912487787955149,0.038620833295533966,0.04701767194593559
2023-07-03,0.013768550342448893,False,0.05261850446883288,0.05943696738537988,0.038905890919899704,0.047313799695813806
2023-07-05,-0.008957957782099334,False,0.05269744342344092,0.05951113196669713,0.03899443161857768,0.04739645307126623
2023-07-10,0.0076069132975012475,False,0.05222351853023128,0.05901404282825104,0.03856709234839888,0.0469405497591333
2023-07-13,-0.02051825158759548,False,0.05205569526337845,0.05884565923561917,0.03840039595294853,0.046773162420857176
2023-07-14,0.02294029334080683,False,0.05181509685714033,0.05860555315061779,0.038158807439270644,0.04653218099298407
2023-07-17,0.015601876630499958,False,0.051985603186580825,0.058778529219395,0.038324346874925065,0.04670076588672741
2023-07-18,0.014188828048673803,False,0.05206383962762816,0.05885730250246102,0.03840150367276994,0.04677858466935911
2023-07-19,0.007602375796725462,False,0.05209963035130703,0.058896043452381364,0.038431361195252846,0.04681208014271307
2023-07-20,-0.013194737685747032,False,0.05207113516164909,0.058864598132434144,0.03840879901382134,0.04678588012873005
2023-07-21,0.007937716232945376,False,0.05193548328271459,0.0587294293325276,0.03827217561445696,0.046649852418518524
2023-07-24,0.00058548011040136,False,0.051937094030153216,0.05873183698525314,0.03827218370534846,0.04665084318058349
2023-07-25,0.015391620825613047,False,0.05182662360570818,0.05859812145904944,0.038208461514519065,0.04655845724288536
2023-07-26,0.02335623117115578,False,0.0518901424407516,0.0586643921083884,0.03826644617471178,0.04661983519036999
2023-07-27,-0.006496280436790647,False,0.05201514819145785,0.05878528894343032,0.0383997153673843,0.046748037641682116
2023-07-28,-0.001134108428901019,False,0.051948705004534294,0.05871869515374573,0.038333575057734805,0.046681711622395185
2023-07-31,0.006503628183101025,False,0.05166220195826615,0.058425892936870706,0.03805974027604009,0.0464001092760052
2023-08-01,-0.001410238563998119,False,0.051703649355282676,0.05845523727407934,0.03812552814156638,0.04645097274815726
2023-08-02,0.005348358984134868,False,0.051557377488310414,0.05830820783026298,0.03798077983769391,0.046305290269372634
2023-08-03,-0.020133956744570882,False,0.05152941786981219,0.058280870559460345,0.03795156861549155,0.04627684646978672
2023-08-04,0.0054278093548754455,False,0.05149669495224548,0.05824888330114588,0.03791736621330298,0.04624355121572797
2023-08-07,-0.009733830074628877,False,0.051229985889803965,0.0579757774914528,0.03766352165186479,0.04598181876694449
2023-08-08,-0.04200940807754297,False,0.05089143913342988,0.057625626839518426,0.03734831149457878,0.04565229974026809
2023-08-09,-0.004209266587765034,False,0.05079276743838261,0.05753415127864363,0.03723516765116595,0.0455480295154995
2023-08-10,-0.011210540069938378,False,0.05054117858586535,0.057273461880124624,0.03700188091041985,0.04530352080852286
2023-08-11,0.00455997142169484,False,0.050453529560916636,0.05718422757626017,0.036917420040544345,0.045217105116765785
2023-08-14,0.007252978305015577,False,0.050356804473285666,0.05708362605490323,0.036828490850358706,0.04512339586081712
2023-08-15,0.005704864593999427,False,0.050351333686109744,0.05707853571611745,0.036822254943270405,0.045117629088106674
2023-08-16,0.009535233151000005,False,0.05036935166783509,0.0570962368985684,0.03684091004014554,0.04513589353690878
2023-08-17,0.012085629784960899,False,0.05038079675283576,0.05710905050492529,0.03684960289128921,0.04514627392421155
2023-08-18,-0.013866574155955751,False,0.05035213746918808,0.057079883853075365,0.0368219639760398,0.045118009368607014
2023-08-21,-0.0032733253449691376,False,0.050184642925071174,0.0569085400832602,0.03666221061129262,0.044953509488563796
2023-08-22,-0.007779811830757209,False,0.05013434217506565,0.05685692668442644,0.03661454972988023,0.044904229967915904
2023-08-23,-0.0018039692204306357,False,0.04996279277864386,0.05667768710715884,0.03645846605929001,0.04473866346522508
2023-08-24,0.011965443385675427,False,0.04992326581019075,0.05663901685695763,0.036417216144411534,0.04469846997743241
2023-08-25,0.019726828419716007,False,0.04982307972040961,0.056522734736626314,0.03634940078822648,0.04461080645925299
2023-08-28,0.003492436611499202,False,0.049885108814231735,0.05658281868040528,0.03641534177409276,0.04467434886287008
2023-08-29,0.03230236546585649,False,0.04985896807354867,0.056557067265955316,0.03638841805926371,0.04464790522976796
2023-08-30,0.014244061525921331,False,0.04998181505027072,0.056689657981662145,0.0364916693985444,0.04476317166240958
2023-08-31,-0.0011098780273611913,False,0.04970612056045917,0.05639601750714009,0.03625206608589437,0.04450143899242687
2023-09-01,-0.007803830016528031,False,0.04965871673405521,0.056347928056852355,0.03620604111796234,0.04445456857543398
2023-09-05,-0.003924871873297245,False,0.04959394162375369,0.05628106841608024,0.03614545820773936,0.044391415211686214
2023-09-06,0.004763915412941549,False,0.04954074099557687,0.056226024395033845,0.03609596482771344,0.044339648727109424
2023-09-07,-0.0011188812356079751,False,0.04944075549896632,0.05611989266434619,0.036008340024959014,0.04424444494708867
2023-09-08,0.010025146619378865,False,0.04931740854207791,0.05598273779472288,0.0359127621669963,0.044131840426066916
2023-09-11,0.0005540166346692684,False,0.049236602521012564,0.05590092434187989,0.035833982192389376,0.04405181817815175
2023-09-12,0.04362062247589035,False,0.04916189252586288,0.05582391356865076,0.03576389929297247,0.04397889816831239
2023-09-13,0.02020800953039792,False,0.049062292598169695,0.05572994547293228,0.03565297318570086,0.04387491672438561
2023-09-14,0.0010386913424115715,False,0.04885295363012658,0.05552053757816058,0.03544377283622968,0.04366563138073711
2023-09-15,-0.02523129905218866,False,0.048782363421949484,0.055449142423972815,0.035374801455302515,0.043595667413546736
2023-09-18,-0.036870535808327685,False,0.048886263153070666,0.055553344835475305,0.03547809246578558,0.043699331661967045
2023-09-19,0.005782750521912127,False,0.04904394418364254,0.055720539697633735,0.035616640225778276,0.04384961101441223
2023-09-20,-0.019967385513868497,False,0.04890623062042612,0.055570333721270126,0.03550405015973091,0.043721616439838795
2023-09-21,0.006978395381462278,False,0.048764679912630636,0.05541570026027313,0.035388810182228184,0.04359024400010778
2023-09-22,-0.003622687534489997,False,0.0487092798459796,0.05535667379630379,0.03534070316470118,0.043537665238991254
2023-09-25,-0.024301845845230974,False,0.04856617190732463,0.055201401871170994,0.0352220582242067,0.043404020775890464
2023-09-26,0.0011435107020790205,False,0.048555763156996515,0.05519444497688447,0.035204707444787264,0.043390926511621214
2023-09-27,-0.024292692569044587,False,0.04849951793982619,0.05513274588608232,0.035159430515099475,0.04333892436064339
2023-09-28,0.012509254028708332,False,0.0484417986061114,0.055075248654076196,0.03510126451254793,0.04328103223373336
2023-09-29,-0.01192394526163249,False,0.04844718971916029,0.05508150916015004,0.03510490718893019,0.043285746966579615
2023-10-02,0.024278649170260895,False,0.048399194881236784,0.05503312000620518,0.03505770536011785,0.04323805890308697
2023-10-03,-0.02135723312812675,False,0.048485757170941446,0.055122602636329635,0.03513839455201469,0.043322349193375735
2023-10-04,0.0008747631407794009,False,0.04844093691706161,0.05508027801184611,0.035088555336839355,0.043275587361557837
2023-10-05,-0.009076332254196942,False,0.048328421926145934,0.054960567102147896,0.03499051206111847,0.04316867073279199
2023-10-06,0.01546798678573961,False,0.04822907071655271,0.054849435392465055,0.03491485262005419,0.04307848464968238
2023-10-09,-0.005226492733542583,False,0.048279518567529676,0.05490274274577271,0.03495954972472909,0.043126707832746976
2023-10-10,0.011289742144600533,False,0.048229940113896926,0.05484372348291611,0.03492895768637211,0.0430844742464786
2023-10-11,-0.01216348619319735,False,0.04822536812171243,0.05481971214981651,0.03496348016062047,0.04309502589224576
2023-10-12,0.01675855458861985,False,0.04817256688073623,0.054767671614774034,0.034909149063631094,0.04304163282867744
2023-10-13,0.002575477171215241,False,0.048270948796217204,0.05486728697783447,0.035005050392182595,0.04313905513268263
2023-10-16,0.02595350185839477,False,0.048065430588646874,0.05465214913254421,0.03481887824194928,0.04294102091948934
2023-10-17,0.012178395741536901,False,0.04816658256973125,0.054759366611354096,0.034907831898087174,0.04303745399616243
2023-10-18,0.0010998076445401382,False,0.04815449635134222,0.05474923107516398,0.034891822661933296,0.043023850164009426
2023-10-19,0.002470153582062117,False,0.048167957592055964,0.054760416771562154,0.03490986025074702,0.04303908175838496
2023-10-20,0.012530809564963179,False,0.04814204125822288,0.054734751865035854,0.03488343827135483,0.043012969816296646
2023-10-23,0.017443082804992648,False,0.04805610255506696,0.054649084919521945,0.03479695303629438,0.04292681968806175
2023-10-24,-0.008012863385357148,False,0.04804930108929691,0.054645243734487946,0.03478419814873021,0.042917715149657566
2023-10-25,0.0016077173880968793,False,0.048078670972191005,0.05467308747398193,0.03481663725923792,0.04294827235882708
2023-10-26,0.019881370553828995,False,0.04801376655756452,0.054607816963951686,0.03475246909922706,0.04288365276323672
2023-10-27,0.010963304797269594,False,0.04795733353889137,0.054555762124731344,0.03468723112207294,0.04282381355907503
2023-10-30,-0.0067726229178179725,False,0.047680336966779556,0.05426870817479684,0.034430460946597165,0.04255464153932833
2023-10-31,-0.00235509725496841,False,0.04754334077632501,0.05412393075594723,0.03430911358773758,0.0424236990768052
2023-11-01,-0.006043902250270196,False,0.04747799032374142,0.05405617850493424,0.03424859339295372,0.04236021720248452
2023-11-02,0.01854081052656271,False,0.04743962011921139,0.05401581749337971,0.03421422690124158,0.04232339582848334
2023-11-03,0.008501919045983852,False,0.04735764065471594,0.05393239280779915,0.034135153921459105,0.04224254073340693
2023-11-06,0.004096267888515355,False,0.04725208970012908,0.05382548453004794,0.03403233268004094,0.04213804576442218
2023-11-07,-0.007951818224354255,False,0.04718324442776419,0.05374728899411037,0.03398229172655589,0.04207647491569355
2023-11-08,0.008462673918733728,False,0.04717589438915022,0.05373933104628895,0.03397616425439664,0.04206959782514922
2023-11-09,0.00839165763624838,False,0.04702000557164007,0.05357770477966647,0.033831814023133434,0.04191817269308602
2023-11-10,0.010579443762084513,False,0.04695447526341685,0.0535100942306459,0.03377046728802513,0.04185426079408813
2023-11-13,0.01492193815395659,False,0.046830718011412996,0.05337142503105063,0.033676699459896674,0.04174210490745523
2023-11-14,-0.026261356620129878,False,0.046702947413867026,0.05324577163967212,0.0335446709481649,0.041612687141947886
2023-11-15,-0.0017755236116547223,False,0.046892963049694945,0.05344103690243815,0.03372412905711919,0.041798618613732394
2023-11-16,0.01636697746420541,False,0.046900768839462884,0.053444304096373255,0.03374106241881526,0.04180995539153558
2023-11-17,0.01953815088446453,False,0.04680714807781715,0.0533536054078921,0.03364156507463798,0.0417140612824136
2023-11-20,-0.012073572805418646,False,0.04671188830377711,0.05325980185100885,0.03354337670168074,0.0416176685841065
2023-11-21,0.04673408205263276,False,0.046635246550279494,0.053176471254132746,0.03348018688382627,0.041546230692510046
2023-11-22,-0.012857319975237317,False,0.04641746617847689,0.05297579185777451,0.0332280147333415,0.04131514591072922
2023-11-24,0.010962931532786038,False,0.046567640745254726,0.053123008740329734,0.03338413750006424,0.04146762153007636
2023-11-27,0.00967102713907744,False,0.046506588221566426,0.0530602009612365,0.03332661497123579,0.0414079345798081
2023-11-28,0.025493848826219766,False,0.04647265702832746,0.05302007733807954,0.03330513737632734,0.04137882104312086
2023-11-29,0.015440815402903431,False,0.04634375097469683,0.05288678236239635,0.03318505788562444,0.04125332953262782
2023-11-30,0.008302527216416434,False,0.04576048381057062,0.05228784247106564,0.03263331014956339,0.040682255613786585
2023-12-01,-0.017356459594249245,False,0.04574097050272762,0.052258590499876544,0.032633382271542735,0.04067031890122132
2023-12-04,-0.029301900273240034,False,0.04597811435628468,0.052497658996715935,0.0328666554742107,0.040905965399064756
2023-12-05,-0.015335914578821398,False,0.04628535692713398,0.05281183588262139,0.033159952441225896,0.04120781313318527
2023-12-06,0.008287013211945513,False,0.04622018758898698,0.05274125205404475,0.03310567218698752,0.04114685622144246
2023-12-07,0.023075257619859766,False,0.04607090206477154,0.052591057099275855,0.032958215618928574,0.04099827822627816
2023-12-12,0.005500816071034801,False,0.04593257497123336,0.05245563822274744,0.032814039808977416,0.04085768856523152
2023-12-13,0.004561011327562667,False,0.045826377870238445,0.05235006272251247,0.03270659260644096,0.04075100786425834
2023-12-14,-0.029556526931277388,False,0.045598175765081475,0.05211512263308055,0.03249194126420403,0.04052804785219205
2023-12-15,-0.005404783454126221,False,0.04595170928193153,0.052474541877523616,0.03283363799189427,0.04087700232422842
2023-12-18,0.0063417711075926505,False,0.04588176154117401,0.05240044066142091,0.03277204330709533,0.04081028595112044
2023-12-19,0.004205613675414045,False,0.045772469499287274,0.05229013633699303,0.032664787067039465,0.040701781456235646
2023-12-20,0.004652253098957557,False,0.04573059259006668,0.05223552665928496,0.032648517033710626,0.0406698105300197
2023-12-21,-0.004885434865200053,False,0.045681493588623036,0.05218626257194202,0.03259975003658632,0.040620839963968126
2023-12-22,0.005349471996496742,False,0.04556986436602256,0.05206921539856553,0.03249901685699848,0.040513425859891185
2023-12-26,-0.006516197131763613,False,0.045540323520246395,0.05203772070863884,0.03247340538798931,0.04048540508784979
2023-12-27,-0.0007006890395284559,False,0.04561762632232573,0.052110002259511456,0.03256080643041586,0.040566614379642256
2023-12-28,-0.00562325755436212,False,0.04544707894224581,0.05193050728466237,0.03240825356182098,0.04040302815037594
2023-12-29,-0.014198061505292538,False,0.04542055684577483,0.05190146454354406,0.03238680073482699,0.040378467093490474
2024-01-02,0.018652411854672896,False,0.04553623722682841,0.0520124813526867,0.03251186002725036,0.040497775692879795
2024-01-03,-0.00869264254261621,False,0.04538085277143742,0.05185973384483334,0.03235117240559231,0.04034033971526741
2024-01-04,0.005177700435171679,False,0.045432540488800174,0.051911714229435024,0.03240227153975162,0.04039179974006685
2024-01-05,-0.013232707266574306,False,0.045351431928882135,0.05182961806277937,0.03232314915614588,0.04031145952959046
2024-01-08,-0.02651396577560692,False,0.04544654470713731,0.05192609193081776,0.03241552464618364,0.040405513391846865
2024-01-09,0.01647324073234484,False,0.045586882841254804,0.05206910230692421,0.032550488633348605,0.04054377254496717
2024-01-10,0.010516349309065334,False,0.04542225667676853,0.051900450459158434,0.032393958522145584,0.040382278327016186
2024-01-11,0.016038079616447938,False,0.045354007629197717,0.05183332312252694,0.03232345360124776,0.04031315659810257
2024-01-12,0.01139944878853882,False,0.04513331746407946,0.051591570463832295,0.032145122225540675,0.04010885286957183
2024-01-16,0.02422421925556644,False,0.04505853702361624,0.051517466079303936,0.032068982168711443,0.04003354646347846
2024-01-17,0.004280732007220087,False,0.044912087501332916,0.051373097348196575,0.03191834796644658,0.03988547810378005
2024-01-18,0.002245678015395903,False,0.044867808498909735,0.051329026357693146,0.03187365063116685,0.0398410372698947
2024-01-19,0.02765357056330997,False,0.044866921806954244,0.05132250491966699,0.03188409597932935,0.039844534361314084
2024-01-22,-0.003935291480055193,False,0.04471383810023897,0.0511763613924124,0.03171705487487363,0.03968605125541437
2024-01-23,0.015001911963252696,False,0.044713482704041144,0.05117499639611415,0.03171872988584904,0.039686481319302955
2024-01-24,0.03206559889473304,False,0.04470068171639071,0.05116130659393025,0.03170771639346892,0.03967437182161965
2024-01-25,-0.03400965394052906,False,0.04423007812022071,0.05069923502878841,0.031219954026222685,0.03919713037960776
2024-01-26,0.010110874561537402,False,0.04474459245165116,0.05121633242324966,0.031729273558539724,0.039709635110493906
2024-01-29,0.012760700590214488,False,0.04473780817758581,0.051209164711536706,0.03172326041608365,0.03970314914757936
2024-01-30,0.0153090963061154,False,0.0447530998663896,0.05122597924248725,0.0317354895164258,0.03971725607845409
2024-01-31,0.0035317373367234482,False,0.044003073874703286,0.050450662592686595,0.03103632557757523,0.038986905998546414
2024-02-01,0.027410184007916606,False,0.043822283074820015,0.05026397958214075,0.030867384604955625,0.03881069928724849
2024-02-02,0.01063733060858379,False,0.0435656900883682,0.05001338978061443,0.03059871861085477,0.03854943587520114
2024-02-05,0.035304706010122845,False,0.04361594626959684,0.050062937277297596,0.030650400027861516,0.03860024340683486
2024-02-06,0.005956401508944859,True,,,,
2024-02-07,0.03575169096384288,True,,,,
2024-02-08,0.0704705222914646,True,,,,
2024-02-09,0.014196766276720256,True,,,,
2024-02-12,-0.0047667778376538185,True,,,,
2024-02-13,0.023776518418454563,True,,,,
2024-02-14,-0.008702983801607228,True,,,,
2024-02-15,0.002015114032020891,True,,,,
2024-02-16,-0.04371999944648129,True,,,,
2024-02-20,0.05007453587964784,True,,,,
2024-02-21,0.03263387069460047,True,,,,
2024-02-22,-0.0046899091380548635,True,,,,
2024-02-23,0.06175868431140824,True,,,,
2024-02-26,0.047904443810383016,True,,,,
2024-02-27,-0.01891690693713081,True,,,,
2024-02-28,-0.057114874055463706,True,,,,
2024-02-29,0.020171358863779413,True,,,,
2024-03-01,0.04739939426403749,True,,,,
2024-03-06,0.028290429839096576,True,,,,
2024-03-07,-0.016310822797668736,True,,,,
2024-03-08,-0.008113346050100624,True,,,,
2024-03-13,-0.001741077420292917,True,,,,
2024-03-14,-0.08152708821732833,True,,,,
2024-03-15,0.07953356650055315,True,,,,
2024-03-18,0.019024662735060476,True,,,,
2024-03-19,-0.01790281780593583,True,,,,
2024-03-20,0.03633204938194809,True,,,,
2024-03-21,0.027840452368084558,True,,,,
2024-03-22,0.04344036520624281,True,,,,
2024-03-25,0.07643055693253126,True,,,,
2024-03-26,-0.0028021397609848332,True,,,,
2024-03-27,0.02270839936981225,True,,,,
2024-03-28,-0.00785357700760576,True,,,,
2024-04-01,0.035606698219851046,True,,,,
2024-04-02,-0.01704162025209678,True,,,,
2024-04-03,-0.043657114982606264,True,,,,
2024-04-04,-0.006531151415659997,True,,,,
2024-04-05,0.03458827418754784,True,,,,
2024-04-08,0.010157527658024952,True,,,,
2024-04-09,0.03075022122503588,True,,,,
2024-04-10,0.020083139213050823,True,,,,
2024-04-11,-0.0036566630429248448,True,,,,
2024-04-12,0.05750647926905293,True,,,,
2024-04-15,0.001273422038554856,True,,,,
2024-04-16,-0.07139163230290106,True,,,,
2024-04-17,0.009425323625885433,True,,,,
2024-04-18,0.08975583446896103,True,,,,
2024-04-19,0.048912246044424436,True,,,,
2024-04-22,-0.061814502705499805,True,,,,
2024-04-23,-0.05353002007551411,True,,,,
2024-04-24,0.04245331625233912,True,,,,
2024-04-25,-0.004992974831966317,True,,,,
2024-04-26,-0.0238534125784183,True,,,,
2024-04-29,-0.07206670930032104,True,,,,
2024-04-30,0.014913778111892307,True,,,,
2024-05-01,-0.09844347583479532,True,,,,
2024-05-02,-0.07928978780578746,True,,,,
2024-05-03,0.002590065022227485,True,,,,
2024-05-06,0.007730186068920649,True,,,,
2024-05-15,0.03536317296496345,True,,,,
2024-05-16,-0.20399754594369449,True,,,,
2024-05-17,-0.006105439222083772,True,,,,
2024-05-20,-0.018127384592556715,True,,,,
2024-05-21,0.024368077754117628,True,,,,
2024-05-22,0.019022676759621784,True,,,,
2024-05-23,0.07328301868835824,True,,,,
2024-05-24,0.02255780586176941,True,,,,
2024-05-28,0.056944045822835763,True,,,,
2024-05-29,0.058505266487327526,True,,,,
2024-05-30,-0.005601652049278656,True,,,,
2024-05-31,0.0079621681668108,True,,,,
2024-06-03,0.04648591561954456,True,,,,
2024-06-04,-0.022554235587386878,True,,,,
2024-06-05,-0.015713479127771546,True,,,,
2024-06-06,0.048142076006761,True,,,,
2024-06-07,0.006160080070186996,True,,,,
2024-06-10,-0.025077766788971067,True,,,,
2024-06-11,0.022759567897648745,True,,,,
2024-06-12,0.06153831360990295,True,,,,
2024-06-13,0.02538896969931715,True,,,,
2024-06-14,-0.0489104304205541,True,,,,
2024-06-17,-0.06367107803340397,True,,,,
2024-06-18,0.02847566998297,True,,,,
2024-06-20,-0.03481104974407501,True,,,,
2024-06-21,-0.06488587603355739,True,,,,
2024-06-24,-0.1199811139192816,True,,,,
2024-06-25,-0.001379743084985911,True,,,,
2024-06-26,-0.021568966070766048,True,,,,
2024-06-27,-0.05266453172173226,True,,,,
2024-06-28,0.04390497551900335,True,,,,
2024-07-01,-0.050007103071347966,True,,,,
2024-07-02,0.05568380519469669,True,,,,
2024-07-08,-0.003633064849881094,True,,,,
2024-07-09,0.04200159229472132,True,,,,
2024-07-16,-0.017041465854851702,True,,,,
2024-07-17,-0.06929339740957395,True,,,,
2024-07-18,0.03853676266842197,True,,,,
2024-07-19,-0.04811488404192155,True,,,,
2024-07-22,0.08820284621195786,True,,,,
2024-07-23,-0.0134262386067915,True,,,,
2024-07-24,-0.007145915468416827,True,,,,
2024-07-25,-0.05265687421939791,True,,,,
2024-07-26,0.029415742059613947,False,0.05553291169113395,0.06378090596293812,0.03894536705133092,0.04911604397226822
2024-07-29,-0.04088420098352669,True,,,,
2024-07-30,0.05300256370277612,True,,,,
2024-07-31,-0.005422739440759779,True,,,,
2024-08-01,-0.06774021383675788,True,,,,
2024-08-02,-0.005569567506992604,True,,,,
2024-08-05,0.0494231957788478,True,,,,
2024-08-06,0.039945772248162155,True,,,,
2024-08-07,0.043197863813610356,True,,,,
2024-08-08,-0.04868534785991831,True,,,,
2024-08-09,0.10660698720536184,True,,,,
2024-08-12,-0.041174698319141716,False,0.05665858894843336,0.0650918613355713,0.03969843141541052,0.050097576469263695
2024-08-13,0.014892561948627127,True,,,,
2024-08-14,-0.003277765014302584,True,,,,
2024-08-15,-0.04019480907680551,True,,,,
2024-08-16,0.01775540161195884,True,,,,
2024-08-19,0.06020908622936994,True,,,,
2024-08-20,0.03355264092787147,True,,,,
2024-08-21,0.010069311005540317,True,,,,
2024-08-22,0.011104882941936603,True,,,,
2024-08-23,0.013531728772770016,True,,,,
2024-08-26,0.005989561584139184,True,,,,
2024-08-27,-0.009661910911736859,True,,,,
2024-08-28,-0.005636704650125892,True,,,,
2024-08-29,-0.013450797724123104,True,,,,
2024-08-30,0.006851474949101738,True,,,,
2024-09-03,-0.00031041440572088995,False,0.056894010922889524,0.06537473848806845,0.03983841626197778,0.050296078728449746
2024-09-04,-0.04022711819818741,True,,,,
2024-09-05,0.027311617344086853,True,,,,
2024-09-11,0.04664713338140767,True,,,,
2024-09-12,-0.01463950857461146,True,,,,
2024-09-13,0.011074089327643472,True,,,,
2024-09-16,-0.2605700619352306,True,,,,
2024-09-17,-0.019107619738955375,False,0.060211189421138386,0.06914224597623585,0.042249937945162346,0.05326290519406494
2024-09-18,0.025140626934323836,False,0.060266239372740005,0.06920057523140771,0.04229839288801802,0.0533154038760455
2024-09-19,-0.008224153267623267,False,0.0602621005437013,0.0691997430604297,0.04228760403760651,0.05330869249583038
2024-09-20,-0.0119419903101529,False,0.060351857800219566,0.06928799125578891,0.042380396167636426,0.053399623788789284
2024-09-23,0.016576396133161322,False,0.06032209079054389,0.06925945908424935,0.04234814577448221,0.05336889608579684
2024-09-24,0.010349546158841379,False,0.06031209273019654,0.06924917132179274,0.04233873033416481,0.05335912341116773
2024-09-25,0.011123866442644638,False,0.060234446163586856,0.06917120564060512,0.04226172553901279,0.053281725112920786
2024-09-26,0.02077576747435591,False,0.06023708540966377,0.06917328570213825,0.04226548936135353,0.053284799399703334
2024-09-27,0.01938730478745703,True,,,,
2024-09-30,-0.06989033620951841,False,0.06020303814391979,0.06914111524005134,0.04222766765501029,0.05324929199705759
2024-10-01,-0.0926072832160501,False,0.06047650702166654,0.06944405999858812,0.04244185757689336,0.05349982889622947
2024-10-02,0.0035453486756643724,False,0.06121925942959956,0.07024094569108971,0.04307574251417962,0.054200466080167764
2024-10-03,-0.004824757479085356,False,0.06120136245100145,0.07022103698442027,0.04306189132272523,0.05418413420849076
2024-10-04,0.005532321366243556,False,0.06119858886130944,0.07021581493211412,0.043064041837193846,0.054183265501391006
2024-10-07,-0.023038866904384777,False,0.061175172146094116,0.0701908045803132,0.04304383008516502,0.0541610886215617
2024-10-08,0.02034745653974506,False,0.06125660902177811,0.07027211760321846,0.04312551604122278,0.054242621853629026
2024-10-09,0.041808741567773346,False,0.061170611520497284,0.0701835248521323,0.04304473784788259,0.05415864343409697
2024-10-10,0.023925872476034657,False,0.061081930164157736,0.07010543793822735,0.04293475000404725,0.05406171969380109
2024-10-11,0.02751024942033691,False,0.06105367527409006,0.07007940916321068,0.042902018173093685,0.05403173290560902
2024-10-14,-0.016152493941196968,False,0.06094447950000991,0.069974590407187,0.04278401977621727,0.0539191318495966
2024-10-15,0.04204514636193468,False,0.06103398574894201,0.07006580035837684,0.042870099708844804,0.054007312633008224
2024-10-16,-0.022538676108409306,False,0.06104113234857223,0.07008311848156823,0.042856790353297855,0.05400654587588279
2024-10-17,0.0007723996264548638,False,0.061053419820657005,0.07009859459746792,0.04286266514250753,0.05401635261084667
2024-10-18,-0.042184823835637014,False,0.06107009921389069,0.07011675420706329,0.04287636767201331,0.054031880408640896
2024-10-21,-0.0075451718770280195,False,0.061291369628632165,0.07034748248892561,0.04307861736633545,0.05424579268512268
2024-10-22,-0.03495608416294711,False,0.061320147061179484,0.07037612986411591,0.04310765635728641,0.05427467130116119
2024-10-23,-0.01965978035643253,False,0.061511431234978445,0.07057505166564011,0.04328358049485599,0.05446001346709936
2024-10-24,-0.035621997049506915,False,0.061597359666438416,0.07066236171352898,0.04336673035695302,0.054544867013008945
2024-10-25,0.0020700879786300914,False,0.061750478037601884,0.0708207583576873,0.04350923359114649,0.05469387893374632
2024-10-28,0.021481062694263985,False,0.06170591709038443,0.07077071662746252,0.043475695048867606,0.054653581987981176
2024-10-29,0.049361402016051145,False,0.061658311699426406,0.07072579142175163,0.04342269953626733,0.054603891436240296
2024-10-30,0.016919492168250817,False,0.06160133825514397,0.07068370924729742,0.04333577825316746,0.054535332713706586
2024-10-31,-0.007741974153615397,False,0.06154001114850851,0.07062217699999036,0.04327486370502019,0.05447416520472724
2024-11-01,0.0009540034795100827,False,0.06157798902560512,0.07066051346130696,0.043312120433245956,0.054511864106423315
2024-11-04,-0.0017724457568151616,False,0.061541139616091076,0.07062025879544001,0.043282119336170335,0.054477663956698404
2024-11-05,-0.010563236982373528,False,0.06154963357578765,0.07062776489621274,0.04329259997935105,0.05448692646203533
2024-11-06,-0.04614575307549286,False,0.06153561697946071,0.07060539160968275,0.04329538952609553,0.054479411297915226
2024-11-07,0.061066295426822036,False,0.061790198833869804,0.07087284643130819,0.043524082550892074,0.05472397809592945
2024-11-08,-0.03357364442365082,False,0.06171344421115895,0.07081307536141224,0.04341317229819701,0.05463401041702357
2024-11-11,0.02511404969712174,False,0.06188720390284247,0.07099431318670421,0.043571892712334415,0.054801952185880284
2024-11-12,0.07507645733284952,False,0.061821710165079743,0.0709320996303575,0.04349980220038975,0.054733906495540136
2024-11-13,0.036934953122113395,False,0.06178567760735632,0.07092919887953673,0.04339713825230834,0.05467209768056249
2024-11-14,0.062100785643411156,False,0.06176213029284031,0.07091309688778044,0.04335861764615744,0.05464275796977425
2024-11-15,-0.009136708445292714,True,,,,
2024-11-18,-0.023868042684583465,True,,,,
2024-11-19,0.02002658519303141,False,0.06185343308808138,0.07102347530834248,0.04341155744354515,0.0547192200946286
2024-11-20,-0.027671151805129954,True,,,,
2024-11-21,0.012984874800052329,False,0.061972446833147524,0.07114760052133935,0.04352029151337365,0.05483425716215596
2024-11-22,0.0516660500919225,False,0.061900924753409706,0.07107993214645661,0.043441019246232046,0.054759736933599465
2024-11-25,-0.003828833506369426,True,,,,
2024-11-26,0.018999230411445647,True,,,,
2024-11-27,-0.021145275172506573,False,0.061829306710541175,0.07101109158287838,0.043363815413631414,0.05468595803602974
2024-12-11,0.00681221152026447,True,,,,
2024-12-16,0.05566170160300891,True,,,,
2024-12-17,-0.004748588588914066,True,,,,
2024-12-18,0.06578614881622961,True,,,,
2024-12-19,-0.037131373269952216,True,,,,
2024-12-20,-0.012717847323540853,True,,,,
2024-12-23,-0.01755319330173468,True,,,,
2024-12-27,-0.08543796809366379,True,,,,
2024-12-30,0.1280467031584439,True,,,,
2025-01-03,0.009027994279043309,True,,,,
2025-01-06,0.012292880867573018,True,,,,
2025-01-07,-0.014787536473510976,True,,,,
2025-01-08,-0.0699172185334984,True,,,,
2025-01-09,0.04434777203803825,True,,,,
2025-01-10,-0.0332169907064621,True,,,,
2025-01-13,0.03330850294628808,True,,,,
2025-01-14,0.0021024734651879534,True,,,,
2025-01-15,-0.011942085704110454,True,,,,
2025-01-16,-0.029922975373844113,True,,,,
2025-01-17,0.061934438349533244,True,,,,
2025-01-21,0.033964200746929386,True,,,,
2025-01-22,0.009985449242830857,True,,,,
2025-01-23,-0.010591221404490607,True,,,,
2025-01-24,0.003542885537794005,True,,,,
2025-01-27,-0.019247273899510982,True,,,,
2025-01-28,0.0001758550958546915,True,,,,
2025-01-29,0.03209756922626813,True,,,,
2025-01-30,-0.0468890350409852,True,,,,
2025-01-31,-0.019825827351147077,True,,,,
2025-02-03,0.0013643187345224247,False,0.06587091867469354,0.0756552149372998,0.04619371647538378,0.05825882138529967
2025-02-04,-0.008122335322313563,True,,,,
2025-02-05,-0.037247036733696434,True,,,,
2025-02-06,-0.04076651447918566,True,,,,
2025-02-07,-0.0075577129826455295,False,0.06614801828258397,0.075948979571279,0.04643730104251868,0.05852295574801424
2025-02-10,-0.030815331011871953,False,0.06616098478291331,0.07596084581356131,0.04645248027225456,0.05853677823952296
2025-02-11,0.04203188614798729,True,,,,
2025-02-12,-0.012415117005526981,False,0.06622419197732396,0.07603800939926003,0.04648761976246071,0.05858912748304556
2025-02-13,0.03679229914509495,False,0.06627982253064726,0.07609123343881932,0.0465480900565951,0.058646630283121025
2025-02-14,-0.021617200101700405,False,0.06621536342914165,0.07602825783684933,0.0464806474885691,0.0585810170318952
2025-02-18,0.013880965792148444,True,,,,
2025-02-19,-0.008090106992950156,False,0.06624417040252709,0.07606092054395666,0.046501700194295816,0.05860682427802123
2025-02-20,-0.014093763075859592,False,0.06623178536219876,0.07604999745259525,0.0464863750278046,0.05859330185412747
2025-02-21,-0.12019288490281974,True,,,,
2025-02-24,-0.06736319178964403,False,0.06696228700941356,0.07686439878077819,0.04704814599244831,0.05925853028015833
2025-02-28,-0.012786770338420515,False,0.06737347426649773,0.07730146043715283,0.0474072972345796,0.05964958747991211
2025-03-14,-0.038458956296108286,False,0.06720471310623038,0.07714767317817324,0.04720842205533291,0.05946917675483755
2025-03-17,0.012729197912484105,False,0.06809837991960621,0.07809838259359,0.04798737046850821,0.06031846492055988
2025-03-18,0.024483807562086426,False,0.06804260685745206,0.07803785763661189,0.047941153943970145,0.06026638879119863
2025-03-19,0.012390196915486413,False,0.06800183103574742,0.0779988542629472,0.047896813551290385,0.060224234020353616
2025-03-20,-0.006175908958038521,False,0.06794762190176652,0.07793960069939841,0.04785274927166832,0.060173949408649015
2025-03-21,-0.03865093374158484,False,0.06796428103882407,0.07795634588802768,0.04786923535037492,0.060190541598333105
2025-03-24,0.0396416458969211,False,0.068114095758509,0.07811446665112194,0.04800234578277593,0.06033389428857568
2025-03-25,-0.010451756211653965,False,0.0680792288086636,0.07808817749354144,0.04795022803141246,0.0602923538910447
2025-03-26,0.006110125624487952,False,0.06810931916733617,0.07811776128795994,0.047981337141662736,0.06032283835229572
2025-03-27,-0.008113381584261775,False,0.06809728232300316,0.07810595082832113,0.047968845014979,0.060310625382642
2025-03-28,0.007864718148938412,False,0.06812374977395984,0.07813326026348025,0.04799361915116315,0.06033643777722127
2025-03-31,-0.017561916485883244,False,0.06810716589525416,0.07811654878457265,0.04797729188927557,0.06031995317036156
2025-04-01,0.03420944319064129,False,0.06818127378940667,0.07819228561898242,0.04804812382101312,0.060392793763178916
2025-04-02,0.09233735059001853,False,0.06812818182507178,0.07814470339679154,0.047983951212008075,0.06033541526743554
2025-04-03,0.03538350388931666,False,0.06821990661407733,0.07828642244555149,0.04797513252485663,0.06038824495770862
2025-04-04,-0.08756925705988686,False,0.06809667198729023,0.07816389608300296,0.04785047350757087,0.06026445930751159
2025-04-07,-0.05543223978588074,False,0.06861203968725181,0.07871367069768835,0.048296645447315864,0.06075305872743787
2025-04-08,-0.037706896184905726,False,0.0688725766450966,0.07899036529461187,0.04852468777062774,0.06100102518278225
2025-04-09,0.08547355211685746,False,0.06903033361529921,0.07915385434383519,0.04867091695437687,0.06115432264542243
2025-04-10,-0.043429867027189324,False,0.06906363816656029,0.07922316182837744,0.04863181599185056,0.061159617228108934
2025-04-11,0.05097796277665379,False,0.0692593236725706,0.07942426531195174,0.04881660540097495,0.061351087594754904
2025-04-14,-0.03150994664360565,False,0.0692165586167204,0.07939929625420067,0.04873805080609848,0.06129447740735342
2025-04-15,-0.030157987416175026,False,0.06931626224486927,0.07949893136798888,0.048837892223505965,0.061394234339078244
2025-04-16,0.011678602110066385,False,0.06941647621180282,0.07960375827132297,0.04892882911216535,0.06149085948166223
2025-04-22,0.055201651340887614,False,0.06922779781236091,0.07939472085462045,0.048781094740629374,0.06131802022036012
2025-04-23,-0.02237521390500062,False,0.06959106474740392,0.07986445920919773,0.04893023696047649,0.061598453318172354
2025-04-24,0.031037906438501357,False,0.06968590820559681,0.07996056964309183,0.049022532403320544,0.06169231108030266
2025-04-29,-0.00773297977566377,False,0.06959551785443714,0.07987299263810689,0.04892648413052286,0.06159973197031804
2025-05-07,0.024014506739990032,False,0.06968464582219505,0.07996248945737323,0.04901487030086191,0.06168857297481439
2025-05-13,0.0852342814027078,False,0.06961835880562563,0.07989972915331059,0.0489414907113335,0.06161954220662576
2025-05-14,-0.0041379369387990516,False,0.0695640404716948,0.0798794948505827,0.048818625968366496,0.06153870679322717
2025-05-15,0.012557802620613708,False,0.06958418335844514,0.07989828493748112,0.04884148947145011,0.061559902146481965
2025-05-16,0.060618886835632664,False,0.06952189407483295,0.07983585097915817,0.04877949114320762,0.06149772541853488
2025-05-19,0.0069495524758769345,False,0.06946389275468431,0.07979231132169803,0.048692405967335296,0.06142847305074864
2025-05-20,-0.009154219913054778,False,0.06945084120034827,0.07978023722370405,0.04867738865015153,0.061414661043890255
2025-05-21,-0.014356751014346511,False,0.06959450729337573,0.07992025423470553,0.04882839341352792,0.061561166090957284
2025-05-22,-0.042012179139344574,False,0.06950166782448697,0.07982904185737467,0.04873228170014424,0.061467060759005376
2025-05-28,-0.0108399347710331,False,0.06972890243636273,0.08006594844634096,0.04894006499495341,0.061686770656929533
2025-05-29,-0.055925796936162106,False,0.07007739162127755,0.08042956126596251,0.049258139031949,0.06202349378574108
2025-05-30,0.07209088510006735,False,0.07039764827345843,0.08076759785236291,0.04954263845117844,0.06232991780392914
2025-06-02,-0.03291239187037426,False,0.07045707829534169,0.08085582198321974,0.04954416062877586,0.06236694625977379
2025-06-03,0.0312769013698694,False,0.07052143946321437,0.08092569215852224,0.04959744262956236,0.06242702146783922
2025-06-04,0.017543420069728668,False,0.07045173652953181,0.0808609613162377,0.049517740320843856,0.0623534502903466
2025-06-05,0.012784832549205611,False,0.07036306977786512,0.08076884823588092,0.049436004482209694,0.06226746475238974
2025-06-06,0.01799901061521186,False,0.07032451085683614,0.08073174567592824,0.04939451667282692,0.062227772795125584
2025-06-09,-0.00831992270500238,False,0.07020557937633096,0.08060280925656974,0.04929570612892509,0.06211662506992397
2025-06-10,-0.05786403629182467,False,0.07024074536881542,0.0806366338739137,0.04933356976150103,0.062152834640586886
2025-06-11,-0.005534973140683093,False,0.07059656655108776,0.08101050497583172,0.049653090743021364,0.062494613142555895
2025-06-12,0.031846871315120484,False,0.0706014127930802,0.08101509330291556,0.04965845567779158,0.062499660040101275
2025-06-13,-0.009171571474782507,False,0.07053339071432721,0.08095240950362054,0.049579697783046175,0.062427484826416434
2025-06-16,0.026967245439897945,False,0.07024972844888525,0.08061574027288806,0.049402637847092014,0.06218506151837896
2025-06-17,-0.00921019625036488,False,0.07014290181378227,0.08050901854272119,0.04929560023762936,0.062078153268149264
2025-06-23,0.08277615319687043,False,0.07018237527885102,0.08054666546810015,0.04933874705741226,0.062119047765190914
2025-06-24,0.02652504502668073,False,0.0706632233417541,0.08106199163956417,0.04975025618214394,0.06257307215987339
2025-06-25,-0.0383478428377373,False,0.07059048873390344,0.0809926239371444,0.04967075038940976,0.06249771812891696
2025-06-26,0.03036780368191637,False,0.07078017630182015,0.08119069405810912,0.049843579801477,0.06268088414355866
2025-07-01,-0.03879327138571318,False,0.07069353965242058,0.0811051186550437,0.04975480887914249,0.06259342185375258
2025-07-02,-0.010723963362975724,False,0.07086586811564785,0.0812865686240244,0.04990879307843348,0.06275865386493494
2025-07-17,-0.1297961450624949,False,0.07087481185925479,0.08129372036937607,0.049921340710461545,0.06276899176757951
2025-07-18,0.06501726819729144,False,0.07271941486747546,0.08335184016172943,0.051336540027138035,0.06444748057707667
2025-07-21,0.04463011901666262,False,0.07278269149260162,0.08343515298853947,0.05135952183889607,0.06449516921177058
2025-07-22,-0.0008586323741259904,False,0.07277075885853801,0.08342960754828435,0.051334743916762404,0.06447826739654447
2025-07-23,0.035087088269783,False,0.07276756912500591,0.08342577544969021,0.05133284604386829,0.06447557741743687
2025-07-24,-0.038159664889727496,False,0.07272747825766615,0.08339206523443049,0.05127992304453121,0.06443052245834237
2025-07-25,0.024920757235065195,False,0.072866708802646,0.08353820831048474,0.05140525179545156,0.06456437511434154
2025-07-28,0.02243817054781832,False,0.07285165380923826,0.08352507863657352,0.05138632479122007,0.06454782223913143
2025-07-29,-0.03561136243293321,False,0.07279982653562707,0.08347431792957309,0.051332352545063534,0.06449516518598487
2025-07-30,-0.003412140770936529,False,0.07289581946160921,0.08357528347215738,0.051418345039771524,0.06458728945955274
2025-07-31,0.03761372853428982,False,0.07291206443867347,0.08359116841125269,0.05143531408934179,0.06460381454302157
2025-08-01,-0.032742798299693274,False,0.07288122327817019,0.08356846643106945,0.05138810421998144,0.06456664117110635
2025-08-04,-0.015918053751249647,False,0.0729843431618456,0.0836742018502574,0.051485963999122177,0.06466772619092943
2025-08-05,0.03170626961888987,False,0.07301734716737798,0.08370860776297614,0.05151614862854096,0.06469963952487878
2025-08-06,0.012713294264574336,False,0.07299239141978718,0.08368553597346545,0.051487404052087855,0.06467321807430743
2025-08-07,0.020334929980676594,False,0.07296166981201059,0.08365590152689999,0.051454496053956696,0.0646416506645757
2025-08-08,-0.01374512030162096,False,0.07294696956316567,0.08364304258620489,0.05143609274954162,0.06462551789402457
2025-08-11,0.029128272923023637,False,0.07296265767652826,0.08365986068860078,0.0514495083414991,0.06464032688575937
2025-08-12,0.001707359130822735,False,0.0725489925197602,0.08319629427254131,0.05113619962761896,0.06426548447417339
2025-08-13,-0.026155071203685872,False,0.07246258381661666,0.08309795712399708,0.051073780225879765,0.06418835599767717
2025-08-14,-0.040622582541743654,False,0.07256077573786503,0.0831997025545347,0.051164825683148965,0.06428378331964288
2025-08-15,0.0012150669781680898,False,0.07269123370300147,0.08333846414328101,0.05127858422746118,0.06440778113791988
2025-08-18,-0.02309401246560783,False,0.07268794808421102,0.08333490990233672,0.051275838834793766,0.06440470450482594
2025-08-19,-0.0043589333604240185,False,0.0727006877168717,0.08334581077080719,0.05129227640686637,0.0644188746800144
2025-08-20,-0.04297212433031094,False,0.07270026952398127,0.08334445385655435,0.0512937460768903,0.06441918680416944
2025-08-21,-0.03176971356114249,False,0.07283149231013296,0.0834862999526047,0.05140360432017744,0.06454214474772912
2025-08-22,0.01957843718202467,False,0.07289215664781774,0.08355155988241292,0.05145502646067076,0.06459923375476087
2025-08-25,0.04827502730125467,False,0.07289156090058138,0.08355287159389739,0.05145059462242397,0.0645971540212501
2025-08-26,-0.05489143360049182,False,0.07292345933541797,0.0835971011132984,0.05145769400807001,0.06461945897967623
2025-08-27,0.026077609543431624,False,0.07309376570348422,0.08378225051184393,0.05159814955149316,0.06477821759928463
2025-08-28,0.0009050359399835709,False,0.07306657322175085,0.08375626078559724,0.05156853820771061,0.06475008938425637
2025-09-16,-0.022536165022413058,False,0.07305996743625481,0.08374878497961825,0.05156368212076222,0.06474416046711981
2025-09-17,0.0018975337761914111,False,0.07319729706543557,0.08389866140160164,0.05167577888982673,0.06487172880075921
2025-09-18,-0.02079702811619944,False,0.0731976917446806,0.0838988071078618,0.05167667427874311,0.06487231717881842
2025-09-19,0.001381597346045399,False,0.07322582547935344,0.08392906867482329,0.05170052872903341,0.0648987954785001
2025-09-22,-0.03999969935047605,False,0.07322562211157266,0.08392878063195075,0.05170049565136416,0.06489865798720333
2025-09-23,0.004730852490521428,False,0.07329433460548303,0.0840043351282229,0.051755448191537705,0.06496204746285728
2025-09-24,0.007977250280643968,False,0.07329353546330815,0.08400359606125714,0.05175452823208532,0.06496120158269286
2025-09-25,-0.017605836560476228,False,0.07325999704923546,0.08396601588283548,0.051729118211941226,0.06493080762608747
2025-09-26,-0.0024578917889699747,False,0.07328133341818105,0.0839891881517504,0.05174676240171063,0.06495071568084416
2025-09-29,0.012944233661064102,False,0.07326142257373125,0.08396667808500584,0.05173207885427663,0.06493282700870534
2025-09-30,-0.036230048184226864,False,0.07326216347193275,0.08396797803016234,0.05173169545291921,0.0649331329732441
2025-10-01,-0.011025141474956172,False,0.07330551033204852,0.08401526325686391,0.05176712186238999,0.06497341581845191
2025-10-02,-0.029494384840734255,False,0.07329469857526408,0.08400303612741562,0.05175915656214635,0.06496370520927469
2025-10-03,-0.04593973274907426,False,0.07332190954985529,0.08403346016811147,0.051779905738185715,0.0649884164464163
2025-10-06,0.014912486724305205,False,0.07339407641581297,0.08411541829245817,0.0518323814004088,0.06505296579861085
2025-10-07,-0.01669112734196745,False,0.0734039336216981,0.08412642582519937,0.05183992518348509,0.06506192806021914
2025-10-08,-0.02939697685078749,False,0.07341416998798209,0.08413801985757051,0.051847431146948196,0.06507110817411008
2025-10-09,-0.009208939085309837,False,0.073418283547926,0.08414469530033063,0.05184639250331688,0.06507322861153218
2025-10-10,-0.016450807695267758,False,0.07336437185876256,0.08408535734689113,0.051803393576449364,0.0650235385087229
2025-10-13,-0.004455877124045866,False,0.07335122347125742,0.08407200043979902,0.051790664542770475,0.0650105523476406
2025-10-14,0.013138999697506752,False,0.07335124420473148,0.08406926282932206,0.05179623258288809,0.06501271904868855
2025-10-15,-0.01537440601054277,False,0.07333919547969503,0.08405675895326797,0.051785099212248616,0.06500102442718032
2025-10-16,0.030849904091392485,False,0.07335438022229078,0.08407194750327683,0.05180027629775427,0.06501620620764181
2025-10-17,-0.016153809112453576,False,0.0733864126970012,0.08410906131877006,0.05182208968594656,0.0650442854434722
2025-10-20,0.0006783110316039772,False,0.07339316941708073,0.08411632335947085,0.051827830155518846,0.06505064902850878
2025-10-21,0.0028776998276151956,False,0.07339708485888996,0.08411995789507216,0.051832310527917244,0.0650547830129016
2025-10-22,0.0625715778302796,False,0.07335719176331848,0.08407746667334727,0.05179764252491122,0.06501691123685266
2025-10-23,0.006488904623196475,False,0.07354306578118829,0.08428110765798169,0.05194778538868342,0.06518896270929662
2025-10-24,-0.003160059510711174,False,0.07350076201322259,0.08423892941142086,0.051905229184569246,0.065146561286771
2025-10-29,0.006973297392317667,False,0.07354225718020586,0.08428018135541152,0.05194721349741208,0.06518824567912453
2025-10-30,0.002313668194552464,False,0.0735892265264606,0.0843374704195697,0.051973428854787555,0.06522718637471583
2025-10-31,0.015234957621185688,False,0.07312444142217543,0.08380412256753719,0.05164653032042566,0.0648157424911248
2025-11-03,0.06422348208536727,False,0.0730917592588205,0.08376365813614761,0.05162949907948529,0.06478911486453184
2025-11-04,0.006231496720781376,False,0.07323420290801837,0.08392578491575552,0.05173235797709773,0.06491624520967394
2025-11-05,-0.03139685406067204,False,0.07322232463052213,0.08391005623043331,0.05172822325634873,0.06490736251593646
2025-11-06,-0.0335457891272566,False,0.0732633299582722,0.0839550891581451,0.051761128676175154,0.06494523440598918
2025-11-07,-0.02820321378701962,False,0.07330301563030421,0.08399898920235564,0.0517923388226022,0.06498164133316557
2025-11-10,0.01469279423704623,False,0.07195756676709651,0.08247410427901326,0.05080775389302371,0.0637757921621903
2025-11-11,-0.04577112723106512,False,0.07197033898909884,0.08248768807972293,0.05081889394875715,0.06378793298302567
2025-11-12,-0.0356245109729289,False,0.07202151014309328,0.08254906705230028,0.050849536154641405,0.0638311625430536
2025-11-13,-0.024839290013645456,False,0.0720512758364775,0.08258417956556414,0.05086854885638762,0.06385676845713223
2025-11-14,-0.03713068082352516,False,0.07205339924853911,0.08258924664196833,0.05086475226389084,0.06385660172396916
2025-11-17,-0.004359783230297074,False,0.07210939889727591,0.08265299482136919,0.05090516883945281,0.06390657308332451
2025-11-18,-0.00038001140491509904,False,0.07208597777985888,0.0826284142264187,0.05088407954777566,0.06388405402933166
2025-11-19,-0.0625387482932788,False,0.07206910423909264,0.0826104178858629,0.05086946407012354,0.0638680540170242
2025-11-20,0.032835503845470695,False,0.07214364491568682,0.08270366808542423,0.050906378017457246,0.06392803884767487
2025-11-21,-0.004709584843085237,False,0.0722003079404277,0.08276003956536634,0.05096362736806171,0.06398492869173038
2025-12-09,0.031543958872471814,False,0.07219797078013876,0.08275779453344638,0.05096110492837237,0.06398251985637263
2025-12-16,0.029610487471834514,False,0.07293518211564354,0.08359314378349605,0.051500951063959945,0.0646433807489591
2025-12-17,-0.003340016465071192,False,0.07295979565345392,0.08362060121551668,0.05151984524496568,0.06466578176183892
2025-12-18,-0.007387541993116062,False,0.07294743827969237,0.0836073766473854,0.05150923188615432,0.06465409905774538
2025-12-19,-0.015111926944598375,False,0.07293660487751251,0.08359409961873288,0.05150331286216906,0.06464516677568184
2025-12-22,0.00715993512209254,False,0.07292639569184735,0.08358414063050075,0.051492600504344385,0.06463476293859252
2025-12-23,0.01198832424496614,False,0.07291472327847333,0.08357133867972592,0.05148319970409721,0.06462396929548016
2025-12-29,0.04740534967733455,False,0.07297080338143033,0.08362760413239985,0.05153890705016304,0.06467990519797145
2025-12-30,-0.029095916758994003,False,0.0730241113561018,0.08369286014563573,0.05156818631961065,0.06472391770268487
2026-01-05,0.034486176071169404,False,0.07304642238895004,0.0837197781735774,0.05158123222274982,0.06474264453346873
2026-01-06,-0.020447890559633492,False,0.07304858333069393,0.08372153487221348,0.051584206137972516,0.06474511997283029
2026-01-07,-0.006571765163234502,False,0.07304680402274169,0.08371926596950763,0.051583411454228706,0.06474372156533291
2026-01-08,0.02701965572286801,False,0.07303712546018548,0.08370927967354015,0.051574351774461284,0.06473428241669091
2026-01-09,-0.12834960867620962,False,0.07306897272760596,0.08374453684667946,0.051599341379101576,0.06476347680715601
2026-01-12,0.0181688349750544,False,0.07360253131397998,0.08436608898857878,0.05195593609011495,0.06522857717359058
2026-01-13,-0.04106698747793304,False,0.07361829069029355,0.08438297900311917,0.051969421639430004,0.06524345692320943
2026-01-14,-0.02598556141169861,False,0.07364917343469643,0.08442207917932704,0.051983778303382557,0.0652679465772265
2026-01-15,-0.024663143476456522,False,0.07362235752171513,0.08439727813415815,0.051952910288922946,0.06523956311463286
2026-01-16,0.021908862766166305,False,0.07362105900597234,0.0843992980938428,0.05194493798589629,0.06523568285390523
2026-01-20,-0.08808653030253114,False,0.07366424619474109,0.08444466434909019,0.05198374285318219,0.06527717474792918
2026-01-21,-0.04398246260132886,False,0.07386799141399954,0.08469012508599455,0.052103593977910374,0.06544846565772323
2026-01-22,0.004710113003033198,False,0.07390388642375814,0.08473438926356039,0.05212265775088266,0.06547784952780758
2026-01-23,-0.061842077764069435,False,0.07384611716177969,0.08467225294007502,0.05207367108807968,0.06542347780165259
2026-01-26,0.034393377071717975,False,0.07392232679199243,0.08476879750558632,0.05210898512163021,0.0654838670292823
2026-01-27,0.019360586503953562,False,0.07400346023180075,0.08485358564177974,0.05218276860004972,0.06556215714712858
2026-01-28,-0.06596822152030958,False,0.0740359486637262,0.0848881647301697,0.05221105251190777,0.06559301906653034
2026-01-29,0.006484951272431266,False,0.07412554591446056,0.08500118522281716,0.052253543271289365,0.06566439323902892
2026-01-30,-0.0028770098962323234,False,0.07412604940108247,0.08499527149571742,0.05226695241904088,0.06566988926204434
2026-02-02,0.01074637207548406,False,0.07373061724703797,0.08455643849910192,0.051958803717170036,0.06530822258557996
2026-02-03,0.02115237500522676,False,0.07375341622955453,0.08457765979054609,0.05198477559484498,0.06533224899801211
2026-02-04,-0.05104852630408642,False,0.07379094035540112,0.08461740258155939,0.05201783776227098,0.06536804702167939
2026-02-05,0.02965859339300317,False,0.0737833072245692,0.08462055446780402,0.05198851487920324,0.06535202324147926
2026-02-06,-0.002855105436979806,False,0.07383541181984236,0.08466920100780556,0.052047573970841754,0.06540681817364054
2026-02-09,-0.02289532470126498,False,0.07382212685118207,0.08465560198525726,0.05203492059608354,0.06539377753617029
2026-02-10,-0.07515866833653974,False,0.07382607454694391,0.08466038351399023,0.05203719137001749,0.06539707651714172
2026-02-11,-0.011365260434810507,False,0.07388204430438088,0.08474087780695186,0.052043839824070896,0.06543396639950333
2026-02-12,-0.03516727013979177,False,0.07388201406505047,0.0847419162098484,0.05204166043792258,0.06543310476582623
2026-02-13,-0.014141369722751167,False,0.07390063823807047,0.08476706352894119,0.05204716590921839,0.06544665398800599
2026-02-17,-0.05658364927231883,False,0.07385395054192968,0.08471908691393894,0.05200307035832492,0.06540096905951534
2026-02-18,-0.047815462040959766,False,0.0739247892146876,0.08480741145854745,0.052038743187081384,0.06545820387624275
2026-02-19,-0.08335465439788309,False,0.07391513596682002,0.08480698039255123,0.05201054320549564,0.06544137585118717
2026-02-20,0.037041271680349076,False,0.07408881929668129,0.08501783490638683,0.05210947155212467,0.06558614032360789
2026-02-23,-0.024984863083594742,False,0.07417555299368844,0.08511109557998088,0.052183078843859185,0.06566779608966819
2026-02-24,-0.0023329455673622036,False,0.07417883364853713,0.0851179038543271,0.052179265101699415,0.06566833228726676
2026-02-25,-0.013436547464186025,False,0.07416139841548208,0.08509995248213788,0.05216286787626736,0.0656512986059635
2026-02-26,0.005732607167623122,False,0.07405495102401839,0.08498672477651582,0.052070056377369486,0.06555012623987116
2026-03-17,0.0062902708531054775,False,0.07406012521797249,0.08499200823993151,0.052075010819464876,0.06555521542313568
2026-03-18,-0.026934598433451275,False,0.07467196858587354,0.08567483749817192,0.052544094434388657,0.06611183238650697
2026-03-19,0.02154536383292631,False,0.07458300523738717,0.08558653801732752,0.05245379598141715,0.06602235255477623
2026-03-20,-0.02308028355101008,False,0.0746409051102033,0.08564341732146351,0.052513748320321615,0.06608104642113825
2026-03-23,-0.02331107886844711,False,0.07462276429418815,0.08562760693152503,0.05249092078347438,0.0660610925539291
2026-03-24,0.01714773116077847,False,0.07458660325424879,0.08559278200494054,0.05245207268542277,0.06602389202943469
2026-03-25,-0.03203791598280918,False,0.07461085092420268,0.08561835226367699,0.052473660496537324,0.06604711073683303
2026-03-26,0.009846037935352726,False,0.07462697706320849,0.08564008340641928,0.052478514410245564,0.06605887623174098
2026-03-27,0.0003160056907321093,False,0.07468551687780883,0.08569765941165379,0.0525389925422541,0.06611816588163494
2026-03-30,-0.0031645596029630254,False,0.07469102301290978,0.0857031364580281,0.05254455717770503,0.06612369464751189
2026-03-31,0.044933972479258094,False,0.07468268570093492,0.08569476395763781,0.05253629063316679,0.06611538471181783
2026-04-01,0.013544225107757253,False,0.07475796862747111,0.08578013361567602,0.05259128812987048,0.066182820249082
2026-04-02,-0.030351343424138467,False,0.07478904098101534,0.08581150044448962,0.05262176826408052,0.06621366350343098
2026-04-06,-0.0030864222031893912,False,0.0747328270835982,0.08575694015779264,0.052562228789470485,0.06615616311127341
2026-04-07,-0.0661265923776615,False,0.07473884706387092,0.0857626143970797,0.05256894408958031,0.06616245207502222
2026-04-08,0.053997692328825835,False,0.0748756607899135,0.08592288426123153,0.05265858516671667,0.0662810171298749
2026-04-09,-0.010695289116747919,False,0.0750255327710067,0.08608724090934984,0.052779327028055364,0.06641962016615688
2026-04-10,0.026218730305119235,False,0.07503323617741563,0.08609477432972304,0.05278737229345002,0.06642745582022137
2026-04-13,0.009810011229238523,False,0.07506153755062864,0.08612601183861258,0.0528097688030079,0.06645347290544627
2026-04-14,0.08168401264468013,False,0.07511266338076981,0.08617438522717698,0.052866430069525364,0.06650674011116557
2026-04-15,-0.02274763994059382,False,0.07539373861966187,0.08648798846203454,0.05308208824248106,0.06676250885245444
2026-04-16,-0.03214771284678691,False,0.07536349424505819,0.08645936166066305,0.0530485907656912,0.06673100601996215
2026-04-17,-0.05525592869108065,False,0.07532047643022276,0.08642141505694721,0.05299537423610742,0.06668404284703644
2026-04-20,0.0345500126495503,False,0.0754164930838727,0.08653352138878491,0.053059032931399956,0.06676754187116732
2026-04-21,-0.02393486458109025,False,0.07538178284820582,0.08650037835209766,0.05302117090122674,0.06673161236834164
2026-04-22,0.03629000140520043,False,0.07537085089493567,0.0864924895704214,0.053004118824324514,0.06671831285407177
2026-04-23,0.008944603462898285,False,0.07546828869026065,0.08659506474067234,0.05309122484284322,0.06681175381644129
2026-04-24,-0.005954170612348317,False,0.07548348334664984,0.08661058436779162,0.05310576595046473,0.06682669564843235
2026-04-27,-0.039901745241876105,False,0.0754634086525429,0.0865903271114072,0.053086058407428395,0.06680676298618751
2026-05-13,-0.04403798268573366,False,0.07549099345652796,0.08662630726359606,0.053096759323220985,0.06682781628237779
2026-05-14,-0.02824381666880311,False,0.07878820004557315,0.09035165660323904,0.05553292785213724,0.0697919315397802
2026-05-15,-0.045667805803356186,False,0.0787653821472658,0.090332773073312,0.05550219754397758,0.06976605273713395
2026-05-18,-0.05416439962734386,False,0.07876239823553295,0.09034033838531946,0.05547799808408343,0.06975486162119514
2026-05-19,0.030139979538735845,False,0.07872426902751016,0.09031357028604076,0.05541702054563753,0.06970789356950345
2026-05-20,-0.004617760899323335,False,0.07880886385239953,0.09040205178688734,0.05549379887492614,0.06978946459434379
2026-05-21,-0.03187312646370623,False,0.07878058692089776,0.0903730133967468,0.055467053313202945,0.06976178007103209
2026-05-22,0.007668952037777386,False,0.07877886132887434,0.09037577121102498,0.055456311140940115,0.06975656642794811
2026-05-26,0.09372831815097848,False,0.07876374917698259,0.09035962482399261,0.055443278939760934,0.06974225890198951
2026-05-27,-0.006980411061436791,False,0.07921605584054105,0.09085310961761885,0.055812772249166386,0.0701625293389397
2026-05-28,-0.009952746315022461,False,0.07918970950201015,0.09082636602805788,0.055787224822343905,0.0701364920582509
2026-05-29,-0.043886374294784966,False,0.07915714301066944,0.0907934881036838,0.05575528465410341,0.07010416785909812
2026-06-01,-0.007162987904703882,False,0.07912037087342091,0.0907650088621267,0.055701834670951834,0.0700609439212173
2026-06-02,0.05324261274360015,False,0.07911629792183501,0.09076114417672512,0.0556973428751578,0.0700567089403536
2026-06-03,-0.008802012818090182,False,0.07927338381857268,0.09093072410673614,0.05582930201649003,0.07020407458800423
2026-06-04,-0.02662842416141035,False,0.07926743373261494,0.09092504556323616,0.055822805831384915,0.070197913244379
2026-06-05,-0.05255512420797264,False,0.07925975548774505,0.09092023446091882,0.05580936147495969,0.0701880043875707
2026-06-08,0.01817513483967336,False,0.07920419650935577,0.09087467993149098,0.055733682545188776,0.07012466203500943
2026-06-09,0.0,False,0.07925608310791718,0.0909274625856529,0.055783767085966975,0.0701758515101166
2026-06-10,-0.01950509912668011,False,0.07915971044105298,0.09082404289614707,0.055701566689207976,0.07008496136550123
2026-06-11,-0.012588889972488094,False,0.07914730117582704,0.09081352027574448,0.055685363191809265,0.07007108430703186
2026-06-12,0.018427547748008123,False,0.07913464212856378,0.09080177537543947,0.05567086570322585,0.07005771406139558
2026-06-15,0.026891060379466668,False,0.07919056715881766,0.09085716735847399,0.05572786274495972,0.07011405379774427
2026-06-16,0.06482827822657382,False,0.07925881411885644,0.09092871445164366,0.05578947280591468,0.0701797332829452
2026-06-17,0.0004827419837895962,False,0.07951406175807332,0.09120023978168874,0.05601198437447634,0.07042231702044598
2026-06-18,-0.00024134186191721857,False,0.07951347020381372,0.09119964988104731,0.05601138949462457,0.07042172417968585
2026-06-22,0.08819741405662476,False,0.0795353357878628,0.09122218254279524,0.05603191351844176,0.07044307078309421
