date,actual_return,estimation_failed,var_0.01,es_0.01,var_0.05,es_0.05
2007-01-08,0.004288979741342419,False,0.025220040809458402,0.028893705947045347,0.017831931354808865,0.02236196132316559
2007-01-09,0.009175839733252146,False,0.02482597288104732,0.02844223630301523,0.01755330404006151,0.02201255142964457
2007-01-10,-0.0024495808113986074,False,0.02484205794652183,0.028460664391830422,0.017564677050341152,0.02202681364336338
2007-01-11,0.0013072695131735325,False,0.02439598332564737,0.027949612525445155,0.01724927819438163,0.021631290753666103
2007-01-12,0.021165626257235372,False,0.023768925958552484,0.02723121514799233,0.01680591475932447,0.021075295119229096
2007-01-16,-0.0014399241455044273,False,0.02497354079714494,0.028611299628770986,0.01765764252903961,0.022143396104212964
2007-01-17,0.011936165093056407,False,0.024422190803772496,0.027979637503290432,0.017267808297264518,0.021654528250252224
2007-01-18,-0.00794159223723301,False,0.024691860894993853,0.02828858895889397,0.017458479620575812,0.021893637782051435
2007-01-19,0.013306112012223904,False,0.02471331203592666,0.028313164769973097,0.01747364673610453,0.02191265795682043
2007-01-22,-0.0034678663823986254,False,0.025094541523813838,0.028749925868203508,0.01774319657980992,0.022250684335437
2007-01-23,0.018616140923706764,False,0.024762198351154625,0.02836917208684079,0.017508212002034146,0.021956004194783295
2007-01-24,0.003712818933368832,False,0.02562881342922638,0.029362022234239848,0.01812095568076056,0.022724409488189674
2007-01-25,0.00030880378921575397,False,0.025141142946086437,0.028803315464280353,0.017776146302979672,0.022292004617602192
2007-01-26,-0.005107165514159464,False,0.024441704337529405,0.028001993466574535,0.01728160541984143,0.021671830398589217
2007-01-29,-0.002174627201514296,False,0.024240496367746497,0.02777147663446342,0.017139340515025588,0.0214934244684723
2007-01-30,0.0017090606685030243,False,0.02378071453323287,0.027244720899744407,0.016814249918496487,0.0210857477451011
2007-01-31,0.012035306080422118,False,0.023173865220986495,0.026549475173748695,0.016385174669949234,0.020547670072984345
2007-02-01,0.008248136440767544,False,0.02348290384172393,0.026903529756821337,0.016603681670497306,0.020821686667029788
2007-02-02,-0.017183626086538163,False,0.023465703676918262,0.026883824138266225,0.01659152022474774,0.02080643572342338
2007-02-05,0.0072469858056201705,False,0.024367809561012227,0.027917334842909293,0.01722935782070832,0.021606309801420268
2007-02-06,0.004139448106072946,False,0.0242129768782135,0.027739948531698377,0.017119882749196447,0.021469023645126314
2007-02-07,-0.0019909461043554253,False,0.023799620183792662,0.027266380432817306,0.016827617234812402,0.02110251089904687
2007-02-08,0.008700371237097056,False,0.023381683524955565,0.026787565231201894,0.01653211343815533,0.020731937216353098
2007-02-09,0.014334458949087348,False,0.023397109226362702,0.026805237909999363,0.016543020242417463,0.020745614788917517
2007-02-12,-0.007367937254463199,False,0.023959720763594105,0.027449801986718973,0.0169408169941012,0.02124446796408038
2007-02-13,0.0019601194788763116,False,0.023937504022294342,0.027424349054462963,0.01692510855775179,0.02122476895116341
2007-02-14,0.005258030399310162,False,0.023379604065436484,0.026785182868210213,0.01653064314793338,0.020730093413097974
2007-02-15,-0.00014990128173540722,False,0.023075428859163884,0.026436700126535734,0.016315574844155946,0.020460389083532305
2007-02-16,0.002245341901959331,False,0.02256626507522928,0.02585336924443922,0.015955568541546332,0.020008926656111006
2007-02-20,-0.01764886676878753,False,0.02206743971900867,0.025281882732166683,0.015602872065859901,0.01956663104655608
2007-02-21,0.03455071376976907,False,0.02313442101023218,0.02650428534097011,0.01635728548198837,0.020512695906131292
2007-02-22,-0.001176798858110004,False,0.02565188815010216,0.02938845812325494,0.018137270755022215,0.022744869249522553
2007-02-23,0.00543113433647951,False,0.025119464512853195,0.028778479252476955,0.01776081847951517,0.022272782908598184
2007-02-26,0.004964999210323064,False,0.024821986610057193,0.028437669373774944,0.01755048553111481,0.022009016905716626
2007-02-27,-0.0037944814056830815,False,0.024475429646128474,0.0280406313560608,0.017305451035017155,0.021701733762037437
2007-02-28,-0.0214299185535567,False,0.024182074896190762,0.02770454522729885,0.017098033378439275,0.02144162365271463
2007-03-01,-0.010663218189124078,False,0.02543423598022484,0.029139101754536722,0.01798337891234835,0.022551882670259194
2007-03-02,-0.0319094230039708,False,0.025665507483866423,0.029404061310733986,0.018146900359772556,0.022756945162372363
2007-03-05,-0.007510577860367965,False,0.02788722452496729,0.03194940369808783,0.019717774335196964,0.024726884502259672
2007-03-06,0.01108949370847853,False,0.027773959275787047,0.031819639720758915,0.01963768968491718,0.024626455119906042
2007-03-07,0.010506876609991436,False,0.02787065806180976,0.031930424089027215,0.01970606095074811,0.02471219544560076
2007-03-08,0.004294560017826217,False,0.027916154035295192,0.03198254721164998,0.019738229061903905,0.02475253555476741
2007-03-09,-0.005217173641936625,False,0.027429254345104064,0.03142472351182418,0.019393964676379608,0.02432081412645664
2007-03-12,-0.002464535375382498,False,0.027139201311020763,0.031092420041771575,0.019188881511284662,0.02406363156363521
2007-03-13,-0.0012346434101144065,False,0.026647138789440198,0.030528681469200417,0.01884096672504815,0.023627332385561032
2007-03-14,-0.010399707500601575,False,0.026061730668942306,0.029858000155856344,0.0184270515574188,0.0231082660665275
2007-03-15,0.007461541933949572,False,0.026262206844343713,0.030087678597108675,0.018568799044072024,0.02328602313339399
2007-03-16,0.01062932821123143,False,0.0261123431760566,0.02991598510952282,0.018462837334268865,0.02315314287442441
2007-03-19,0.0007658727780318655,False,0.026346460939730726,0.030184205524853916,0.018628371241304127,0.023360729072079707
2007-03-20,0.007322761674232618,False,0.025637183827554463,0.029371611902622167,0.018126874004585906,0.02273183130503312
2007-03-21,0.0016705533014776345,False,0.025472861811365852,0.0291833539988285,0.01801068946170998,0.02258613120096445
2007-03-22,0.006654628811864932,False,0.024856201975150524,0.028476868703599452,0.01757467764270708,0.02203935478965011
2007-03-23,-0.010150851529001139,False,0.024659833313090605,0.028251896094647677,0.017435834389893032,0.02186523974918519
2007-03-26,0.010150851529001132,False,0.02488820599093307,0.02851353456897738,0.017597306210869364,0.022067731927043432
2007-03-27,-0.0019615982572508167,False,0.025051139731552676,0.028700201974707726,0.01771250916791698,0.0222122010828827
2007-03-28,0.006623574561642005,False,0.024601880700225873,0.028185501842250257,0.017394858761731156,0.02181385465836601
2007-03-29,-0.007530156063753038,False,0.0244128230410664,0.02796890518992676,0.017261184782941707,0.021646222096075037
2007-03-30,0.0022650066308520615,False,0.024421093204677006,0.0279783800229496,0.017267032235406658,0.021653555037373342
2007-04-02,0.004064146757930971,False,0.023884871736754226,0.02736405011231586,0.01688789468843695,0.021178101257701292
2007-04-03,-0.0025569874673596147,False,0.023494505743675925,0.02691682164425166,0.016611884841965435,0.020831973774996262
2007-04-04,0.012124953174441025,False,0.02318147671038332,0.026558195387094603,0.01639055640416043,0.0205544189848037
2007-04-05,0.003119718255035031,False,0.023508198393121172,0.026932508826905174,0.016621566284863082,0.02084411469497413
2007-04-09,-0.0034172646439489655,False,0.02308530338075157,0.02644801301557021,0.01632255666438548,0.02046914456777188
2007-04-10,0.006822891348881776,False,0.022804053154761795,0.026125794610426273,0.016123697560180807,0.020219767228407848
2007-04-11,0.0004433426447768696,False,0.022686346199468393,0.025990941927995483,0.01604047238371764,0.020115399499520136
2007-04-12,-0.002514998371419414,False,0.022085535028981796,0.02530261388678036,0.015615666427602716,0.01958267569235213
2007-04-13,0.015141853176474688,False,0.021745442259935185,0.02491298166779268,0.015375202466512231,0.01928112418396375
2007-04-16,0.0068338341883085055,False,0.0224272590870786,0.025694115015754627,0.01585728379818142,0.019885673622771417
2007-04-17,-0.0027569681479818883,False,0.02232091431963244,0.025572279588809407,0.01578209230236386,0.01979138045352087
2007-04-18,0.0013068518332491478,False,0.021993421152445233,0.02519708228663752,0.01555053694047638,0.019501000687937985
2007-04-19,-0.006989962814511815,False,0.021442393561347355,0.02456578952600409,0.015160930664527054,0.01901241869977932
2007-04-20,0.011189555497930569,False,0.02150529441612559,0.024637852803597936,0.01520540496704855,0.019068191269394567
2007-04-23,-0.0020252060137366454,False,0.021805773806421874,0.024982101380036092,0.01541786012926576,0.01933461861402019
2007-04-24,-0.009310459219108546,False,0.02142656722378707,0.024547657852580545,0.015149740588860436,0.018998385893445487
2007-04-25,-0.00014622030572892565,False,0.02173357664279932,0.02489938765123283,0.015366812834162002,0.019270603246528628
2007-04-26,-0.013539502155394524,False,0.021195207267301577,0.02428259695909833,0.01498615660049696,0.01879324497247134
2007-04-27,0.00561465377191309,False,0.021877034023755414,0.025063741682718934,0.015468244952725044,0.0193978032153431
2007-04-30,0.0026486003959069423,False,0.021695106954963524,0.024855314294785866,0.01533961268655274,0.019236493164074844
2007-05-01,-0.009004379202715457,False,0.021254759552726543,0.024350823899591548,0.015028263283580586,0.01884604845179322
2007-05-02,-0.0031187915709336923,False,0.021493146243368025,0.02462393507308739,0.015196815552608822,0.019057419797159286
2007-05-03,0.014031690481807649,False,0.021205452128783914,0.024294334133410422,0.014993400271039476,0.018802328827567372
2007-05-04,0.00788904663379937,False,0.02181910376988592,0.024997373046229055,0.015427285133580734,0.019346437949669736
2007-05-07,0.0011634494998651308,False,0.021831844324353242,0.025011969447446738,0.015436293393892441,0.019357734671526232
2007-05-08,-0.004224060560255767,False,0.0212600534944922,0.024356888980843136,0.015032006386411974,0.01885074245375401
2007-05-09,-0.007030917965673252,False,0.02107311824496226,0.024142723897928993,0.014899833065892924,0.01868499177747607
2007-05-10,-0.022596490824395927,False,0.02112957215630805,0.024207401141170173,0.014939749031114165,0.018735048008217084
2007-05-11,0.008235429042812102,False,0.02264234959891484,0.025940536583742933,0.016009364410227697,0.02007638884575623
2007-05-14,-0.0031364010838330104,False,0.022693154219899394,0.02599874163545436,0.016045286021962913,0.020121435996079184
2007-05-15,0.0067089331027298405,False,0.02236803304240768,0.025626261837718285,0.01581540778493593,0.01983315941273261
2007-05-16,-0.01920249173573645,False,0.022264960968382028,0.025508175819509604,0.01574253026017261,0.01974176805653799
2007-05-17,-0.006077198779382404,False,0.023384031876558818,0.026790255654314102,0.016533773849607573,0.02073401943930118
2007-05-18,0.007288200722077313,False,0.02329252937091082,0.02668542448010682,0.016469076634728515,0.02065288652172454
2007-05-21,0.0028703462248374045,False,0.02320743779533693,0.026587938081025313,0.016408912293759764,0.020577438010903858
2007-05-22,-0.005748955059365261,False,0.02275142178212735,0.026065496714162816,0.0160864843363396,0.020173100344395706
2007-05-23,0.0042392929925380175,False,0.02269784896162003,0.026004120234474015,0.016048605457990927,0.020125598702776304
2007-05-24,-0.013537394733265571,False,0.022375858101819936,0.025635226730653396,0.01582094052468607,0.019840097691589908
2007-05-25,0.003210729193710797,False,0.022989303931110924,0.026338029852182355,0.016254679867158037,0.020384024325654577
2007-05-29,0.0030483182794223047,False,0.02258767104699655,0.025877893306807998,0.015970703720034774,0.020027906780543038
2007-05-30,-0.006105957222767077,False,0.022165221907875215,0.02539390831663397,0.01567200935603182,0.01965333199767857
2007-05-31,0.012023620324889104,False,0.022107743515347437,0.025328057361651227,0.015631369027267732,0.0196023673858314
2007-06-01,0.015313333488186061,False,0.022482625332737014,0.02575754615900822,0.015896430725000982,0.019934765448330956
2007-06-04,-0.0007452120337467954,False,0.02314612179305201,0.026517690512702412,0.01636555856757206,0.02052307068921926
2007-06-05,-0.0016414785915275355,False,0.02262488574580904,0.025920528866858035,0.015997016522604282,0.020060904096518277
2007-06-06,-0.0004481108465064786,False,0.022178229970393412,0.02540881119233434,0.01568120675898751,0.019664865912041318
2007-06-07,-0.013841070158767094,False,0.021641727224375358,0.024794159031366607,0.015301870333208515,0.01918916273031893
2007-06-08,-0.022366091422627327,False,0.022302947672446775,0.025551695838586363,0.015769388912162736,0.019775449889708217
2007-06-11,0.013540732932368436,False,0.023738786018116045,0.027196684887600943,0.016784604193137792,0.02104857080948613
2007-06-12,-0.008903939462567009,False,0.024208157804469044,0.027734427489890346,0.017116475403710606,0.021464750696422497
2007-06-13,-0.0004626942168529491,False,0.024340247400700243,0.027885757853746727,0.01720986988433317,0.02158187114299239
2007-06-14,0.005231529720376171,False,0.02378232175816465,0.027246562240324325,0.016815386313352935,0.021087172830097343
2007-06-15,0.00444074608993292,False,0.023515982840080562,0.026941427191593963,0.016627070309414974,0.020851016963814348
2007-06-18,0.0019842604466387076,False,0.023191689021452928,0.026569895269553723,0.016397777059802623,0.020563473978286225
2007-06-19,0.007444051715152761,False,0.022674537943355506,0.02597741362792448,0.01603212330870956,0.020104929422628297
2007-06-20,-0.006986718371801268,False,0.02262760298312116,0.02592364190923881,0.0159989377561816,0.02006331340093371
2007-06-21,-0.008418202626151703,False,0.022646651193337575,0.025945464767852273,0.016012405869876473,0.020080202958859216
2007-06-22,0.004447556550483525,False,0.02280570225026093,0.02612768392062964,0.01612486355979042,0.020221229438958915
2007-06-25,-0.0033721862544839167,False,0.022512245824239885,0.025791481305186492,0.015917374012728608,0.019961029176068935
2007-06-26,-0.01422633003200302,False,0.02224234635198814,0.025482267055874884,0.015726540504636614,0.019721716258011612
2007-06-27,-0.0006230929983636003,False,0.02290861779382123,0.02624559060743787,0.016197630409058236,0.02031248200361713
2007-06-28,0.008997869794266703,False,0.022433952810159842,0.02570178377679517,0.015862016622025545,0.01989160877481109
2007-06-29,0.0009261741897677715,False,0.022534936095686405,0.025817476744130763,0.01593341726047405,0.019981148055984027
2007-07-02,0.012877725979390315,False,0.021992942877522525,0.025196534344027795,0.015550198774267415,0.019500576613869103
2007-07-03,-0.005498678156999113,False,0.0224379078809642,0.025706314961089608,0.015864813070755327,0.019895115634337036
2007-07-05,-0.006916188071551479,False,0.022317825500650004,0.025568740838492688,0.01577990834047108,0.019788641677198446
2007-07-06,0.006609796829232742,False,0.02236668263067618,0.025624714718910185,0.015814452970886312,0.01983196203739376
2007-07-09,0.01187949961884717,False,0.022246927709978156,0.02548751575517723,0.01572977977224157,0.019725778430271932
2007-07-10,0.003023433897997351,False,0.022589648690130405,0.025880159022379574,0.015972102020571782,0.020029660305828922
2007-07-11,-0.003326299146950396,False,0.022177974929878372,0.025408519001465107,0.015681026431564916,0.019664639774178327
2007-07-12,0.009645929220218629,False,0.021913746250533408,0.025105801578386776,0.015494202480420311,0.019430355002292975
2007-07-13,-0.0013508811271027287,False,0.02206801845156297,0.025282545765520685,0.015603281261041583,0.01956714419382231
2007-07-16,-0.001202266150688713,False,0.021612700804509267,0.0247609044919849,0.015281347086222575,0.019163425750616976
2007-07-17,-0.00045121124359531956,False,0.02115709390790085,0.024238931835496875,0.01495920839634179,0.0187594508372733
2007-07-18,0.011814933595868524,False,0.02066029061491803,0.023669761929332962,0.014607941628605627,0.018318948139167564
2007-07-19,0.006815905276592799,False,0.021097363533110293,0.024170500864336118,0.014916975794455486,0.01870648945069284
2007-07-20,0.009845075517622317,False,0.021030389781003894,0.024093771412780005,0.014869621733486348,0.018647105547804434
2007-07-23,-0.004543184473600351,False,0.021231539690657827,0.024324221727461324,0.01501184558665433,0.018825459997498763
2007-07-24,0.004981731056082021,False,0.02108280696435408,0.024153823919979937,0.014906683513932095,0.018693582515688898
2007-07-25,-0.016059312963741166,False,0.02087254577128198,0.023912935131155222,0.01475801749115406,0.018507149325403274
2007-07-26,-0.01617041956070595,False,0.021764720684066985,0.024935068274321,0.015388833353882496,0.019298217866645078
2007-07-27,-0.0037807228399060443,False,0.022668182312315568,0.02597013220694014,0.016027629534203922,0.020099294048103202
2007-07-30,0.006192868763566307,False,0.022406241893907136,0.02567003636322918,0.01584242350716382,0.019867038218317774
2007-07-31,0.004207442462503304,False,0.022253362376117004,0.02549488772387022,0.015734329428831975,0.019731483883185807
2007-08-01,-0.004960624720581275,False,0.02194183448272522,0.02513798126943701,0.015514062378035327,0.019455260115121893
2007-08-02,0.0015057976595615988,False,0.021802892313951234,0.02497880015634798,0.01541582275841755,0.019332063668781672
2007-08-03,0.011816792290473208,False,0.021302464997139815,0.0244054783346642,0.015061993610048141,0.0188883476419862
2007-08-06,-0.0014880955127019556,False,0.021682620550385938,0.02484100906407961,0.01533078412394342,0.019225421790386794
2007-08-07,-0.0013412183374613405,False,0.02131214675000134,0.024416570375408557,0.015068839132374029,0.01889693220315585
2007-08-08,0.0057988780219796745,False,0.02088787344373683,0.02393049550166014,0.014768854983650955,0.018520739978217803
2007-08-09,-0.01961283818741479,False,0.02074170282622711,0.023763033011320312,0.01466550446026299,0.018391134252357527
2007-08-10,0.013366517692220628,False,0.021975144928062074,0.025176143864803123,0.015537614662471843,0.019484795629989133
2007-08-13,-0.0008954860090009223,False,0.02246760381552839,0.025740336539706504,0.015885809700803086,0.019921446255496484
2007-08-14,-0.0016439316728176464,False,0.021975509531141444,0.025176561577615022,0.015537872456546491,0.01948511891415908
2007-08-15,0.000448671152386443,False,0.021571938201705054,0.02471420422421137,0.015252525723856838,0.01912728259945294
2007-08-16,-0.03128107527152852,False,0.020996602584292094,0.02405506262027878,0.014845732360071444,0.018617147309758914
2007-08-17,0.013178303712340057,False,0.023353792541340946,0.026755611520848165,0.016512393005940665,0.020707206998762755
2007-08-20,-0.00030452527862507125,False,0.023797996134938913,0.027264519817666904,0.016826468944534215,0.021101070896711864
2007-08-21,0.0,False,0.023216738150763066,0.026598593168259948,0.016415488147493988,0.020585684396780164
2007-08-22,0.003647919231787666,False,0.022654586095904095,0.025954555504191977,0.016018016274670907,0.020087238632815342
2007-08-23,-0.00030341604462672873,False,0.02229615396811423,0.02554391253257355,0.015764585396172495,0.019769426086865344
2007-08-24,0.013716358564113813,False,0.02176947510631928,0.024940515247208302,0.015392194987270609,0.019302433490534152
2007-08-27,-0.0017980409668924948,False,0.022335241359416808,0.025588693569966247,0.01579222229350395,0.01980408387109081
2007-08-28,-0.0036057180845838785,False,0.021919314900053288,0.025112181382565733,0.01549813981647491,0.01943529258055174
2007-08-29,0.0028555867626987724,False,0.021665231011190424,0.024821086486005055,0.01531848878026936,0.019210002933381144
2007-08-30,-0.001952960592013977,False,0.02128202866682772,0.024382065156107687,0.015047544020452996,0.018870227273685484
2007-08-31,0.011958288988873576,False,0.02096420966527224,0.024017951202260173,0.014822828816310037,0.01858842534187079
2007-09-04,0.014017197414386943,False,0.02138622479801526,0.02450143896672513,0.015121216314356504,0.018962615302445748
2007-09-05,-0.0011728307836257467,False,0.02199458376075715,0.025198414245731084,0.015551358967362348,0.01950203154281651
2007-09-06,0.020185051106791134,False,0.021542387080915815,0.024680348553598432,0.015231631484971479,0.019101080380941965
2007-09-07,0.007447774821192289,False,0.022662007712270386,0.02596305818674351,0.016023263758391706,0.020093819189103586
2007-09-10,0.003561003753708571,False,0.022605064536092127,0.02589782041014291,0.015983001856501575,0.020043329139823457
2007-09-11,0.012575262026388204,False,0.022255505870442043,0.025497343449267126,0.015735844995121193,0.01973338446445588
2007-09-12,-0.00042130157951222115,False,0.02266411311460505,0.025965470271498547,0.016024752391585823,0.020095685995185825
2007-09-13,-0.00337698980395983,False,0.022186942524560722,0.025418792856521957,0.01568736700547602,0.019672591109664406
2007-09-14,0.0001408999898850598,False,0.021904377968620395,0.025095068670186165,0.015487578598990163,0.019422048387748372
2007-09-17,0.008699384688253022,False,0.021333178062455032,0.0244406652038947,0.015083709406486952,0.01891558012681379
2007-09-18,0.0,False,0.021453068946750777,0.024578019936297563,0.015168478738740662,0.01902188428935964
2007-09-19,0.00862435761459098,False,0.02091519363125505,0.0239617952711781,0.014788171832188437,0.018544964085594938
2007-09-20,0.01430170724185772,False,0.021011853578167757,0.024072535142856073,0.014856515636670325,0.018630669973650066
2007-09-21,-0.0013663070394987463,False,0.02161311499441782,0.024761379014667653,0.015281639940864365,0.01916379300215259
2007-09-24,0.0009565442094225595,False,0.021178008560012975,0.0242628930103688,0.014973996185290703,0.018777995321207816
2007-09-25,-0.000683200158677448,False,0.020649777048669243,0.023657716909503603,0.014600507969276562,0.01830962603046837
2007-09-26,-0.004520848683053974,False,0.02021934386906144,0.0231645848874184,0.014296168457315113,0.017927972004318383
2007-09-27,0.0060233233633819605,False,0.02008619891747754,0.02301204544037849,0.014202027783443046,0.01780991580130949
2007-09-28,0.013690455218486207,False,0.019979817090829993,0.022890167556021097,0.014126810084767997,0.01771558977261853
2007-10-01,0.005906090206921606,False,0.02057237068716249,0.023569035187507026,0.014545777489843863,0.01824099180123541
2007-10-02,-0.023562395975862144,False,0.020460082914229464,0.02344039107003364,0.014466383968078618,0.018141429121921623
2007-10-03,-0.0006853540236274667,False,0.02209182531169465,0.025309820440504924,0.015620113997310689,0.019588253124196885
2007-10-04,0.011587615365222072,False,0.02159622263160551,0.024742026033935494,0.01526969612775298,0.01914881497865454
2007-10-05,0.004732616578215814,False,0.021948010236296958,0.025145056611188092,0.015518428969453138,0.019460735996923828
2007-10-08,-0.011532588493760723,False,0.021689894512759347,0.02484934258469026,0.015335927208314303,0.0192318714256784
2007-10-09,0.006257722206492752,False,0.022255246434769418,0.025497046223021794,0.015735661560084737,0.01973315442951974
2007-10-10,0.004060094765147877,False,0.022118587172794357,0.025340480555254646,0.01563903607890692,0.019611982177903376
2007-10-11,0.014614409453741706,False,0.02181193067165949,0.024989155082092932,0.015422213365610914,0.01934007774802222
2007-10-12,-0.0034666375862942847,False,0.022419151798114798,0.025684826782435832,0.015851551506891,0.019878485098231986
2007-10-15,0.011156927321505155,False,0.022206202490711396,0.02544085831639619,0.015700984842056443,0.01968966842612875
2007-10-16,-0.00013205942499815634,False,0.022524429817807362,0.025805440074328025,0.015925988754416146,0.01997183240969477
2007-10-17,0.0006602839460755097,False,0.021951372382087636,0.025148908502331365,0.015520806188165715,0.019463717125094954
2007-10-18,0.008675101318599207,False,0.02132824492341268,0.024435013481521904,0.015080221410673163,0.018911206039345003
2007-10-19,-0.0001308495356028981,False,0.0214320972479482,0.024553993405056408,0.01515365061469968,0.0190032892235924
2007-10-22,-0.010791014402271579,False,0.02089583065433389,0.023939611795518945,0.014774481161428167,0.018527795432130668
2007-10-23,0.0042250026313810085,False,0.021307286252273756,0.024411001875612775,0.015065402497894198,0.018892622524871953
2007-10-24,0.0034196740252454955,False,0.021015722940514205,0.024076968134011223,0.014859251484890002,0.018634100837691497
2007-10-25,0.00745639185367149,False,0.020725392025628807,0.023744346305782885,0.014653971843055575,0.01837667188511218
2007-10-26,0.02140364906448734,False,0.020758188637822708,0.023781920220747942,0.014677160819700394,0.01840575179735149
2007-10-29,0.0066115322488308715,False,0.02205812001630695,0.025271205479444857,0.01559628253255661,0.019558367505948283
2007-10-30,-0.006101439933481708,False,0.021968024310172973,0.025167986025527465,0.01553258000093574,0.01947848196130651
2007-10-31,0.009769807160042446,False,0.021924327478485252,0.025117924115828694,0.015501683980228833,0.01943973710488347
2007-11-01,-0.0016427472992857919,False,0.022124486420344737,0.025347239113867506,0.015643207165629506,0.019617212888930136
2007-11-02,0.018792835418849324,False,0.021716188761968017,0.02487946697308732,0.01535451866304103,0.01925518585995185
2007-11-05,0.0029743030937272865,False,0.02272168485898877,0.026031428176390512,0.016065458725155357,0.0201467333797219
2007-11-06,0.015593676516674149,False,0.022250779902921156,0.02549192907595602,0.01573250348076544,0.01972919407064506
2007-11-07,0.01235033531105721,False,0.023060399575389006,0.026419481609354617,0.016304948328576117,0.020447063004283353
2007-11-08,0.00504143688862432,False,0.023430456849462714,0.02684344309860966,0.016566598813541045,0.02077518326835084
2007-11-09,-0.0032380098894735834,False,0.0231223540637101,0.02649046066847565,0.016348753498885347,0.02050199645510922
2007-11-12,-0.032597664246311255,False,0.022795294634242194,0.026115760284219726,0.016117504812997917,0.02021200127360281
2007-11-13,-0.010729953957265712,False,0.025379907162778277,0.029076859155977446,0.017944965503321204,0.022503710705604096
2007-11-14,0.019625505896788575,False,0.025658365393082038,0.029395878870724073,0.018141850515739428,0.022750612454225955
2007-11-15,-0.03390152061058133,False,0.026632636765193108,0.030512067014553095,0.018830713010439454,0.023614473813770007
2007-11-16,-0.00025453321894937814,False,0.029732222734136744,0.03406315268570147,0.021022287744363075,0.026362796946115992
2007-11-19,-0.011392154455674711,False,0.028734613073085478,0.03292022669227736,0.02031692381854069,0.02547824212621743
2007-11-20,0.017229703502251552,False,0.028964225088603815,0.03318328503181054,0.020479271918208582,0.025681833192907122
2007-11-21,0.009194583273364906,False,0.029888943550031244,0.03424270216400915,0.021133097827979286,0.02650175726144797
2007-11-23,0.032563341871250005,False,0.029917057104339815,0.03427491086571013,0.021152975629698867,0.026526684826746326
2007-11-26,0.0024242436115064756,False,0.032600580223604084,0.03734932809191226,0.02305037145127171,0.028906095734769238
2007-11-27,-0.015003010816484757,False,0.03147081680056137,0.03605499822219685,0.022251567676167743,0.02790436357417204
2007-11-28,-0.016855073362179444,False,0.031958794846796326,0.03661405735628193,0.022596594517672774,0.028337041153042867
2007-11-29,-0.00601730272818875,False,0.032832550490677855,0.03761508819658161,0.023214386962192884,0.029111777802439905
2007-11-30,-0.016608908686688486,False,0.03219912946816691,0.03688940020490143,0.022766524078962656,0.028550139678469956
2007-12-03,0.007768234653164796,False,0.03308878483465174,0.03790864679326473,0.023395558486339396,0.029338974202830416
2007-12-04,0.016356680969389612,False,0.03284797336428172,0.037632757635665204,0.023225291767045336,0.02912545286766392
2007-12-05,-0.004753558890991362,False,0.03322689812031535,0.038066878284383016,0.023493212040818064,0.02946143569984222
2007-12-06,0.004628784368598568,False,0.032421613298465185,0.03714429203553637,0.022923832166582638,0.028747410366719354
2007-12-07,-0.008523475563928767,False,0.0315676187115885,0.03616590073712382,0.02232001185694808,0.02799019533815496
2007-12-10,0.016603574097904306,False,0.031368085904727644,0.03593730307973764,0.022178931382818127,0.027813274731902343
2007-12-11,0.004570463299585012,False,0.03184571402537312,0.03648450467129076,0.022516640267780847,0.02823677529803643
2007-12-12,0.002584745797933599,False,0.031076597771960618,0.03560335546804047,0.02197283352542316,0.027554819704000352
2007-12-13,-0.017984980892817835,False,0.030189137603237312,0.034586623839866826,0.021345351241458494,0.02676793160501687
2007-12-14,-0.007159500845978265,False,0.031021889543319428,0.03554067819153704,0.021934151852183878,0.02750631132520049
2007-12-17,0.0018890503987451905,False,0.030755163882974695,0.03523510006592029,0.021745562400574046,0.02726981254450511
2007-12-18,0.010264218627720131,False,0.029826287274275404,0.03417091909192359,0.021088796456039907,0.026446201553759336
2007-12-19,-0.0023689612013650745,False,0.02975451788770931,0.03408869545211636,0.021038051622425547,0.02638256548517786
2007-12-20,-0.0023745101369897813,False,0.029076905945621484,0.033312379491773056,0.02055894337165788,0.025781744409765477
2007-12-21,0.015396335261854686,False,0.028416089172536397,0.03255530516066273,0.020091710212727373,0.025195815178600794
2007-12-24,0.0014774839354628937,False,0.028905007048366085,0.03311544102416931,0.020437401564529795,0.025629326080193287
2007-12-26,0.016109711715253903,False,0.028060560810519795,0.032147988930464964,0.019840332453505426,0.024880577327053705
2007-12-27,0.003142726658091036,False,0.028623745105358474,0.032793209195253754,0.02023853417576051,0.025379938351651
2007-12-28,0.01318805868920145,False,0.027937499986994442,0.032007002511156346,0.019753321802961698,0.024771462460949332
2007-12-31,-0.005613572426415989,False,0.02821906955824987,0.03232958677884074,0.019952406701521683,0.02502112295554428
2008-01-02,0.026125932155925263,False,0.02789924830387493,0.03196317891497801,0.01972627579646447,0.02473754567766864
2008-01-03,0.010908805267743064,False,0.029486843418348393,0.03378203030967356,0.02084879131158225,0.02614522541993884
2008-01-04,-0.0038161929263933144,False,0.02953998093226983,0.03384290807405161,0.02088636240465744,0.02619234108640813
2008-01-07,-0.0040633945724295505,False,0.02899910462528446,0.033223245279457796,0.020503933634994687,0.025712759980699235
2008-01-08,0.02117945726841645,False,0.02849849654246273,0.03264971636056958,0.020149976675290174,0.02526888367333318
2008-01-09,0.0017069705424961159,False,0.029560524641873736,0.03386644427325292,0.020900887917213017,0.026210556665164232
2008-01-10,0.013776202652837558,False,0.02868947704718951,0.03286851594883688,0.020285010209776667,0.025438221173317607
2008-01-11,0.004922219814926059,False,0.02899364123608632,0.03321698606829481,0.020500070723674206,0.025707915734059616
2008-01-14,0.006118949001593346,False,0.02843114088169551,0.0325725493698109,0.020102352584265376,0.02520916114186099
2008-01-15,-0.0006656780386320042,False,0.02799369792480309,0.032071386494597974,0.01979305678106331,0.02482129172654066
2008-01-16,-0.022901792011034684,False,0.027344897651686198,0.031328079041155164,0.019334319936796875,0.024246017216736613
2008-01-17,-0.001249901419690313,False,0.028791573103689395,0.032985483778395434,0.020357197637420315,0.02552874711988316
2008-01-18,0.0014770073718299221,False,0.02806241347502545,0.03215011146245646,0.019841642387400375,0.02488222003700541
2008-01-22,0.009941324503009531,False,0.027222588756368307,0.031187954079315388,0.019247840940118444,0.02413756906602815
2008-01-23,-0.008013107245000536,False,0.027200077384402922,0.031162163599159288,0.019231924183971134,0.02411760881168024
2008-01-24,0.025728488516016213,False,0.0271347270259773,0.031087294012145144,0.01918571795003749,0.02405966433020182
2008-01-25,0.005506621844194516,False,0.028747382163582354,0.032934855786211636,0.02032595225536694,0.02548956415023716
2008-01-28,0.01806750911147768,False,0.02824679025230829,0.03236134539449183,0.01997200672982029,0.02504570218176636
2008-01-29,-0.0021595948925955824,False,0.02902921583587669,0.033257742625086004,0.02052522388762939,0.025739458816428504
2008-01-30,-0.004876208523132775,False,0.028547000198873282,0.03270528527880692,0.02018427138076289,0.025311890617567705
2008-01-31,0.0022785629507842933,False,0.02815635238140596,0.03225773393453936,0.019908062269222884,0.02496551324842772
2008-02-01,-0.015289147679384005,False,0.027393429342759443,0.03138368007771088,0.019368634464290675,0.024289049018585272
2008-02-04,-0.0041905527978791345,False,0.02805806191285618,0.03214512603207278,0.019838565597855313,0.024878361618787148
2008-02-05,-0.021220362360460914,False,0.027600938233529167,0.03162141565143958,0.019515354460648907,0.02447304181323076
2008-02-06,0.016568147366051975,False,0.02888339236115304,0.03309067784391954,0.020422118812945422,0.02561016089314533
2008-02-07,0.0059773959413758435,False,0.029504468849785095,0.03380222314111937,0.020861253443814818,0.026160853436525706
2008-02-08,0.013483403864657833,False,0.029031850615109895,0.03326076119817138,0.020527086818890147,0.025741795007386842
2008-02-11,0.004887860576610762,False,0.029295497607004336,0.033562812202575946,0.020713499485581804,0.0259755640119755
2008-02-12,-0.01693751858979255,False,0.0287279004150801,0.03291253623816605,0.02031217760668225,0.025472290185067692
2008-02-13,-0.0009923639404702778,False,0.029520599175836767,0.03382070308337197,0.0208726584557677,0.026175155781633815
2008-02-14,0.0009923639404703117,False,0.028705818703471293,0.03288723800463611,0.02029656464361927,0.02545271089950364
2008-02-15,-0.005082362713297334,False,0.027812094485520057,0.03186332987751081,0.019664653338437726,0.02466026862923155
2008-02-19,0.026020915212462904,False,0.027454830468757185,0.03145402516925137,0.01941204837754212,0.024343491817275964
2008-02-20,0.008596657509311826,False,0.029099225146664163,0.03333794980852125,0.02057472425258088,0.0258015342711004
2008-02-21,0.012229641761595725,False,0.029021635561648468,0.03324905817385125,0.02051986422422878,0.025732737582296043
2008-02-22,-0.0014808162087650222,False,0.029163356698532938,0.03341142305210653,0.020620068724433296,0.025858398068162387
2008-02-25,-0.007544036912825284,False,0.028447875612497085,0.03259172175714116,0.020114184943029162,0.02522399939711068
2008-02-26,0.009024853121590286,False,0.028387407881221325,0.032522446022816745,0.02007143099027243,0.02517038421550554
2008-02-27,0.012708291283116858,False,0.02824182232463256,0.03235565381601607,0.019968494136563264,0.025041297248111397
2008-02-28,0.0065532951572179815,False,0.02845713741662947,0.03260233267752634,0.02012073353891599,0.02523221160054667
2008-02-29,0.007848822366474967,False,0.028080142570394647,0.032170423057991726,0.019854177815633617,0.024897939969734148
2008-03-03,0.009623359004257108,False,0.027871534533009217,0.03193142823098319,0.01970668066323713,0.024712972590063418
2008-03-04,-0.018094433598175357,False,0.027798346837852966,0.03184757968534588,0.019654933008825978,0.024648078943745374
2008-03-05,0.022871606049530768,False,0.0287320199347839,0.03291725582572992,0.020315090329668228,0.02547594285720183
2008-03-06,-0.01142171517002402,False,0.03007607894451725,0.0344570965458983,0.02126541266179502,0.026667685401109108
2008-03-07,-0.0028759138304015252,False,0.030243809038287564,0.03464925896325856,0.021384006899641227,0.026816407359886274
2008-03-10,-0.0023685585962173674,False,0.029594122771505867,0.03390493645830908,0.020924643609988323,0.02624034726229454
2008-03-11,0.004423635331527214,False,0.028933393560912735,0.03314796244443907,0.020457472362470155,0.025654495670538666
2008-03-12,0.004710685194335475,False,0.028316925703881037,0.03244169709294927,0.020021596283121678,0.0251078894822272
2008-03-13,0.01369814952134998,False,0.027798238218053405,0.03184745524349535,0.019654856208759546,0.024647982633363673
2008-03-14,0.005928200646111267,False,0.028152701572160328,0.03225355133191754,0.019905480949852727,0.024962276169797838
2008-03-17,0.003200655011222366,False,0.02772478409148825,0.03176330145684586,0.01960292017294845,0.024582852749170114
2008-03-18,0.0017958577709749686,False,0.02706819235335434,0.03101106759837464,0.019138674341984234,0.024000669747794717
2008-03-19,-0.060082752350065466,False,0.02630088712668901,0.030131993224213265,0.018596148093376785,0.023320319944581155
2008-03-20,-0.02692866335622513,False,0.03217552553558857,0.03686235801681518,0.022749834823436847,0.028529210678736008
2008-03-24,-0.001414645014058085,False,0.03392386034583852,0.038865363177909125,0.023986001987365765,0.030079414173731576
2008-03-25,0.017594482817452597,False,0.03300098887414065,0.03780806207631239,0.02333348199911674,0.029261127783464482
2008-03-26,0.01529019446607441,False,0.03356290724101807,0.03845183201235115,0.023730788641911964,0.029759366342308392
2008-03-27,-0.0002107832322250462,False,0.033865359304265916,0.03879834061019938,0.023944638590478788,0.030027542805287133
2008-03-28,-0.01936850220190945,False,0.03284728729768756,0.03763197163350996,0.023224806680898796,0.029124844550066042
2008-03-31,-0.015594818399607543,False,0.033742398147075914,0.038657468375075,0.023857698409418586,0.029918516310758092
2008-04-01,-0.03702272321652295,False,0.034215581851718184,0.03919957815690136,0.024192264852159258,0.030338076127568316
2008-04-02,0.013835199074146435,False,0.03712772563972975,0.04253591797181413,0.026251307837675764,0.03292019910060445
2008-04-03,0.010887773066116756,False,0.0371919227931114,0.04260946637272516,0.026296698693341877,0.03297712106484011
2008-04-04,0.00441015047755279,False,0.03689906791584517,0.04227395293034743,0.02608963447374816,0.03271745417975435
2008-04-07,0.014959073636717288,False,0.035983928684652625,0.04122551038235733,0.02544258159726756,0.031906023768207815
2008-04-08,-0.009473596360046074,False,0.03618572748326732,0.04145670410609839,0.02558526424998677,0.03208495357104901
2008-04-09,0.021217483367743404,False,0.03594920375982029,0.041185727268019064,0.02541802919941106,0.03187523407076374
2008-04-10,-0.005693111565884119,False,0.036820539707666536,0.04218398594842205,0.02603411078811112,0.03264782523794037
2008-04-11,-0.0050758922092579645,False,0.03618157848037433,0.041451950740690725,0.025582330680793217,0.03208127475692956
2008-04-14,0.0019470518083198605,False,0.03552274609681715,0.04069714985425628,0.025116500592464782,0.0314971050329048
2008-04-15,0.0035596690711048313,False,0.03450789253221625,0.03953446813234994,0.024398944295237878,0.030597260487380862
2008-04-16,0.017504944242580853,False,0.033663438283484406,0.038567006860858254,0.02380186952008464,0.029848504631195164
2008-04-17,-0.005623642489008788,False,0.034183527315904856,0.03916285441251662,0.024169600563605884,0.030309654195363477
2008-04-18,-0.029807796020180174,False,0.033654173341843584,0.03855639234594097,0.02379531870580985,0.02984028964581117
2008-04-21,0.002736878348143971,False,0.03564657914050062,0.04083902097880165,0.025204057244379182,0.03160690460675565
2008-04-22,0.008274380998537422,False,0.034682318474056534,0.039734301745274925,0.02452227285941004,0.03075191948237053
2008-04-23,-0.017610491302640873,False,0.03426716134854104,0.03925867095636809,0.024228734342974508,0.030383810340361042
2008-04-24,-0.021640581726710732,False,0.0349233068601742,0.040010393588969545,0.02469266466769549,0.030965597684178767
2008-04-25,0.00045098581831164717,False,0.03599210461182243,0.04123487725203346,0.025448362419477778,0.031913273152478584
2008-04-28,0.0064041700703983935,False,0.034799773551330446,0.03986886585999544,0.02460531994450582,0.03085606387749869
2008-04-29,-0.02116542347273429,False,0.034370647037179486,0.039377230838163586,0.024301904315614437,0.030475568437991332
2008-04-30,-0.013126296026031057,False,0.035371630624823285,0.04052402221957767,0.025009653789812764,0.03136311483179492
2008-05-01,-0.01624147786327605,False,0.03552391347996841,0.04069848728371386,0.025117325995420124,0.03149814012151052
2008-05-02,0.008445740727103433,False,0.03597705122366572,0.04121763111931731,0.025437718860797768,0.03189992570049442
2008-05-05,0.018746224214428245,False,0.03554241736173953,0.04071968652454035,0.025130409239497047,0.03151454703740809
2008-05-06,0.00423270349129323,False,0.036124805662177246,0.04138690813718486,0.0255421892311993,0.032030935759688364
2008-05-07,-0.007332783204441063,False,0.03530137748410053,0.04044353568883667,0.024959981023924212,0.03130082317939267
2008-05-08,0.01257015786535274,False,0.035026982456675786,0.0401291710414659,0.024765968915454354,0.03105752416822534
2008-05-09,0.004419048002536844,False,0.03500278017961647,0.04010144335133708,0.02474885659805517,0.031036064631834347
2008-05-12,-0.0009048612623345438,False,0.03422207376404973,0.039207015710526226,0.024196854984900606,0.030343832339208426
2008-05-13,-0.017350066656345774,False,0.03325954967673172,0.038104286014090334,0.023516298455191587,0.029490386994855594
2008-05-14,-0.0035757296790716146,False,0.033916529193986945,0.03885696413734243,0.023980818466944186,0.030072913830001064
2008-05-15,0.015593041683088862,False,0.03321046811155993,0.03804805500628949,0.02348159513700339,0.029446867633790945
2008-05-16,0.022498136786443246,False,0.033541282958074924,0.038427057838613866,0.023715499105628004,0.029740192646973435
2008-05-19,0.0066519092283059186,False,0.03458987973676105,0.03962839796368667,0.024456913678176675,0.030669956432279485
2008-05-20,0.01589510034444961,False,0.034107380629739635,0.03907561585586548,0.024115760742693094,0.030242136887846854
2008-05-21,0.009201688741824705,False,0.03447296302349541,0.03949445063350925,0.02437424724551964,0.0305662893906664
2008-05-22,-0.010943253963419088,False,0.03421336569097208,0.039197039180164046,0.02419069790678457,0.030336111114852245
2008-05-23,0.00835367068021306,False,0.03419485942341535,0.03917583720602764,0.024177612975828336,0.030319702083539957
2008-05-27,-0.01952820852210282,False,0.033812457365796335,0.03873773273625828,0.023907234061974925,0.0299806360175101
2008-05-28,-0.007963776364880937,False,0.03463944216421804,0.03968517987834665,0.0244919569919789,0.03071390216156077
2008-05-29,-0.026215134156373394,False,0.03439233167186583,0.03940207415475177,0.024317236523841317,0.03049479564566425
2008-05-30,0.011448099624153,False,0.03589547356209891,0.041124170486839876,0.02538003904686981,0.03182759288681765
2008-06-02,0.00629148978181772,False,0.035726229904870045,0.040930274033526455,0.025260374637888747,0.03167752889026282
2008-06-03,-0.012736209159860417,False,0.03511232301075388,0.04022694268638589,0.024826309297676537,0.031133193441879967
2008-06-04,-0.001930118307827085,False,0.03524144394318709,0.040374871957457266,0.02491760477261306,0.031247681650638126
2008-06-05,-0.00924826659572895,False,0.034349235036861034,0.03935269986909761,0.024286764874614616,0.030456582968198066
2008-06-06,0.026710547270769387,False,0.03415895898289697,0.0391347073450752,0.024152229424875035,0.030287870086580793
2008-06-09,-0.0007820928756963641,False,0.03560969831565298,0.04079676792630727,0.02517798050874023,0.031574203328235115
2008-06-10,-0.030411951417025018,False,0.034676895252093935,0.03972808855228858,0.02451843834849511,0.03074711085098525
2008-06-11,0.013504425354746141,False,0.03662517355809429,0.041960161882458206,0.025895976365786194,0.03247459909950557
2008-06-12,-0.01200769170872686,False,0.03664461107442305,0.041982430755271985,0.0259097197399346,0.032491833845144806
2008-06-13,0.0012647033429752463,False,0.036662128686823614,0.04200250006227352,0.025922105638283736,0.032507366261366306
2008-06-16,0.015166478146507503,False,0.03555241854632649,0.04073114452687909,0.02513748061730999,0.03152341483047034
2008-06-17,0.0007919138617736083,False,0.035783437927837496,0.04099581523569666,0.02530082380076708,0.03172825377237693
2008-06-18,0.007435857352901756,False,0.03471027921186207,0.03976633537053031,0.024542042611606127,0.03077671154920732
2008-06-19,0.012049668913240582,False,0.03420362054426037,0.03918587451133475,0.02418380756158178,0.03032747034398664
2008-06-20,-0.00044373202509839636,False,0.03412913366039599,0.039100537531289815,0.024131141310565835,0.03026142474046669
2008-06-23,-0.018476535046862422,False,0.03307642664781247,0.037894488457072086,0.023386820580597982,0.029328016516512144
2008-06-24,0.004960578846450023,False,0.03399459100315189,0.03894639678246569,0.024036012383281524,0.03014212922780915
2008-06-25,-0.01040028834589455,False,0.03325552533276177,0.038099675465987894,0.02351345302659127,0.029486818712595977
2008-06-26,0.036923469412485796,False,0.03319135721848258,0.038026160334146235,0.02346808270313942,0.029429922496585353
2008-06-27,0.017586224542828363,False,0.03592960173983471,0.04116326992920226,0.025404169512290038,0.031857853463964365
2008-06-30,-0.003341394201222333,False,0.0363539523776726,0.04164943339899058,0.0257042083386133,0.03223411425681894
2008-07-01,0.017445712095821818,False,0.03557453703371715,0.0407564848931175,0.02515311958283754,0.031543026724173986
2008-07-02,0.002437332640758728,False,0.03600684024253199,0.041251759341316474,0.02545878130647594,0.031926338857109646
2008-07-03,-0.01374771297315826,False,0.03507474979990383,0.04018389639181446,0.024799743007728012,0.031099878242504844
2008-07-07,-0.004948414347644369,False,0.035432089477904966,0.040593287782470115,0.025052401465206636,0.03141672214133378
2008-07-08,-0.005840340355241071,False,0.034881920986945904,0.039962979262384804,0.02466340261946799,0.030928901895165232
2008-07-09,0.005840340355241099,False,0.03439514440798511,0.039405296606727605,0.02431922528023458,0.030497289626414986
2008-07-10,0.014559765318161123,False,0.03379529698351629,0.038718072695131285,0.02389510074462021,0.029965420348045634
2008-07-11,0.019575425487471522,False,0.03406070560961286,0.03902214194133836,0.024082758981864346,0.030200751348357896
2008-07-14,0.013663406977276306,False,0.03474480795289267,0.03980589372404755,0.024566456296916055,0.030807327295521825
2008-07-15,0.0051271645720515225,False,0.0348427392074834,0.03991809008782618,0.024635698984608188,0.030894160419386783
2008-07-16,-0.01639637084538059,False,0.034183341804035206,0.03916264187814953,0.024169469396691835,0.030309489706761516
2008-07-17,0.008489555345726676,False,0.034680059818939894,0.03973171408424499,0.024520675868219644,0.030749916790989405
2008-07-18,-0.013179262296642251,False,0.03432684788625695,0.039327051704947776,0.02427093594968076,0.030436732857735255
2008-07-21,0.006040414016574786,False,0.03454734023249604,0.03957966196295406,0.02442683595048177,0.03063223774830638
2008-07-22,-0.015802720962339086,False,0.033973022118524925,0.038921686076613705,0.024020762016599972,0.03012300465273585
2008-07-23,-0.02737550683219545,False,0.03444356701597613,0.03946077267066628,0.024353462680096073,0.030540224707101132
2008-07-24,-0.0004337718662325432,False,0.036006676837419864,0.041251572133877125,0.02545866577023377,0.031926193970000814
2008-07-25,0.004976723077947858,False,0.03504043587274559,0.04014458414292917,0.024775481207431078,0.03106945296612422
2008-07-28,0.0010786324272330885,False,0.034364163994933535,0.03936980344668107,0.024297320454502808,0.030469820091227905
2008-07-29,-0.012147601841161848,False,0.033375637079906546,0.038237283233120666,0.023598378520811272,0.029593318708547686
2008-07-30,-0.014841144867571382,False,0.03352840557338,0.03841230467585917,0.02370639409895318,0.029728774601274495
2008-07-31,0.012109350639264937,False,0.033898504475308254,0.038836313856670204,0.023968074017060206,0.03005693177568961
2008-08-01,-0.005376088814827545,False,0.03387569843294042,0.03881018578308893,0.02395194891301891,0.030036710244677148
2008-08-04,-0.009839253038161947,False,0.033384505720370584,0.0382474437198405,0.02360464912874407,0.029601182303874294
2008-08-05,-0.024176137385098138,False,0.0332773360180278,0.03812466319425294,0.02352887435938782,0.029506157686074872
2008-08-06,-0.0034203659881773285,False,0.03464503227827437,0.039691584273683446,0.024495909504620376,0.030718858771871756
2008-08-07,-0.0056118379116813924,False,0.033951247778991826,0.038896739988365334,0.024005366382200174,0.03010369790608325
2008-08-08,-0.014926542002206227,False,0.033463150348923006,0.038337544080457524,0.023660255129874935,0.029670914472638442
2008-08-11,-0.043239020374830926,False,0.0338866588131933,0.0388227427018698,0.023959698493987817,0.03004642853185812
2008-08-12,-0.01632236972897623,False,0.03716564362019301,0.042579359256698986,0.026278117898366878,0.03295381999832537
2008-08-13,0.02057381858633438,False,0.03755961429345383,0.04303071747895406,0.026556676448468822,0.03330314365820683
2008-08-14,-0.020573818586334426,False,0.03822081190346268,0.04378822812141583,0.027024178879678992,0.03388941056767362
2008-08-15,-0.027852775319139957,False,0.038992898086412896,0.044672779867564225,0.02757008552266909,0.03457399952182028
2008-08-18,0.017279880173150845,False,0.04049992484751766,0.046399326958374586,0.028635634859282444,0.03591024137802543
2008-08-19,0.014154648373999677,False,0.04076740128485881,0.046705765222558523,0.028824755150789166,0.03614740585336751
2008-08-20,-0.000986786574507059,False,0.040690366435605654,0.046617509128969614,0.028770287350590555,0.03607910103449152
2008-08-21,0.027629107764992576,False,0.039577106644354744,0.04534208688464837,0.027983152534765438,0.03509200221959778
2008-08-22,-0.006745358632567387,False,0.04087918807871307,0.04683383538607613,0.028903794453280524,0.03624652432742136
2008-08-25,-0.009227890354293495,False,0.04024430514241311,0.046106472531636654,0.02845489791802217,0.035683589962106896
2008-08-26,0.002923296130586706,False,0.03988860005856896,0.04569895383751116,0.028203395206920816,0.035368195415862023
2008-08-27,0.007150201247063329,False,0.03888697958499308,0.044551432798481436,0.027495195419961004,0.03448008431168829
2008-08-28,0.003375589495975843,False,0.038251606451463936,0.04382350834246871,0.027045952288778905,0.03391671530110253
2008-08-29,-0.0019275233161304374,False,0.03734006059292266,0.04277918259403213,0.02640144012089326,0.033108471040635384
2008-09-02,-0.029739679318913803,False,0.0364551271567896,0.041765345753738525,0.025775744373375608,0.03232382333043177
2008-09-03,-0.0028612170735684093,False,0.03817978555441717,0.043741225688931365,0.026995171034471875,0.0338530335595031
2008-09-04,-0.005997753432862506,False,0.037306106102022035,0.042740282138514385,0.02637743246144886,0.033078364467136794
2008-09-05,-0.0003761188739106034,False,0.036741219726066594,0.04209311185978004,0.025978027275889985,0.0325774942510045
2008-09-08,-0.0001253533792220741,False,0.03573811917986707,0.040943895154058454,0.025268780997624928,0.031688070804514766
2008-09-09,-0.01312656052833487,False,0.034767185096855835,0.039831530423943926,0.024582278146614178,0.030827168533353586
2008-09-10,-0.037803791099906475,False,0.03491580314699581,0.04000179685101319,0.02468735913709329,0.030958944334759427
2008-09-11,-0.022146097835143992,False,0.03756644422771826,0.04303854229231439,0.026561505580978216,0.033309199585198186
2008-09-12,0.02530769098323096,False,0.03850207005307371,0.0441104556043715,0.02722304358631196,0.03413879493270875
2008-09-15,0.029547294401871288,False,0.03962544681455741,0.04539746850253783,0.028017331646656898,0.03513486420481795
2008-09-16,-0.008463727991974911,False,0.041140558182565956,0.04713327784063559,0.02908859723711885,0.03647827447396348
2008-09-17,0.08643165666030359,False,0.04068507531760509,0.046611447282805515,0.028766546244313643,0.03607440953629059
2008-09-18,0.05302229261055269,False,0.04960678731278857,0.05683273617288462,0.03507467861679663,0.0439850620241285
2008-09-19,-0.036620799823751805,False,0.05403353850973659,0.06190430795786674,0.038204630866484936,0.047910148418766826
2008-09-22,0.04908896977821265,False,0.056385607165411335,0.06459898956515586,0.03986767047560642,0.04999566718160336
2008-09-23,-0.020566304591170596,False,0.060231635694794755,0.06900524799397947,0.04258702042601891,0.05340584172777653
2008-09-24,0.003944778291016325,False,0.060299735421698274,0.069083267434911,0.042635170611999944,0.0534662240035484
2008-09-25,-0.01279237200785598,False,0.05842941340227636,0.06694050585638121,0.04131275190087672,0.051807857588673595
2008-09-26,0.005907108053614298,False,0.05769225477218077,0.06609596936830699,0.04079154092470179,0.05115423799702515
2008-09-29,0.005984985041900352,False,0.05618872119074397,0.06437342428950402,0.03972846145483131,0.049821093453358875
2008-09-30,-0.015887760208689487,False,0.05464282820521939,0.06260234954435151,0.03863543159782106,0.048450389915913
2008-10-01,0.0074078632791408664,False,0.05447302217761315,0.06240780880324967,0.03851536956260137,0.048299827280013266
2008-10-02,-0.048506353204808436,False,0.05317057092552125,0.06091563661476571,0.03759446616296939,0.04714497726432001
2008-10-03,-0.012111156416158043,False,0.056958481315969464,0.06525531115384584,0.040272723449345696,0.050503619951965964
2008-10-06,0.03996747018128355,False,0.05629796675995221,0.06449858306210744,0.0398057039742093,0.04991795868889988
2008-10-07,0.01803507831672131,False,0.058781211341327314,0.06734354827334284,0.04156149204952736,0.052119787770153574
2008-10-08,0.027731163674079688,False,0.058442517503325776,0.06695551876001936,0.04132201720826243,0.05181947665793109
2008-10-09,-0.02239484539424042,False,0.059321391250008335,0.06796241322910761,0.041943428427966306,0.05259875139740297
2008-10-10,-0.03186919249497782,False,0.059563176467006464,0.06823941797367038,0.042114383638732704,0.052813136128652
2008-10-13,-0.019477685379195402,False,0.061031562462932364,0.06992169571079167,0.043152611866812865,0.05411511621252476
2008-10-14,-0.003104153163713016,False,0.060918661221410236,0.06979234876412163,0.04307278458961273,0.05401500958639637
2008-10-15,-0.0009570377555574934,False,0.0591355273563864,0.06774947556064552,0.04181201261395379,0.05243395066484477
2008-10-16,-0.04154537598584078,False,0.05719471513892426,0.0655259558632169,0.04043975352461164,0.05071308240494334
2008-10-17,-0.020673904942153428,False,0.05989903227155323,0.06862419605275831,0.042351851837021504,0.05311093082962723
2008-10-20,0.0031792486594678293,False,0.05999945280375904,0.06873924429358082,0.04242285457846972,0.053199971131909204
2008-10-21,-0.027677638112131333,False,0.05814928741145073,0.06661957544757692,0.041114687691669455,0.051559477079705235
2008-10-22,-0.04375779920174541,False,0.059182558217801585,0.0678033571499115,0.04184526597379762,0.05247565171964905
2008-10-23,-0.027652806282513393,False,0.06209112035008749,0.0711355935889367,0.04390177653521858,0.05505459893070228
2008-10-24,0.02190879115664773,False,0.0629527137858662,0.07212269061892874,0.044510969641551615,0.055818551663084505
2008-10-27,0.01713400187351141,False,0.06297566772454734,0.0721489881320688,0.044527199316276446,0.05583890432995288
2008-10-28,-0.0032410891492441396,False,0.062476567375799874,0.07157718657061499,0.044174308406017174,0.05539636489159942
2008-10-29,0.018095796004219074,False,0.060595094088375455,0.0694216493799823,0.042844005145973425,0.053728110934287227
2008-10-30,-0.020940329701355436,False,0.060263166558503486,0.06904137178581389,0.04260931445010316,0.053433799333399284
2008-10-31,-0.02806239772348853,False,0.06032269432755591,0.06910957063876894,0.042651403798786916,0.053486581074684396
2008-11-03,0.011926415873979527,False,0.06121761581061603,0.07013485043005045,0.043284161635082204,0.05428008492912523
2008-11-04,0.04131811567473149,False,0.06006772082385824,0.06881745654205561,0.04247112375683207,0.05326050262892783
2008-11-05,-0.019635990983918654,False,0.06245736585205174,0.0715551880661278,0.04416073189137267,0.05537933939450979
2008-11-06,-0.013718348361156717,False,0.062384123144181416,0.07147127649437585,0.044108945340000635,0.055314396969833556
2008-11-07,0.0027314957800709627,False,0.06160939341558764,0.07058369613177674,0.043561169567424056,0.05462746405177803
2008-11-10,0.016770698012669713,False,0.05962882822308147,0.06831463286127781,0.04216080297708735,0.05287134785167177
2008-11-11,-0.01840871666588677,False,0.05919104360798282,0.06781307856038006,0.04185126560307554,0.05248317549681018
2008-11-12,-0.019728842516742544,False,0.05904572322732475,0.06764659015623471,0.041748516243075386,0.05235432365409132
2008-11-13,-0.017995688029951048,False,0.059066396814464996,0.06767027515152135,0.04176313358606574,0.0523726543919174
2008-11-14,0.05183223094269356,False,0.058861585262136314,0.06743562982274284,0.041618320753707944,0.05219105325787031
2008-11-17,-0.0006737182543476606,False,0.06273775737761476,0.07187642268865954,0.04435898384798468,0.055627955346298115
2008-11-18,-0.012614679083479045,False,0.06059395352273812,0.06942034267439894,0.042843198704449234,0.053727099624081134
2008-11-19,0.004494456088856211,False,0.05973815085260667,0.06843987991915229,0.042238099982272584,0.0529682814146132
2008-11-20,0.017110489749026233,False,0.0579224958118734,0.06635974835851885,0.04095433377844369,0.05135838680326662
2008-11-21,0.055977784738779374,False,0.05749222224154252,0.06586679919511927,0.04065010711886384,0.05097687429855604
2008-11-24,0.0343898473116718,False,0.06213303626593059,0.07118361516653927,0.04393141335221008,0.055091764694865396
2008-11-25,-0.001221150438947516,False,0.06365501577988822,0.07292729309576873,0.04500753509290684,0.05644126477231994
2008-11-26,-0.012170565451709397,False,0.061439386193121275,0.07038892488886209,0.04344096527656879,0.05447672302157217
2008-11-28,0.009478758910475183,False,0.06044356872936227,0.06924805215228846,0.04273686853105477,0.05359375729690291
2008-12-01,-0.052312702365268915,False,0.059056846590849935,0.06765933379916801,0.04175638106202292,0.0523641864543466
2008-12-02,0.008612447816330852,False,0.06339369533500673,0.0726279075337309,0.04482276742064411,0.056209558657110144
2008-12-03,-0.016128341600648192,False,0.06180069687371073,0.0708028657162918,0.04369643144740916,0.054797087906229995
2008-12-04,-0.006524882968607938,False,0.061218914233112,0.07013633798663599,0.04328507968993361,0.05428123620694652
2008-12-05,-0.017566307735925758,False,0.05997966437671503,0.06871657339481092,0.04240886309148782,0.053182425242767006
2008-12-08,0.022268558553333456,False,0.05974926190628144,0.0684526094591267,0.04224595609749083,0.05297813330004082
2008-12-09,0.006494372535564776,False,0.05988993333344603,0.06861377172219968,0.04234541839621325,0.05310286303530554
2008-12-10,0.04394496391879404,False,0.058316335197570755,0.06681095616927055,0.04123279950114551,0.05170759405384334
2008-12-11,0.02181465038186714,False,0.06109653703165239,0.06999613476887315,0.04319855239712276,0.05417272749093958
2008-12-12,-0.007300190373693653,False,0.06108129376989101,0.06997867110470483,0.043187774587546406,0.05415921168291522
2008-12-15,0.019948675198090664,False,0.059693463422099316,0.06838868311553235,0.04220650355468349,0.05292865821970298
2008-12-16,0.0075129894328863365,False,0.05951273355410568,0.06818162731807711,0.042078717774153854,0.052768409695580894
2008-12-17,0.030191841100654815,False,0.05815487932597568,0.06662598190564674,0.04111864147733951,0.05156443528644542
2008-12-18,-0.009148375454314106,False,0.059257725298923175,0.06788947340782059,0.041898413161021796,0.052542300436576816
2008-12-19,-0.02736013962276432,False,0.05812834581369032,0.0665955834020318,0.04109988085069148,0.051540908703757646
2008-12-22,0.011648755967735784,False,0.059037133857296864,0.06763674961974506,0.04174244309442843,0.05234670768067537
2008-12-23,-0.01069274755904441,False,0.05801217749549707,0.06646249348153573,0.04101774357378237,0.0514379052448005
2008-12-24,0.01175571746412139,False,0.057008848457049476,0.06531301500035244,0.040308335739153725,0.050548279200113067
2008-12-26,0.027134181534173584,False,0.056175335290317215,0.06435808853831751,0.039718996900061726,0.04980922451984364
2008-12-29,0.0048137069133508,False,0.056959092614067695,0.06525601149638809,0.04027315567012628,0.05050416197426215
2008-12-30,-0.006078335021623438,False,0.05511843598655161,0.06314723650483518,0.0389717119937413,0.048872099099157434
2008-12-31,0.016316167873091928,False,0.05391030038205076,0.06176311840747222,0.038117494852320966,0.04780087634162505
2009-01-02,-0.005447117295854647,False,0.05357028062151668,0.06137356983174701,0.03787708251219309,0.04749938956800636
2009-01-05,-0.024886048779878007,False,0.052003264267606604,0.05957829479289344,0.036769117292552854,0.04610995648327625
2009-01-06,0.009520578162079091,False,0.05282593689026938,0.06052080162821103,0.037350791281331716,0.046839399132025374
2009-01-07,-0.028481326060046313,False,0.051911745898027745,0.05947344544394342,0.03670440886101763,0.04602880949956027
2009-01-08,0.015103589562761364,False,0.05316644593403973,0.060910910758380246,0.037591549571140956,0.047141319740501356
2009-01-09,0.00046828636384166767,False,0.05259743491500381,0.06025901502241114,0.037189228040092,0.04663679230946863
2009-01-12,-0.04061229374111984,False,0.05079636432871565,0.05819559235377828,0.03591577383347506,0.0450398293586489
2009-01-13,-0.00024385785477638777,False,0.053627250823966854,0.061438838571388446,0.03791736352311755,0.04754990358078647
2009-01-14,-0.014616686524402027,False,0.05194096656654996,0.059506922527118485,0.03672506945229766,0.04605471871454796
2009-01-15,-0.001857700673359928,False,0.05169730828849248,0.05922777188295633,0.03655278988617093,0.045838673188247823
2009-01-16,0.03961632946949488,False,0.050134954865472994,0.05743783899858309,0.0354481216105833,0.04445337460437026
2009-01-20,0.018065298097618483,False,0.05265407096133959,0.060323900931248196,0.037229272784590935,0.046687010034619295
2009-01-21,-0.005867872890375364,False,0.05259242306888069,0.060253273128128455,0.03718568439412,0.04663234843445632
2009-01-22,0.010071565029693159,False,0.051301870945251855,0.05877473334894292,0.036273194321157005,0.04548804906982983
2009-01-23,0.042321657224121734,False,0.05028407671701723,0.05760868261304632,0.03555355881587289,0.04458559711351942
2009-01-26,0.014636043830686566,False,0.053159308780575905,0.060902733974883314,0.037586503218060195,0.04713499141015005
2009-01-27,-0.010289395121364195,False,0.05274474676199794,0.060427784978880385,0.03729338547437991,0.04676740993415113
2009-01-28,-0.012421170940621529,False,0.051891855819379294,0.05945065808653691,0.036690345500859714,0.04601117347855571
2009-01-29,0.018961086085000627,False,0.05143274745976535,0.05892467392811555,0.0363657310874689,0.04560409390805086
2009-01-30,0.02423171678288124,False,0.05152091149450314,0.059025680334650124,0.036428067823054903,0.04568226668936379
2009-02-02,-0.02246547652696921,False,0.05198776280141115,0.05956053531306613,0.03675815691849222,0.04609621173202331
2009-02-03,-0.01634551553514335,False,0.052510843366496154,0.060159810157558544,0.03712800313722364,0.04656001381123897
2009-02-04,0.010704803066960492,False,0.052464347601163926,0.06010654160888956,0.03709512811921881,0.04651878721236446
2009-02-05,0.013221876531852661,False,0.05163280948856577,0.05915387789630107,0.036507185750101125,0.04578148376178145
2009-02-06,0.0003283708134839696,False,0.0510888039226707,0.058530630020800674,0.03612254442533226,0.04529912802270706
2009-02-09,-0.023806693076172086,False,0.04931581985555706,0.05649938508067489,0.03486894890513456,0.04372706866582787
2009-02-10,0.023587813448439767,False,0.0501301142294717,0.057432293253662434,0.035444699019416985,0.04444908253696806
2009-02-11,0.032411962993795736,False,0.05059247718102916,0.0579620060826004,0.035771614605139876,0.044859047870414906
2009-02-12,0.004967523016699187,False,0.05220349721328588,0.05980769457448292,0.03691069280265214,0.04628749788460595
2009-02-13,-0.007407441277861805,False,0.050835984544280406,0.05824098382902352,0.03594378746634549,0.0450749595844391
2009-02-17,0.026724147356087292,False,0.0498771434555013,0.057142473613340676,0.03526583501557599,0.04422477986013433
2009-02-18,0.011004391543788043,False,0.05083645638206332,0.05824152439683057,0.035944121081148854,0.04507537795086174
2009-02-19,-0.0016378718280087724,False,0.04989929256599485,0.05716784906338155,0.03528149563329168,0.04424441890655545
2009-02-20,0.025988633569344707,False,0.04845085975151664,0.05550843097830496,0.03425737538245761,0.04296013079531582
2009-02-23,-0.007213027004394477,False,0.04940124710410461,0.056597256048372624,0.03492935058503029,0.04380281480923809
2009-02-24,-0.02597284118603074,False,0.04846756674517362,0.05552757158817277,0.03426918812956168,0.042974944456753025
2009-02-25,-0.0035145409345170254,False,0.049576303276510816,0.05679781169409637,0.03505312475626051,0.043958032613455954
2009-02-26,-0.02506031476540572,False,0.04822893258446174,0.05525417689699752,0.03410046088582419,0.042763353686042456
2009-02-27,-0.00031857675086323714,False,0.04924151253670983,0.05641425382189913,0.034816409616286674,0.04366118227798878
2009-03-02,-0.002658868888944218,False,0.04760173128583829,0.054535614622299125,0.033656995683400505,0.04220723043122217
2009-03-03,-0.028189106893814483,False,0.046243097568714565,0.05297907617698496,0.03269636824575603,0.0410025648692507
2009-03-04,-0.0075870662714691275,False,0.04769965196478046,0.05464779886993242,0.033726230893537754,0.04229405417793163
2009-03-05,0.022914259522875832,False,0.04683457668775781,0.0536567128179631,0.03311457593734019,0.04152701418649941
2009-03-06,0.016157834574253818,False,0.04747752752107201,0.054393318775762395,0.0335691769116525,0.04209710214852511
2009-03-09,-0.026240847013375063,False,0.04734451333746386,0.05424092914495264,0.033475128697803974,0.041979161894115914
2009-03-10,-0.0243766956621419,False,0.04851828341685605,0.0555856758794892,0.034305047556388864,0.04301991362469255
2009-03-11,0.01639023272432641,False,0.04941890145709194,0.05661748201421285,0.034941833166361624,0.0438184684698198
2009-03-12,0.014503266625009342,False,0.04926754336892046,0.05644407642278758,0.03483481482096479,0.04368426314718727
2009-03-13,0.006582139313893181,False,0.04890349188170988,0.05602699555045599,0.0345774107517723,0.043361468059814105
2009-03-16,-0.008858232677147563,False,0.047757257751086954,0.054713795775447494,0.033766961296585796,0.0423451317465648
2009-03-17,-0.005658286230060493,False,0.04701358329835704,0.05386179434056284,0.03324114328179371,0.041685734742625935
2009-03-18,-0.0306932427403544,False,0.04594462121393601,0.05263712240727166,0.032485329337863036,0.04073791356468443
2009-03-19,0.07540113413124322,False,0.047662469757310415,0.05460520053406063,0.033699941064102686,0.04226108567119379
2009-03-20,-0.0026121952389768356,False,0.054250272739707874,0.06215261267540317,0.0383578736760539,0.04810232108433231
2009-03-23,-0.003878627723209322,False,0.052820485255589494,0.06051455588378256,0.03734693668109067,0.04683456530781467
2009-03-24,-0.030715850091822032,False,0.051562986046619345,0.05907388365620237,0.036457816804461744,0.04571957311222886
2009-03-25,0.013020075834423063,False,0.05305340269669416,0.060781401132133324,0.037511621895222384,0.04704108721032959
2009-03-26,0.004479955409377387,False,0.05242604520821997,0.060062659916264555,0.03706804625813612,0.0464848254659871
2009-03-27,-0.01782499229844163,False,0.050975452110939644,0.058400766871828526,0.03604239857065254,0.04519862188756671
2009-03-30,-0.008158870388286754,False,0.05106421266132584,0.05850245668517709,0.03610515707502848,0.04527732358395788
2009-03-31,0.007725380546914729,False,0.050289627820977734,0.05761504231590042,0.035557483746269124,0.044590519134582104
2009-04-01,0.003786449152511566,False,0.04925749306212023,0.05643256214287196,0.03482770871109326,0.04367535179872235
2009-04-02,-0.02039879967861561,False,0.047941630967744744,0.05492502562820107,0.03389732312145144,0.04250861073421112
2009-04-03,-0.013089536670783936,False,0.04847013790533255,0.055530517275141966,0.03427100607869993,0.042977224238314994
2009-04-06,-0.02727799250451656,False,0.048200696095271965,0.055221827353164894,0.0340804961625021,0.04273831711754781
2009-04-07,0.012202936547797383,False,0.04942827927923012,0.05662822585231095,0.03494846379324637,0.04382678354343661
2009-04-08,0.002942815463823672,False,0.048866681867463395,0.05598482362315501,0.03455138408305388,0.0433288295672318
2009-04-09,-0.0029428154638237148,False,0.04734905331763318,0.05424613043915389,0.03347833870905428,0.04198318737772719
2009-04-13,0.014069678689391438,False,0.046141810457035914,0.05286303512680669,0.03262475278580391,0.04091275619324555
2009-04-14,-0.004256265066847654,False,0.04586170417290311,0.05254212729526118,0.032426702510293115,0.04066439315769471
2009-04-15,0.0021303628238795165,False,0.04472070543806603,0.0512349255274524,0.03161995476276734,0.039652698935192146
2009-04-16,-0.015236455452009428,False,0.04333653885522439,0.04964913498379263,0.030641274209657544,0.038425394038099574
2009-04-17,-0.013625862954765419,False,0.04344394334550648,0.049772184497591944,0.030717214986771203,0.03852062683632413
2009-04-20,0.02234472276205794,False,0.04339245743336916,0.04971319891477904,0.030680811665384503,0.03847497560266432
2009-04-21,-0.005539581722063631,False,0.04410994605548712,0.05053520017260619,0.03118811488325501,0.03911115430431003
2009-04-22,0.010936477917778626,False,0.043203192499327116,0.04949636479497671,0.030546991132055137,0.03830715925506775
2009-04-23,0.015687073120010622,False,0.042693668949126094,0.048912621741433286,0.030186730455258937,0.037855377832154105
2009-04-24,0.008463860553517303,False,0.0427160083986107,0.04893821525610298,0.030202525652924295,0.037875185647261535
2009-04-27,-0.006809418043446425,False,0.04189694007174232,0.047999837734596436,0.0296234000959927,0.03714893883486179
2009-04-28,-0.016220816181079713,False,0.04117275061236007,0.04717015956526164,0.029111359024166315,0.03650681867321334
2009-04-29,0.00780992488639271,False,0.04147707887501035,0.04751881765819758,0.02932653554707157,0.03677665871393125
2009-04-30,-0.010164818697879077,False,0.04077543271083094,0.046714966542339385,0.028830433802846007,0.03615452711214403
2009-05-01,-0.0034865205900750395,False,0.040402439516112255,0.04628764147296801,0.028566707463373153,0.03582380364277616
2009-05-04,0.015649772094234956,False,0.03947567009839772,0.0452258746329193,0.02791143141670538,0.03500206104406265
2009-05-05,0.0023265247687759144,False,0.03963194793711725,0.04540491660799448,0.02802192829152723,0.03514062858293053
2009-05-06,0.007496438751916833,False,0.038414846518584754,0.04401052669560302,0.02716137183521204,0.03406145606876924
2009-05-07,0.004930166107858586,False,0.03757720222962677,0.04305086735340651,0.026569112069524243,0.033318738428708
2009-05-08,-0.0006559260953774846,False,0.036655358650570236,0.04199474387193926,0.025917318856904122,0.03250136344440029
2009-05-11,-0.0015322585851753928,False,0.035517467433727336,0.04069110227724152,0.025112768292482643,0.03149242457815279
2009-05-12,0.011434919044326206,False,0.03452001585391263,0.0395483573918814,0.024407516138634778,0.030608009924819567
2009-05-13,0.002163332374257654,False,0.03438084339816629,0.03938891244717875,0.02430911369368639,0.030484609288945797
2009-05-14,0.002697600772648335,False,0.03324229883343477,0.03808452233498583,0.023504101177010798,0.029475091115934823
2009-05-15,0.0031201535625430534,False,0.03215007577301808,0.036833201126797055,0.022731840466386363,0.02850664502903763
2009-05-18,-0.01036618348364692,False,0.031135959085810655,0.03567136361917597,0.02201480518128615,0.027607453853740072
2009-05-19,0.005412440216615357,False,0.03123969114416845,0.03579020575801771,0.02208814935062768,0.02769943040106189
2009-05-20,0.011485139156710138,False,0.0304934867905858,0.03493530590548709,0.021560542559255835,0.027037790199126333
2009-05-21,0.014620440408921442,False,0.030484962538720753,0.03492553997256621,0.021554515452667983,0.027030231964310012
2009-05-22,0.008065839838355524,False,0.030898514041269108,0.03539933125620717,0.021846918706922618,0.027396917441744096
2009-05-26,-0.005649758157545271,False,0.03051847220402116,0.03496393080717622,0.021578208596381508,0.02705994412239339
2009-05-27,0.00010495370280224955,False,0.030064307783229428,0.03444361074405226,0.021257089814832295,0.026657248215244272
2009-05-28,0.00866980699787802,False,0.02909159916291039,0.03332921298950484,0.020569332270076266,0.02579477250750765
2009-05-29,0.017832754068256566,False,0.02885575982647805,0.03305902022934616,0.020402581118093677,0.02558565983558037
2009-06-01,-0.00020436519001668882,False,0.02984168279977711,0.03418855719925685,0.02109968192430666,0.02645985237012478
2009-06-02,0.004689616760364117,False,0.02883042347681475,0.033029993272471914,0.020384666950095665,0.025563194746188907
2009-06-03,-0.019202738321654766,False,0.028117877433406286,0.03221365455170928,0.019880858402393585,0.024931398501921966
2009-06-04,0.017166492479470982,False,0.029604973207188863,0.033917367417497075,0.020932315454206606,0.02624996806445405
2009-06-05,-0.020073760413638633,False,0.030426031092441616,0.03485802430545496,0.021512847736401042,0.02697797896708576
2009-06-08,-0.010452692506764673,False,0.03180066372945871,0.036432892145648446,0.022484787274745312,0.028196830359705587
2009-06-09,0.002413799543434994,False,0.0319181196729489,0.03656745725276222,0.022567834972302803,0.028300975522885442
2009-06-10,0.0,False,0.030904090871083232,0.03540572043225901,0.02185086182688718,0.027401862273259296
2009-06-11,0.0076228509250221895,False,0.029983098686079967,0.03435057236275108,0.021199670595858942,0.026585242198153912
2009-06-12,-0.022300295758447896,False,0.029642116761805837,0.0339599214701665,0.02095857795398635,0.026282902298701533
2009-06-15,-0.01414051539359594,False,0.03130515961860905,0.03586521066635945,0.02213443909896508,0.0277574796129719
2009-06-16,0.0050578005823273655,False,0.03185534645874913,0.03649554020845042,0.02252345091856601,0.02824531612888717
2009-06-17,0.004070759588324174,False,0.031153984592606435,0.03569201480276599,0.022027550188411495,0.027623436606854672
2009-06-18,-0.001497833163073704,False,0.030400087833211194,0.03482830203382284,0.021494504450551028,0.026954975746595722
2009-06-19,0.001711570386629393,False,0.029546052582754317,0.03384986414858921,0.020890655389568438,0.026197724662680968
2009-06-22,-0.016162403752060257,False,0.028522023216468247,0.0326766700362501,0.02016661130483114,0.025289744169878323
2009-06-23,0.0035782622382924782,False,0.0295369666440757,0.0338394547110147,0.02088423114005849,0.026189668394618167
2009-06-24,0.010979605640643542,False,0.02872661751113646,0.03291106646063532,0.02031127052428573,0.02547115266714749
2009-06-25,0.005338471070921699,False,0.02894632609376769,0.03316277878848405,0.020466616361873472,0.025665962614692242
2009-06-26,0.0017023481411760507,False,0.028380897669859507,0.03251498750464215,0.02006682791912809,0.02516461177858609
2009-06-29,-0.00031894932717221294,False,0.02743963687614524,0.03143661840926531,0.019401305686737768,0.02433002004960853
2009-06-30,-0.01424393434813323,False,0.026591870215216123,0.030465362224643758,0.018801888857209324,0.02357832716274942
2009-07-01,0.014881731306239461,False,0.027466621847119812,0.03146753413308272,0.019420385519068953,0.02435394692910088
2009-07-02,-0.011006135277747135,False,0.028110295223671446,0.032204967883033266,0.01987549737048523,0.024924675551625586
2009-07-06,-0.007224932665948387,False,0.02848500666117737,0.03263426148220263,0.020140438600436038,0.02525692254266585
2009-07-07,0.005181345599199095,False,0.028405906310913904,0.0325436390173903,0.02008451037943528,0.02518678629718535
2009-07-08,-0.02154832306340435,False,0.027868495793875684,0.03192794685537252,0.019704532110503065,0.02471027821825456
2009-07-09,0.0075621208872792296,False,0.029588623348262514,0.033898635964219,0.020920755220651153,0.02623547106519412
2009-07-10,-0.004047937405190009,False,0.029254246835049555,0.03351555265672687,0.020684332961253472,0.025938988013785295
2009-07-13,0.010902855349895891,False,0.028775127462832055,0.03296664259115738,0.02034556968086507,0.0255141651932493
2009-07-14,0.000325242905218328,False,0.02886657331763438,0.03307140886250074,0.020410226840535697,0.025595247879978595
2009-07-15,0.01783456789858743,False,0.02793398937731257,0.03200298053020044,0.019750839612257345,0.02476834969366557
2009-07-16,-0.004268494480373315,False,0.02889474384453143,0.03310368283567494,0.02043014492495325,0.02562022596140537
2009-07-17,0.002243270325745305,False,0.028444400288396968,0.03258774020162433,0.0201117277011374,0.025220917916644436
2009-07-20,0.01198506971642696,False,0.02756880253470419,0.031584598921472064,0.019492632785461497,0.024444547915871664
2009-07-21,-0.0020051976942403863,False,0.027828446690247213,0.03188206401828965,0.019676215230601084,0.024674767708452713
2009-07-22,0.006738311973373538,False,0.027176196192192293,0.0311348037645495,0.01921503889090645,0.02409643397296369
2009-07-23,0.001572739511600106,False,0.02684945973835915,0.030760473402019137,0.018984018566241427,0.02380672516564309
2009-07-24,-0.0017826379364576598,False,0.025933008116890838,0.029710527295053774,0.018336037758934512,0.022994131091404284
2009-07-27,0.0005246314651618467,False,0.025276833626474943,0.028958771462489118,0.01787208694464857,0.02241231805284548
2009-07-28,-0.01511415748624355,False,0.024455120988658412,0.028017364447749566,0.0172910917170188,0.02168372659796098
2009-07-29,-0.012646174017242998,False,0.025527114921661414,0.029245509862390967,0.018049049341691322,0.02263423603803655
2009-07-30,0.00827029262033934,False,0.026207224765564304,0.030024687580218104,0.018529923743990376,0.0232372719387222
2009-07-31,0.01990957157316271,False,0.026114674574841314,0.029918656110392326,0.018464485759162538,0.02315521006574446
2009-08-03,0.003036136339969924,False,0.027448272554828453,0.031446511999938344,0.019407411578105854,0.02433767708371772
2009-08-04,0.011330119179445004,False,0.0266731258669847,0.0305584539419203,0.01885934099281349,0.023650374458622798
2009-08-05,-0.0034166702721461577,False,0.027049567252881896,0.030989729481582885,0.01912550538973668,0.023984155350393395
2009-08-06,-0.003636556509705471,False,0.026546538098129947,0.030413426826483986,0.018769836601380076,0.023538132340836283
2009-08-07,-0.0035453889212989876,False,0.026137590604986563,0.0299449101930678,0.018480688630504505,0.023175529120089383
2009-08-10,-0.012931881707043475,False,0.025726726653802077,0.029474197941669954,0.018190185620258002,0.022811226625304177
2009-08-11,0.0008461898094652699,False,0.026560002733761235,0.030428852781800783,0.0187793568261929,0.02355007108683167
2009-08-12,0.005167450901822001,False,0.02559684903763728,0.029325401764894475,0.018098355129043717,0.02269606748454922
2009-08-13,0.004198599585205452,False,0.025171873182289087,0.028838522005587362,0.01779787424016355,0.02231925232741389
2009-08-14,-0.00809807460415745,False,0.024603899952313622,0.028187815227724018,0.017396286482046473,0.021815645077240788
2009-08-17,-0.013501520452598403,False,0.02477082730617135,0.028379057974447678,0.01751431313940678,0.021963655267190397
2009-08-18,0.003632508710155792,False,0.02563946732382354,0.02937422802327908,0.018128488559813104,0.022733856022424993
2009-08-19,0.005954271271398787,False,0.024988866544662782,0.028628857793943866,0.017668478660502047,0.022156985050235372
2009-08-20,-0.0031853924140634914,False,0.024646722180844585,0.028236875135617064,0.01742656411107147,0.021853614445546572
2009-08-21,0.013625797729985336,False,0.024207909488701128,0.027734143003325298,0.01711629983104753,0.021464530521219768
2009-08-24,-0.011501075772752155,False,0.024939815383603677,0.028572661619056177,0.01763379683966409,0.022113492647715203
2009-08-25,0.002332004683360084,False,0.025543460368589396,0.029264236260999055,0.018060606455725575,0.02264872912529104
2009-08-26,-0.00021178759960980155,False,0.024868430385641127,0.028490878359633903,0.017583323789558875,0.02205019740661892
2009-08-27,0.0012699887565577736,False,0.0240790621631373,0.027586527193936592,0.017025197810949164,0.02135028491263332
2009-08-28,0.01208950335444202,False,0.023209264074351196,0.026590030384095485,0.016410203571686835,0.0205790573255192
2009-08-31,-0.005553519548102792,False,0.023724663567107084,0.02718050529654527,0.016774618857314745,0.021036048795519673
2009-09-01,0.003147295885384278,False,0.023625917831568047,0.027067375810842,0.016704800287590152,0.020948493492352862
2009-09-02,0.022679958838284022,False,0.023008089273414783,0.026359551552354973,0.0162679621190374,0.0204006808053651
2009-09-03,0.019469295321045587,False,0.024987600525297988,0.028627407360476052,0.01766758351641495,0.022155862503436822
2009-09-04,-0.0009041678150392085,False,0.02637624648020096,0.030218329761778153,0.018649431227568382,0.02338713914449066
2009-09-08,0.0030108412211801573,False,0.025643204407961005,0.029378509467983434,0.018131130880192754,0.02273716959878178
2009-09-09,-0.0026089083683638334,False,0.02498323916155488,0.028622410700776986,0.01766449979662766,0.022151995394415213
2009-09-10,0.00010050396399690525,False,0.02450671207233507,0.028076470521863593,0.017327569400365662,0.021729471084518864
2009-09-11,0.009498646398589966,False,0.023770353856026286,0.027232851039466186,0.016806924359980033,0.02107656119918209
2009-09-14,-0.004988038951622078,False,0.023931659599975723,0.027417653307172926,0.01692097623542997,0.02121958685225911
2009-09-15,0.005087522094868658,False,0.02376352952620812,0.02722503264692109,0.016802099190116927,0.021070510241509056
2009-09-16,0.013736096448259077,False,0.023388729629086148,0.026795637702708167,0.01653709541443858,0.02073818481560313
2009-09-17,-0.006498680395438374,False,0.024131137795764902,0.0276461883985919,0.017062018096581907,0.02139645903627951
2009-09-18,-0.003067007683343848,False,0.02414145293450487,0.027658006087064622,0.01706931145694227,0.021405605204411784
2009-09-21,-0.0054647658808667145,False,0.023741459592629233,0.027199747907062144,0.016786494554757402,0.021050941399221108
2009-09-22,0.010406952415250748,False,0.023699803104763995,0.027152023546889285,0.01675704116736174,0.02101400566317138
2009-09-23,-0.0011839111483536472,False,0.023986271732759818,0.027480220490062376,0.01695958996370675,0.021268010025334842
2009-09-24,-0.015419355484664854,False,0.02335954562671361,0.026762202626639857,0.01651646074810725,0.020712308111547003
2009-09-25,-0.007345193508851772,False,0.02459655037616482,0.028179395079093675,0.017391089934651386,0.021809128397159937
2009-09-28,0.0023200573061787745,False,0.024659017860369288,0.02825096185939717,0.017435257820764556,0.021864516708237212
2009-09-29,0.0006043267642771371,False,0.02388328328027751,0.02736223027408901,0.016886771563892195,0.02117669281421129
2009-09-30,0.014892109305691306,False,0.023059528125626547,0.026418483220280856,0.01630433216651434,0.020446290312199685
2009-10-01,-0.008468294690859142,False,0.02397405810490212,0.027466227769965955,0.016950954268975044,0.021257180515746304
2009-10-02,0.0036950281062947694,False,0.024201386371126402,0.027726669698960482,0.017111687634513404,0.021458746640693385
2009-10-05,0.013367197240888045,False,0.02362183892696034,0.027062702754552696,0.016701916281671333,0.020944876832579493
2009-10-06,0.02131152861587689,False,0.024302383758809516,0.027842378822636495,0.01718309824394846,0.021548298425885716
2009-10-07,0.004515184372023082,False,0.026004468085026024,0.0297923964451429,0.018386563817002013,0.02305749280662381
2009-10-08,0.011531051828550331,False,0.0254392221305218,0.02914481421002308,0.01798690438998306,0.02255630376144356
2009-10-09,-0.0072270905293542855,False,0.02578466323060432,0.029540573822119543,0.018231149910057358,0.022862597497359326
2009-10-12,0.008458023664125906,False,0.02579731852455615,0.029555072543389675,0.018240097886578446,0.022873818620910327
2009-10-13,0.00707249904093788,False,0.025795731747977158,0.029553254629762042,0.018238975949812136,0.02287241166694241
2009-10-14,-0.00028187280977320353,False,0.025541055976800973,0.029261481634635,0.018058906420834863,0.02264659721295257
2009-10-15,-0.01334170813999035,False,0.02477422262432822,0.028382947869993944,0.01751671381277438,0.021966665808445168
2009-10-16,0.000856845892699701,False,0.02562726538986831,0.029360248700471825,0.018119861133302207,0.022723036881518915
2009-10-19,0.006261972697648255,False,0.024747633729745633,0.028352485916846023,0.017497914027850198,0.02194309011969931
2009-10-20,0.0004727908715694877,False,0.02444128798028943,0.028001516460857075,0.017281311032779238,0.021671461225336593
2009-10-21,0.005562024561629172,False,0.023581170918762814,0.027016110860463818,0.01667316180280296,0.02090881755601947
2009-10-22,-0.005562024561629117,False,0.023233062450288475,0.02661729533903922,0.01642703030917214,0.020600158733176877
2009-10-23,-0.0020820232909205183,False,0.02323164029501664,0.026615666026202422,0.016426024768563592,0.020598897744686626
2009-10-26,-0.012871417930403237,False,0.022793711646533397,0.02611394671136625,0.016116385555167527,0.020210597679128615
2009-10-27,-0.007126402150334506,False,0.023718191661137658,0.027173090663499655,0.016770042870152255,0.02103031032300613
2009-10-28,-0.004649748583262424,False,0.023827349308996357,0.027298148707732384,0.016847223224386206,0.021127097600948542
2009-10-29,0.01589399119738508,False,0.02363882414626108,0.02708216211766909,0.016713925749336566,0.020959937189536808
2009-10-30,-0.006423562014159745,False,0.024631786868617223,0.028219764278303826,0.017416004038452514,0.021840371688451096
2009-11-02,0.013090888205473149,False,0.024571701163030008,0.028150926217256494,0.01737352019849637,0.021787095239195208
2009-11-03,0.028911611284339007,False,0.025171466369029734,0.02883805593406987,0.017797586601211265,0.022318891616563336
2009-11-04,0.002210873626257531,False,0.027902285379866505,0.03196665838518595,0.019728423173267316,0.024740238574812314
2009-11-05,0.0018387429008717767,False,0.026916380004755224,0.030837141576894607,0.019031334809923823,0.023866061644128234
2009-11-06,0.005861381950604163,False,0.02594767698197211,0.0297273328933253,0.018346409439026483,0.02300713759667049
2009-11-09,0.005191571548221521,False,0.025514569209039384,0.029231136684562436,0.018040178845090484,0.02262311207743137
2009-11-10,0.0009987521140400594,False,0.025130136336650604,0.028790705582364788,0.017768364035480908,0.022282245340194084
2009-11-11,0.01092115683716609,False,0.02424130703962094,0.02777240539246729,0.01713991370383704,0.021494143270366355
2009-11-12,-0.0072072384049492715,False,0.024520402514921314,0.028092155176197047,0.017337249282894773,0.02174161004773164
2009-11-13,0.009090540704948795,False,0.024594208734409435,0.028176712343216108,0.017389434267424078,0.021807052123661325
2009-11-16,0.01995897228757551,False,0.024639794780752098,0.02822893865911561,0.01742166606495609,0.021847472098113087
2009-11-17,0.00017570320589909376,False,0.02608366925574025,0.029883134416368556,0.01844256332350824,0.023127718447004085
2009-11-18,0.001666946947742947,False,0.02521473264379093,0.028887624569974117,0.017828178194910456,0.022357254709237023
2009-11-19,0.0006135342637371375,False,0.024316121624068245,0.02785811780744325,0.017192811656869002,0.021560479437562088
2009-11-20,0.004371018318064226,False,0.023462440268695067,0.026880085367250797,0.016589212818829628,0.020803542143313015
2009-11-23,0.015493471170473594,False,0.023011110467785117,0.02636301282755293,0.016270098266676032,0.020403359620683823
2009-11-24,0.0010300894950901176,False,0.023934660890388496,0.0274210917791129,0.016923098309895305,0.02122224801925075
2009-11-25,0.018194707156251003,False,0.02305437642975337,0.026412581105101394,0.016300689639213713,0.02044172243601205
2009-11-27,-0.01075786358614187,False,0.024335152379118683,0.02787992066829236,0.01720626742881852,0.02157735351844101
2009-11-30,0.005859163901266118,False,0.02487904546517018,0.028503039679626762,0.0175908292242613,0.02205960952453198
2009-12-01,0.015125068077877923,False,0.02451696666321391,0.028088218842800067,0.017334819950117132,0.02173856356642046
2009-12-02,0.010700632604194855,False,0.025340787906066753,0.029032041611516304,0.01791730607542411,0.02246902466714035
2009-12-03,0.004445569484829302,False,0.025532512022342718,0.029251693129152125,0.018052865383449187,0.02263902150835376
2009-12-04,-0.04073983390131261,False,0.024962881783999948,0.02859908797559311,0.01765010603089722,0.022133945031492974
2009-12-07,-0.004630849751018062,False,0.0299994130505486,0.0343692631512883,0.02121120573291522,0.026599707725391396
2009-12-08,-0.017865339378395625,False,0.029468936576434113,0.033761515076228044,0.02083613020693895,0.026129347883921652
2009-12-09,-0.01979564790692181,False,0.03071300601307886,0.03518680129014403,0.021715754508995787,0.027232432245908437
2009-12-10,0.004719234808527989,False,0.03217332802026594,0.036859840401478,0.022748281061383872,0.02852726219843723
2009-12-11,-0.0056121717177560525,False,0.031321324669158754,0.03588373039123742,0.022145868663014056,0.027771812747399028
2009-12-14,0.0034779758487731268,False,0.03084557161392795,0.03533867699560247,0.021809485550599157,0.02734997475352634
2009-12-15,-0.0008015535760757859,False,0.029946681240274796,0.03430885018718496,0.02117392149423688,0.026552951785908493
2009-12-16,0.011603811005702725,False,0.02896856379808517,0.03318825573732569,0.02048233962020893,0.02568568021497769
2009-12-17,-0.025600069516358778,False,0.029142039060750708,0.03338700019085032,0.02060499600284449,0.02583949626720223
2009-12-18,0.003607507361009815,False,0.031449678197668376,0.03603078047486107,0.022236621541917908,0.027885620518841945
2009-12-21,-0.01396090475283765,False,0.030513087288381445,0.03495776150038489,0.021574401170106335,0.027055169456239057
2009-12-22,-0.008618394143545736,False,0.031161753357639904,0.035700915201228645,0.02203304312499455,0.02763032497093464
2009-12-23,0.006699468607789347,False,0.031098473264573115,0.035628417443783,0.02198830068051485,0.02757421614048599
2009-12-24,0.009829811231236755,False,0.030562402133931382,0.03501425976923818,0.02160926943012476,0.02709889566101316
2009-12-28,0.002803760429950697,False,0.03044915957380437,0.03488452178595255,0.021529200822231375,0.02699848639645928
2009-12-29,-0.009255080487627456,False,0.029535880845702394,0.03383821075034258,0.020883463421948745,0.026188705645136034
2009-12-30,-0.005026284285231711,False,0.02964918194140095,0.03396801579575569,0.02096357341765357,0.02628916681167519
2009-12-31,0.0033840534004877312,False,0.02920412606272666,0.03345813106616413,0.0206488948674667,0.02589454721447654
2010-01-04,0.020336008314825505,False,0.028377758668003038,0.03251139126158714,0.020064608475232257,0.02516182850640037
2010-01-05,0.00035783561269817505,False,0.029695648120956368,0.03402125044904988,0.020996427516915838,0.026330367177602586
2010-01-06,0.01579451541250982,False,0.028622085802742548,0.032791308191118834,0.020237360959167894,0.025378467090712085
2010-01-07,-0.0024680918902550827,False,0.029343774533268818,0.033618121364129325,0.02074763388059224,0.026018369920422835
2010-01-08,0.0044908064293332495,False,0.02863202850860082,0.032802699196452935,0.020244390989360362,0.02538728303219014
2010-01-11,0.010922386126403755,False,0.02804218169820947,0.03212693263358288,0.019827337428177903,0.024864281041026934
2010-01-12,-0.01912668150208354,False,0.028185109811043114,0.03229068030135956,0.019928395325584877,0.024991011721414273
2010-01-13,0.006621663569801901,False,0.029604058586494217,0.03391631956901801,0.020931668767963478,0.02624915709381552
2010-01-14,0.00544095345952943,False,0.02912616791847337,0.03336881718625212,0.02059377424782236,0.025825423733678528
2010-01-15,-0.011000243160598023,False,0.028545317197271793,0.032703357123585075,0.020183081407707158,0.025310398343348025
2010-01-19,0.008458924256074033,False,0.02888369498069945,0.0330910245443969,0.020422332781313633,0.025610429218111314
2010-01-20,-0.02433503952240169,False,0.02867100183482936,0.032847349553537346,0.020271947236522155,0.025421839677849133
2010-01-21,-0.008668314012208104,False,0.030765381623120827,0.035246806168279764,0.021752786894866646,0.027278872351810108
2010-01-22,-0.012318236513859564,False,0.03070706784072281,0.03517999813676237,0.021711555900332698,0.02722716702125795
2010-01-25,0.005493513420230047,False,0.031108973847980576,0.03564044758963169,0.021995725160273708,0.027583526737633805
2010-01-26,0.0024623360872550208,False,0.030443049372675172,0.03487752154530908,0.021524880579931883,0.02699306863832161
2010-01-27,-0.012372425339340949,False,0.029447125873912697,0.03373652732819411,0.02082070886194191,0.02611000889514285
2010-01-28,-0.0007380524579723018,False,0.029923370850519715,0.03428214430069639,0.021157439789345645,0.026532283063043637
2010-01-29,-0.0005538406794374274,False,0.028978873276774755,0.03320006694127951,0.020489628978607892,0.02569482136448891
2010-02-01,0.01947672626845235,False,0.028021052983178824,0.03210272621442017,0.01981239828518094,0.024845546753009994
2010-02-02,0.01179288560459625,False,0.029298525887031118,0.0335662815955591,0.020715640643162343,0.02597824910996349
2010-02-03,-0.005384076061273663,False,0.029551299938173233,0.033855875857516225,0.02089436555333587,0.026202377357726677
2010-02-04,-0.04508998111049233,False,0.029209930016679993,0.03346478045028388,0.020652998576467976,0.02589969343112252
2010-02-05,-0.009647358811312443,False,0.03442489447471584,0.0394393802026471,0.02434026018464855,0.03052366824517379
2010-02-08,0.012748650518059184,False,0.03433678581185941,0.03933843723371239,0.024277962599974112,0.030445544560683463
2010-02-09,0.010268948062854865,False,0.034417557387206935,0.03943097436180838,0.024335072467396558,0.030517162638448628
2010-02-10,-0.0008361462449986618,False,0.03416679867342988,0.03914368900036613,0.02415777250961792,0.030294821338476337
2010-02-11,0.016958841778351375,False,0.032934318676410744,0.03773168039623529,0.023286342567491184,0.029202013034431845
2010-02-12,-0.004304582620552603,False,0.03358480671337815,0.03847692146083968,0.023746272751980692,0.02977878404101926
2010-02-16,0.02698465813435139,False,0.03285925081000731,0.03764567780510866,0.02323326553043278,0.02913545228864207
2010-02-17,0.0001786235197834537,False,0.034970310119445625,0.04006424355543875,0.024725898511332493,0.03100727426487233
2010-02-18,-0.0013407823237650395,False,0.03360096253147733,0.03849543060842665,0.02375769578818836,0.029793108989270036
2010-02-19,0.0029473952977853916,False,0.03251395992708472,0.03725009029148261,0.02298912622200597,0.02882929174641721
2010-02-22,-0.0077891733148895085,False,0.031442623982621334,0.03602269871096559,0.02223163383077853,0.02787936572785096
2010-02-23,-0.008937923213824531,False,0.031245514922380986,0.03579687785408786,0.02209226707645121,0.027704594195368464
2010-02-24,-0.005638384626172894,False,0.031191452782182404,0.03573494077818987,0.022054042222645516,0.02765665868656806
2010-02-25,0.010252821817720683,False,0.030803058043492215,0.035289970706337916,0.021779426159522615,0.027312279064412425
2010-02-26,0.009433608021292231,False,0.030732514891026273,0.035209151919432385,0.021729548339663864,0.02724973026605894
2010-03-01,-0.00044720717901420117,False,0.030621780555497097,0.03508228752007656,0.02165125318206697,0.02715154497972422
2010-03-02,0.01694277009135818,False,0.029560294990602237,0.03386618116993921,0.020900725541357253,0.026210353039290275
2010-03-03,0.005088558812882546,False,0.030432326430723217,0.03486523665116526,0.021517298880669243,0.026983560881573245
2010-03-04,-0.008877987298245592,False,0.029743376764296753,0.03407593146231022,0.021030174246278177,0.026372686937687375
2010-03-05,0.0019406138387151374,False,0.02978020558585854,0.03411812493648507,0.021056214212784575,0.02640534210623229
2010-03-08,-0.009918672460992171,False,0.028736336864942005,0.032922201579447155,0.020318142632510416,0.025479770568106803
2010-03-09,-0.0014249874190179776,False,0.028938040865039077,0.03315328669589003,0.020460758257556208,0.025658616315541397
2010-03-10,-0.012736696406978158,False,0.028101948800184306,0.032195405681775584,0.019869595998167667,0.024917274992656776
2010-03-11,0.00018047763156562316,False,0.02866876501490308,0.032844786908310296,0.02027036568399098,0.02541985634716952
2010-03-12,-0.0058837010648312765,False,0.027675227198071504,0.03170652588233944,0.019567880772011655,0.024538911926779934
2010-03-15,0.0032629192601636168,False,0.027427905902855532,0.031423178649382835,0.01939301125486085,0.02431961849740766
2010-03-16,0.01535519430323725,False,0.026709383637144833,0.030599993182765205,0.01888497719512809,0.023682523290581903
2010-03-17,0.001602750647837658,False,0.027461314958726238,0.03146145421933887,0.019416633262272193,0.024349241447698212
2010-03-18,0.0030203668490292684,False,0.02655390072162414,0.030421861922995022,0.01877504237395323,0.02354466058966261
2010-03-19,-0.017899170867508113,False,0.025854718075635198,0.029620833172521895,0.018280682470178906,0.022924713326073348
2010-03-22,-0.00734128943287008,False,0.02715318895710506,0.031108445191607947,0.019198771532743193,0.024076034049543237
2010-03-23,0.003813288694503739,False,0.027103851709556297,0.031051921257579423,0.019163887433301337,0.024032287981493133
2010-03-24,-0.013594502123719505,False,0.026473492022330354,0.030329740529118934,0.01871818907950501,0.023473364264758195
2010-03-25,0.003759208317871616,False,0.02719283324183584,0.031153864242042733,0.01922680218381433,0.024111185616843705
2010-03-26,0.010469393738636968,False,0.02655652163146426,0.030424864606408832,0.01877689549880379,0.02354698448298693
2010-03-29,0.005509246408055013,False,0.026712203136139253,0.030603223382727137,0.018886970733239444,0.02368502326780003
2010-03-30,-0.0052375491774631945,False,0.026297662900950425,0.030128299343180263,0.018593868391592112,0.023317461106571808
2010-03-31,0.007935877733399111,False,0.026041328206720178,0.029834625778768865,0.01841262591439297,0.023090175728190797
2010-04-01,0.010543277283994743,False,0.025928939899249225,0.029705866482442354,0.018333161309278072,0.02299052390748879
2010-04-05,0.006908839551936326,False,0.026114083437435372,0.02991797886523992,0.018464067793080578,0.02315468591941543
2010-04-06,0.001939992823498996,False,0.025878419096994665,0.02964798659177998,0.018297440372718157,0.02294572841193162
2010-04-07,0.015039256141456733,False,0.025112821514762167,0.028770868605257988,0.017756121520979523,0.022266892733102284
2010-04-08,-8.687147434402314e-05,False,0.025856352954136505,0.029622706194815274,0.018281838417602978,0.022926162930778208
2010-04-09,0.007694694686179822,False,0.02505825700737461,0.0287083559850956,0.017717541466431036,0.022218511788240348
2010-04-12,0.0004305334466219135,False,0.024955348441329663,0.028590457292179145,0.01764477955064353,0.022127265410365478
2010-04-13,-0.007604536011493,False,0.024128469513777936,0.027643131442590212,0.017060131477064266,0.02139409313929137
2010-04-14,0.005363756298329145,False,0.02423354651805819,0.027763514438256556,0.017134426595833134,0.02148726221555979
2010-04-15,0.0006037445188048611,False,0.023896781610312896,0.0273776948318891,0.016896315612469043,0.021188661436167894
2010-04-16,-0.020383895963437555,False,0.02308768556098258,0.026450742194941,0.016324240994505128,0.020471256785693854
2010-04-19,-0.000968609062082012,False,0.02483187307382316,0.028448995944539365,0.017557475795109558,0.02201778297877843
2010-04-20,0.0029906122417675506,False,0.02417148483217614,0.027692412566693313,0.017090545631057,0.021432233715414604
2010-04-21,0.008396040132929772,False,0.023589842336370164,0.027026045395954212,0.016679292963521188,0.020916506278913203
2010-04-22,-0.00515163972238596,False,0.02363035022923433,0.027072453851586558,0.01670793423219871,0.02095242358532659
2010-04-23,0.009410130119176331,False,0.02347096180166893,0.02688984818523453,0.016595238003014528,0.02081109796735848
2010-04-26,0.00034685200928378336,False,0.023626980310773812,0.027068593055571223,0.01670555151778864,0.02094943556532909
2010-04-27,0.007083608874006646,False,0.02286652639452524,0.026197367984669477,0.016167869515785117,0.02027516064279119
2010-04-28,0.008229877275134146,False,0.022783029255571807,0.026101708275053332,0.01610883252764582,0.020201125877900107
2010-04-29,-0.002478972354068754,False,0.02283088981864706,0.0261565404240734,0.01614267253138762,0.020243562607819763
2010-04-30,0.009963847534692136,False,0.022409821910784774,0.02567413786154671,0.015844954772505276,0.019870212527176304
2010-05-03,0.0022007590281972016,False,0.022675680390864008,0.02597872248950088,0.016032931080818335,0.02010594240144113
2010-05-04,-0.011993488743151995,False,0.02205414880055814,0.025266655798460384,0.015593474668478874,0.019554846331115466
2010-05-05,0.005121213074799913,False,0.02278214635088685,0.026100696762481283,0.016108208266334988,0.020200343029031377
2010-05-06,0.01880725797365313,False,0.022491468284311228,0.025767677214878416,0.01590268316950084,0.019942606265979875
2010-05-07,0.010885458313715984,False,0.023838175567256807,0.027310551967705175,0.016854877973860576,0.021136696965609523
2010-05-10,-0.007965504686302246,False,0.02415365013348851,0.027671979985182928,0.017077935535572453,0.02141642014694038
2010-05-11,0.016114053263374287,False,0.02430999701552657,0.027851101060738476,0.017188481227750536,0.021555048904742444
2010-05-12,0.018517484352124334,False,0.025203918261060526,0.02887523491537475,0.017820531842077398,0.022347665874302997
2010-05-13,-0.01124826939014631,False,0.026392147298523197,0.03023654676516808,0.01866067396515749,0.02340123799099987
2010-05-14,-0.0011399922839632573,False,0.026832445448667922,0.03074098073398777,0.018971988544239596,0.02379163903271845
2010-05-17,0.0002443295688869575,False,0.026029125351295906,0.029820645400267222,0.018403997836353672,0.023079355770241824
2010-05-18,-0.010974641144063931,False,0.02520418724366916,0.028875543079205944,0.01782072202731338,0.022347904374261676
2010-05-19,-0.018032042052982835,False,0.025656911236247703,0.02939421289483253,0.018140822348297315,0.02274932309077357
2010-05-20,-0.004032879527918756,False,0.02694784151995921,0.030873185918607632,0.019053579800868695,0.02389395776021604
2010-05-21,-0.010239224347209393,False,0.02652707181429916,0.030391124995763803,0.018756072887053582,0.023520872087793132
2010-05-24,0.015277864293391445,False,0.026813602693229018,0.030719393257623354,0.018958665698172037,0.023774931646258206
2010-05-25,0.0033450439592239783,False,0.027535387649022185,0.03154631667250806,0.01946900665605861,0.024414919796437423
2010-05-26,0.012857378706691411,False,0.026856914764579395,0.030769014361054954,0.01898928967253392,0.023813335345589264
2010-05-27,-0.0011545641821727596,False,0.027260133140149308,0.031230967347736602,0.019274386847771784,0.02417085870518281
2010-05-28,0.00024745411687931155,False,0.026546080072112843,0.03041290208232698,0.018769512752241313,0.023537726220951037
2010-06-01,0.010340754973076925,False,0.025643173504601685,0.029378474063101116,0.018131109029848175,0.022737142197568155
2010-06-02,-0.003435084100971177,False,0.025845340622584076,0.029610089757273746,0.018274052104258646,0.022916398579716536
2010-06-03,-0.010128067664845416,False,0.02542217034613111,0.029125278585644863,0.017974847857203078,0.022541184382933576
2010-06-04,0.006516750094044506,False,0.02571255525969046,0.029457962278238072,0.018180165679017243,0.022798661214747804
2010-06-07,0.018815539932685865,False,0.02543256422749128,0.02913718648674376,0.01798219689284996,0.022550400370121293
2010-06-08,0.0037852508285350526,False,0.026598733872115792,0.030473225672830808,0.01880674183344368,0.023584412990733824
2010-06-09,-0.012538081337890961,False,0.025983435017250322,0.029768299605646604,0.018371692301781595,0.023038843326567002
2010-06-10,-0.006287491434216247,False,0.026578903530938374,0.03045050675452537,0.018792720710905073,0.023566829937407906
2010-06-11,0.0066130586301318735,False,0.02643010502908737,0.030280033590333214,0.018687512131317432,0.023434894134112566
2010-06-14,-0.004567315189193386,False,0.026135474178138808,0.029942485477919258,0.018479192202384035,0.023173652538855023
2010-06-15,0.008060212449386287,False,0.025816564166674914,0.02957712159272876,0.018253705595294458,0.022890883236624103
2010-06-16,-0.003167436023780156,False,0.025712328583183945,0.029457702583007048,0.01818000540648103,0.02279846022652142
2010-06-17,0.014696607232111584,False,0.025254597864737972,0.028933296739193044,0.01785636505982248,0.022392602174996192
2010-06-18,0.007745438458949523,False,0.025956457101875177,0.029737391965179133,0.018352617458140385,0.023014922703093136
2010-06-21,-0.014017611627572136,False,0.025813936942883937,0.029574111675645477,0.01825184800613953,0.022888553744882002
2010-06-22,0.00016137541909309116,False,0.026623663390128626,0.030501786537117524,0.0188243683494859,0.023606517352967808
2010-06-23,-0.004688811199894869,False,0.02570495123789581,0.029449250620259024,0.01817478922480422,0.022791918924259177
2010-06-24,0.009195116025985885,False,0.025406626496393272,0.029107470548496814,0.017963857515688218,0.02252740205128404
2010-06-25,0.00823580285986029,False,0.025449498035679315,0.029156586949972405,0.01799417001008105,0.022565415142167682
2010-06-28,-0.01411418591172865,False,0.025382285199719936,0.02907958358852863,0.017946646903911442,0.022505819249778
2010-06-29,0.0030643108430572184,False,0.02619285083757744,0.030008219880911263,0.01851976060035801,0.023224526946589448
2010-06-30,0.0028140722088110495,False,0.025511083290494427,0.029227142991366053,0.01803771411235386,0.02262002120314346
2010-07-01,-0.03197919165330109,False,0.024840895033676695,0.02845933208384396,0.017563854808133748,0.022025782518463086
2010-07-02,0.000911443533751355,False,0.02794552798168009,0.03201619989983402,0.01975899802891362,0.024778580677292408
2010-07-06,-0.010490459373536166,False,0.02695828867749047,0.030885154856325505,0.019060966505646763,0.023903220986013968
2010-07-07,0.0031753404461197904,False,0.027241211408027044,0.031209289390588157,0.019261008160922407,0.024154081292129353
2010-07-08,-0.0023387303754459944,False,0.02657540159320907,0.030446494708717842,0.018790244651739684,0.023563724859321376
2010-07-09,0.011474247961861998,False,0.02601998722165933,0.02981017616936391,0.01839753668501685,0.023071253225799372
2010-07-12,-0.009218931367245903,False,0.026313960757600473,0.03014697121929543,0.018605391856728822,0.023331911996751265
2010-07-13,0.012273185427453303,False,0.0265419505722857,0.030408171060889885,0.01876659297276896,0.02353406469969831
2010-07-14,-0.005371691556160925,False,0.02689792441376682,0.030815997661104513,0.01901828571003917,0.02384969754642527
2010-07-15,0.0010765885711429397,False,0.026624200375786274,0.030502401742533214,0.018824748027356293,0.02360699348433485
2010-07-16,-0.016777636394284045,False,0.025736000977090712,0.029484823204808275,0.01819674306786464,0.022819449929153916
2010-07-19,-0.005317182597859029,False,0.02683623007006838,0.030745316640447717,0.018974664476032365,0.02379499475914329
2010-07-20,0.00825897921406558,False,0.026542407007685873,0.03040869398273351,0.01876691569725562,0.023534469409224445
2010-07-21,8.390381185885774e-05,False,0.02642336640538563,0.030272313388244845,0.018682747560308875,0.023428919169847906
2010-07-22,0.003267586547723767,False,0.025620397407097196,0.02935238029628734,0.018115005098443028,0.0227169472178956
2010-07-23,-0.006545885229682703,False,0.02501446478170719,0.02865818478589887,0.017686577997026862,0.022179682348429812
2010-07-26,-0.003965037690309944,False,0.02495308440660633,0.02858786346792469,0.017643178755780572,0.022125257949025506
2010-07-27,-0.02135920584544627,False,0.024591055446701173,0.02817309973336756,0.01738720472265924,0.021804256184578368
2010-07-28,0.002070415153658784,False,0.026239405023959037,0.030061555360503714,0.01855267692520092,0.02326580534590537
2010-07-29,0.006870518122281092,False,0.025483328358734195,0.02919534515079477,0.018018089876150393,0.022595411619232054
2010-07-30,0.011318725915850668,False,0.02527295080669617,0.02895432305363122,0.017869341581297205,0.022408875256445034
2010-08-02,0.0014376335483021452,False,0.025610101872146775,0.029340585067180753,0.018107725599020963,0.022707818431939142
2010-08-03,0.0015198236281605902,False,0.024804041367029087,0.028417110145535794,0.017537797274809426,0.021993105320419794
2010-08-04,0.007146190694943367,False,0.02404678928418159,0.027549553301560448,0.017002379141998224,0.021321669381181678
2010-08-05,0.0029277699971361685,False,0.023919232063188023,0.02740341551920491,0.01691218929552841,0.021208567675125797
2010-08-06,0.005165447880548518,False,0.023339076465444582,0.026738751834820832,0.016501987945251876,0.02069415863288145
2010-08-09,-0.002246224703532445,False,0.02304683247856308,0.026403938267882454,0.01629535565816326,0.020435033408582805
2010-08-10,-0.003754854579199012,False,0.022578994822181855,0.025867953263870706,0.015964569160361243,0.020020213795222234
2010-08-11,0.0010862254939798823,False,0.0223299256015775,0.025582603494813116,0.01578846376552989,0.019799370525378803
2010-08-12,0.014343444080896115,False,0.02158466558342307,0.02472878553387754,0.015261524670323134,0.019138567641371538
2010-08-13,8.229459026243971e-05,False,0.022393138939220125,0.02565502477293778,0.015833159010318267,0.01985542016551033
2010-08-16,0.0078708084359936,False,0.021695009142248454,0.024855202234228616,0.015339543527678893,0.019236406436056924
2010-08-17,0.0017134968958107048,False,0.02171729339012363,0.02488073250637294,0.015355299694824137,0.019256165305317503
2010-08-18,0.002524103183020322,False,0.021062717475819785,0.024130808105742283,0.01489247916021184,0.018675769683068992
2010-08-19,0.003328679879881066,False,0.020500353650517066,0.02348652782379054,0.01449485755424422,0.018177136147700147
2010-08-20,-0.005363765526181182,False,0.020049215055692012,0.022969674342120133,0.014175878195122475,0.017777123162587068
2010-08-23,-0.0002444291286333748,False,0.020055623065255178,0.022977015771320147,0.014180409004073764,0.01778280497980111
2010-08-24,0.003985871196475256,False,0.019420824074908236,0.022249749090780632,0.013731571823139332,0.01721994504720341
2010-08-25,0.0062315185826497385,False,0.019035109155843898,0.021807849193193878,0.013458850537268079,0.01687794155216347
2010-08-26,-0.0033132484513755884,False,0.019013718164386045,0.0217833422932341,0.013443725950667701,0.016858974710386387
2010-08-27,0.000485534993766416,False,0.018779992866346316,0.021515571511855635,0.013278469538038757,0.016651736501911735
2010-08-30,0.0008895521162354205,False,0.01818801701852153,0.020837365786336447,0.012859910632370472,0.016126846748032296
2010-08-31,0.009012753638830398,False,0.017509601648770336,0.02006012936742488,0.012380234314839946,0.01552531329398143
2010-09-01,-0.0016034637619032294,False,0.01798405195522805,0.020603690250012092,0.01271569631349179,0.015945996174034204
2010-09-02,0.004163630861030291,False,0.01758200583041827,0.020143080269434812,0.012431427982871716,0.015589512219029933
2010-09-03,-0.0018395245504221327,False,0.017272805570553135,0.019788840502148526,0.01221280669472787,0.015315352303728614
2010-09-07,0.006463296113427575,False,0.01696280387455139,0.01943368255791552,0.01199361874793818,0.015040481775624358
2010-09-08,-0.0013530769111762683,False,0.016981054613612823,0.01945459178212104,0.01200652300644342,0.015056664236394124
2010-09-09,-0.005350343106166177,False,0.016619315201099168,0.01904015977173719,0.011750753698970561,0.014735919206169535
2010-09-10,-0.003529340609845218,False,0.016806204408916,0.019254272106294185,0.011882894465511055,0.014901629058445021
2010-09-13,0.00048198554260612565,False,0.016669428373543994,0.01909757265538928,0.011786186419232961,0.01478035326686194
2010-09-14,0.019564785269065393,False,0.0160200052946868,0.018353551675506986,0.011327009217661303,0.014204526531231547
2010-09-15,-0.002365558677237567,False,0.018207482131084182,0.02085966627517628,0.012873673518547115,0.016144105962542125
2010-09-16,0.004096809710312207,False,0.01790179161074713,0.020509447491941574,0.012657533805861884,0.01587305804298159
2010-09-17,0.002904772344231728,False,0.017600291459263482,0.020164029465627717,0.012444356910338995,0.015605725615673327
2010-09-20,0.0026618855822180053,False,0.01717572450135498,0.019677618165609555,0.012144165134039212,0.015229273017377639
2010-09-21,-0.005173622516442275,False,0.016737649063840114,0.019175730679787926,0.011834422132867565,0.014840842797761879
2010-09-22,0.013892307190348036,False,0.01686858822901619,0.01932574303560181,0.011927003196582582,0.014956943186713546
2010-09-23,0.0031728389211512858,False,0.01797754877142541,0.020596239783062707,0.012711098211211446,0.01594022996827067
2010-09-24,0.001312551738320187,False,0.01760274384564777,0.0201668390776974,0.012446090880001873,0.015607900083585148
2010-09-27,0.0005399399869342691,False,0.01703170525115613,0.019512620420467166,0.012042335743566779,0.015101574853561416
2010-09-28,0.00760578682231086,False,0.016492854774141395,0.018895278547394156,0.011661339345137911,0.01462378999916682
2010-09-29,0.0014531182487354751,False,0.01666813952081694,0.019096096062548456,0.011785275130725187,0.014779210474308536
2010-09-30,-0.0005350695069459966,False,0.01609925461344128,0.018444344808234075,0.01138304276743317,0.014274794863240365
2010-10-01,0.006326425826713691,False,0.01568516320125469,0.017969934969276596,0.011090257767895902,0.013907630661820882
2010-10-04,-0.0005319788625364194,False,0.0157172258333818,0.018006667989320782,0.011112927780980523,0.013936059772818844
2010-10-05,0.017707579110320042,False,0.015295557724604001,0.01752357779790035,0.0108147856476253,0.013562177509465603
2010-10-06,0.005585982471689191,False,0.01716300956816751,0.01966305111778315,0.012135174989356536,0.0152179990132508
2010-10-07,-0.009327381559674712,False,0.017077593887188686,0.019565193402638487,0.01207478148835683,0.015142263126506161
2010-10-08,0.007692003761053769,False,0.01777457095811887,0.020363695304020706,0.012567581931409312,0.015760254763435975
2010-10-11,0.006747085952423054,False,0.0179119546016926,0.020521090870084354,0.012664719589511812,0.015882069305578953
2010-10-12,-0.005631802700302759,False,0.017961234795331286,0.020577549439472386,0.01269956334875693,0.015925764785394876
2010-10-13,0.017531422240192312,False,0.01812468788412417,0.020764811843978354,0.012815133513020624,0.01607069443389757
2010-10-14,0.0052435858982510875,False,0.019665255779774477,0.022529785822596363,0.013904398243803925,0.017436676351156116
2010-10-15,-0.004075976044961503,False,0.019429182890543625,0.022259325489282885,0.013737481957375192,0.01722735659397125
2010-10-18,7.291367731604025e-05,False,0.019327868139010915,0.02214325277310448,0.01366584695455302,0.01713752341041863
2010-10-19,-0.026680056124006982,False,0.01878975904671571,0.021526760278200264,0.013285374755173869,0.016660395922780458
2010-10-20,0.0061231323086174735,False,0.021971505496577837,0.02517197429727885,0.01553504138779367,0.01948156863972755
2010-10-21,-0.013943327587894492,False,0.021762347249948025,0.024932349115060475,0.01538715520773657,0.019296113403675638
2010-10-22,-0.00022643672330835627,False,0.022857363120013744,0.026186869946175112,0.016161390585663283,0.020267035803035068
2010-10-25,0.010440643180368532,False,0.02217127316973953,0.025400841032652836,0.015676287925086872,0.019658697495886467
2010-10-26,-0.00022422659934072804,False,0.02252362177309414,0.025804514326169557,0.01592541742314961,0.019971115937236973
2010-10-27,-0.011878982718151439,False,0.021813989565645585,0.024991513883883133,0.015423669114889998,0.019341903316348358
2010-10-28,0.01493855424279619,False,0.022582588855940552,0.025872070820831542,0.015967110336394866,0.020023400532488574
2010-10-29,0.01111451888462898,False,0.023502152162081506,0.026925581874523614,0.01661729127287285,0.02083875365746902
2010-11-01,-0.005097358653302039,False,0.023863397131628574,0.0273394474191435,0.016872710982456247,0.02115906027783619
2010-11-02,0.004581455806499127,False,0.024013205335682415,0.027511077363325167,0.01697863347605005,0.02129189135809711
2010-11-03,-0.014331077888990441,False,0.023624041598299807,0.02706522627695543,0.016703473689306764,0.02094682988458575
2010-11-04,0.03353500271930994,False,0.024709144518973703,0.02830839019366381,0.01747070007647037,0.021908962726760347
2010-11-05,0.01050376395006266,False,0.028474390093998152,0.03262209845786175,0.020132932113884575,0.025247509105691655
2010-11-08,0.003928436042612348,False,0.028428281479250764,0.032569273453881706,0.020100330832258876,0.025206625783280093
2010-11-09,0.004977610900924006,False,0.027537285656175265,0.031548491151961955,0.019470348649654908,0.02441660271054803
2010-11-10,-0.007618729685157052,False,0.026828285312972152,0.03073621461412296,0.018969047103553037,0.023787950347429206
2010-11-11,0.002854901710456582,False,0.026794228650027826,0.03069719710371981,0.018944967202953935,0.02375775318060815
2010-11-12,-0.027236613135162596,False,0.025970388603372283,0.029753352792153975,0.018362467782342583,0.023027275407040193
2010-11-15,0.0021947480800694587,False,0.028849342721725634,0.033051668380110526,0.020398043878352225,0.025579969953896022
2010-11-16,-0.022242003657255125,False,0.02776474353026688,0.03180908156809159,0.019631173654957493,0.024618283755456515
2010-11-17,-0.001121453480205418,False,0.02985112167037251,0.03419937097840638,0.021106355715748783,0.026468221573837946
2010-11-18,0.011971719847731183,False,0.028817641509071935,0.033015349425533844,0.020375629408360844,0.025551861304246505
2010-11-19,-0.0005175951085987665,False,0.029120021380934096,0.033361775316272844,0.02058942831371788,0.025819973756980905
2010-11-22,0.004059196095939039,False,0.028068893485916006,0.03215753538102265,0.01984622410517997,0.024887965695943995
2010-11-23,0.01447820638468904,False,0.02729048088504232,0.031265735682320966,0.019295844342935808,0.024197767269791014
2010-11-24,-0.0033449533406694413,False,0.02791522824727873,0.03198148656916653,0.019737574479760944,0.024751714682351936
2010-11-26,-0.0077508250719684505,False,0.027424851094575882,0.031419678863921593,0.019390851340372352,0.02431690987750037
2010-11-29,0.002712277516303644,False,0.027384505600215648,0.0313734564624933,0.019362324896210623,0.024281136565662224
2010-11-30,0.013813378490703599,False,0.02652678180805112,0.030390792745894863,0.018755867836968747,0.023520614946714296
2010-12-01,0.0016593076617551833,False,0.02709152817566124,0.031037802622035475,0.01915517402906359,0.02402136102104894
2010-12-02,0.0008645804636602154,False,0.026089759950685985,0.029890112309469714,0.01844686977388221,0.02313311890951074
2010-12-03,0.012097949382854271,False,0.025068348981563765,0.02871991800186035,0.0177246770373976,0.022227460082107013
2010-12-06,0.007019580110278535,False,0.025464095533875304,0.029173310785735554,0.018004491229929562,0.02257835836825284
2010-12-07,-0.004958219364304296,False,0.02527568700348787,0.02895745781721507,0.017871276220250865,0.022411301371743218
2010-12-08,-0.01848988347919273,False,0.02501868579856805,0.02866302065515446,0.01768956248398622,0.022183425015481786
2010-12-09,0.006919926460453495,False,0.02660328442958873,0.03047843908507354,0.018809959323419077,0.023588447852968084
2010-12-10,-0.005618748890463309,False,0.02625960516072887,0.030084697940499016,0.018566959513201423,0.023283716287468965
2010-12-13,0.009347206064547017,False,0.02603982220208943,0.02983290040269654,0.01841156108775774,0.023088840392631284
2010-12-14,0.004498509284144025,False,0.026031613404492608,0.029823495874538426,0.018405757024379812,0.023081561862998572
2010-12-15,-0.012979262012137812,False,0.025428649971915813,0.029132702063008935,0.017979429302692026,0.022546929700408704
2010-12-16,-0.010958399477841024,False,0.026213952080389055,0.030032394826127344,0.018534680319011943,0.02324323687569658
2010-12-17,0.005965787917043688,False,0.02669101432893011,0.0305789481180876,0.018871989101825824,0.02366623569759447
2010-12-20,0.0049926115607974485,False,0.02624251327689503,0.03006511637561151,0.018554874627948775,0.023268561353814415
2010-12-21,0.0019468234287534076,False,0.025683772728220845,0.029424987153139036,0.018159814874303584,0.02277314048461223
2010-12-22,-0.0010089387117141113,False,0.02477990228743378,0.028389454858499245,0.017520729641431518,0.021971701819594187
2010-12-23,-0.004915470868822041,False,0.024046004956109424,0.027548654724716168,0.017001824579678193,0.021320973937659318
2010-12-27,0.00173763755917607,False,0.023964364483961925,0.02745512213238495,0.016944100355276367,0.02124858543145664
2010-12-28,0.01635846993307731,False,0.023098201871835956,0.02646279035916646,0.016331676594417914,0.02048058132796332
2010-12-29,0.005606248668243366,False,0.02419769885460846,0.02772244504211915,0.01710908036111863,0.02145547701466955
2010-12-30,-0.005321614807999368,False,0.0237994544881306,0.02726619060117617,0.01682750007902768,0.021102363980966342
2010-12-31,0.01096696191437432,False,0.02365564708427365,0.027101435560871384,0.01672582047536389,0.02097485365585109
2011-01-03,0.0010549637197134285,False,0.02405169945853959,0.027555178714109164,0.017005850900539517,0.02132602310645568
2011-01-04,-0.0314902146739841,False,0.0230935555197775,0.0264574671984659,0.016328391372495293,0.020476461527134688
2011-01-05,-0.003706516500908482,False,0.026749278260387085,0.030645699037150555,0.018913184849051277,0.02371789682659977
2011-01-06,-0.0014573013103875846,False,0.026273146625166596,0.030100211915853464,0.018576534060131045,0.023295723155590364
2011-01-07,-0.0021168841718216167,False,0.025567252416702612,0.02929149396637927,0.01807742871909741,0.022669824922229923
2011-01-10,0.0037925443054551873,False,0.02494244370920942,0.028575672798449546,0.017635655207861575,0.02211582311640811
2011-01-11,0.007470063391425878,False,0.02439089844502475,0.027943786958127645,0.017245682909072812,0.021626782120842108
2011-01-12,0.001227534689899489,False,0.02424295335507364,0.027774291517670094,0.01714107773780363,0.021495603015921773
2011-01-13,0.0008656663981080393,False,0.023329646355048958,0.02672794809192137,0.01649532034774426,0.02068579719661204
2011-01-14,-0.01929226618634375,False,0.022443640920555036,0.02571288310114029,0.0158688666394712,0.019900198973042273
2011-01-18,0.005644106001557393,False,0.02423147035964471,0.02776113585722444,0.017132958639671184,0.021485421339310074
2011-01-19,0.0015337808521974678,False,0.02386343748043969,0.02733949364534482,0.016872739511245533,0.02115909605408891
2011-01-20,-0.017448045681379615,False,0.023039099185720526,0.02639507850865037,0.01628988780233555,0.020428176496781893
2011-01-21,-0.004093028969975036,False,0.024534826790516506,0.028108680556972413,0.017347448025006235,0.021754399681793348
2011-01-24,0.002606592427240802,False,0.024240283875157885,0.027771233189243898,0.017139190271285614,0.021493236056760998
2011-01-25,-0.009115388093256592,False,0.023523065286297017,0.026949541298938597,0.016632077981516304,0.020857296786656918
2011-01-26,0.0005252325630460462,False,0.02385876236032005,0.027334137526097254,0.01686943394874947,0.02115495074536057
2011-01-27,-0.011013142505553696,False,0.022977638199539765,0.02632466483742204,0.016246431564700792,0.020373680621607004
2011-01-28,0.016772930514485924,False,0.023600183537962168,0.027037892943711807,0.016686604751725977,0.020925675556305836
2011-01-31,-0.005159781381154873,False,0.024745539062538076,0.028350086130945227,0.017496432984970903,0.02194123283217808
2011-02-01,0.004338995888673461,False,0.024534880707908012,0.02810874232821487,0.017347486147514895,0.021754447488957208
2011-02-02,-0.006064917441172529,False,0.024004718105158366,0.027501353844441145,0.016972632545550346,0.021284365949151365
2011-02-03,0.015500756332791596,False,0.023936644951877313,0.027423364847966036,0.01692450114855602,0.02122400723552684
2011-02-04,-0.0029623067321652447,False,0.02493115217028776,0.028562736482931388,0.017627671479823134,0.0221058111993556
2011-02-07,-0.000519361438913788,False,0.024426636386661035,0.027984730649876322,0.017270951564537534,0.021658470034223293
2011-02-08,0.011656383419735038,False,0.02361886290747242,0.02705929323461471,0.01669981207511512,0.020942238072666746
2011-02-09,0.0010263356787418307,False,0.024095802580193778,0.027605706095807328,0.017037034190202367,0.021365128209738935
2011-02-10,-0.002127132012792459,False,0.023191343143679325,0.02656949900966027,0.01639753250553078,0.02056316729736313
2011-02-11,-0.0014696159336339732,False,0.022660928092069117,0.025961821304183893,0.01602250040858336,0.020092861917647645
2011-02-14,0.0034501419225704253,False,0.022060228706833492,0.025273621331364668,0.015597773490680028,0.019560237227585663
2011-02-15,0.006573685319166716,False,0.02151026667759634,0.02464354934714888,0.015208920624532789,0.01907260004571407
2011-02-16,0.000800477148773662,False,0.021477779116410824,0.024606329500958986,0.015185950163647254,0.019043794161052615
2011-02-17,0.007247984439805104,False,0.020693009315650625,0.023707246583901106,0.014631075517638167,0.018347958969318647
2011-02-18,0.0025244343337210524,False,0.020950814216873427,0.02400260451230085,0.014813357510608385,0.01857654794241439
2011-02-22,0.00882140696837657,False,0.020381639911632658,0.023350521705120267,0.014410920527391133,0.01807187572970487
2011-02-23,0.009168850829876523,False,0.02062815738320875,0.023632948025852363,0.014585221697802297,0.01829045642933648
2011-02-24,0.0013433907099470231,False,0.020911205618147938,0.023957226346056192,0.01478535209147091,0.01854142801697668
2011-02-25,-0.004674298635559968,False,0.020183895451334723,0.023123972892940593,0.014271104510895869,0.01789654080433892
2011-02-28,0.0004259032401144668,False,0.02013010008569497,0.02306234145118948,0.014233068281115655,0.01784884183767624
2011-03-01,0.015070638998910936,False,0.019435609650855237,0.02226668840055011,0.013742026024118632,0.017233055036991518
2011-03-02,0.004532941421429262,False,0.020549131477261066,0.02354241084925133,0.014529346112954623,0.01822038619171547
2011-03-03,-0.014860747011216433,False,0.020240364025708356,0.023188666935092528,0.014311030843669957,0.017946610036409467
2011-03-04,0.008578880672767533,False,0.021583199145777644,0.024727105488296458,0.015260487819684115,0.019137267388839925
2011-03-07,0.004122581784772878,False,0.021760313999286327,0.024930019691917202,0.015385717589673205,0.019294310572625494
2011-03-08,-0.005033181664813808,False,0.0213083293788494,0.024412196948720304,0.015066140044737672,0.01889354743836896
2011-03-09,0.0016805720309420761,False,0.021279114519273345,0.024378726520648743,0.015045483560696408,0.018867643374024367
2011-03-10,-0.012036110571015474,False,0.02056480631853402,0.02356036895875357,0.014540429072561572,0.018234284670189033
2011-03-11,0.006563914584736259,False,0.021469634895755083,0.024596998956311067,0.01518019175965541,0.01903657289013212
2011-03-14,0.0021784033157129074,False,0.02139312235675455,0.024509341255046994,0.015126093261023009,0.01896873119031911
2011-03-15,-0.022718569429602507,False,0.020788619917877223,0.02381678425860301,0.014698677378736553,0.018432734430438198
2011-03-16,0.0024385183451530695,False,0.02317877348056786,0.026555098392605763,0.01638864507464,0.02055202210047517
2011-03-17,0.005714301263438635,False,0.022514059501951136,0.02579355917139089,0.015918656380853668,0.019962637317433106
2011-03-18,0.00844008294795576,False,0.0222863306450481,0.025532658299868692,0.015757639776063675,0.019760715999037597
2011-03-21,0.007248141823970142,False,0.02235523979630935,0.02561160506956846,0.015806362268794453,0.019821815970562554
2011-03-22,0.0009111321724827245,False,0.02228318431384904,0.02552905365984592,0.01575541514992667,0.01975792622811237
2011-03-23,0.007259070282500972,False,0.021460399208351032,0.024586417956934916,0.015173661629706466,0.019028383843727216
2011-03-24,-0.0021582321232282782,False,0.021489344805269706,0.024619579900333366,0.015194127730502152,0.01905404915980111
2011-03-25,-0.006082072066177196,False,0.021058504527106156,0.02412598147987672,0.014889500377868452,0.01867203416983559
2011-03-28,-0.004427377627128477,False,0.0211330486783056,0.024211384069075585,0.014942207119984131,0.018738130550828163
2011-03-29,-0.0026800557424672003,False,0.021007713453285812,0.024067791948670675,0.014853588344710214,0.018626999031434603
2011-03-30,0.005493392710337391,False,0.020646877317488214,0.02365439479037211,0.01459845770267477,0.01830705491343459
2011-03-31,0.010549561772540324,False,0.020428934161779048,0.023404705049510546,0.0144443601172974,0.018113810324520637
2011-04-01,-0.007534077373140772,False,0.020926007588024858,0.02397418443776952,0.014795817883844339,0.018554552542840656
2011-04-04,0.0028668171163457267,False,0.021199144909826363,0.024287108176431215,0.014988940726491531,0.018796736378790188
2011-04-05,0.013592510003809817,False,0.020637637628825686,0.023643809206896082,0.014591924743619911,0.018298862319216742
2011-04-06,0.004055618099718864,False,0.021452414800497834,0.02457727050414471,0.015168016221999842,0.019021304274707062
2011-04-07,0.0005486927244996201,False,0.021036345277862325,0.02410059441422937,0.014873832591508571,0.01865238613364546
2011-04-08,0.01016416151081786,False,0.02033023915123893,0.02329163367763881,0.01437457741288744,0.01802629999790531
2011-04-11,-0.00408052790106732,False,0.020707605678920552,0.023723969119419736,0.014641395935032638,0.018360901189094062
2011-04-12,-0.009930568036556555,False,0.020564588410369945,0.023560119309101388,0.014540274999717172,0.0182340914566263
2011-04-13,0.0013756106209505382,False,0.02114906561381963,0.02422973410381231,0.014953531958701024,0.018752332355463867
2011-04-14,0.011480975490103636,False,0.02045381867787748,0.0234332143567006,0.014461954814554926,0.01813587478471493
2011-04-15,0.009198642917713178,False,0.021003273111101627,0.024062704806173823,0.014850448782898302,0.01862306189426125
2011-04-18,0.0047017817477303875,False,0.02121931420708234,0.02431021542468968,0.015003201509289648,0.018814619975750287
2011-04-19,0.0014731160665246179,False,0.020869468909956265,0.023909410080301556,0.014755841983970591,0.018504421151627422
2011-04-20,0.0025394619141229586,False,0.02012844069781406,0.02306044034936949,0.01423189500423609,0.017847370501135062
2011-04-21,0.003264971978352718,False,0.019603215984943453,0.022458709030833586,0.013860532757183524,0.01738166726124266
2011-04-25,0.003585915619804356,False,0.019143204356967106,0.021931690029897415,0.013535279684261782,0.016973786785920212
2011-04-26,-0.0037189414832981865,False,0.018693415851877504,0.021416383298135666,0.013217254911521056,0.016574970890640375
2011-04-27,0.009073779110715677,False,0.018566020422110092,0.02127043087424757,0.01312717946018884,0.016462012640702153
2011-04-28,0.009253616584985514,False,0.01886854018910747,0.021617017037879497,0.01334107727896425,0.016730249134853714
2011-04-29,0.016327919289661246,False,0.019267566730985612,0.022074167589426964,0.01362321060131991,0.0170840557033605
2011-05-02,0.0004497389370340432,False,0.020556838365900346,0.023551240358124545,0.014534795299584142,0.01822721969158867
2011-05-03,-0.010720831163209224,False,0.01984574294208053,0.022736563560756564,0.014032012418300375,0.01759670967438937
2011-05-04,-0.01649788723192742,False,0.02063109117784767,0.023636309170278993,0.014587296049109086,0.018293057749561983
2011-05-05,-0.02269941875081384,False,0.022260517557969536,0.025503085161852446,0.015739388528957524,0.01973782819884554
2011-05-06,0.006931104657723253,False,0.02467194219533475,0.02826576881141103,0.01744439602381712,0.021875976383533096
2011-05-09,0.007815458997540218,False,0.024433040382549176,0.02799206748075126,0.017275479535603742,0.021664148292614954
2011-05-10,0.009074379984259445,False,0.024300257983311896,0.027839943397071493,0.017181595205827477,0.021546413555444045
2011-05-11,-0.010272814766927731,False,0.024344612533994316,0.027890758832086592,0.01721295626939664,0.02158574159437785
2011-05-12,0.0036572837848377064,False,0.02484113693032279,0.028459609216248887,0.017564025842130907,0.02202599700199565
2011-05-13,-0.00880002423727948,False,0.024200355664474756,0.02772548885491922,0.017110958869227182,0.021457832739623445
2011-05-16,-0.002010859281316099,False,0.024497663190914523,0.028066103539474856,0.01732117135233917,0.021721447674173378
2011-05-17,-0.007137580180372501,False,0.023914189351171004,0.027397638262962692,0.016908623825701897,0.021204096432119478
2011-05-18,0.010620471291147961,False,0.02401255909620866,0.027510336989688695,0.016978176549829277,0.02129131835418221
2011-05-19,-0.002275939463858907,False,0.024291348823723177,0.027829736489028138,0.017175295948684503,0.021538514032852073
2011-05-20,0.011063156926242958,False,0.02378242451859681,0.027246679969305507,0.016815458970530064,0.021087263945128713
2011-05-23,0.004298806124103259,False,0.024113365064093686,0.027625826810493623,0.017049451815125707,0.021380700412364447
2011-05-24,0.005199881615300181,False,0.02357698963543539,0.02701132051250774,0.016670205409598324,0.020905110119669328
2011-05-25,0.0022296713911066253,False,0.023171671379816506,0.026546961767757834,0.016383623505720667,0.02054572485046218
2011-05-26,-0.0024922467988857944,False,0.02244375430041932,0.02571301299642807,0.01586894680516055,0.01990029950405089
2011-05-27,0.00882618234650852,False,0.022132573199206047,0.02535650384948958,0.015648924955169417,0.019624383227689373
2011-05-31,-0.0002604156023607923,False,0.022321064111790485,0.025572451200370248,0.01578219821351206,0.019791513270373547
2011-06-01,0.004223116367711079,False,0.021671057997491888,0.024827762257468872,0.015322608774385077,0.01921516957221763
2011-06-02,-0.006765589384363802,False,0.021213141986071646,0.024303144130068448,0.014998837415583338,0.01880914722617934
2011-06-03,0.006311600694144013,False,0.021405914111438332,0.02452399631453609,0.015135137722653824,0.01898007331009026
2011-06-06,0.003108641130443788,False,0.021231446069919262,0.024324114469502816,0.01501177939173434,0.018825376986398554
2011-06-07,-0.002071300579561687,False,0.02065628160890011,0.023665168953377974,0.014605107044766027,0.0183153934566754
2011-06-08,-0.003375139960668886,False,0.020276427424567752,0.023229983491634482,0.014336529614974112,0.01797858652433701
2011-06-09,0.0025972354470182937,False,0.02007350718133421,0.022997504968582525,0.014193054040323788,0.017798662365404873
2011-06-10,-0.008792840194646422,False,0.019506193350247752,0.022347553640630815,0.013791932512845,0.017295639787261605
2011-06-13,-0.008936828893796012,False,0.0200460961826577,0.0229661011599425,0.01417367298339136,0.017774357738110078
2011-06-14,0.0057918081390966525,False,0.020569524408199324,0.023565774306685047,0.01454376501684783,0.01823846807890799
2011-06-15,0.0011805122007180974,False,0.020432476523232726,0.023408763407344855,0.014446864758219796,0.018116951245283543
2011-06-16,0.0024223869992080686,False,0.0196402692068424,0.022501159592512983,0.013886731386851434,0.01741452139979315
2011-06-17,0.006062749874629463,False,0.01906056541738919,0.021837013528856846,0.013476849489444854,0.016900512964335604
2011-06-20,0.00188307216908332,False,0.018935061460941753,0.021693228098841878,0.013388111411935943,0.016789231835126275
2011-06-21,0.0029149818211622793,False,0.018330015304344763,0.021000048184297605,0.012960311091847554,0.016252752974732138
2011-06-22,0.004453216149369516,False,0.01783260282120879,0.02043018035058933,0.01260861359376186,0.015811710123390884
2011-06-23,-0.02134806020758979,False,0.017548032389869385,0.02010415810397738,0.012407406925002246,0.015559388843365763
2011-06-24,-0.012977720208725198,False,0.02025095714933791,0.023200803100990333,0.01431852075436528,0.017956002686591335
2011-06-27,-0.003003506345999306,False,0.0213778798643266,0.024491878472276712,0.015115315995406947,0.01895521606444292
2011-06-28,0.002470175994616231,False,0.021038848067744753,0.024103461771798552,0.014875602199167661,0.018654605293042293
2011-06-29,0.0067783840907091756,False,0.020411095236455176,0.023384267625692977,0.014431747033352683,0.018097993008396797
2011-06-30,-0.0050461400491239716,False,0.020374251342034418,0.02334205688307839,0.014405696409520689,0.018065324475135633
2011-07-01,-0.013402331110025908,False,0.02033807046191963,0.02330060573243038,0.014380114572622095,0.018033243819601502
2011-07-05,0.02003673458342358,False,0.02141032532644211,0.02452905008705578,0.015138256689975604,0.01898398462094213
2011-07-06,0.010785966022019792,False,0.02307484870820621,0.026436035468167314,0.01631516464608645,0.02045987467860429
2011-07-07,0.0009807448220736925,False,0.02343408936189044,0.026847604739216376,0.016569167196072463,0.020778404123663025
2011-07-08,0.007162888181999511,False,0.022531844133308325,0.02581393439253718,0.015931231076030727,0.019978406492493557
2011-07-11,0.004919166978621315,False,0.022436428735279786,0.02570462035635914,0.0158637672348462,0.019893804113914206
2011-07-12,0.008422575445943223,False,0.022046690264305283,0.025258110818104744,0.015588201080403695,0.019548233038913686
2011-07-13,0.014807507019099199,False,0.022105147032902905,0.025325082663837862,0.015629533173905533,0.019600065151650276
2011-07-14,0.002394336022937679,False,0.023045994270399606,0.02640297796252923,0.016294762999707824,0.02043429019096972
2011-07-15,0.0005033653156717735,False,0.02240964168998132,0.025673931388966433,0.015844827346660876,0.01987005273002661
2011-07-18,0.007707000561492735,False,0.021618432126782744,0.024767470664566013,0.015285399440702294,0.019168507566621095
2011-07-19,-0.0007492670796208777,False,0.021599535368282033,0.02474582131880972,0.015272038411552545,0.019151752297035345
2011-07-20,-0.0026270175692549437,False,0.02099543538453325,0.024053725400927376,0.014844907086784445,0.018616112383762526
2011-07-21,-0.00621952835338731,False,0.020652787882536074,0.02366116631504029,0.014602636791479497,0.018312295659395194
2011-07-22,0.009096389409616087,False,0.02075556542813969,0.023778914902485723,0.014675306068736656,0.018403425864815637
2011-07-25,0.0066598142453403505,False,0.02098018472281837,0.02403625325889491,0.014834124045041187,0.018602590014389797
2011-07-26,0.002849519131065562,False,0.020850670588098922,0.023887873509915024,0.014742550554845699,0.01848775316328076
2011-07-27,-0.0009902065408822639,False,0.020259294832139688,0.02321035528835491,0.014324415946546083,0.017963395495419313
2011-07-28,-0.0009911880218249835,False,0.01973797060877971,0.02261309262226177,0.013955811556299904,0.017501150719223982
2011-07-29,0.009192787122422025,False,0.019312352683654107,0.02212547726639134,0.013654876689399546,0.017123766255336226
2011-08-01,-0.005727881079718918,False,0.0196217630261226,0.02247995771786256,0.013873646517293595,0.01739811244547693
2011-08-02,0.014045448009743734,False,0.01970897035226937,0.022579868057308473,0.013935306808219944,0.017475436937896438
2011-08-03,0.013009592424413104,False,0.020611357217245725,0.023613700671779283,0.014573343072844256,0.01827556015441265
2011-08-04,-0.004337922994214685,False,0.021334862333706937,0.024442594813709976,0.015084900277254122,0.01891707352679983
2011-08-05,-0.004478011926987636,False,0.021394756509960183,0.024511213446394852,0.015127248695623857,0.018970180151922963
2011-08-08,0.03656251398014516,False,0.02135410806418573,0.024464643964280018,0.015098508048445449,0.018934138220860177
2011-08-09,0.01727481903784,False,0.025752097380698218,0.029503264283320157,0.018208124094816848,0.02283372219610354
2011-08-10,0.023458349001375355,False,0.026820020415218318,0.03072674581400539,0.018963203374333312,0.02378062207523062
2011-08-11,-0.018413595866744945,False,0.028834927144732268,0.033035152965014636,0.020387851286622186,0.02556718803266075
2011-08-12,-0.004929845270197219,False,0.030364818132315032,0.034787894788876915,0.02146956686658609,0.026923703010231878
2011-08-15,0.008753695535478829,False,0.029895900569113693,0.03425067257393652,0.021138016816320725,0.026507925871277815
2011-08-16,0.015207067821775111,False,0.029519049941079314,0.033818928180077285,0.020871563063097398,0.026173782115033177
2011-08-17,0.004924974594275577,False,0.030106206880548828,0.034491613053268956,0.021286714740218926,0.026694399066855133
2011-08-18,0.015346177143689726,False,0.029214421064092843,0.03346992568396218,0.020656173989615882,0.025903675527317583
2011-08-19,0.016358944672721858,False,0.02982284585404083,0.03416697637886261,0.021086363186012726,0.026443150134978388
2011-08-22,0.021297855008082015,False,0.030602785537814894,0.03506052560226227,0.02163782267836749,0.02713470258625026
2011-08-23,-0.016226618293730788,False,0.03212174385757636,0.036800742256493296,0.02271180827154877,0.028481523848540514
2011-08-24,-0.05770622662385005,False,0.03308822088802912,0.03790800069962805,0.023395159745610215,0.029338474165869387
2011-08-25,0.0032443030264157724,False,0.04284583103316954,0.04908694844240326,0.030294317269172803,0.03799029603724106
2011-08-26,0.019303295859500823,False,0.040703611835367144,0.04663268391352889,0.028779652563799305,0.03609084538968167
2011-08-29,-0.003182110806197841,False,0.041280355315048554,0.047293438455311414,0.029187441362267683,0.036602228994627575
2011-08-30,0.021189654541231392,False,0.039746047911549454,0.04553563690042846,0.028102603137655845,0.03524179809468922
2011-08-31,0.0009849250370358045,False,0.040696843922301905,0.04662493015565595,0.02877486728362841,0.036084844455291955
2011-09-01,-0.001368176434522178,False,0.03850772893821384,0.04411693878829901,0.02722704472382502,0.03414381252057041
2011-09-02,0.02578727738981788,False,0.03683452922855786,0.04220001324615831,0.026044002135159505,0.03266022938619155
2011-09-06,-0.0020300930054706666,False,0.03878264133018576,0.04443189616187537,0.027421422636980147,0.03438757026557094
2011-09-07,-0.030240394272829024,False,0.03720771001040577,0.04262755322744804,0.02630786110886704,0.03299111918424064
2011-09-08,0.021916634484533216,False,0.040284244535067,0.04615222967674851,0.028483137226338034,0.03571900319401024
2011-09-09,0.0010779347673495778,False,0.041423027338261975,0.04745689273029628,0.029288318190478023,0.03672873260693735
2011-09-12,-0.025367532914311625,False,0.03920756296980129,0.04491871380814114,0.02772186519240833,0.03476433735101098
2011-09-13,0.009294220435614686,False,0.041274340041111336,0.04728654696938377,0.029183188238621323,0.03659689540598873
2011-09-14,-0.001808097790882968,False,0.040280696940624396,0.04614816532366444,0.02848062888540975,0.03571585763329068
2011-09-15,-0.02498741886022498,False,0.03860854810561503,0.04423244373132129,0.027298329321892474,0.03423320628242402
2011-09-16,0.018716067856801077,False,0.040632922946657525,0.0465516981617797,0.028729671700542934,0.03602816737075042
2011-09-19,-0.019897522083802438,False,0.04118582750241987,0.047185141294234414,0.029120605091912295,0.03651841361518642
2011-09-20,0.016857754040416912,False,0.04221397652037043,0.04836305514532008,0.0298475619929389,0.037430046897129345
2011-09-21,-0.0006090504844131521,False,0.04254044960250038,0.04873708377223454,0.03007839609958122,0.037719522179536766
2011-09-22,-0.0374123524256167,False,0.04049227199699795,0.04639055935905769,0.02863022388052285,0.03590345579236256
2011-09-23,-0.060254520782488684,False,0.04462532319801836,0.05112564947919658,0.03155251436606663,0.03956812595694134
2011-09-26,-0.027865580063088598,False,0.053247081247503575,0.06100329177607069,0.037648563094050146,0.04721281699836001
2011-09-27,0.03583373492124241,False,0.055006461939295107,0.06301895181173837,0.038892540292978256,0.048772814592329475
2011-09-28,-0.020999226741982634,False,0.05760692732128194,0.06599821273523457,0.04073120980713523,0.05107858034162246
2011-09-29,-0.0004951103610251582,False,0.05764719424021179,0.06604434511558012,0.04075968069422267,0.051114283982648064
2011-09-30,0.003028541130671231,False,0.054448901666039363,0.062380174788936586,0.03849831505781781,0.048278440242974625
2011-10-03,0.021732008549980777,False,0.05149116215236707,0.05899159756887302,0.0364070334309685,0.045655888713084423
2011-10-04,-0.025255905297380518,False,0.051827676367634114,0.05937712996576273,0.0366449671612069,0.04595426720990569
2011-10-05,0.015730031038416675,False,0.05305561788230526,0.060783938991693064,0.03751318815112394,0.04704305135841854
2011-10-06,0.007046973654236468,False,0.0522378480118963,0.05984704906568278,0.03693498067305774,0.0463179558539546
2011-10-07,-0.010589208176212384,False,0.05014873099192343,0.05745362181787968,0.03545786207623342,0.044465589541260925
2011-10-10,0.021247114976023947,False,0.04907836375101929,0.05622734004666083,0.03470105461075619,0.0435165224472178
2011-10-11,-0.005947228433466604,False,0.04949443689212921,0.056704020282133914,0.03499524079970435,0.043885443796687566
2011-10-12,0.012930499019946673,False,0.04775799068366524,0.05471463547029795,0.03376747951951503,0.04234578161902503
2011-10-13,-0.008361751874610192,False,0.046888408786308504,0.053718386343306994,0.03315263813927292,0.04157474572328915
2011-10-14,0.008659096579891053,False,0.04569898279263554,0.0523557031832516,0.03231164970348707,0.04052011229631597
2011-10-17,-0.0037530492546851966,False,0.04437059791656199,0.05083381976189817,0.03137240983064649,0.039342267603459866
2011-10-18,-0.0143065972126657,False,0.04263183293346857,0.048841778412239495,0.030143009051523287,0.03780054942799095
2011-10-19,-0.0034569287276842464,False,0.04265637686052668,0.048869897518650174,0.030160362933929125,0.03782231189664589
2011-10-20,-0.020934479687990067,False,0.04096864584176211,0.046936323971235365,0.028967045924675732,0.03632584422434276
2011-10-21,0.014290327060280541,False,0.0421760428581185,0.04831959589436634,0.029820740844375998,0.03739641209476988
2011-10-24,0.009980016221538872,False,0.04194555543258717,0.048055534628640866,0.029657773782535247,0.037192044824544274
2011-10-25,0.028708949045218982,False,0.040950334171975473,0.0469153449408598,0.028954098584856012,0.03630960773786659
2011-10-26,0.013499884232308428,False,0.04321732024597518,0.04951255045305821,0.030556980212181124,0.038319685964541154
2011-10-27,0.013835466371475074,False,0.04274381441778947,0.048970071625717086,0.03022218601069264,0.037899840529072575
2011-10-28,-0.00028629506564424703,False,0.04230646155799168,0.048469011971548834,0.02991295391100394,0.037512051000528034
2011-10-31,-0.012678823957671361,False,0.04007769214603824,0.04591558993312769,0.02833709352838528,0.035535858504849534
2011-11-01,-0.007685151564337731,False,0.040216550278231636,0.04607467476848796,0.028435273729600533,0.03565898043811584
2011-11-02,0.010291657790972557,False,0.039343789050055755,0.04507478319498032,0.027818184390707223,0.03488512551154061
2011-11-03,0.020327649464295328,False,0.03866981061742033,0.04430263001749953,0.027341645227421284,0.03428752617547654
2011-11-04,-0.005057491867623223,False,0.03982704407259089,0.045628431328385656,0.028159871799297038,0.03531361530681102
2011-11-07,0.01974342055110007,False,0.03856616104383513,0.0441838823785352,0.027268359379270184,0.03419562276528041
2011-11-08,0.00451416344386881,False,0.03944706627156664,0.045193104243384186,0.02789120696582561,0.034976698766732345
2011-11-09,-0.00417909386982646,False,0.03787347010617888,0.043390290947972684,0.02677858946399899,0.03358143153245072
2011-11-10,-0.01802967288639984,False,0.036618489854740116,0.04195250460066348,0.025891250626430422,0.03246867283170011
2011-11-11,0.016129368049582097,False,0.03782594298072013,0.04333584080659947,0.026744985218665893,0.033539290453086915
2011-11-14,-0.005441323295111503,False,0.03814788495549213,0.043704678304577846,0.026972615587614896,0.033824748119176615
2011-11-15,0.002191265011515344,False,0.037116540598812774,0.04252310366728138,0.02624339940948014,0.03291028161259271
2011-11-16,-0.004443771814802084,False,0.035318670310715394,0.04046334746673893,0.024972207986578895,0.03131615628384129
2011-11-17,-0.030916132101222654,False,0.03428310976513723,0.039276942491411705,0.02424001073511478,0.03039795139103515
2011-11-18,0.0028450606177295172,False,0.037891232594083384,0.0434106408001509,0.026791148502558714,0.03359718107348139
2011-11-21,-0.02727168857833799,False,0.03615017428720264,0.041415972070796316,0.025560126219621976,0.03205342946681301
2011-11-22,0.014140097949622513,False,0.03886272935827041,0.04452365017412458,0.027478049199559373,0.03445858225956446
2011-11-23,-0.003825897239736137,False,0.038824500039607315,0.04447985220011047,0.027451019005941057,0.03442468530627188
2011-11-25,-0.006033350443704364,False,0.03750334365872043,0.04296625020922503,0.02651689006971399,0.03325324993412268
2011-11-28,0.014898870219744323,False,0.03661364374959519,0.041946952589938996,0.025887824168284085,0.03246437591494896
2011-11-29,0.0015185888849821511,False,0.03683808996866371,0.04220409265976234,0.02604651977078189,0.032663386602832495
2011-11-30,0.018561332766248943,False,0.03498012049741419,0.040075482957404616,0.024732834978557973,0.031015972874615116
2011-12-01,-0.005860710310486896,False,0.035917393830846814,0.04114928376101207,0.025395537861108243,0.03184702902515054
2011-12-02,0.006719693899452695,False,0.035090317997201075,0.04020173232309746,0.024810750564282735,0.031113682162508878
2011-12-05,-0.009374108416037587,False,0.0341174978698964,0.039087206818952884,0.024122914178063743,0.030251107584396957
2011-12-06,-0.0016191102696168865,False,0.033969741781561605,0.03891792791094136,0.02401844264114803,0.030120096062347168
2011-12-07,0.007495422440086814,False,0.03261141562481807,0.03736174182664252,0.023058032665308172,0.028915703206251885
2011-12-08,-0.018025801738556786,False,0.031912172212243524,0.03656064345804828,0.02256362979627494,0.028295702062494578
2011-12-09,0.0017530536333202377,False,0.0333321201613123,0.03818742744346976,0.023567609708381183,0.02955473337643582
2011-12-12,-0.0287849886572218,False,0.031723215266944715,0.036344162190021616,0.022430027027626004,0.028128158800592683
2011-12-13,-0.0025871238457042395,False,0.03502471588999656,0.04012657431643941,0.02476436633036179,0.031055514461865222
2011-12-14,-0.04661467407933018,False,0.03376105909816579,0.038678847564647165,0.023870892709989475,0.02993506249597952
2011-12-15,-0.00614144395555923,False,0.040070825992963716,0.04590772362516167,0.02833223878722044,0.03552977046357111
2011-12-16,0.013248569484948212,False,0.03903268297064608,0.04471835999786044,0.02759821558518426,0.034609275755082186
2011-12-19,-0.0007523205194177364,False,0.03885915199598128,0.04451955171707492,0.0274755198111554,0.034455410304461254
2011-12-20,0.013208884366838008,False,0.037150285892567095,0.04256176445305093,0.026267259155240315,0.03294020269636391
2011-12-21,-0.002292767028780258,False,0.03710172769009548,0.042506133043326746,0.026232925882755605,0.03289714738754041
2011-12-22,-0.0018628917176543866,False,0.03567407427035026,0.04087052117354175,0.025223497786596168,0.03163128383099713
2011-12-23,-0.002613938054252313,False,0.03427493746063054,0.03926757977209217,0.0242342324743231,0.03039070521888657
2011-12-27,-0.006564780411902857,False,0.03306465697002344,0.03788100435481797,0.023378498782549044,0.02931758064602752
2011-12-28,-0.019828926896066693,False,0.03252858619135144,0.03726684708351238,0.02299946778102057,0.028842260478637194
2011-12-29,-0.014825590380464937,False,0.03413763059180423,0.039110272164132674,0.024137149100114753,0.030268958750936867
2011-12-30,0.016679411569268512,False,0.03480876556493177,0.03987916769094137,0.024611677783911864,0.030864036864611977
2012-01-03,0.021419174466295838,False,0.035457913670154245,0.04062287364328644,0.025070660564268436,0.031439619788195
2012-01-04,0.007597541424776675,False,0.03681805845181821,0.0421811432616317,0.026032356406177508,0.032645625172217536
2012-01-05,0.004642102778981451,False,0.03597328881154986,0.04121332065724675,0.02543505863216906,0.03189658966647083
2012-01-06,-0.0020399010801860334,False,0.03468581449924484,0.03973830701729402,0.024524744738089528,0.03075501931795908
2012-01-09,-0.005335647136046096,False,0.03336944076613851,0.03823018433628216,0.02359399739222392,0.029587824596548667
2012-01-10,0.01451314650923945,False,0.03263195497626958,0.037385273032863264,0.023072555096414562,0.02893391492074639
2012-01-11,0.00501496451589809,False,0.033069323079284695,0.03788635015064479,0.02338179797388142,0.029321717965059557
2012-01-12,0.004929325457331257,False,0.03202133780813088,0.036685710608055436,0.022640815770194535,0.028392496387749502
2012-01-13,-0.01031221515150508,False,0.0310245183419918,0.03554368991290606,0.02193601055486503,0.027508642213349407
2012-01-17,0.015096419488760834,False,0.03118177864831488,0.03572385746625662,0.022047202087360003,0.027648080880964373
2012-01-18,0.002594534228530324,False,0.03182742172587744,0.03646354783277029,0.02250370662380331,0.02822055598669889
2012-01-19,-0.003259312671579746,False,0.030495097136705257,0.03493715082190099,0.02156168116096059,0.027039218051599385
2012-01-20,0.005786968828130693,False,0.029612198284632397,0.033925644932378006,0.02093742397429108,0.026256374354736045
2012-01-23,0.008558599710571272,False,0.028876922038483847,0.033083265024804825,0.020417543945261737,0.02560442382450337
2012-01-24,-0.008258109901121068,False,0.028618916737524355,0.03278767750553695,0.02023512025885116,0.025375657162117
2012-01-25,0.02116612766430104,False,0.02859040159088497,0.032755008713751074,0.02021495850965783,0.025350373515231096
2012-01-26,0.015469792317014676,False,0.030420157427074695,0.03485129505544202,0.02150869473766423,0.02697277093912289
2012-01-27,0.003180940101368302,False,0.031155117236528244,0.03569331243272094,0.022028351028854844,0.027624440893079413
2012-01-30,-0.0004620820325050176,False,0.029944894619283607,0.034306803318904754,0.021172658256674633,0.026551367635041886
2012-01-31,0.0039206973265626666,False,0.02867326101235726,0.03284993781307532,0.02027354459708553,0.025423842832438873
2012-02-01,0.005337283003577175,False,0.027705669464858345,0.03174140250730392,0.019589405099261124,0.02456590430151953
2012-02-02,0.005536743602649102,False,0.02700879301961206,0.030943015889197543,0.01909667580400342,0.023948001886794724
2012-02-03,-0.010816498290285132,False,0.02636858272705953,0.03020954967171437,0.01864401254006622,0.023380343891753606
2012-02-06,-0.00872659929645173,False,0.026914486985227606,0.030834972811586245,0.01902999634284818,0.023864383152416804
2012-02-07,0.01360563769312381,False,0.027103483916328507,0.031051499889927666,0.01916362738361941,0.024031961868700654
2012-02-08,-0.009839809647734338,False,0.027747089446353082,0.03178885591051936,0.01961869126387568,0.024602630333455378
2012-02-09,0.005593504786632288,False,0.02804723894344173,0.03213272654001415,0.01983091317377274,0.0248687651702613
2012-02-10,-0.009069149732669144,False,0.027351243307333108,0.03133534903368564,0.019338806658160727,0.024251643746337353
2012-02-13,-0.0001741280936842106,False,0.027536770570762332,0.031547901036879614,0.019469984456440683,0.024416145997564528
2012-02-14,-0.0041292190082160935,False,0.026339982375158624,0.030176783263283467,0.018623790546149818,0.023354984695554484
2012-02-15,0.006042679587632634,False,0.02581493200597327,0.029575251684122034,0.01825255156950157,0.022889436041722278
2012-02-16,0.000289594850629365,False,0.025295910573524337,0.028980627243872535,0.01788557537683685,0.02242923309098144
2012-02-17,-0.0013328595810797458,False,0.024116989281865193,0.027629978948207002,0.01705201433288706,0.021383913913018367
2012-02-21,0.018727555492429694,False,0.023240049208751768,0.026625299820320063,0.016431970324862495,0.020606353712150575
2012-02-22,0.00731483769854934,False,0.025083071270600197,0.028736784806061816,0.017735086491112082,0.022240513957019765
2012-02-23,0.008382858345699507,False,0.024882364992252635,0.028506842744028142,0.017593176309244705,0.022062552863791024
2012-02-24,-0.005505659316442745,False,0.024793721849125996,0.02840528744001125,0.017530500818144154,0.021983955269396237
2012-02-27,-0.0008453800602883715,False,0.02451635375586191,0.028087516656592867,0.017334386591507198,0.021738020117240357
2012-02-28,0.007526870622585002,False,0.023510031349323182,0.02693460877979243,0.016622862283922624,0.020845739930080057
2012-02-29,-0.044103332626816365,False,0.02330100745103725,0.026695137515704955,0.01647507109540276,0.02066040381724814
2012-03-01,0.0065287035581728,False,0.03054267946020151,0.03499166420170735,0.021595324434288257,0.027081408073642906
2012-03-02,-0.007172208750397793,False,0.029847082868282915,0.03419474386614924,0.02110350006447679,0.026464640471935627
2012-03-05,-0.0033999966776983195,False,0.029648653240802736,0.033967410082238636,0.020963199597767795,0.026288698026457197
2012-03-06,-0.018729788488398846,False,0.028849674917137365,0.033052048964607436,0.02039827875845504,0.025580264503020863
2012-03-07,0.0070945682581275695,False,0.030740610577915287,0.035218426860665744,0.021735272427660615,0.027256908503337153
2012-03-08,0.008753783142556369,False,0.02999660794997296,0.0343660494470839,0.021209222375263813,0.026597220514880757
2012-03-09,0.0075095975253485605,False,0.029678572418945306,0.0340016874231026,0.02098435407308611,0.02631522659195397
2012-03-12,-0.006862038788651917,False,0.029158733908778798,0.03340612688590203,0.02061680016233277,0.025854299159422778
2012-03-13,-0.0032420672438592062,False,0.028902161843168586,0.03311218137352256,0.020435389850744102,0.02562680330994626
2012-03-14,-0.030695984709045214,False,0.028078870307409888,0.03216896547143005,0.0198532782569699,0.024896811886878412
2012-03-15,0.010055800575299199,False,0.032115671588136954,0.03679378547284101,0.02270751484900321,0.02847613972345627
2012-03-16,-0.002172193946763881,False,0.03184551960231864,0.036484281927695386,0.022516502800177706,0.028236602908116155
2012-03-19,0.006862550608128275,False,0.030650644798230643,0.035115356258871556,0.02167166176105865,0.027177138161135247
2012-03-20,-0.012192373023583716,False,0.030047638644424744,0.03442451350314563,0.021245303833153893,0.026642468118730674
2012-03-21,0.002002032322780702,False,0.030609127502002127,0.03506779136561837,0.021642306789669923,0.027140325842728682
2012-03-22,-0.0046775598195612,False,0.02917720224447278,0.03342728540284912,0.020629858273412797,0.02587067455752829
2012-03-23,0.012104486840182692,False,0.0285593614817158,0.03271944716198064,0.020193011475545867,0.025322851049032414
2012-03-26,0.013860040758867789,False,0.02888266105708653,0.03308984001479724,0.020421601741461994,0.02560951246464458
2012-03-27,-0.00041536431284905714,False,0.029469536601420824,0.0337622025035664,0.02083655445702066,0.026129879910639888
2012-03-28,-0.01609513538995114,False,0.02819935007136869,0.0323069948623694,0.019938463958959374,0.02500363819387077
2012-03-29,-0.0034440523963091448,False,0.02952722725574496,0.033828296639358164,0.020877344866342133,0.026181032729560808
2012-03-30,0.01029670253699488,False,0.02869622763923386,0.03287624986263074,0.020289783243050034,0.025444206749603734
2012-04-02,0.00490018373383596,False,0.028701657141181704,0.03288247025037337,0.020293622194253808,0.02544902094929036
2012-04-03,-0.004480963435036092,False,0.027839128161094257,0.03189430140045997,0.019683767607552093,0.024684238693839324
2012-04-04,-0.0351618651563432,False,0.02728724835747084,0.03126203229017257,0.019293558771306774,0.02419490107076003
2012-04-05,0.009997584461830536,False,0.03217772262925572,0.03686487514907663,0.02275138828735662,0.028531158785163723
2012-04-09,0.008560125642477288,False,0.03195829285143484,0.0366134822380071,0.022596239579832103,0.028336596046671197
2012-04-10,0.01029688080126366,False,0.031468369911560705,0.036052194908284534,0.02224983759345208,0.02790219398064884
2012-04-11,-0.00030134096958485624,False,0.03129497117425404,0.03585353812714844,0.022127235318379495,0.02774844578149116
2012-04-12,0.012281118861902968,False,0.029892442327334044,0.034246710589028166,0.021135571652552396,0.02650485953726563
2012-04-13,-0.012220858118282624,False,0.030175116323731297,0.0345705601574125,0.021335437439353774,0.026755499297219126
2012-04-16,-0.00628820298306942,False,0.030717550875293636,0.03519200817753156,0.021718967972115984,0.02723646205830382
2012-04-17,0.0009700501859497347,False,0.03026695869890578,0.03467578070807769,0.021400374960349373,0.02683693356836072
2012-04-18,-0.006992822669181386,False,0.028761156763960006,0.03295063685714078,0.020335691642001164,0.02550177773399835
2012-04-19,0.0010977172197064945,False,0.028569981759549667,0.03273161443748689,0.02020052058573063,0.025332267776148613
2012-04-20,0.0009138819427355624,False,0.02716021097538397,0.03111649006880852,0.019203736479028084,0.024082260292488274
2012-04-23,-0.006230900532803207,False,0.02581376462835498,0.02957391426100338,0.018251726170458334,0.02288840095802249
2012-04-24,0.006778843939865435,False,0.025664593542280158,0.0294030142402853,0.018146254153695744,0.022756134793881763
2012-04-25,-0.0009742879677306924,False,0.025294797639687158,0.02897935219506223,0.017884788472488165,0.022428246281181636
2012-04-26,0.01102704367836407,False,0.024346381053493852,0.02789278496213005,0.017214206708226366,0.021587309695117532
2012-04-27,0.0026477476332526172,False,0.024763481116989457,0.028370641706145155,0.017509118986780276,0.02195714159024597
2012-04-30,-0.0003606272693620108,False,0.023782972160573734,0.027247307383288108,0.016815846182993886,0.021087749525179892
2012-05-01,-0.001022569789065028,False,0.022806718324736644,0.026128848001106094,0.01612558197933776,0.020222130366054913
2012-05-02,-0.005007356738177033,False,0.021999154832106346,0.025203651159994005,0.015554590961756513,0.019506084594177072
2012-05-03,-0.0116804305128595,False,0.0218692868382811,0.025054866007191555,0.015462767274056132,0.01939093398530303
2012-05-04,0.006404608987367541,False,0.022912205036893972,0.026249700384550746,0.016200166783710022,0.020315662719756947
2012-05-07,-0.003715763250686093,False,0.022653653268067998,0.025953486796436945,0.01601735671499514,0.02008641151837292
2012-05-08,-0.021341694381911958,False,0.02227367067166916,0.02551815421754495,0.015748688490934817,0.019749490726358974
2012-05-09,-0.006442183199088381,False,0.02505379947802494,0.02870324915187306,0.0177143897523646,0.022214559411649556
2012-05-10,0.0008780886453683303,False,0.024969084047098706,0.02860619368836874,0.0176544913659828,0.022139444418610474
2012-05-11,-0.007235694057575699,False,0.02374859897851567,0.027207927248166456,0.016791542486281553,0.021057271709004104
2012-05-14,-0.014630373776526494,False,0.023874719437146193,0.027352418982859054,0.01688071646414019,0.021169099474837767
2012-05-15,-0.0024378832424801207,False,0.025268511770435226,0.028949237407284292,0.017866202942843575,0.022404939277200223
2012-05-16,-0.013320661016581662,False,0.024537417648202588,0.028111648810699594,0.017349279901360336,0.02175669692864587
2012-05-17,0.024625958761503444,False,0.02567843766026447,0.029418874955069903,0.018156042693033534,0.02276841001711623
2012-05-18,0.01080202267237359,False,0.02845853139108184,0.032603929704598134,0.02012171915416272,0.025233447601829332
2012-05-21,-0.0020125485861335465,False,0.028560590926846187,0.032720855693645745,0.020193880759673325,0.025323941166398294
2012-05-22,-0.007646876018406951,False,0.027556082229510927,0.03157002571912923,0.019483638842480507,0.024433269148525498
2012-05-23,-0.018052002832832256,False,0.027502834488709337,0.03150902167172544,0.019445989813046086,0.0243860557467175
2012-05-24,0.005925227079559546,False,0.029237723334091477,0.03349662226793387,0.020672649953400644,0.0259243370506033
2012-05-25,0.007357443151002155,False,0.028510060532857002,0.032662964814073325,0.020158153041238837,0.025279137166096803
2012-05-29,-0.012959745819266628,False,0.02805701468832311,0.03214392626408082,0.01983782515353455,0.024877433071736725
2012-05-30,0.009511671214859622,False,0.028953159312941894,0.033170607365248975,0.020471447816991544,0.025672021454328578
2012-05-31,-0.0005118674635913401,False,0.028823178013484975,0.0330216924022044,0.020379544016088283,0.025556770380266065
2012-06-01,0.03638365864295839,False,0.027569641629205034,0.03158556024227056,0.019493226070605336,0.02444529191937729
2012-06-04,-0.005135068018744437,False,0.03245714699028324,0.03718500172551509,0.022948956406391354,0.028778917177041667
2012-06-05,0.001859082205380155,False,0.03167050836940163,0.03628377776754995,0.022392760403594184,0.028081424950587158
2012-06-06,0.010837604631931995,False,0.03009432061514063,0.034477995380716095,0.02127831050842464,0.02668385982112817
2012-06-07,-0.028703015919928014,False,0.030089614552950436,0.034472603812236116,0.021274983068213064,0.026679687076861944
2012-06-08,0.0022035454843187135,False,0.03362425574488302,0.03852211681658114,0.023774165348472633,0.029813762482307805
2012-06-11,0.0033902747537376044,False,0.031968901951853236,0.03662563670794503,0.02260374078698028,0.02834600286306068
2012-06-12,0.010722595990918843,False,0.03066645942424253,0.03513347451478963,0.02168284355602784,0.027191160583140434
2012-06-13,0.003342843608440202,False,0.030603331503330247,0.035061151095582326,0.021638208705482415,0.027135186679826093
2012-06-14,0.0001854156211862676,False,0.029376603332530293,0.033655732154675704,0.02077084561523273,0.026047478372106848
2012-06-15,0.0052998062801940925,False,0.02804667627816953,0.032132081914375187,0.01983051533902753,0.024868266269440723
2012-06-18,-0.000799366013998755,False,0.027300109239713752,0.03127676654665351,0.019302652109856485,0.024206304484159346
2012-06-19,-0.0021552396687366127,False,0.026177596298260344,0.029990743296447506,0.018508974816940495,0.0232110011390466
2012-06-20,-0.004572082319639419,False,0.02534123567454644,0.029032554603976638,0.01791762267192976,0.022469421691931078
2012-06-21,-0.03164485610772617,False,0.024955862425468885,0.02859104614557127,0.017645142965197747,0.022127721146877912
2012-06-22,0.0009583134418115972,False,0.02944137437001082,0.03372993803423739,0.02081664223796061,0.02610490918460806
2012-06-25,0.013635854216098234,False,0.027937269525405775,0.032006738479491,0.019753158854167917,0.024771258116587987
2012-06-26,-0.008540301789498156,False,0.028537715739542578,0.03269464840316483,0.020177706766426915,0.02530365832635025
2012-06-27,0.002221165438019698,False,0.02856082026072369,0.03272111843333242,0.02019404291111439,0.02532414451084716
2012-06-28,-0.017779983130193897,False,0.02735086527314158,0.031334915933325075,0.019338539367564172,0.02425130855314581
2012-06-29,0.03412740784803537,False,0.028993678802201456,0.03321702910646008,0.020500097284947102,0.025707949042967405
2012-07-02,-0.003936674515221323,False,0.03313323793062236,0.03795957512812012,0.023426989226751186,0.029378389619335893
2012-07-03,0.014976261054684983,False,0.03207748007925675,0.03675003081615367,0.022680511388944058,0.028442276295125413
2012-07-05,-0.007677595841302577,False,0.03264097120158128,0.03739560260230674,0.023078930054807864,0.02894190937576034
2012-07-06,-0.019139039655363514,False,0.03223029854382994,0.036925109509008146,0.022788562299353145,0.02857777649594069
2012-07-09,0.0064414186547363285,False,0.03373673914126128,0.038650985052895,0.02385369718658214,0.029913498615897472
2012-07-10,-0.005871368037160729,False,0.03276570759623983,0.03753850866401332,0.02316712542466482,0.029052509927679337
2012-07-11,-0.0025995244667151854,False,0.032124373098397545,0.03680375448441653,0.022713667286853024,0.028483855128731406
2012-07-12,-0.006560277556704476,False,0.031118736569865264,0.0356516323937131,0.022002627932073287,0.027592183091953118
2012-07-13,0.016917844443290076,False,0.03064060464255564,0.035103853608739945,0.021664562828581063,0.027168235813411896
2012-07-16,-0.0002513663600440253,False,0.031514629067797784,0.036105192382308096,0.02228254531604393,0.02794321078432617
2012-07-17,-0.0013206149982708804,False,0.030115731625438073,0.034502525215550126,0.02129344924942612,0.026702844413095273
2012-07-18,-0.011837423346489425,False,0.029009572336461873,0.03323523776475882,0.020511334872310986,0.025722041430886404
2012-07-19,0.006157741197844146,False,0.029490903702345948,0.03378668203299047,0.020851662151723724,0.026148825569296263
2012-07-20,0.0015177543118384655,False,0.028847263701515136,0.0330492865204191,0.020396573898745177,0.02557812654016452
2012-07-23,-0.0034181730051708655,False,0.027612365625768225,0.03163450760928341,0.019523434244322176,0.024483174187924568
2012-07-24,-0.0006977105953359328,False,0.026974357253965513,0.030903564054279038,0.019072327857312978,0.02391746857936118
2012-07-25,0.020101179321087303,False,0.026004219933152353,0.029792112146345674,0.018386388360221023,0.023057272776741886
2012-07-26,0.004343785917845313,False,0.027614636613289997,0.031637109399112344,0.01952503995518925,0.024485187814132028
2012-07-27,0.001794070444503943,False,0.026860284899695806,0.030772875405285262,0.018991672540131413,0.023816323557689964
2012-07-30,0.001111889644688937,False,0.025826881952557713,0.02958894231393911,0.018261000827327813,0.022900031751909827
2012-07-31,-0.005696226974696493,False,0.024686634149369273,0.028282600861877092,0.017454784029046412,0.021889003361180114
2012-08-01,-0.004231260703659929,False,0.024542452016424375,0.028117416507751652,0.017352839471672852,0.02176116077342363
2012-08-02,-0.010215956030912727,False,0.024190116116383702,0.027713757767970987,0.017103718955539356,0.021448753595774757
2012-08-03,0.011649142470026142,False,0.02471651486766371,0.0283168341406576,0.01747591131117432,0.02191549782531905
2012-08-06,0.004287200553178683,False,0.02514280712238197,0.02880522205201708,0.017777322965527066,0.022293480199907418
2012-08-07,-0.0019860201813826557,False,0.024507555398760796,0.028077436691028287,0.01732816567770902,0.021730218840363406
2012-08-08,0.001986020181382777,False,0.023859249437198797,0.02733469555279572,0.016869778338416876,0.02115538262389741
2012-08-09,0.0026005904265769425,False,0.02300882153577491,0.02636039047936026,0.016268479868086185,0.020401330083560137
2012-08-10,0.0016065102594872518,False,0.022244274638522882,0.025484476225342032,0.015727903907391576,0.019723426020070906
2012-08-13,-0.006255231008312323,False,0.021425683347407642,0.024546645226772613,0.015149115640509117,0.01899760218300027
2012-08-14,-0.0063571115753349,False,0.021549303533319453,0.024688272487721194,0.015236521790479398,0.01910721302134141
2012-08-15,0.002684854905291065,False,0.021668395053828546,0.024824711417395152,0.015320725929350635,0.019212808408583703
2012-08-16,0.0077023951802267935,False,0.021020646540025802,0.024082608927282097,0.014862732735740177,0.018638466466703793
2012-08-17,0.00012379237775770355,False,0.02108758977389528,0.02415930341517696,0.01491006521866708,0.018697823309856698
2012-08-20,0.0023482440213155654,False,0.020331398646575016,0.023292962070306403,0.014375397238731321,0.01802732809258826
2012-08-21,0.012147418590037432,False,0.019684549982681147,0.022551890506307223,0.013918040287620463,0.01745378402447116
2012-08-22,-0.0015256463843216833,False,0.020486058655418967,0.023470150555093813,0.014484750220428525,0.01816446114332907
2012-08-23,0.01947442928768001,False,0.01997752772508141,0.02288754471090976,0.014125191379501688,0.017713559850910186
2012-08-24,0.00011982586151048442,False,0.02188741060304995,0.025075629761455113,0.015475581754876785,0.019407003861234364
2012-08-27,0.0015558470788295134,False,0.02112687412574501,0.024204310103280363,0.014937841377746085,0.018732655733931913
2012-08-28,-0.0035341163328350606,False,0.02037179961271247,0.023339248023781723,0.014403962904436384,0.018063150589824085
2012-08-29,-0.004028476165369704,False,0.020164976047284764,0.023102297602981988,0.014257727470119382,0.017879765455527274
2012-08-30,-0.0038028891605771755,False,0.02003296790317962,0.022951060555936497,0.01416439058055036,0.017762717230461952
2012-08-31,0.01863387896691745,False,0.019875817605349903,0.022771019035413675,0.01405327683000336,0.01762337610454775
2012-09-04,0.004914916675882987,False,0.021653118131696313,0.024807209189734242,0.015309924320073599,0.019199262754774536
2012-09-05,-0.0012412304933022203,False,0.02132315214376223,0.024429178864568465,0.015076620540324931,0.018906690402656263
2012-09-06,0.006954661539328423,False,0.020715671090983455,0.02373320937585897,0.014647098617091741,0.01836805258246288
2012-09-07,0.020290818328273095,False,0.020676704081687248,0.02368856625585981,0.014619546836342378,0.018333501537865265
2012-09-10,-0.005077645755781251,False,0.022616845635989525,0.025911317598301325,0.0159913317305982,0.0200537751379977
2012-09-11,0.001791705525548226,False,0.022506754097749604,0.025785189628993312,0.015913491065411674,0.019956159803481442
2012-09-12,-0.0006932031433580678,False,0.021697977611815227,0.024858603104489813,0.015341642396032971,0.019239038501648834
2012-09-13,0.022002773808939204,False,0.021046275535057973,0.024111971157572385,0.014880853819824031,0.01866119103721464
2012-09-14,0.0003956445485829216,False,0.02322421989113612,0.026607164732752823,0.01642077814213574,0.020592318263478328
2012-09-17,-0.0011873345034459492,False,0.022366998976885072,0.02562507714553773,0.01581467664474647,0.01983224253343821
2012-09-18,0.0003959578383912291,False,0.021768307332641314,0.02493917737033813,0.015391369308191785,0.019301398055658444
2012-09-19,0.0003392184019618101,False,0.02099628650040156,0.024054700494180067,0.014845508871684532,0.0186168670463054
2012-09-20,-0.0007351762403530551,False,0.02027430518787454,0.02322755212035214,0.014335029078979033,0.01797670479166216
2012-09-21,0.0044028344637102946,False,0.01968026454036753,0.022546980827096226,0.013915010248385448,0.01744998423302777
2012-09-24,-0.007575807663552554,False,0.019371864640377007,0.02219365800372147,0.01369695485791207,0.01717653397623557
2012-09-25,0.0009643344179717454,False,0.019768722806767464,0.022648324324406766,0.013977555021652325,0.0175284179019855
2012-09-26,-0.007512027785335529,False,0.019000161142527092,0.021767810494294135,0.01343414040380079,0.01684695404789985
2012-09-27,0.01530555379885569,False,0.01941982303943748,0.022248602239958577,0.01373086403698097,0.01721905745480619
2012-09-28,-0.0036633174731842584,False,0.020728793937702744,0.02374824375574598,0.014656377178678775,0.018379688273023557
2012-10-01,0.005293415039934949,False,0.020524620224140144,0.023514329176211216,0.014512015332787578,0.018198652694200006
2012-10-02,-0.004390443242588438,False,0.020291925558467087,0.023247739153768356,0.014347487632921367,0.017992328320928716
2012-10-03,0.002591605763905538,False,0.020226172266549793,0.02317240794014891,0.014300996503240794,0.01793402656868992
2012-10-04,0.009408103578217317,False,0.019656763679628007,0.022520056724758705,0.01389839387021809,0.017429146624441456
2012-10-05,-0.00867696557838865,False,0.02002453722272853,0.02294140182446466,0.014158429634007331,0.017755241963010975
2012-10-08,-0.002871529025301445,False,0.020573570426990255,0.02357040968686086,0.014546625770717551,0.018242055579673715
2012-10-09,-0.00593809181580629,False,0.02028841080624106,0.023243712426846586,0.014345002513214496,0.017989211880557632
2012-10-10,0.00011340886782257817,False,0.02042246392013435,0.02339729232322272,0.014439785306902403,0.01810807332772101
2012-10-11,0.0031710658827700197,False,0.0197047984868613,0.022575088499128447,0.013932357073993096,0.017471737852173087
2012-10-12,-0.006124578903340515,False,0.01920393662703561,0.02200126883693082,0.013578220680236584,0.017027636527266805
2012-10-15,-0.012593183024826865,False,0.019418832442528733,0.022247467348226656,0.013730163631449889,0.017218179118013335
2012-10-16,0.0049989768790153375,False,0.020586045676981222,0.023584702138153,0.01455544644643151,0.018253117062876797
2012-10-17,0.0038899705382307768,False,0.020313520148784008,0.02327247930971727,0.014362756174914454,0.018011475688575935
2012-10-18,-0.00469266687935207,False,0.019901390089296353,0.022800316522958074,0.014071357957696621,0.017646050568132808
2012-10-19,-0.011828994235928167,False,0.019880516392912887,0.022776402269611366,0.014056599126660492,0.017627542398589185
2012-10-22,0.001334103125177968,False,0.020885842475556995,0.023928168693475357,0.014767418979425576,0.0185189391709856
2012-10-23,-0.009786253111552812,False,0.020111788553497895,0.0230413625784454,0.014220121038579189,0.01783260547319719
2012-10-24,-0.004576427088636116,False,0.02077837720785223,0.023805049549139257,0.014691435229390608,0.018423652482984037
2012-10-25,0.006739952254437173,False,0.020684227888947967,0.023697186014893342,0.014624866574546355,0.018340172704190423
2012-10-26,-0.000642715601365528,False,0.02065231753286028,0.023660627452104763,0.01460230422884826,0.01831187861243885
2012-10-31,0.0038501829961824258,False,0.020052944616816053,0.022973947167974924,0.014178515196325205,0.0177804300684814
2012-11-01,-0.001981597826572658,False,0.019661766796250483,0.02252578861796224,0.013901931343961536,0.017433582759230147
2012-11-02,-0.023612454431588336,False,0.019283973813622395,0.022092964601879785,0.01363481129513013,0.01709860344141222
2012-11-05,0.004826738663643604,False,0.022210266246093055,0.0254455140167547,0.01570385813665402,0.019693271653473145
2012-11-06,0.018785715767944633,False,0.021847315340858774,0.02502969404214466,0.015447232238377274,0.019371452423822537
2012-11-07,-0.0005252090298398552,False,0.023459268235838233,0.02687645128175062,0.01658697002023205,0.020800729583389094
2012-11-08,0.007095983552185002,False,0.02271211002162254,0.02602045862493575,0.016058688797860713,0.020138243617771202
2012-11-09,0.002835910289781616,False,0.022627415933987215,0.02592342761368256,0.015998805502338648,0.020063147549279046
2012-11-12,0.0,False,0.02199443916669487,0.025198248589444135,0.015551256731548682,0.019501903334981613
2012-11-13,-0.003531685625527172,False,0.021256097628711886,0.02435235688577295,0.015029209375591239,0.018847234889343336
2012-11-14,0.0030692029206921614,False,0.020960651620125427,0.024013874876175092,0.014820313086169289,0.01858527051478069
2012-11-15,-0.009410985538836835,False,0.0204135335460753,0.023387061110513405,0.014433471049982804,0.018100154994804
2012-11-16,0.0005834986578838031,False,0.02103630083590401,0.02410054349865453,0.014873801168643083,0.018652346728104424
2012-11-19,0.011426015844216614,False,0.020265271350919975,0.02321720237387429,0.014328641668202758,0.01796869472085759
2012-11-20,-0.006247879274090532,False,0.02093171114606365,0.02398071880185203,0.014799850607510184,0.018559609741012204
2012-11-21,0.002723813382005552,False,0.02104714649520842,0.02411296898571504,0.014881469635703665,0.01866196329517193
2012-11-23,0.013451584711290317,False,0.020447947920158038,0.023426488437876224,0.014457803871681964,0.018130669334888275
2012-11-26,-0.0010283643519497215,False,0.021397499820203704,0.024514356359608063,0.015129188364172257,0.01897261257453586
2012-11-27,-0.004181378449656191,False,0.020805099430538678,0.023835664251565282,0.014710329284487221,0.018447346390329314
2012-11-28,-0.01486132046033978,False,0.020665885362590265,0.023676171633239106,0.01461189741746388,0.018323908857986564
2012-11-29,0.006214238032745709,False,0.022068826603979245,0.025283471637070724,0.015603852668459999,0.019567860761777633
2012-11-30,-0.009482009830170463,False,0.021892196612664106,0.025081112922862185,0.015478965722236232,0.019411247492824524
2012-12-03,0.0050721293242802536,False,0.02243848443265088,0.02570697549590095,0.015865220723945785,0.019895626847884058
2012-12-04,-0.014762981168783272,False,0.022069739664736937,0.025284517698385363,0.015604498251743424,0.019568670349260204
2012-12-05,-0.0011810559842021378,False,0.02337059450285124,0.026774860932016045,0.01652427290044763,0.020722104865752156
2012-12-06,0.004657080509181477,False,0.022658553834178283,0.02595910120115716,0.01602082167998622,0.02009075672426088
2012-12-07,0.0021736936084627303,False,0.022220819495821754,0.025457604500539032,0.015711319854347264,0.019702628948493003
2012-12-10,0.005267790934858805,False,0.02149066741746762,0.024621095170202167,0.015195062888779668,0.019055221886008764
2012-12-11,-0.002806063396621461,False,0.02121473274112341,0.02430496660169118,0.014999962165344834,0.018810557707756706
2012-12-12,0.004905420134284793,False,0.02085782584613669,0.023896071035179975,0.014747609708838328,0.01849409754649198
2012-12-13,-0.012308929981781139,False,0.020565791080467556,0.02356149716556142,0.014541125352449948,0.018235157833259488
2012-12-14,0.00011798858346372233,False,0.02158625081810689,0.024730601681010586,0.015262645516886258,0.019139973228180673
2012-12-17,0.0007073515707606638,False,0.02081992547819891,0.023852649928340672,0.014720812101154243,0.01846049226534428
2012-12-18,-0.016337805850517063,False,0.02001386020047427,0.02292916953888926,0.014150880402451754,0.017745774922077132
2012-12-19,-0.0017985616359148672,False,0.02166840678356922,0.024824724855742875,0.015320734222910989,0.019212818809042978
2012-12-20,-0.013046011827404329,False,0.0211511608439418,0.024232134534624406,0.01495501339959136,0.018754190142107
2012-12-21,0.008595665013674869,False,0.022207906371067766,0.025442810391666716,0.015702189577519846,0.01969117921300322
2012-12-24,-0.00030141363664231194,False,0.022363433584788407,0.025620992402312876,0.015812155719915264,0.0198290811919967
2012-12-26,0.0007232842850021091,False,0.02161698375727772,0.024765811319012333,0.015284375365214663,0.01916722333464472
2012-12-27,0.0016854848302958485,False,0.0207888109511393,0.023817003118633502,0.014698812449573337,0.01843290381471677
2012-12-28,-0.00464202863523224,False,0.020101093749528422,0.023029109920989773,0.014212559234390307,0.017823122665673957
2012-12-31,0.011953185522100071,False,0.020046542573825592,0.02296661257446557,0.014173988606063162,0.01777475354167387
2013-01-02,0.007791382859457663,False,0.020814293805241267,0.023846197920445147,0.01471683020412433,0.018455498805824727
2013-01-03,-0.008448451813215838,False,0.020924795243547945,0.023972795497716366,0.01479496069080274,0.018553477588184243
2013-01-04,-0.015413620919155364,False,0.02135639425154227,0.024467263168020358,0.01510012450641687,0.018936165324370067
2013-01-07,-0.001578805043280168,False,0.02276168996679803,0.026077260609024287,0.0160937444976363,0.02018220487956278
2013-01-08,0.009676519411254312,False,0.022154972356657997,0.025382165769459012,0.015664762369593382,0.019644243984315274
2013-01-09,-0.0040406237004283535,False,0.022452903770502013,0.025723495219678143,0.01587541597480544,0.019908412103775152
2013-01-10,0.013505201717634268,False,0.02217296046667748,0.025402774108889258,0.015677480935177537,0.01966019357867048
2013-01-11,-0.010367784461265891,False,0.0230238905490556,0.02637765451322658,0.016279134474572993,0.020414691389939735
2013-01-14,0.005347139027603056,False,0.023581737849302477,0.02701676037266839,0.016673562653322694,0.020909320238742972
2013-01-15,0.008650830902112815,False,0.02322748953850101,0.02661091065173152,0.016423089959464097,0.020595217375675108
2013-01-16,-0.00041595511562870385,False,0.02331121584197242,0.026706832907005134,0.01648228897929812,0.02066945533484832
2013-01-17,0.004565584579943345,False,0.022499725907277304,0.02577713768052976,0.015908521755052606,0.01994992808781132
2013-01-18,-0.002250548079390936,False,0.022082135190093683,0.02529871881199271,0.015613262557833896,0.01957966114268128
2013-01-22,0.0036693378433432255,False,0.021595166271100207,0.024740815799184298,0.015268949223806283,0.01914787833097259
2013-01-23,-0.0038471828766571143,False,0.021112209309307857,0.02418750914339676,0.01492747256026423,0.018719652818494283
2013-01-24,-0.010012628248205289,False,0.020891410787625915,0.023934548111048715,0.014771356076884113,0.018523876450035278
2013-01-25,-0.00787759297306593,False,0.021534159091444908,0.024670922037991105,0.015225813851901738,0.01909378483436827
2013-01-28,-0.002417796113123141,False,0.021827016214907048,0.025006438053755804,0.01543287965967732,0.019353453711098156
2013-01-29,0.005010379513052234,False,0.02136835787513482,0.024480969467100357,0.015108583434626737,0.018946773161608824
2013-01-30,0.011495111538641122,False,0.021088825502611094,0.02416071914572295,0.014910938945628904,0.018698918998716115
2013-01-31,-0.011555314223236052,False,0.02171077854789617,0.02487326868277987,0.0153506933494076,0.019250388762328624
2013-02-01,0.00528532691511206,False,0.02250297321912807,0.02578085801050239,0.015910817779965808,0.01995280739568238
2013-02-04,0.003527987804295923,False,0.022193766881618657,0.02542661128027469,0.015692192194599115,0.019678642091490246
2013-02-05,-0.0017325477647560472,False,0.021659916554720573,0.02481499790178474,0.01531473117243381,0.019205290741559952
2013-02-06,0.0031640435915196957,False,0.021129609135353278,0.024207443506750272,0.01493977517729692,0.01873508079658509
2013-02-07,-0.004360645368131427,False,0.020613995261406216,0.023616722985376013,0.014575208312584992,0.01827789924029801
2013-02-08,-0.002637589577229781,False,0.020487814197448627,0.023472161817310475,0.014485991483485946,0.018166017737280094
2013-02-11,-0.010741790022626579,False,0.020144086480470745,0.023078365167446074,0.014242957417831457,0.017861243214081196
2013-02-12,0.00030331524683415996,False,0.020911570392993056,0.02395764425565401,0.014785610006993223,0.0185417514534469
2013-02-13,-0.00273315493015603,False,0.02016653134340938,0.02310407945056997,0.014258827148503728,0.017881144496586225
2013-02-14,-0.005794642633454804,False,0.019840034783058937,0.0227300239254913,0.014027976441491122,0.017591648396644746
2013-02-15,-0.015970681578293237,False,0.019948041518843537,0.02285376341059515,0.014104343038711125,0.017687415190461783
2013-02-19,-0.003237503265273443,False,0.021491835157284648,0.024622433008279064,0.01519588854391698,0.01905625729086085
2013-02-20,-0.016346397170892382,False,0.021170623445380277,0.024254432146558366,0.014968774510267546,0.01877144713006763
2013-02-21,0.0003802367748848245,False,0.022694152921479818,0.02599988581242107,0.016045992157934723,0.0201223215190759
2013-02-22,-0.00368179607348202,False,0.021817622104950935,0.024995675555282593,0.01542623751642535,0.01934512419549224
2013-02-25,0.008738057791808123,False,0.02153591537493435,0.02467293414967193,0.015227055639211277,0.0190953420857526
2013-02-26,0.018117569902101203,False,0.02175857790987161,0.0249280307158713,0.015384490080665466,0.019292771226807663
2013-02-27,-0.012459668170070734,False,0.02332470493107545,0.0267222868777969,0.016491826494036556,0.020681415763107957
2013-02-28,-0.011031030283688134,False,0.024108151879987005,0.02761985425042664,0.017045765812322113,0.021376078016142133
2013-03-01,-0.003682965048724668,False,0.024633053062531114,0.028221214911746343,0.01741689930595525,0.021841494390017833
2013-03-04,0.00012719540212769093,False,0.024172589417491498,0.027693678050898375,0.017091326632549735,0.0214332131227949
2013-03-05,0.0015889665775550947,False,0.02327091113575565,0.026660657235105648,0.016453791374557387,0.020633718188807586
2013-03-06,0.0,False,0.022484522015827478,0.02575971912153055,0.01589777178241348,0.019936447188429306
2013-03-07,0.00012705483006648187,False,0.021691576142271886,0.024851269167958476,0.015337116211229023,0.01923336248330211
2013-03-08,0.0011423030650432725,False,0.020909641954155258,0.023955434911698655,0.01478424649655177,0.0185400415563444
2013-03-11,0.0007608884674092431,False,0.020163140851981568,0.023100195084835937,0.014256429887894335,0.017878138235067936
2013-03-12,0.008645465114191514,False,0.01937334535869775,0.02219535441016558,0.013698001805760043,0.017177846891074565
2013-03-13,-0.0020126751386568497,False,0.019702116110211897,0.02257201539537209,0.013930460488787651,0.01746935945781039
2013-03-14,0.001446995590579768,False,0.019307923651738664,0.0221204030816681,0.013651745124558667,0.017119839146687178
2013-03-15,0.0011938202722479318,False,0.018705493886105512,0.021430220673421416,0.01322579473423118,0.016585680172846028
2013-03-18,0.0075693806581912625,False,0.018095871557264453,0.02073179800069994,0.01279475881314038,0.01604514373825908
2013-03-19,0.004166847778572508,False,0.018337041073679665,0.021008097358949946,0.012965278690331684,0.016258982543642022
2013-03-20,-0.0023611597713077293,False,0.01811772152465962,0.020756830733106614,0.012810207920524428,0.01606451754219123
2013-03-21,0.00391149955924602,False,0.017835537090481458,0.020433542038786997,0.012610688280660347,0.01581431186446192
2013-03-22,-0.0047205663164381455,False,0.017593480283037637,0.020156226142686647,0.012439541040776278,0.015599686320952185
2013-03-25,-0.0009966212500727048,False,0.017645920625975753,0.02021630518300477,0.012476619196301879,0.015646183823847415
2013-03-26,-0.005499280632432003,False,0.017202297520918286,0.01970806193131112,0.012162953694467118,0.015252834630152328
2013-03-27,0.006495901882504646,False,0.017385804825626575,0.019918299739466752,0.012292703272803922,0.015415545835951254
2013-03-28,-0.007122743230299197,False,0.017513856855345216,0.020065004406622768,0.012383242975774204,0.01552908627617319
2013-04-01,0.0032552621035893824,False,0.01789753511992942,0.020504570981432237,0.012654524236898564,0.01586928392208475
2013-04-02,-0.015684882420190893,False,0.01755715750816814,0.020114612428252597,0.012413858876620299,0.015567479850989729
2013-04-03,-0.014258962507669856,False,0.019221562958387076,0.02202146269937705,0.013590683448757504,0.01704326534178494
2013-04-04,-0.0006442053746879387,False,0.020490512043008394,0.0234752526432486,0.014487899006046717,0.01816840984752762
2013-04-05,0.015093644840956136,False,0.01987226771048347,0.02276695204681566,0.014050766862551156,0.01762022850410157
2013-04-08,-0.0021605297771282875,False,0.021117156714926175,0.02419317721047946,0.014930970643317974,0.01872403955576893
2013-04-09,0.008992493876984647,False,0.02063493986392535,0.023640718473366608,0.014590017278089716,0.018296470280487857
2013-04-10,-0.017745673080341796,False,0.020923245961403273,0.023971020540131827,0.014793865264627115,0.018552103879566576
2013-04-11,0.003842955995970894,False,0.02261091809072973,0.02590452662000679,0.015987140635866287,0.020048519336120046
2013-04-12,-0.04130691814830361,False,0.022110801173647932,0.025331560412280234,0.015633530956874937,0.01960507853277885
2013-04-15,-0.09820579166610198,False,0.0282141898890267,0.032323996314942684,0.019948956511758743,0.02501679627838849
2013-04-16,0.01907320905271241,False,0.0681196136048976,0.07804222441972046,0.04816424695328333,0.06039990879834018
2013-04-17,-0.0033225726891608644,False,0.06354461128886192,0.07280080658755694,0.0449294731531932,0.05634337195061967
2013-04-18,0.007065164563453464,False,0.05634642652627778,0.06455410169703164,0.03983996764702079,0.04996092671692526
2013-04-19,0.0023679189985098153,False,0.05117231011950638,0.05862630010771113,0.03618158781788366,0.045373170818989284
2013-04-22,0.018251368204225838,False,0.045699200105970915,0.052355952151429644,0.032311803355755446,0.0405203049824594
2013-04-23,-0.008764563117937952,False,0.04512090878103128,0.0516934242982524,0.0319029201470678,0.04000754894294607
2013-04-24,0.010452107037941706,False,0.04251386583757326,0.04870662769595089,0.030059599941600578,0.03769595103912444
2013-04-25,0.026620193431926197,False,0.04037680556691381,0.04625827356686519,0.028548582876426094,0.035801074679533536
2013-04-26,-0.005625365162654407,False,0.04306010360491105,0.04933243292544559,0.030445819553383227,0.03818028601378788
2013-04-29,0.009448922631150495,False,0.03999992460448201,0.045826494419963115,0.028282107675144993,0.03546690402655916
2013-04-30,0.003265703540304102,False,0.03799205994883151,0.04352615512312606,0.026862438889522767,0.03368658209484489
2013-05-01,-0.01774924261742811,False,0.034764027688965006,0.039827913093748404,0.024580045688657678,0.030824368941010753
2013-05-02,0.014687911508285616,False,0.036233085667252474,0.041510960697219365,0.025618749044571038,0.0321269448543547
2013-05-03,-0.00231917044176605,False,0.036178605540023584,0.041448544748410955,0.025580228651353336,0.03207863872720852
2013-05-06,0.0025916852087923934,False,0.033373849456355735,0.03823523521624349,0.02359711457438521,0.029591733668737265
2013-05-07,-0.013095367795032163,False,0.030676614830216883,0.035145109203100114,0.021690023976693413,0.027200165120339057
2013-05-08,0.017038302086289602,False,0.03145356719126226,0.036035235956839884,0.022239371270490093,0.0278890687894054
2013-05-09,-0.0034661912971972815,False,0.03280715235229824,0.037585990450567354,0.023196429106234324,0.029089257926583387
2013-05-10,-0.022027321577899984,False,0.03077620943918537,0.03525921121297344,0.02176044274579267,0.0272884730977359
2013-05-13,-0.001602096110455087,False,0.03408417476006099,0.039049029714320116,0.024099352939142553,0.03022156084024468
2013-05-14,-0.006855125470800369,False,0.031446445048025046,0.036027076370027014,0.02223433553045047,0.027882753768235853
2013-05-15,-0.019992124565387674,False,0.030456621015633983,0.03489307009512439,0.021534476464706295,0.02700510226496122
2013-05-16,-0.006753887216782063,False,0.033172044000370285,0.03800403386538896,0.02345442721454522,0.029412797962976706
2013-05-17,-0.01613403541922928,False,0.0319054758382723,0.036552971659977146,0.022558895098108385,0.028289764559978968
2013-05-20,0.014113448217259888,False,0.033267322706512115,0.03811319129852224,0.023521794407181124,0.02949727914037694
2013-05-21,-0.0047065723681885985,False,0.03355546717409364,0.038443308191649796,0.02372552811264978,0.02975276942638495
2013-05-22,-0.007430698684902042,False,0.031721946585966,0.036342708707237166,0.022429130001634073,0.028127033893809546
2013-05-23,0.01768420098097557,False,0.03080600540411532,0.035293347392831305,0.021781510102713116,0.027314892413247076
2013-05-24,-0.0037425918742925827,False,0.03248158111968921,0.03721299504065135,0.02296623265592536,0.02880058229094334
2013-05-28,-0.005567875242675551,False,0.030605547450935442,0.03506368982813166,0.021639775500154963,0.0271371515035556
2013-05-29,0.008807502165758149,False,0.029457152130875304,0.03374801405506405,0.02082779796727896,0.02611889891923551
2013-05-30,0.01441437175038911,False,0.028944317923723557,0.03316047809931447,0.020465196477161697,0.025664182021980415
2013-05-31,-0.013480482716379243,False,0.029947745219325167,0.034310069150232936,0.02117467378490653,0.026553895188758347
2013-06-03,0.013622131324814718,False,0.030886264391836636,0.03538529726747058,0.021838257542991495,0.02738605599275197
2013-06-04,-0.010395975120352336,False,0.031387576007660935,0.03595963219915845,0.02219271193853691,0.02783055610473087
2013-06-05,0.0009301011782125091,False,0.03135694792593092,0.03592454269260629,0.022171056230084037,0.027803398972661812
2013-06-06,0.012295330550164955,False,0.02866114761417029,0.032836059922556504,0.020264979770145897,0.025413102193920657
2013-06-07,-0.023369021245246344,False,0.029146431637146298,0.033392032609777904,0.020608101791663336,0.025843391051679755
2013-06-10,0.0023111025946810702,False,0.03301633273258716,0.03782564099053366,0.02334433093598418,0.029274732787981376
2013-06-11,-0.006658935530784299,False,0.030420091524739245,0.03485121955347452,0.02150864814115272,0.026972712505217582
2013-06-12,0.01069068876481086,False,0.0295447191100026,0.03384833643616925,0.02088971255229265,0.026196542306699683
2013-06-13,-0.01025507154217024,False,0.029498213049910915,0.03379505609315962,0.02085683025533671,0.02615530657972683
2013-06-14,0.007016610331898619,False,0.02968047979044994,0.034003872630961815,0.020985702687784862,0.02631691780919417
2013-06-17,-0.0032489829246715824,False,0.028673122255365377,0.03284977884411283,0.02027344648839598,0.02542371980018412
2013-06-18,-0.011784578876664325,False,0.02719974783516117,0.031161786046285438,0.01923169117485345,0.02411731660884624
2013-06-19,0.005109127327628792,False,0.028105033005176534,0.032198939146007424,0.0198717766977201,0.024920009677872793
2013-06-20,-0.06597613154712086,False,0.026820828515006202,0.030727671625260945,0.018963774744540612,0.023781338596521703
2013-06-21,0.004422859719568829,False,0.04597108148224732,0.05266743699786424,0.032504038177064445,0.04076137520382485
2013-06-24,-0.011524755043811986,False,0.04215316638553576,0.04829338713138673,0.02980456594236781,0.0373761281150979
2013-06-25,-0.0015676440923652083,False,0.04095894211940483,0.046925206760819196,0.028960184868729453,0.03631724018338646
2013-06-26,-0.03610044847665988,False,0.03769022671247578,0.04318035549329213,0.026649026485000546,0.03341895432975018
2013-06-27,-0.014912157668658067,False,0.043849222044599276,0.05023649792383337,0.03100376892204789,0.038879977031777306
2013-06-28,0.010184076226778084,False,0.04337224985204734,0.04969004780582466,0.030666523813683552,0.038457058060208014
2013-07-01,0.0258916545363587,False,0.04144868276151448,0.04748628523846093,0.02930645796074142,0.03675148061067121
2013-07-02,-0.009842086910742568,False,0.0437783655307482,0.05015532012990697,0.03095366953876063,0.0388171503839458
2013-07-03,0.006811742623575429,False,0.042018000546925616,0.04813853242578202,0.029708996392190583,0.037256280043556335
2013-07-05,-0.031807915732905694,False,0.03952378202721939,0.04528099476275656,0.027945449149609825,0.0350447206535225
2013-07-08,0.017975808450345476,False,0.044115663629107245,0.05054175059384297,0.031192157516694047,0.03911622392973695
2013-07-09,0.008868165006491742,False,0.044037476143338215,0.050452173965493424,0.031136874740207994,0.03904689709771744
2013-07-10,0.0012032247636410058,False,0.04175742936361917,0.04784000526614687,0.029524758488339953,0.03702523827930808
2013-07-11,0.025876776126085747,False,0.03800793786629596,0.043544345889815754,0.026873665434968216,0.033700660635752694
2013-07-12,-0.0017982934091746827,False,0.04088266001106252,0.046837813055784557,0.028906249297021333,0.03624960280050956
2013-07-15,0.004684580530843276,False,0.03768376175388702,0.043172948819614046,0.02664445541001151,0.03341322201730033
2013-07-16,0.005437751093870546,False,0.035243269304607666,0.040376963209272906,0.024918895401751823,0.031249300151646755
2013-07-17,-0.010044094286119024,False,0.033233757531247396,0.038074736868115605,0.023498062014923927,0.02946751776303637
2013-07-18,0.005229242099017883,False,0.032859052451310496,0.0376454505525875,0.023233125280117888,0.029135276409088987
2013-07-19,0.006749762357370308,False,0.03118217697094915,0.03572431381036619,0.02204748372298165,0.02764843406339611
2013-07-22,0.03278232057525459,False,0.030040865135662752,0.034416753334481465,0.021240514596523086,0.026636462222780617
2013-07-23,-0.0009732726413989683,False,0.03625692992956664,0.04153827822255705,0.0256356082262038,0.0321480869482822
2013-07-24,-0.011601776086361223,False,0.033596077789037754,0.03848983433232455,0.02375424201138734,0.029788777813823785
2013-07-25,0.007022378689875025,False,0.03366223158889806,0.038565624393684265,0.023801016321820908,0.02984743468615136
2013-07-26,-0.005508029892910125,False,0.03233945568938333,0.0370501669777675,0.02286574229843011,0.02867456332850191
2013-07-29,0.0050564790608036815,False,0.031091187617035144,0.035620070535893895,0.02198314933410134,0.02756775614425961
2013-07-30,-0.003317771384185275,False,0.02959997937932151,0.03391164616609072,0.020928784548114854,0.026245540165765545
2013-07-31,-0.008799916807399286,False,0.028162149185101456,0.032264375126862394,0.019912160922605577,0.024970653125124035
2013-08-01,-0.001067335925854353,False,0.028216449123759074,0.032326584640017794,0.019950553912768777,0.025018799483699974
2013-08-02,-0.00030517578646048856,False,0.02643125778481084,0.03028135426166576,0.018688327191891087,0.0234359162529544
2013-08-05,-0.006122780607501365,False,0.024656092852513488,0.028247610781676213,0.01743318968218814,0.021861923179026237
2013-08-06,-0.01500532830933171,False,0.024456343242698804,0.028018764740838004,0.017291955916657137,0.021684810339172376
2013-08-07,0.002257444228614372,False,0.02663649794243187,0.030516490628320778,0.018833443071345803,0.023617897420287037
2013-08-08,0.01894694408300723,False,0.025051384085532417,0.028700481922392627,0.01771268193938178,0.022212417745269785
2013-08-09,0.0016771411635599898,False,0.027860407417897994,0.03191868028999088,0.019698813191715594,0.024703106463373318
2013-08-12,0.016468061360921795,False,0.02598967038903728,0.029775443249871608,0.01837610104649842,0.023044372070306515
2013-08-13,-0.010166133337281825,False,0.0279655584494926,0.032039148096124785,0.019773160651795005,0.0247963411777568
2013-08-14,0.009641569916341188,False,0.028416823531002482,0.032556146489102246,0.020092229443836315,0.02519646631535906
2013-08-15,0.020478513413118613,False,0.028359166811659117,0.032490091231413935,0.02005146302837957,0.025145343585712507
2013-08-16,0.007390349998877117,False,0.031077066870246108,0.03560389289730253,0.02197316520325385,0.027555235641381112
2013-08-19,-0.004017683329916731,False,0.030132228290418974,0.03452142485931622,0.021305113282793282,0.02671747158150674
2013-08-20,0.0050378119898069895,False,0.02882142079893522,0.03301967922384081,0.0203783015704688,0.025555212303334508
2013-08-21,-0.001822357208414339,False,0.027611389394501654,0.03163338917575803,0.01952274399607621,0.024482308588777032
2013-08-22,0.00043765089469787415,False,0.026091446143397954,0.02989204412063361,0.018448062003225452,0.023134614013205983
2013-08-23,0.017709813296174264,False,0.02419890652363035,0.02772382862566937,0.017109934248360936,0.021456547823720286
2013-08-26,-0.0019363517501071658,False,0.02682231901091785,0.03072937923354405,0.018964828605673587,0.023782660180899
2013-08-27,0.019619605598163514,False,0.02545887231724539,0.029167326731762665,0.018000798133590044,0.0225737270764503
2013-08-28,-0.0011269022179265509,False,0.02835986915186519,0.032490895877668964,0.02005195962084891,0.025145966332703384
2013-08-29,-0.00430805110888191,False,0.026613120452352566,0.03048970786737147,0.018816913922900268,0.02359716920129105
2013-08-30,-0.011961729543889401,False,0.025807702463099158,0.02956696905335572,0.01824743989211644,0.022883025792057875
2013-09-03,0.011324521545916155,False,0.026964940571533345,0.030892775695320885,0.019065669754100966,0.023909119049321494
2013-09-04,-0.015775319397137694,False,0.027503261084333895,0.03150951040719686,0.019446291439199306,0.024386433998082317
2013-09-05,-0.012160880108594587,False,0.02943253644183792,0.03371981273349984,0.020810393345276866,0.026097072821079845
2013-09-06,0.009855849000619287,False,0.03016985512587706,0.03456453258969848,0.021331717488236743,0.02675083432844216
2013-09-09,7.218147199824732e-05,False,0.029947967030217276,0.03431032327110216,0.021174830617190495,0.026554091862769618
2013-09-10,-0.01650411741855866,False,0.027738921447797507,0.03177949812437525,0.019612916047624062,0.02459538797928286
2013-09-11,-0.00014659176849926887,False,0.029807393618602733,0.03414927330096729,0.021075437620757212,0.02642944903537138
2013-09-12,-0.02486859360337783,False,0.02766210474448448,0.031691491952850114,0.019558602488390375,0.02452727658479952
2013-09-13,-0.016674631905928796,False,0.032012480622655826,0.036675563244910066,0.022634553261557805,0.028384642949266924
2013-09-16,0.0072345438511090335,False,0.03356292786181585,0.03845185563686754,0.02373080322193002,0.02975938462623925
2013-09-17,-0.006394194227050239,False,0.032329959855981714,0.03703928793835193,0.0228590282312066,0.028666143617334012
2013-09-18,-0.0012990114845119957,False,0.03130655295902231,0.035866806967035134,0.02213542426591191,0.027758715052068398
2013-09-19,0.0460263320519995,False,0.029200692893545217,0.03345419780604197,0.02064646743137984,0.025891503111692124
2013-09-20,-0.02731582847525432,False,0.039652241483875604,0.04542816620449943,0.02803627692543605,0.035158622348727686
2013-09-23,-0.0042114640982854005,False,0.04312599290765638,0.04940791996184505,0.030492406850067152,0.0382387083633286
2013-09-24,-0.008248580056451694,False,0.04014673155163391,0.04599468593059697,0.02838590811796743,0.03559707396954163
2013-09-25,0.015008407385870412,False,0.038533291188076475,0.04414622455101668,0.027245118615468127,0.03416647790985664
2013-09-26,-0.009249961668872883,False,0.03848951102944565,0.04409606717659564,0.027214163678110744,0.034127659169576996
2013-09-27,0.01111961031158416,False,0.037404395922475374,0.04285288929847986,0.026446928674577232,0.03316551552212692
2013-09-30,-0.008930994336049873,False,0.036556562798862186,0.04188155696991926,0.025847464852340532,0.03241376370451581
2013-10-01,-0.03100726878022965,False,0.035588418872850455,0.040772388823684155,0.02516293479306554,0.031555335393780776
2013-10-02,0.026549534475807456,False,0.04065073830703743,0.04657210858807706,0.02874226812279918,0.036043963792444726
2013-10-03,-0.002426044534775406,False,0.04338077488160954,0.04969981462972558,0.030672551470145307,0.03846461698458839
2013-10-04,-0.005862049685155893,False,0.039976476928184373,0.04579963124915366,0.028265528901251315,0.035446113575249134
2013-10-07,0.011463475434532194,False,0.037833397287076756,0.04334438094091308,0.026750255815975916,0.03354589999474853
2013-10-08,-0.00045307487090635477,False,0.037056864079543436,0.04245473439648049,0.02620120488635686,0.03285736797831732
2013-10-09,-0.013150527333180879,False,0.034053535363553246,0.039013927244828564,0.024077689230530552,0.030194393675653318
2013-10-10,-0.007912504372284527,False,0.03446219193609218,0.03948211058083011,0.02436663150482191,0.030556738944585077
2013-10-11,-0.02230457891442995,False,0.03352792637325156,0.03841175567327406,0.023706055278573782,0.029728349706849497
2013-10-14,0.006602778534198821,False,0.03640636473338849,0.04170948037534119,0.02574126670566079,0.03228058694416428
2013-10-15,-0.002667314973963524,False,0.03465523660070635,0.039703275003843894,0.02450312451186419,0.030727906682034838
2013-10-16,0.007045038923208838,False,0.032464076911422425,0.0371929410902903,0.022953856235022954,0.028785061759822397
2013-10-17,0.03125370663589087,False,0.031310205068435355,0.03587099105921263,0.02213800650457067,0.027761953283523277
2013-10-18,-0.00629475881914602,False,0.036744766395246965,0.04209717515282398,0.025980534962607875,0.03258063899131783
2013-10-21,0.0009884999625332028,False,0.035170695737625726,0.04029381824849561,0.02486758196913794,0.031184951036980546
2013-10-22,0.020164741123126422,False,0.03232637215856194,0.03703517764070979,0.02285649153530692,0.02866296249833638
2013-10-23,-0.006426546933253408,False,0.03445485557637901,0.03947370557380114,0.024361444302160824,0.030550233983177667
2013-10-24,0.012145692994379134,False,0.03320820911334284,0.03804546695218154,0.02347999790322244,0.02944486463819148
2013-10-25,0.0016281164419827505,False,0.03318559338382494,0.03801955691328014,0.023464007360647635,0.02942481185268668
2013-10-28,-0.0002958322832189576,False,0.030718713055395946,0.035193339646040565,0.021719789696234625,0.027237492533499903
2013-10-29,-0.005042313034836748,False,0.028521104777327784,0.032675617813113136,0.020165961918740528,0.025288929813522126
2013-10-30,0.0028209126396832006,False,0.027660621036105854,0.03168979212080277,0.019557553426409937,0.02452596101875312
2013-10-31,-0.01900829860549579,False,0.026111935825121387,0.029915518422009183,0.018462549315150702,0.023152781686830506
2013-11-01,-0.007964543329991858,False,0.029142114705834037,0.033387086854738394,0.0206050494880051,0.025839563339751417
2013-11-04,0.0011416829857313268,False,0.02889912646967504,0.03310870385380621,0.020433243677699338,0.025624111922363788
2013-11-05,-0.005033165240855487,False,0.026867072677318464,0.030780651921276835,0.018996471865617575,0.023822342105471662
2013-11-06,0.00738850247849152,False,0.02619034585487239,0.030005350011103,0.018517989442254856,0.023222305842873207
2013-11-07,-0.007082720171927727,False,0.02587546425716954,0.0296446013366302,0.018295351141327763,0.02294310843148096
2013-11-08,-0.01843549777376958,False,0.025808063979591185,0.02956738322997401,0.018247695503807084,0.022883346339430236
2013-11-11,-0.0027285146532040625,False,0.02862470995183406,0.03279431458562803,0.02023921637434419,0.02538079385619728
2013-11-12,-0.007758374803146492,False,0.027211599763139,0.031175364379662614,0.0192400711282294,0.024127825408457135
2013-11-13,-0.002205188521328236,False,0.02712124197153234,0.031071844663717978,0.019176183288020284,0.024047707479369684
2013-11-14,0.01401463716541343,False,0.025759985038874927,0.029512300893438696,0.01821370109527533,0.022840715979674735
2013-11-15,0.0008549428585643364,False,0.027137679079397223,0.031090676075009347,0.01918780521128887,0.024062281840018674
2013-11-18,-0.011799392732390238,False,0.025254087954488923,0.02893271255311235,0.01785600452572871,0.02239215005069736
2013-11-19,0.0009428608914212821,False,0.02638649302819685,0.03023006886826899,0.018656676090567093,0.023396224494974874
2013-11-20,-0.012246824501854306,False,0.02458467441919477,0.02816578921655266,0.017382692991479782,0.021798598291659862
2013-11-21,-0.01151369900995485,False,0.025909523673682138,0.02968362200169883,0.018319432988848396,0.02297330803982016
2013-11-22,0.00040201005566548926,False,0.026873092813293403,0.03078754897746859,0.019000728426987273,0.023827680005154256
2013-11-25,-0.002333930834959181,False,0.024926656559471103,0.02855758602112325,0.017624492840102198,0.02210182505690779
2013-11-26,0.00024173118194246732,False,0.023871094581286445,0.027348266114110613,0.016878153495215972,0.021165885408407418
2013-11-27,-0.0029041448933399953,False,0.022285639731606625,0.025531866744852437,0.015757151262934234,0.0197601033838649
2013-11-29,0.010287766858549853,False,0.021608578251735483,0.024756181429540364,0.01527843221869226,0.01915977038913772
2013-12-02,-0.022889046880359587,False,0.022609346253427327,0.025902725821778296,0.01598602926197561,0.02004712562842432
2013-12-03,-0.0004910782883059409,False,0.02711837572684712,0.03106856090887664,0.019174156698180123,0.0240451660539502
2013-12-04,0.02145918293845848,False,0.02536998800927948,0.029065495133745956,0.017937952125919292,0.02249491564739723
2013-12-05,-0.012090096963768365,False,0.028805517994623945,0.0330014599451737,0.020367057428678146,0.025541111695899916
2013-12-06,-0.0023542956632373094,False,0.029598181901556556,0.033909586859590016,0.020927513634227023,0.026243946388476967
2013-12-09,0.004055813316003699,False,0.027955889741043873,0.03202807099990135,0.019766324352573684,0.024787768182732366
2013-12-10,0.021700795360903954,False,0.026730151651012016,0.030623786359402626,0.018899661302915753,0.023700937754157343
2013-12-11,-0.003094154855642138,False,0.030036819401093352,0.03441211827992817,0.021237654043613344,0.026632874974026804
2013-12-12,-0.026163698079213905,False,0.028555356653918933,0.03271485897286526,0.020190179845934273,0.025319300071261354
2013-12-13,0.00788073409944081,False,0.033190786487526595,0.038025506467939535,0.02346767916552003,0.029429416444130482
2013-12-16,0.007899484106637614,False,0.03214009937865974,0.036821771525743695,0.02272478661660434,0.028497799216833306
2013-12-17,-0.01154779183653739,False,0.031242209810735222,0.03579309130494084,0.022089930183960334,0.027701663637906257
2013-12-18,0.0039719782771997425,False,0.03158576928312075,0.0361866952029451,0.02233284529159868,0.02800628898295372
2013-12-19,-0.03381505677728644,False,0.0298602965137837,0.03420988227097867,0.021112842825707707,0.026476356671439782
2013-12-20,0.008416345408783462,False,0.03650009579312411,0.04181686472489744,0.025807539628676532,0.03236369586331406
2013-12-23,-0.005575176639224595,False,0.035162457119593586,0.04028437955612278,0.024861756821101203,0.031177646066335062
2013-12-24,0.005575176639224665,False,0.0336199390494479,0.0385171713317777,0.02377111321159227,0.02980993497952565
2013-12-26,0.00744051066676095,False,0.03200355101578006,0.03666533291113542,0.022628239547078235,0.0283767252965916
2013-12-27,0.0016459554700952177,False,0.03104495503147513,0.035567103502952314,0.02195046039841364,0.027526762900118018
2013-12-30,-0.010747458164401412,False,0.02886657032624361,0.033071405435370474,0.020410224725460814,0.025595245227589363
2013-12-31,-0.00099788047521617,False,0.029311019251928954,0.033580594800457324,0.02072447412709411,0.025989326655188435
2014-01-02,0.01903718570719433,False,0.02742093588232497,0.031415193344157655,0.019388083073793198,0.02431343835952828
2014-01-03,0.010879399570832903,False,0.029921790246573727,0.03428033345883538,0.02115632221696434,0.026530881582190597
2014-01-06,-0.00048459379689215666,False,0.030018320731782934,0.03439092501083297,0.021224574485027736,0.026616472679884026
2014-01-07,-0.0068093844213407955,False,0.02793440138536465,0.032003452553207634,0.019751130924208733,0.024768715010605184
2014-01-08,-0.003340513526092547,False,0.0275471219648264,0.03155976026179082,0.019477303451273867,0.024425324312359907
2014-01-09,0.003259189588227405,False,0.026387175058938086,0.030230850246690737,0.01865715832314758,0.0233968292340858
2014-01-10,0.014055079791468316,False,0.025104545080308266,0.028761386587952468,0.017750269634689585,0.022259554231608563
2014-01-13,0.003363290552862509,False,0.02659446962254552,0.030468340273393943,0.018803726778623138,0.02358063199035071
2014-01-14,-0.004567191383518946,False,0.025307224744321403,0.028993589487927372,0.017893575106833884,0.0224392650751356
2014-01-15,-0.005718193646703116,False,0.024687874320123163,0.0282840216815085,0.017455660896769132,0.021890102988680406
2014-01-16,0.0015334528914116494,False,0.024395028907060155,0.027948519081932605,0.017248603368878387,0.02163044449526015
2014-01-17,0.009391208725447459,False,0.022920949990132077,0.026259719167204248,0.01620634993809193,0.02032341664480254
2014-01-21,-0.007538048800282925,False,0.023444911162853032,0.026860002892621165,0.016576818793996445,0.020787999536152676
2014-01-22,-0.0026599368951044466,False,0.02372996404271581,0.027186577863389037,0.01677836657992617,0.021040748590871003
2014-01-23,0.018868464968042977,False,0.022846974845058446,0.026174968468135357,0.01615404551404753,0.020257824786902308
2014-01-24,0.001503719512834403,False,0.025947736953793012,0.029727401600912706,0.018346451842343812,0.023007190772141122
2014-01-27,-0.0007120165031270044,False,0.024266755079943993,0.027801560309367628,0.01715790684316554,0.021516707392992246
2014-01-28,-0.01002153913998171,False,0.022908431893631717,0.026245377628186496,0.016197498967581065,0.02031231717070194
2014-01-29,0.008912959998292218,False,0.02392883270131399,0.027414414629674692,0.016918977465354066,0.021217080313946354
2014-01-30,-0.01597222964778212,False,0.024251136251772314,0.027783666372088168,0.01714686348784728,0.02150285857989448
2014-01-31,-0.0016919599958672418,False,0.02664547678561726,0.030526777370388454,0.018839791598556248,0.023625858729531355
2014-02-03,0.01623714843165623,False,0.02520957268676376,0.02888171299028363,0.01782452982652765,0.022352679508096683
2014-02-04,-0.006926561928680318,False,0.02723369215354656,0.031200674847513404,0.019255691641780016,0.024147414162637302
2014-02-05,0.004464015110304407,False,0.026963339759136926,0.03089094170135521,0.019064537893253457,0.02390769965015538
2014-02-06,0.00023851982688990092,False,0.025913456623759226,0.02968812784306088,0.01832221379702894,0.02297679528546636
2014-02-07,0.004522260225517396,False,0.024131076493837385,0.027646118167148535,0.017061974752807338,0.021396404681437556
2014-02-10,0.009061958358515669,False,0.023380916144304393,0.026786686070416555,0.01653157085857752,0.020731256799672915
2014-02-11,0.011930373961170424,False,0.02380125741103869,0.027268256145984174,0.016828774842925883,0.021103962586323247
2014-02-12,0.00402265042566476,False,0.024887447141989646,0.0285126651826669,0.017596769663669857,0.022067059075209006
2014-02-13,0.00392956197142871,False,0.023926572804972204,0.027411825546617148,0.016917379596550437,0.021215076522002826
2014-02-14,0.014201945513293054,False,0.023033795209126098,0.026389001930851492,0.016286137604338096,0.02042347359719661
2014-02-18,0.0043121081131398545,False,0.024802043470017687,0.028414821225815325,0.01753638465368679,0.02199133383654179
2014-02-19,-0.003099821557082314,False,0.02392561780914508,0.027410731441781314,0.016916704362907396,0.021214229751773103
2014-02-20,-0.002653828804596897,False,0.02312503406569176,0.02649353105165943,0.016350648405072405,0.02050437274391512
2014-02-21,0.005149612915852933,False,0.0223531834075545,0.025609249137932805,0.015804908290849202,0.01981999262356051
2014-02-24,0.01081824390288644,False,0.02193203229414288,0.025126751249760382,0.015507131701148332,0.019446568766697172
2014-02-25,0.003505729235722994,False,0.022954394705234943,0.026298035590677383,0.016229997158506888,0.020353071213216806
2014-02-26,-0.011081312179254801,False,0.022053755087253834,0.02526620473509661,0.015593196291902527,0.019554497235658014
2014-02-27,0.0025566030225053498,False,0.023459506001056753,0.02687672368092555,0.016587138133086717,0.020800940403691123
2014-02-28,-0.007689409294796711,False,0.022287236510568173,0.025533696117854884,0.015758280271925388,0.019761519206688085
2014-03-03,0.021486846608357726,False,0.02280168493947973,0.026123081430202012,0.016122023104034513,0.020217667392846816
2014-03-04,-0.009152135496919298,False,0.02660400386224108,0.030479263313537834,0.01881046800117135,0.023589085755391325
2014-03-05,0.0017923099224785807,False,0.026967712817116626,0.03089595175872623,0.019067629881497794,0.023911577128155705
2014-03-06,0.008544203260680507,False,0.025232487432843974,0.02890796560185135,0.017840731789966268,0.022372997423894175
2014-03-07,-0.010112344300665708,False,0.025309885895613164,0.02899663827454456,0.017895456684564784,0.022441624649519758
2014-03-10,0.002463183800447852,False,0.02606621813975605,0.02986314129195196,0.018430224441717914,0.023112244991444156
2014-03-11,0.0037947703855826624,False,0.024592966166013062,0.028175288776690774,0.017388555704438587,0.02180595037023313
2014-03-12,0.017521096333665432,False,0.023589459042902553,0.027025606270227643,0.016679021954332313,0.020916166422456868
2014-03-13,0.0013855260876456438,False,0.02615293419281965,0.029962488797256874,0.018491537376033634,0.023189133884660318
2014-03-14,0.00494334312033724,False,0.02441797278307321,0.027974805066630852,0.017264825928753252,0.021650788239819634
2014-03-17,-0.004433290106901672,False,0.02366951692523452,0.02711732574555758,0.01673562720223578,0.02098715168698707
2014-03-18,-0.010176173535256404,False,0.023251942899563355,0.026638925999894134,0.01644037980681813,0.020616899541791685
2014-03-19,-0.013035272285072756,False,0.024319661000224233,0.027862172745127912,0.017195314187024652,0.02156361771133834
2014-03-20,-0.00815905144832706,False,0.02597199372501229,0.02975519172306713,0.018363602690058115,0.023028698627101725
2014-03-21,0.0041252636788470624,False,0.02617427773852169,0.029986941340297606,0.018506628415921416,0.023208058657506418
2014-03-24,-0.01873736390623739,False,0.0250722865982692,0.028724429189612925,0.017727461145136496,0.022230951465532507
2014-03-25,0.00015257625595839624,False,0.028145650175043224,0.03224547279642441,0.01990049523114205,0.02495602387739283
2014-03-26,-0.006119033816973001,False,0.02612337441750783,0.029928623211464483,0.018470637017933254,0.02316292399240684
2014-03-27,-0.006697283278590711,False,0.025783851020961257,0.029539643302348723,0.018230575633960414,0.022861877331965395
2014-03-28,-0.0006953080007765745,False,0.025630498629312035,0.029363952908186993,0.018122147208263373,0.022725903711748704
2014-03-31,-0.008070837010600324,False,0.02407629108052526,0.02758335246290613,0.017023238505835835,0.02134782786497579
2014-04-01,-0.002965315343457258,False,0.02444181343404339,0.02800211845457986,0.017281682556970716,0.021671927131661328
2014-04-02,0.00848223016275437,False,0.02352859942886819,0.026955881569730732,0.016635990919293943,0.02086220376849206
2014-04-03,-0.004738037935164071,False,0.02380705547121948,0.027274898777817833,0.016832874384711562,0.02110910357711275
2014-04-04,0.014531038596462558,False,0.023386787868973358,0.026793413097040693,0.01653572248513603,0.020736463106868833
2014-04-07,-0.003998122555931841,False,0.025234492558484495,0.02891026280315574,0.01784214952212022,0.022374775317211645
2014-04-08,0.008209622486995482,False,0.024528789618329494,0.02810176398299694,0.01734317941811423,0.02174904667653982
2014-04-09,-0.0024481316118472782,False,0.024602319259297366,0.028186004283818365,0.017395168846687677,0.02181424351741143
2014-04-10,0.011121363653429275,False,0.02355198982524175,0.026982679116963438,0.016652529193186768,0.0208829434311671
2014-04-11,-0.001061107006430417,False,0.02448378980012945,0.028050209287881024,0.01731136211554979,0.02170914649549961
2014-04-14,0.006425057299722357,False,0.023130008534195667,0.026499230123729955,0.01635416562304832,0.02050878347715414
2014-04-15,-0.020707158636276726,False,0.022925440189977723,0.026264863429854877,0.016209524751964036,0.02032739798948157
2014-04-16,0.002381757965860534,False,0.026875381719128944,0.03079017129567387,0.019002346807070216,0.023829709519069535
2014-04-17,-0.00747159352711696,False,0.025288393909086142,0.028972015668117343,0.017880260688994287,0.022422568258013247
2014-04-21,-0.004183801224072822,False,0.025370174128342193,0.029065708363752593,0.017938083722151638,0.02249508067438166
2014-04-22,-0.005761928644147067,False,0.02463998454522586,0.028229156065540356,0.017421800238690992,0.021847640357389703
2014-04-23,0.002807219317583231,False,0.02436599057498042,0.027915250895150373,0.017228071699313847,0.021604696953304834
2014-04-24,0.004893821820933538,False,0.02317441338950956,0.026550103190976525,0.016385562254709624,0.020548156119910437
2014-04-25,0.007872803371143546,False,0.022614136634800552,0.02590821399175462,0.0159894163204049,0.020051373136340766
2014-04-28,-0.0013847723206215161,False,0.022828671866784143,0.026153999395317103,0.016141104319596585,0.020241596006966504
2014-04-29,-0.0022351732969705007,False,0.02172614312435878,0.024890871332897118,0.015361556935031707,0.019264012136977367
2014-04-30,-0.0003087084588731185,False,0.020928386291594103,0.02397690963405228,0.014797499755776296,0.018556661678096095
2014-05-01,-0.009694883579778804,False,0.019755646295942984,0.022633343029910435,0.013968309222046199,0.017516823296270616
2014-05-02,0.015083242496169847,False,0.021040898448186685,0.02410581081992327,0.01487705192891108,0.018656423312627853
2014-05-05,0.004901238540161963,False,0.02335311320041525,0.026754833224052643,0.016511912675205076,0.02070660464464206
2014-05-06,-0.0005348650712594445,False,0.022784140309540363,0.026102981170164855,0.016109618102825834,0.02020211102086877
2014-05-07,-0.01517228308029027,False,0.02147543709216626,0.024603646326877126,0.01518429422597943,0.019041717548410685
2014-05-08,-0.0009316391759833921,False,0.024012297935883095,0.027510037787569684,0.016977991895370022,0.021291086790040686
2014-05-09,-7.765998612940965e-05,False,0.022667553436173098,0.02596941172585627,0.016027184884796417,0.020098736439807433
2014-05-12,0.006426849857109392,False,0.021299964279863495,0.024402613351606293,0.015060225467833541,0.018886130320315875
2014-05-13,-0.0007721412003201519,False,0.021308802082911037,0.024412738508992157,0.015066474272046895,0.018893966572898657
2014-05-14,0.008537509764836878,False,0.020229341129434527,0.023176038393924528,0.01430323706049684,0.01793683631788114
2014-05-15,-0.00938753539177984,False,0.020888021379949554,0.02393066498693027,0.014768959582545546,0.018520871149451515
2014-05-16,-0.00015459345020791813,False,0.021947698469352246,0.025144699430861044,0.015518208533380144,0.01946045956119511
2014-05-19,0.0003091630049750172,False,0.020642277127692787,0.023649124516138462,0.014595205119966008,0.018302976043496923
2014-05-20,0.0006182280107413695,False,0.019344952422873953,0.02216282563097509,0.013677926466215726,0.017152671605374602
2014-05-21,-0.005033892527293426,False,0.018149709899570658,0.020793478679292994,0.012832825429745572,0.016092880811226198
2014-05-22,0.005342863264509177,False,0.01838005787632365,0.02105738018350078,0.012995693893766376,0.016297124435807806
2014-05-23,-0.0025517499468733613,False,0.01841678647740495,0.021099458838626958,0.013021662998978696,0.016329690741431147
2014-05-27,-0.020493443975597544,False,0.018006896907157326,0.02062986290089739,0.012731848928695094,0.01596625220515373
2014-05-28,-0.004832247220515854,False,0.022686242156931713,0.02599082273015264,0.01604039882002335,0.020115307247679674
2014-05-29,-0.0023851179088375395,False,0.022361709863788513,0.025619017596321004,0.015810936956045005,0.01982755281293408
2014-05-30,-0.008553609957438202,False,0.021494802544084604,0.024625832638052736,0.015197986646696422,0.01905888839639128
2014-06-02,-0.0015265535202231989,False,0.022269157128864802,0.025512983211694734,0.015745497172329807,0.019745488684079025
2014-06-03,0.00048239362370347506,False,0.021230292574711904,0.024322792950969816,0.015010963808305626,0.01882435421187538
2014-06-04,-0.0002411677239009352,False,0.019851763113875903,0.02274346065798652,0.014036269004997054,0.01760204760583302
2014-06-05,0.007208681596943642,False,0.018755611418188777,0.02148763855175658,0.013261230536993483,0.016630118099117668
2014-06-06,-0.0007185537196589837,False,0.01925588652681742,0.022060785993925712,0.013614952065954684,0.017073699166833493
2014-06-09,0.0011175164219387021,False,0.0183082974579428,0.02097516681822519,0.012944955401143484,0.01623349631908545
2014-06-10,0.005013378348112051,False,0.01738099404868072,0.0199127882030065,0.01228930179360292,0.015411280243805295
2014-06-11,0.0007934618850447873,False,0.01745806218647927,0.020001082434100793,0.012343793130601523,0.015479614578778032
2014-06-12,0.010101038089280461,False,0.016538523900691184,0.018947600045339276,0.011693629884864734,0.014664283638700747
2014-06-13,7.849533927167437e-05,False,0.0180245286249597,0.02065006293440931,0.012744315505727808,0.0159818857956993
2014-06-16,0.0009417510338054537,False,0.01699171000438666,0.01946679928527681,0.012014056943373708,0.015066112097250811
2014-06-17,-0.002513213663108635,False,0.01610531677673343,0.01845129001363202,0.011387329044386642,0.014280170027463844
2014-06-18,0.0005503504316463269,False,0.015855750176193353,0.018165370414029137,0.011210871975069982,0.014058885743628027
2014-06-19,0.03194264624466289,False,0.015008207726222866,0.017194371099947876,0.010611613674802194,0.01330739165885743
2014-06-20,0.0019012136171542553,False,0.023948740927498414,0.027437222778069294,0.016933053656800336,0.02123473242590416
2014-06-23,0.0013666761382348776,False,0.022768518998298057,0.026085084388119475,0.01609857299184249,0.02018826000609616
2014-06-24,0.0021979048502651474,False,0.021397678384576162,0.024514560934474117,0.015129314618830452,0.018972770902970802
2014-06-25,0.0009836380573048382,False,0.020510770514272306,0.023498462055004055,0.014502222839686035,0.01818637251278628
2014-06-26,-0.004624179680054175,False,0.019407030849564577,0.02223394668188875,0.013721819267647935,0.01720771494916404
2014-06-27,0.002201074427346385,False,0.019513578019477576,0.02235601399415898,0.01379715387294426,0.01730218758347452
2014-06-30,0.002120607259667431,False,0.018770398962311325,0.021504580116394955,0.013271686129579225,0.01664322983403639
2014-07-01,0.0034740428103078387,False,0.018118389675923684,0.020757596210303805,0.012810680339564723,0.016065109974726842
2014-07-02,0.0032365590688427795,False,0.017780541163893316,0.02037053515695328,0.012571803189429803,0.0157655483912944
2014-07-03,-0.0077703433871958525,False,0.017472632310085792,0.020017774907768043,0.012354094995136379,0.015492533532519
2014-07-07,-0.0029580395325725975,False,0.01848187010159724,0.021174022837693714,0.013067680637399163,0.016387398716527425
2014-07-08,-0.00037986705110162953,False,0.018218748630432335,0.020872573903743474,0.012881639542254335,0.01615409567764902
2014-07-09,0.005909592684379478,False,0.017471283851800218,0.02001623002695363,0.012353141562278562,0.01549133788925039
2014-07-10,0.011192531747924712,False,0.017724993118699326,0.02030689573242204,0.01253252772051694,0.015716295368764018
2014-07-11,-0.0012706592156233906,False,0.019214180479142584,0.022013004854837377,0.013585463637096189,0.017036719487375673
2014-07-14,-0.023229547230474292,False,0.01855834215789969,0.021261634159366924,0.013121750512576962,0.016455204521373588
2014-07-15,-0.007221930704834938,False,0.0235878188533197,0.02702372716321658,0.016677862251686656,0.020914712108552638
2014-07-16,0.002079685842482741,False,0.02376098792756526,0.027222120827532018,0.016800302142567582,0.02106825667138282
2014-07-17,0.01307206326946756,False,0.022620952130608885,0.025916022263488082,0.0159942352441458,0.020057416261124564
2014-07-18,-0.005712342947713596,False,0.023862629912493247,0.027338568443401136,0.016872168517078866,0.02115838000436795
2014-07-21,0.0034313199761926566,False,0.023760584198099857,0.027221658289007848,0.016800016684024224,0.02106789869485302
2014-07-22,-0.0058019674159257234,False,0.02291382338573663,0.026251554469400674,0.016201311043772423,0.020317097668038762
2014-07-23,-0.0012257533143543188,False,0.022936539307664535,0.02627757929519139,0.016217372427793964,0.02033723929157576
2014-07-24,-0.010712617991875206,False,0.02199228312142768,0.025195778484878105,0.0155497322910653,0.01949999162511404
2014-07-25,0.009638814830580787,False,0.023150828406284407,0.02652308271249189,0.016368886397400244,0.02052724392208042
2014-07-28,0.0001535245861774135,False,0.023713021077778403,0.027167166909597522,0.01676638698837858,0.02102572569977053
2014-07-29,-0.0038437930261815355,False,0.022403342405070126,0.02566671452174264,0.015840373411912342,0.019864467316164203
2014-07-30,-0.00262226304667648,False,0.022029284305916365,0.025238169429142858,0.015575894127472855,0.019532799623431674
2014-07-31,-0.010558265305009366,False,0.021440710998575852,0.024563861873534192,0.015159741001747828,0.019010926814658897
2014-08-01,0.009553784766137139,False,0.022609530197463028,0.025902936559933653,0.015986159320346353,0.020047288726868253
2014-08-04,-0.004571367029065324,False,0.023218848736200802,0.026601011191112283,0.016416980445421996,0.020587555798586548
2014-08-05,-0.0028774381109639563,False,0.022909292507990727,0.02624636360352297,0.01619810746842723,0.02031308025531214
2014-08-06,0.017524632377683456,False,0.022277443876773384,0.025522477044759344,0.015751356350789385,0.019752836330247662
2014-08-07,0.003132837447698335,False,0.02478747238860994,0.02839812765482919,0.017526082111934724,0.021978414033543114
2014-08-08,-0.001450566625263597,False,0.023829569712959544,0.02730069254577296,0.016848793169944608,0.02112906637601603
2014-08-11,-0.0003056654798241421,False,0.022814561575248096,0.026137833734938127,0.0161311275811778,0.02022908477449184
2014-08-12,0.00022928118583408113,False,0.021669617575723717,0.02482611201735532,0.015321590318376776,0.019213892387295043
2014-08-13,0.003051573813725291,False,0.020549333614125132,0.023542642430284665,0.01452948903463788,0.01822056542127225
2014-08-14,0.0008375342593867656,False,0.020000612262223164,0.0229139918460725,0.014141513394393707,0.01773402831607355
2014-08-15,-0.0071800066523635036,False,0.01904591101449166,0.021820224499396114,0.013466488034898099,0.016887519282315636
2014-08-18,-0.005226396460265441,False,0.019709069199753834,0.022579981303364312,0.013935376698731657,0.01747552458341776
2014-08-19,-0.002005535738078625,False,0.019870823215445643,0.022765297140101576,0.014049745526521152,0.017618947707515577
2014-08-20,-0.0013134644900673704,False,0.019309064173663078,0.022121709737171123,0.013652551535175464,0.017120850418134145
2014-08-21,-0.015348416628314576,False,0.018644587788207836,0.021360442718011546,0.013182730832590176,0.016531676302835557
2014-08-22,0.0038396979781984645,False,0.02129351133346502,0.024395220439868436,0.015055662886111995,0.018880408658766105
2014-08-25,-0.0010171969619160782,False,0.020840103860609888,0.023875767585138877,0.014735079307647767,0.018478383917877577
2014-08-26,0.00507595463539659,False,0.019986634582760184,0.022897978114640553,0.014131630419874891,0.017721634667312226
2014-08-27,-0.0014810965484312367,False,0.019911365404798244,0.022811744888003877,0.01407841104466885,0.017654895423742874
2014-08-28,0.005290549041596959,False,0.019235099854249316,0.022036971440676654,0.013600254765457443,0.017055268159067997
2014-08-29,-0.0022527897224173666,False,0.019272386218337174,0.02207968910508999,0.013626618239248324,0.017088329018799097
2014-09-02,-0.01733724355686652,False,0.018804979031225008,0.021544197274446734,0.01329613610647546,0.016673891091464263
2014-09-03,0.004106515517586824,False,0.021931675346249548,0.025126342307223517,0.015506879319703779,0.019446252270183727
2014-09-04,-0.0029992515207097046,False,0.021462371695812332,0.024588677765835374,0.015175056284904443,0.019030132797610885
2014-09-05,0.000553220793622331,False,0.02098579256574486,0.024042677965569227,0.014838089092951664,0.01860756234443383
2014-09-08,-0.010403189044278704,False,0.01988172893283618,0.0227777914335805,0.01405745645789324,0.017628617526542878
2014-09-09,-0.004720874815900667,False,0.02113466386189151,0.024213234527603166,0.01494334914203901,0.018739562692558262
2014-09-10,-0.002650323812478543,False,0.020972021660594135,0.02402690112813047,0.01482835231904251,0.018595352037135277
2014-09-11,-0.004917560416441411,False,0.020391094966188496,0.023361354025659066,0.014417605761767614,0.018080259283319376
2014-09-12,-0.006079538728208173,False,0.020352346543096835,0.023316961332119003,0.014390208533273899,0.018045902053485535
2014-09-15,0.0030038189193483684,False,0.02058928853655354,0.023588417367308177,0.014557739323343316,0.018255992423027105
2014-09-16,0.0012961567218112305,False,0.020012704427929552,0.022927845411291642,0.014150063208822493,0.01774475012829751
2014-09-17,-0.0006478189129380086,False,0.019143904636393184,0.021932492315189924,0.013535774819648336,0.016974407705670488
2014-09-18,-0.007072972316842551,False,0.01828560721393546,0.020949171410717008,0.012928912172799022,0.016213377463499972
2014-09-19,-0.008521069455598274,False,0.018890767721687525,0.021642482333322464,0.013356793345331823,0.016749957716121283
2014-09-22,0.0012335020187995553,False,0.019726378640295916,0.02259981211525353,0.013947615408330444,0.017490872419008197
2014-09-23,0.003445693037314456,False,0.01888032101511737,0.021630513912254727,0.013349406959407619,0.016740694890178962
2014-09-24,-0.0019675563308279276,False,0.018572020581779522,0.021277305044294863,0.013131421897231332,0.016467332827908604
2014-09-25,0.0021313030971201394,False,0.018020854323083826,0.02064585341711454,0.012741717575798887,0.0159786278867586
2014-09-26,-0.005830900435841579,False,0.017519375161317623,0.02007132653398558,0.01238714471622095,0.01553397921610365
2014-09-29,0.0027965345155895093,False,0.01787554154985271,0.020479373728528358,0.012638973594660588,0.0158497827893495
2014-09-30,-0.005766078578631628,False,0.017495015577389982,0.020043418622958976,0.01236992117436742,0.01551238019975971
2014-10-01,0.0033812869848655067,False,0.01781934708268099,0.020414993721272312,0.012599241070486782,0.015799956601082642
2014-10-02,-0.00032940088088161584,False,0.017583714925360577,0.020145038318871437,0.012432636405329092,0.015591027629543588
2014-10-03,-0.01828508465259203,False,0.016773729165177963,0.01921706637176684,0.011859932713726332,0.01487283409534734
2014-10-06,0.012089021785870069,False,0.020295531463220787,0.02325187031090698,0.014350037202389782,0.017995525583900905
2014-10-07,0.004134971324894569,False,0.021822081636643544,0.025000784682518398,0.015429390646256423,0.019349078347509006
2014-10-08,-0.005295752834792832,False,0.0214033345567781,0.024521041010284593,0.01513331383814964,0.018977786085339954
2014-10-09,0.01588570100202032,False,0.02129346590957258,0.02439516839932651,0.015055630768966034,0.018880368382569346
2014-10-10,-0.0029440449967924726,False,0.023690781045397277,0.027141687293575967,0.016750662083976357,0.02100600603525095
2014-10-13,0.006774746282857514,False,0.022825810514537928,0.026150721245569542,0.016139081188975113,0.020239058919546814
2014-10-14,0.0034917626245959963,False,0.02287594640820111,0.02620816016011535,0.016174529974366393,0.020283513126558957
2014-10-15,0.008475653278412215,False,0.022182757205228262,0.0254139978846581,0.015684407758597786,0.019668880094692434
2014-10-16,-0.0028978331647147772,False,0.022640188245817115,0.025938060398183794,0.016007836216821378,0.020074472429571888
2014-10-17,-0.001775013479223972,False,0.021914995197332827,0.02510723245242218,0.015495085553281348,0.019431462411287053
2014-10-20,0.0045924836464930644,False,0.02103487318720392,0.02409890789219189,0.014872791743883977,0.01865108086873268
2014-10-21,0.005611237167786386,False,0.020771482617786843,0.023797150661921757,0.014686560381736937,0.018417539227357446
2014-10-22,-0.004968317817105904,False,0.020745038149829684,0.02376685417323433,0.014667862714239522,0.018394091597984545
2014-10-23,-0.013181000688571457,False,0.020636591293800827,0.023642610457982122,0.014591184928229509,0.018297934560870362
2014-10-24,0.0021953509044639477,False,0.022381563696303224,0.02564176342781811,0.015824974688228192,0.01984515669542439
2014-10-27,-0.001707089508128366,False,0.02148135310766958,0.024610424095938745,0.015188477168550629,0.01904696312714991
2014-10-28,8.133717526033627e-05,False,0.020597706491904275,0.02359806152008402,0.014563691272552925,0.018263456407458988
2014-10-29,-0.003994219570477067,False,0.01949168536264581,0.02233093235397942,0.013781674581822256,0.017282775927917257
2014-10-30,-0.021632343693815777,False,0.019254649837166942,0.022059369162470976,0.013614077659560138,0.017072602625938033
2014-10-31,-0.02279349106756589,False,0.023149210641982113,0.026521229297329117,0.01636774255063946,0.020525809492095513
2014-11-03,-0.0014526395819748322,False,0.02693278931140829,0.03085594113732398,0.019042937076233706,0.023880611354157977
2014-11-04,-0.0017117429361120766,False,0.025493620518027955,0.029207136512531286,0.018025366988800834,0.0226045374120806
2014-11-05,-0.019025132408248453,False,0.02416875358882711,0.027689283478092987,0.01708861449445492,0.021429811992206598
2014-11-06,-0.002710125789287498,False,0.026852241282158518,0.030763660118060754,0.01898598526797936,0.02380919148896628
2014-11-07,0.023617972636309083,False,0.025691774480221866,0.02943415447650403,0.018165472545259728,0.022780235432242026
2014-11-10,-0.008586692128022691,False,0.029421070281115357,0.033706676359979974,0.02080228615019131,0.026086906071369157
2014-11-11,0.0027558346829369487,False,0.02916511124225228,0.03341343317059448,0.02062130928163139,0.025859953776937335
2014-11-12,-0.003359631269643953,False,0.02770688115123298,0.03174279069339264,0.019590261826988857,0.024566978672653585
2014-11-13,0.0018965101993661689,False,0.026526796631786184,0.030390809728922184,0.018755878318150287,0.02352062809053879
2014-11-14,0.020374963962937753,False,0.02523148327987561,0.0289068151794229,0.017840021799568676,0.022372107067292032
2014-11-17,-0.001689189590844829,False,0.02807524968771271,0.032164817455902765,0.01985071828324148,0.02489360157654443
2014-11-18,0.011514142798772496,False,0.02660415591690387,0.030479437517170083,0.018810575512032635,0.023589220578348752
2014-11-19,-0.0025937977818038796,False,0.02725488946158094,0.03122495985124681,0.019270679283736332,0.02416620927030589
2014-11-20,-0.0024326015461423,False,0.02603369082966145,0.02982587590684721,0.018407225876206235,0.02308340386244767
2014-11-21,0.005694721835857317,False,0.02488802502086306,0.028513327237988998,0.017597178255253036,0.022067571465538362
2014-11-24,-0.0016715423866908656,False,0.02451171075975406,0.028082197340685847,0.01733110374242296,0.021733903292046785
2014-11-25,0.001337436964606127,False,0.02337331364905914,0.026777976161350987,0.016526195483717386,0.020724515862736357
2014-11-26,-0.00041776330991452246,False,0.022268845092460306,0.025512625722657167,0.01574527654573419,0.019745212009427245
2014-11-28,-0.018045877242183227,False,0.021069028230544812,0.024138038113524843,0.014896941204738412,0.018681365266920234
2014-12-01,0.035771864958954666,False,0.023899201903038087,0.02738046767539224,0.016898026890181092,0.0211908074474579
2014-12-02,-0.015555542198704184,False,0.030900119903835056,0.03540117103597289,0.021848054138512818,0.027398341318765604
2014-12-03,0.007725294072399523,False,0.03203108697349641,0.03669687988091383,0.022647708956802688,0.028401140721852063
2014-12-04,-0.000827814616809933,False,0.031281677205997935,0.03583830769938811,0.022117835764621164,0.027736658361866413
2014-12-05,-0.014514789852628834,False,0.02927530081589527,0.033539673455585485,0.020699219263144206,0.025957656036923227
2014-12-08,0.0038577502784623457,False,0.03036228147652107,0.03478498863233446,0.021467773313897955,0.026921453822802595
2014-12-09,0.030337871608031437,False,0.029053335910395165,0.03328537613868033,0.020542278083391236,0.025760845465941446
2014-12-10,-0.0021134584034431018,False,0.03386790204312851,0.03880125373589775,0.023946436444225085,0.030029797386416875
2014-12-11,-0.003097026785244945,False,0.03180982123214118,0.03644338357156309,0.02249126212387221,0.02820495008172941
2014-12-12,-0.002533592640363915,False,0.03020733158046497,0.034607468034053304,0.02135821536628072,0.026784063736528998
2014-12-15,-0.012185272725321912,False,0.028676364334356552,0.03285349317898389,0.02027573881339475,0.02542659446821321
2014-12-16,-0.011078308205875124,False,0.02930891962482091,0.03357818933217451,0.020722989577297214,0.025987464969851052
2014-12-17,0.0003350007583413977,False,0.02963093500753027,0.033947110931022206,0.02095067184962376,0.026272987724870165
2014-12-18,0.000334786393876181,False,0.027678319549295602,0.031710068679420104,0.01957006723139012,0.02454165383505016
2014-12-19,0.0010039934370030211,False,0.025934894821697214,0.029712688825810057,0.018337371761161084,0.02299580398401485
2014-12-22,-0.013638932932058225,False,0.024475195162714285,0.028040362716732645,0.01730528524257545,0.02170152585162688
2014-12-23,-0.001526914765997342,False,0.025898843583274152,0.02967138620104856,0.01831188158794238,0.022963838278433346
2014-12-24,-0.0037424764004305444,False,0.024537893668084447,0.02811219416978903,0.017349616473133593,0.021757119003228048
2014-12-26,0.018406504442956564,False,0.02391344947221454,0.027396790609893217,0.016908100691308017,0.021203440400484424
2014-12-29,-0.011443202409303596,False,0.0264943527527546,0.030353639927826206,0.018732938742907494,0.02349186093771937
2014-12-30,0.01553413054735682,False,0.02720225818158196,0.031164662061112514,0.0192334661253934,0.024119542468431225
2014-12-31,-0.013674074832770782,False,0.028693303025991344,0.03287289923700422,0.020287715383486525,0.025441613570286205
2015-01-02,0.0017722065183534792,False,0.02965350283633853,0.0339729660917801,0.020966628523809042,0.026292998038048125
2015-01-05,0.01498000666245465,False,0.027981556326354292,0.03205747629603973,0.019784472015015056,0.024810526083575812
2015-01-06,0.01271065639212335,False,0.02926502824151152,0.03352790453158549,0.020691955998083215,0.025948547609510514
2015-01-07,-0.00716087932157311,False,0.02991139030954482,0.034268418619971666,0.021148968899632505,0.02652166022559721
2015-01-08,-0.0018188935745322122,False,0.029354868673931892,0.03363083152746633,0.020755478037397506,0.026028206809518128
2015-01-09,0.006269592809968894,False,0.02777549080947453,0.03182139434456577,0.019638772561974716,0.02462781309142335
2015-01-12,0.013640062420648448,False,0.02719632750494463,0.03115786749530984,0.019229272816608398,0.02411428389004168
2015-01-13,0.0012972013624871278,False,0.028292201069536487,0.03241337095661202,0.020004114630901692,0.025085966785070624
2015-01-14,8.099451778340471e-05,False,0.026659540466955137,0.030542889631117124,0.018849735381046832,0.023638328633942492
2015-01-15,0.0242498594504341,False,0.024972024597787905,0.028609562572962464,0.01765657049418213,0.02214205172925194
2015-01-16,0.009600383272961813,False,0.0287657961172478,0.03295595199959812,0.020338971915414825,0.02550589132919711
2015-01-20,0.013457421344314642,False,0.02877535370816326,0.032966901792406134,0.020345729648537043,0.02551436579916363
2015-01-21,-0.0003864137138910775,False,0.02959210478027208,0.033902624517350974,0.020923216781164877,0.026238557961386532
2015-01-22,0.005396251348961029,False,0.027782564774956497,0.0318294987358338,0.0196437742377386,0.024634085394616843
2015-01-23,-0.00624686858857903,False,0.02703151612095365,0.03096904894018779,0.019112742264258298,0.023968149876133122
2015-01-26,-0.010264437842764765,False,0.026624678611587214,0.030502949640322522,0.018825086165904052,0.023607417523715465
2015-01-27,0.009567905338056997,False,0.027097305383308297,0.03104442136386108,0.01915925882698137,0.02402648352243327
2015-01-28,-0.004500261174159382,False,0.027306922390432416,0.031284572131700945,0.019307469375492298,0.024212345529612475
2015-01-29,-0.024642104059361822,False,0.026512872019210643,0.030374856794340363,0.018746032864787807,0.02350828149482125
2015-01-30,0.018870738528237115,False,0.030240527484393962,0.03464549940339236,0.021381686663753823,0.026813497690476813
2015-02-02,-0.0018006415575542159,False,0.03215006886866314,0.03683319321672257,0.022731835584634413,0.028506638907123738
2015-02-03,-0.013013315577139663,False,0.030274473171474154,0.034684389772685405,0.02140568809842156,0.02684359645785434
2015-02-04,0.003249535378765735,False,0.030920804061265145,0.035424868141265574,0.021862678955269145,0.027416681428995737
2015-02-05,-0.0014253298741546375,False,0.02941584861747911,0.03370069408521683,0.020798594151902217,0.026082276156566143
2015-02-06,-0.022517859410575658,False,0.027784548813415622,0.03183177177830263,0.01964517706011608,0.0246358445904731
2015-02-09,0.005576467523877212,False,0.030840326985609803,0.03533266841101805,0.0218057773150393,0.027345324476530722
2015-02-10,-0.007442254987160046,False,0.02981447758793405,0.034157389153290585,0.021080446369783037,0.026435730208720712
2015-02-11,-0.010283266746028365,False,0.02933890246241172,0.03361253960540967,0.02074418906328461,0.02601404998054275
2015-02-12,0.0009019520901303559,False,0.02949632768203846,0.03379289609408111,0.020855497198394645,0.02615363487254117
2015-02-13,0.005231782127142109,False,0.027707705621448572,0.0317437352596664,0.019590844771972954,0.024567709709181738
2015-02-17,-0.015115727381669742,False,0.026963151759363983,0.03089072631668559,0.01906440496725737,0.02390753295559358
2015-02-18,-0.006977372496271956,False,0.028412450531690343,0.03255113649894457,0.02008913749707311,0.025192588889377747
2015-02-19,0.0061492836610937025,False,0.027981475646387536,0.03205738386386434,0.01978441496991986,0.02481045454672503
2015-02-20,-0.002239230603391369,False,0.027363938399743604,0.031349893350637814,0.01934778277434219,0.02426290015815771
2015-02-23,-0.0034099716670723044,False,0.026103692648550746,0.02990607450708053,0.018456720943980973,0.02314547267424621
2015-02-24,-0.0028366649341615255,False,0.02515940497850873,0.028824237626888717,0.01778905854650116,0.022308197091904472
2015-02-25,0.00341964180291274,False,0.02424837941640885,0.02778050796362491,0.017144914256308395,0.021500414164905703
2015-02-26,0.007135163161701397,False,0.023494777888735028,0.02691713343119016,0.016612077263224747,0.020832215079018404
2015-02-27,0.0024770882622964334,False,0.02357651109594312,0.02701077226679005,0.016669867056324388,0.020904685811013422
2015-03-02,-0.0040491106533266635,False,0.022684339108252065,0.025988642474800632,0.016039053261795402,0.020113619863377168
2015-03-03,-0.0030683369818883667,False,0.022177913361266025,0.0254084484644904,0.01568098289922977,0.0196645851828738
2015-03-04,-0.0028279353859085,False,0.021603785620850854,0.024750690682378635,0.015275043569736878,0.019155520886637387
2015-03-05,-0.003922351093293688,False,0.020956084974833335,0.024008643032688754,0.01481708422123661,0.01858122138789109
2015-03-06,-0.02695082510784794,False,0.020566600416457456,0.02356242439308977,0.01454169759671886,0.018235875450659095
2015-03-09,0.0019738679038005798,False,0.025880453896899355,0.02965031778983597,0.018298879086180015,0.022947532616655664
2015-03-10,-0.0054159159489475485,False,0.024696252062229813,0.028293619763397372,0.01746158441304267,0.02189753131706337
2015-03-11,-0.008135776840567531,False,0.024301729802720107,0.027841629608347254,0.017182635861663534,0.021547718579846258
2015-03-12,0.0012159324570827387,False,0.024528339694331876,0.028101248521036192,0.01734286129754095,0.0217486477405068
2015-03-13,0.0004338959677507792,False,0.023357940498457352,0.026760363688146698,0.016515325835713673,0.020710884885619008
2015-03-16,0.0006072017488049268,False,0.022145128547555463,0.025370888066629092,0.015657802264750078,0.019635515732046114
2015-03-17,-0.004344810265399723,False,0.02108077559819359,0.02415149665584284,0.014905247228312893,0.018691781355577492
2015-03-18,0.0026959841412746766,False,0.02083093498748476,0.02386526313251151,0.014728596419003632,0.01847025411397479
2015-03-19,0.015255586684473977,False,0.02028845794631006,0.023243766433551114,0.014345035843790006,0.017989253678443996
2015-03-20,0.013339824035723362,False,0.022531011228145995,0.02581298016264422,0.0159306421670836,0.019977667976915154
2015-03-23,0.0026971957568776507,False,0.024068214502049372,0.027574099413503722,0.017017527928519488,0.021340666570635866
2015-03-24,0.0031095972006652695,False,0.023223507627875034,0.026606348718005733,0.01642027453353042,0.02059168671796987
2015-03-25,0.0046882443814050614,False,0.022550364411969545,0.0258351524186989,0.01594432591359479,0.019994827947091728
2015-03-26,0.006493468269733933,False,0.022238208822520086,0.0254775268351631,0.01572361504777434,0.019718047617082873
2015-03-27,-0.004407613858515569,False,0.022330503263211315,0.02558326530125151,0.01578887220351293,0.019799882723087393
2015-03-30,-0.012580891750166273,False,0.02202103806618139,0.025228722004855507,0.015570063590480455,0.019525487894818377
2015-03-31,-0.0014359335417667746,False,0.02346080883787261,0.026878216294840766,0.01658805930910076,0.02080209559557629
2015-04-01,0.0209107656929285,False,0.02241474896956417,0.02567978261797796,0.01584843846924467,0.019874581223432358
2015-04-02,-0.005977561320432106,False,0.025755276024688613,0.029506905942961504,0.01821037156784302,0.0228365406179495
2015-04-06,0.014631342783434479,False,0.02538924065443986,0.029087552206221362,0.017951564786164064,0.02251198647252784
2015-04-07,-0.006586554489201088,False,0.026929120637866438,0.030851738068211804,0.01904034312584101,0.02387735843571625
2015-04-08,-0.006214545543826507,False,0.026559980600329183,0.030428827424312976,0.01877934117666069,0.023550051461686924
2015-04-09,-0.007927608751493799,False,0.02617490542645917,0.029987660460097168,0.0185070722252038,0.02320861521225139
2015-04-10,0.009173611346904613,False,0.02617497579684449,0.029987741080950883,0.018507121980867954,0.02320867760786156
2015-04-13,-0.004409447390731536,False,0.02643696577841677,0.03028789370742016,0.018692363051742527,0.02344097738402921
2015-04-14,-0.005434568565282116,False,0.025668827414160385,0.029407864837080477,0.01814924772984828,0.022759888859148675
2015-04-15,0.00726725079027736,False,0.02518902597194824,0.02885817334811799,0.017810002189125106,0.022334461264696757
2015-04-16,-0.002917276501128989,False,0.025159515400144827,0.028824364133039432,0.01778913662056337,0.022308294999928268
2015-04-17,0.004081828620635487,False,0.024230723432340603,0.02776028012911315,0.017132430521714734,0.02148475905808651
2015-04-20,-0.007845161517145325,False,0.023651289323900117,0.027096443029424988,0.016722739303353558,0.020970989741844578
2015-04-21,0.007845161517145236,False,0.023872996953432098,0.027350445594381628,0.016879498575097834,0.021167572192844635
2015-04-22,-0.013390441663967216,False,0.024103873339683956,0.02761495247860427,0.017042740653181447,0.021372284344533938
2015-04-23,0.006299101033358327,False,0.02543543003216136,0.029140469737475368,0.017984223171575643,0.02255294140539067
2015-04-24,-0.016205683354533523,False,0.02520143105919088,0.02887238541643875,0.017818773255985486,0.022345460536396047
2015-04-27,0.023629518711741584,False,0.027025044252452828,0.03096163435006863,0.019108166303588137,0.02396241143684203
2015-04-28,0.008852869596814293,False,0.030317991207170904,0.03473424684216101,0.02143645770070347,0.026882182780472257
2015-04-29,-0.0034655955861370943,False,0.02998301222042932,0.034350473302122944,0.021199609459972665,0.02658516553128608
2015-04-30,-0.022908805191481592,False,0.028718816811736835,0.03290212947610239,0.02030575500838056,0.02546423598768666
2015-05-01,-0.006703766742857445,False,0.03159215284374714,0.0361940086218657,0.02233735881383082,0.02801194912192454
2015-05-04,0.010418125460371878,False,0.030752278448112135,0.035231794325573634,0.021743522242241763,0.0272672541036491
2015-05-05,0.005378082159257571,False,0.030808013871657977,0.0352956484228344,0.021782930197772422,0.027316673269743186
2015-05-06,-0.002433315523067671,False,0.029858531826449194,0.03420786053131072,0.02111159509642569,0.026474791968582243
2015-05-07,-0.006659125353704526,False,0.028432903448857055,0.03257456868047191,0.020103598814470564,0.025210723964815707
2015-05-08,0.005650406070161,False,0.02794157855244081,0.03201167517888054,0.01975620556907513,0.02477507881999707
2015-05-11,-0.004974106783250917,False,0.027337354008177633,0.031319436556436264,0.019328986173294028,0.02423932846212084
2015-05-12,0.007913186088978619,False,0.02664604923605745,0.03052743320654721,0.018840196351943866,0.023626366306608637
2015-05-13,0.02140276540104405,False,0.026600489099838465,0.030475236574957106,0.01880798287426908,0.023585969305996924
2015-05-14,0.005728798596137671,False,0.029411279299457953,0.03369545917967963,0.020795363397205696,0.026078224659836443
2015-05-15,8.158275327200206e-05,False,0.02866824429330645,0.032844190336052265,0.020269997505690387,0.025419394636726943
2015-05-18,0.0018750657940217385,False,0.02694094573790733,0.030865285665773495,0.019048704110416176,0.023887843447685693
2015-05-19,-0.01716888090960008,False,0.02570736523920687,0.029452016255912213,0.018176496054146583,0.022794059357114132
2015-05-20,0.0016557665506276972,False,0.02765781241857645,0.03168657438734923,0.019555567582082222,0.024523470689850065
2015-05-21,-0.003729337524911823,False,0.02633813130116238,0.03017466255348217,0.018622481736830947,0.023353343395866547
2015-05-22,-8.301206705275282e-05,False,0.02548154118980719,0.02919329765476394,0.018016826251167923,0.02259382698252486
2015-05-26,-0.01430097352694823,False,0.02403313092719615,0.027533905406561438,0.016992721945722294,0.021309558867445635
2015-05-27,-0.0010955517266055808,False,0.025555796788663588,0.02927836965978124,0.018069328971188143,0.022659667511578743
2015-05-28,0.0018533713577155101,False,0.024281918219907116,0.027818932180834394,0.017168628002301987,0.021530152159079458
2015-05-29,0.0010936268834478497,False,0.02331271741422523,0.026708553205059323,0.016483350672002694,0.020670786740332354
2015-06-01,-0.0009252434121427846,False,0.0222779603546414,0.02552306875512807,0.01575172152854458,0.019753294277885258
2015-06-02,0.004868987707043961,False,0.021248740611253113,0.02434392821189779,0.015024007566787987,0.018840711611244385
2015-06-03,-0.007903206348653132,False,0.021126090939633364,0.024203412834739733,0.014937287622853837,0.018731961302956575
2015-06-04,-0.008306478391888725,False,0.02160908699729514,0.02475676428127774,0.01527879192928771,0.019160221480736435
2015-06-05,-0.00606137969172326,False,0.022134542327025407,0.025358759809367463,0.01565031723491904,0.019626129202664974
2015-06-08,0.004613337822188803,False,0.02213815254267725,0.02536289590534914,0.015652869852425335,0.019629330287999642
2015-06-09,0.0034887060751304954,False,0.02188582920987178,0.025073818015398795,0.01547446362446569,0.01940560168058945
2015-06-10,0.007446870892935644,False,0.021427561743931747,0.024548797239024672,0.015150443768331271,0.018999267708870702
2015-06-11,-0.005240883654242222,False,0.021824406079050753,0.025003447713713003,0.015431034152615384,0.019351139370788098
2015-06-12,-0.0009326965120805852,False,0.021683319324981607,0.024841809625341302,0.015331278195333573,0.019226041375842662
2015-06-15,0.0054989349947638985,False,0.020690309883588703,0.023704153940363754,0.014629166873334662,0.018345565452360477
2015-06-16,-0.004057870754626063,False,0.020749641273872067,0.02377212780913061,0.014671117371619405,0.018398173069643496
2015-06-17,-0.0034791290925295453,False,0.02046487793484729,0.023445884555027902,0.014469774306704474,0.0181456807433369
2015-06-18,0.021111827743485453,False,0.0200905654333677,0.023017048002709633,0.014205115146076646,0.017813787478607335
2015-06-19,0.0,False,0.02384199930517367,0.02731493268857011,0.016857581563143695,0.02114008737564307
2015-06-22,-0.014925691467098958,False,0.02249258787422014,0.025768959889313946,0.015903474780051836,0.019943598977547234
2015-06-23,-0.006356223197024235,False,0.024385567140611214,0.02793767907181601,0.017241913388830875,0.021622054990382715
2015-06-24,-0.0030653768027383383,False,0.024221088737468716,0.027749242001037896,0.01712561827192981,0.02147621622202556
2015-06-25,-0.0009385057618116827,False,0.023420360678986396,0.0268318762743076,0.016559460275572754,0.020766231253744313
2015-06-26,0.0011943563947357445,False,0.02229122956973523,0.025538270824068638,0.015761103580479906,0.01976505974951787
2015-06-29,0.004763108033599618,False,0.021336170195498827,0.02444409318456194,0.015085825006197696,0.01891823317420196
2015-06-30,-0.005957464428335503,False,0.021181524434361353,0.02426692102286633,0.014976482098398696,0.018781112756535913
2015-07-01,-0.0021362964757819457,False,0.02124203862410127,0.024336249983004776,0.015019268899799484,0.018834769131665936
2015-07-02,-0.005145808953403949,False,0.020519598810537023,0.023508576320806135,0.01450846492209033,0.018194200335949318
2015-07-06,0.008476461823921842,False,0.020445543570759426,0.023423733860076675,0.014456103866763142,0.01812853746013576
2015-07-07,-0.01763258994680646,False,0.021162893221775232,0.024245575903642798,0.01496330882455657,0.01876459293968065
2015-07-08,0.009414090400743112,False,0.023686069113331387,0.02713628900018767,0.016747330493445546,0.02100182808631697
2015-07-09,-0.003703271456771109,False,0.024184602570110306,0.027707441093626464,0.01709982058045695,0.021443864876146954
2015-07-10,-0.001122328304907492,False,0.02345905427155177,0.02687620615045908,0.01658681873592219,0.020800539866761177
2015-07-13,-0.002161789164397025,False,0.02231675049596241,0.025567509243763335,0.015779148254080257,0.019787688498199736
2015-07-14,-0.0016460063008068057,False,0.02149702239231509,0.024628375839410074,0.015199556199321779,0.019060856678704875
2015-07-15,-0.005303292287155819,False,0.020672222816351882,0.023683432229160604,0.014616378339651724,0.018329528115186636
2015-07-16,-0.0029680531118790564,False,0.020575950909323206,0.023573136921010086,0.014548308900331545,0.018244166292113166
2015-07-17,-0.010546766320174742,False,0.020055738136102858,0.02297714760390761,0.01418049036537973,0.0177829070101612
2015-07-20,-0.022426758700162933,False,0.020973261012533016,0.024028321009674572,0.014829228607818786,0.018596450938613365
2015-07-21,-0.002986226185725619,False,0.02418888916961448,0.02771235209858963,0.017102851437888214,0.02144766569364144
2015-07-22,-0.010935045842920037,False,0.023370715455791915,0.02677499950350876,0.016524358420711118,0.020722212111612768
2015-07-23,0.0023794058603042695,False,0.024045862224812815,0.02754849120253375,0.01700172366094049,0.021320847381490815
2015-07-24,-0.007707896950271182,False,0.02327227315986691,0.02666221765780523,0.016454754399186852,0.02063492586054481
2015-07-27,0.009990481826287456,False,0.023354539128328914,0.026756466859071334,0.016512920883275217,0.020707868978236756
2015-07-28,-0.0001823706384319658,False,0.023987181653524862,0.027481262953998848,0.01696023332684574,0.021268816828666718
2015-07-29,-0.003289265328567696,False,0.022834414663736667,0.02616057871403088,0.016145164787294306,0.020246687997273315
2015-07-30,-0.003942902550703331,False,0.02223783124228328,0.025477094254882354,0.015723348078148295,0.0197177128264013
2015-07-31,0.0059543068371229295,False,0.02178941747665446,0.02496336251334499,0.015406295320476087,0.019320115877231966
2015-08-03,-0.005035948817230393,False,0.0218456812110217,0.025027821877569335,0.015446076820299257,0.019370003482938984
2015-08-04,0.0011925388068687703,False,0.021601788036666937,0.024748402121053514,0.015273631169800172,0.019153749680135463
2015-08-05,-0.004594751903060489,False,0.020876679602675894,0.023917671115114683,0.014760940333278131,0.01851081468734482
2015-08-06,0.004136225578011975,False,0.020636765409090672,0.023642809935692077,0.014591308037145938,0.01829808894441822
2015-08-07,0.0035709643265033203,False,0.0204775665073448,0.023460421402347095,0.01447874581295522,0.018156931374118158
2015-08-10,0.00918896146112403,False,0.020233085045393027,0.023180327665603854,0.014305884211343047,0.017940155951837865
2015-08-11,0.003074443624916577,False,0.02098658142561021,0.024043581734328173,0.014838646859494303,0.018608261806180606
2015-08-12,0.01398622054471554,False,0.02062108876343434,0.02362484975897182,0.01458022380174246,0.018284188866044347
2015-08-13,-0.006699743964643952,False,0.022211636013122243,0.025447083310240638,0.015704826635944764,0.019694486190656488
2015-08-14,-0.0025127239178519196,False,0.022243303762879377,0.02548336392756399,0.01572721744586045,0.01972256516961655
2015-08-17,0.0051086386452189395,False,0.021581048154682057,0.024724641174115523,0.015258966952773111,0.019135360160376282
2015-08-18,-0.0013418618399914416,False,0.021526563030769417,0.02466221950078382,0.015220443026630054,0.019087049602799177
2015-08-19,0.009798760247176764,False,0.02068902406221592,0.023702680820437964,0.014628257728158124,0.01834442534763091
2015-08-20,0.02183246129993839,False,0.021520681731153145,0.024655481504482272,0.015216284630066513,0.019081834805743825
2015-08-21,0.005707855724575729,False,0.024610518311673452,0.02819539764722285,0.017400966019668066,0.021821513406207638
2015-08-24,-0.0053609736452838765,False,0.024365097558733277,0.027914227798120285,0.017227440288582276,0.021603905138774065
2015-08-25,-0.01326609907875266,False,0.02396365293232818,0.027454306932924052,0.01694359724983002,0.02124795451692984
2015-08-26,-0.012020629120604693,False,0.025000869770000843,0.028642609463338624,0.017676965589285457,0.022167628001322996
2015-08-27,-0.0019581236090830427,False,0.025730113623342255,0.029478078272502282,0.01819258039070257,0.022814229764055317
2015-08-28,0.009487946300354527,False,0.02465043160171346,0.028241124887496086,0.01742918687202573,0.021856903493594818
2015-08-31,-0.0013246789876694932,False,0.025071631685658104,0.028723678879470724,0.01772699808653906,0.022230370771369874
2015-09-01,0.006254679083375538,False,0.023968673070474292,0.027460058327083293,0.016947146758710258,0.02125240574426561
2015-09-02,-0.005459639578781788,False,0.02387731839679899,0.02735539651872204,0.01688255406902246,0.02117140390549573
2015-09-03,-0.007800809896323428,False,0.023564524458314817,0.026997039601345824,0.016661391855947918,0.020894057567821266
2015-09-04,-0.0027625341162804407,False,0.023670556013571344,0.02711851619219817,0.016736361893826244,0.020988073019881613
2015-09-08,-0.00017844816814424258,False,0.022935954013477367,0.026276908744407423,0.016216958593183353,0.02033672032627848
2015-09-09,-0.016377648027910367,False,0.021882860802945665,0.025070417216902775,0.015472364800401942,0.0194029696705394
2015-09-10,0.0066013252241179255,False,0.02367218007442415,0.02712037682109546,0.016737510192588408,0.020989513032855865
2015-09-11,-0.005422516675857549,False,0.023682668061584127,0.027132392535870326,0.016744925766119783,0.020998812461235118
2015-09-14,0.0037988027454549534,False,0.023388225261410534,0.0267950598665572,0.01653673879924366,0.02073773760576156
2015-09-15,-0.004433305016104712,False,0.022965616881716503,0.0263108924401089,0.0162379318435529,0.020363021628378237
2015-09-16,0.014761656297426292,False,0.022554481193090694,0.02583986886876579,0.015947236700254882,0.019998478190995084
2015-09-17,-0.0016989964683834105,False,0.024061758612957916,0.027566703130426924,0.017012963266155028,0.021334942299875936
2015-09-18,0.0184450795810628,False,0.023111876088669457,0.02647845642423068,0.016341345004463242,0.020492705904218596
2015-09-21,-0.004402965995982146,False,0.025233202505143503,0.028908784834814117,0.017841237384713524,0.022373631460104747
2015-09-22,-0.007174182201744282,False,0.02463022325658201,0.028217972903472117,0.017414898480270107,0.02183898527388816
2015-09-23,0.005849503214074751,False,0.0245336602565154,0.02810734410035604,0.017346623222445928,0.02175336534610722
2015-09-24,0.019428346289593987,False,0.024324698099987604,0.02786794357161025,0.01719887568868464,0.021568083978103746
2015-09-25,-0.006783266867504336,False,0.0265110983375343,0.03037282475017409,0.018744778776020196,0.023506708816912213
2015-09-28,-0.012291638511556624,False,0.026194543760051058,0.030010159402124304,0.018520957588006308,0.023226028017391202
2015-09-29,-0.004338039176050699,False,0.02682787996644705,0.030735750222990865,0.018968760501661106,0.02378759093709418
2015-09-30,-0.010345205714490345,False,0.02604853026584377,0.02984287692237734,0.018417718159281685,0.023096561608720718
2015-10-01,-0.0011661201093563032,False,0.026345307416142435,0.03018288397380589,0.01862755563780856,0.023359706272391884
2015-10-02,0.020344525396983844,False,0.02513776993850062,0.028799451129163767,0.017773761404391127,0.022289013858556767
2015-10-05,0.0008790436760322062,False,0.02740784619110276,0.031400196949347293,0.01937882795493381,0.024301832067093836
2015-10-06,0.007615313750683251,False,0.02612757880825269,0.029933440032768863,0.018473609749330377,0.02316665191750951
2015-10-07,0.001916501261825459,False,0.026055672673316186,0.0298510597252055,0.018422768227230366,0.023102894597666263
2015-10-08,-0.003749447580152806,False,0.02507090404677802,0.028722845249422476,0.017726483606540448,0.022229725592695634
2015-10-09,0.010082743094216015,False,0.024374943156381106,0.027925507550023085,0.01723440165802373,0.02161263497690032
2015-10-12,0.007409973000988005,False,0.024876799196814417,0.028500466209669284,0.017589240991180033,0.022057617816173044
2015-10-13,0.0007723211314338696,False,0.02487494320544916,0.028498339866212783,0.017587928705015615,0.022055972156380516
2015-10-14,0.012191571448331816,False,0.02381886490619498,0.027288428428469895,0.016841224293239195,0.021119574699271736
2015-10-15,0.006587902904208858,False,0.024724950518435023,0.028326498566448966,0.01748187577200226,0.021922977499825087
2015-10-16,-0.0036264419486807366,False,0.024601908109956192,0.028185533244605782,0.01739487814189129,0.021813878961868684
2015-10-19,-0.008740287853461832,False,0.023961111006063907,0.02745139473819075,0.01694179997063464,0.021245700656310124
2015-10-20,0.003997752165893153,False,0.024196688885801527,0.027721287956690797,0.017108366258608974,0.021454581501312974
2015-10-21,-0.008867746141184144,False,0.02370714061692057,0.02716042987423176,0.016762229184862573,0.021020511646420707
2015-10-22,-0.0008568246783460413,False,0.023972523469367627,0.027464469592483033,0.016949869198744093,0.021255819793901058
2015-10-23,-0.002832678595479044,False,0.022911349018624724,0.026248719674791237,0.016199561532547625,0.020314903710381294
2015-10-26,0.0031755174900332073,False,0.022251053391947835,0.025492242402630483,0.015732696852282436,0.019729436566328678
2015-10-27,-0.00017135244509453186,False,0.021786260057506026,0.024959745170252026,0.01540406285455985,0.019317316274907303
2015-10-28,0.008788764836116568,False,0.020820002048365274,0.02385273765206356,0.014720866240398535,0.018460560158140796
2015-10-29,-0.025729617395093392,False,0.021421702039346655,0.024542083983384155,0.01514630064062144,0.018994072059573902
2015-10-30,-0.004980961312634337,False,0.02502065764489276,0.028665279729527468,0.017690956685865993,0.022185173400886136
2015-11-02,-0.0050058955364459265,False,0.02451395202604501,0.028084765079955144,0.017332688438774165,0.021735890565203548
2015-11-03,-0.01920067667017338,False,0.024060833810222504,0.027565643616745007,0.017012309380658997,0.02133412230108382
2015-11-04,-0.006934734272126623,False,0.02606963537211141,0.02986705629381791,0.018432640609607753,0.023115274963454915
2015-11-05,-0.001899657328927695,False,0.02577667361557117,0.029531420403648017,0.018225500820593193,0.022855513311266683
2015-11-06,-0.015328811851509786,False,0.024722394580489877,0.02832357031903002,0.017480068585791528,0.021920711215408437
2015-11-09,0.0002758435578281864,False,0.025959810048443735,0.029741233317100015,0.01835498817250594,0.023017895674550683
2015-11-10,0.0002756553127857822,False,0.02473926177137135,0.028342894461174127,0.01749199460098791,0.021935666919603036
2015-11-11,-0.0032215041504368553,False,0.023660646236052598,0.02710716291169436,0.01672935514574876,0.020979286275115035
2015-11-12,-0.003601853207094119,False,0.022992991247827426,0.02634225428011826,0.016257286999282403,0.020387293774519616
2015-11-13,0.0,False,0.022463015684439182,0.025735080080704725,0.015882565644251084,0.019917378077703364
2015-11-16,0.002679514048333107,False,0.021480695939318253,0.024609671201474996,0.015188012515022983,0.019046380432880452
2015-11-17,-0.013938156030505203,False,0.02101449577562152,0.024075562214733545,0.014858383813013786,0.018633012742153714
2015-11-18,9.365862579947371e-05,False,0.02241138507439563,0.025675928722634543,0.015846060013627435,0.019871598544132892
2015-11-19,0.008570903001564972,False,0.021467390809263194,0.024594427986037618,0.01517860506926978,0.019034583116375743
2015-11-20,-0.0014853099349744917,False,0.02198179844773746,0.025183766566227988,0.015542319060336054,0.01949069513470318
2015-11-23,-0.008958603455463966,False,0.02118775315841333,0.02427405705101723,0.014980886142807745,0.01878663560589985
2015-11-24,0.007005773045099333,False,0.021675363865927756,0.02483269533816341,0.015325653255992038,0.019218987474978095
2015-11-25,-0.00354350309386584,False,0.02191114019019903,0.025102815907524834,0.015492359854972548,0.019428044275643347
2015-11-27,-0.013448313986904855,False,0.021435925648649698,0.024558379467908262,0.01515635750082344,0.019006683767997117
2015-11-30,0.009048221633438932,False,0.022700139140971923,0.026006744011701798,0.01605022473851873,0.020127629345885766
2015-12-01,-0.00187828746833272,False,0.02321529032202796,0.02659693444224718,0.016414464454359907,0.02058440064429056
2015-12-02,-0.009065310104538793,False,0.022348374296204437,0.025603739509686557,0.015801507989314408,0.019815728508255488
2015-12-03,0.007089211925615804,False,0.02278522342950028,0.02610422206227378,0.016110383927152614,0.02020307139547066
2015-12-04,0.021247700237913326,False,0.022920070399190088,0.026258711451069942,0.0162057280197764,0.02032263673414444
2015-12-07,-0.00749688873296108,False,0.02572240970853726,0.029469252170645492,0.018187133306734552,0.02280739890100447
2015-12-08,-9.28838970668577e-05,False,0.025505168037263378,0.029220366095612734,0.01803353170875034,0.022614776300291448
2015-12-09,0.001207044803292825,False,0.024192872763139174,0.027716915960352768,0.0171056680537222,0.021451197843529675
2015-12-10,-0.00418469025807936,False,0.023237158285455892,0.026621987792070086,0.016429926285911348,0.020603790404841955
2015-12-11,0.0035349328234069743,False,0.022747421854423085,0.02606091413890968,0.016083656171358204,0.02016955371141069
2015-12-14,-0.011393542545885472,False,0.02230706595823543,0.02555641401249743,0.015772300762704042,0.019779101467761535
2015-12-15,-0.0016919789508065548,False,0.02313494971950348,0.02650489106442361,0.016357659308006485,0.020513164699039493
2015-12-16,0.014106427960112739,False,0.022246045633041212,0.025486505190926708,0.0157291560961933,0.019724996315346067
2015-12-17,-0.025555647189986472,False,0.02368841673995235,0.02713897859271339,0.016748990392296145,0.02100390966644191
2015-12-18,0.01454905431330043,False,0.027090893582538876,0.03103707559121058,0.019154725337442443,0.024020798343654184
2015-12-21,0.01461789766718511,False,0.028112069960540748,0.03220700113609666,0.01987675220533127,0.024926249165147067
2015-12-22,-0.006584134088142776,False,0.029035482182893608,0.03326492175653297,0.020529654533507215,0.025745015025107485
2015-12-23,-0.005036876826985434,False,0.02833116674695823,0.03245801255072987,0.020031665469943855,0.025120516648729416
2015-12-24,0.007267270264383618,False,0.027511644531225087,0.031519115024854966,0.01945221898906371,0.02439386738475096
2015-12-28,-0.006239207578959481,False,0.027219504321463365,0.031184420351680706,0.019245660078005298,0.024134834176954445
2015-12-29,0.0065177139481654685,False,0.026680554352186192,0.03056696449385261,0.018864593333171854,0.023656961105330488
2015-12-30,-0.01628032272881288,False,0.026341545381727505,0.03017857394445388,0.018624895676234814,0.02335637057326599
2015-12-31,0.00018871273389700527,False,0.027631744223126357,0.03165670898072298,0.019537135959575274,0.024500356691628415
2016-01-04,0.01386172479955186,False,0.026184644695791945,0.029998818395421952,0.018513958414782164,0.023217250771796313
2016-01-05,0.0030648260146564294,False,0.0271708155904862,0.031128639400078855,0.01921123451481541,0.024091663131863308
2016-01-06,0.012440836582072724,False,0.026216461986567876,0.03003527033658482,0.01853645495827704,0.023245462344930346
2016-01-07,0.01436642906297819,False,0.026948117895031203,0.030873502551721808,0.019053775212975646,0.02389420281488178
2016-01-08,-0.008977527848297442,False,0.027963568196980614,0.03203686793443606,0.01977175343574644,0.024794576472059744
2016-01-11,-0.0011849327360058722,False,0.027802668501035643,0.03185253086152144,0.019657988658172237,0.024651910851301466
2016-01-12,-0.009990481826287485,False,0.026380020572942465,0.030222653605927085,0.01865209971503046,0.023390485535424485
2016-01-13,0.0017486769311837599,False,0.02655979194482622,0.03042861128839674,0.018779207787028056,0.023549884185706183
2016-01-14,-0.012584579364650109,False,0.0254610243261099,0.02916979221196534,0.01800231972011866,0.022575635207343455
2016-01-15,0.01625599239180944,False,0.026180342181956463,0.02999388915797405,0.018510916305058907,0.023213435843473698
2016-01-19,-0.0014669256944553847,False,0.02761943664535173,0.03164260862554009,0.019528433837176694,0.024489443879065684
2016-01-20,0.0156579905176128,False,0.026251308058095252,0.030075192244393312,0.018561093013391837,0.023276359460032047
2016-01-21,-0.007252320951077914,False,0.027579927938666374,0.03159734490206163,0.019500499047108218,0.02445441252532993
2016-01-22,-0.0017302053011144954,False,0.027161342622527146,0.03111778655678956,0.01920453661469509,0.024083263694895055
2016-01-25,0.008169238859200036,False,0.025893545351591097,0.029665316204990817,0.018308135451907633,0.022959140472713174
2016-01-26,0.013914673700546146,False,0.025929267002041404,0.029706241232505728,0.01833339258862374,0.022990813941118897
2016-01-27,-0.005004904333480651,False,0.02694422374156006,0.030869041158254687,0.01905102183609148,0.02389074996918791
2016-01-28,-0.0004480889181392674,False,0.026235420606801837,0.030056990555134038,0.018549859727014253,0.023262272465723384
2016-01-29,0.0007168896616390326,False,0.024873642458705932,0.028496849646819627,0.017587009006795832,0.02205481881770898
2016-02-01,0.01024827376073344,False,0.023763182493166713,0.0272246350634783,0.01680185381900833,0.021070202536239722
2016-02-02,-0.0005320819267533649,False,0.024355220332760833,0.027902911810768143,0.017220456556206614,0.0215951472566261
2016-02-03,0.012342569977745608,False,0.02318524043960232,0.0265625073581235,0.016393217564052213,0.02055775618666875
2016-02-04,0.01418086888457877,False,0.024196427586567912,0.027720988595429756,0.01710818150593422,0.02145434981400525
2016-02-05,0.00017281959106493736,False,0.025407298760381967,0.0291082407374967,0.017964332842647018,0.022527998130466777
2016-02-08,0.03404834929990521,False,0.02417400259353928,0.02769529707655676,0.017092325824361782,0.0214344661496382
2016-02-09,0.0006675513608169836,False,0.029088656754595585,0.03332584197669537,0.02056725182843528,0.025792163549757358
2016-02-10,-0.003342528526259136,False,0.027602083578886234,0.03162272783297826,0.019516164281693175,0.024474057361491365
2016-02-11,0.043567091125364873,False,0.026585025444887653,0.030457520414131238,0.018797049234801144,0.023572258081001798
2016-02-12,-0.007076868158539852,False,0.0334010121513254,0.0382663545521364,0.023616320067182388,0.029615818131523565
2016-02-16,-0.025501955096164056,False,0.032370617360189334,0.03708586779839226,0.02288777528318664,0.028702193580276435
2016-02-17,0.0026456825451971347,False,0.034869786654640814,0.039949077388389605,0.02465482299097589,0.030918142694903072
2016-02-18,0.012309362957954846,False,0.033038926666260605,0.0378515260587094,0.02336030606771945,0.02929476624767167
2016-02-19,0.003500959267383596,False,0.033073337435473756,0.03789094925610103,0.023384636340581057,0.029325277391410824
2016-02-22,-0.017132288543675846,False,0.03147215626352582,0.036056532797391,0.022252514748847554,0.02790555124152084
2016-02-23,0.010527318680876351,False,0.03255760557533244,0.037300093562130175,0.02301998605325564,0.028867991219800857
2016-02-24,0.013328033410348807,False,0.0322719930969632,0.03697287747920803,0.022818042600949762,0.02861474598348423
2016-02-25,-0.0004037304909403373,False,0.032518904470527424,0.037255755079472264,0.02299262228134693,0.02883367594587438
2016-02-26,-0.0149717217583961,False,0.03038587514487018,0.03481201906105746,0.021484455312059184,0.026942373721508563
2016-02-29,0.011492953798612126,False,0.031080700671671714,0.03560805601466838,0.021975734497176408,0.027558457639614554
2016-03-01,-0.0029218229364777115,False,0.03112942815372387,0.03566388136200196,0.022010187459469824,0.027601663044286892
2016-03-02,0.008739981710060525,False,0.029575096354759585,0.033883138567701115,0.020911190905454218,0.02622347702807829
2016-03-03,0.013048052901100447,False,0.0292772877512846,0.03354194981696447,0.020700624133807844,0.025959417801412966
2016-03-04,0.009892060054906658,False,0.02978832548973017,0.03412742762225619,0.021061955423496346,0.026412541816085936
2016-03-07,-0.005290031133051419,False,0.029631151432832327,0.033947358881811995,0.020950824874004608,0.026273179623617297
2016-03-08,-0.0008711643665365201,False,0.028666164099487433,0.0328418071317992,0.02026852669627871,0.02541755018238696
2016-03-09,-0.004367339380404757,False,0.026994486686161726,0.030926625630552942,0.019086560453360144,0.023935316828998437
2016-03-10,0.012180823359887589,False,0.02610545194512759,0.029908090070748686,0.018457964861706085,0.02314703259725762
2016-03-11,-0.010511061395113142,False,0.02684775512978553,0.030758520492455938,0.018982813315889087,0.023805213733077122
2016-03-14,-0.011425897862328808,False,0.02710248722597043,0.031050358017147044,0.019162922669690458,0.024031078129003052
2016-03-15,-0.011314166048867756,False,0.027493523779991095,0.03149835472309138,0.01943940663897501,0.024377800180843456
2016-03-16,-0.0008943982001956458,False,0.02781000242158229,0.03186093307408385,0.019663174136210815,0.024658413649962668
2016-03-17,0.02823184571645773,False,0.026234344388834697,0.03005575757039336,0.018549098782769242,0.023261318210940914
2016-03-18,-0.00849780832604257,False,0.03022504327481128,0.03462775969385404,0.021370738491050697,0.026799768240218434
2016-03-21,-0.008007729856973357,False,0.029735706960382236,0.0340671444400904,0.021024751280552555,0.02636588631988551
2016-03-22,0.0035312254541069133,False,0.02922153399570087,0.03347807471733832,0.020661203216536018,0.025909982380772533
2016-03-23,-0.019823458291528016,False,0.028033542279207038,0.032117034757758824,0.019821228892202062,0.02485662069047292
2016-03-24,-0.0018812543119597132,False,0.029918849771279146,0.0342769646606186,0.021154243142073082,0.026528274338399598
2016-03-28,-0.0012288536097643887,False,0.028284961712231688,0.03240507708180069,0.019998996014183843,0.025079547833203035
2016-03-29,0.01278775411769549,False,0.026668296643217064,0.030552921271590826,0.018855926470712905,0.02364609251015457
2016-03-30,-0.007065979589434121,False,0.027637238219318086,0.03166300325723258,0.019541020511693753,0.02450522807670179
2016-03-31,0.005932264628274546,False,0.027187632826851875,0.031147906311106595,0.019223125209470344,0.02410657454267398
2016-04-01,-0.009770473814590914,False,0.026651434484245486,0.030533602894327362,0.018844004013348667,0.02363114126762501
2016-04-04,-0.0034423042399615686,False,0.026796721311714428,0.030700052857774378,0.0189467296494314,0.02375996335959432
2016-04-05,0.008502360171509305,False,0.025774482296635755,0.029528909887291826,0.018223951439720734,0.022853570325145026
2016-04-06,-0.004814587092324561,False,0.02586276345203224,0.029630050474809624,0.018286370985939826,0.022931846954332723
2016-04-07,0.0111441763775809,False,0.025174983286558678,0.02884208514170237,0.01780007325190428,0.022322009976852804
2016-04-08,0.005083360244175877,False,0.025841182535888806,0.02960532598487611,0.018271112112326137,0.022912711711223326
2016-04-11,0.011363719796072987,False,0.025302765135194086,0.028988480271977368,0.017890421922252292,0.022435310854459475
2016-04-12,0.0021462376732565664,False,0.025981382731361614,0.029765948374519124,0.018370241224784364,0.023037023617470807
2016-04-13,-0.010055128384175412,False,0.024906990638036867,0.02853505547268395,0.017610587971204728,0.02208438779033795
2016-04-14,-0.01763946407711058,False,0.025315761088044637,0.02900336927406116,0.017899610763018735,0.022446834031491475
2016-04-15,0.006590460098725617,False,0.027116103372340376,0.03106595755294151,0.019172550020780818,0.02404315121567233
2016-04-18,0.00040539994060510945,False,0.02671663293742638,0.030608298448892225,0.018890102842067668,0.023688951058631162
2016-04-19,0.015603971877910185,False,0.025290724072835304,0.028974685254050423,0.017881908240651098,0.022424634354259045
2016-04-20,0.00015956521921236389,False,0.026757700054616067,0.030655347587993008,0.018919139512555205,0.023725364214866235
2016-04-21,-0.003357009989702909,False,0.02529490749044574,0.028979478047178826,0.017884866142909125,0.022428343683023027
2016-04-22,-0.01638657099171672,False,0.024457353590403467,0.02801992226035605,0.017292670287067963,0.021685706188487818
2016-04-25,0.008267248694073434,False,0.026054448615238247,0.029849657365295247,0.018421902752040017,0.023101809256861186
2016-04-26,0.002660052989486988,False,0.026061173778218014,0.029857362145912038,0.01842665780559093,0.023107772285849988
2016-04-27,0.005619345503985562,False,0.025106755072745835,0.028763918497877548,0.017751832218736895,0.02226151377504415
2016-04-28,0.012963993663771956,False,0.024745924389275937,0.028350527586117384,0.01749670543179169,0.021941574491482835
2016-04-29,0.018554532081355487,False,0.025710973598300567,0.029456150224901098,0.018179047358965972,0.022797258796286458
2016-05-02,0.004257137284214135,False,0.027637097429922212,0.03166284195981694,0.019540920965984778,0.024505103242366707
2016-05-03,-0.003094301340338286,False,0.026761389982640316,0.03065957500761155,0.018921748491015217,0.023728635979110665
2016-05-04,-0.013572675083321833,False,0.025736279506964412,0.02948514230660232,0.018196940003532808,0.022819696894426894
2016-05-05,-0.0014933192222766592,False,0.026649949107499765,0.030531901150891026,0.018842953771742565,0.02362982422228043
2016-05-06,0.016769101438875392,False,0.025383338789705726,0.029080790649193927,0.017947391848951173,0.02250675344091158
2016-05-09,-0.02134147742080195,False,0.026959463801273197,0.03088650115394992,0.01906179738164674,0.023904262938038462
2016-05-10,-0.0013441007533533627,False,0.02919765389431311,0.03345071613244559,0.020644318694742033,0.025888808509260553
2016-05-11,0.008430186756368665,False,0.027665371319962537,0.03169523435247706,0.01956091213372878,0.02453017297323328
2016-05-12,-0.003379253258223161,False,0.027519736150290373,0.031528385305727005,0.019457940200889322,0.02440104201519454
2016-05-13,0.0012587331847161139,False,0.026459703437633687,0.030313943436851665,0.018708439805201746,0.023461138281461118
2016-05-16,0.0011786431028753658,False,0.02521778313828304,0.02889111941328202,0.01783033505931811,0.02235995950421988
2016-05-17,0.00219636641841862,False,0.024084346642322254,0.027592581434245197,0.01702893422322478,0.021354970524367252
2016-05-18,-0.00196086191362997,False,0.023209044394740464,0.02658977870495971,0.016410048246333946,0.020578862541260293
2016-05-19,-0.015428132082826979,False,0.022307736191429263,0.025557181874887702,0.01577277465378116,0.019779695746290713
2016-05-20,-0.0014361502311578814,False,0.023963632901196054,0.027454283983966685,0.016943583086737435,0.021247936755840347
2016-05-23,-0.001038585136795765,False,0.022919406961697586,0.02625795137427358,0.016205258933627256,0.0203220484811888
2016-05-24,-0.01790366465212703,False,0.021846158597560894,0.02502836880238959,0.015446414358373082,0.019370426769301057
2016-05-25,-0.004403876274423123,False,0.02407664021028114,0.027583752448480298,0.017023485359434834,0.021348137429347897
2016-05-26,-0.002782801311324475,False,0.023518712805092358,0.026944554815648676,0.016629000542163572,0.02085343755355362
2016-05-27,-0.005176827942159796,False,0.022727280003986987,0.02603783833549893,0.01606941479494455,0.020151694450839624
2016-05-31,0.000823519736724513,False,0.022429439556845083,0.025696613102602905,0.01585882550810532,0.019887606989214116
2016-06-01,-0.002390098246246816,False,0.02152225077733365,0.024657279105021433,0.015217394030483215,0.01908322603862357
2016-06-02,-0.0017342990864130377,False,0.020852660852035285,0.02389015368469225,0.014743957778971915,0.018489517879107516
2016-06-03,0.024736904788247527,False,0.020117686820552518,0.02304812001373906,0.014224291432038304,0.01783783531484359
2016-06-06,0.0036221716975720704,False,0.02411687467986411,0.027629847652760445,0.01705193330308097,0.021383812298372492
2016-06-07,-0.00016066787650068854,False,0.023492950846369383,0.02691504025357539,0.01661078544556701,0.02083059508755903
2016-06-08,0.012299511303834583,False,0.022293363205422204,0.0255407152547737,0.015762612176179403,0.01976695158938722
2016-06-09,0.008221312981124862,False,0.02340797719256316,0.026817688953279233,0.016550704481658674,0.020755251134935843
2016-06-10,0.002516177827683463,False,0.023666604027595184,0.02711398854208195,0.01673356762623665,0.02098456889559346
2016-06-13,0.008601194468236007,False,0.022880445509098398,0.02621331462038504,0.016177711081762886,0.02028750236357147
2016-06-14,0.0009338142093947642,False,0.023264310382050752,0.026653094985781025,0.01644912428508497,0.020627865470322
2016-06-15,0.00015561424958520132,False,0.022231675743403168,0.02547004211821283,0.01571899580789172,0.019712254903913318
2016-06-16,0.007978605910287052,False,0.021152474842157043,0.024233639935758885,0.014955942467317759,0.018755355230517842
2016-06-17,-0.0027814092101873097,False,0.021601630605383317,0.02474822175761754,0.01527351985737749,0.01915361008986668
2016-06-20,-0.0019361090268664404,False,0.0210129612787818,0.024073804196148307,0.014857298840847532,0.018631652143285556
2016-06-21,-0.015231694595499006,False,0.020314932038902916,0.023274096862132568,0.014363754457505314,0.018012727575219184
2016-06-22,-0.001969667763047546,False,0.022254401899324545,0.025496078668726767,0.01573506442789953,0.019732405601669025
2016-06-23,-0.0053772460418744,False,0.021446834271843126,0.024570877090462455,0.015164070486755157,0.019016356163525077
2016-06-24,0.045568126625119755,False,0.021330611092164463,0.02443772431710903,0.015081894419811986,0.01891330406030029
2016-06-27,0.0018921481520379623,False,0.029549134731094568,0.033853395256587863,0.02089283463495682,0.02620045752431659
2016-06-28,-0.005459071134537385,False,0.028009201419526793,0.032089148298438126,0.019804018589403012,0.024835038276437408
2016-06-29,0.006517130786711063,False,0.02721102406551757,0.031174704823323525,0.019239664078909216,0.024127314952187794
2016-06-30,-0.004163045711473091,False,0.026781492684108406,0.030682605959438655,0.018935962186993487,0.02374646052729902
2016-07-01,0.013784954775413433,False,0.026016118591324,0.029805744016847924,0.018394801354368582,0.023067823010813362
2016-07-05,0.014630295802076445,False,0.026931203494244105,0.030854124322863847,0.019041815817825495,0.023879205250878485
2016-07-06,0.006247034498575354,False,0.027885017321544605,0.03194687498343815,0.019716213723133855,0.02472492743177183
2016-07-07,-0.0035229752607092743,False,0.027324658684267415,0.03130489197426308,0.019320009893429756,0.024228071845035632
2016-07-08,-0.0025766569730396745,False,0.02642959513162135,0.030279449418897583,0.01868715160626195,0.023434442021148114
2016-07-11,-0.0011800972016698774,False,0.02547546526049102,0.029186336678120692,0.01801253024089176,0.02258843961232205
2016-07-12,-0.015544565429065389,False,0.024416238764929044,0.027972818463566133,0.0172635998842457,0.021649250730544113
2016-07-13,0.006202186015081687,False,0.02573885723987382,0.029488095523738524,0.018198762599960738,0.02282198250387761
2016-07-14,-0.00830312978492063,False,0.02542753789099703,0.029131427991356974,0.017978643001402724,0.022545943646869696
2016-07-15,-0.003612050537102661,False,0.025462747540497654,0.029171766437549655,0.018003538125786762,0.022577163137206122
2016-07-18,0.0014313343033443948,False,0.024743030281345234,0.028347211909344274,0.017494659141131675,0.02193900836044045
2016-07-19,0.0023308973728481423,False,0.023824396982529774,0.02729476633204831,0.016845135770076087,0.02112447984902824
2016-07-20,-0.009583857031749085,False,0.02308245325719732,0.026444747730136636,0.01632054147305585,0.020466617436544456
2016-07-21,0.008832542195506029,False,0.02355028649097032,0.026980727667323054,0.016651324843834924,0.0208814331284921
2016-07-22,-0.005577361821546027,False,0.02387724948786374,0.02735531757219982,0.01688250534668246,0.021171342805715733
2016-07-25,-0.0028761196958370064,False,0.02362008013490824,0.027060687768900634,0.016700672720672462,0.02094331735691719
2016-07-26,0.0010605321779994731,False,0.022953033928109906,0.026296476596605667,0.01622903501556405,0.02035186464715018
2016-07-27,0.0044573976096106815,False,0.02208762188901302,0.025305004728276233,0.015617141950386562,0.01958452605745097
2016-07-28,0.004287548927691639,False,0.021828276986077085,0.02500788247455309,0.01543377109300719,0.01935457160445744
2016-07-29,0.012456768592093142,False,0.021574431006936547,0.02471706014272023,0.015254288271828299,0.019129492905716677
2016-08-01,0.0017775329760739552,False,0.022763015470189763,0.026078779191231263,0.016094681700144043,0.020183380169317606
2016-08-02,0.009573679254285983,False,0.022014657330918144,0.025221411822853226,0.015565552065932695,0.01951983026102436
2016-08-03,-0.006101874347359719,False,0.022640210608511797,0.025938086018329656,0.01600785202845465,0.02007449225799791
2016-08-04,0.001989078130412177,False,0.022592703681402808,0.025883659017489118,0.015974262064446042,0.020032369087991178
2016-08-05,-0.016622543470037807,False,0.02188462929280288,0.025072443312986078,0.015473615218272943,0.019404537744995988
2016-08-08,-0.002247360257539687,False,0.023779200182220926,0.027242985961519275,0.01681317919051884,0.021084405009020115
2016-08-09,0.004190977197581718,False,0.022978138430156336,0.026325237933891233,0.016246785254771464,0.02037412416322476
2016-08-10,0.003950401091376265,False,0.022606397732853212,0.025899347806370196,0.015983944498637076,0.020044511251090948
2016-08-11,-0.0013399203995291173,False,0.022212104647238613,0.025447620207720605,0.015705157985582807,0.019694901716470432
2016-08-12,-0.005003147538014941,False,0.021403010780141854,0.02452067007088006,0.015133084910575911,0.018977499000926736
2016-08-15,0.0033631060701886342,False,0.02129765436572743,0.024399966964936484,0.015058592233747167,0.018884082178881028
2016-08-16,0.0075813883174767425,False,0.0209178911514679,0.023964885724377803,0.014790079124711362,0.018547355907365726
2016-08-17,-0.005792418519633738,False,0.021355177605213514,0.02446586929948818,0.015099264271733616,0.018935086555372304
2016-08-18,0.006310574643693422,False,0.021354956782054863,0.02446561631023013,0.015099108137830566,0.018934890757158877
2016-08-19,-0.008024955279562044,False,0.02147512390854002,0.024603287523508318,0.015184072788236061,0.019041439856546903
2016-08-22,-0.002016410277178946,False,0.0218524578535535,0.025035585636482394,0.015450868272674617,0.019376012157522104
2016-08-23,0.0021655719125730603,False,0.021166935391828606,0.02425020687445655,0.014966166857160913,0.018768177027869808
2016-08-24,-0.012157711605415717,False,0.02059827869155813,0.023598717068925773,0.014564095848621056,0.01826396376217048
2016-08-25,-0.003252072314533185,False,0.02182184069371522,0.025000508642754087,0.015429220286589253,0.01934886470961345
2016-08-26,0.0010599822517309905,False,0.02133946653360687,0.02444786968217807,0.015088155695323414,0.018921155952393992
2016-08-29,0.0010588598789471667,False,0.02058375944534912,0.023582082883687714,0.014553829957154872,0.018251089920108904
2016-08-30,-0.008502346327262383,False,0.019901567694249566,0.022800519998651535,0.01407148353399358,0.017646208045875394
2016-08-31,-0.003666029312143101,False,0.020533027248134484,0.023523960805319887,0.014517959552937654,0.018206106986079416
2016-09-01,0.004047141416004483,False,0.020230125767381438,0.02317693732578131,0.014303791841915053,0.017937532036161455
2016-09-02,0.007516282350036655,False,0.020063938655125374,0.022986542647596867,0.014186288575358377,0.017790178199395063
2016-09-06,0.020438704235929906,False,0.02051101180921822,0.023498738498062433,0.014502393448248658,0.018186586462806773
2016-09-07,-0.003786599503307889,False,0.023373690778030837,0.02677840822463331,0.016526462134274618,0.020724850253292765
2016-09-08,-0.005594732975239715,False,0.02282947688428098,0.026154921675301167,0.016141673510457595,0.020242309795269416
2016-09-09,-0.005024625803116637,False,0.022640989254854228,0.02593897808581777,0.016008402573484806,0.020075182663676694
2016-09-12,-0.006865083481867175,False,0.022372791064040876,0.025631712934288585,0.015818771963280798,0.01983737822810013
2016-09-13,-0.0015151518050107637,False,0.02243276650272885,0.02570042466646173,0.015861177838582055,0.019890556906533408
2016-09-14,0.0018935813270292768,False,0.02162070527171284,0.02477007492606113,0.015287006676973611,0.019170523105747017
2016-09-15,-0.006072124918749371,False,0.021015824286200583,0.024077084242168357,0.014859323141765432,0.01863419069830418
2016-09-16,-0.0058794129797974425,False,0.021076420545387383,0.024146507226360265,0.014902167970698935,0.018687919842301264
2016-09-19,0.005879412979797392,False,0.021086359718184514,0.02415789418399157,0.014909195502826303,0.018696732651104903
2016-09-20,0.00015221618146868613,False,0.021192942292817155,0.024280002058192935,0.014984555141172142,0.018791236677869392
2016-09-21,0.009997866634651048,False,0.020339281094834395,0.023301992711607503,0.014380970555496786,0.018034317256659792
2016-09-22,0.010122682135453616,False,0.02123318959085957,0.024326111959583913,0.015013012155232153,0.018826922921558926
2016-09-23,-0.002390256046424515,False,0.022064982032964572,0.02527906704846479,0.015601134349051228,0.01956445187957226
2016-09-26,0.0018678328051372278,False,0.021418032465873805,0.024537879883252966,0.015143706053928908,0.01899081834318651
2016-09-27,-0.010354179302007023,False,0.0208179875145057,0.023850429672096413,0.014719441856125438,0.018458773922797548
2016-09-28,-0.004914386241190314,False,0.021650019004278147,0.024803658629408455,0.015307733069559848,0.019196514838227367
2016-09-29,0.0017416435276520423,False,0.021464353710117606,0.024590948489302954,0.015176457676095793,0.019031890198702
2016-09-30,-0.006375659049502699,False,0.02083853779429042,0.023873973398520775,0.014733972014153801,0.01847699532716394
2016-10-03,-0.0032796038609326033,False,0.020965372416327357,0.02401928332488955,0.014823650944123162,0.01858945632331604
2016-10-04,-0.03316418589365621,False,0.02053953834942607,0.023531420343055446,0.014522563253310425,0.0182118802120767
2016-10-05,-0.0008691271779573132,False,0.025988979844930177,0.029774652117988645,0.01837561279450833,0.0230437597826131
2016-10-06,-0.01224659627455489,False,0.02468635772948142,0.02828228417741897,0.017454588585252225,0.0218887582667773
2016-10-07,-0.0007203941462396616,False,0.02547085326686257,0.02918105288065435,0.018009269312235354,0.022584350276229324
2016-10-11,0.003277492478576479,False,0.02421000502597892,0.027736543786034695,0.017117781489113484,0.02146638858020989
2016-10-12,-0.0015175310867917425,False,0.023593955950225627,0.02703075821739719,0.01668220151075333,0.020920153714483563
2016-10-13,0.003112427756607694,False,0.022681488361142425,0.02598537647498177,0.016037037629578425,0.02011109217925923
2016-10-14,-0.001515110877577383,False,0.02222315566298607,0.02546028096437185,0.015712971650742924,0.019704700367812564
2016-10-17,0.0010369283705775325,False,0.0214342741499636,0.024556487404458854,0.015155189802030818,0.019005219426602
2016-10-18,0.005089088772620536,False,0.020748983845009724,0.023771374616208634,0.0146706525338964,0.018397590144385623
2016-10-19,0.005615528957908329,False,0.020758400373747415,0.023782162799084478,0.014677310528438108,0.01840593953814837
2016-10-20,-0.0018157090665284902,False,0.020858596435992888,0.02389695387263765,0.014748154557497466,0.018494780808691696
2016-10-21,0.00023705220583055664,False,0.020217383992913025,0.023162339526851667,0.014294782718996665,0.01792623423256138
2016-10-24,-0.003085586827556825,False,0.01945401380847493,0.022287773390954533,0.013755038757832938,0.017249373530049728
2016-10-25,0.00781410055123449,False,0.019127847777767847,0.021914096541961046,0.013524421753134916,0.016960170502239132
2016-10-26,-0.005597819151719624,False,0.019772056557241634,0.022652143684043384,0.013979912163342087,0.017531373852760036
2016-10-27,0.0024479622887396643,False,0.019868282325983266,0.022762386133195422,0.014047948980400723,0.01761669476620143
2016-10-28,0.005976250792452862,False,0.019510413041356776,0.022352387991019566,0.01379491606242619,0.017299381278803535
2016-10-31,-0.003140952719691709,False,0.019771686067811774,0.022651719227448575,0.013979650207299632,0.017531045349314548
2016-11-01,0.011650332541120672,False,0.0194599281088827,0.022294549195092026,0.013759220487738923,0.017254617588057856
2016-11-02,0.01573379968826969,False,0.020767909064298817,0.023793056568480388,0.014684033686361118,0.018414370649420194
2016-11-03,-0.003603111106642254,False,0.02272076657914869,0.02603037613575835,0.016064809451698726,0.020145919164613255
2016-11-04,0.0009212200167436073,False,0.022201941614477028,0.025435976781670578,0.015697972172366625,0.01968589041679579
2016-11-07,-0.019368438629986755,False,0.02136633682015294,0.02447865401611475,0.015107154439567868,0.018944981144154202
2016-11-08,-0.003840600616410818,False,0.023879528061833973,0.027357928053553592,0.016884116421578454,0.021173363158631865
2016-11-09,-0.0006284751409729952,False,0.02328523015982406,0.02667706203294111,0.016463915698153246,0.02064641449904841
2016-11-10,-0.00559473162911677,False,0.022207324173895635,0.025442143389022995,0.01570177793266618,0.01969066299374949
2016-11-14,-0.03563335910818179,False,0.022077719110253025,0.02529365946600201,0.015610140150809622,0.019575745518303714
2016-11-15,0.002290242195274511,False,0.028008328019838897,0.032088147675403966,0.019803401048638605,0.024834263855405027
2016-11-16,-0.0004902963078952605,False,0.026675977531083854,0.030561720992301505,0.01886135727339159,0.02365290295581175
2016-11-17,-0.005656004540798839,False,0.025247541835383577,0.028925212896709993,0.017851376065869784,0.02238634577530555
2016-11-18,-0.006597962080039653,False,0.024823844437461755,0.028439797820716536,0.01755179911545821,0.022010664193477966
2016-11-21,0.0009097850981472162,False,0.024594177257964214,0.028176676281769602,0.017389412011876805,0.021807024214307174
2016-11-22,0.0011567583114072402,False,0.023573562344179174,0.02700739398651596,0.016667782129522152,0.020902071228689974
2016-11-23,-0.01824976664110634,False,0.022712765171106472,0.02602120920645475,0.016059152023940038,0.020138824521962882
2016-11-25,-0.009208889267384899,False,0.024741517160595906,0.028345478380587374,0.017493589283016163,0.021937666715201674
2016-11-28,0.010469552569008554,False,0.02499282904285907,0.02863339748753771,0.017671280360799187,0.022160498495438653
2016-11-29,-0.0022702983658282566,False,0.02551322512013915,0.02922959680959778,0.01803922850162416,0.022621920308384325
2016-11-30,-0.01449974532512753,False,0.024526800061201167,0.028099484617984602,0.01734177269373948,0.02174728258742157
2016-12-01,-0.003336636788437604,False,0.025685294918952137,0.02942673107305247,0.018160891145386347,0.02277449017197066
2016-12-02,0.007002548829521464,False,0.0248410950371663,0.028459561220745867,0.017563996221406006,0.022025959856411616
2016-12-05,-0.0009365081756959433,False,0.024797770939905414,0.028409926339655278,0.0175333637440757,0.02198754549401512
2016-12-06,-0.00546638231769391,False,0.023670400547491702,0.027118338080226664,0.016736251970908944,0.020987935172108632
2016-12-07,0.006317808507911521,False,0.023404461579377176,0.026813661239986186,0.0165482187532066,0.020752133931173717
2016-12-08,-0.0044353118287595375,False,0.023385223237425534,0.026791620554189554,0.016534616206103133,0.0207350757883303
2016-12-09,-0.008930184786370197,False,0.022952840873499587,0.026296255420788214,0.016228898515524857,0.02035169347059413
2016-12-12,0.003530052779216629,False,0.02334334897028932,0.02674364669203276,0.016505008836997456,0.020697946953004042
2016-12-13,-0.005861622654292204,False,0.02287216387880067,0.026203826650385606,0.016171855521730658,0.020280159255056707
2016-12-14,0.003969028209747736,False,0.022755850304792075,0.026070570315455576,0.01608961554111271,0.020177027001505244
2016-12-15,-0.02927123362969974,False,0.022416097470928237,0.025681327548145876,0.015849391932561307,0.019875776904897557
2016-12-16,0.006628100511391451,False,0.026610487065779818,0.030486690889807766,0.01881505197632569,0.02359483424516891
2016-12-19,0.0045697865449492924,False,0.026309521444022814,0.03014188525523658,0.018602253022197295,0.023327975771616858
2016-12-20,-0.007922576650850659,False,0.025707104944730514,0.029451718045765917,0.018176312011889496,0.02279382856069882
2016-12-21,-0.00035359712061060043,False,0.025617649669342636,0.029349232310631815,0.018113062299405132,0.022714510869522576
2016-12-22,-0.0020354241577117678,False,0.024318465051827675,0.02786080258948229,0.01719446858689766,0.02156255729466454
2016-12-23,0.002742493412203079,False,0.02342946614330961,0.026842308081720355,0.0165658983307683,0.020774304834693825
2016-12-27,0.0047594169162982715,False,0.022858157271632863,0.026187779777508594,0.01616195209376172,0.020267739956843764
2016-12-28,0.0018447543496458321,False,0.022678713363818773,0.025982197259005118,0.016035075556552494,0.020108631660527627
2016-12-29,0.01480992278090006,False,0.02201307967982442,0.02521960436397029,0.015564436581377468,0.01951843139838945
2016-12-30,-0.005549809897021,False,0.023604229824874572,0.02704252863106488,0.016689465695172063,0.020929263294807977
2017-01-03,0.00900285192930361,False,0.023357048418456056,0.026759341663740256,0.016514695086958492,0.02071009390123334
2017-01-04,0.0029257608917391607,False,0.023800918465161105,0.02726786782771804,0.016828535189879017,0.021103662051734015
2017-01-05,0.013569572279167469,False,0.023216332777154618,0.026598128746099424,0.01641520152645267,0.020585324962431022
2017-01-06,-0.006633743360060724,False,0.024447562113294203,0.028008704512434084,0.017285747183771117,0.021677024337650695
2017-01-09,0.009849765856593362,False,0.024304279424695843,0.027844550619784133,0.017184438582142674,0.021549979264055327
2017-01-10,0.0005912499106309624,False,0.0247868350596907,0.02839739748969888,0.017525631485957382,0.021977848930387657
2017-01-11,0.009580731125187961,False,0.023740889934996647,0.027199095270523974,0.016786091776035638,0.021050436298454475
2017-01-12,0.002756359087469122,False,0.02423214084170803,0.02776190400473565,0.01713343270671247,0.02148601583850542
2017-01-13,-0.0030072493432917323,False,0.02357045482104263,0.027003833807513505,0.016665584942781937,0.020899315867875325
2017-01-17,0.013874646895225017,False,0.022913775375641633,0.02625149946593824,0.016201277098041533,0.020317055098722735
2017-01-18,-0.0005776842959905698,False,0.024233286250366165,0.027763216258796113,0.017134242572514016,0.02148703144289345
2017-01-19,-0.008622907336826992,False,0.02313148573311895,0.026500922498125273,0.01635521008249216,0.020510093271433962
2017-01-20,0.0028272298148097597,False,0.023453934766190263,0.026870340914806716,0.016583198969052394,0.020796000533072036
2017-01-23,0.008845550963396858,False,0.022867059651871195,0.026197978918690742,0.01616824655753772,0.02027563346836017
2017-01-24,-0.0038757736862718066,False,0.023345322726898158,0.026745907954950517,0.016506404389551307,0.02069969703220818
2017-01-25,-0.010799240583716598,False,0.022856770696924787,0.026186191228061293,0.016160971710533975,0.020266510516723985
2017-01-26,-0.0065360117616481,False,0.02359138140176955,0.02702780864857617,0.01668038116590594,0.02091787092860568
2017-01-27,-0.001177678827598852,False,0.023510773073470558,0.02693545854683167,0.016623386722966163,0.020846397597798414
2017-01-30,0.004283360803183659,False,0.02256766532825262,0.02585497346464701,0.01595655859608194,0.02001016822444102
2017-01-31,0.012823912008577408,False,0.02230735908385725,0.02555674983612224,0.015772508018354663,0.01977936137470885
2017-02-01,-0.002485296665438633,False,0.023534959535153797,0.026963168117845243,0.01664048785804004,0.020867843111102343
2017-02-02,0.009164887600060555,False,0.022799224244123777,0.026120262298838293,0.01612028325947978,0.020215485557583592
2017-02-03,0.0014783584034642827,False,0.02332945624292283,0.026727730287203655,0.01649518592820036,0.02068562862908102
2017-02-06,0.009393575301202162,False,0.02251975469157906,0.02580008394808198,0.01592268318760093,0.019967687095550034
2017-02-07,0.0034087779579315197,False,0.023111477862030497,0.02647800019009953,0.016341063436715465,0.020492352806903424
2017-02-08,0.002751053207520085,False,0.02263124235394513,0.025927811407266764,0.016001510987969685,0.020066540337409393
2017-02-09,-0.002022081854817559,False,0.02206040989690423,0.02527382891440008,0.015597901601848761,0.019560397884159718
2017-02-10,-0.000566876850066067,False,0.02140176575747177,0.02451924369258041,0.015132204612286315,0.018976395071357184
2017-02-13,-0.008134093816160818,False,0.020548749928719707,0.023541973722624857,0.014529076337522878,0.018220047882440353
2017-02-14,-0.00040844667481872133,False,0.021102183000741095,0.02417602235740577,0.014920383418440259,0.01871076274864555
2017-02-15,0.006352787968514301,False,0.020948542527566193,0.024000001918461206,0.014811751303541072,0.01857453369395181
2017-02-16,0.0067160902945164426,False,0.020976811801881875,0.02403238902304937,0.01483173920771839,0.0185995993321741
2017-02-17,-0.001937379067167637,False,0.020881548599926854,0.023923249352512835,0.01476438297738017,0.018515131901937425
2017-02-21,-8.078508906953723e-05,False,0.02029591350413106,0.02325230800162305,0.01435030732595295,0.017995864329746876
2017-02-22,-0.004454350349380309,False,0.020617924636542526,0.02362122473105525,0.014577986593089268,0.018281383316136202
2017-02-23,0.014664634347995097,False,0.020616149713758167,0.023619191264995565,0.014576731626791243,0.018279809537768622
2017-02-24,0.005344891913360862,False,0.020996916389201255,0.02405542213542939,0.014845954237095406,0.018617425552498276
2017-02-27,0.00039772501044503744,False,0.021132571804688922,0.02421083773189246,0.014941869944574235,0.018737707719261285
2017-02-28,-0.00382474476466306,False,0.021036417587319133,0.02410067725660849,0.014873883718201024,0.018652450248580425
2017-03-01,-0.002958188183111069,False,0.020963850091644493,0.024017539251512555,0.0148225745783294,0.018588106517186197
2017-03-02,-0.013705470631345843,False,0.02087818697496063,0.023919398058059656,0.014762006126918617,0.01851215123556794
2017-03-03,-0.005208788817978716,False,0.021033774962478595,0.024097649695089155,0.014872015239672024,0.018650107101123917
2017-03-06,-0.0008163265759448011,False,0.021029334851678558,0.02409256281768091,0.014868875841461205,0.018646170169112936
2017-03-07,-0.007706239569881471,False,0.020901045150645982,0.02394558585893311,0.014778168092031873,0.018532418991851755
2017-03-08,-0.005446436678803248,False,0.02088864725426911,0.023931382028932132,0.014769402109502078,0.018521426096108132
2017-03-09,-0.00506034140032999,False,0.020829343001678827,0.02386343925085739,0.014727470799032447,0.018468842541119367
2017-03-10,-0.001414900372918341,False,0.0207936823364256,0.023822584091919015,0.014702256782145375,0.018437223146718865
2017-03-13,0.001414900372918352,False,0.02067420039017282,0.023685697865322836,0.014617776591180756,0.018331281579014536
2017-03-14,-0.00041592147157480674,False,0.020540511999394846,0.02353253581927952,0.014523251676439395,0.018212743522453893
2017-03-15,-0.001498791977594266,False,0.020385201249407674,0.02335460180345265,0.014413438585597904,0.018075033476283683
2017-03-16,0.021759718404505305,False,0.020240030531475245,0.02318828486258204,0.014310795045230255,0.017946314335653125
2017-03-17,0.0026870095249430263,False,0.02079457923031267,0.02382361163142359,0.014702890934577863,0.018438018399453197
2017-03-20,0.0030851097946710264,False,0.02070322621223045,0.02371895171981659,0.014638299415483816,0.018357018028655105
2017-03-21,0.010081950338285382,False,0.02061701561482941,0.023620183297130667,0.014577343865628563,0.018280577309970538
2017-03-22,0.0025647791657264977,False,0.020698786048690365,0.02371386478198595,0.014635159979982933,0.01835308104988088
2017-03-23,-0.0019229429398218444,False,0.02059646867706954,0.0235966433995456,0.01456281607059232,0.018262358868891593
2017-03-24,0.0010419837987625065,False,0.02048840672519764,0.0234728406553296,0.014486410432615568,0.018166543116390554
2017-03-27,0.0057517919495583296,False,0.02035497987848497,0.023319978251042314,0.014392070443658192,0.0180482369642236
2017-03-28,-7.963960893288656e-05,False,0.02031088012930831,0.023269454733071994,0.01436088953851915,0.0180091348512294
2017-03-29,-0.0015147484528922495,False,0.020142506820903346,0.023076555407526112,0.014241840513176838,0.01785984257058435
2017-03-30,-0.006724348370036059,False,0.019980430184513027,0.02289086995570116,0.014127243575124042,0.01771613338701357
2017-03-31,0.0018457243799123385,False,0.019974991831663638,0.022884639427794652,0.014123398365854706,0.017711311339460252
2017-04-03,0.0028021313424812086,False,0.019832031415549685,0.022720854751295844,0.014022317628283383,0.01758455201658537
2017-04-04,0.003352186944682863,False,0.01970225240313631,0.022572171541339905,0.01393055685524838,0.017469480305239912
2017-04-05,-0.0076787895241424015,False,0.01961223087962997,0.022469037075826998,0.013866906774752939,0.017389660536425496
2017-04-06,0.00392677851233867,False,0.018698548470934634,0.02142226355768383,0.01322088395048212,0.01657952185190603
2017-04-07,0.003194125405133405,False,0.018542940716593164,0.021243989274505975,0.013110860861516601,0.016441548459616213
2017-04-10,-0.0025545421499374417,False,0.018485939441928043,0.02117868493653031,0.013070557880857512,0.016391006895902543
2017-04-11,0.0159381530021803,False,0.018387258879675558,0.02106563011754909,0.013000785392167473,0.016303509380212137
2017-04-12,0.003220185508956306,False,0.019038600987465057,0.021811849660791874,0.01346131945086903,0.01688103766942392
2017-04-13,0.00827739794195269,False,0.018885550355151798,0.021636504981594917,0.013353104385324945,0.016745331611446746
2017-04-17,0.002718131548590306,False,0.01904250734600538,0.02181632503717372,0.013464081457396483,0.016884501337038622
2017-04-18,0.0017821296255692255,False,0.01894080284423685,0.021699805797978495,0.01339217088010149,0.016794322571979416
2017-04-19,-0.008005893178956763,False,0.018601933658087207,0.021311575394503082,0.013152572058222733,0.01649385598306537
2017-04-20,0.00039012210573624806,False,0.018766592143067463,0.021500218778653404,0.01326899450271194,0.016639854425354914
2017-04-21,0.004281328219062014,False,0.018559650451077967,0.02126313302444297,0.013122675546534016,0.01645636455127493
2017-04-24,-0.009051228501958202,False,0.018555010085363744,0.021257816722084596,0.013119394557280176,0.01645225005838371
2017-04-25,-0.008027172357523912,False,0.018691823710860832,0.02141455923866211,0.013216129181807493,0.016573559180163584
2017-04-26,-0.002769317802300099,False,0.018803635053491422,0.02154265752684176,0.013295185841609962,0.016672699420985825
2017-04-27,0.0012669062050332798,False,0.018715983000272,0.02144223767936765,0.013233211104617046,0.016594980600512954
2017-04-28,0.0018974031177029385,False,0.018583880181981562,0.021290892167467112,0.013139807275284285,0.016477848430283312
2017-05-01,-0.01016117866619856,False,0.01843878902177687,0.021124666373062456,0.01303721998652822,0.01634919983144307
2017-05-02,0.0014351196373916847,False,0.018645722811213888,0.021361743073598907,0.013183533355174614,0.01653268269853309
2017-05-03,-0.006955815510367903,False,0.018523729066809533,0.02122197916897919,0.01309727718721795,0.016424513984031438
2017-05-04,-0.016094831005602106,False,0.01851319867584153,0.021209914873665966,0.013089831631903453,0.01641517695728658
2017-05-05,-0.0013869794888681627,False,0.01910270902423706,0.0218852959639651,0.01350664729627764,0.0169378806162546
2017-05-08,0.0004081465956588177,False,0.018964434126758238,0.021726879319924123,0.013408879473514608,0.01681527582220421
2017-05-09,-0.009017932534638276,False,0.018723904869192665,0.021451313483521733,0.013238812293919724,0.01660200471787063
2017-05-10,0.002467512256678818,False,0.018914147406905737,0.02166926760916453,0.013373324045859152,0.016770687881490456
2017-05-11,0.0044261566880950615,False,0.01878728228242499,0.021523922737228113,0.01328362354901414,0.016658199839606203
2017-05-12,0.0028584282924305183,False,0.018747883756208738,0.021478785243603898,0.013255766662489777,0.016623266180057675
2017-05-15,0.0019553733504766723,False,0.018676499955179594,0.021397003355465755,0.013205294458681145,0.016559972000251447
2017-05-16,0.005195680203699949,False,0.01856916454197039,0.021274032980817977,0.013129402522789877,0.01646480045089019
2017-05-17,0.018054652911816706,False,0.018550030925467215,0.021252112275251995,0.013115874022236226,0.016447835165407557
2017-05-18,-0.0046230346493643755,False,0.01920888790794091,0.022006941343792323,0.013581721503327584,0.017032026700658714
2017-05-19,0.000798594547308718,False,0.019196330236918243,0.021992554465648465,0.01357284255149145,0.017020892136847356
2017-05-22,0.00636590063442143,False,0.019051848453360554,0.021827026812447574,0.013470686124946146,0.016892783856601937
2017-05-23,-0.004690847276663877,False,0.019093110917982554,0.02187429975417062,0.01349986091662189,0.01692937022237933
2017-05-24,-0.0019145062835238531,False,0.01907074438521727,0.021848675211147174,0.013484046569613932,0.016909538393223723
2017-05-25,0.0027111286160230396,False,0.018949876987792384,0.021710201722298986,0.013398586789822194,0.01680236838161005
2017-05-26,0.009352470994601849,False,0.018862711591762605,0.021610339420700425,0.013336956145753814,0.016725081067546492
2017-05-30,-0.0043483486361126054,False,0.01903995115693169,0.021813396502045713,0.013462274093624303,0.016882234829952752
2017-05-31,0.007813483979482729,False,0.019009372023742473,0.021778363074100054,0.013440652994434202,0.016855121099295475
2017-06-01,-0.003938563578928373,False,0.019086805080827038,0.021867075380272976,0.013495402349082634,0.016923778998810455
2017-06-02,0.007705084616983541,False,0.0190436563071596,0.021817641361202907,0.013464893835004679,0.016885520091333532
2017-06-05,0.0019561055527115654,False,0.019149455466170775,0.021938851703922384,0.013539699556182429,0.016979329483622227
2017-06-06,0.011734194674689481,False,0.01903340124663167,0.021805892502206135,0.013457642953185927,0.01687642719300617
2017-06-07,-0.0033275703585958936,False,0.01931667452232807,0.022130428643621042,0.013657932462827628,0.017127598318495932
2017-06-08,-0.01075441056072261,False,0.019256350729653107,0.02206131781464462,0.013615280282437886,0.01707411076354486
2017-06-09,-0.0061302052068687345,False,0.01951062965861264,0.022352636161724018,0.013795069222528744,0.01729957334775117
2017-06-12,-0.00189380979601569,False,0.019555027310670832,0.0224035009764561,0.013826460761099111,0.01733893960356596
2017-06-13,-0.0002369183272036132,False,0.0194430848484742,0.02227525246924176,0.01374731139267977,0.01723968310239796
2017-06-14,0.0055148644702221845,False,0.018871809287054713,0.021620762327409893,0.013343388707824647,0.016733147759896004
2017-06-15,-0.016317271069001,False,0.018897019413595548,0.021649644674931138,0.013361213629255927,0.01675550093049226
2017-06-16,0.0014364768755273823,False,0.019429849534771018,0.02226008923992164,0.013737953310859143,0.017227947690256217
2017-06-19,-0.007845728356542297,False,0.019295945727492367,0.022106680398836488,0.013643276085014014,0.017109218629426673
2017-06-20,-0.002575207631716499,False,0.01926297094816131,0.022068902364103773,0.013619961134577818,0.01707998074097074
2017-06-21,0.0019320762655520435,False,0.019129737649833018,0.021916261701333355,0.013525757994784567,0.01696184620317659
2017-06-22,0.003372103694666421,False,0.018989468768098334,0.021755560620277104,0.013426580317428447,0.01683747339458786
2017-06-23,0.0068695659857476036,False,0.018835085496732077,0.021578689183799227,0.0133174230040786,0.016700585719848598
2017-06-26,-0.00791205113977467,False,0.01890079021906902,0.02165396475297372,0.013363879792441916,0.0167588444066901
2017-06-27,8.021469334752496e-05,False,0.019025510352743625,0.021796852185047923,0.013452063664904724,0.01686943054041299
2017-06-28,0.0012828542252268432,False,0.018698861822098636,0.021422622552994708,0.013221105506683737,0.01657979969232123
2017-06-29,-0.003049556093049251,False,0.01849323241099939,0.021187040232440436,0.013075714403990663,0.016397473383944202
2017-06-30,-0.002817016742802062,False,0.018379048038869892,0.021056223248559092,0.012994979884130507,0.01629622903891871
2017-07-03,-0.018547612954424916,False,0.01826198584174556,0.02092210924268655,0.01291221058652567,0.01619243300051114
2017-07-05,0.0020506097083853696,False,0.019060121363161917,0.021836504791683725,0.013476535519116319,0.01690011923287693
2017-07-06,0.001473779662321924,False,0.018855300804151546,0.02160184914426956,0.013331716318547987,0.016718510112836916
2017-07-07,-0.011189828782629333,False,0.018651411604073794,0.021368260521739835,0.013187555639061306,0.016537726804800396
2017-07-10,0.0028917276073374782,False,0.018944645542309544,0.02170420824082125,0.013394887875239096,0.01679772979349533
2017-07-11,0.0012367565827513586,False,0.01881794361662104,0.021559050339950803,0.013305302768756947,0.016685386455781367
2017-07-12,0.0037011187459087707,False,0.01863000008307813,0.021343730101816973,0.013172416536968594,0.016518741760010315
2017-07-13,-0.0014787438939784538,False,0.018557908776149643,0.021261137649272302,0.013121444088266406,0.016454820252925894
2017-07-14,0.008432590518839307,False,0.018360579797660603,0.021035064839859764,0.012981921839856265,0.01627985372459035
2017-07-17,0.005041950325371254,False,0.018503883492876332,0.021199242799045913,0.01308324529429806,0.016406917424212873
2017-07-18,0.006710018850761259,False,0.01848367451199641,0.02117609008666747,0.01306895645303392,0.0163889986408044
2017-07-19,8.055077060915145e-05,False,0.018537351928131874,0.021237586397856372,0.013106909286142427,0.01643659302467624
2017-07-20,0.0028962994150305284,False,0.018246579343711492,0.020904458564512264,0.012901317360085748,0.016178772455083548
2017-07-21,0.00760277330940865,False,0.018111736891111844,0.020749974350786033,0.01280597646128874,0.016059211121597392
2017-07-24,-0.0003189732922199768,False,0.01822981491583034,0.020885252154291593,0.012889464003882325,0.016163907868197443
2017-07-25,-0.001756125342464039,False,0.017988518000242613,0.020608806839329773,0.012718854048593367,0.015949956101245968
2017-07-26,-0.0021593571989522043,False,0.017833071150437883,0.020430716898770754,0.012608944727828125,0.015812125378869116
2017-07-27,0.008450959718898568,False,0.01771066750199165,0.020290483381633674,0.012522398735568952,0.015703593212999564
2017-07-28,0.0069620920676366025,False,0.017903176872698063,0.020511034537409597,0.012658513260899413,0.015874286319113386
2017-07-31,-0.0014201571050572992,False,0.017968232285421763,0.02058556621559773,0.012704510952287472,0.015931969279826295
2017-08-01,0.004725906807239984,False,0.017820439361774656,0.020416245106675807,0.01260001337081594,0.01580092509685278
2017-08-02,-0.0006287743880614377,False,0.01775207158910727,0.020337918575222894,0.012551673661998787,0.015740305151798386
2017-08-03,-0.003150104862108906,False,0.017570349862909108,0.020129726441013896,0.012423186584133801,0.015579177172524926
2017-08-04,-0.0075215109613676855,False,0.01744885634603,0.019990535629321755,0.012337284104062075,0.015471451996900025
2017-08-07,-7.955307474891721e-05,False,0.017593981910447642,0.020156800839412528,0.012439895718455371,0.015600131101070738
2017-08-08,-0.0014315812317578045,False,0.01737205036222467,0.019902541738756267,0.012282978124099446,0.015403350107128368
2017-08-09,0.013125811461155778,False,0.017133440171701764,0.01962917450937606,0.01211426782858055,0.015191780590167663
2017-08-10,0.008370175496451656,False,0.01764689164150899,0.02021741764104952,0.0124773057567426,0.015647044798338398
2017-08-11,0.003111148307012124,False,0.01784118200079456,0.020440009212251007,0.01261467953721571,0.015819317061203982
2017-08-14,-0.0027217250231354575,False,0.017768213228721463,0.020356411479022667,0.012563086673251582,0.015754617528351306
2017-08-15,-0.008209906077677841,False,0.017689847843206458,0.020266631037246054,0.012507678112034164,0.01568513295720405
2017-08-16,0.0025092722903703076,False,0.017897239197946925,0.02050423195411622,0.012654315004069874,0.01586902153567637
2017-08-17,0.007412353852867797,False,0.017749471130813266,0.020334939322419848,0.012549834997496215,0.01573799939233382
2017-08-18,-0.0005443592909452205,False,0.0179064027609952,0.020514730323176942,0.012660794138202801,0.015877146631270628
2017-08-21,0.003958939893256818,False,0.01766014345908992,0.020232599778276815,0.012486675507696412,0.015658794844043925
2017-08-22,-0.004425701690303351,False,0.017646207164265293,0.020216633459756703,0.0124768217943527,0.01564643788997668
2017-08-23,0.0029526430372122,False,0.017658628563134385,0.020230864215729148,0.012485604394414207,0.015657451624775477
2017-08-24,-0.0018638076307166027,False,0.01757059957365201,0.020130012525752288,0.012423363143119554,0.015579398584616082
2017-08-25,0.004652974660785244,False,0.017438976988495253,0.01997921719991431,0.012330298864556707,0.015462692224750614
2017-08-28,0.013219738670856719,False,0.017419220122987994,0.019956582460077258,0.012316329693286394,0.015445174320411039
2017-08-29,0.002592669218827388,False,0.017920747186120082,0.020531164222101574,0.012670936421717868,0.015889865463974712
2017-08-30,-0.003815051241845523,False,0.01782746751987401,0.02042429701805083,0.01260498265828559,0.015807156783818645
2017-08-31,0.006173075893794918,False,0.01782418005764141,0.02042053068921027,0.012602658244883323,0.015804241875637007
2017-09-01,0.006286269787906836,False,0.017878955091225966,0.02048328450176707,0.012641387152826674,0.015852809488661388
2017-09-05,0.011037354562418965,False,0.017998190185027962,0.02061988791826873,0.012725692805772485,0.015958532178648642
2017-09-06,-0.003965383824776996,False,0.0182554818276855,0.020914657824540692,0.012907611897208474,0.01618666605857971
2017-09-07,0.008361341114399392,False,0.018198816164733875,0.020849737984997663,0.012867546212162115,0.01613642207313776
2017-09-08,0.0006688896405072527,False,0.018405498936590273,0.021086527103598113,0.013013682097817886,0.016319682369397237
2017-09-11,-0.011206691809561442,False,0.018235225703001696,0.020891451101178807,0.012893289722728067,0.016168705473973255
2017-09-12,-0.002256488358732504,False,0.018653215269973128,0.021370326917766542,0.013188830928294457,0.01653932606894852
2017-09-13,-0.003469850010435886,False,0.018144142146854003,0.020787099902549677,0.012828888727779304,0.016087944028139785
2017-09-14,0.000981780804511102,False,0.01789466077451473,0.020501277945872552,0.01265249191940503,0.015866735313956864
2017-09-15,-0.0032512423615178305,False,0.01772836163501483,0.02031075492204958,0.012534909443534734,0.0157192821455156
2017-09-18,-0.010735988597467801,False,0.017662640758221958,0.02023546084528809,0.01248844123309834,0.015661009134933655
2017-09-19,-7.662978472650562e-05,False,0.017974869118177757,0.020593169799411105,0.01270920355159817,0.015937853988678242
2017-09-20,0.004430569417291893,False,0.01775179695265234,0.020337603933980593,0.012551479479188025,0.015740061638719657
2017-09-21,-0.01644548291912643,False,0.017723359854086924,0.020305024559103924,0.012531372914199508,0.01571484719505292
2017-09-22,0.0020899215909679653,False,0.018452142763078678,0.021139965280680507,0.01304666180305908,0.016361040250289602
2017-09-25,0.010384308915688903,False,0.018059282679157015,0.020689879421227537,0.012768888499619055,0.016012701321401864
2017-09-26,-0.007527532775120786,False,0.01815159660906446,0.020795640215419495,0.012834159435286409,0.016094553707992988
2017-09-27,-0.0105410799770725,False,0.018296055846551133,0.020961142038386765,0.012936299920541464,0.016222641997217305
2017-09-28,0.0016349223665728455,False,0.01859819785154068,0.021307295413489333,0.013149930641168896,0.016490543539515602
2017-09-29,-0.0031164809018184073,False,0.018402721732131554,0.021083345358985116,0.01301171846422822,0.016317219893655758
2017-10-02,-0.006890677171902543,False,0.018336613929340197,0.02100760799483532,0.012964976676207378,0.016258603805745807
2017-10-03,-0.0009432837700489293,False,0.018391450363329363,0.021070432151657197,0.013003748997553926,0.016307225860929246
2017-10-04,0.0017287063978827545,False,0.01819858887048392,0.020849477582039904,0.012867385502847915,0.016136220537174163
2017-10-05,-0.0029878358398845554,False,0.017889167908082582,0.020494984963688425,0.01264860816608761,0.015861864930612243
2017-10-06,0.0013377544169920026,False,0.017796430705301753,0.020388739240783178,0.012583037953631627,0.015779637238854276
2017-10-09,0.007989447326364975,False,0.01764342707462401,0.020213448409692414,0.012474856120783095,0.015643972856018054
2017-10-10,0.006841829421378427,False,0.017814306976514538,0.02040921945046064,0.012595677443137401,0.015795487668616975
2017-10-11,-0.003726076902423367,False,0.017630852870702002,0.020199042590392367,0.012465965479293942,0.015632823632910207
2017-10-12,0.005815998493391344,False,0.017544897318471663,0.020100566363909507,0.01240519026015309,0.015556609056216688
2017-10-13,0.006320316258744202,False,0.017582951339284312,0.020144163505395937,0.012432096508720743,0.01559035057741535
2017-10-16,-0.0012300882391540026,False,0.017576454047399725,0.020136719788608013,0.012427502572344769,0.015584589595863963
2017-10-17,-0.013086271579829653,False,0.01735838209678509,0.019886882491992903,0.012273313922011139,0.015391230807820967
2017-10-18,-0.002419116678913994,False,0.017832390597266063,0.020429937213147863,0.012608463539969039,0.015811521949880974
2017-10-19,0.005454275534116093,False,0.017667991216467796,0.020241590675465812,0.012492224296134493,0.01566575324860336
2017-10-20,-0.007409463231041783,False,0.017675505569597252,0.020250199603236593,0.012497537349756914,0.015672416032193562
2017-10-23,0.00023476714183852992,False,0.017797251150898728,0.02038967919619418,0.01258361805299293,0.015780364706856644
2017-10-24,-0.0021153697891088514,False,0.017577680196617124,0.020138124544262545,0.012428369526083685,0.015585676790828597
2017-10-25,0.000313695430923488,False,0.01732328079132743,0.019846668171726194,0.01224849540271872,0.015360107383359958
2017-10-26,-0.007160573007206216,False,0.017075063158064712,0.019562294036071553,0.012072992126144563,0.015140019194102669
2017-10-27,0.0017357990230928244,False,0.017208662916057348,0.0197153545386774,0.012167454372718338,0.015258478662252902
2017-10-30,0.004404927786188189,False,0.01705093022732547,0.01953464579356123,0.012055928840340078,0.015118621145309537
2017-10-31,-0.005588126504385657,False,0.017017503613738143,0.019496350108352208,0.012032294418674535,0.015088982627043387
2017-11-01,0.005588126504385709,False,0.0170588938234695,0.01954376940311464,0.012061559533043973,0.015125682261122615
2017-11-02,0.0006277354683380319,False,0.016961377964215332,0.019432048943034866,0.011992610552296354,0.015039217457615273
2017-11-03,-0.006610572852132713,False,0.016765126586484314,0.019207210702577467,0.011853850225839083,0.014865206410147295
2017-11-06,0.010134046656738413,False,0.016863792089484804,0.01932024826870798,0.01192361206682439,0.014952690573186404
2017-11-07,-0.004465224838411223,False,0.01720751291761763,0.019714037026267017,0.012166641261693256,0.015257458988223626
2017-11-08,0.006183266004363352,False,0.017117909179787623,0.019611381202980428,0.012103286578241685,0.015178009659219598
2017-11-09,0.0031162381684789577,False,0.01722924068490363,0.01973892975834428,0.012182003966998312,0.015276724440462944
2017-11-10,-0.010320616370498838,False,0.017084903125259544,0.01957356733736413,0.012079949514551564,0.015148744039851118
2017-11-13,0.0038436132139390324,False,0.017474439918023124,0.020019845820047823,0.012355373071603363,0.015494136291970799
2017-11-14,0.0032827535277863674,False,0.017364585061134037,0.019893989008165996,0.012277699752918491,0.015396730816718978
2017-11-15,-0.003909309122587321,False,0.017233092811126192,0.01974334300268383,0.012184727628347228,0.015280140021676778
2017-11-16,0.0007048235582582072,False,0.017247206922603953,0.019759513039434497,0.012194707067671178,0.01529265464119548
2017-11-17,0.01430152145789673,False,0.01707837370988947,0.019566086817838627,0.012075332865135893,0.015142954575231626
2017-11-20,-0.016495917971793554,False,0.017754181804949306,0.020340336174642547,0.012553165698602665,0.01574217622589377
2017-11-21,0.005086680079378604,False,0.018569144649828916,0.021274010191097266,0.01312938845797119,0.016464782813040136
2017-11-22,0.008162676176655977,False,0.01856122396996595,0.021264935749204395,0.013123788109396541,0.016457759749989326
2017-11-24,-0.0038009777393278247,False,0.018503243925331987,0.021198510069202245,0.013082793085491828,0.01640635033612613
2017-11-27,0.00550289910736466,False,0.01851021250889687,0.021206493728146827,0.013087720250547115,0.016412529199885017
2017-11-28,0.000695308000776598,False,0.018320550599360597,0.020989204807605473,0.012953619034096886,0.016244360864331123
2017-11-29,-0.009779630834338625,False,0.01803966061102419,0.020667399113959747,0.012755014637374837,0.01599530293842612
2017-11-30,-0.00696596145918346,False,0.018390931096816554,0.021069837246437073,0.013003381848076204,0.016306765440672055
2017-12-01,0.004388798311228533,False,0.018555793870721725,0.02125871467716049,0.013119948735871955,0.01645294502069536
2017-12-04,-0.0035251298326162196,False,0.018288002514374593,0.020951915621444744,0.012930605779614631,0.016215501314772934
2017-12-05,-0.010016309238676628,False,0.018264972814760447,0.02092553131169175,0.012914322537817208,0.016195081472634435
2017-12-06,0.000950779053228449,False,0.018146249658600372,0.020789514403982867,0.01283037885244146,0.016089812704583113
2017-12-07,-0.010347938786658826,False,0.017937369790801926,0.020550208150514688,0.012682689501257437,0.015904604299878822
2017-12-08,-0.003687457209357425,False,0.018255636155081672,0.02091483463196294,0.012907721015015044,0.01618680289671135
2017-12-11,-0.0012053519550518667,False,0.018126876598346133,0.020767319376206763,0.012816681052219954,0.016072635110486826
2017-12-12,-0.004189798469908035,False,0.01797963473143229,0.02059862959343262,0.012712573097629456,0.01594207953534108
2017-12-13,0.005555813112327661,False,0.017472008930244552,0.020017060723601484,0.012353654231910777,0.015491980797652126
2017-12-14,0.006722195742235451,False,0.017464288581550004,0.020008215794020512,0.012348195528295013,0.01548513536309422
2017-12-15,0.00039870817523665717,False,0.0174897338778577,0.020037367567199812,0.012366186727456412,0.015507697052672288
2017-12-18,0.006278504505989414,False,0.0172300529436012,0.01973986033431511,0.012182578277779445,0.015277444649352245
2017-12-19,-0.001189107958943395,False,0.017249802267554716,0.019762486434061616,0.012196542116763832,0.015294955866790146
2017-12-20,0.004274206737060993,False,0.01703195246894361,0.01951290364911498,0.012042510539898368,0.015101794055213141
2017-12-21,0.0009474013739520169,False,0.016961091973849627,0.019431721294019835,0.011992408341657287,0.01503896387731598
2017-12-22,0.006371182406177087,False,0.016724589820118575,0.019160769167598804,0.011825188542036071,0.014829263502342925
2017-12-26,0.006798190801191451,False,0.01688053463454062,0.019339429608552065,0.01193544995068809,0.014967535757134286
2017-12-27,0.002255863771485303,False,0.016991956840910625,0.019467082077124543,0.012014231470131394,0.015066330960845989
2017-12-28,0.005501525365828419,False,0.01676640445016287,0.019208674705655317,0.011854753744495891,0.014866339458994125
2017-12-29,0.009383296909513904,False,0.01674056853195833,0.019179075410828087,0.011836486354550231,0.014843431415030067
2018-01-02,0.005648795435594413,False,0.016893931583852405,0.019354778018054124,0.011944922317616298,0.014979414487411606
2018-01-03,0.0019012136171542553,False,0.016851741372628046,0.019306442189965252,0.011915091558971552,0.014942005512591016
2018-01-04,0.0024283463684654956,False,0.016758055923445807,0.019199110094801738,0.011848850885081141,0.014858937035145455
2018-01-05,0.0006819141750703172,False,0.01655719686181318,0.01896899299437912,0.011706832677177169,0.014680840472908662
2018-01-08,-0.0012884713036933884,False,0.016286497110133594,0.018658861893320996,0.011515433328294916,0.014440817967672303
2018-01-09,-0.005246580568031189,False,0.01607036698457215,0.018411249276773275,0.011362617653180208,0.014249180945944592
2018-01-10,0.004336147142567866,False,0.01604084364737166,0.0183774254368322,0.01134174305879309,0.01422300336242694
2018-01-11,0.002426044534775419,False,0.015978402038091002,0.018305888300510876,0.011297593467648933,0.0141676379939789
2018-01-12,0.009645929220218629,False,0.01580520126634258,0.018107458321491045,0.011175131164921042,0.014014065325788451
2018-01-16,0.0014988012123869202,False,0.016005702624220155,0.01833716561341284,0.011316896456945388,0.014191844721308655
2018-01-17,0.0019450709821960197,False,0.015947381632658117,0.018270349322612008,0.011275660365143006,0.014140132998576239
2018-01-18,-0.009009069942365968,False,0.015711234146094332,0.017999803525780907,0.011108691334369798,0.013930747097855505
2018-01-19,0.004439620791428774,False,0.015901593942188853,0.018217891990191,0.011243285994319748,0.014099534231465333
2018-01-22,-0.0007510891007015731,False,0.01583779763021558,0.018144802819059662,0.011198178555184646,0.014042967682993615
2018-01-23,0.003600038990317503,False,0.015636792107596973,0.01791451792348186,0.011056056791451092,0.013864741257568711
2018-01-24,0.015009996047209607,False,0.01565207493575357,0.017932026917465333,0.011066862576606426,0.01387829214809773
2018-01-25,0.0047824097943095206,False,0.016188592200609968,0.018546695712151028,0.011446209267988507,0.01435400820330054
2018-01-26,-0.007958810491319437,False,0.01633211777773511,0.01871112787356841,0.011547689604927337,0.014481268639903552
2018-01-30,-0.012058167071074382,False,0.016479918173357328,0.018880457542867112,0.01165219246948894,0.014612319448085156
2018-01-31,0.0026921759851948287,False,0.01685055896363059,0.019305087545928797,0.011914255531931182,0.014940957100954055
2018-02-01,0.003950401091376265,False,0.016620805245689048,0.019041866862956957,0.011751807240994665,0.014737240390371435
2018-02-02,-0.007916469765226359,False,0.016483018706739037,0.01888400971395545,0.011654384714094874,0.014615068611264027
2018-02-05,-0.0005249568386138391,False,0.016655860139355803,0.01908202801088152,0.011776592944643536,0.014768322662691536
2018-02-06,-0.005189755905578952,False,0.016505418582005684,0.018909672456299716,0.011670222636052609,0.014634930004357753
2018-02-07,-0.010994537916590984,False,0.0164498999898511,0.01884606677507073,0.011630967992029796,0.014585703097079643
2018-02-08,0.0040327608986760796,False,0.01673019322302311,0.019167188787497503,0.011829150450611156,0.01483423189553372
2018-02-09,-0.002889772982946634,False,0.016779343810244943,0.019223498871412184,0.01186390257111762,0.01487781245667434
2018-02-12,0.008417731344798464,False,0.016604169507155028,0.019022807887555396,0.011740044875112056,0.014722489909018508
2018-02-13,0.002940864406439292,False,0.016680937057015337,0.019110757745713712,0.011794323680199177,0.014790557720399944
2018-02-14,0.020421058915214334,False,0.01647812381772933,0.018878401813287943,0.011650923763120607,0.014610728439115088
2018-02-15,-0.002511468630411128,False,0.01742388022411984,0.019961921372603386,0.012319624636546692,0.015449306312189312
2018-02-16,0.0008132005147932578,False,0.017293993841373496,0.01981311515226647,0.012227787946885641,0.015334139398332045
2018-02-20,-0.018195805777987704,False,0.017021933515658852,0.019501425289809617,0.01203542659865614,0.015092910507103723
2018-02-21,0.0009026261706847339,False,0.017860368530968614,0.020461990539132342,0.012628245450593314,0.015836329263877225
2018-02-22,0.00045100774382701627,False,0.017600920981985037,0.020164750687474302,0.012444802016912847,0.015606283797274138
2018-02-23,-0.001805344615643647,False,0.017329609649246704,0.0198539189196961,0.01225297024718164,0.015365719018847776
2018-02-26,0.0018804775121498492,False,0.01737132585994025,0.01990171170219438,0.012282465861843415,0.015402707709592808
2018-02-27,-0.011488261375785172,False,0.017200667980962495,0.019706195025199935,0.012161801521683136,0.01525138975899842
2018-02-28,0.0,False,0.01746499784883285,0.02000902837638163,0.012348697018581864,0.015485764252145854
2018-03-01,-0.009624253533214297,False,0.01721914262725021,0.019727360771970365,0.012174864094693857,0.015267770752545035
2018-03-02,0.013872136457073265,False,0.01746979652475212,0.020014526049125066,0.012352089941703314,0.015490019114622874
2018-03-05,-0.0022734172079491807,False,0.0178554015202724,0.020456300011207487,0.012624733505690345,0.015831925143284416
2018-03-06,0.011690746933441305,False,0.017647111556665762,0.020217669590042033,0.012477461248639266,0.01564723979144992
2018-03-07,-0.005715142383890748,False,0.01817842755282082,0.020826379475717884,0.012853130362053058,0.016118344015513774
2018-03-08,-0.004610897113995902,False,0.01810045390381522,0.02073704783256126,0.012797998779711193,0.016049206787050786
2018-03-09,0.0018922913369371754,False,0.018003241634745818,0.02062567518498478,0.012729264453625542,0.015963011169149492
2018-03-12,-0.0022711796760658443,False,0.0177663608616296,0.0203542892877676,0.012561776949644252,0.015752975082108753
2018-03-13,0.004914386241190294,False,0.01763387923850534,0.02020250979260897,0.0124681052848292,0.01563550703537887
2018-03-14,-0.001131947426727324,False,0.017698552599012117,0.02027660376712741,0.012513832844659682,0.015692851240220497
2018-03-15,-0.0057549571034445565,False,0.017496220078301396,0.02004479857691743,0.012370772821584466,0.015513448199728396
2018-03-16,-0.004185539229898073,False,0.017450797140158583,0.019992759128295397,0.012338656350361604,0.015473172849120986
2018-03-19,0.00418553922989804,False,0.01775776216628644,0.020344438067595092,0.012555697207495593,0.015745350840175674
2018-03-20,-0.004338127119398508,False,0.017586104637335054,0.02014777612709349,0.012434326060798272,0.015593146525668717
2018-03-21,0.007295401194057268,False,0.01750455214036691,0.020054344324803894,0.012376664039601071,0.015520836024794139
2018-03-22,0.0044573976096106815,False,0.01756946154267879,0.020128708724043664,0.012422558493739822,0.01557838952183145
2018-03-23,0.016966715936515404,False,0.017409907322202735,0.019945913114636237,0.012309745040010913,0.015436916899554993
2018-03-26,0.003772594220179005,False,0.01804139851028374,0.02066939016348066,0.012756243426040646,0.0159968438889868
2018-03-27,-0.00971924053303923,False,0.017859496361167324,0.020460991325135635,0.01262762877942518,0.015835555933353656
2018-03-28,-0.012830862694559693,False,0.01809416374949432,0.020729841425930807,0.01279355130078327,0.016043629469047877
2018-03-29,-0.0010577275967254573,False,0.018422253590926557,0.021105722316615193,0.013025528543597073,0.016334538290332563
2018-04-02,0.014484794192477413,False,0.01841549563393561,0.02109797996506333,0.013020750302908578,0.016328546183737778
2018-04-03,-0.006953504164492984,False,0.018798252745488152,0.02153649120752698,0.013291380259074632,0.016667927066955635
2018-04-04,0.002248370796679207,False,0.01886863799695943,0.021617129092865263,0.013341146434399617,0.016730335858559642
2018-04-05,-0.008646345041192702,False,0.018597497514761932,0.02130649306248991,0.013149435465230912,0.01648992256891219
2018-04-06,0.005722457733424547,False,0.018839065810317534,0.021583249287852355,0.013320237300818355,0.0167041149614991
2018-04-09,0.003298124789570669,False,0.018718252089024702,0.02144483729384423,0.013234815472951808,0.016596992543130736
2018-04-10,0.004256401204819836,False,0.01855573724839607,0.02125864980697095,0.01311990870082872,0.016452894815135982
2018-04-11,0.01074681456735932,False,0.019062647648270918,0.02183939906690038,0.013478321739169916,0.01690235922488668
2018-04-12,-0.013432964185142135,False,0.019217698924176664,0.022017035812478315,0.013587951367817855,0.01703983920206465
2018-04-13,0.0047704504893987506,False,0.019645274402825832,0.02250689386796659,0.013890270330815413,0.017418959378297707
2018-04-16,0.002005684379909184,False,0.019505826462394522,0.022347133310234572,0.0137916731033118,0.017295314477241457
2018-04-17,-0.00022269553924516243,False,0.019275083826972572,0.02208277965959227,0.013628525594290768,0.017090720918971885
2018-04-18,0.0029647221128227827,False,0.018924449661797398,0.021681070537069372,0.01338060829664272,0.01677982262584592
2018-04-19,-0.0032616058148920136,False,0.018727936386299944,0.02145593224963311,0.013241662794315654,0.016605579360366565
2018-04-20,-0.007527591093269497,False,0.01863607604798357,0.021350691119233586,0.013176712572408291,0.016524129161769215
2018-04-23,-0.010679968716113873,False,0.018624660420877657,0.021337612640285383,0.013168641107319764,0.016514007218916278
2018-04-24,0.006707153771284317,False,0.01877912841339068,0.021514581138775198,0.0132778583230974,0.016650970013716664
2018-04-25,-0.007690660944510987,False,0.018691383052715754,0.021414054392259865,0.013215817612692545,0.01657316845992362
2018-04-26,-0.003715570032884322,False,0.018840925771391542,0.02158538017926333,0.013321552393781322,0.01670576414113024
2018-04-27,0.0030342129414097896,False,0.01904703190307576,0.021821508661677733,0.013467280563682611,0.016888513145384875
2018-04-30,-0.003110260543535764,False,0.018851978001122458,0.021598042326732358,0.013329366917293329,0.01671556386888028
2018-05-01,-0.009465644983154229,False,0.01860730181402942,0.021317725500303624,0.013156367634486335,0.016498615788827126
2018-05-02,-0.0009208665713252698,False,0.01913414527625923,0.021921311362547054,0.013528874424788137,0.01696575433212906
2018-05-03,0.00619906000228972,False,0.01879512633976416,0.021532909395414038,0.013289169721324963,0.016665154963436513
2018-05-04,0.0015247392406204264,False,0.01869095893820727,0.0214135684993151,0.01321551774082243,0.016572792408500587
2018-05-07,-0.0003809669127580398,False,0.0184705533287176,0.021161057612525198,0.013059679067589173,0.0163773644251736
2018-05-08,-0.00015239019585577444,False,0.018109407175981054,0.020747305278819097,0.012804329226829352,0.016057145423129957
2018-05-09,-0.0005336417302308635,False,0.017901312333626483,0.020508898401149226,0.012657194931044833,0.015872633080289578
2018-05-10,0.007218601800712527,False,0.017742054572701605,0.02032644243493118,0.012544591090234713,0.01573142332106982
2018-05-11,-0.0013637768572015564,False,0.017698651959916878,0.020276717601390666,0.012513903098187281,0.015692939340978387
2018-05-14,-0.0018971737809504907,False,0.017383765133162005,0.01991596293617849,0.01229126110003791,0.015413737293120238
2018-05-15,-0.021187539583848607,False,0.01709929948277481,0.01959006073338586,0.012090128517072259,0.015161508919669634
2018-05-16,0.001008046900233056,False,0.01792689834506098,0.020538211386656725,0.012675285623402961,0.015895319538350255
2018-05-17,-0.0015513500441079692,False,0.01765465533058286,0.020226312224165363,0.012482795104347995,0.015653928661695585
2018-05-18,0.0015513500441079395,False,0.017370358295402857,0.019900603197833135,0.012281781741443197,0.015401849795011056
2018-05-21,0.0,False,0.01776620228673622,0.020354107614138497,0.012561664828627687,0.015752834477830616
2018-05-22,0.0011619351837768423,False,0.01746571063162859,0.020009844986341136,0.012349200994526254,0.01548639625831232
2018-05-23,-0.0018596691479237644,False,0.017163309185123505,0.019663394378299212,0.01213538683473111,0.015218264675897118
2018-05-24,0.011106864926633073,False,0.017052956480798798,0.019536967200274046,0.012057361511013248,0.015120417772132778
2018-05-25,-0.0003067912135685513,False,0.017247834584758124,0.019760232129695045,0.012195150858723372,0.015293211173079057
2018-05-29,-0.0035358204833160823,False,0.01689218962469782,0.019352782317255516,0.011943690658385367,0.014977869937046456
2018-05-30,0.002153718916270126,False,0.01668988170836129,0.01912100531540408,0.011800648031931945,0.014798488712619925
2018-05-31,-0.0010762796451007667,False,0.016521980289964787,0.018928646617498206,0.011681932658319282,0.014649614844704568
2018-06-01,-0.004084885026490751,False,0.016217523290152882,0.018579841034963792,0.011466665111285778,0.014379660656057596
2018-06-04,-0.0013138633414813785,False,0.016054941751453142,0.0183935771344769,0.01135171118002308,0.014235503788599205
2018-06-05,0.0033969186184965657,False,0.015815405975631625,0.01811914949485989,0.011182346445693695,0.01402311357896773
2018-06-06,-0.00030835151545212326,False,0.015611820310399356,0.0178859086214332,0.011038400381741115,0.01384259940746934
2018-06-07,0.001232741993758485,False,0.015435444241689696,0.017683840817344573,0.01091369297251749,0.01368621128515757
2018-06-08,-0.0004620884269374544,False,0.015143800212420715,0.017349714600556333,0.010707484887873393,0.013427618027838208
2018-06-11,0.0006161331177777786,False,0.014887849742316123,0.017056481228093407,0.010526514077888642,0.013200673331104076
2018-06-12,-0.0029298778307513215,False,0.014723253463089826,0.01686790911086833,0.010410135616228123,0.013054730045056138
2018-06-13,0.0013889267881947254,False,0.014647396345604849,0.016781002302780238,0.0103565005360161,0.012987469490638252
2018-06-14,0.005459643319964293,False,0.014674064033521835,0.016811554526655784,0.010375356032084483,0.01301111504340652
2018-06-15,-0.022804078760698156,False,0.014691598364987414,0.01683164298809691,0.010387753751715825,0.013026662283992815
2018-06-18,0.0012544894477869528,False,0.016233920104839365,0.018598626283790262,0.011478258545100414,0.01439419928978196
2018-06-19,-0.0004702371770622632,False,0.015961390820831253,0.018286399152455248,0.011285565618022148,0.014152554585300204
2018-06-20,-0.0034553391851679326,False,0.01564945299920239,0.01792902305778509,0.011065008725815678,0.013875967344415126
2018-06-21,-0.003151594283591868,False,0.015533102749126892,0.017795724704386482,0.01098274281323702,0.013772802571138745
2018-06-22,0.00015787362465893563,False,0.015373395771384933,0.01761275408639934,0.010869821351868467,0.013631194502924755
2018-06-25,-0.0014212784296392148,False,0.015070229501694987,0.017265427247570485,0.010655466420762361,0.01336238477146895
2018-06-26,-0.007136657182704904,False,0.014845374341134062,0.017007818667988547,0.010496481674536528,0.013163011485685374
2018-06-27,-0.003028556328446318,False,0.014914706346804264,0.017087249886981754,0.010545503148178972,0.01322448639133553
2018-06-28,-0.003999045403677075,False,0.0148148129604973,0.016972805578512374,0.010474873127360087,0.013135913495759618
2018-06-29,0.00280101008486938,False,0.01470275441762553,0.016844424081787077,0.010395641683632212,0.013036554068843504
2018-07-02,-0.009232934241235006,False,0.014518452714353437,0.016633276159382197,0.010265330422593737,0.012873138490276383
2018-07-03,0.009472597636754327,False,0.0146989570612206,0.016840073585284353,0.01039295674750328,0.013033187050617845
2018-07-05,0.004543890146389284,False,0.014998464775032874,0.01718320894644991,0.010604724881951867,0.013298752834704445
2018-07-06,-0.0023889164756203734,False,0.014871552748479452,0.017037810340472918,0.010514991222807605,0.013186223205959044
2018-07-09,0.003024939992368851,False,0.015261777558695134,0.017484877060340593,0.010790901245367905,0.013532225505452156
2018-07-10,-0.0034236481676053563,False,0.015165061590428441,0.017374073006984993,0.010722517830762219,0.013446469944703767
2018-07-11,-0.008812040976282251,False,0.015009161113900665,0.017195463362384086,0.010612287771396783,0.013308237003182526
2018-07-12,0.0017685920911130215,False,0.015435417158371328,0.017683809788947638,0.010913673823148238,0.013686187271075975
2018-07-13,-0.004346802680328338,False,0.015235612293509357,0.017454900444362206,0.010772400989313672,0.01350902543799329
2018-07-16,-0.0012108005108086726,False,0.015149040101663699,0.017355717755750476,0.010711189772651083,0.013432264102817806
2018-07-17,-0.010065857197482181,False,0.014911380151038253,0.01708343918250623,0.01054315134807602,0.013221537139126353
2018-07-18,0.0004894760752293569,False,0.01518297997266964,0.017394601461773608,0.010735187095040111,0.013462357713231926
2018-07-19,-0.00318538620092535,False,0.015037549142323761,0.017227986519339707,0.010632359641143684,0.013333407937616545
2018-07-20,0.005791423271754504,False,0.015014650581814906,0.017201752451006823,0.01061616912177844,0.013313104373148754
2018-07-23,-0.004483398583975911,False,0.014989778221770991,0.017173257070577132,0.010598583019508183,0.013291050691415247
2018-07-24,-8.16827362195705e-05,False,0.014907431694393266,0.017078915575819514,0.010540359575914237,0.013218036144205352
2018-07-25,0.006109251967322684,False,0.0145541209041708,0.01667413993894673,0.010290549759754165,0.012904764556514311
2018-07-26,-0.004966001498039611,False,0.014754624203609129,0.0169038494552458,0.010432316424566861,0.013082545673566488
2018-07-27,-0.0022060331796797134,False,0.014852228008394943,0.017015670671400872,0.010501327587556576,0.013169088456114073
2018-07-30,-0.0010638134681618262,False,0.014636835236454369,0.016768902814735233,0.010349033261287053,0.012978105226871314
2018-07-31,0.001963110932089534,False,0.014328540836449306,0.016415700858950676,0.010131052465002992,0.01270474851420191
2018-08-01,-0.004750931950486037,False,0.014639186157136967,0.0167715961811505,0.010350695489217193,0.01298018972775596
2018-08-02,-0.006011999848421064,False,0.014590296593961211,0.016715585143224264,0.010316127926813022,0.012936840609921356
2018-08-03,0.002969299191421566,False,0.014591999027397428,0.016717535560809713,0.010317331639225706,0.012938350113848949
2018-08-06,-0.0046227387549226465,False,0.014354154065594697,0.016445045026823858,0.010149162401753148,0.012727459105506576
2018-08-07,0.0008270615145103922,False,0.014229748598925897,0.016302518097573798,0.0100612010158632,0.012617151978921961
2018-08-08,0.0024770882622964334,False,0.013902856559832857,0.015928009486531343,0.009830070684013996,0.012327305218154318
2018-08-09,-0.0005773983842617266,False,0.01365244154196439,0.01564111788529721,0.009653013737810757,0.012105268664501541
2018-08-10,-0.0006603787513001009,False,0.013400244266645425,0.015352184414936633,0.009474696639304277,0.011881651829021428
2018-08-13,-0.01648382857584301,False,0.013117735722034715,0.015028524398793906,0.00927494783585445,0.011631158770910307
2018-08-14,0.0014259543053397558,False,0.014092035265848249,0.01614474481794291,0.009963830249470087,0.012495045109578131
2018-08-15,-0.013077596207343322,False,0.013798008143569778,0.015807888376045957,0.009755937189322644,0.012234338824999599
2018-08-16,-0.0011046853781724766,False,0.01483166006520676,0.016992106708641853,0.010486784940547705,0.013150851390062272
2018-08-17,0.0002550676550167926,False,0.0144894342825884,0.01660003077168445,0.010244812823626796,0.012847408593418113
2018-08-20,0.008716721391922366,False,0.014085288459168599,0.016137015240907087,0.009959059892654066,0.012489062889677495
2018-08-21,0.0048751266583741855,False,0.014330317004675226,0.01641773575186857,0.010132308311895488,0.01270632339687048
2018-08-22,0.0030977237750973805,False,0.014209947351693262,0.016279832511168647,0.01004720046431534,0.01259959472244835
2018-08-23,-0.0078043853831430325,False,0.014066514178482915,0.016115506213637946,0.009945785461936354,0.012472416218019212
2018-08-24,0.01612874843926602,False,0.014130105846867603,0.016188360931870604,0.009990748206998537,0.012528801314286015
2018-08-27,0.0022357075658587097,False,0.01571648008680126,0.018005813613922585,0.011112400497859422,0.013935398538512488
2018-08-28,-0.001324264032107223,False,0.015428634102051366,0.017676038681985043,0.010908877835878144,0.013680172909551905
2018-08-29,-0.002404764527759338,False,0.015048620484368374,0.01724067056310843,0.01064018767809401,0.013343224611763413
2018-08-30,-0.0056615328697090395,False,0.0147025126480979,0.01684414709501727,0.010395470739514676,0.013036339698023614
2018-08-31,0.0021685560260155255,False,0.014950671722272752,0.017128454141602623,0.010570932611650083,0.013256375964444305
2018-09-04,-0.006351962565760579,False,0.014699033806791861,0.01684016150996241,0.01039301101076831,0.013033255098941368
2018-09-05,0.0018429166421238857,False,0.014632616466328283,0.01676406951948396,0.010346050362890559,0.012974364551941259
2018-09-06,0.002507523830407757,False,0.014383855136173023,0.01647907248958993,0.010170162663240369,0.012753794280637618
2018-09-07,-0.003596114122648065,False,0.014213454848266624,0.016283850925546583,0.010049680453883793,0.012602704729418887
2018-09-10,-0.0005027868974392518,False,0.014029516397441702,0.01607311916858221,0.009919626031950035,0.012439611237450892
2018-09-11,0.0020097347155790214,False,0.013745883758215867,0.01574817131712187,0.009719082432878556,0.012188121473565306
2018-09-12,0.0077496549279547884,False,0.01365221706531514,0.01564086071036461,0.009652855020692477,0.012105069626832
2018-09-13,-0.002243696646296927,False,0.013796457488939658,0.015806111846053534,0.009754840792725658,0.012232963899434396
2018-09-14,-0.005840650729541842,False,0.013699091068499205,0.015694562592720538,0.009685997473292707,0.01214663159947841
2018-09-17,0.003925299454991307,False,0.013749948726762173,0.01575282840736008,0.009721956585249079,0.012191725776591585
2018-09-18,-0.0024201158014890986,False,0.013728161582690508,0.015727867649406167,0.00970655189734875,0.012172407676484066
2018-09-19,0.004501801970305429,False,0.013646585053592907,0.015634408314358517,0.0096488728841377,0.0121000758669386
2018-09-20,0.003321710546514391,False,0.013642975545881626,0.015630273029439222,0.009646320767183627,0.012096875409316617
2018-09-21,-0.008325056744842725,False,0.013599921948217972,0.015580948050139841,0.009615879547682194,0.012058700891953556
2018-09-24,0.0025882691604381183,False,0.013710874211960787,0.015708062122117936,0.009694328792299613,0.012157079409628437
2018-09-25,0.0005834628245632641,False,0.013640541868628762,0.01562748485175761,0.00964460002588742,0.012094717530310283
2018-09-26,-0.005012541823544286,False,0.01350974250748307,0.015477632664461081,0.009552117811174743,0.011978741101995474
2018-09-27,-0.009847279784212154,False,0.013494921383807614,0.015460652628920346,0.009541638476030973,0.011965599592951123
2018-09-28,0.007751282370461494,False,0.013688068899024755,0.015681934884220802,0.009678204204006016,0.012136858525384387
2018-10-01,-0.0036996800454468406,False,0.013797789635987262,0.015807638039661332,0.009755782692657021,0.012234145079947958
2018-10-02,0.01280624224985772,False,0.013746403458780879,0.0157487667196202,0.009719449889254633,0.012188582278685418
2018-10-03,-0.0034156533069074047,False,0.013986978162928307,0.016024384622558976,0.00988954920203812,0.012401893679333875
2018-10-04,-0.0009184702430270636,False,0.01399066823106859,0.01602861220270349,0.009892158279567742,0.01240516556781559
2018-10-05,0.003335560266446415,False,0.01384842603619335,0.01586565036679535,0.009791585363213801,0.012279043073234639
2018-10-08,-0.014084678619262271,False,0.013793959483404136,0.015803249969740855,0.009753074567858304,0.012230748982194874
2018-10-09,0.0023612144438462214,False,0.014044159182693366,0.016089894888118267,0.009929979272193523,0.012452594618403166
2018-10-10,0.0017673875050836347,False,0.013966612119851448,0.016001051969594077,0.009875149309315528,0.012383835632916288
2018-10-11,0.02835066409333902,False,0.013851022572511315,0.015868625126329597,0.009793421254667428,0.01228134535518395
2018-10-12,-0.004423356219554005,False,0.015171480769065927,0.01738142723219717,0.010727056536852454,0.01345216166524865
2018-10-15,0.006790820801527913,False,0.015189233163345828,0.01740176552046779,0.010739608438674279,0.013467902256522075
2018-10-16,0.0007336059237572539,False,0.01530870191788635,0.017538636633787276,0.010824079302385653,0.01357383212747454
2018-10-17,-0.002937658298874482,False,0.015230896591866992,0.017449497832303887,0.010769066733488644,0.013504844146672834
2018-10-18,0.002285568608961214,False,0.015119459630327856,0.017321828459257654,0.010690274781343623,0.013406035859932289
2018-10-19,-0.0009788328932091772,False,0.015113330644792845,0.017314806697986917,0.0106859412574544,0.013400601446145268
2018-10-22,-0.0033518099283377867,False,0.015069340986880765,0.017264409307672382,0.010654838192787053,0.013361596948242937
2018-10-23,0.009940661474511047,False,0.01510950580164013,0.01731042471089248,0.010683236886709824,0.013397210056127528
2018-10-24,-0.004550613589319168,False,0.015422306415609991,0.017668789276135806,0.010904403819713387,0.0136745623127834
2018-10-25,0.0010581845953804216,False,0.01521302958961392,0.017429028241744703,0.010756433797638139,0.01348900193545824
2018-10-26,0.002762452559275811,False,0.014830111863157663,0.016990332988484496,0.010485690278058003,0.013149478639137563
2018-10-29,-0.006512029524622742,False,0.014839272775504076,0.01700082832073014,0.010492167538001508,0.013157601384422677
2018-10-30,-0.0015528787665673905,False,0.014993612544954649,0.017177649918606663,0.01060129409314679,0.01329445048713252
2018-10-31,-0.008460296595855924,False,0.014726639421004247,0.01687178828271692,0.010412529671398628,0.013057732286824747
2018-11-01,0.019360936987837057,False,0.014955129385942664,0.017133561128711103,0.010574084420688188,0.0132603284601334
2018-11-02,-0.004134730067067751,False,0.015415044447325199,0.017660469496726925,0.010899269215811134,0.013668123312341587
2018-11-05,-0.0008940347270811313,False,0.015394453108374957,0.017636878730273406,0.010884710026734542,0.013649865501869498
2018-11-06,-0.0048907822962693795,False,0.0153277864473654,0.01756050110209133,0.010837573095761341,0.013590753888755802
2018-11-07,0.001959104580683226,False,0.01540100254547811,0.01764438218798812,0.010889340832597166,0.013655672719244588
2018-11-08,-0.0026948093485058135,False,0.01538491995951381,0.017625956939859806,0.010877969575465192,0.013641412704043692
2018-11-09,-0.013584368668582848,False,0.015112530766901574,0.017313890306266597,0.010685375700572193,0.013399892214998379
2018-11-12,-0.004236394117412716,False,0.015593545912570268,0.017864972292216993,0.011025479395208987,0.013826395969078989
2018-11-13,-0.0017497173022614182,False,0.015549289167261187,0.01781426890934799,0.01099418748532267,0.013787154651653376
2018-11-14,0.007228707752084227,False,0.015523790651264404,0.01778505616425914,0.010976158656965914,0.013764545773546235
2018-11-15,0.004048441325541188,False,0.015722544153502646,0.018012760999988966,0.011116688120626059,0.013940775390439971
2018-11-16,0.0065746453782541325,False,0.01576192592870705,0.018057879302573226,0.011144533163280075,0.013975694197297262
2018-11-19,0.001882178005493029,False,0.015939462599706355,0.018261276767526875,0.011270061181023555,0.014133111395799224
2018-11-20,-0.0033577490512391004,False,0.015914548796257446,0.018232733906858492,0.011252445776027003,0.014111020967264767
2018-11-21,0.005562881404039089,False,0.01594652087461727,0.018269363182664353,0.011275051762706023,0.01413936978656705
2018-11-23,-0.0039235367746059515,False,0.015894751784357588,0.018210053172723832,0.011238448219088228,0.01409346746615176
2018-11-26,-0.0006554554094466516,False,0.01517262844617941,0.017382742085146445,0.010727868006574479,0.013453179281017677
2018-11-27,-0.007403176331916226,False,0.014949115185582609,0.017126670872742725,0.010569832056118885,0.013254995823407814
2018-11-28,0.008386198408281134,False,0.015062988877828882,0.017257131921704794,0.010650346908517244,0.013355964696574038
2018-11-29,0.002208098359343363,False,0.015282913458825273,0.017509091711216864,0.010805845468618383,0.013550966164311961
2018-11-30,-0.0031911204357085257,False,0.01511748232155574,0.017319563126752455,0.010688876717218427,0.01340428263111636
2018-12-03,0.011165164989324806,False,0.015119012482306723,0.017321316177634678,0.01068995862353569,0.013405639385286197
2018-12-04,0.005818158773582782,False,0.015158360923961844,0.017366396291154208,0.010717780097569534,0.013440528636142948
2018-12-06,-0.0024201367564945673,False,0.01515653874516092,0.017364308685552988,0.010716491718714806,0.013438912957081283
2018-12-07,0.0070023813482669945,False,0.015046862540349018,0.017238656549017402,0.01063894471670011,0.01334166588802993
2018-12-10,-0.0024895396566155777,False,0.015118096798391103,0.01732026711106106,0.010689311185537892,0.013404827471916982
2018-12-11,-0.0014482837866976904,False,0.015015489931232626,0.017202714063854544,0.01061676258716228,0.013313848602682619
2018-12-12,0.0020110210300008265,False,0.014886126441445512,0.01705450690342875,0.010525295611072486,0.013199145324559285
2018-12-13,-0.0013671131226424276,False,0.014789800904167781,0.016944150153004694,0.010457188252268873,0.01311373594892378
2018-12-14,-0.00459729912749512,False,0.014697511537583616,0.01683841750014071,0.010391934684198101,0.013031905341999443
2018-12-17,0.008372311271493809,False,0.014726260916125005,0.016871354643106146,0.010412262048000432,0.013057396676286517
2018-12-18,0.0014419026574249351,False,0.014818948331845844,0.016977543326743214,0.010477797058315275,0.013139580223139316
2018-12-19,0.0023188148550025403,False,0.014751423305606028,0.016900182299971676,0.010430053216751447,0.013079707519660016
2018-12-20,0.009142648430483463,False,0.014719313667468936,0.016863395426809626,0.010407349967878286,0.013051236729642373
2018-12-21,-0.0077857918229155085,False,0.014761604451342059,0.01691184647741387,0.010437251836819107,0.013088734879643084
2018-12-24,0.010867477681360828,False,0.014855312696086934,0.017019204688644707,0.01050350862840382,0.013171823569327548
2018-12-26,0.001340285772125058,False,0.015042456329285107,0.017233608509334076,0.01063582928743415,0.0133377590140428
2018-12-27,0.006361771038876295,False,0.014889954384513057,0.01705889244198562,0.01052800217362432,0.013202539463191748
2018-12-28,0.0020334556603831245,False,0.014952841161739738,0.017130939591428123,0.01057246652255633,0.013258299550604221
2018-12-31,-0.0012508605650431678,False,0.014814331526202037,0.016972254016321603,0.010474532727304043,0.013135486620356377
2019-01-02,0.002109914525054996,False,0.01468057287039677,0.01681901147012953,0.010379958131392347,0.013016886261603815
2019-01-03,0.008395609500155037,False,0.014581755466369918,0.016705799876382568,0.010310088888175008,0.012929267411832751
2019-01-04,-0.007069439157760669,False,0.014724996180368852,0.01686990568022321,0.010411367811493993,0.013056275267630727
2019-01-07,0.0031913610711298765,False,0.014826042170025915,0.016985670485456374,0.010482812785150328,0.013145870146942929
2019-01-08,-0.0028016342498520465,False,0.014728335652813786,0.016873731595318717,0.010413728998926211,0.01305923629192952
2019-01-09,0.0047425532281951755,False,0.014695023488178399,0.016835567030213276,0.010390175498852747,0.013029699252604506
2019-01-10,-0.0035742832584524176,False,0.014743159623883643,0.016890714893018192,0.010424210347331653,0.01307238032568523
2019-01-11,0.0018664166569111902,False,0.014542481006104903,0.016660804520716818,0.010282319722980784,0.01289444375837121
2019-01-14,0.0015526748231558635,False,0.01443262917384681,0.01653495117404741,0.01020464854287343,0.012797040964981875
2019-01-15,-0.0022521847725428135,False,0.014316597373326702,0.016402017657005795,0.010122607791334538,0.012694158552733164
2019-01-16,0.004189644244261605,False,0.014222933430746626,0.016294710201193326,0.010056382323773747,0.012611109144638418
2019-01-17,-0.0004646291352922488,False,0.014196043607240501,0.016263903484454688,0.010037369765843058,0.012587266629958379
2019-01-18,-0.007541886222843759,False,0.01407101520759538,0.01612066288299535,0.009948967932685147,0.012476407164730514
2019-01-22,0.00093607242112592,False,0.014166614002679045,0.016230187030672517,0.010016561445495604,0.012561172156760203
2019-01-23,0.0004677078286435974,False,0.014043771929360184,0.01608945122571421,0.009929705463165758,0.01245225125083591
2019-01-24,-0.003122319355127618,False,0.013935800075645583,0.01596575170376034,0.009853363529453733,0.012356515386052896
2019-01-25,0.01420559407819777,False,0.01381052937174501,0.015822233502912498,0.009764790374096829,0.012245441075875737
2019-01-28,0.0038464543970783884,False,0.014285329754218755,0.016366195455170564,0.010100499895404723,0.012666434359325154
2019-01-29,0.0044433742087311885,False,0.014207951854241712,0.016277546340538757,0.01004578953981115,0.012597825366198325
2019-01-30,0.0012987078392666725,False,0.014214970712203274,0.016285587597075876,0.010050752251580941,0.012604048806971286
2019-01-31,0.007453583981655651,False,0.014057829860767281,0.016105556898951188,0.009939645180144643,0.012464716056931358
2019-02-01,-0.002123892768155545,False,0.01411963084524809,0.016176360094168726,0.009983341814945808,0.012519513399851403
2019-02-04,-0.0019762666158226303,False,0.014203080791705439,0.016271965737016496,0.010042345435440818,0.012593506320370375
2019-02-05,-7.616332988273438e-05,False,0.014072542595968348,0.016122412757662442,0.009950047878781376,0.012477761460704093
2019-02-06,-0.0035826933617428332,False,0.013889140329038877,0.015912295287563254,0.009820372567828821,0.012315143389201226
2019-02-07,-7.634929554701608e-05,False,0.013866074150183968,0.015885869184838405,0.0098040635332374,0.012294691201858483
2019-02-08,0.0032785106548437006,False,0.013671952880344122,0.015663471333415578,0.009666809308137406,0.012122568866254077
2019-02-11,-0.005113111682841348,False,0.013614093418214625,0.01559718380051052,0.009625899542577773,0.01207126636979524
2019-02-12,0.001681791706648733,False,0.013661367561044666,0.015651344108661865,0.00965932491552509,0.012113183135970918
2019-02-13,0.001221448744417649,False,0.013544287020843501,0.01551720908777701,0.009576542648373956,0.012009370833229052
2019-02-14,-0.0007631840122664169,False,0.013415040733997559,0.01536913620260255,0.009485158541095412,0.011894771475938249
2019-02-15,0.0063167961332353875,False,0.013280084436238813,0.015214521560516772,0.009389737147620482,0.011775109198878534
2019-02-19,0.01655293261183519,False,0.01334080526505743,0.015284087259716117,0.009432670054013504,0.011828948795563217
2019-02-20,0.002385089610256545,False,0.01382955144774131,0.01584402642047722,0.009778240009486188,0.012262307461260651
2019-02-21,-0.014849566751193068,False,0.013709670074351895,0.015706682584382292,0.009693477401957078,0.012156011731790749
2019-02-22,0.004297478078310308,False,0.014177407255342169,0.0162425524773035,0.01002419285822955,0.012570742256207204
2019-02-25,-0.0024857282115930447,False,0.01411465997859026,0.016170665148605455,0.00997982714366966,0.012515105860276633
2019-02-26,-0.0006035826876001255,False,0.014011003032899396,0.01605190906368122,0.00990653608304158,0.012423195913424077
2019-02-27,-0.005600154350637701,False,0.01385585099476889,0.01587415687839743,0.009796835210057097,0.01228562659297383
2019-02-28,-0.00372545752587554,False,0.013863515219697956,0.015882937508971566,0.009802254231138605,0.012292422264032838
2019-03-01,-0.01257108687016906,False,0.0138095030849596,0.015821057722555164,0.009764064733894814,0.012244531093787477
2019-03-04,-0.008988108902638492,False,0.014383270136491572,0.016478402276210703,0.01016974903686121,0.012753275576470978
2019-03-05,-0.0021817437163371535,False,0.014516145250414557,0.016630632579816364,0.010263698920929142,0.012871092521368335
2019-03-06,0.00225955480956854,False,0.014388341252524172,0.016484212073925798,0.010173334589861256,0.012757772004587137
2019-03-07,-0.0008564453784477475,False,0.014284056365018916,0.01636473657834422,0.010099599540446098,0.012665305277883482
2019-03-08,0.010229437404707756,False,0.014100617343825167,0.0161545770001885,0.009969898242243065,0.012502654617320098
2019-03-11,-0.0063423145671770475,False,0.014274563982327296,0.016353861492284662,0.010092887913060981,0.012656888626371359
2019-03-12,0.0058024995240326446,False,0.014283725685746838,0.016364357730834722,0.010099365732335925,0.012665012073080665
2019-03-13,0.008602826665778341,False,0.014273680455517478,0.01635284926696623,0.010092263211874262,0.012656105225880522
2019-03-14,-0.01084248805070627,False,0.014353675869398674,0.0164444971744085,0.010148824291208202,0.012727035101242618
2019-03-15,0.006473530758076257,False,0.014663562311061704,0.01679952307583487,0.010367930746953856,0.01300180343629001
2019-03-18,-0.0011529150377441156,False,0.014769945110102649,0.01692140207422887,0.010443149133163568,0.013096130327177177
2019-03-19,0.0036079961480897727,False,0.014585953179552785,0.016710609047441094,0.010313056898175054,0.012932989416113004
2019-03-20,-0.0034542348680875576,False,0.014479730138033305,0.01658891307757123,0.010237951469163852,0.01283880417810987
2019-03-21,0.004296773002431159,False,0.014384448225989745,0.016479751971550088,0.01017058200978223,0.012754320158119059
2019-03-22,0.0042021684654013165,False,0.014318828674871295,0.016404573980018742,0.01012418544207173,0.012696136990405707
2019-03-25,0.007822366697732926,False,0.01422879687625362,0.016301427742675338,0.010060528096517467,0.012616308110914425
2019-03-26,-0.005765872414879459,False,0.014357382778768272,0.016448744048951913,0.010151445276396791,0.012730321922409077
2019-03-27,-0.0033534245976774187,False,0.014296325696893802,0.01637879311655675,0.010108274620927345,0.012676184178790906
2019-03-28,-0.015463611608309486,False,0.014471912602344763,0.016579956804299436,0.010232424049092845,0.012831872570344823
2019-03-29,0.002477894338452264,False,0.014900924940907685,0.017071461019211035,0.0105357589496752,0.013212266773295792
2019-04-01,-0.0035639423656812787,False,0.014899854877689519,0.017070235085747884,0.010535002357170226,0.013211317975770891
2019-04-02,0.0012410609495414877,False,0.014814415383194245,0.016972350088302328,0.010474592018727873,0.013135560974193891
2019-04-03,-7.750345753043755e-05,False,0.01464798556764379,0.016781677353564624,0.010356917147830115,0.012987991938660647
2019-04-04,-0.0006979909589999726,False,0.014476623132490936,0.016585353491558052,0.010235754648390678,0.012836049276232657
2019-04-05,0.0010855427915747453,False,0.014337748624291704,0.01642624989478892,0.010137562868454589,0.012712912822783296
2019-04-08,0.005178717793829374,False,0.014172813296764647,0.016237289341955116,0.010020944681328485,0.01256666891133013
2019-04-09,0.004921969848964953,False,0.014136989724324015,0.016196247546032085,0.00999561548025892,0.012534905071317841
2019-04-10,0.004286905162995197,False,0.014099647800903246,0.016153466229262285,0.009969212723018102,0.012501794948555682
2019-04-11,-0.015783520778201384,False,0.013994512599193813,0.016033016558866176,0.00989487645552271,0.012408574270124114
2019-04-12,0.0015508688265574986,False,0.014377274428040779,0.016471533205766678,0.010165509747070773,0.012747959336045573
2019-04-15,-0.002948653274649578,False,0.01419187986040125,0.01625913322743091,0.010034425771882963,0.012583574742761118
2019-04-16,-0.011096521695962844,False,0.058566849209437846,0.06709796118441659,0.04140992644145388,0.051929718382927766
2019-04-17,-0.00031438575044829805,False,0.014399005152950244,0.01649642932628821,0.010180874543575403,0.012767227410733524
2019-04-18,-0.00023578221145405452,False,0.02143729392130487,0.024559947049342903,0.015157324943511023,0.019007896980157462
2019-04-22,0.0012571507671187557,False,0.014199808670310671,0.016268216983629548,0.01004003186883968,0.012590605014514951
2019-04-23,-0.0033034095568352825,False,0.014339642556330382,0.01642841970552883,0.010138901980724847,0.012714592123594807
2019-04-24,0.004872652719189608,False,0.014280042971935743,0.01636013857628423,0.010096761854714356,0.012661746705493429
2019-04-25,0.00023521249854262027,False,0.014230921711228202,0.016303862090716464,0.010062030469637847,0.012618192147418515
2019-04-26,0.0071074422097751645,False,0.014326527140484243,0.01641339383892954,0.010129628673166581,0.012702963021798167
2019-04-29,-0.004915203051928451,False,0.014409282145860102,0.016508203312436794,0.010188140932773067,0.012776339755939664
2019-04-30,0.0032795166444519316,False,0.014453501016853635,0.01655886330404626,0.010219406063472146,0.012815547491184113
2019-05-01,-0.001091977625138958,False,0.014354429680314949,0.016445360788830025,0.01014935727625034,0.012727703485987991
2019-05-02,-0.009172635638250213,False,0.014164846537778733,0.016228162108845978,0.010015311752324507,0.012559604991106529
2019-05-03,0.007454230729596022,False,0.014343222968237925,0.016432521656418102,0.010141433525373788,0.012717766782716192
2019-05-06,0.0019524392904874438,False,0.014417010842277507,0.01651705780570767,0.010193605538679876,0.012783192592208656
2019-05-07,0.001403437671793296,False,0.014268908017736052,0.01634738165432639,0.01008888884053377,0.012651873628085269
2019-05-08,-0.003199484212726764,False,0.01413295430055817,0.0161916243042006,0.009992762217644328,0.012531326964888267
2019-05-09,0.0031994842127267375,False,0.014359945874389768,0.016451680496666694,0.010153257523471394,0.012732594553353191
2019-05-10,0.0017125578011547432,False,0.014266988026986794,0.016345181989046338,0.01008753130334732,0.01265017122168553
2019-05-13,0.011137886677169313,False,0.014071390050308502,0.01612109232699234,0.009949232966734051,0.012476739528120267
2019-05-14,-0.004162195438771078,False,0.014325381803205462,0.016412081666645865,0.010128818857834098,0.012701947480700372
2019-05-15,0.0012351199225512385,False,0.014545995626971142,0.01666483109714434,0.010284804749809189,0.012897560082268947
2019-05-16,-0.008755371943979367,False,0.0143144968488179,0.016399611160602783,0.010121122607026828,0.01269229607169362
2019-05-17,-0.00820477351315001,False,0.014483446150304566,0.016593170380986108,0.010240578890595698,0.01284209907058503
2019-05-20,0.0012545877919818633,False,0.014582024534076102,0.016706108137707003,0.010310279133579554,0.012929505987245234
2019-05-21,-0.003218067708084531,False,0.014604114817772082,0.016731416191973082,0.010325898157571269,0.01294909287345844
2019-05-22,0.0012570520207180209,False,0.014464347884369639,0.016571290175311924,0.010227075384803597,0.012825165129541757
2019-05-23,0.00875558527616713,False,0.014241482719443293,0.016315961463123377,0.010069497673000121,0.012627556321688646
2019-05-24,-0.0014020165813160776,False,0.01437527967551086,0.016469247888567077,0.01016409934926642,0.012746190640298399
2019-05-28,-0.005079127934097918,False,0.014173669562842486,0.01623827033562013,0.010021550107704946,0.01256742814043129
2019-05-29,0.0032067413386132966,False,0.01416275314700581,0.01622576378531105,0.01001383161195346,0.01255774883536705
2019-05-30,0.005062907666908317,False,0.01409619752939383,0.01614951337560976,0.009966773194661419,0.012498735681577056
2019-05-31,0.014424310458736921,False,0.014115420189511703,0.01617153609528583,0.009980364653861208,0.012515779919741928
2019-06-03,0.012859147970708999,False,0.014570746188051561,0.01669318693682299,0.010302304733632113,0.012919505767995174
2019-06-04,0.0005291359094371339,False,0.01489580579401193,0.017065596194240168,0.010532139436260059,0.013207727757449016
2019-06-05,0.003695764872375826,False,0.01465259396157351,0.01678695702698385,0.010360175531305048,0.012992078082993118
2019-06-06,0.006976979179977753,False,0.01458718884332125,0.016712024703579215,0.010313930579215596,0.012934085047385278
2019-06-07,0.0026877541074792105,False,0.014621712771405667,0.016751577543074776,0.010338340861512554,0.012964696526184231
2019-06-10,-0.012378717355321674,False,0.014455669511446072,0.016561347671362515,0.010220939306301044,0.012817470239548079
2019-06-11,0.001282541956835377,False,0.014741314089053135,0.01688860052924255,0.010422905454502208,0.013070743937433038
2019-06-12,0.004137988749946852,False,0.014544346832873352,0.0166629421322458,0.010283638963306614,0.0128960981389627
2019-06-13,0.0054658717373067345,False,0.014434985174181415,0.01653765036003975,0.010206314362391961,0.012799129969863262
2019-06-14,0.0006718355335490992,False,0.014830088297466144,0.016990305990107833,0.010485673615840971,0.013149457744045193
2019-06-17,-0.0010452624905258059,False,0.01457566794842846,0.01669882562306249,0.010305784684114697,0.01292386976629405
2019-06-18,0.005883921663461859,False,0.014594396977902194,0.016720282807623613,0.010319027119780883,0.012940476314866924
2019-06-19,-0.001486326103211523,False,0.01461508628935478,0.016743985817697,0.01033365558070956,0.012958820995036202
2019-06-20,0.03529136934367409,False,0.014425316478644548,0.01652657327860898,0.010199478072300023,0.012790556986287446
2019-06-21,0.0023663033426528273,False,0.016173072547686115,0.01852891539643426,0.01143523603492836,0.014340247326343434
2019-06-24,0.012880517986897823,False,0.015940981941359934,0.01826301742335306,0.011271135437654454,0.014134458556953746
2019-06-25,0.00042413090583868053,False,0.01619771338552415,0.018557145530087096,0.011452658438491166,0.014362095723293604
2019-06-26,-0.002335078951077535,False,0.015956453444825554,0.01828074257594388,0.011282074626446375,0.01414817674102503
2019-06-27,-0.0022694698902970736,False,0.015760484452879503,0.01805622785486125,0.011143513961994853,0.013974416077767346
2019-06-28,0.0009225555241278228,False,0.015602534306873368,0.017875269976661362,0.011031834675575652,0.013834365747053651
2019-07-01,-0.017243639951311836,False,0.015447610151147267,0.017697778868163018,0.010922294927762336,0.013696998484068417
2019-07-02,0.013619306155092862,False,0.016347991054912143,0.01872931332404544,0.011558912869438888,0.014495343066387887
2019-07-03,0.009283258338381215,False,0.01678156078432063,0.019226038779952343,0.01186547009156026,0.014879778190548821
2019-07-05,-0.014923529329707681,False,0.0168467278143644,0.019300698334143898,0.011911546702423694,0.014937560119467742
2019-07-08,0.00021480390487373257,False,0.017209302689813813,0.019716087504770972,0.012167906727327678,0.015259045933182627
2019-07-09,0.0003578457722924877,False,0.016859631078607135,0.01931548114617832,0.011920670007336945,0.014949001111895888
2019-07-10,0.008975680500219938,False,0.016532256543087483,0.01894041975609889,0.011689198524447454,0.014658726533960465
2019-07-11,-0.0041216137849031005,False,0.016570540184376384,0.018984279965618012,0.011716267127096969,0.014692671653727727
2019-07-12,0.0039798044429101,False,0.01640804175822392,0.01879811128422769,0.011601371960895316,0.014548588480026681
2019-07-15,0.0010633396770111903,False,0.01638727200414342,0.018774316113889605,0.011586686622682823,0.014530172473448863
2019-07-16,-0.001560004046945811,False,0.016911018667396176,0.01937435408341962,0.011957003808804536,0.014994565164772456
2019-07-17,0.008549847281970965,False,0.016661106165609358,0.01908803819703094,0.011780302168619252,0.014772974179200518
2019-07-18,0.0033714485237431127,False,0.016919859337922533,0.019384482525974217,0.011963254640480325,0.015002403959874924
2019-07-19,-0.0007014590755676152,False,0.016709288446504322,0.01914323892674248,0.011814369644240262,0.014815696168033738
2019-07-22,0.00014038257143025957,False,0.016531012986980176,0.01893899505798818,0.011688319263096969,0.014657623904754393
2019-07-23,-0.003655077659947234,False,0.016375996346534128,0.018761397993027555,0.011578714123590204,0.014520174637947435
2019-07-24,0.001899520933457056,False,0.016224031702211608,0.018587297491740682,0.011471266910225632,0.014385431497581291
2019-07-25,-0.006274934527660716,False,0.016009078773522933,0.018341033547883082,0.011319283576897555,0.014194838266033676
2019-07-26,0.003248114383933726,False,0.016010657860804158,0.018342842652155085,0.011320400076914934,0.014196238402099097
2019-07-29,0.0007751493255889368,False,0.01588555776041289,0.018199519905694832,0.011231947547455896,0.014085315361664344
2019-07-30,0.00708947330791591,False,0.01566723284454289,0.01794939279576187,0.011077580037020376,0.01389173227583772
2019-07-31,-0.0025211692591502522,False,0.015651589733967703,0.017931471038994253,0.011066519512730988,0.013877861932157502
2019-08-01,-0.003652937797119556,False,0.015517087815778817,0.01777737696346025,0.010971419390159621,0.013758602541772079
2019-08-02,0.0172339525633451,False,0.015416528863037389,0.017662170139141238,0.010900318777914612,0.013669439505562458
2019-08-05,0.013057707568042691,False,0.01579236339726843,0.018092750430381048,0.011166054097924923,0.014002682317573794
2019-08-06,0.0053115881284716455,False,0.016063806565167843,0.018403733237025783,0.011357979082237355,0.01424336399084562
2019-08-07,0.023426264124913006,False,0.015934471223809695,0.018255558325256348,0.011266532008607548,0.014128685671210046
2019-08-08,-0.006389437814637304,False,0.016885769626638413,0.019345427153260715,0.011939151372919564,0.014972177489941237
2019-08-09,-0.000734713063036057,False,0.01686506941593952,0.01932171165630754,0.01192451520563492,0.014953823145690675
2019-08-12,0.005796393970688471,False,0.016574065294175006,0.018988318558843215,0.01171875957016723,0.01469579727789195
2019-08-13,-0.0020615785564280236,False,0.016453579558692335,0.01885028232654084,0.011633569645987768,0.014588965676103016
2019-08-14,0.009078670323797037,False,0.0161986425711032,0.01855821006503746,0.011453315422894428,0.014362919608240408
2019-08-15,0.0024377881760616533,False,0.016276431758669094,0.01864733037726731,0.011508316581032968,0.014431893279490642
2019-08-16,-0.004683215342362713,False,0.016788004696207663,0.01923342134117099,0.01187002628539413,0.014885491841429739
2019-08-19,-0.008032155425561887,False,0.016689097850113008,0.019120107276820356,0.011800093801802783,0.014797793685678321
2019-08-20,0.0027953104204053326,False,0.0167124515257786,0.019146862754440806,0.011816606112171259,0.014818500789046367
2019-08-21,0.0,False,0.01677530840179811,0.019218875647131147,0.011861049319334398,0.01487423436382774
2019-08-22,-0.0048635471453845345,False,0.01670821999103765,0.01914201483522317,0.01181361418850245,0.014814748796060723
2019-08-23,0.019379505617472023,False,0.016584246140643372,0.018999982393425062,0.011725957978636483,0.01470482437252208
2019-08-26,-0.00019648645968019812,False,0.017214481459063763,0.019722020636957643,0.012171568396968311,0.015263637814636901
2019-08-27,0.009585018407868445,False,0.016886095682174505,0.01934580070351995,0.011939381911798599,0.014972466594996318
2019-08-28,-0.002078700970101249,False,0.01693761712056602,0.019404826987501813,0.011975810352166306,0.015018149328871704
2019-08-29,-0.007375322175081968,False,0.01673436015705227,0.019171962695971677,0.0118320966980867,0.01483792660873027
2019-08-30,-0.004859495032714913,False,0.016770071356107197,0.01921287574969372,0.011857346445101644,0.014869590810152605
2019-09-03,0.017488242652852915,False,0.016609552236637674,0.019028974689744144,0.011743850755656074,0.014727262636763612
2019-09-04,0.0028422112731653843,False,0.016886158202164048,0.019345872330453758,0.011939426116808823,0.014972522029862526
2019-09-05,-0.0227690454603242,False,0.017124793580363538,0.01961926841646136,0.012108154221375816,0.01518411388008803
2019-09-06,-0.006089556358749777,False,0.017896593538264845,0.0205034922447265,0.012653858487793141,0.015868449045847836
2019-09-09,-0.002659222501661612,False,0.017783940515066547,0.020374429672983297,0.012574206714357853,0.015768562508521013
2019-09-10,-0.007953193028797172,False,0.017494038710594174,0.020042299461330303,0.01236923047676795,0.015511514037104749
2019-09-11,0.0027473300929079327,False,0.017415604804144533,0.01995244051755,0.012313773467547928,0.015441968710207662
2019-09-12,0.00287322825901904,False,0.017504075128601058,0.02005379782934816,0.012376326766512248,0.015520413070733945
2019-09-13,-0.005218052260891263,False,0.01719466785204186,0.01969932089038045,0.012157559106381707,0.015246069599056139
2019-09-16,0.008149645086967567,False,0.0176270824545349,0.020194722958364282,0.012463299591368592,0.015629480501900314
2019-09-17,0.0013296990407197322,False,0.017554678363467954,0.020111772160129774,0.012412105987382474,0.015565281657167642
2019-09-18,0.0015933246639142726,False,0.017315304712539913,0.019837530261251023,0.012242855884111508,0.015353035199508055
2019-09-19,-0.006054761178040599,False,0.017047486126998915,0.019530700010013953,0.012053493675343075,0.01511556735015998
2019-09-20,0.005922114787613536,False,0.017574588112002926,0.020134582052627383,0.012426183255212825,0.01558293511895451
2019-09-23,0.010821552218634716,False,0.01750168060370376,0.020051054507131193,0.012374633708046617,0.015518289907113977
2019-09-24,0.005497771957127581,False,0.017836118582021013,0.020434208233012518,0.01261109942659366,0.015814827458049397
2019-09-25,-0.01811226148683577,False,0.017677479420463247,0.020252460974141434,0.012498932968955668,0.015674166194973096
2019-09-26,0.0019255837015005862,False,0.018339600226005778,0.02101102928897111,0.012967088149283415,0.01626125167816757
2019-09-27,-0.0055877378688848015,False,0.017982461052429427,0.020601867609121024,0.012714571459265285,0.015944585561453502
2019-09-30,-0.022532001013061617,False,0.018676744382030198,0.021397283386636216,0.013205467281669582,0.016560188727251252
2019-10-01,0.011059616136638108,False,0.019447109961913192,0.022279863898897582,0.013750157365336267,0.017243252066925976
2019-10-02,0.012739025777429712,False,0.01963603711460228,0.02249631103458833,0.013883739069000594,0.017410768912487336
2019-10-03,0.004055705592803874,False,0.01975406280014617,0.02263152887495854,0.013967189604970131,0.01751541925128785
2019-10-04,-0.0005973679771035407,False,0.01945895237589506,0.022293431332427147,0.01375853059180308,0.017253752430721428
2019-10-07,-0.005659324852886079,False,0.019258636971599605,0.02206393708092674,0.01361689677900736,0.017076137915458263
2019-10-08,-0.00033390097896368473,False,0.019172884625712046,0.021965693660741026,0.01355626523772899,0.017000103516600782
2019-10-09,0.005926847590369729,False,0.018739916295966764,0.02146965720709057,0.013250133237659879,0.016616201638048368
2019-10-10,-0.007531060731030875,False,0.01884462642507969,0.021589619886894458,0.013324168955865166,0.016709045415544906
2019-10-11,-0.008127734184569402,False,0.018819459751432812,0.02156078732181211,0.01330637475797744,0.016686730773511765
2019-10-14,0.006051659334595071,False,0.018746427855946705,0.021477117270329103,0.013254737262350096,0.01662197527075281
2019-10-15,-0.00949724306442893,False,0.018700158912393024,0.021424108583324157,0.01322202261959665,0.016580949788913658
2019-10-16,0.007013803030788963,False,0.01865542641001886,0.021372860142465575,0.013190394323762736,0.01654128662993874
2019-10-17,0.0028856502644308848,False,0.01863414180657725,0.02134847512748135,0.01317534495923741,0.0165224141196785
2019-10-18,-0.0027512835044978985,False,0.01828522489342885,0.020948733399677337,0.01292864185154614,0.016213038469743125
2019-10-21,-0.0039048907125390424,False,0.01793576399968695,0.020548368452607813,0.012681554120186933,0.015903180486211057
2019-10-22,-0.0004723681798664878,False,0.01765518623918048,0.02022692046730899,0.012483170485408633,0.015654399404689847
2019-10-23,0.005518975719105269,False,0.017255074015017587,0.01976852608808795,0.012200269527024108,0.015299630189633666
2019-10-24,0.006022502044866212,False,0.017109048364654014,0.019601229681464025,0.012097021503240261,0.01517015300241216
2019-10-25,0.00040019716452753957,False,0.018209336929296677,0.020861791251679997,0.012874984961088074,0.016145750564396797
2019-10-28,-0.006355599249558961,False,0.017888661565123188,0.02049440486452492,0.012648250154260344,0.015861415969337368
2019-10-29,-0.0020154524793497153,False,0.017776061879120314,0.02036540339931411,0.01256863609310374,0.015761576724729463
2019-10-30,0.004160767879948392,False,0.018181551647349352,0.020829958639976186,0.012855339265662674,0.016121114069755346
2019-10-31,0.012114954399792637,False,0.01805306112406516,0.020682751606299895,0.012764489524052111,0.016007184828570425
2019-11-01,-0.0022521201719947464,False,0.01814023646669665,0.020782625303367133,0.01282612720090526,0.016084480962029808
2019-11-04,0.0,False,0.018309913802491938,0.02097701860682715,0.012946098244062088,0.016234929490211773
2019-11-05,-0.018201754334461643,False,0.017956354724272733,0.02057195851520577,0.012696112874874661,0.015921437751941988
2019-11-06,0.0063277911200314285,False,0.01834171788381998,0.021013455414394238,0.012968585447763664,0.01626312935086821
2019-11-07,-0.017601321488917986,False,0.018194712795480704,0.020845036900432063,0.012864644908417256,0.016132783721192683
2019-11-08,-0.001982500969778094,False,0.0185423224186586,0.021243280912499583,0.013110423691473567,0.01644100023074524
2019-11-11,-0.003976999709097086,False,0.018207609796425193,0.0208598125368279,0.012873763784840278,0.01614421916011542
2019-11-12,-0.00233871646192102,False,0.017957424413462618,0.02057318402015799,0.012696869202921438,0.01592238621782564
2019-11-13,0.00658934076646455,False,0.01802891618879589,0.020655089610625444,0.01274741775039636,0.01598577613566937
2019-11-14,0.006886066178064791,False,0.017845060977271298,0.020444453217974123,0.012617422183144903,0.015822756449847392
2019-11-15,-0.003062164177331961,False,0.017783222073019255,0.020373606579420073,0.012573698737016874,0.015767925484441794
2019-11-18,0.0024504644323866277,False,0.017505352702524755,0.020055261500464154,0.012377230080296717,0.015521545862662597
2019-11-19,0.0016303409319782403,False,0.017342643967415687,0.01986885187556402,0.012262186214300886,0.015377276213420565
2019-11-20,0.0,False,0.01709671225145716,0.01958709663426033,0.012088299204756554,0.015159214888224703
2019-11-21,-0.006947360157733074,False,0.016789372868990342,0.019234988808185263,0.011870993657466465,0.014886704965035713
2019-11-22,0.0,False,0.016900724632053103,0.019362560572359966,0.011949725369685879,0.014985437708479253
2019-11-25,-0.004452519674764632,False,0.016694184249580517,0.019125934584224562,0.01180369016101699,0.014802303665223
2019-11-26,0.0021945374432130837,False,0.016428317696153258,0.01882134070692201,0.011615708144410717,0.01456656663252819
2019-11-27,-0.0043938174856029385,False,0.016204950748666947,0.018565437120257777,0.011457775645228744,0.014368512906989048
2019-11-29,0.008359042281367265,False,0.017424685907284198,0.019962844415219106,0.012320194298070599,0.015450020690722486
2019-12-02,-0.0022541262526476727,False,0.016646397331692205,0.019071186807882244,0.01176990222840101,0.014759932234595857
2019-12-03,0.010814526309483834,False,0.016447973353532465,0.018843859496197626,0.011629605756066771,0.014583994798224512
2019-12-04,-0.0028453045693533395,False,0.016281205573870687,0.018652799567968566,0.01151169192628393,0.014436126098608915
2019-12-05,0.0019655192135956674,False,0.031204041775436633,0.035749363541103106,0.022062943320991533,0.027667821022996284
2019-12-06,-0.01212552242517598,False,0.023304176122296117,0.026698767749941614,0.016477311517168962,0.020663213396529632
2019-12-09,0.00013711159596173993,False,0.02405574483719627,0.02755981336090588,0.01700871120179974,0.021329610039630836
2019-12-10,0.0022587550109528006,False,9.85584712305763e-06,1.1291494362921905e-05,6.968616374163126e-06,8.73892607224455e-06
2019-12-11,0.0046385136565482935,False,0.0573778480457725,0.06573576473702793,0.040569238383434694,0.05087546164179229
2019-12-12,-0.0018392248396021497,False,0.04849411734599149,0.055557989669513114,0.0342879608387254,0.04299848619140293
2019-12-13,0.006049724215781696,False,0.049843515294860294,0.057103947022823155,0.03524205808925499,0.044194962635281096
2019-12-16,-0.0004066804034237166,False,0.015987216223549268,0.018315986400062656,0.011303825572950739,0.014175453305452904
2019-12-17,-0.00027123977476679824,False,0.016149052350799793,0.018501396309099426,0.01141825245804829,0.01431894923575726
2019-12-18,-0.0013572206434196252,False,0.04931247895816483,0.05649555753306783,0.03486658671018762,0.043724106378064974
2019-12-19,0.0037955689629014283,False,0.03899949503352723,0.044680337755813086,0.027574749920676326,0.034579848865099946
2019-12-20,-0.002370552172288522,False,0.059803539306560016,0.06851479315086091,0.042284333151802425,0.05302625967441594
2019-12-23,0.005275305725533864,False,0.04713548176882095,0.054001449093209315,0.03332733208592734,0.04179381898017581
2019-12-24,0.011135059860575142,False,0.044194315637287054,0.050631859409037264,0.031247768735620157,0.039185962641826846
2019-12-26,0.006781087784430196,False,1.990745320541799e-17,2.280726281997896e-17,1.4075644908352017e-17,1.7651426577205683e-17
2019-12-27,0.0029770786135146807,False,0.07088552410461556,0.08121102994459986,0.0501198951037819,0.06285237047694438
2019-12-30,0.00046227333689126925,False,2.266014005310744e-08,2.5960918475905164e-08,1.602194322246397e-08,2.0092163183775036e-08
2019-12-31,0.003295981889555684,False,0.05029763374547405,0.05762421441954524,0.035563144367404854,0.044597617781856135
2020-01-02,0.0032851540714616823,False,6.52652274965584e-09,7.477205552916285e-09,4.614604176763051e-09,5.78689980738768e-09
2020-01-03,0.016072149694003442,False,0.0438199907873439,0.05020300870952241,0.03098310084396147,0.03885405842803235
2020-01-06,0.010913635018349008,False,0.061775582528590896,0.07077409310214627,0.043678674248617086,0.05477481966255548
2020-01-07,0.0035692183565126895,False,0.06673193837978375,0.0764524141490962,0.047183085600534094,0.05916949287841537
2020-01-08,-0.009203710678121977,False,3.1425073609408476e-09,3.600259187106376e-09,2.2219224768765213e-09,2.786380426346008e-09
2020-01-09,-0.0036667071971181846,False,0.0567062297654205,0.06496631550227995,0.040094367975319414,0.0502799549920358
2020-01-10,0.0037308990396736773,False,0.10463380767026967,0.11987524103492493,0.07398175482209263,0.09277610523693539
2020-01-13,-0.00585981619083129,False,0.11006128689054505,0.12609331141035124,0.07781927584820078,0.09758851142307308
2020-01-14,-0.003882494785876494,False,0.039550103570677106,0.04531115042120635,0.02796405990284519,0.035068059288904364
2020-01-15,0.006269176242541576,False,0.0597284042503394,0.06842871358274463,0.04223120860791337,0.05295963935314393
2020-01-16,-0.001999275510573253,False,0.05805471434289783,0.06651122643839322,0.04104781942293071,0.05147562157300043
2020-01-17,0.006306764371860662,False,0.07481994339252676,0.08571855452936009,0.05290174209574857,0.06634091883458187
2020-01-21,-0.0015408479920918832,False,2.4963068282852478e-14,2.8599301640711457e-14,1.7650237895661483e-14,2.2134110395227257e-14
2020-01-22,-0.0007069933514569245,False,0.016348817416849955,0.018730260057598234,0.011559497151972794,0.014496075780257462
2020-01-23,0.00596170020177131,False,0.041690316714170846,0.0477631166848342,0.0294773062194462,0.03696573121972014
2020-01-24,0.004145810767128866,False,0.03941798123776311,0.04515978255209399,0.027870642275619313,0.034950909815560094
2020-01-27,0.0036215123910229036,False,5.891464186824335e-12,6.7496414893908545e-12,4.1655834640587335e-12,5.223809718546217e-12
2020-01-28,-0.004831603586278797,False,3.1191225473369516e+152,3.5734680358547873e+152,2.2053881503034536e+152,2.7656457137691886e+152
2020-01-29,0.0003823495785668443,False,9.91420018913534e-16,1.1358347400357341e-15,7.009875144380903e-16,8.790666234624801e-16
2020-01-30,0.00868933318130266,False,4.0674717248848605e-06,4.659958041093602e-06,2.8759222530112325e-06,3.6065225303217174e-06
2020-01-31,-0.000378963863372795,False,0.013393635576765822,0.015344613073418233,0.009470023938527597,0.011875792073733916
2020-02-03,-0.0036075310705902057,False,4.411817402696816e-07,5.054462666760317e-07,3.119393250360494e-07,3.911844983493257e-07
2020-02-04,-0.017138114161285474,False,0.04868580979130669,0.05577760490285288,0.03442349775367021,0.04316845495079026
2020-02-05,0.004761622946685296,False,2.383606196150043e-23,2.730813048458094e-23,1.6853383540404118e-23,2.1134822885764306e-23
2020-02-06,0.0046751032672821095,False,2.115406023367085e-12,2.423545626256648e-12,1.4957063424768158e-12,1.8756760956384092e-12
2020-02-07,0.002233782116915276,False,0.014202856550560923,0.016271708831893314,0.010042186884837108,0.01259330749151682
2020-02-10,0.0038812607041441385,False,0.05429973609146069,0.06220928108254408,0.03839284693798074,0.048146178965735725
2020-02-11,-0.005795625430667941,False,8.79518534929124e-09,1.0076331801052295e-08,6.218671198286219e-09,7.798464566209676e-09
2020-02-12,0.0011490897071122928,False,0.034244752478560285,0.039232997909099,0.02421289006126796,0.03036394097188573
2020-02-13,0.004900535612764321,False,0.027430074680201113,0.03142566334063933,0.019394544697611496,0.024321541496481566
2020-02-14,0.004813471680398959,False,0.017279385440142618,0.019796378825283085,0.012217459018002435,0.015321186504806367
2020-02-18,0.010871410739791924,False,3.096464143245637e-10,3.5475091062087165e-10,2.189367434499762e-10,2.7455550898180724e-10
2020-02-19,0.004676547883901803,False,0.05610081182931215,0.06427270965314026,0.03966630478703125,0.04974314648431411
2020-02-20,0.005644986085864686,False,0.0159416669756126,0.01826380224279129,0.011271619793879788,0.01413506595920099
2020-02-21,0.01717201549417072,False,0.01877678668637081,0.02151189830521313,0.013276202595583495,0.016648893664616228
2020-02-24,0.01676255638881947,False,0.041725038716474774,0.04780289645093538,0.029501856550917235,0.03699651832583347
2020-02-25,-0.015364987376213718,False,0.0220904093771167,0.0253081982544964,0.015619112855068784,0.01958699765143586
2020-02-26,-0.004198505886171601,False,0.03267655775886392,0.03743637285837257,0.02310409167335608,0.028973463060529975
2020-02-27,0.0,False,0.0179204533859847,0.020530827625710506,0.012670728689149717,0.01588960495895357
2020-02-28,-0.047385678747064744,False,0.02643688783366128,0.030287804408879286,0.018692307940589462,0.023440908272419885
2020-03-02,0.017868979456354687,False,0.01732924611519782,0.0198535024316345,0.012252713208969299,0.015365396682559655
2020-03-03,0.030796353102671873,False,0.017676230883287687,0.02025103056939756,0.012498050185720831,0.01567305914918196
2020-03-04,-0.0006091618212690988,False,0.01937699461496049,0.022199535233590004,0.013700582027087398,0.017181082592714475
2020-03-05,0.01529889178860684,False,0.019005016646412968,0.021773373272822652,0.01343757350736474,0.016851259298272785
2020-03-06,0.002636957249874577,False,0.019516378510289627,0.022359222417120787,0.013799133971243764,0.017304670706626384
2020-03-09,0.0022120303868409007,False,0.019248402243853276,0.02205221151647644,0.013609660273563669,0.017067063045685223
2020-03-10,-0.009239341300194449,False,0.019002032239226124,0.021769954143395606,0.013435463370252247,0.0168486131012032
2020-03-11,-0.010725720864527515,False,0.019104581540604276,0.021887441239530046,0.013507971266511204,0.01693954092834121
2020-03-12,-0.03225585264372553,False,0.019261390680550446,0.02206709190756998,0.013618843800003617,0.0170785795583374
2020-03-13,-0.047416352203101815,False,0.0229270502734052,0.0262667080453119,0.016210663167931367,0.020328825609032403
2020-03-16,-0.019856680529920206,False,0.03100471196957787,0.035520998454762545,0.02192200637953711,0.027491080412509403
2020-03-17,0.02590818443844778,False,0.03208251454026639,0.03675579861950947,0.022684071024862595,0.028446740222175772
2020-03-18,-0.03171271975140128,False,0.03398172956461508,0.03893166188865856,0.024026918651401975,0.030130725321158347
2020-03-19,0.0008795472315558977,False,0.03737751515276514,0.04282209295435394,0.02642792251816937,0.03314168103521477
2020-03-20,0.0036454671159334207,False,0.03549414164872531,0.040664378752964754,0.025096275702320092,0.03147174220471856
2020-03-23,0.05442181862869502,False,0.03407423432679509,0.03903764131261446,0.024092324515795672,0.030212746913815817
2020-03-24,0.05777508425392426,False,0.04179272844960458,0.047880446176546965,0.029549716849150507,0.037056537070674536
2020-03-25,-0.016947954536260905,False,0.04994145627808156,0.05721615453234861,0.0353113076556145,0.04428180438527245
2020-03-26,0.010845784249569976,False,0.04954685792812183,0.056764077203169595,0.03503230530417644,0.043931924180610954
2020-03-27,-0.016005198817997043,False,0.04831897155243149,0.05535733134801324,0.0341641233004977,0.042843188922413775
2020-03-30,-0.0011707228298990415,False,0.04784138285784029,0.05481017492549165,0.03382644229188533,0.04241972331434766
2020-03-31,-0.02408550651926629,False,0.045424597859443215,0.05204135010048476,0.03211764473218487,0.04027682223544481
2020-04-01,-0.003289523008281446,False,0.0464400437127164,0.0532047103865085,0.03283561980950123,0.04117719194809602
2020-04-02,0.0296535360572285,False,0.04441155669050742,0.050880744775988036,0.03140136989660714,0.039378584694527714
2020-04-03,0.00490888893936245,False,0.04643023467756313,0.05319347252295848,0.03282868429171871,0.04116849452899301
2020-04-06,0.02615913167880727,False,0.044556560552724445,0.05104687055618556,0.03150389546096969,0.0395071558884883
2020-04-07,-0.007301457414060284,False,0.04590006682774614,0.05258607802780585,0.03245382697979407,0.040698408336747545
2020-04-08,0.00036032405214913405,False,0.044363831737471354,0.05082606799057842,0.03136762577648933,0.03933626820654083
2020-04-09,0.041633439372849586,False,0.0420575693874305,0.048183865042443964,0.029736973700118168,0.037291364716402736
2020-04-13,0.004941175038212751,False,0.04701668994299893,0.053865353513105146,0.033243339847390745,0.041688489324501976
2020-04-14,0.006797057351607868,False,0.044971219491524536,0.05152193059024824,0.03179708173248309,0.03987482330115461
2020-04-15,-0.016935449293475353,False,0.04347838016980814,0.04981163754537404,0.030741563681988,0.03855116108243992
2020-04-16,-0.003944735829989091,False,0.04346253912860804,0.04979348902651205,0.03073036321005368,0.03853711523876697
2020-04-17,-0.018301820946780283,False,0.04147966313767982,0.04752177835624821,0.029328362760392628,0.036778950113152215
2020-04-20,0.007313955384594793,False,0.041985691117444435,0.04810151665876566,0.029686151880043504,0.03722763210369412
2020-04-21,-0.013847209197883095,False,0.040530530238801,0.04643439046928705,0.02865727452436367,0.0359373783910592
2020-04-22,0.029647891342731346,False,0.04017477374186324,0.04602681287300435,0.028405735461427568,0.03562193825814698
2020-04-23,0.0026574814347122173,False,0.04274495662760016,0.04897138021497155,0.030222993614736224,0.037900853297124885
2020-04-24,-0.005670027160958046,False,0.040711429972265255,0.04664164087558515,0.028785180408957958,0.036097777530523775
2020-04-27,-0.006753227914803885,False,0.0391589088295301,0.04486297248588385,0.027687464086716317,0.03472119697660888
2020-04-28,-0.0008181536244567528,False,0.03782508373382658,0.043334856397919654,0.026744377684691685,0.03353852858097315
2020-04-29,-0.004159457378130776,False,0.03571562494900222,0.04091812431185307,0.025252876361161736,0.0316681257487397
2020-04-30,-0.011335623435517613,False,0.03409436866974728,0.039060708514967256,0.024106560584012615,0.030230599517694048
2020-05-01,0.006097067443094948,False,0.03376837450985942,0.03868722857227338,0.023876065101269037,0.029941548883316956
2020-05-04,0.007291162026340241,False,0.032427721967792464,0.03715129052124873,0.022928151325815417,0.028752826766647678
2020-05-05,-0.001465717123550518,False,0.03056340232337187,0.03501540565079338,0.021609976618094016,0.027099782503257116
2020-05-06,-0.011922512345884834,False,0.029153690538766687,0.033400348875818185,0.02061323422726818,0.025849827332989142
2020-05-07,0.02207963897860998,False,0.02928275554498491,0.033548214074209305,0.02070449015934931,0.025964265953411336
2020-05-08,-0.006935380050009182,False,0.03156631440307324,0.03616440643713482,0.022319089640363048,0.0279890388413518
2020-05-11,-0.00857515842664911,False,0.030890225602071015,0.03538983548549217,0.021841058332629983,0.027389568295952564
2020-05-12,0.005353411843933332,False,0.03046792802110241,0.03490602413011644,0.021542471128428876,0.02701512789580282
2020-05-13,0.0055583326933722026,False,0.02947679592569322,0.033770519253824086,0.020841687191463308,0.026136316566703933
2020-05-14,0.014021058879757815,False,0.02854825385753305,0.032706721551053544,0.020185157785163752,0.02531300220444713
2020-05-15,0.008764225555300193,False,0.028927583853366662,0.03314130646863225,0.020453364585367978,0.02564934435233003
2020-05-18,-0.012395415869611638,False,0.028550503332962652,0.03270929869524173,0.02018674828581948,0.025314996756435927
2020-05-19,0.007134611589602911,False,0.028835505923236953,0.03303581605101237,0.020388260514293276,0.025567701220670012
2020-05-20,0.0036626025539089747,False,0.028051858553126047,0.03213801906292549,0.019834179487392103,0.024872861259314816
2020-05-21,-0.01734362611469108,False,0.02698597701444909,0.030916876401595364,0.01908054365572773,0.023927771522028136
2020-05-22,0.008161878938069567,False,0.02827969827688961,0.03239904695067623,0.019995274481042026,0.025074880880503168
2020-05-26,-0.017328994749641426,False,0.0278288195922999,0.03188249123894083,0.019676478892498215,0.024675098351108784
2020-05-27,0.003220991829132791,False,0.028944311099827816,0.03316047028141923,0.02046519165229875,0.02566417597140763
2020-05-28,0.001752541583290877,False,0.027722042362025863,0.03176016035467751,0.019600981622097717,0.02458042172819518
2020-05-29,0.013680565277693138,False,0.026349926613849828,0.030188176024729875,0.018630821660137978,0.02336380199615606
2020-06-01,0.0005180443866920326,False,0.02695550848409732,0.03088196968739638,0.019059000758718983,0.02390075586006123
2020-06-02,-0.007277016031962099,False,0.02554314163685776,0.029263871101362738,0.018060381095171954,0.02264844651406495
2020-06-03,-0.016009633407297864,False,0.025200441639390208,0.02887125187327778,0.0178180736827334,0.022344583243314637
2020-06-04,0.012351241473905206,False,0.026328661352931642,0.030163813169788466,0.018615785971821685,0.023344946636413694
2020-06-05,-0.025155268002861633,False,0.026655646901155225,0.03053842891092408,0.018846982419677975,0.023634876309321585
2020-06-08,0.013098481927345721,False,0.029164511824248247,0.03341274643865464,0.02062088546071922,0.025859422288415014
2020-06-09,0.009610330246712897,False,0.02939403260233743,0.03367570025070235,0.02078316905059564,0.026062932457223638
2020-06-10,-0.0008167458702274134,False,0.029034525310989916,0.033263825502342775,0.02052897797337669,0.025744166591408935
2020-06-11,0.010855446283993906,False,0.02747141645325593,0.03147302714321999,0.019423775564633847,0.024358198183005886
2020-06-12,-0.0015600795547297869,False,0.027447454403946088,0.031445574673500454,0.01940683310123175,0.02433695165037976
2020-06-15,-0.005218007981163413,False,0.026051523476792387,0.029846306137961888,0.018419834521129372,0.023099215611859365
2020-06-16,0.005391431183017847,False,0.025245407161310296,0.028922767276362588,0.01784986673597507,0.02238445301472579
2020-06-17,-0.00023130821343635084,False,0.024633061500213257,0.028221224578499408,0.017416905271852367,0.0218415018714935
2020-06-18,-0.002547715531949515,False,0.02317222781781128,0.026547599259026004,0.01638401693744431,0.02054621822971608
2020-06-19,0.0121590659502639,False,0.022166202054539206,0.025395031235891253,0.01567270237267529,0.019654201068508265
2020-06-22,0.006166825249584587,False,0.023647811219740657,0.027092458288892812,0.016720280095809645,0.020967905796371235
2020-06-23,0.008728248980421311,False,0.02324325090350806,0.026628967888406053,0.01643423409602546,0.0206091925725176
2020-06-24,-0.0035613970847807024,False,0.023275011343675638,0.026665354697843986,0.016456690443068894,0.020637353737679862
2020-06-25,-0.0020976074000182165,False,0.02259137705207002,0.025882139145331422,0.01597332406583715,0.020031192799893387
2020-06-26,0.005884713686692411,False,0.021717971356406046,0.024881509228288422,0.01535577905361266,0.019256766440577364
2020-06-29,0.0012967886103743235,False,0.021509377457505093,0.02464253059923991,0.01520829189788852,0.01907181159713706
2020-06-30,0.010202426588476162,False,0.02063919269697743,0.02364559079330364,0.014593024260815124,0.018300241158138015
2020-07-01,-0.011104398270962212,False,0.021131896543235804,0.024210064108803935,0.014941392498246154,0.01873710898230397
2020-07-02,0.006072237805783904,False,0.021769835215239192,0.024940927811221165,0.015392449603731725,0.019302752789848537
2020-07-06,0.0025192455591178196,False,0.021512045675255127,0.02464558748164762,0.01521017847198718,0.019074177437167966
2020-07-07,0.00873997345987791,False,0.02073856915464875,0.023759442874975816,0.01466328878516175,0.01838835570639227
2020-07-08,0.006243658695440093,False,0.021002632085738077,0.024061970406158418,0.014849995543335135,0.018622493513563727
2020-07-09,-0.009018817348082771,False,0.020845241581686262,0.02388165368988947,0.01473871195401207,0.01848293940297243
2020-07-10,-0.0005559571095256041,False,0.02117792998285181,0.024262802987303173,0.014973940626992657,0.018777925648860647
2020-07-13,0.0070930414866313,False,0.020224198755421686,0.023170146958469712,0.01429960112425508,0.01793227670714723
2020-07-14,-0.00022091032603613835,False,0.020245612328902617,0.023194679729852122,0.01431474167756576,0.017951263571823188
2020-07-15,0.00044177186147813246,False,0.019308278446970306,0.02212080955797684,0.013651995983955107,0.017120153734490884
2020-07-16,-0.007035885831272417,False,0.018407380708463983,0.02108868298286846,0.013015012612194564,0.01632135088810333
2020-07-17,0.005323049805576425,False,0.018630794328083667,0.021344640040139966,0.013172978111096276,0.016519445996622348
2020-07-20,0.004194021617199042,False,0.01849754766781641,0.02119198406907016,0.013078765523690302,0.01640129961114069
2020-07-21,0.014487856747344773,False,0.018201601846378642,0.020852929441621947,0.01286951583958029,0.016138892065382007
2020-07-22,0.011709267020525905,False,0.019584773441359893,0.0224375800629923,0.01384749288251898,0.017365314732337885
2020-07-23,0.013322162460929807,False,0.02037740316241669,0.02334566781186361,0.014407924916806777,0.018068119113178384
2020-07-24,0.0043313363665133785,False,0.021360794196817006,0.024472304029211335,0.015103235505431377,0.018940066642643145
2020-07-27,0.017606154822841998,False,0.020913217430217058,0.023959531207764583,0.014786774551291113,0.018543211838978356
2020-07-28,0.007069694974014618,False,0.02255649273677574,0.02584217342299607,0.01594865897031304,0.020000261775027506
2020-07-29,0.004514937092596289,False,0.02241703934950369,0.025682406625011873,0.01585005789159876,0.01987661204439771
2020-07-30,-0.005749772517706172,False,0.02188975400446488,0.025078314513312196,0.015477238666278457,0.019409081694977823
2020-07-31,0.01049918711509946,False,0.021653200386113326,0.024807303425701425,0.015309982478390188,0.01919933568764986
2020-08-03,0.0016289716145934227,False,0.022103635580344543,0.02532335104626816,0.015628464495291157,0.01959872498555351
2020-08-04,0.017745954507515056,False,0.02116229408210056,0.024244889490575034,0.0149628852004383,0.018764061697945818
2020-08-05,0.014830529962694551,False,0.022833543895966105,0.02615958110629103,0.01614454910743764,0.02024591590989432
2020-08-06,0.009993726704919284,False,0.023877738054360425,0.027355877305500702,0.016882850789590224,0.02117177600505848
2020-08-07,-0.020386772968585987,False,0.02404850837286739,0.027551522800474407,0.017003594630572157,0.02132319365289057
2020-08-10,0.007088912486168546,False,0.026036854182194747,0.0298295000476087,0.018409462537346124,0.023086208725752046
2020-08-11,-0.04640713846737047,False,0.025594383971086782,0.029322577625608262,0.01809661219381829,0.022693881773460264
2020-08-12,0.001189424227168705,False,0.03294497677892261,0.03774389100613311,0.023293878421766754,0.029211463299716873
2020-08-13,0.011203697670107498,False,0.030993353525824236,0.03550798548875217,0.02191397534616795,0.02748100917266371
2020-08-14,-0.010118971422733294,False,0.03082877558672974,0.03531943438316539,0.021797609851971433,0.02733508214833879
2020-08-17,0.02447852971429491,False,0.030568631527031362,0.03502139656389364,0.021613673947586894,0.027104419103604747
2020-08-18,0.007228233622483832,False,0.032803627722205166,0.03758195240692377,0.023193937002341805,0.029086132727761733
2020-08-19,-0.020566184811920643,False,0.03182023401143048,0.03645531312334888,0.022498624521375934,0.028214182825224674
2020-08-20,-0.012793958632575233,False,0.03333245427112797,0.038187810221231355,0.023567845942071015,0.029555029623013384
2020-08-21,0.0004135698294723892,False,0.03330050236178967,0.03815120405235785,0.023545254215979833,0.02952669868706357
2020-08-24,-0.0035730170549381117,False,0.0312240044897135,0.035772234114571984,0.022077058038462858,0.027685521448143784
2020-08-25,-0.008282324903757287,False,0.02988556385896435,0.03423883017186543,0.021130708203808548,0.026498760576331836
2020-08-26,0.015003475387935178,False,0.029404753290615683,0.03368798256289217,0.02079074915638922,0.026072438215697512
2020-08-27,-0.009890547937341995,False,0.030023033549751256,0.034396324319168246,0.021227906701939428,0.0266206514143249
2020-08-28,0.02213049019313123,False,0.02979660038300491,0.03413690787388742,0.021067806220089354,0.026419878951055742
2020-08-31,0.0015258636993629058,False,0.031655431042200206,0.03626650420871963,0.022382099918716262,0.028068056272467945
2020-09-01,0.00030488114322395907,False,0.029881888552647295,0.03423461950381804,0.021128109563685448,0.02649550177677898
2020-09-02,-0.017322181174838722,False,0.028069548041719395,0.03215828528238292,0.01984668691149508,0.02488854607373442
2020-09-03,-0.00352152038087395,False,0.029325601687364734,0.033597301379350526,0.02073478469675739,0.026002256525511646
2020-09-04,-0.0019213045878462153,False,0.028126792450109742,0.03222386817004117,0.019887161800833105,0.024939303217866884
2020-09-08,0.004718811695522806,False,0.026758431651569718,0.030656185752665707,0.01891965679112566,0.023726012903062466
2020-09-09,0.006034498194198085,False,0.025916046880779763,0.029691095408626855,0.01832404524868005,0.0229790919997242
2020-09-10,0.004873179121465835,False,0.025343945398924046,0.029035659039054897,0.017919538593456494,0.022471824334820763
2020-09-11,-0.008427543375380205,False,0.024600333215266484,0.02818372894363713,0.01739376460626262,0.021812482543266298
2020-09-14,0.007864507194070662,False,0.02457573608693408,0.028155548886414073,0.01737637310768168,0.021790672902410206
2020-09-15,0.001637117684006527,False,0.02438452503301623,0.02793648516611847,0.01724117656246178,0.021621130980389643
2020-09-16,0.0019915248986203523,False,0.023205170826974923,0.02658534089580512,0.016407309424655774,0.02057542794838195
2020-09-17,-0.010358510867938483,False,0.022156552800203084,0.0253839764275544,0.015665879828562584,0.01964564532294497
2020-09-18,0.006217730605110695,False,0.02266932483996418,0.02597144116033022,0.016028437362976086,0.02010030709797421
2020-09-21,-0.02642046360542287,False,0.02233511899860209,0.025588553385522194,0.01579213577779745,0.019803975376904502
2020-09-22,-0.0013684804683452613,False,0.02590083487548275,0.029673667553880796,0.018313289539112616,0.022965603906002635
2020-09-23,-0.020594023641089528,False,0.024668182199045707,0.028261461117067534,0.017441737503308484,0.021872642491560988
2020-09-24,0.00450621665322058,False,0.026740746153341242,0.03063592410482773,0.01890715218842623,0.023710331626796737
2020-09-25,-0.005689815487671344,False,0.02586047031379772,0.029627423307694994,0.018284749613322153,0.02292981368765816
2020-09-28,0.008095526135782653,False,0.025286571747836117,0.02896992808262356,0.01787897232254899,0.022420952594513512
2020-09-29,0.0114147396616161,False,0.025069550424620113,0.02872129445254275,0.017725526522545918,0.022228525370754287
2020-09-30,-0.0035962007873952123,False,0.02539546316234095,0.029094681112748738,0.017955964435418612,0.022517503810190714
2020-10-01,0.011012005311720377,False,0.02451751009664594,0.028088841435202096,0.01733520418691235,0.021739045414863156
2020-10-02,-0.004306089358559664,False,0.024826911916799473,0.028443312122959433,0.017553967989069306,0.02201338404848644
2020-10-05,0.006452168624350489,False,0.024119987909662265,0.02763341436968264,0.017054134524739247,0.02138657271913717
2020-10-06,-0.005978633545181797,False,0.023752985960541647,0.027212953257823268,0.01679464431957885,0.021061161533098026
2020-10-07,-0.009247826747493606,False,0.023427104007791015,0.026839601866865393,0.016564228173343236,0.020772210389902637
2020-10-08,0.00265097449388411,False,0.023675614021499328,0.027124310972422874,0.016739938178688164,0.02099255782537865
2020-10-09,0.01622893453895284,False,0.02274733265828742,0.02606081195006173,0.016083593104871504,0.02016947462349204
2020-10-12,0.001561686938946659,False,0.02418854848757024,0.027711961791258958,0.01710261055727772,0.021447363619637894
2020-10-13,-0.017843559227287458,False,0.02305218367046378,0.02641006893858252,0.016299139239933036,0.020439778172765398
2020-10-14,0.006755025244470127,False,0.02479874641364388,0.02841104390530758,0.017534053456708366,0.021988410421481974
2020-10-15,0.0009987659359625074,False,0.024429340723250557,0.027987828912356932,0.017272863676607016,0.021660867899899905
2020-10-16,-0.0012617784764216624,False,0.023198994974572888,0.02657826544082767,0.0164029427633596,0.02056995197894973
2020-10-19,0.0029417837343790644,False,0.022160579506896275,0.025388589682545024,0.01566872692773587,0.019649215700170492
2020-10-20,0.002095997386936684,False,0.021388679105461432,0.024504250779687257,0.015122951642313916,0.018964791473713712
2020-10-21,0.007405484259196327,False,0.020531044266424554,0.023521688973531116,0.014516557477738948,0.01820434872721548
2020-10-22,-0.012285488081525435,False,0.02055275332602265,0.023546560272874092,0.01453190695569798,0.018223597591829246
2020-10-23,0.000473310949826521,False,0.02148905616230577,0.024619249212330652,0.01519392364433283,0.01905379322751121
2020-10-26,0.0003679402784737119,False,0.02035797528125185,0.02332340997771528,0.0143941883552398,0.018050892910791105
2020-10-27,0.003200893540376839,False,0.01932454129359064,0.022139441324343114,0.013663494695109404,0.01713457358217773
2020-10-28,-0.017226369257346583,False,0.018829087944870072,0.021571818001424378,0.013313182410896846,0.0166952678449179
2020-10-29,-0.005665724597106544,False,0.02078781662628095,0.02381586395592199,0.014698109408180485,0.018432022172446914
2020-10-30,0.006305149837346229,False,0.020566737156781003,0.0235625810516269,0.014541794279514946,0.01823599669478592
2020-11-02,0.006900605880378817,False,0.02048923175337017,0.023473785860834828,0.01448699377210536,0.018167274647644765
2020-11-03,0.009529133397826345,False,0.020430477591368533,0.023406473302030256,0.014445451405400324,0.01811517884382819
2020-11-04,-0.007309871629980852,False,0.02079630990512785,0.02382559440415491,0.014704114615171203,0.01843955294428492
2020-11-05,0.026408510349030297,False,0.020863409329708035,0.023902467834205375,0.014751557533368716,0.018499048277722526
2020-11-06,0.0025670000104109966,False,0.024384376145409614,0.02793631459087011,0.01724107129088031,0.02162099896557944
2020-11-09,-0.051069383720258016,False,0.023383938974143214,0.02679014921931273,0.016533708162580728,0.020733937065119463
2020-11-10,0.011908134809094027,False,0.03232270311637871,0.03703097414925827,0.022853897324264853,0.028659709253029825
2020-11-11,-0.007869248251789697,False,0.03220998211085754,0.03690183369257976,0.022774197483654574,0.028559762437526358
2020-11-12,0.0063750917154759305,False,0.03146530528377813,0.03604868387296719,0.022247670736044525,0.027899476654040946
2020-11-13,0.006971252371710679,False,0.030503188276162926,0.034946420553303596,0.021567402033677706,0.027046392256787226
2020-11-16,0.0008481832770622549,False,0.029709174296795402,0.03403674690879924,0.021005991253980224,0.02634236048971687
2020-11-17,-0.001484728408849857,False,0.028029872893338095,0.03211283087255878,0.019818634438155628,0.024853367140429093
2020-11-18,-0.005854194473448053,False,0.026635443244019386,0.030515282297770344,0.01883269734258852,0.023616962246340027
2020-11-19,-0.006640641601906295,False,0.026064087516036713,0.029860700311951354,0.01842871797564226,0.023110355822209022
2020-11-20,0.006160128835431433,False,0.025642057465837007,0.029377195457085538,0.018130319930148003,0.02273615263470902
2020-11-23,-0.018758595831691482,False,0.025139317365896613,0.02880122396182855,0.017774855519159236,0.022290385922616496
2020-11-24,-0.01811942127724579,False,0.0269330216426187,0.03085620731094862,0.019043101346951065,0.02388081735626482
2020-11-25,0.0004984918223985983,False,0.028448843326180473,0.03259283043237368,0.02011486916888366,0.025224857443936353
2020-11-27,-0.013268076746218986,False,0.026799853389519693,0.030703641168189588,0.018948944197648962,0.023762740492401985
2020-11-30,-0.0034855405676794873,False,0.027454513727854898,0.0314536622904376,0.019411824424612402,0.02434321097126703
2020-12-01,0.02139477962249914,False,0.02640731514053206,0.030253924023601813,0.0186713984488943,0.02341468692627006
2020-12-02,0.006373984885256353,False,0.02851904359813416,0.03267325639324174,0.020164504553696266,0.02528710221896127
2020-12-03,0.006061505333917496,False,0.027797238112941654,0.0318463094585526,0.019654149080415264,0.024647095865891845
2020-12-04,-0.0004901159441992974,False,0.02705697832708223,0.030998220086348918,0.01913074541957661,0.02399072655921431
2020-12-07,0.014008950144385123,False,0.025534724702784728,0.02925422811862852,0.018054429868060856,0.022640983435173727
2020-12-08,0.00482238504317269,False,0.026331059347715687,0.03016656046733157,0.018617481483684705,0.023347072876692968
2020-12-09,-0.019539712183873785,False,0.02574403269663595,0.029494024860925425,0.018202421927493526,0.022826571448234162
2020-12-10,-0.0005452265623923936,False,0.027672628269100854,0.0317035483816279,0.019566043188823316,0.02453660752332704
2020-12-11,0.0033756623773702715,False,0.026174865341972327,0.029987614536722794,0.018507043883306054,0.023208579670368202
2020-12-14,-0.0060515914033823295,False,0.0251655607047594,0.02883129002404863,0.01779341097752101,0.022313655215996084
2020-12-15,0.012822831309901658,False,0.024728610354959123,0.02833069151130344,0.017484463474145992,0.02192622258271053
2020-12-16,0.002049362562147543,False,0.025408439436854433,0.02910954757005994,0.017965139362537637,0.022529009538947525
2020-12-17,0.016616724168514528,False,0.02421487190694193,0.027742119598876826,0.017121222636885612,0.02147070391834441
2020-12-18,-0.0007951443811694825,False,0.025636263802778204,0.02937055786287853,0.01812622349736512,0.022731015542734462
2020-12-21,-0.003452950477738774,False,0.024288745164286307,0.027826753568789293,0.017173455020800987,0.02153620543501649
2020-12-22,-0.006727547309022039,False,0.023566174880042073,0.026998930430961694,0.016662558793272456,0.020895520954304688
2020-12-23,0.004330039505094346,False,0.023370796313748908,0.02677509213960124,0.01652441559165503,0.020722283806282916
2020-12-24,0.002769976349498633,False,0.02273264364438408,0.026043983267999646,0.0160732071784738,0.020156450252783696
2020-12-28,-0.0014373179976945852,False,0.021839848202497115,0.025021139206658164,0.015441952568146445,0.01936483150435219
2020-12-29,0.0013308847368819284,False,0.0209480742773742,0.023999465460829785,0.014811420225358307,0.018574118508553738
2020-12-30,0.005993626012460182,False,0.019970272144710494,0.02287923224990717,0.014120061292199651,0.01770712651446726
2020-12-31,0.001109894461065988,False,0.019862575963348467,0.022755848555986776,0.014043914273733984,0.017611635081266765
2021-01-04,0.026892014283005597,False,0.018891171616123123,0.021642945060847133,0.013357078920518024,0.01675031583892591
2021-01-05,0.0041053068384807835,False,0.023062097678690704,0.026421427066058583,0.016306148979349764,0.02044856866879207
2021-01-06,-0.02373410559741736,False,0.02243740112694181,0.025705734390985814,0.015864454768284318,0.019894666308583178
2021-01-07,0.002827831959051613,False,0.025334556980567073,0.02902490306124488,0.017912900474472603,0.022463499865809373
2021-01-08,-0.04175284695685238,False,0.024411269843562042,0.027967125746653543,0.017260086588395257,0.021644844915808675
2021-01-11,0.008415501632621867,False,0.03075462563441013,0.035234483413636955,0.021745181829760235,0.027269335293350995
2021-01-12,-0.0036289551927895197,False,0.030297707835912742,0.0347110089033656,0.021422116261423006,0.026864198037029323
2021-01-13,0.005789249861381841,False,0.029175697311339795,0.03342556125435376,0.02062879420438437,0.02586934017203827
2021-01-14,-0.0017818664700341759,False,0.028431710037146653,0.032573201431017614,0.020102755007917725,0.025209665797356257
2021-01-15,-0.011414407787474065,False,0.027174197275889336,0.031132513677062854,0.019213625549089616,0.024094661585306085
2021-01-19,0.005560388855331254,False,0.027532925340694524,0.03154349569321988,0.019467265671045744,0.02441273653099369
2021-01-20,0.014249727942710165,False,0.02686707310932948,0.030780652416216532,0.018996472171072705,0.023822342488524714
2021-01-21,-0.0003215992599331132,False,0.027651786448136696,0.03167967064681815,0.019551306895430696,0.024518127616897627
2021-01-22,-0.0051599671898233754,False,0.026236083099244818,0.030057749549220695,0.018550328144962325,0.023262859880727932
2021-01-25,-0.00043115764322087933,False,0.025648462952811014,0.029384533996244647,0.018134848955492475,0.022741832215208153
2021-01-26,-0.002266879894457694,False,0.024380474775985636,0.02793184493034185,0.01723831281192765,0.021617539721685848
2021-01-27,-0.003138830803113128,False,0.023443695049166508,0.02685860963431829,0.01657595893592002,0.020786921239435072
2021-01-28,-0.0038014599418898284,False,0.022724824449743983,0.026035025094125915,0.016067678585434415,0.020149517174068987
2021-01-29,0.005101511241647846,False,0.022104946386435804,0.025324852790299456,0.01562939130601345,0.019599887243590138
2021-02-01,0.007281389008044573,False,0.02172834664003026,0.024893395822621085,0.015363114939655486,0.019265965937631094
2021-02-02,-0.01641737544450263,False,0.021739744848962593,0.024906454346185814,0.015371174089154283,0.019276072436237655
2021-02-03,0.0009282503708198232,False,0.023395942825219476,0.026803901605593546,0.01654219553379485,0.020744580571033053
2021-02-04,-0.023916484486413037,False,0.022296198883217894,0.025543963990214226,0.015764617153577305,0.019769465911932183
2021-02-05,0.012223053284327792,False,0.025252686950471375,0.02893110747251714,0.017855013940199622,0.022390907816480104
2021-02-08,0.011529720189568878,False,0.025827693736405033,0.02958987234589085,0.018261574802364164,0.022900751539761628
2021-02-09,0.0018542895508146806,False,0.026243557412708115,0.030066312604966564,0.01855561288837764,0.023269487162176295
2021-02-10,0.0028836096711605716,False,0.025117539032974867,0.028776273298496483,0.017759457061217915,0.02227107563512892
2021-02-11,-0.008566387767498546,False,0.024221570165103738,0.02774979355559826,0.017125958667276703,0.021476643091523334
2021-02-12,-0.0018099820260787875,False,0.024302893855115432,0.02784296322187594,0.01718345890959449,0.021548750715156387
2021-02-16,-0.013485351319986577,False,0.02332301684670041,0.026720352899421738,0.016490632927185327,0.020679918982123735
2021-02-17,-0.014629062349107949,False,0.024307225287068565,0.02784792558978521,0.017186521465989216,0.021552591284429913
2021-02-18,0.0012978130348198413,False,0.025379248454071728,0.029076104496783377,0.017944499760679203,0.02250312664554129
2021-02-19,0.0013524313819186311,False,0.02423470826981752,0.027764845416028208,0.017135248017090147,0.021488292310955174
2021-02-22,0.017250896659106188,False,0.023166640513048866,0.026541198082197563,0.0163800664111254,0.020541264110333725
2021-02-23,-0.0012738096892075683,False,0.024754960480004334,0.02836087991466394,0.017503094436107824,0.021949586560650675
2021-02-24,-0.004443464260402694,False,0.02369178449979933,0.027142836915681784,0.016751371580449828,0.021006895772452322
2021-02-25,-0.012322324448977169,False,0.02317429708655789,0.026549969946811233,0.016385480022239572,0.02054805299707544
2021-02-26,-0.02643982642289971,False,0.02394754458216034,0.027435852167661857,0.016932207776014244,0.021233671657272524
2021-03-01,-0.0032458010444414774,False,0.027143471495862347,0.0310973122410382,0.019191900762662674,0.02406741782667069
2021-03-02,0.006134974480583479,False,0.026219929062730834,0.030039242442732674,0.018538906368431637,0.023248536512162913
2021-03-03,-0.01032367748638774,False,0.025764315500976277,0.029517262150223194,0.018216762965932453,0.022844555689005636
2021-03-04,-0.008842158417799017,False,0.026037676181268125,0.0298304417827825,0.01841004373509917,0.02308693757118197
2021-03-05,-0.0012947745929176705,False,0.026048784949457466,0.02984316870435736,0.01841789823435575,0.02309678743012847
2021-03-08,-0.012027309199143453,False,0.02486405168427481,0.028485861836835057,0.017580227811135312,0.02204631492477287
2021-03-09,0.022921797389633937,False,0.025460835880810415,0.029169576316871768,0.018002186479111244,0.022575468117744735
2021-03-10,0.002850427716795303,False,0.027985233485955812,0.03206168908732938,0.019787071965510394,0.02481378652638832
2021-03-11,0.00046463141365605257,False,0.02686860022583357,0.030782401979413097,0.018997551924942947,0.023823696543439153
2021-03-12,-0.0016270843199136934,False,0.025474331739573915,0.02918503804342335,0.018011728780365357,0.02258743454848814
2021-03-15,0.005451831359562948,False,0.024348356556265164,0.027895048225564198,0.017215603495411423,0.021589061322599006
2021-03-16,0.000982772833472422,False,0.023902400869310243,0.027384132617550763,0.016900288732158365,0.02119364388854824
2021-03-17,-0.0021981421073807767,False,0.02278720992093659,0.026106497915031543,0.01611178848391748,0.020204832766318674
2021-03-18,0.003122235750465632,False,0.02195318417718169,0.025150984211688043,0.015522087225178711,0.019465323597190887
2021-03-19,0.0052971527058642155,False,0.02127573496563759,0.024374854685955,0.01504309403369691,0.018864646810764885
2021-03-22,-0.002069427911533476,False,0.02100830065212002,0.024068464681541182,0.01485400352600918,0.01862751968553341
2021-03-23,-0.007566879516500325,False,0.020246678624839802,0.02319590134727512,0.014315495606399558,0.01795220902899697
2021-03-24,0.004743225748486408,False,0.020445734230171504,0.023423952291800488,0.014456238673267778,0.018128706512931154
2021-03-25,-0.004627227810274516,False,0.020129498734071286,0.023061652503970208,0.014232643093029929,0.017848308634663124
2021-03-26,0.004223156783957694,False,0.019834043529658948,0.022723159959040916,0.014023740301662284,0.01758633610639827
2021-03-29,-0.011671575757386563,False,0.01946697080809351,0.02230261776570252,0.013764200056559947,0.017260862168253135
2021-03-30,-0.01660812683626846,False,0.02047153471962596,0.023453510997165757,0.014474481013173104,0.018151583143134024
2021-03-31,0.017600609611377438,False,0.022254439953081902,0.02549612226556642,0.015735091333961816,0.019732439342956622
2021-04-01,0.0073830821038836664,False,0.024039099267767428,0.027540743122596918,0.016996941884943377,0.0213148508414764
2021-04-05,0.00028956131663167214,False,0.023920274440083742,0.02740460973343075,0.016912926312307675,0.021209491923900904
2021-04-06,0.008361011659377205,False,0.02271444180875346,0.026023130070719713,0.016060337497336128,0.02014031115342784
2021-04-07,-0.000804242014787378,False,0.022858271259347425,0.026187910369188876,0.01616203268923406,0.02026784102681758
2021-04-08,0.009551431317729613,False,0.021795944398022772,0.02497084017558116,0.015410910206497775,0.019325903130484264
2021-04-09,-0.007714103350808669,False,0.02220597854232813,0.025440601746679184,0.015700826498450754,0.019689469856859064
2021-04-12,-0.0069651153108131235,False,0.022285770765036086,0.0255320168652035,0.01575724391064789,0.019760219567835566
2021-04-13,0.008627188966826281,False,0.022246400817844392,0.025486912113553736,0.015729407231037863,0.01972531124857283
2021-04-14,-0.006492181509603616,False,0.02246356931915635,0.025735714360357195,0.015882957093906015,0.019917868971363138
2021-04-15,0.01742751851072938,False,0.02232365668830158,0.025575421423294258,0.0157840313051683,0.019793812041263986
2021-04-16,0.007674101250506838,False,0.024093821014572355,0.02760343588638092,0.01703563311625474,0.02136337120648425
2021-04-19,-0.005410888818616735,False,0.024024007772507953,0.02752345333192517,0.016986271382482994,0.021301469600904635
2021-04-20,0.004454866391931009,False,0.023601554690335133,0.02703946382433696,0.016687574230529616,0.020926891321837858
2021-04-21,0.00840435224167868,False,0.023027493126798707,0.026381781858727207,0.016281681691665176,0.02041788570293723
2021-04-22,-0.006212471446331363,False,0.02313930545798212,0.026509881279456762,0.016360739050427897,0.020517026820283828
2021-04-23,-0.002360717879845413,False,0.02292710112559913,0.026266766304866247,0.016210699123179746,0.02032887069836443
2021-04-26,0.001237248457746213,False,0.02207825627719571,0.025294274879109534,0.015610519956858327,0.019576221810411527
2021-04-27,-0.0006746605385477973,False,0.021100699080341363,0.024174322282453364,0.014919334206549447,0.01870944699460549
2021-04-28,-0.00270334073967916,False,0.02017196400923258,0.02311030346305235,0.01426266833673831,0.01788596150159974
2021-04-29,-0.002880286458205009,False,0.019571412974540642,0.02242227345018754,0.013838046310683944,0.01735346835014807
2021-04-30,-0.00045252405155806857,False,0.019024505564309204,0.021795701034588555,0.013451353225198298,0.01686853962035944
2021-05-03,0.013544464845169118,False,0.01815842943232373,0.020803468338598714,0.012838990610471229,0.01610061219658173
2021-05-04,-0.00874639757494062,False,0.019582892096921847,0.02243542467341983,0.013846162670362405,0.017363646592628
2021-05-05,0.004663019601775825,False,0.020043132518342794,0.022962705794887874,0.014171577512609956,0.01777172993321137
2021-05-06,0.017446839157978355,False,0.019737756507214835,0.022612847333695226,0.013955660174926787,0.017500960880874824
2021-05-07,0.00855595396027406,False,0.021719659303454767,0.02488344304933369,0.015356972523366761,0.019258263099797873
2021-05-10,0.00348908627232722,False,0.021956439879293563,0.02515471415408513,0.015524389182459797,0.019468210344490602
2021-05-11,-0.0008711143226879709,False,0.021385304571060335,0.024500384695352574,0.015120565664184482,0.018961799360880466
2021-05-12,-0.007270798097461684,False,0.02042782464028979,0.023403433910106183,0.014443575625663044,0.01811282654036194
2021-05-13,0.0006582236054636419,False,0.020576863596874967,0.02357418255475594,0.014548954219738218,0.018244975548683637
2021-05-14,0.00770136548279548,False,0.01960876741798365,0.02246506911070261,0.013864457920256874,0.017386589574091834
2021-05-17,0.01597700925187108,False,0.019857947047426563,0.02275054537124923,0.014040641380101885,0.01760753074061181
2021-05-18,0.00016065581069687392,False,0.021549226927169176,0.02468818472277281,0.015236467625792536,0.019107145096638883
2021-05-19,0.007201759353874979,False,0.020425979451392653,0.02340131994265413,0.014442270977427181,0.01811119045883997
2021-05-20,0.00026573834868414716,False,0.020547471644634028,0.023540509237901477,0.01452817252161552,0.018218914460829343
2021-05-21,-0.0027139022410788334,False,0.019507355095474264,0.02234888461091805,0.01379275392948296,0.01729666987686451
2021-05-24,0.004200694538999657,False,0.01898777643210657,0.02175362177097551,0.013425383744454502,0.016835972843804475
2021-05-25,0.007137789140429843,False,0.018680341136368888,0.021401404060469024,0.013208010381300239,0.016563377876785877
2021-05-26,0.001684515438402536,False,0.018912375322291643,0.021667237394695817,0.013372071086300834,0.01676911661965543
2021-05-27,-0.002949750706768753,False,0.01818995499358056,0.020839586055602124,0.012861280885435526,0.01612856510065681
2021-05-28,0.0035806730456278716,False,0.017826934420241983,0.020423686264716814,0.012604605728045252,0.01580668409809054
2021-06-01,0.00021024040204428116,False,0.017487286430206583,0.020034563613261495,0.012364456249744702,0.01550552696380811
2021-06-02,0.002414433020726898,False,0.016661020336335975,0.019087939865477646,0.011780241482686077,0.014772898076592027
2021-06-03,-0.019213573983194728,False,0.016213753884580972,0.01857552256073876,0.011463999937905825,0.014376318421116457
2021-06-04,0.00989111901082882,False,0.018968966031271715,0.021732071362133006,0.013412083774839946,0.016819294145339222
2021-06-07,0.0036972523073180667,False,0.01962133719277617,0.02247946985570614,0.013873345430112193,0.01739773487000451
2021-06-08,-0.002428134028169905,False,0.019214500260210474,0.022013371216661012,0.01358568973958723,0.01703700302902123
2021-06-09,0.0005283457753793965,False,0.018703323560148706,0.02142773420797598,0.013224260196528736,0.016583755800658392
2021-06-10,0.0005280667735240403,False,0.017854897178648552,0.020455722204903107,0.012624376908915429,0.015831477956542276
2021-06-11,-0.008908706107218346,False,0.017070863243271766,0.019557482342706465,0.012070022559487248,0.0151362952377114
2021-06-14,-0.007163137661542878,False,0.017744474443816435,0.02032921479541029,0.01254630206984546,0.015733568958528767
2021-06-15,-0.005109598315890978,False,0.018069749220198966,0.020701870565945885,0.012776288909586368,0.016021981734060026
2021-06-16,0.0026925164354793135,False,0.01803240642261784,0.020659088247681576,0.01274988553426695,0.015988870836202367
2021-06-17,-0.04718346889536021,False,0.017581278000992552,0.020142246421085194,0.012430913368147044,0.015588866871403784
2021-06-18,-0.003331750148147224,False,0.02558177211413086,0.029308128668563197,0.018087694929599975,0.022682699164375986
2021-06-21,0.007831701368745038,False,0.0248128155866235,0.028427162457615347,0.01754400112208635,0.02200088519519056
2021-06-22,-0.00309153999585223,False,0.024779730287332262,0.028389257804085504,0.017520608028067507,0.0219715493115294
2021-06-23,0.003372115731426366,False,0.024008940627302276,0.027506191438246112,0.016975618096826142,0.021288109950899088
2021-06-24,-0.0037663122158099844,False,0.02333404524943259,0.026732987749143698,0.016498430603721984,0.020689697583087016
2021-06-25,0.0005630313834598243,False,0.022729323662679306,0.026040179682753607,0.016070859772047853,0.02015350651042274
2021-06-28,0.0016871946194519283,False,0.021747880012600803,0.024915774514530087,0.015376926089345428,0.019283285676533726
2021-06-29,-0.009485124546020829,False,0.020989601504957156,0.0240470417320834,0.01484078221875116,0.018610939632836776
2021-06-30,0.004527967765016482,False,0.02147036211005248,0.024597832099929995,0.015180705939451129,0.01903721769233981
2021-07-01,0.0028759009759461445,False,0.021129846152518398,0.024207715048906966,0.014939942761237416,0.01873529095360741
2021-07-02,0.0037656085928761485,False,0.02057259136986799,0.023569288015852882,0.014545933524438946,0.01824118747491264
2021-07-06,0.006096058971480818,False,0.020183303523861232,0.023123294742635827,0.014270685986193465,0.017896015957477314
2021-07-07,0.0044506332158106765,False,0.02014959920941725,0.02308468090540818,0.014246855215019593,0.01786613120900627
2021-07-08,-0.001055246787513598,False,0.019893754182008273,0.022791568334900505,0.01406595895871714,0.017639280005597505
2021-07-09,0.005762440859237031,False,0.019184145652455985,0.02197859501953975,0.013564227392009378,0.01701008837929032
2021-07-12,-0.0024892835423589803,False,0.019173393320631428,0.021966276454461642,0.013556624912519032,0.01700055456329807
2021-07-13,0.0021577503670339305,False,0.018700605254818925,0.02142461994200526,0.013222338207805233,0.016581345549259184
2021-07-14,0.008201066475030334,False,0.018184633013701657,0.020833488852078984,0.012857517958143327,0.016123846238022377
2021-07-15,0.0022449022507048935,False,0.018613900250628104,0.021325285095001867,0.013161033085639479,0.016504466452794245
2021-07-16,-0.007631333157156481,False,0.018110341613629344,0.02074837583087885,0.01280498992472931,0.016057973964951438
2021-07-19,-0.003201619485910015,False,0.01846921553856111,0.02115952495380777,0.013058733177674963,0.01637617824106058
2021-07-20,0.0012156445618103438,False,0.01812968914535272,0.020770541611522895,0.012818669674900326,0.0160751289235562
2021-07-21,-0.0044274796393197775,False,0.017520705723478327,0.020072850911844683,0.01238808549555165,0.01553515899133877
2021-07-22,0.0011640986772757504,False,0.017432604010995063,0.019971915905705916,0.012325792825166538,0.015457041469565507
2021-07-23,-0.00199643786451196,False,0.016832645690223122,0.019284564944149728,0.011901589879874736,0.014925073862297324
2021-07-26,-0.001499999314886413,False,0.016404651783837765,0.01879422751084994,0.011598975065862306,0.014545582676955923
2021-07-27,0.0004446939315025321,False,0.01590618759155357,0.018223154771285235,0.011246533952590653,0.014103607302171367
2021-07-28,0.0,False,0.015269177395389058,0.01749335479069423,0.010796133329683698,0.013538786750265255
2021-07-29,0.017462614454720644,False,0.01462660373466034,0.016757180946144028,0.010341799036765922,0.012969033217467183
2021-07-30,-0.010209197822209345,False,0.0169970192006657,0.019472881843083146,0.012017810831970175,0.015070819624996146
2021-08-02,0.0030297211452917027,False,0.017829331643917156,0.020426432678827842,0.012606300694692641,0.015808809654647416
2021-08-03,-0.004409907432068376,False,0.01752185455892595,0.02007416709185628,0.01238889778427849,0.015536177634172876
2021-08-04,0.00022097134087597074,False,0.017437748142025988,0.019977809354114015,0.012329430003715005,0.015461602638202147
2021-08-05,-0.002987071836327456,False,0.016733428917615596,0.019170895807989505,0.011831438261495136,0.014837100902680752
2021-08-06,-0.025302169337170947,False,0.01646336550243322,0.01886149373507898,0.011640488836894234,0.014597642620644767
2021-08-09,-0.021014711060311712,False,0.019923217273596958,0.022825323153581652,0.014086790956201968,0.017665404170881173
2021-08-10,0.0031284564647309984,False,0.02239162313324734,0.02565328816781564,0.0158320872536047,0.019854076139353
2021-08-11,0.012416792738750166,False,0.021787980612226324,0.0249617163487497,0.015405279379699375,0.019318841846511267
2021-08-12,-0.0008001511567647293,False,0.02267338644478481,0.025976094396867263,0.016031309137010834,0.020103908418471476
2021-08-13,0.014868869094078072,False,0.021692175767400963,0.02485195613719413,0.015337540178589786,0.019233894155476876
2021-08-16,0.006569223434738159,False,0.022999680059944762,0.026349917414841696,0.016262016350809733,0.020393224572133935
2021-08-17,-0.0010638733336789578,False,0.02287056062237799,0.026201989856385766,0.016170721932824542,0.020278737688835386
2021-08-18,-0.0019065919740294643,False,0.021926307761110892,0.02512019285537236,0.015503084147029129,0.019441492970538803
2021-08-19,-0.0007861331433283399,False,0.021169544888600674,0.024253196482323224,0.014968011912355774,0.018770490801520323
2021-08-20,0.0004493141932800512,False,0.020313445603492238,0.02327239390582136,0.014362703467365892,0.018011409591183625
2021-08-23,0.012387832917253414,False,0.01948177323011046,0.022319576375416643,0.013774666168620804,0.017273987095018047
2021-08-24,0.0013300957751088253,False,0.020501543362944605,0.023487890835107716,0.014495698745204224,0.01817819103510066
2021-08-25,-0.009683432986547027,False,0.01978539850882441,0.022667429084598636,0.013989345643904656,0.017543203817966025
2021-08-26,0.0022343882098449877,False,0.020339406654887964,0.023302136561306,0.014381059333237991,0.018034428587528878
2021-08-27,0.013522720423364417,False,0.019779635294687944,0.022660826374641625,0.013985270740154859,0.01753809372426751
2021-08-30,-0.004192402233391118,False,0.020952152607807552,0.0240041378593079,0.014814303825304841,0.01857773465922148
2021-08-31,0.003311261303656005,False,0.020605521127473526,0.023607014470792043,0.014569216642082918,0.018270385443762874
2021-09-01,-0.0010473937325584054,False,0.02017228300711921,0.023110668927613,0.014262893885477891,0.01788624434881862
2021-09-02,-0.0024297457991778355,False,0.019440038730908767,0.02227176264042345,0.01374515762299574,0.01723698218832337
2021-09-03,0.012199334385803619,False,0.01892850197645962,0.021685713130201543,0.01338347350203357,0.01678341570899874
2021-09-07,-0.019301359933995132,False,0.01994522180443275,0.02285053296383832,0.014102349348288766,0.0176849150222395
2021-09-08,-0.002899725043928858,False,0.022042127506322694,0.025252883428170975,0.015584974964008845,0.019544187358801403
2021-09-09,0.0037346122321662177,False,0.021432327780113673,0.024554257517579097,0.015153813613395075,0.01900349363053238
2021-09-10,-0.00434907227353077,False,0.020998252547207996,0.02405695292425076,0.014846898972991568,0.01861861028942611
2021-09-13,0.0013401970011455836,False,0.020675052915991535,0.023686674573905674,0.014618379372991949,0.018332037491724157
2021-09-14,0.007062031376286556,False,0.019947381239341807,0.02285300695179677,0.014103876185432069,0.017686829737615303
2021-09-15,-0.0068388283782960125,False,0.02013856335272627,0.02307203751595009,0.014239052268131368,0.0178563459988095
2021-09-16,-0.021314620752901005,False,0.020234342241886367,0.023181767991020875,0.014306773117183372,0.017941270675623292
2021-09-17,-0.002968010838533277,False,0.0225974049853164,0.025889045134580416,0.015977586140298997,0.020036537613215957
2021-09-20,0.007063155449170932,False,0.02198116399676946,0.0251830396982643,0.01554187046922572,0.019490132583353043
2021-09-21,0.008027603161512306,False,0.022048335566245168,0.025259995782161867,0.015589364397761965,0.01954969188581336
2021-09-22,0.0003940390072630704,False,0.022211432413839067,0.025446850053765617,0.015704682680252192,0.01969430566441031
2021-09-23,-0.01645707372556822,False,0.02127896640399814,0.024378556830233083,0.015045378835194972,0.01886751204402056
2021-09-24,0.0011437069101939464,False,0.022790574568167285,0.026110352671985897,0.016114167471283292,0.020207816112452308
2021-09-27,0.00017147117355570008,False,0.021912175952556436,0.025104002543708814,0.01549309219491588,0.01942896265947751
2021-09-28,-0.008147357577374788,False,0.02096225860419748,0.02401571594081057,0.014821449310724896,0.01858669538621281
2021-09-29,-0.008272426561606493,False,0.021203130237362394,0.024291674024789617,0.014991758568365215,0.01880027006618166
2021-09-30,0.01944380650125953,False,0.021442238348884906,0.02456561170459281,0.015160820920930813,0.01901228107688218
2021-10-01,0.0009679989072590911,False,0.02344385631266459,0.0268587943881864,0.01657607295792536,0.020787064227629826
2021-10-04,0.005222509201740211,False,0.022506098596272905,0.025784438644208683,0.015913027590454445,0.019955578587186832
2021-10-05,-0.0037438217890526193,False,0.02223246316119668,0.02547094423484123,0.015719552554811656,0.01971295308701209
2021-10-06,0.0005113629953223071,False,0.02175446754001871,0.024923321610966966,0.015381583827118395,0.019289126667610918
2021-10-07,-0.001477930901064451,False,0.020871964701959594,0.023912269420648936,0.014757606643751097,0.0185066341061849
2021-10-08,-0.0009105774646536376,False,0.020142253084573115,0.023076264710815142,0.014241661107883361,0.017859617589108475
2021-10-11,-0.000968454449423833,False,0.01941327893634439,0.022241104893229943,0.013726237002551628,0.017213254966960585
2021-10-12,0.00210656414060376,False,0.018703489768647677,0.02142792462715616,0.013224377714916854,0.016583903173458207
2021-10-13,0.019933037412385866,False,0.01820573779225221,0.02085766784806572,0.012872440176755708,0.01614255930217826
2021-10-14,0.0016711234290114187,False,0.020586168403947412,0.023584842742083802,0.014555533221026882,0.018253225881720195
2021-10-15,-0.01655527628627928,False,0.01992942603738604,0.022832436313967537,0.014091180887626804,0.017670909321993538
2021-10-18,-0.001358948308654003,False,0.02153711328679518,0.024674306554788913,0.015227902627613591,0.01909640424337966
2021-10-19,0.0027726159189181846,False,0.02076844213957076,0.02379366729390591,0.014684410599377556,0.018414843313548833
2021-10-20,0.008104059610460861,False,0.020271417114201315,0.023224243356813723,0.014332987054865045,0.017974144011040624
2021-10-21,-0.0016268056619152453,False,0.020557766240299157,0.02355230339090223,0.01453545135691214,0.018228042413945694
2021-10-22,0.00799626763164088,False,0.019896440808411023,0.022794646307448492,0.014067858548727791,0.017641662168107156
2021-10-25,0.005830920310793144,False,0.020194532414912533,0.02313615928471167,0.014278625418803042,0.017905972326274985
2021-10-26,-0.0073916189533362806,False,0.020154474183539047,0.023090265990295185,0.01425030208509221,0.01787045372313647
2021-10-27,0.0028964946878651475,False,0.020347446618723362,0.023311347662613884,0.014386744022025418,0.018041557416609098
2021-10-28,0.002055814682588965,False,0.019871136250805378,0.022765655773606713,0.014049966859432092,0.01761922526791526
2021-10-29,-0.010377806530908187,False,0.019336248422634872,0.02215285376671955,0.013671772267816596,0.017144953992299598
2021-11-01,0.006763378213492534,False,0.020029212595491598,0.022946758233156842,0.014161735375135948,0.017759387495751747
2021-11-02,-0.003571645375540873,False,0.020143129569131033,0.02307726886807543,0.014242280829817532,0.017860394745415738
2021-11-03,-0.014131911060620329,False,0.01977004243597075,0.02264983617676446,0.013978488070791483,0.017529587983248565
2021-11-04,0.01653303396466099,False,0.021029399035040634,0.024092636350281613,0.014868921222565673,0.01864622707884878
2021-11-05,0.012966339059569584,False,0.022575550082095754,0.025864006747373616,0.015962133543019678,0.02001715943281435
2021-11-08,0.006037671259816749,False,0.02347238577639457,0.02689147958255499,0.016596244830075213,0.020812360569111604
2021-11-09,0.0015310188776383894,False,0.023238846771014846,0.02662392223006742,0.016431120136421278,0.02060528754154563
2021-11-10,0.009462262540359543,False,0.022375892396795452,0.025635266021190057,0.015820964773086532,0.019840128100062353
2021-11-11,0.00840792702102028,False,0.02271617782654156,0.02602511896470554,0.016061564955699978,0.02014185043573619
2021-11-12,0.002519404872046127,False,0.02286715529707502,0.026198088496007264,0.016168314183864017,0.02027571827450164
2021-11-15,-0.0009641397790914904,False,0.02220184076631221,0.025435861243506244,0.015697900867265815,0.019685800997322672
2021-11-16,-0.006720997509486058,False,0.021390908246597614,0.024506804627596936,0.015124527765525647,0.018966767995807703
2021-11-17,0.008648283108735699,False,0.02140791586519453,0.024526289652792237,0.015136553070703395,0.01898184821364465
2021-11-18,-0.004663986413490948,False,0.021702622170279608,0.02486392421033328,0.015344926349787685,0.01924315671214375
2021-11-19,-0.005279926579310966,False,0.021404598548529743,0.024522489120787958,0.015134207548604695,0.018978906834306086
2021-11-22,-0.02471959608600904,False,0.021231711169686678,0.024324418184900595,0.015011966831591814,0.018825612043541825
2021-11-23,-0.012536729177984571,False,0.024051196346134864,0.027554602316077526,0.017005495172888928,0.02132557700963051
2021-11-24,0.0003363468974658657,False,0.024745373092363947,0.02834989598480536,0.01749631563509132,0.021941085670694773
2021-11-26,0.0006724229725988722,False,0.023660786999821364,0.027107324179749932,0.016729454673337984,0.020979411086727226
2021-11-29,-0.00168180324307445,False,0.022703351861959313,0.026010424712149545,0.01605249630582277,0.020130477982928222
2021-11-30,-0.0048933268890934195,False,0.021935853929983807,0.02513112956235149,0.0155098338041502,0.019449957312874064
2021-12-01,0.00450045770286688,False,0.021690644473695155,0.024850201788325765,0.015336457471212254,0.01923253639674514
2021-12-02,-0.011800393739534874,False,0.021365061103100037,0.024477192472349748,0.015106252438691369,0.01894384999866511
2021-12-03,0.012024899530579426,False,0.02214438927621892,0.025370041109688206,0.015657279559976308,0.019634860239172013
2021-12-06,-0.0025284463533586377,False,0.022890603261232254,0.02622495199660723,0.01618489316128998,0.020296508981049358
2021-12-07,0.0028650763234604835,False,0.022232368282048144,0.025470835535167068,0.015719485470127834,0.019712868960112144
2021-12-08,0.0004487093895392277,False,0.021639541016974507,0.0247916543711142,0.01530032456646714,0.019187224276463456
2021-12-09,-0.004946636746660119,False,0.020742959339911878,0.023764472554467782,0.014666392883320768,0.01839224837071416
2021-12-10,0.004666234090444804,False,0.020553870120451567,0.02354783974462738,0.014532696589693594,0.01822458782471642
2021-12-13,0.001905203055442121,False,0.020319796236845527,0.023279669601133424,0.01436719370823707,0.018017040534388545
2021-12-14,-0.008940945262643642,False,0.01970623864610595,0.022576738438478117,0.013933375344383084,0.017473014804322822
2021-12-15,-0.00441554571258348,False,0.02017386499213348,0.023112481351714936,0.01426401243434908,0.017887647054229378
2021-12-16,0.019105998391674383,False,0.01993812705892957,0.02284240476563727,0.014097332979927256,0.017678624293935827
2021-12-17,0.003999601595126616,False,0.021989725383511287,0.025192848175295973,0.015547923832177655,0.0194977237447092
2021-12-20,-0.0056150794682417494,False,0.021571765508427005,0.024714006375649872,0.015252403620379574,0.019127129476766355
2021-12-21,-0.0032387379200195265,False,0.021424050157930547,0.024544774139534355,0.015147960887316408,0.018996154075909717
2021-12-22,0.007633384981113123,False,0.02094242132747718,0.023992989076699722,0.014807423284382776,0.018569106183319452
2021-12-23,0.005314436655823481,False,0.021136335992409386,0.02421515022821022,0.014944531428651325,0.018741045327667797
2021-12-27,-0.0017130253953705572,False,0.020971158411502863,0.024025912134274723,0.014827741955298297,0.018594586616375766
2021-12-28,0.00116075276468448,False,0.02028845183263663,0.023243759429332374,0.014345031521092599,0.017989248257607057
2021-12-29,-0.0028213310498175362,False,0.01958673219354011,0.022439824135868546,0.013848877826131187,0.0173670515075012
2021-12-30,0.004201441162821637,False,0.01914355789642046,0.021932095067505524,0.01353552965575513,0.016974100260257616
2021-12-31,0.00813149309174338,False,0.01894385184525403,0.021703298930265163,0.013394326688541685,0.016797026042736484
2022-01-03,-0.015495623073024625,False,0.019338550671847622,0.02215549137195868,0.013673400082388095,0.017146995337444154
2022-01-04,0.00808106212417286,False,0.020831568799457256,0.02386598926840072,0.014729044558309623,0.018470816098744056
2022-01-05,0.005826419855790741,False,0.021107065395436952,0.024181615943781192,0.01492383553525963,0.018715091842407848
2022-01-06,-0.019871699829780404,False,0.021015102542240243,0.02407625736572051,0.014858812829793545,0.018633550746503615
2022-01-07,0.0046295360824668225,False,0.023087598107276567,0.026450642002332884,0.016324179160010326,0.020471179242742745
2022-01-10,0.0007787864912479449,False,0.022696566893264075,0.02600265141424645,0.016047698966400042,0.0201244619257502
2022-01-11,0.011169566592358682,False,0.021784438339883923,0.02495765809300702,0.015402774801783465,0.019315701004761036
2022-01-12,0.004717752871602087,False,0.02244578764213769,0.02571534252389174,0.0158703844876059,0.019902102415838643
2022-01-13,-0.0032891160891035777,False,0.022105716453713804,0.025325735029057828,0.015629935785181567,0.019600570042433207
2022-01-14,-0.0025840249884074937,False,0.021589534166371303,0.024734363296623756,0.015264967021490763,0.019142884488612566
2022-01-18,-0.002314788905823573,False,0.0209847286963368,0.024041459128134553,0.01483733687980505,0.018606619038800988
2022-01-19,0.016852139555948425,False,0.02038613786250191,0.02335567484784364,0.014414100821655675,0.01807586394701711
2022-01-20,-0.0003255782478899052,False,0.022049176653171028,0.025260959385611015,0.01558995909165793,0.019550437655950995
2022-01-21,-0.00582422843878814,False,0.021101819203906528,0.024175605568279933,0.014920126194424241,0.018710440179352122
2022-01-24,0.005389914964327385,False,0.02099263886768482,0.024050521530794698,0.014842929798291913,0.018613632784221963
2022-01-25,0.005954976611818967,False,0.02085716703575529,0.02389531625950063,0.014747143894306713,0.018493513396276706
2022-01-26,-0.01238267432546163,False,0.020794781193907014,0.02382384301394795,0.014703033733750065,0.01843819747537617
2022-01-27,-0.02020380869292505,False,0.021691737383706496,0.024851453896549254,0.015337230217634293,0.01923350545193375
2022-01-28,-0.004695120268889005,False,0.023772632094847403,0.02723546113685151,0.016808535197907495,0.021078581254930128
2022-01-31,0.005642617008805025,False,0.023318584677165983,0.02671527512003975,0.016487499143878318,0.02067598909142866
2022-02-01,0.002948322863412963,False,0.023059202319574673,0.026418109955846838,0.016304101804034122,0.020446001428355846
2022-02-02,0.0049313868291021275,False,0.022423231347003938,0.025689500576855515,0.0158544359683516,0.01988210232927313
2022-02-03,-0.0034327874115770577,False,0.02211572487224686,0.02533720131907195,0.01563701227778521,0.019609444249649333
2022-02-04,0.0019946679986083213,False,0.02163522551258378,0.02478671025084806,0.015297273271719513,0.01918339782974973
2022-02-07,0.007719491459363494,False,0.020974644049690527,0.024029905506275706,0.01483020648980717,0.018597677242078076
2022-02-08,0.003290198230438897,False,0.021160434749039655,0.02424275931865639,0.014961570551514522,0.018762413075157733
2022-02-09,0.004697138876945588,False,0.02075784104924704,0.02378152200084926,0.014676915055799065,0.01840544359950422
2022-02-10,0.0005447513489833872,False,0.020525285787302443,0.023515091688312045,0.014512485921900103,0.018199242831932368
2022-02-11,0.002502094128990784,False,0.0197198083500781,0.022592284766865214,0.013942969858189172,0.017485046711712846
2022-02-14,0.014668053542140463,False,0.01922503512937177,0.02202544064248141,0.01359313846122632,0.017046344026464866
2022-02-15,-0.007091439946204802,False,0.02059997263361235,0.023600657758236145,0.014565293557167928,0.018265465737008126
2022-02-16,0.008268451050258554,False,0.020727006189476052,0.023746195596032055,0.014655113144100127,0.018378103122666235
2022-02-17,0.016176862774401283,False,0.020986156098031134,0.02404309445161147,0.014838346129917745,0.018607884679159088
2022-02-18,-0.0011054540785267234,False,0.022453664532799716,0.02572436679805073,0.01587595387484979,0.019909086652131588
2022-02-22,0.003942497337925904,False,0.02163770570514771,0.0247895517194712,0.015299026901853615,0.01918559695268564
2022-02-23,0.0016250236299235957,False,0.021233122490539148,0.02432603508512753,0.015012964711680548,0.01882686342543117
2022-02-24,0.008293621186042321,False,0.020566551070138266,0.02356236785876268,0.014541662706205275,0.018235831696547453
2022-02-25,-0.020254641338242927,False,0.020857284266637324,0.023895450566762816,0.014747226782873662,0.01849361734188368
2022-02-28,0.006814799258052393,False,0.02303729672173033,0.02639301348960832,0.016288613362917093,0.020426578298335673
2022-03-01,0.022386274771780384,False,0.022955161647313812,0.026298914249006,0.016230539427990385,0.020353751241026213
2022-03-02,-0.011130495531632012,False,0.02529681508700011,0.028981663512869543,0.017886214916730196,0.022430035099809037
2022-03-03,0.007003374578962224,False,0.025729731575519093,0.02947764057386636,0.018192310262251613,0.022813891012079864
2022-03-04,0.015745908688366016,False,0.02546147391508087,0.029170307290097945,0.01800263760381,0.02257603384631697
2022-03-07,0.014549409887336044,False,0.026572580288375083,0.03044326243986958,0.0187882498368022,0.023561223280911762
2022-03-08,0.02290628222036198,False,0.027417429539499764,0.03141117625158805,0.01938560389998702,0.02431032937555655
2022-03-09,-0.026926590113771492,False,0.029649163084961357,0.03396799419260187,0.020963560085132067,0.026289150092155343
2022-03-10,0.00612449262362708,False,0.03256223451710613,0.03730539677648519,0.023023258965166347,0.028872095583377926
2022-03-11,-0.007737189270018103,False,0.03156920351925526,0.03616771639503858,0.022321132401587077,0.027991600546339063
2022-03-14,-0.011719169211707079,False,0.03096376069814541,0.035474082036035595,0.021893051618258455,0.027454769973726777
2022-03-15,-0.015997859657440116,False,0.030995397746375556,0.03551032747970877,0.021915420720535924,0.027482821730432747
2022-03-16,-0.010686925640050688,False,0.03175930118171377,0.03638550454224241,0.022455541718894703,0.02816015525279803
2022-03-17,0.017714276252213116,False,0.03157178527188283,0.03617067421742327,0.022322957840172908,0.027993889719970456
2022-03-18,-0.007182949353329375,False,0.032516609651959495,0.037253125987259265,0.02299099972064276,0.028831641189291414
2022-03-21,0.00020743851021229863,False,0.031797377532833467,0.03642912726676933,0.022482463756195822,0.02819391657370543
2022-03-22,-0.0041046609285686,False,0.030133470359628566,0.03452284785394096,0.02130599149282675,0.026718572892318864
2022-03-23,0.008244168082008863,False,0.02913916324823282,0.03338370547448254,0.02060296264802973,0.025836946358231676
2022-03-24,0.012826608725129677,False,0.028832162365256323,0.03303198545526356,0.0203858964381666,0.025564736573831827
2022-03-25,-0.0039842350856928496,False,0.029226367750569505,0.033483612578789436,0.020664620942369795,0.02591426834685144
2022-03-28,-0.007294465566171451,False,0.028298992634812226,0.03242115181198335,0.020008916634463213,0.025091988691266862
2022-03-29,-0.014331939032686845,False,0.027895282085164737,0.031958634958923385,0.019723471465562997,0.024734028933581405
2022-03-30,0.011182017436005276,False,0.028595630679401164,0.03276099949493575,0.02021865575773818,0.025355010013484135
2022-03-31,0.00808717487165785,False,0.028784193796370348,0.032977029567818214,0.02035198006848165,0.025522204077938586
2022-04-01,-0.01556269351642906,False,0.028450730652235474,0.032594992674872474,0.020116203610366572,0.025226530887392094
2022-04-04,0.0052490704821981215,False,0.029289870844910075,0.03355636582088236,0.02070952106079761,0.025970574906792162
2022-04-05,-0.003270908031756635,False,0.028542533249566585,0.032700167653473826,0.020181113006277923,0.025307929888543374
2022-04-06,-0.0023429578535094993,False,0.027543183971794356,0.031555248642894204,0.019474519077451728,0.02442183259525529
2022-04-07,0.007995486299766241,False,0.026464585147145305,0.030319536238235814,0.018711891437558845,0.02346546676768818
2022-04-08,0.004025358538914772,False,0.02630121775953901,0.03013237201853864,0.018596381868664042,0.02332061310822271
2022-04-11,0.0013896773770587837,False,0.025558286157529603,0.02928122164136809,0.018071089089463564,0.02266187477090562
2022-04-12,0.014196912221042192,False,0.024445886247677406,0.028006784532656714,0.017284562256242076,0.02167553839072504
2022-04-13,0.004502815262256247,False,0.025412725221133275,0.029114457641048364,0.01796816964356054,0.02253280963360268
2022-04-14,-0.0051114641128363805,False,0.024714187288033235,0.02831416751525761,0.017474265586629022,0.021913434020344798
2022-04-18,0.006070128331346491,False,0.024231340368534613,0.027760986931021695,0.01713286672893363,0.021485306079537168
2022-04-19,-0.013812271285541397,False,0.023929927284765888,0.027415668655099656,0.01691975139498899,0.021218050852931648
2022-04-20,-0.001739970932198888,False,0.024919138657859854,0.028548973027982774,0.017619177277511444,0.022095159126970076
2022-04-21,-0.0037976152973985644,False,0.023855336669469714,0.02733021283363371,0.016867011800246717,0.021151913273419934
2022-04-22,-0.007172570973407727,False,0.023265949392564524,0.026654972741974474,0.016450283154065087,0.02062931873877601
2022-04-25,-0.019769510187740744,False,0.02320737687589042,0.026587868287776876,0.016408869220419932,0.020577383995197977
2022-04-26,0.0043219765242018485,False,0.025247579949699974,0.028925256562929994,0.017851403014750588,0.022386379570289293
2022-04-27,-0.008185296301079753,False,0.024642873062571482,0.028232465337378485,0.017423842576505328,0.021850201531404132
2022-04-28,0.0014835623851351678,False,0.02463692619591742,0.028225652223248066,0.017419637820503837,0.021844928597743285
2022-04-29,0.010847972444223454,False,0.023617868809319806,0.02705815433163191,0.01669910919401547,0.020941356631411032
2022-05-02,-0.02519292038456543,False,0.024138642599545825,0.027654786386012875,0.01706732439829901,0.02140311335270805
2022-05-03,0.0037527518532821575,False,0.02701974023678407,0.030955557727503684,0.019104416077963017,0.023957708502610545
2022-05-04,-0.0009636752202483986,False,0.026188959823253824,0.03000376208385408,0.018517009443020732,0.023221076884296924
2022-05-05,0.003742319256644968,False,0.02487958361813705,0.02850365622238721,0.01759120972748237,0.022060086690922076
2022-05-06,0.003834661316685816,False,0.02419576574516685,0.027720230347218724,0.017107713548307955,0.021453762976262815
2022-05-09,-0.01289372706238319,False,0.023571222178716503,0.027004712941974575,0.01666612750611355,0.020899996264182128
2022-05-10,-0.009304882483388956,False,0.02443442082844179,0.027993649008632136,0.01727645558542785,0.02166537229847175
2022-05-11,0.006878809072376239,False,0.02464381106951779,0.02823353997865633,0.01742450579809181,0.02185103323803033
2022-05-12,-0.015667781369351385,False,0.024458625590571333,0.028021379545817737,0.017293569659905937,0.021686834038310576
2022-05-13,-0.009032901296614637,False,0.025683833133369124,0.02942505635717424,0.018159857584006782,0.022773194044303106
2022-05-16,0.003369317747265814,False,0.02565610039406033,0.029393283941707184,0.01814024903906542,0.02274860413786742
2022-05-17,0.0025882941096002548,False,0.024871726235517744,0.028494654297900615,0.0175856541334786,0.02205311975190871
2022-05-18,-0.0012657478221988101,False,0.024008915994890398,0.027506163217765788,0.016975600680380187,0.021288088109973225
2022-05-19,0.013836280412998598,False,0.02300813339081994,0.026359602096100773,0.01626799331242627,0.020400719923133196
2022-05-20,0.00032587437499885286,False,0.024080790890489902,0.02758850773552913,0.01702642011458125,0.02135181773070008
2022-05-23,0.003252387863293797,False,0.022930636869562843,0.026270817081277095,0.016213199085179233,0.020332005751569245
2022-05-24,0.009318889191803246,False,0.022297970260672827,0.025545993394515777,0.015765869613135895,0.019771036546747375
2022-05-25,-0.010185211745308747,False,0.022663399323539963,0.02596465250640062,0.016024247702740534,0.020095053095012867
2022-05-26,0.0006498122657287857,False,0.02314298480860023,0.02651409658091638,0.016363340550090335,0.020520289205814373
2022-05-27,0.0021088629963046065,False,0.0220850662178009,0.025302076786443854,0.015615334952770487,0.01958226000953963
2022-05-31,-0.004656260527504244,False,0.02125276007610953,0.024348533170172968,0.01502684954559144,0.01884427556731956
2022-06-01,0.00032560914897010034,False,0.020897305758341665,0.023941301769843888,0.014775524139653563,0.018529103368902806
2022-06-02,0.0125075493629948,False,0.01985874261562419,0.022751456825506448,0.014041203889797857,0.017608236150464224
2022-06-03,-0.011368949980497233,False,0.02098238141316284,0.024038769929083877,0.014835677223790034,0.01860453776320167
2022-06-06,-0.003365401473737211,False,0.021875330365873285,0.025061789862329247,0.015467040374562946,0.019396292625730813
2022-06-07,0.004502705921952788,False,0.02146836786376641,0.024595547362716012,0.01517929589958853,0.01903544944546603
2022-06-08,0.0023787784288539122,False,0.021118176484174543,0.024194345523925846,0.014931691675269188,0.018724943758924775
2022-06-09,-0.001675345880327806,False,0.020446322479972256,0.023424626228726073,0.014456654597656866,0.018129228098894955
2022-06-10,0.012203441973600668,False,0.019725801077128152,0.022599150421624192,0.013947207039968218,0.017490360308606918
2022-06-13,-0.02351777533038834,False,0.020808701277182855,0.023839790759471808,0.014712875984652964,0.0184505400550802
2022-06-14,-0.01017190901029815,False,0.02387761101265197,0.027355731758322774,0.01688276096423897,0.02117166336044413
2022-06-15,0.00320020619069026,False,0.02429107773391157,0.027829425911049265,0.017175104273542182,0.021538273664490733
2022-06-16,0.016607812663686532,False,0.023525522299351825,0.026952356211620544,0.016633815222485193,0.020859475356918452
2022-06-17,-0.0054871926378130915,False,0.0250470669682549,0.028695535954299318,0.01770962950423606,0.02220858986845084
2022-06-21,-0.0005449294523729552,False,0.024601286479313006,0.02818482106443337,0.017394438615443215,0.021813327777970716
2022-06-22,-0.00016349682819621488,False,0.023414302395298514,0.026824935513634608,0.01655517674170909,0.020760859529466116
2022-06-23,-0.004699515565206118,False,0.02229153534524126,0.025538621140216967,0.015761319780282067,0.019765330872792062
2022-06-24,0.0004381188607517011,False,0.021950147378818424,0.025147505059549012,0.015519940044674076,0.019462630946213092
2022-06-27,-0.003070669489849738,False,0.02092490435755753,0.023972920505765778,0.014795037840302358,0.01855357433676925
2022-06-28,-0.001868967337812985,False,0.02041252449540447,0.023385905076961,0.01443275759664497,0.01809926029553508
2022-06-29,-0.0020929997061283,False,0.019735580875426335,0.02261035478954667,0.013954121885714687,0.017499031804142733
2022-06-30,-0.0053070917753330026,False,0.01914696551045141,0.021935999049998465,0.013537939022969984,0.016977121703947582
2022-07-01,-0.002886458385910953,False,0.019154127358634306,0.021944204125358864,0.013543002836551249,0.016983471930470936
2022-07-05,-0.02083933914969923,False,0.0187240006073634,0.021451423167347147,0.01323887998597865,0.016602089606443465
2022-07-06,-0.015386252486003978,False,0.02160481234926003,0.024751866968688658,0.015275769522190757,0.019156431260302084
2022-07-07,0.0017277129141139384,False,0.023118411317522635,0.02648594360405751,0.01634596576432554,0.020498500523503983
2022-07-08,0.0015523655104664287,False,0.022254162631227214,0.0254958045477569,0.01573489525242835,0.01973219344880302
2022-07-11,-0.006108458837354837,False,0.021369912171535534,0.024482750169340144,0.01510968240615228,0.018948151316238317
2022-07-12,-0.003880322870210738,False,0.021337764019723048,0.024445919172426667,0.015086951926029931,0.018919646377135585
2022-07-13,0.0063050981654516405,False,0.02092758307625741,0.02397598941873915,0.01479693183913987,0.018555949487722215
2022-07-14,-0.017274371209107783,False,0.020939132584477528,0.023989221280529795,0.014805097965409011,0.01856619013951462
2022-07-15,-0.0012327780896654707,False,0.022870664496665513,0.026202108861471514,0.016170795377557588,0.02027882979149365
2022-07-18,0.003986361713753098,False,0.021913404840432915,0.025105410436947893,0.015493961085034721,0.019430052282740688
2022-07-19,0.0004679742946601952,False,0.021467639852961642,0.024594713306566846,0.015178781156619067,0.019034803937015746
2022-07-20,-0.006159280360534849,False,0.020480118004286212,0.023463344561865624,0.01448054985913639,0.018159193720811054
2022-07-21,0.007736953992708003,False,0.020518315725812013,0.023507106336160606,0.014507557711871615,0.01819306265773493
2022-07-22,0.008372643085123987,False,0.02078209876428035,0.02380931320429794,0.014694066570840875,0.018426952291320443
2022-07-25,-0.004700960831153482,False,0.02114058098782824,0.024220013568848942,0.014947532869746618,0.018744809255890223
2022-07-26,-0.000756568166326809,False,0.020898325906209672,0.023942470517061363,0.014776245439309318,0.018530007907770946
2022-07-27,0.0008147256292718839,False,0.02002353810513368,0.02294025717088499,0.01415772320389085,0.017754356071144974
2022-07-28,0.017986345847998488,False,0.01918775539606752,0.021982730574721596,0.013566779675757677,0.017013289046078992
2022-07-29,0.007172964446712137,False,0.02141286884351265,0.02453196410431938,0.01514005509395696,0.018986239892088835
2022-08-01,0.003454221019280375,False,0.021502645944332925,0.024634818543432996,0.015203532354408517,0.01906584293759604
2022-08-02,0.001186393518112395,False,0.02096128920763385,0.024014605337561855,0.014820763894983149,0.01858583584722052
2022-08-03,-0.007424009432775246,False,0.02007867215237002,0.023003422292644817,0.014196705953881582,0.017803242012337673
2022-08-04,0.01720048045395003,False,0.020415659690904107,0.02338949695920804,0.014434974349240888,0.018102040192722133
2022-08-05,-0.008760642024044224,False,0.022371775449963584,0.025630549381274268,0.01581805386926001,0.019836477709227567
2022-08-08,0.007809700130070115,False,0.022725316746611903,0.02603558910118077,0.016068026665916176,0.02014995368103593
2022-08-09,0.004021425813643075,False,0.022796872303741462,0.026117567764189244,0.016118620310566857,0.020213400152557445
2022-08-10,0.0008914506924313416,False,0.0222283826076556,0.025466269289427468,0.015716667383007858,0.019709334965171924
2022-08-11,-0.003291233570665182,False,0.02121902267153622,0.024309881422758185,0.015002995377908451,0.018814361478682186
2022-08-12,0.004960590165981755,False,0.02075229446222547,0.023775167472891844,0.01467299331912269,0.01840052558349509
2022-08-15,-0.009608985203734186,False,0.02051376784566968,0.023501895991240553,0.014504342114913594,0.018189030169420826
2022-08-16,-0.0046137893685845414,False,0.02117808229719408,0.024262977488440994,0.014974048321461363,0.018778060702069187
2022-08-17,-0.007301519543719817,False,0.02095958366824073,0.024012651361591784,0.014819557986491138,0.018584323589320856
2022-08-18,-0.002844466510612898,False,0.02116970383983676,0.02425337858711481,0.014968124299466963,0.018770631739491856
2022-08-19,-0.00439640617260913,False,0.020619495375347824,0.023623024270774586,0.014579097190283144,0.018282776049822803
2022-08-22,-0.00781252576674173,False,0.02037249137079807,0.023340040546476776,0.014404452014774853,0.018063763953920994
2022-08-23,0.007354692223817934,False,0.02073764112196,0.023758379660850964,0.01466263261591421,0.01838753284368363
2022-08-24,0.0005723115660449006,False,0.020919481298098067,0.023966707498953504,0.014791203444285922,0.018548765849471318
2022-08-25,0.005648226308946638,False,0.019965857170183735,0.022874174170235385,0.014116939666692016,0.017703211870143086
2022-08-26,-0.012364904253983925,False,0.019921403132265727,0.022823244756224288,0.014085508260272534,0.017663795618437096
2022-08-29,0.0002879603826907875,False,0.02113252504707228,0.024210784163350034,0.014941836884413208,0.01873766626048559
2022-08-30,-0.007746165501607033,False,0.02010749317183154,0.02303644151207062,0.014217083971684816,0.017828796868785447
2022-08-31,-0.006053512283144235,False,0.020470872092442877,0.023452751848712147,0.014474012499956498,0.01815099560865889
2022-09-01,-0.009503252799611197,False,0.020504157750986084,0.023490886046728214,0.014497547258790808,0.01818050914571392
2022-09-02,0.0077501991662910705,False,0.021135960121376227,0.02421471960610345,0.014944265667524602,0.018740712052493128
2022-09-06,-0.0055129013074622065,False,0.021355951885034443,0.024466756364407528,0.015099811729397165,0.018935773089368807
2022-09-07,0.00872448903953951,False,0.021233560476389222,0.024326536869976198,0.015013274391338559,0.018827251776215904
2022-09-08,-0.004264925533494193,False,0.021607776142794022,0.024755262481785,0.015277865084337035,0.019159059179776033
2022-09-09,0.004789420573202699,False,0.021235497236669724,0.02432875574751322,0.015014643785489569,0.018828969051727554
2022-09-12,0.0069100090105372255,False,0.020934531131242492,0.023983949558818208,0.014801844489380187,0.018562110149317548
2022-09-13,-0.013457414214637989,False,0.021016233358732317,0.024077552902054048,0.014859612378145344,0.018634553412393427
2022-09-14,-0.004997805493332346,False,0.022312987008433576,0.025563197549630278,0.015776487265076477,0.01978435151063513
2022-09-15,-0.018501955762987212,False,0.021992518958216547,0.025196048674719612,0.015549899040416018,0.01950020073552711
2022-09-16,0.003775694038622129,False,0.024120422769898276,0.027633912573626174,0.017054441994419255,0.021386958298520338
2022-09-19,-0.003295488264191871,False,0.02338887448768071,0.02679580366206036,0.01653719783729086,0.020738313257992
2022-09-20,-0.0039087215289053045,False,0.02270391563578515,0.026011070607819077,0.016052894924375286,0.02013097786667479
2022-09-21,0.002948005938547933,False,0.022172772678671203,0.025402558966833196,0.015677348158911926,0.019660027071876734
2022-09-22,0.0037177432020477504,False,0.021491689276287147,0.024622265877596097,0.015195785398170585,0.0190561279419336
2022-09-23,-0.015379814777475905,False,0.021015893849224185,0.024077163938056395,0.01485937232658123,0.018634252378047486
2022-09-26,-0.013461623673598822,False,0.022610073242713875,0.02590355870761028,0.015986543282676503,0.02004777023112068
2022-09-27,0.0020922483593887654,False,0.02373837087814096,0.02719620927646068,0.01678431066674764,0.021048202715550968
2022-09-28,0.020505159126874725,False,0.02278198448884381,0.026100511322881447,0.01610809382112603,0.02020019951012221
2022-09-29,-0.0011449724954999327,False,0.025097107796856283,0.02875286595617674,0.017745011073492797,0.022252959783718527
2022-09-30,0.002348776643889567,False,0.023946974837639343,0.027435199431578714,0.01693180493585768,0.02123316647946417
2022-10-03,0.01818069303365146,False,0.023019199866442644,0.026372280564582573,0.0162758179085534,0.020410532282348962
2022-10-04,0.016520558026136455,False,0.0248879496639008,0.028513240904191006,0.017597124973809587,0.022067504648458715
2022-10-05,-0.005651843841279974,False,0.02629212640050497,0.030121956371055227,0.01858995378666997,0.023312552034070205
2022-10-06,0.00017523692601385205,False,0.025760593294751586,0.029512997750615635,0.01821413116504091,0.022841255304511327
2022-10-07,-0.006564674728268202,False,0.024353308552397757,0.027900721551836233,0.017219104824206757,0.021593452130164555
2022-10-10,-0.01971674459509101,False,0.024137425257314975,0.027653391720210356,0.01706646367157538,0.021402033966671806
2022-10-11,0.006814074389340839,False,0.026214930725696,0.030033516025333128,0.01853537227411487,0.023244104615311616
2022-10-12,-0.005016375012451831,False,0.025829932700314355,0.02959243744740321,0.018263157870807175,0.02290273677145584
2022-10-13,-0.00017965381824740632,False,0.02522407715564237,0.028898330245658545,0.017834785269622906,0.02236554024747959
2022-10-14,-0.01709136585274509,False,0.023912861554182537,0.02739611705306331,0.016907685001497353,0.02120291910869143
2022-10-17,0.009276477868507263,False,0.025525139292356447,0.029243246453991695,0.018047652465040132,0.02263248429836093
2022-10-18,-0.004839694866963967,False,0.025615440842922513,0.029346701736571557,0.01811150053979515,0.02271255235996466
2022-10-19,-0.013123948476874548,False,0.024992693044353576,0.0286332416788752,0.017671184202508537,0.022160377909062806
2022-10-20,0.00202562680358335,False,0.0258174175889935,0.029578099328399696,0.01825430901097949,0.022891639944237097
2022-10-21,0.012310443033820328,False,0.024691825293759923,0.02828854817182339,0.017458454448580078,0.021893606215353256
2022-10-24,-0.0013940959691325695,False,0.02537747007328234,0.02907406706901002,0.017943242349384804,0.02250154980104962
2022-10-25,0.0024837799570480903,False,0.02432660647018299,0.02787012992363403,0.017200225009511707,0.021569776080857344
2022-10-26,0.006753493473110318,False,0.023474880719005435,0.026894337949783572,0.016598008889289365,0.02081457277053464
2022-10-27,-0.001985171570581598,False,0.023322008712969796,0.026719197916375215,0.016489920122173766,0.020679025095882122
2022-10-28,-0.012786876070645195,False,0.022494225984387953,0.02577083661401298,0.01590463301243872,0.019945051447687653
2022-10-31,-0.002259168215868315,False,0.023432624542567802,0.026845926547690295,0.01656813148967509,0.020777105306056594
2022-11-01,0.005547257675413403,False,0.022617736149339256,0.025912337827850653,0.015991961371646084,0.02005456473327373
2022-11-02,0.0004254117317392756,False,0.02245242697857481,0.02572294897608375,0.015875078857154414,0.019907989344640227
2022-11-03,-0.011243566259035888,False,0.021422465446708533,0.02454295859211293,0.015146840410869061,0.018994748953240694
2022-11-04,0.02739728333020796,False,0.022208945956843643,0.025444001408205588,0.01570292462082659,0.01969210098696417
2022-11-07,0.0023887739038996633,False,0.025678488578255235,0.029418933290005347,0.01815607869480383,0.02276845516478862
2022-11-08,0.02101238604477114,False,0.024708720350832155,0.028307904239273547,0.017470400166678782,0.021908586627782257
2022-11-09,-0.0011688389084410285,False,0.026794057661471065,0.030697001208197006,0.018944846304806716,0.023757601569454074
2022-11-10,0.023235395651179536,False,0.025591592413598232,0.029319379437238235,0.018094638411861118,0.022691406571256508
2022-11-11,0.008929872470112414,False,0.028012450282135462,0.032092870405059065,0.01980631571078583,0.024837918959325602
2022-11-14,0.004294263372937783,False,0.027823773085978984,0.03187670963569926,0.019672910739893863,0.024670623743790816
2022-11-15,0.00011279993292139435,False,0.026928928431714804,0.030851517864443363,0.019040207225707945,0.023877188011466686
2022-11-16,-0.0004511383955566457,False,0.02551552926647861,0.02923223658830767,0.018040857657566734,0.02262396333566232
2022-11-17,-0.006904748131308381,False,0.02432087549409087,0.027863564147660617,0.017196172899800907,0.021564694571803322
2022-11-18,-0.005067351765360675,False,0.02421644036896542,0.027743916530168024,0.017122331624271746,0.021472094633267165
2022-11-21,-0.008311170299651035,False,0.023799288547106102,0.027266000488432002,0.016827382749758465,0.02110221684532926
2022-11-22,0.0005178953391911294,False,0.02392791929178506,0.027413368168785212,0.016918331635470532,0.0212162704172173
2022-11-23,0.0037896091787737837,False,0.022850351569868206,0.02617883706194353,0.016156433040914225,0.020260818841914562
2022-11-25,0.004802492929499426,False,0.02230159746230154,0.025550148950728494,0.015768434240645498,0.019774252693110717
2022-11-28,-0.007557185534083681,False,0.02193682319587872,0.025132240015897693,0.015510519127502103,0.019450816736005763
2022-11-29,0.004758529161550502,False,0.022100155627803784,0.02531936418811111,0.01562600398084181,0.019595639401168024
2022-11-30,-0.001373640553271435,False,0.02174804828904572,0.02491596730288257,0.01537704506988305,0.019283434882928004
2022-12-01,0.0310701183883798,False,0.02094377458891498,0.023994539460315226,0.014808380113328705,0.018570306085419565
2022-12-02,-0.002891273168903714,False,0.025264688064152,0.02894485672266089,0.017863499375927145,0.02240154889521541
2022-12-05,-0.015996748721572914,False,0.024479272660127546,0.0280450341608492,0.017308168253531778,0.021705141263677143
2022-12-06,0.0010744618189316108,False,0.025774194855231383,0.029528580575873268,0.01822374820311894,0.022853315458247075
2022-12-07,0.009114472318120768,False,0.024623798346676478,0.028210612112149484,0.017410355721863734,0.02183328847157536
2022-12-08,0.0017905836665891154,False,0.024757309549370634,0.02836357116009181,0.01750475535505732,0.02195166942002079
2022-12-09,0.005241466558799575,False,0.023797691580378248,0.027264170900312357,0.016826253608006388,0.021100800856018516
2022-12-12,-0.009836314542059353,False,0.023447011699413607,0.026862409402831466,0.016578303986825412,0.020789862027878216
2022-12-13,0.01858501310552256,False,0.023848317995337695,0.02732217178770358,0.016862049218454345,0.021145689995643906
2022-12-14,-0.0035345617904352757,False,0.025525907876606253,0.02924412699369729,0.0180481958956272,0.022633165782241057
2022-12-15,-0.0169056104459163,False,0.024827212424894662,0.02844365640442205,0.017554180464527436,0.022013650501282962
2022-12-16,0.007176555247797316,False,0.026199539217392265,0.030015882520361043,0.018524489646224107,0.023230457360892253
2022-12-19,-0.0012857697271356746,False,0.02591930610375079,0.029694829384747354,0.01832634969539877,0.022981981868879137
2022-12-20,0.015651375902693578,False,0.024854218320072757,0.028474596100357037,0.01757327509140093,0.022037595933728237
2022-12-21,0.0,False,0.025978593507010938,0.02976275285914238,0.018368269092481716,0.02303455048400038
2022-12-22,-0.016042989850930472,False,0.024730263952565435,0.028332585979411264,0.017485632656988596,0.0219276887851642
2022-12-23,0.004968066459595485,False,0.02598140574939523,0.029765974745463553,0.018370257499777668,0.023037044026969006
2022-12-27,0.010468993076297851,False,0.02538899898314353,0.029087275331991666,0.017951393911501367,0.022511772188807115
2022-12-28,-0.0038093315032526956,False,0.025666532101961483,0.029405235179331995,0.018147624820120344,0.022757853664875826
2022-12-29,0.0063957738601456895,False,0.024965949240943013,0.028602602252179248,0.01765227488867409,0.02213666486664469
2022-12-30,0.0001098874339190406,False,0.024660990457965545,0.028253221794475338,0.0174366525538339,0.021866265759774715
2023-01-03,0.010930862804251935,False,0.02347081933841483,0.026889684970138907,0.01659513727379736,0.020810971648856372
2023-01-04,0.007095546441984838,False,0.023988122230030866,0.02748234053913007,0.01696089836524975,0.021269650813655384
2023-01-05,-0.009762524397120638,False,0.02386620162826128,0.02734266043143191,0.016874693913087366,0.021161546952846166
2023-01-06,0.01589647009927115,False,0.024216923482393116,0.027744470016081248,0.01712267321156514,0.021472522997513933
2023-01-09,0.004549233258291233,False,0.025467160025823297,0.029176821665432038,0.018006657991294733,0.02258107557441971
2023-01-10,-0.0005875467452383854,False,0.02482803151397966,0.02844459480572541,0.017554759604761487,0.022014376766501063
2023-01-11,0.0016016233411999265,False,0.023714406558601513,0.02716875420581963,0.016767366598170564,0.021026954169970656
2023-01-12,0.01108736566761611,False,0.02277807130500333,0.026096028126995373,0.01610532698874263,0.020196729790689462
2023-01-13,0.012008862043122856,False,0.02338402839113416,0.026790251661186742,0.016533771385224043,0.020734016348864813
2023-01-17,-0.005855345730477272,False,0.02412199937488025,0.027635718834015995,0.017055556739316958,0.021388356233594877
2023-01-18,-0.0014691611288529948,False,0.023853535038829286,0.027328148769330922,0.016865737950051567,0.021150315813883522
2023-01-19,0.00925131447113823,False,0.02293558210325198,0.02627648266005759,0.016216695632561704,0.020336390563050154
2023-01-20,0.002234663176594187,False,0.023251032101147935,0.02663788253046476,0.016439735823132913,0.020616091960269804
2023-01-23,0.0003632807471507761,False,0.022448837154200204,0.02571883624166492,0.015872540657382757,0.019904806339726463
2023-01-24,0.0035224324574504432,False,0.021422647157700214,0.02454316677194898,0.015146968890357042,0.018994910071701947
2023-01-25,0.003767611384967313,False,0.020955725065615615,0.02400823069746761,0.014816829745975731,0.018580902265647504
2023-01-26,-0.0062527531393146134,False,0.020566954108666317,0.02356282960570444,0.014541947676218601,0.018236189060440878
2023-01-27,-0.00025922182084070467,False,0.020669723163053294,0.023680568465064243,0.014614610949726863,0.018327311736917994
2023-01-30,-0.002959862564305934,False,0.019803280677395167,0.02268791605066989,0.014001989303161119,0.017559059476764314
2023-01-31,0.0034264261246514465,False,0.019432598045634325,0.022263238111300425,0.013739896656526692,0.01723038472412488
2023-02-01,-0.000881420299387641,False,0.01911543817065904,0.021899879295389994,0.013515647490484978,0.0169491672228908
2023-02-02,-0.005983212723418652,False,0.01844686918997165,0.02113392353507843,0.013042933101969753,0.016356364308694374
2023-02-03,-0.02826184255379748,False,0.01868584774907355,0.021407712791269854,0.013211903853974962,0.01656826044859667
2023-02-06,0.0017698252343863036,False,0.023100295967364588,0.026465189490114994,0.016333157233089323,0.020482438108591558
2023-02-07,0.0029428310618131773,False,0.02223904063639599,0.025478479814807917,0.01572420318512301,0.01971878516504568
2023-02-08,0.003040771209810025,False,0.0216360215398268,0.024787622231017305,0.015297836105985379,0.019184103646625882
2023-02-09,-0.005983602271623308,False,0.021134023873080304,0.024212501315129004,0.01494289663537435,0.01873899523094503
2023-02-10,-0.0018234933150134012,False,0.021167481624674234,0.02425083267404741,0.014966553073292779,0.018768661358480515
2023-02-13,-0.005868606069231897,False,0.02056391972786118,0.023559353223275986,0.014539802205058173,0.01823349855304968
2023-02-14,0.0011333148745895825,False,0.020607068282653,0.02360878699158802,0.014570310564379239,0.018271757266455222
2023-02-15,-0.0107370746218953,False,0.01990636063935995,0.022806011105810563,0.014074872405123545,0.017650457826991615
2023-02-16,0.004243545311346955,False,0.02077889305163736,0.02380564053306172,0.01469179995881495,0.018424109868396654
2023-02-17,-0.0008689852683103383,False,0.02052992490182434,0.023520406557223757,0.014515766026493375,0.018203356215423544
2023-02-21,-0.004028983707236791,False,0.01985933635283524,0.022752137049163318,0.01404162369408248,0.017608762601973558
2023-02-22,-0.000545702605629464,False,0.019708960494770472,0.02257985676392173,0.013935299838435677,0.017475428197505784
2023-02-23,-0.0076712704966514795,False,0.01903400021018165,0.02180657871349409,0.013458066452774529,0.01687695827857577
2023-02-24,-0.005073326778902653,False,0.019482867646541002,0.022320830209491164,0.013775439980162603,0.017274957485909802
2023-02-27,0.004523120437649741,False,0.019498133660559334,0.022338319940113,0.013786233876813807,0.01728849346777502
2023-02-28,0.006527917163400628,False,0.01938114413022075,0.022204289185998666,0.013703515958552287,0.017184761861136794
2023-03-01,0.004800056571569328,False,0.019609306236049884,0.022465686415443803,0.01386483889373913,0.017387067330208426
2023-03-02,-0.0022880546197603423,False,0.019532973331644533,0.022378234515161983,0.013810867406470206,0.01731938490776931
2023-03-03,0.007714887423290701,False,0.019117887711410233,0.0219026856473188,0.013517379448131521,0.016951339167652964
2023-03-06,0.00010827646049621364,False,0.019564139538866352,0.02241394053299738,0.013832903598717795,0.017347019181867027
2023-03-07,-0.0185706355718125,False,0.018807393763802176,0.021546963747885558,0.01329784345286247,0.016676032172714066
2023-03-08,-0.0006618172911648265,False,0.021115469312979383,0.02419124401393813,0.014929777558980381,0.018722543379876277
2023-03-09,0.009115987157307687,False,0.020346797913201816,0.023310604463713955,0.014386285352175631,0.018040982226113073
2023-03-10,0.017717772147514535,False,0.02090497049216754,0.02395008298344304,0.014780943520552606,0.018535899491187523
2023-03-13,0.026341694156230083,False,0.02283713964664605,0.02616370063026762,0.01614709149742734,0.020249104169510555
2023-03-14,-0.0028811671051432153,False,0.026300948743331696,0.03013206381621463,0.018596191659671978,0.02332037457847295
2023-03-15,0.010645072763326602,False,0.025275651384485353,0.02895741700978765,0.01787125103569178,0.022411269789290093
2023-03-16,-0.003952561643725975,False,0.025592186423402476,0.029320059973195454,0.018095058408883858,0.022691933264467213
2023-03-17,0.026127822516268665,False,0.024881355105428424,0.028505685752524476,0.017592462264701257,0.022061657423126418
2023-03-20,0.004760658443617601,False,0.027983189446422377,0.03205934730375855,0.01978562671913185,0.024811974129123185
2023-03-21,-0.021036184516874452,False,0.027076419469151944,0.031020493113045465,0.01914449135731975,0.02400796451970477
2023-03-22,0.004530510589810312,False,0.029122787165528484,0.03336494397755245,0.020591383872846508,0.025822426107022494
2023-03-23,0.023855366038062705,False,0.028032141434164555,0.032115429859295705,0.01982023841907694,0.024855378597214775
2023-03-24,-0.0058855136919060335,False,0.030421052805989238,0.03485232085929633,0.021509327818929294,0.026973564848570056
2023-03-27,-0.01509747886904467,False,0.029449302360028653,0.033739020851115326,0.020822247755209675,0.026111938729385113
2023-03-28,0.01019169021018235,False,0.030153495949841926,0.03454579046213944,0.02132015066698202,0.02673632906794158
2023-03-29,-0.0031992150318795637,False,0.029836279479852238,0.034182366807329,0.0210958614852076,0.026455061385364305
2023-03-30,0.007196500323830882,False,0.028495421808565513,0.03264619374703526,0.020147802672313586,0.02526615738589344
2023-03-31,-0.005722573380642285,False,0.027887553910071566,0.0319497810629152,0.019718007228260587,0.0247271765595572
2023-04-03,0.007538817015696076,False,0.027252226941486567,0.031221909496441037,0.019268796738188036,0.024163848482239673
2023-04-04,0.01912138685643545,False,0.0268398182659522,0.03074942750916243,0.018977201524373058,0.02379817632011617
2023-04-05,-0.0006430347062673179,False,0.028416172132531416,0.032555400204985596,0.02009176886992573,0.02519588873709398
2023-04-06,-0.004463407474970126,False,0.026901561381832636,0.030820164406377706,0.01902085724294743,0.023852922352437113
2023-04-10,-0.011397298492928747,False,0.026099903381215837,0.029901733277938325,0.018454041727261554,0.023142112828390824
2023-04-11,0.007862066660321815,False,0.026517829046791154,0.030380535884963755,0.01874953775108864,0.02351267676364221
2023-04-12,0.0030380656754726365,False,0.026207993557168664,0.030025568357482452,0.018530467321188317,0.023237953606458275
2023-04-13,0.015004488526765062,False,0.025157817658912132,0.028822419091145083,0.017787936225792066,0.022306789656456816
2023-04-14,-0.01934033210150383,False,0.02622544275662796,0.030045559286204466,0.018542804847891992,0.023253425362684876
2023-04-17,-0.004003608688523414,False,0.028033785725943613,0.03211731366604742,0.01982140102219693,0.024856836548430832
2023-04-18,0.006597421632108531,False,0.027032539765370955,0.030970221693277743,0.01911346603616331,0.02396905751530157
2023-04-19,-0.006096093088757149,False,0.026465123930986538,0.030320153503766635,0.018712272386842175,0.023465944493458343
2023-04-20,0.006195695166983739,False,0.02596396989301937,0.02974599910343882,0.018357929407354836,0.02302158410171119
2023-04-21,-0.014095679073772963,False,0.025438648707844874,0.029144157260007193,0.017986498949171544,0.022555795322308978
2023-04-24,0.004837975290905304,False,0.026440082995228445,0.030291464992122284,0.01869456709243476,0.0234437413399762
2023-04-25,0.0024604086846930075,False,0.025639735696610287,0.02937453548845898,0.01812867831387207,0.022734093981670294
2023-04-26,-0.004171199318677286,False,0.024539528537424075,0.028114067181586194,0.017350772414079865,0.02175856859980949
2023-04-27,0.0021129262655032468,False,0.02393378779262069,0.02742009150197788,0.01692248098260471,0.021221473865923143
2023-04-28,0.00010047797590101929,False,0.02295561667953518,0.026299435563277452,0.016230861160353823,0.020354154706389804
2023-05-01,-0.0033723203832883527,False,0.02180999837409482,0.02498694131733111,0.015420847126841098,0.019338364429485888
2023-05-02,0.015459208663897123,False,0.021356425457710628,0.02446729891982025,0.0151001465708638,0.018936192994076676
2023-05-03,0.007074123181844181,False,0.02308871617153734,0.026451922928887473,0.016324969691845662,0.02047217060155715
2023-05-04,0.009517819252434986,False,0.023056885724714152,0.026415455915308046,0.016302463846314633,0.020443947363294503
2023-05-05,-0.015054141436917398,False,0.0234572234804391,0.02687410867803786,0.01658552426769778,0.020798916551384265
2023-05-08,0.00440192824598679,False,0.024924686110231468,0.02855532854734104,0.017623099626037052,0.022100077910262833
2023-05-09,0.004873807724603167,False,0.024218922799115618,0.027746760562314357,0.017124086836500223,0.02147429574021325
2023-05-10,-0.002803233566718523,False,0.023670666470694497,0.027118642739005144,0.016736439992979715,0.020988170959370864
2023-05-11,-0.007811791440417504,False,0.022945965796516008,0.026288378889016212,0.01622403746467421,0.020345597516715143
2023-05-12,-9.925105453308255e-05,False,0.023169307254731937,0.02654425327352773,0.016381951941564974,0.02054362864157403
2023-05-15,0.0017358962821522753,False,0.02205053957287886,0.025262520834363814,0.015590922749522554,0.019551646121790653
2023-05-16,-0.014776614414791786,False,0.02123412910911314,0.024327188332312875,0.015013676445394522,0.01882775596822239
2023-05-17,-0.003880014587498261,False,0.022940157971922826,0.02628172507044172,0.01621993101892145,0.0203404478680724
2023-05-18,-0.012293130260797066,False,0.02247319237171314,0.02574673915024511,0.015889761111945195,0.019926401484482822
2023-05-19,0.011282876071055622,False,0.023517950496851594,0.02694368146614397,0.01662846154905396,0.02085276163444924
2023-05-22,-0.001972886611210169,False,0.02419536257009816,0.027719768443847194,0.01710742848175302,0.02145340549130232
2023-05-23,-0.001216064382496189,False,0.023274423229564807,0.026664680916373525,0.01645627461461991,0.02063683227202882
2023-05-24,-0.004879037635297988,False,0.022310113814110025,0.02555990583283487,0.015774455761466563,0.019781803923150137
2023-05-25,-0.010087426800028618,False,0.022069536530598243,0.025284284974809872,0.015604354624933129,0.019568490235445667
2023-05-26,0.0005145091760760677,False,0.022744763526452366,0.026057868586871237,0.01608177658986781,0.020167196640392657
2023-05-30,0.00712441162188995,False,0.0216543986772938,0.024808676265391464,0.01531082973499198,0.01920039818160988
2023-05-31,0.0030087604621398334,False,0.021835388740462505,0.02501603015922705,0.015438799487567339,0.019360877414099385
2023-06-01,0.007153928630061794,False,0.021236466217815848,0.02432986587483283,0.015015328907508691,0.018829828222379823
2023-06-02,-0.013026835665023308,False,0.021413730948072966,0.024532951786926622,0.015140664648455952,0.01898700429802219
2023-06-05,0.0028641465728216076,False,0.022715617297790505,0.026024476786803048,0.01606116863159064,0.020141353429313943
2023-06-06,0.003823121771459306,False,0.021986599720226443,0.025189267213769222,0.015545713819372574,0.019494952299491764
2023-06-07,-0.011667932951336448,False,0.021484964751775987,0.024614561828450135,0.01519103079605147,0.019050165479058485
2023-06-08,0.010700777840001093,False,0.02259028214758298,0.02588088475210789,0.015972549909213037,0.02003022197625449
2023-06-09,-0.0007132429056667042,False,0.02335324289160453,0.026754981806646753,0.01651200437388241,0.020706719638482893
2023-06-12,-0.003522608540493114,False,0.022166380116972372,0.025395235235703265,0.01567282827243529,0.019654358951886556
2023-06-13,-0.005487371483662528,False,0.021655323851364094,0.024809736204498573,0.015311483883041835,0.019201218509655085
2023-06-14,0.005487371483662586,False,0.021572006568850347,0.024714282550024058,0.015252574063122066,0.019127343218841717
2023-06-15,0.0012777594632126471,False,0.021431825989114316,0.024553682633434704,0.015153458820049473,0.019003048705363356
2023-06-16,0.0003064070167053769,False,0.02054860021608847,0.02354180220217506,0.014528970482604429,0.01821991513610205
2023-06-20,-0.011762134766634989,False,0.019573155876903437,0.022424270231586326,0.013839278636814034,0.017355013736831675
2023-06-21,-0.0011372784228845022,False,0.02094795992176196,0.023999334447662186,0.014811339369762437,0.018574017112374514
2023-06-22,-0.01071258172670636,False,0.020143396590487656,0.02307757478496978,0.014242469628342386,0.01786063150638272
2023-06-23,0.0033404825344685927,False,0.021206286803352462,0.024295290390449312,0.014993990431052397,0.018803068912032754
2023-06-26,0.0023940761271535643,False,0.020723151020781268,0.023741778866040026,0.014652387331558981,0.01837468484377056
2023-06-27,-0.00505509651683476,False,0.020147567222388814,0.023082352929964703,0.014245418490413208,0.01786432949838723
2023-06-28,-0.0008885614102553915,False,0.020145335897345976,0.023079796580030648,0.014243840823061488,0.017862351039879397
2023-06-29,-0.0016224510460784893,False,0.019390959171412123,0.022215533930453456,0.013710455722928228,0.017193464605639273
2023-06-30,0.0062136453694543944,False,0.018819613057909326,0.021560962959602928,0.013306483153938654,0.016686866706420212
2023-07-03,0.00031225960354337316,False,0.01915157652027988,0.021941281720360077,0.013541199256026657,0.016981210167730174
2023-07-05,-0.001093367263780315,False,0.018339036047751004,0.021010382929961696,0.012966689244777788,0.016260751435824276
2023-07-06,-0.0056944618118118595,False,0.017783333591552396,0.020373734342246812,0.012573777586644548,0.015768024365055977
2023-07-07,0.009126768323334932,False,0.018144684794480784,0.020787721594682514,0.012829272408967758,0.016088425179829183
2023-07-10,-0.0006231570554215221,False,0.01913523100291919,0.02192255524105973,0.013529642092192673,0.01696671701802481
2023-07-11,0.0032674088391857186,False,0.018398514655658678,0.021078525460737435,0.01300874383387629,0.016313489587187154
2023-07-12,0.012810414334619996,False,0.01819107773225795,0.02084087233746998,0.012862074722335944,0.016129560604156167
2023-07-13,0.0015324108197861239,False,0.01990856472495772,0.02280853624847886,0.014076430812716003,0.017652412132984328
2023-07-14,0.0004592781602337969,False,0.019222501523746723,0.022022537980409245,0.013591347065172388,0.01704409754354188
2023-07-17,-0.003936082358076339,False,0.018410569062219582,0.021092335766643298,0.013017266950549297,0.01632417791934828
2023-07-18,0.012622280219577665,False,0.018354340002058888,0.021027916127427146,0.012977509967263413,0.016274321058368107
2023-07-19,0.0001517429045972916,False,0.019980498493129873,0.02289094821445988,0.014127291873006495,0.017716193954506677
2023-07-20,-0.004663169815610156,False,0.0190294686860784,0.021801387107107707,0.013454862420419772,0.01687294029274072
2023-07-21,-0.002034278228194697,False,0.01903916259793004,0.021812493077975635,0.013461716539808554,0.016881535634974076
2023-07-24,-0.002038424953129538,False,0.018555603751709802,0.02125849686455396,0.013119814311459423,0.01645277644705888
2023-07-25,0.0009177681383584213,False,0.018117407054278337,0.0207564704555482,0.012809985572975725,0.016064238709394853
2023-07-26,0.003459707764402656,False,0.017488717361983448,0.020036202981028716,0.012365467995816455,0.015506795734199563
2023-07-27,-0.012007399562659367,False,0.01738740749620614,0.019920135862286928,0.012293836447487307,0.01541696688272056
2023-07-28,0.007680922504028945,False,0.019007747220582117,0.021776501594767333,0.013439504170820495,0.01685368042813621
2023-07-31,0.005138771146053185,False,0.019585374384545017,0.022438268542277998,0.013847917781816573,0.01736584757319903
2023-08-01,-0.015238610077067491,False,0.01960157901179006,0.022456833608771636,0.013859375328727263,0.01738021579926368
2023-08-02,-0.0017018269642495524,False,0.02163974504807669,0.024791888122308942,0.015300468827479083,0.01918740518559244
2023-08-03,-0.0027911448212779625,False,0.020798666093510765,0.02382829380558753,0.01470578056765005,0.018441642115903906
2023-08-04,0.0039260178715701454,False,0.020239983437765757,0.023188230908989967,0.01431076174743343,0.01794627257887255
2023-08-07,-0.0031499215966816637,False,0.019965707805356406,0.022874003048252187,0.01411683405768972,0.017703079432193562
2023-08-08,-0.00487351880894349,False,0.019531439915447923,0.022376477734631216,0.013809783198377014,0.017318025267079595
2023-08-09,-0.004531822404694047,False,0.019475433898933255,0.02231231362860672,0.013770183918998714,0.017268366173161877
2023-08-10,-0.0005222204866973095,False,0.019371305164739023,0.022193017032333257,0.013696559278410571,0.017176037903581586
2023-08-11,-0.0007838424255554935,False,0.01853899782520987,0.02123947204374212,0.013108073024295496,0.016438052399269567
2023-08-14,-0.0012031118637710577,False,0.01782144422065869,0.020417396337846803,0.01260072386033405,0.01580181607937219
2023-08-15,-0.0042485053218492995,False,0.017243984854543717,0.019755821630377028,0.012192428891481666,0.015289797716344013
2023-08-16,-0.0033696785716192438,False,0.01725949305908082,0.01977358883008329,0.012203394029913887,0.015303548442311132
2023-08-17,-0.00634889183821112,False,0.017096835822015714,0.019587238204664972,0.0120883865758173,0.01515932445505974
2023-08-18,0.0010609517869105895,False,0.01750905170181754,0.020059499312713207,0.012379845472633658,0.015524825670167454
2023-08-21,0.0038101719353386674,False,0.01694748783509684,0.01941613551492631,0.011982789480600964,0.015026901437491903
2023-08-22,0.0016360008536025392,False,0.01696149932066019,0.019432187976808013,0.011992696357859104,0.015039325061252665
2023-08-23,0.011586265785144559,False,0.016551946239472412,0.018962977542655655,0.011703120203519496,0.014676184881167401
2023-08-24,-0.0001564098483359136,False,0.018176405284963417,0.020824062635183823,0.012851700509425669,0.01611655092263363
2023-08-25,-0.0037082411186101292,False,0.01735888028736335,0.019887453251262587,0.012273666169664512,0.015391672540589235
2023-08-28,0.003551870450310385,False,0.0172485871891298,0.019761094361821236,0.012195682990673294,0.015293878488012377
2023-08-29,0.009651369784435556,False,0.017186740683276042,0.019690239014381807,0.01215195416980218,0.015239040782462115
2023-08-30,0.004019820260445598,False,0.018340905248231516,0.02101252440663289,0.012968010870500313,0.016262408807799455
2023-08-31,-0.003142358107314131,False,0.01825978536795736,0.02091958823794033,0.012910654732677706,0.01619048189701705
2023-09-01,0.0008252180232353599,False,0.017961004912285566,0.02057728607062316,0.012699400809024266,0.015925560954012676
2023-09-05,-0.007035775353867591,False,0.01729552570694766,0.019814870156304117,0.012228871058604995,0.015335497664124734
2023-09-06,-0.004214024777917188,False,0.017838937467573868,0.020437437730176214,0.01261309253096868,0.015817326891344668
2023-09-07,-0.00031284575797763917,False,0.017773676388477395,0.020362670427321844,0.012566949422344025,0.015759461571550417
2023-09-08,0.00046926375810114266,False,0.016988411818625662,0.019463020670870232,0.012011724947857527,0.015063187680792435
2023-09-11,0.0025509680494884674,False,0.01633738090931946,0.018717157656688417,0.01155141092329603,0.014485935323269257
2023-09-12,-0.006258821711373876,False,0.016125158839898658,0.018474022361402994,0.01140135845500391,0.014297763474374774
2023-09-13,-0.0011517503252713073,False,0.016599009840056834,0.01901689664002625,0.011736396711724701,0.014717914964950734
2023-09-14,0.0004713280283196849,False,0.016030654433128937,0.018365752015588162,0.0113345387338553,0.014213968848306578
2023-09-15,0.00714714748905865,False,0.015445052142511923,0.017694848248427784,0.010920486277461765,0.013694730363624045
2023-09-18,0.00404651357660179,False,0.016185987765475186,0.018543711903222602,0.01144436779164466,0.014351698917673576
2023-09-19,0.00025883266612720474,False,0.016254246764064794,0.01862191381607392,0.011492630591312352,0.014412222415551755
2023-09-20,0.007014664451038077,False,0.015606358795550654,0.01787965155764587,0.011034538795686949,0.013837756822767147
2023-09-21,-0.01366199313993277,False,0.016189852843254016,0.018548139985700648,0.011447100610443559,0.014355125982699132
2023-09-22,0.003225343940292486,False,0.018152876627530887,0.020797106687161355,0.012835064477494652,0.01609568866743478
2023-09-25,-0.004580980852414335,False,0.01790010409390558,0.0205075141637694,0.012656340640287493,0.015871561765214714
2023-09-26,-0.008488367011878661,False,0.017875097181179023,0.020478864631105136,0.012638659402001453,0.015849388779079283
2023-09-27,-0.015270736211994486,False,0.018576644354170953,0.02128260233627204,0.013134691154109509,0.016471432607927418
2023-09-28,-0.00600213547461397,False,0.02063408340165635,0.02363973725493234,0.014589411712995505,0.018295710877429042
2023-09-29,-0.006633460391607326,False,0.020609176122378354,0.023611201868775092,0.014571800920940254,0.018273626233709078
2023-10-02,-0.009842104245885759,False,0.020693834576049116,0.023708192055459376,0.01463165902132426,0.018348690706481645
2023-10-03,-0.0029551953045940734,False,0.021395019006720577,0.024511514179619838,0.015127434295014739,0.01897041290104687
2023-10-04,-0.0033487861038288733,False,0.020765887510915796,0.023790740546494278,0.014682604338905716,0.018412578190046103
2023-10-05,-0.0010453767983574398,False,0.02025680153438957,0.023207498805584932,0.014322653050337343,0.01796118475245198
2023-10-06,0.007458615173471331,False,0.019446248474620037,0.022278876923471427,0.013749548247278504,0.017242488208307528
2023-10-09,0.010490108470351069,False,0.01989225436053525,0.022789850042652608,0.014064898503908465,0.017637950152484868
2023-10-10,0.006198645369741984,False,0.02084516666555797,0.023881567861139315,0.014738658984262054,0.018482872976768917
2023-10-11,0.0063206856067081355,False,0.020904646615346446,0.02394971192926028,0.014780714522142777,0.018535612317942977
2023-10-12,-0.0018706079095983437,False,0.0209814937336375,0.024037752946146608,0.01483504958640909,0.018603750680604814
2023-10-13,0.03060790174466398,False,0.020201898284352038,0.023144598099987083,0.014283833486434893,0.017912503453197504
2023-10-16,-0.003274031158004355,False,0.02550624068748653,0.02922159499291571,0.018034290130407603,0.02261572739164711
2023-10-17,0.0008324968566679965,False,0.02450044602063968,0.028069291728756027,0.017323138963296108,0.02172391513769388
2023-10-18,0.016813236521731816,False,0.02324316148720393,0.026628865447318902,0.01643417087386776,0.02060911328938124
2023-10-19,0.006677383090401854,False,0.025086618015045206,0.02874084818533379,0.01773759423104614,0.022243658764068322
2023-10-20,0.007137632114181281,False,0.0247947295377396,0.02840644191310301,0.017531213308433942,0.021984848760964053
2023-10-23,-0.0031322401557761035,False,0.024611817698729523,0.02819688630887067,0.01740188475651557,0.02182266553927956
2023-10-24,-0.0006580360180047346,False,0.023686734263146558,0.027137051038731357,0.01674780079029932,0.02100241785754507
2023-10-25,0.004597000160347399,False,0.022486679760937475,0.025762191173546164,0.015899297424777557,0.019938360405503754
2023-10-26,0.001561189672270813,False,0.022099729959213235,0.025318876514709668,0.015625703010151717,0.019595261971780412
2023-10-27,0.0007042731011225338,False,0.02124638844331694,0.02434123341654836,0.01502234445698219,0.018838626004452085
2023-10-30,0.003814487522985484,False,0.020341657545281923,0.02330471532656865,0.014382650834349964,0.01803642439413017
2023-10-31,-0.0055257086747362814,False,0.020053181808065257,0.02297421890957358,0.014178682903352554,0.017780640379859602
2023-11-01,-0.0032290150880346837,False,0.020047064697822265,0.022967210753403574,0.014174357775936348,0.017775216495588487
2023-11-02,0.003430498125605901,False,0.019663372245955924,0.022527627924728327,0.013903066483637054,0.017435006270178865
2023-11-03,0.0029670004669155115,False,0.01932839611222192,0.02214385765327981,0.013666220260136742,0.017137991550681107
2023-11-06,-0.004983536766928077,False,0.018957643335020813,0.021719099350768198,0.013404078016886468,0.016809254601884496
2023-11-07,-0.007496705490809856,False,0.018977151706424774,0.021741449399727688,0.013417871489400955,0.016826552172895946
2023-11-08,-0.007809573743291399,False,0.019435396208382874,0.022266443867082476,0.013741875108759526,0.01723286578304273
2023-11-09,0.006486705243964605,False,0.019889932177410842,0.022787189599838147,0.0140632565949845,0.017635891132453705
2023-11-10,-0.016218778932181384,False,0.020089709035145596,0.02301606685765162,0.014204509626267047,0.017813028132337254
2023-11-13,0.006652779492155402,False,0.022073662661201154,0.025289012136246302,0.015607272022181927,0.01957214876929396
2023-11-14,0.008343430595057662,False,0.022121865303588714,0.025344236193397485,0.015641353894478224,0.019614888812138805
2023-11-15,-0.0008669641439556413,False,0.02243311180867244,0.02570082027122983,0.015861421988539185,0.01989086308042954
2023-11-16,0.01206913677911117,False,0.02142467533179187,0.02454549037904607,0.01514840291901113,0.018996708401488045
2023-11-17,-0.001160029800050694,False,0.022494569773306702,0.025771230480779544,0.015904876089777333,0.019945356276476884
2023-11-20,-0.0019700582161406464,False,0.021525504959069425,0.02466100730557758,0.015219694912776263,0.01908611143784492
2023-11-21,0.010862615061766792,False,0.020785251628688387,0.023812925329186434,0.014696295816309582,0.018429747855073984
2023-11-22,-0.00395922248666503,False,0.021698087082666354,0.024858728521359914,0.015341719797838837,0.01923913556663606
2023-11-24,0.005408630384414501,False,0.021281392185990258,0.024381335962594577,0.01504709399411529,0.01886966292250232
2023-11-27,0.004783316372955456,False,0.021156827942716026,0.02423862712862108,0.014959020344587461,0.01875921501278668
2023-11-28,0.013772846290545529,False,0.020928065114521426,0.023976541672875492,0.014797272666234451,0.018556376898649012
2023-11-29,0.003621431258757891,False,0.022396016562895336,0.025658321564284235,0.015835193645719097,0.019857971680387478
2023-11-30,-0.004406156206906349,False,0.02183147319112304,0.025011544253272722,0.015436030982648367,0.01935740559723955
2023-12-01,0.016013593082084946,False,0.021492244095435615,0.02462290151420948,0.015196177685282431,0.01905661988579813
2023-12-04,-0.022906437155782847,False,0.02333646978499394,0.026735765453513693,0.016500144881348412,0.02069184735639068
2023-12-05,-0.002770483946805801,False,0.02644949002924452,0.03030224229723245,0.01870121837369534,0.02345208231501357
2023-12-06,0.005927406833356961,False,0.02529422354402085,0.028978694474026283,0.017884382555836797,0.022427737245324687
2023-12-07,-0.00029552536040616107,False,0.024813460345619973,0.028427901135121524,0.0175444570015297,0.022001456886404334
2023-12-08,-0.01568969924387106,False,0.0234250808635523,0.02683728402229236,0.016562797701066913,0.020770416519957736
2023-12-11,-0.01021061033941788,False,0.02500084975644369,0.02864258653451628,0.017676951438619328,0.02216761025581678
2023-12-12,-0.00010109265866683018,False,0.02534540648044774,0.02903733294831735,0.017920571657028084,0.02247311983821704
2023-12-13,0.0022726708042306704,False,0.02385667116299081,0.02733174171551293,0.016867955359261607,0.02115309653449117
2023-12-14,0.0238764749712153,False,0.022881204739130065,0.026214184443294805,0.016178247898412372,0.020288175553307038
2023-12-15,-0.004492380744304254,False,0.026212647412799255,0.030030900114759385,0.018533757848541815,0.023242080060511268
2023-12-18,0.00256958841333575,False,0.025378596262278397,0.029075357303785555,0.01794403862584692,0.02250254836385777
2023-12-19,0.005953704386447858,False,0.024322016326661932,0.027864871159060483,0.01719697953006167,0.02156570611869268
2023-12-20,-0.0019151099131709602,False,0.023976184961834714,0.027468664434492637,0.016952458071728974,0.021259066345068543
2023-12-21,0.002258433605997511,False,0.02293493845069925,0.026275745250164753,0.016216240535433857,0.020335819852891582
2023-12-22,0.008788749383462479,False,0.022077688357971238,0.02529362423420386,0.015610118407285017,0.019575718251046644
2023-12-26,0.0005345192470838028,False,0.02252577755913485,0.025806984133748996,0.015926941680345863,0.01997302741725509
2023-12-27,0.011449100696166307,False,0.021423977695117148,0.024544691121460026,0.015147909652192563,0.018996089824997404
2023-12-28,-0.0038500458433421737,False,0.022448375344813372,0.025718307163035446,0.0158722141331972,0.019904396865224612
2023-12-29,-0.0055605396969713086,False,0.02190901516652565,0.025100381343298197,0.015490857348431924,0.019426160071824884
2024-01-02,0.0009692741355228508,False,0.021743210169122236,0.02491042444054298,0.015373624257719673,0.019279145046467265
2024-01-03,-0.014736982781769346,False,0.02080150857499356,0.02383155033577098,0.0147077903556223,0.018444162471103184
2024-01-04,0.0039740504436172235,False,0.022511767436679705,0.025790933233532008,0.015917035766878865,0.019960605002127308
2024-01-05,4.895124937695209e-05,False,0.022023345837957602,0.025231365937099653,0.015571695309802677,0.019527534136677866
2024-01-08,-0.007766098913480351,False,0.020920376026725758,0.023967732557797227,0.014791836065763049,0.018549559182325863
2024-01-09,-9.86682319452515e-05,False,0.021256262961070003,0.024352546301189642,0.01502932627450044,0.018847381485291595
2024-01-10,-0.0023221142671955622,False,0.020232427947881115,0.023179574852298306,0.014305419607902697,0.017939573320379893
2024-01-11,-0.0036669527431482853,False,0.019706391614862,0.022576913689354584,0.013933483501557686,0.01747315043778322
2024-01-12,0.015956951403282443,False,0.019470408649583503,0.022306556378722812,0.01376663079622137,0.01726391041385334
2024-01-16,-0.010165310319773104,False,0.021331167275386517,0.024438361516493128,0.015082287671397554,0.018913797213653778
2024-01-17,-0.011617081726109126,False,0.02185964808312783,0.025043823227395984,0.015455952153432916,0.01938238754909504
2024-01-18,0.007957865627687473,False,0.022440408711212716,0.025709180073575748,0.015866581292847376,0.0198973330561769
2024-01-19,0.0039059773581561485,False,0.02237744593250814,0.025637045851936557,0.01582206320676454,0.019841505580209345
2024-01-22,-0.003311646301174295,False,0.013640519343379488,0.01562745904537871,0.009644584099319268,0.012094697557751282
2024-01-23,0.0019289741822805175,False,2.080934401263822e-08,2.3840527118678732e-08,1.4713330433343429e-08,1.8451109952072136e-08
2024-01-24,-0.004854342213876016,False,2.299156207970477e-06,2.6340616932907095e-06,1.625627650020945e-06,2.038602656791497e-06
2024-01-25,0.0014885385122534204,False,0.018897141053325694,0.02164978403325418,0.013361299635116678,0.016755608785311425
2024-01-26,-4.9570163444326434e-05,False,3.0486802113441e-06,3.4927647508054983e-06,2.1555816131377477e-06,2.7031863067885774e-06
2024-01-29,0.004156315901078261,False,7.297617898566295e-06,8.360621906527264e-06,5.159810105146821e-06,6.470610037148664e-06
2024-01-30,0.003105999442300761,False,0.021331266085094756,0.024438474719270086,0.015082357535199433,0.01891388482567989
2024-01-31,0.008284516486208303,False,0.02166907722332346,0.02482549295478207,0.015321208260037474,0.019213413270723952
2024-02-01,0.0022431851049437793,False,0.025876008862658544,0.029645225271816324,0.018295736206830584,0.02294359131915642
2024-02-02,-0.008265936631712335,False,0.018275195131532532,0.0209372426573292,0.012921550268031608,0.01620414533791592
2024-02-05,-0.005120905671782804,False,4.3685041122874435e-16,5.004840166696081e-16,3.0887684140580425e-16,3.8734402032539577e-16
2024-02-06,0.004334792726306237,False,3.845963141515041e-12,4.406183516262783e-12,2.7193037176569905e-12,3.4101165684325745e-12
2024-02-07,0.0003439817122514089,False,0.020596933242142085,0.023597175635266424,0.01456314454319655,0.018262770786789066
2024-02-08,-0.0014751441294395143,False,0.020425338874055232,0.023400586055926362,0.014441818054642694,0.018110622475395684
2024-02-09,-0.004389060106493958,False,0.020293350364564724,0.023249371503562228,0.014348495047806971,0.017993591659838
2024-02-12,-0.002523865081532603,False,0.02019466213280448,0.02313630789789808,0.014278717136360607,0.017906087343792388
2024-02-13,-0.012615124246704407,False,0.020091318286004762,0.023017910519264665,0.014205647453563609,0.017814455013671186
2024-02-14,-0.0013054709316034623,False,0.020182425161298388,0.02312228843381193,0.014270064936408354,0.017895237135991404
2024-02-15,0.005911211825203883,False,0.020053295408709152,0.022974349057800734,0.014178763225145018,0.01778074110662782
2024-02-16,0.004684094906416618,False,0.01992759409969752,0.022830337527955047,0.014089885608711328,0.01766928498997732
2024-02-20,0.007922794599725029,False,0.019676251482000834,0.022542383208509018,0.013912172799316334,0.017446425957422202
2024-02-21,-0.002568005317217988,False,0.019980959628491817,0.022891476520882956,0.014127617920620042,0.017716602831367997
2024-02-22,-0.0012865403339371805,False,0.019859173851685345,0.022751950877361433,0.014041508796990447,0.017608618516384785
2024-02-23,0.009314324420003009,False,0.019789555397982276,0.02267219148502016,0.013992284789113525,0.017546889624633633
2024-02-26,-0.004966682111913847,False,0.01973555098883058,0.022610320549534293,0.013954100754276878,0.0174990053044672
2024-02-27,0.0027076939620032797,False,0.019523785161769426,0.022367707954932814,0.013804370873981339,0.01731123799393479
2024-02-28,-0.0004917629801586159,False,0.019295426609698286,0.02210608566399814,0.01364290904068847,0.017108758341034553
2024-02-29,0.006227470697706523,False,0.018974943048725428,0.02173891901896484,0.013416309849085676,0.0168245938129384
2024-03-01,0.019939659139843434,False,0.019022719500717936,0.021793654804901672,0.01345009038174791,0.016866955963725005
2024-03-04,0.014650906546489963,False,0.020109169652122595,0.02303836219605847,0.014218269333821762,0.017830283360726947
2024-03-05,0.007433252615668022,False,0.020686298778217684,0.0236995585592544,0.014626330805139002,0.018342008908425928
2024-03-06,0.00784356635087546,False,0.02065302974371402,0.023661443406810614,0.014602807800398757,0.018312510111479056
2024-03-07,0.0035744768391498196,False,0.020809932129385107,0.02384120090316923,0.01471374626365625,0.018451631420060503
2024-03-08,0.009500646655496024,False,0.020691300342850504,0.023705288674398448,0.014629867181541916,0.018346443667105323
2024-03-11,0.001788495240181465,False,0.020866108024123416,0.02390555963264726,0.014753465656116266,0.018501441140628485
2024-03-12,-0.010177664197878154,False,0.020754305595222046,0.023777471556610915,0.014674415298801917,0.01840230880338061
2024-03-13,0.006919166252700285,False,0.021185297404657494,0.02427124358106944,0.014979149792231264,0.01878445815222632
2024-03-14,-0.0057163638155206895,False,0.020996298703190988,0.024054714474482958,0.01484551749971591,0.018616877866204834
2024-03-15,-0.0026386845425951824,False,0.00994606824333058,0.011394857499368617,0.007032407580355697,0.008818922818376687
2024-03-18,0.0015747582428707817,False,2.585055563993082e-06,2.9616064417618825e-06,1.8277739403262e-06,2.2921022601425643e-06
2024-03-19,-0.0020384080923120792,False,0.019868566619652153,0.022762711838365115,0.014048149991383478,0.01761694684208331
2024-03-20,0.0007416687251718953,False,0.019754808918229724,0.02263238367597456,0.01396771715076393,0.01751608081499637
2024-03-21,0.01128966261576579,False,0.019647076155662097,0.022508958072264815,0.013891544267409623,0.01742055694618203
2024-03-22,-0.011196893703511956,False,0.019727490759925484,0.02260108623125506,0.013948401736990362,0.01749185850687106
2024-03-25,0.00770847852509448,False,0.01976146714525416,0.02264001177044222,0.013972424876978235,0.01752198449359571
2024-03-26,0.0003678047123048936,False,1.1355081169283759e-13,1.3009113616781752e-13,8.02865584035901e-14,1.0068258328658205e-13
2024-03-27,0.006870990033479146,False,0.019702240276036245,0.022572157647751633,0.013930548280733474,0.017469469552452297
2024-03-28,0.012159770828042574,False,0.01716902680299724,0.01966994485023577,0.012139429499459838,0.015223334340562574
2024-04-01,0.008576849575533693,False,0.02057816411644469,0.02357567251388447,0.014549873757334056,0.018246128685926274
2024-04-02,0.010895049405066982,False,0.019746987089390686,0.022623422484192565,0.013962186695203587,0.01750914540060523
2024-04-03,0.014664135564459967,False,0.07155189838665348,0.08197447131653675,0.05059105772178424,0.06344322740831364
2024-04-04,-0.002443644773025144,False,7.066931827870854e-10,8.096333060085207e-10,4.996702590443319e-10,6.266066633366785e-10
2024-04-05,0.015993363911782323,False,0.062429209828956264,0.07152293070944447,0.04414082406192639,0.05535437417323073
2024-04-08,0.002576546332762105,False,0.08242289840567006,0.0944289903346816,0.05827744203661566,0.07308226343549609
2024-04-09,0.005047944048811655,False,0.07911186234377206,0.09063565379429564,0.05593636066346741,0.07014645294592695
2024-04-10,-0.005948917440644637,False,6.905258609594114e-05,7.911109790079684e-05,4.882390890791324e-05,6.12271515025815e-05
2024-04-11,0.010759197967561912,False,0.002666963776365694,0.0030554457745695773,0.0018856874715317388,0.0023647281647144183
2024-04-12,0.0005943121990892287,False,4.9882169419068036e-08,5.714823168147763e-08,3.5269388643343316e-08,4.42292362527207e-08
2024-04-15,0.00406612066202905,False,0.019909289253173743,0.022809366314749654,0.014076943093307075,0.017653054553512775
2024-04-16,0.010511806622644015,False,0.0192380529309451,0.022040354675871697,0.013602342750220138,0.01705788657619723
2024-04-17,-0.00802108139040866,False,0.018755972075084334,0.021488051743565696,0.013261485540902984,0.016630437884307958
2024-04-18,0.004459451082454631,False,0.018775855932555638,0.02151083197359028,0.01327554450235257,0.016648068389154797
2024-04-19,0.006735379565596977,False,0.018814921375440417,0.021555587865459438,0.013303165880966887,0.016682706712282894
2024-04-22,-0.02798980048135961,False,1.4616644536180877e-08,1.6745771045798985e-08,1.0334757345399265e-08,1.2960202652406241e-08
2024-04-23,-0.001931372558694458,False,2.2558733386513214e-20,2.584474045590193e-20,1.5950243230727632e-20,2.0002248501502168e-20
2024-04-24,-0.0013756724603899396,False,1.2616060244826387e-06,1.445377260402818e-06,8.920236170653066e-07,1.1186336032403638e-06
2024-04-25,0.0022774857931127522,False,2.409607704599296e-06,2.7606020541535395e-06,1.7037228252350292e-06,2.13653715715016e-06
2024-04-26,0.0021438073190774686,False,3.6701056113727893e-06,4.2047097834130626e-06,2.5949629432143583e-06,3.2541882209275372e-06
2024-04-29,0.004529666146779777,False,3.3226615302013215e-06,3.8066554269488664e-06,2.349301207299931e-06,2.946118493213008e-06
2024-04-30,-0.02329297954868033,False,0.01891897293635174,0.021674796047040777,0.013376735955874755,0.016774966554298745
2024-05-01,0.0037026594091494527,False,1.1440268842598216e-15,1.3106710111635074e-15,8.088888127621987e-16,1.0143792046873043e-15
2024-05-02,-0.0003043861623244103,False,1.5806519160282481e-06,1.810896818581904e-06,1.1176062987135237e-06,1.4015233868438112e-06
2024-05-03,-8.696932457233537e-05,False,8.269162161241415e-06,9.473685697833504e-06,5.846744386144647e-06,7.332053338919079e-06
2024-05-06,0.00978239943094232,False,9.48066871302087e-06,1.0861665769892165e-05,6.703344969405018e-06,8.406265028675488e-06
2024-05-07,-0.002760589407145369,False,0.059628696339040825,0.0683144817664117,0.04216070972794563,0.05287123091348604
2024-05-08,-0.0006912606128823438,False,0.32464458801597484,0.37193378608314376,0.22954126252008183,0.28785400372015335
2024-05-09,0.007964395898361993,False,0.004462661013745487,0.0051127123880048315,0.003155342430177463,0.003956926705302924
2024-05-10,0.01498089474872309,False,0.15809845637552625,0.1811277921280386,0.1117841498627682,0.1401818337024976
2024-05-13,-0.013267171767020015,False,0.019271120120510306,0.022078238581730962,0.013625723039684304,0.017087206402430246
2024-05-14,0.007378135479851928,False,2.2647294241298717e-13,2.5946201485085976e-13,1.6012860539525406e-13,2.0080773132941985e-13
2024-05-15,0.014888214910604233,False,1.9565326161706697e-09,2.241530000468412e-09,1.3833742605172736e-09,1.734807132981006e-09
2024-05-16,-0.0036487767790969396,False,0.02057532638717952,0.02357242142814814,0.0145478673294364,0.018243612544396097
2024-05-17,0.013438686241467436,False,2.290774877362426e-07,2.6244595001831084e-07,1.6197015964830513e-07,2.031171146576668e-07
2024-05-20,0.008955695038778591,False,4.582202561399104e-12,5.2496668978112934e-12,3.2398647625524155e-12,4.062921120035949e-12
2024-05-21,-0.005025116242057949,False,2.0831846867612354e-09,2.386630784122014e-09,1.4729241167517797e-09,1.8471062654623024e-09
2024-05-22,-0.01351119128257647,False,4.5202015775569093e-08,5.178634570421402e-08,3.1960267173978654e-08,4.0079464428277586e-08
2024-05-23,-0.02294667031813439,False,0.023480715426192764,0.026901022566792377,0.016602134342488504,0.02081974625528198
2024-05-24,-0.0010712373814988035,False,1.0894991157740112e-15,1.2482004814573578e-15,7.703347346020546e-16,9.660308352643284e-16
2024-05-28,0.0096849750810076,False,3.4516649272550123e-06,3.954450041906086e-06,2.440513578373329e-06,3.0605024863741024e-06
2024-05-29,-0.0063464816760843545,False,0.023732493464742432,0.027189475732460916,0.016780155017949994,0.021042991364304906
2024-05-30,0.001110289464388048,False,0.023735744220196975,0.027193200007648213,0.016782453477677105,0.021045873725530836
2024-05-31,-0.00857307357068379,False,0.02324579119413221,0.02663187820924449,0.01643603021873491,0.020611444982857302
2024-06-03,0.010151150585457774,False,0.02326417981276833,0.026652945397186763,0.016449031965548346,0.02062774969789857
2024-06-04,-0.009032443941432378,False,0.023439813487375595,0.026854162666692452,0.016573214462034035,0.0207834795584601
2024-06-05,0.012223460620860391,False,0.023476034261058935,0.026895659521986536,0.016598824505840833,0.020815595586595084
2024-06-06,0.00685801971176186,False,0.02372119802827541,0.027176534951663316,0.016772168534136413,0.021032975991399198
2024-06-07,-0.027849130615993235,False,0.02356468989403872,0.026997229135185034,0.016661508827942317,0.020894204255421316
2024-06-10,0.0010839169709689002,False,0.024855060594392245,0.02847556106416094,0.017573870624848338,0.02203834275669725
2024-06-11,-8.664897474244984e-05,False,0.024096514438885577,0.027606521647053742,0.017037537512755347,0.021365759396526216
2024-06-12,0.012275377571110555,False,0.02380204509226797,0.027269158564421588,0.016829331776109145,0.021104661003003743
2024-06-13,-0.015444010517410593,False,0.02394357288577909,0.02743130193603385,0.016929399572103408,0.02123015005627529
2024-06-14,0.013472849167638714,False,0.024417931946459297,0.027974758281571175,0.017264797055061037,0.02165075203104472
2024-06-17,-0.008182999621581656,False,0.024432300106124658,0.027991219372316734,0.017274956120178472,0.021663491908555207
2024-06-18,0.007753980763100305,False,0.02397629018203398,0.027468784981541716,0.016952532468094333,0.02125915964111212
2024-06-20,0.009991179448078678,False,0.023575986949262846,0.027010171770535208,0.016669496456304618,0.020904221063637294
2024-06-21,-0.016016849994939065,False,0.023089343972491426,0.026452642178166157,0.016325413581036896,0.020472727256511045
2024-06-24,0.005854053366742159,False,0.023565565724482852,0.026998232543050366,0.016662128087382704,0.020894980831742717
2024-06-25,-0.0057676319065113404,False,0.023523462048357428,0.02694999585515407,0.016632358513727925,0.020857648585367965
2024-06-26,-0.0075394205654809275,False,0.023003612529959375,0.026354422706213194,0.016264796819560168,0.020396711392121087
2024-06-27,0.010943747042885628,False,0.02241245962059193,0.02567715979208669,0.015846819775840144,0.01987255131659917
2024-06-28,0.0013756724603899051,False,0.0222711413553058,0.025515256469527722,0.015746900127620624,0.01974724804661397
2024-07-01,-4.2898852745440194e-05,False,9.56060284153958e-06,1.0953243464869042e-05,6.759862716676766e-06,8.477140563883423e-06
2024-07-02,-0.0019782819678747557,False,1.4744971547464954e-05,1.689279074957816e-05,1.0425491475192077e-05,1.307398691170751e-05
2024-07-03,0.01571743658704651,False,0.022903300353397014,0.02623949860460691,0.016193870691405744,0.020307767166000378
2024-07-05,0.012088663472560882,False,1.7829813202769132e-15,2.042698438371882e-15,1.2606641182817011e-15,1.5809236640491893e-15
2024-07-08,-0.01403992502750996,False,2.381049763035537e-12,2.7278842337411834e-12,1.6835308177181894e-12,2.111215565105848e-12
2024-07-09,0.002078403578812869,False,1.3979476559207881e-14,1.601579030133377e-14,9.884245162936668e-15,1.2395242200316642e-14
2024-07-10,0.00511374163037859,False,0.020600576602641404,0.023601349704123874,0.014565720595900649,0.018266001260807234
2024-07-11,0.017881513074975274,False,0.02076838507660239,0.023793601918887654,0.01468437025277612,0.018414792717282902
2024-07-12,-0.0004141644291962591,False,0.021261853217150756,0.02435895085923879,0.01503327888756086,0.018852338221531987
2024-07-15,0.0036800068503831792,False,0.02108795842158033,0.02415972576175008,0.01491032587249645,0.018698150180274445
2024-07-16,0.016171314917783012,False,0.021003643150709156,0.024063128747423144,0.014850710420892066,0.018623389998860845
2024-07-17,-0.00309113301982428,False,0.02124496631492418,0.024339604134505963,0.015021338935378598,0.018837365039794822
2024-07-18,-0.0012228428297097356,False,0.021219071392442154,0.02430993724057149,0.015003029826221072,0.018814404678255982
2024-07-19,-0.02323049125293214,False,0.021068238805416677,0.024137133697164387,0.014896383038524447,0.01868066530396949
2024-07-22,-0.0014621412526544951,False,0.02170454300568881,0.024866124843310265,0.015346284484194348,0.019244859867481732
2024-07-23,0.005253774082549602,False,0.021600444209631822,0.024746862546098435,0.015272681011486633,0.019152558143277484
2024-07-24,0.0036115155414233003,False,0.021556413309491804,0.02469641790602663,0.015241548786336037,0.019113517076952722
2024-07-25,-0.025771655108934748,False,0.02148085916015759,0.02460985819779954,0.015188127920974336,0.019046525156599336
2024-07-26,0.011877017079959726,False,0.0222154316331737,0.025451431817464797,0.01570751034437799,0.0196978516693022
2024-07-29,-0.0011350772219737724,False,0.022308613658043833,0.025558187157255448,0.01577339507008244,0.01978047377336234
2024-07-30,0.011584493096314897,False,0.02213140878505383,0.025355169821508858,0.015648101651456792,0.019623350771618715
2024-07-31,0.008899986305409351,False,0.022240928221196773,0.02548064235374257,0.015725537809553172,0.019720458837924653
2024-08-01,0.0034968666714193194,False,0.022211992776527044,0.025447492041415533,0.01570507888694596,0.019694802523588698
2024-08-02,-0.0038266341350136172,False,0.022110269720175206,0.02533095154489253,0.015633155190558162,0.019604607306657848
2024-08-05,-0.00994332279261066,False,0.021959901386642753,0.02515867988024064,0.015526836655162211,0.019471279573999283
2024-08-06,-0.005260032745343863,False,0.021983300020858246,0.025185486865276583,0.015543380753654332,0.019492026540956827
2024-08-07,0.0005857822224360302,False,0.021869457506206495,0.025055061535378377,0.015462887945499656,0.019391085312161528
2024-08-08,0.013173648862206806,False,0.021654342836247654,0.024808612290286133,0.015310790252355566,0.019200348668790945
2024-08-09,0.0040789238864625725,False,0.022154360590766094,0.02538146489098214,0.0156643298180574,0.01964370154723847
2024-08-12,0.012381322610815695,False,0.02183863928115365,0.025019754188367542,0.015441097795445127,0.019363759584900136
2024-08-13,0.0017447607257966857,False,0.02273158817805925,0.02604277405767929,0.016072460906761003,0.020155514397948562
2024-08-14,-0.011129137775200023,False,0.022679379246595275,0.025982960137276596,0.01603554637164953,0.02010922208165368
2024-08-15,0.005600503269123787,False,0.0224973129910039,0.025774373287965714,0.01590681569289048,0.019947788617031333
2024-08-16,0.01837804343675201,False,0.022091932571050774,0.025309943323743665,0.01562018983547011,0.01958834822830838
2024-08-19,0.0012798782157230325,False,0.022415936229771068,0.02568114281987295,0.0158492779263522,0.01987563393651192
2024-08-20,0.0037900744796478744,False,0.02241102441165119,0.02567551552412457,0.015845805005582456,0.019871278753756546
2024-08-21,-0.0011555060403106994,False,0.022191617168847853,0.025424148430625102,0.015690672231532792,0.019676735996484302
2024-08-22,-0.011830186756921601,False,0.022638982830879055,0.025936679397057443,0.016006983923338113,0.020073403619159293
2024-08-23,0.011830186756921704,False,0.02280470753236305,0.02612654430762668,0.01612416024049738,0.02022034744819102
2024-08-26,0.003700706198852698,False,0.022760572171993666,0.026075979991176345,0.016092954156321202,0.02018121375966844
2024-08-27,-0.0006754281156969496,False,0.022757843348060653,0.026072853674415107,0.016091024730376952,0.020178794181694368
2024-08-28,-0.005979686942712076,False,0.022533528298346865,0.02581586388066758,0.015932421871699316,0.019979899798302947
2024-08-29,0.009827580801596993,False,0.022425118904393367,0.02569166308438595,0.015855770573400454,0.01988377597784716
2024-08-30,-0.012710561536922458,False,0.022311076799189956,0.02556100909067419,0.015775136643942957,0.019782657777244778
2024-09-03,-0.0015651613535240963,False,0.0222939896497746,0.025541432949841958,0.01576305510617995,0.01976750704147729
2024-09-04,0.0014046919562063706,False,0.021922417904990197,0.025115736385227173,0.015500333808603892,0.019438043935195014
2024-09-05,0.0071931259247034075,False,0.021626602093578518,0.02477683070565309,0.015291176048606065,0.01917575166598156
2024-09-06,-0.007152981683501989,False,0.021440749398300925,0.02456390586673678,0.015159768152427984,0.019010960862707166
2024-09-09,0.0033231463116611603,False,0.021435002704928895,0.024557322084033426,0.01515570492975117,0.019005865417545426
2024-09-10,0.004188195346663044,False,0.0213566032747597,0.02446750263850441,0.015100272297123988,0.0189363506598792
2024-09-11,-7.959205722123827e-05,False,0.021257247427845953,0.024353674169845917,0.015030022345696456,0.018848254386653416
2024-09-12,0.015444721969289848,False,0.021177177528878096,0.024261940927482597,0.01497340860138222,0.01877725846728133
2024-09-13,0.011729349341314652,False,0.02166076541209558,0.024815970407561776,0.015315331360457114,0.019206043401554917
2024-09-16,-0.0003487790851909712,False,0.0214868052016382,0.02461667036655802,0.01519233209353362,0.019051797358600117
2024-09-17,-0.00625883189495714,False,0.02189449966544159,0.02508375144871692,0.015480594104971409,0.01941328955046925
2024-09-18,0.00249266043134922,False,0.021834301760439483,0.02501478484478079,0.015438030933967407,0.019359913616878853
2024-09-19,0.006707160271705417,False,0.02158635097208626,0.024730716423871278,0.015262716331160452,0.019140062032137414
2024-09-20,0.01225073519220459,False,0.0041389283229994085,0.004741823330269646,0.0029264459282920797,0.0036698812574306456
2024-09-23,0.002516049581020544,False,0.021489020242030518,0.024619208059745754,0.01519389824675765,0.019053761377927306
2024-09-24,0.009360187860914403,False,0.05321171171473449,0.06096277015729,0.03762355492355768,0.04718145574364293
2024-09-25,0.003012958044237874,False,0.021475650484767392,0.02460389080320906,0.015184445106076881,0.019041906758139934
2024-09-26,0.004015674633472966,False,0.023454391454852716,0.026870864126803947,0.01658352187260917,0.020796405467159322
2024-09-27,-0.00963458348443632,False,0.03313452940990505,0.037961054730112555,0.023427902372375697,0.029379534740788606
2024-09-30,-0.0031058092325682647,False,0.020983638115915495,0.024040209688839714,0.01483656578052902,0.01860565204919993
2024-10-01,0.01176615388576509,False,0.020944316589781728,0.023995160411478037,0.014808763337222874,0.018570786663643483
2024-10-02,-0.007602005078805537,False,0.021103675993960503,0.024177732826765764,0.014921439045304734,0.018712086547321385
2024-10-03,0.003770601213994833,False,0.02104433497889405,0.024109747931226413,0.014879481741778373,0.018659470395990824
2024-10-04,-0.004261843753354774,False,0.021069072130750356,0.02413808840843276,0.014896972244555424,0.018681404192103027
2024-10-07,-0.00037802895454220627,False,0.0212392081441754,0.02433300720257928,0.015017267597576359,0.018832259417938407
2024-10-08,-0.011331369029670978,False,0.020901592814494694,0.02394621329797344,0.014778555319960232,0.018532904591296084
2024-10-09,-0.0034476188142327953,False,0.021030583625988985,0.024093993494101792,0.014869758792363203,0.01864727742516546
2024-10-10,0.0055868577505378105,False,0.020999608796601666,0.024058506731061288,0.014847857914583719,0.018619812840869818
2024-10-11,0.014020160169731887,False,0.020968291673950108,0.024022627814772525,0.01482571501697416,0.018592044753943316
2024-10-14,-0.0036943716604866234,False,0.021063774077359095,0.024132018616637597,0.014893226234582606,0.018676706544469596
2024-10-15,0.0051231384715043505,False,0.02100447727848265,0.024064084378018342,0.014851300194291343,0.01862412959849712
2024-10-16,0.004723215245810717,False,0.02095805913604028,0.02401090475914021,0.014818480059863184,0.018582971825841964
2024-10-17,0.006337393065017404,False,0.020896307345862404,0.023940157924090127,0.014774818208091895,0.018528218102244656
2024-10-18,0.00840012761358353,False,0.02085526573567566,0.023893138007457623,0.014745799572433447,0.018491827562412848
2024-10-21,0.0034579737223619676,False,0.020851709545279207,0.023889063806294224,0.014743285153701404,0.018488674379882174
2024-10-22,0.007718602631013913,False,0.02078209514739306,0.023809309060558503,0.014694064013506161,0.018426949084319542
2024-10-23,-0.01091867720094922,False,0.020768067584883008,0.023793238179889376,0.014684145768978153,0.01841451120554377
2024-10-24,0.007523937915991553,False,0.020840957939756873,0.023876746073314806,0.014735683187745967,0.018479141207883413
2024-10-25,0.002191461563702766,False,0.0208288874867567,0.023862917383572806,0.014727148725373495,0.01846843864775743
2024-10-28,0.00072942126259476,False,0.020709876291623054,0.023726570479831538,0.014643001380882243,0.018362914482958927
2024-10-29,0.009253781457162933,False,0.020553797824920235,0.02354775691820218,0.014532645472847204,0.01822452372212881
2024-10-30,0.007234316137240295,False,0.020627845594130806,0.023632590820168053,0.01458500124607991,0.01829017997398279
2024-10-31,-0.01816650912342701,False,0.020605177773917727,0.023606621102805363,0.01456897387256943,0.018270081000998768
2024-11-01,0.0001095688511384859,False,0.021114400933017013,0.02419002000892142,0.01492902215662819,0.01872159607485098
2024-11-04,-0.0009132920834320161,False,0.02095678537503908,0.024009445456354243,0.014817579442020912,0.018581842414733592
2024-11-05,0.0015338367843668287,False,0.020834627700367262,0.02386949374264335,0.014731207366508885,0.018473528347481387
2024-11-06,-0.02688819289182318,False,0.020728681431127306,0.02374811486095424,0.014656297630451818,0.018379588516337694
2024-11-07,0.011479740190580862,False,0.021181253516831335,0.024266610642264357,0.014976290545068764,0.01878087254093223
2024-11-08,-0.004047575121093911,False,0.021224922803147122,0.02431664099420782,0.015007167089709585,0.018819592973582665
2024-11-11,-0.0288015263656269,False,0.021150564512218657,0.02423145133852708,0.014954591760846516,0.018753661390110542
2024-11-12,-0.00429842206071789,False,0.0216747870453525,0.024832034495295963,0.015325245412682834,0.01921847602301449
2024-11-13,-0.00741199771886598,False,0.021593425811861428,0.02473882181678601,0.01526771862509686,0.019146335110544196
2024-11-14,-0.004894201906120731,False,0.02158863027507238,0.02473332774043269,0.01526432792151006,0.019142083031453178
2024-11-15,-0.0009739185590534587,False,0.021534027217606014,0.024670770954812776,0.015225720609973207,0.019093667905228182
2024-11-18,0.017348790536743833,False,0.02142347456296981,0.024544114700809975,0.015147553910582883,0.01899564371066697
2024-11-19,0.006300496006653572,False,0.021631286393650095,0.024782197342045884,0.015294488101824088,0.0191799051143371
2024-11-20,0.007999532098494133,False,0.021582038980650264,0.02472577632827274,0.015259667520261606,0.01913623870027027
2024-11-21,0.008984571185138249,False,0.021570148754353986,0.024712154117870935,0.015251260487905462,0.019125695942525747
2024-11-22,0.014046981134497769,False,0.021629646306603103,0.02478031835250652,0.015293328471676826,0.01917845089134878
2024-11-25,-0.03495948190340738,False,0.021747450130477027,0.02491528201383312,0.01537662213945971,0.019282904511114606
2024-11-26,0.001336617767776714,False,0.022951628256903694,0.026294866168978,0.01622804113008044,0.020350618274656822
2024-11-27,0.007452166991228204,False,0.022675615746430948,0.025978648428667508,0.016032885373711774,0.02010588508288551
2024-11-29,0.006456666117155565,False,0.022602285664851687,0.025894636755957236,0.015981037044407186,0.02004086518618951
2024-12-02,-0.008352473231234763,False,0.022514126069755884,0.025793635435762963,0.015918703447887924,0.019962696341392916
2024-12-03,0.003712425318383127,False,0.022532586658772176,0.02581478507761627,0.015931756081648308,0.01997906487071862
2024-12-04,0.003434974654697664,False,0.022359615858075065,0.025616618568270536,0.015809456380877784,0.019825696111942657
2024-12-05,-0.010302322170881693,False,0.0221983590219026,0.02543187233246863,0.015695439085868387,0.019682713824133186
2024-12-06,0.004558239129528256,False,0.022274887845558224,0.025519548690484256,0.015749549098631712,0.01975056996313089
2024-12-09,0.00991798633808684,False,0.022135018487060624,0.025359305329025625,0.01565065390578829,0.019626551401517527
2024-12-10,0.012196028210303023,False,0.022189923113872922,0.02542220761194548,0.01568947444314488,0.019675233921522768
2024-12-11,0.013330075570755336,False,0.022287836358154393,0.02553438334195179,0.015758704396575368,0.019762051076109878
2024-12-12,-0.017081207143532985,False,0.022474086348775513,0.02574776334804712,0.01589039320202504,0.019927194150943735
2024-12-13,-0.011790161839593786,False,0.022880542290259143,0.026213425499127106,0.016177779511272097,0.02028758817693671
2024-12-16,-0.0017334660635325901,False,0.023030038140861502,0.026384697591041725,0.01628348115410093,0.020420142301428447
2024-12-17,-0.00264360600282425,False,0.022769703292272434,0.02608644119170711,0.016099410351663377,0.02018931008909366
2024-12-18,-0.0029918795594432402,False,0.02254712852561535,0.025831445178512314,0.01594203796712492,0.019991958769914525
2024-12-19,-0.01694536281780769,False,0.0223304594826825,0.025583215143452978,0.015788841248313833,0.019799843904018878
2024-12-20,0.01398249166131256,False,0.022725471212715603,0.026035766067515315,0.01606813588179646,0.020150090642155966
2024-12-23,-0.006258330803749558,False,0.022934517881917197,0.026275263419432957,0.016215943170583884,0.02033544694537295
2024-12-24,0.00294323974486273,False,0.0227807871269829,0.026099139547879867,0.016107247221603373,0.020199137840165932
2024-12-26,0.007149969097485895,False,0.02248989692626399,0.025765876965715563,0.015901572134469463,0.019941212983227378
2024-12-27,-0.008219261513672152,False,0.02235596666832541,0.025612437821047804,0.015806876206578776,0.019822460469278196
2024-12-30,-0.004250136932791706,False,0.022349320154880895,0.02560482314641306,0.015802176762498298,0.0198165671768088
2024-12-31,0.008824710411780469,False,0.02211598776356957,0.02533750250433298,0.015637198156152964,0.0196096773486215
2025-01-02,0.011232867866452192,False,0.022276056997069874,0.025520888145889598,0.015750375751913386,0.019751606619696275
2025-01-03,-0.005241401391997348,False,0.022394751779303994,0.025656872546598226,0.015834299375390597,0.01985685022931746
2025-01-06,-0.0024984295005021796,False,0.022266981110536172,0.025510490224700862,0.015743958609812956,0.019743559264611747
2025-01-07,0.006912096917743294,False,0.022026906383848393,0.02523544512819838,0.015574212808104518,0.01953069118111331
2025-01-08,0.0029316900271960217,False,0.02197224750690475,0.02517282439218383,0.015535566029181607,0.019482226561193944
2025-01-09,0.007217296123672955,False,0.021719874739573326,0.024883689866851043,0.015357124848341435,0.01925845412146145
2025-01-10,0.009161257237443541,False,0.021691597919139258,0.02485129411694278,0.01533713160865074,0.01923338179229013
2025-01-13,-0.013006500709167285,False,0.02170687868298263,0.02486880074591584,0.015347935934225102,0.019246930852445727
2025-01-14,0.001495047933117684,False,0.021991157825963913,0.02519448927379081,0.015548936646378785,0.019498993854577984
2025-01-15,0.012987195526811112,False,0.02170524813819566,0.024866932688605223,0.01534678305097119,0.019245485090333865
2025-01-16,0.012420208736854522,False,0.02192040471974304,0.025113429950317425,0.015498910377872632,0.0194362588956317
2025-01-17,-0.000764876477197021,False,0.022084576153581826,0.025301515337255567,0.015614988450892082,0.019581825482204978
2025-01-21,0.003891391478642485,False,0.021770033569492607,0.024941155058651687,0.015392589850904899,0.01930292866546177
2025-01-22,0.004563111323176753,False,0.0215615663325023,0.024702321541660233,0.015245192251994446,0.019118086129878874
2025-01-23,-0.0016272807543716752,False,0.02138649699819464,0.024501750816812974,0.01512140877458883,0.018962856655341625
2025-01-24,0.005125977145751084,False,0.021129650373542197,0.02420749075188018,0.014939804334924362,0.018735117361426225
2025-01-27,-0.014434155176814617,False,0.021047634484550982,0.024113528057790927,0.014881814670532284,0.018662395982766967
2025-01-28,0.010646340249542608,False,0.02136345288431308,0.02447534999314522,0.015105115341125618,0.018942424032443058
2025-01-29,0.000830957531606674,False,0.02154658157429507,0.024685154035842198,0.01523459721839642,0.019104799530305194
2025-01-30,0.019277756347583747,False,0.021256111196724017,0.024352372430163055,0.015029218968908822,0.01884724691975061
2025-01-31,-0.0037263817408137866,False,0.02178738969155356,0.02496103935190081,0.01540486156685948,0.019318317892353967
2025-02-03,0.007580052840268373,False,0.02161701059425044,0.0247658420651798,0.015284394340404234,0.019167247130297965
2025-02-04,0.006822415916365941,False,0.021576156666001205,0.02471903716908414,0.015255508406015047,0.019131023003211456
2025-02-05,0.006393163440626415,False,0.021511156890654918,0.024644569232665284,0.015209550053258605,0.01907338937472966
2025-02-06,-0.005447355250461389,False,0.02141544208763312,0.024534912178809366,0.015141874516568603,0.018988521521445888
2025-02-07,0.00394879297438717,False,0.02135284285625952,0.024463194460448597,0.01509761347808927,0.018933016393543344
2025-02-10,0.016258833046568513,False,0.021206041136577074,0.024295008938741022,0.014993816731370149,0.018802851085623545
2025-02-11,-0.0006178516064746903,False,0.021557573913835032,0.02469774756924436,0.01524236939630788,0.01911454615496377
2025-02-12,-0.0012024393787544148,False,0.021253811646445325,0.02434973791699692,0.015027593062629512,0.01884520796768145
2025-02-13,0.005792712774394366,False,0.021051752904330437,0.024118246385210502,0.014884726615812326,0.01866604767962648
2025-02-14,-0.014562544873085503,False,0.02094648735004877,0.0239976473744973,0.01481029818200612,0.01857271142092283
2025-02-18,0.01650883496677148,False,0.021300034862385856,0.024402694215497893,0.015060275373490044,0.018886192904022506
2025-02-19,-0.004170300117599673,False,0.021696293786094726,0.024856674005104062,0.015340451840280574,0.019237545496704027
2025-02-20,0.0070314990870447855,False,0.021651749080360737,0.024805640716193088,0.015308956326816902,0.01919804885217831
2025-02-21,-0.0008166266630073181,False,0.021595154274963807,0.024740802055636446,0.015268940741889761,0.019147867694307083
2025-02-24,0.003500064634192458,False,0.0213348975710286,0.024442635183859186,0.015084925191944222,0.01891710477082636
2025-02-25,-0.01483176087132524,False,0.021176042143131436,0.024260640156316193,0.014972605822320574,0.018776251749951033
2025-02-26,0.0042258832321174136,False,0.021523984581770243,0.024659265463248967,0.01521861992388797,0.01908476335841008
2025-02-27,-0.011586370186078948,False,0.02135864230796562,0.02446983868650343,0.015101714003758518,0.01893815861816253
2025-02-28,-0.016224097946286358,False,0.02156829307308093,0.02471002812967606,0.01524994842099298,0.019124050557683996
2025-03-03,0.01864901343751476,False,0.02200439701436614,0.025209656942216153,0.015558297467820968,0.01951073270231568
2025-03-04,0.00668996126638687,False,0.02246661444080591,0.025739203048190027,0.01588511015942372,0.01992056900238474
2025-03-05,0.001957098953760298,False,0.022335219933193373,0.025588669022702258,0.015792207144006438,0.019804064873009744
2025-03-06,0.0004458405723709752,False,0.02203271675133942,0.02524210186008071,0.015578321051823432,0.019535843084478154
2025-03-07,-0.004088489842890409,False,0.021709538765420505,0.024871848307985053,0.015349816756218559,0.019249289479104648
2025-03-10,-0.004727634903135915,False,0.02158196904500139,0.024725696205481148,0.015259618071979607,0.019136176690129722
2025-03-11,0.007546651957820141,False,0.021486050718029236,0.024615805981456348,0.015191798632861409,0.019051128377395442
2025-03-12,0.008954330271122598,False,0.02146742594642738,0.024594468241439956,0.015178629913143128,0.01903461427159521
2025-03-13,0.015261784579635519,False,0.021505031394121493,0.024637551468619876,0.015205218996281996,0.01906795805455058
2025-03-14,0.003412042879592822,False,0.02179661133773365,0.024971604264744852,0.015411381768904515,0.019326494488766836
2025-03-17,0.0018350159457296321,False,0.021599241510030204,0.024745484655836706,0.015271830637892928,0.01915149174048385
2025-03-18,0.011632116405335577,False,0.021349137503019214,0.02445894936870731,0.015094993593168163,0.018929730952156696
2025-03-19,0.00026348367390129166,False,0.021490141122248636,0.024620492212442755,0.01519469076962696,0.019054755233578642
2025-03-20,0.001349626670783865,False,0.02118981334260017,0.024276417330944648,0.014982342804328459,0.018788462318213787
2025-03-21,-0.007196904393713174,False,0.020964490306410892,0.024018272722855564,0.014823027244756589,0.018588674179148085
2025-03-24,-0.0016911295043418105,False,0.02104894105059502,0.024115024944150548,0.014882738483312122,0.01866355448126281
2025-03-25,0.0035117493782604987,False,0.02088542811732719,0.023927693977952923,0.01476712600577157,0.018518571770203867
2025-03-26,-0.0009264629905246514,False,0.02073998874693422,0.02376106925149007,0.014664292513600475,0.018389614422348446
2025-03-27,0.012925489441903849,False,0.02054202592743632,0.023534270272922393,0.014524322105354068,0.018214085883497846
2025-03-28,0.008557505502098309,False,0.02080400236003335,0.02383440737681144,0.014709553596371161,0.018446373646137725
2025-03-31,0.01169228804819296,False,0.020861369696956136,0.0239001310993278,0.014750115402822787,0.0184972397878372
2025-04-01,-0.0012497066576345498,False,0.02104678362740619,0.024112553260948594,0.014881213068563702,0.01866164154962758
2025-04-02,0.006710576935193882,False,0.020852721163105405,0.023890222780945446,0.014744000422156772,0.018489571355381706
2025-04-03,-0.013757020186500003,False,0.020834317551949876,0.023869138416605633,0.014730988074822149,0.018473253346859207
2025-04-04,-0.02782959105341858,False,0.021154157595903243,0.02423556780702172,0.014957132265126415,0.018756847284970617
2025-04-07,-0.02035854214521939,False,0.02206874727815456,0.025283380756287863,0.0156037965808164,0.019567790425609785
2025-04-08,0.0057772864227977104,False,0.022762771610778658,0.026078499810156103,0.016094509278365983,0.020183163945451808
2025-04-09,0.02924741627141751,False,0.0225835917545332,0.025873219806166244,0.01596781943988106,0.020024289776868043
2025-04-10,0.03178139946409088,False,0.023925537522995748,0.027410639460788578,0.01691664759626239,0.021214158564110096
2025-04-11,0.0210124709703548,False,0.02612747775053836,0.02993332425453109,0.018473538296066745,0.023166562312234233
2025-04-14,-0.00541463975573675,False,0.02713605825535587,0.031088819154412084,0.01918665920112727,0.024060844697041853
2025-04-15,0.004327834993182707,False,0.026399571460517947,0.03024505236415581,0.018665923248775133,0.023407820804431368
2025-04-16,0.03297325457193712,False,0.025587608881397373,0.029314815645731636,0.01809182183938639,0.02268787447574254
2025-04-17,-0.005395442489893157,False,0.028047298455081263,0.03213279472038809,0.019830955251716985,0.024868817937700956
2025-04-21,0.029041937846947277,False,0.027237771843908385,0.03120534880401333,0.019258576203269453,0.024151031519118633
2025-04-22,-0.0015865736672474797,False,0.02919870749343367,0.03345192320357626,0.020645063646240535,0.025889742708493698
2025-04-23,-0.03729596062718759,False,0.027958105874130727,0.032030609944950446,0.019767891278391785,0.02478973317092369
2025-04-24,0.016857972511505684,False,0.031527824654915194,0.0361203100982884,0.022291875309022206,0.027954910971926393
2025-04-25,-0.01499789191023496,False,0.03160706970269869,0.03621109833791557,0.02234790583898685,0.028025175516975125
2025-04-28,0.015147940676365497,False,0.03154918614925792,0.03614478320444994,0.022306979039568624,0.027973851659370403
2025-04-29,-0.004119486550149282,False,0.03146802188977548,0.036051796192073035,0.022249591523248194,0.02790188539868581
2025-04-30,-0.004166813216927875,False,0.02996074632642459,0.034324964057356785,0.021183866270005382,0.026565422935930214
2025-05-01,-0.02916553616172506,False,0.028730042695811874,0.032914990573192214,0.020313692314895465,0.02547418969027584
2025-05-02,0.006799232227835648,False,0.03120312651658213,0.03574831496150694,0.02206229618353491,0.027667009486517825
2025-05-05,0.024270706904035648,False,0.030301729658288527,0.034715616562567074,0.021424959907120015,0.02686776408345627
2025-05-06,0.029781859324395553,False,0.03159619261084588,0.03619863683969959,0.02234021514741642,0.02801553107947565
2025-05-07,-0.008832939557882192,False,0.033864435632936,0.038797282392728595,0.023943985504947564,0.03002672380968316
2025-05-08,-0.025398132101867026,False,0.03303538430740961,0.037847467703856885,0.02335780142863729,0.029291625329216493
2025-05-09,0.011700918988177024,False,0.034086139478781564,0.03905128062284996,0.024100742101421137,0.030223302905785825
2025-05-12,-0.03521122337030222,False,0.033664079998794325,0.038567742051320734,0.023802323247477164,0.029849073623650385
2025-05-13,0.006284573623097743,False,0.03680028062823406,0.04216077583990944,0.026019786524463774,0.032629862033434286
2025-05-14,-0.018344612393290653,False,0.03566209644821117,0.04085679860769074,0.02521502881924682,0.031620663404272456
2025-05-15,0.012277391287757004,False,0.03618141265303206,0.04145176075818826,0.02558221343190348,0.03208112772209159
2025-05-16,-0.012088782158285714,False,0.03576692945378294,0.04097690206269386,0.02528915141774686,0.031713616133163675
2025-05-19,0.014631561796196542,False,0.03535756457664754,0.04050790724724684,0.02499970833383994,0.031350642828769544
2025-05-20,0.015793404801633753,False,0.03537794465655578,0.040531255981711416,0.02501411815136065,0.031368713321284374
2025-05-21,0.008801804902702907,False,0.03547417633960715,0.04064150520667828,0.02508215915015579,0.031454039478792044
2025-05-22,-0.005150277910234424,False,0.03464486667265907,0.039691394545205705,0.02449579241250359,0.030718711933633385
2025-05-23,0.021425434503964738,False,0.033488324118958884,0.03836638477562097,0.023678054345293065,0.029693235406857133
2025-05-27,-0.019362124406121534,False,0.034439050556135616,0.03945559832287124,0.02435026929898891,0.030536220078360276
2025-05-28,-0.0016685124798728683,False,0.03495278139771956,0.040044161520877156,0.024713504758090053,0.030991731998297734
2025-05-29,0.007109715550713264,False,0.03330578990948689,0.03815726180815209,0.023548992797859398,0.02953138701956838
2025-05-30,-0.008537804000789136,False,0.032304971748709325,0.0370106599504293,0.02284136028939262,0.02864398730551097
2025-06-02,0.02453766635895122,False,0.031566118257396365,0.03616418171999209,0.02231895095477281,0.027988864924026566
2025-06-03,-0.006070768059979941,False,0.03314713310576859,0.03797549433728363,0.023436813866260797,0.029390710113642235
2025-06-04,0.006930750112583484,False,0.03189149175408188,0.03653695059087621,0.022549007595101252,0.0282773652323106
2025-06-05,-0.006781516425104247,False,0.030774324551847712,0.03525705176442658,0.021759110028614668,0.027286801816628077
2025-06-06,-0.008391573926159246,False,0.029770442410698757,0.03410693961310247,0.02104931112049501,0.02639668535000561
2025-06-09,0.0028250744326858415,False,0.02897207171809006,0.033192274636814116,0.02048481990916635,0.025688790597394068
2025-06-10,-0.003366964044300687,False,0.027169687193401265,0.031127346635574236,0.019210436677115163,0.02409066261119956
2025-06-11,0.000120486130438958,False,0.027114587359700498,0.03106422071104821,0.019171478117942453,0.024041807006268602
2025-06-12,0.01778563010253441,False,0.025686215382216153,0.02942778561515597,0.018161541962641664,0.022775306323065136
2025-06-13,0.014768122634469274,False,0.02678495268708239,0.030686569962084864,0.018938408596021358,0.02374952842291691
2025-06-16,-0.010194021599707037,False,0.027318391280578953,0.031297711632225014,0.019315578500428057,0.024222514699433175
2025-06-17,-0.0028895213050230267,False,0.02729933391935435,0.03127587828962615,0.019302103916476018,0.024205617027544146
2025-06-18,0.0009444399210661637,False,0.026288177166819807,0.030117431874141155,0.018587161465098808,0.023309050350167674
2025-06-20,-0.0064221208610746846,False,0.025051326558302514,0.028700416015486393,0.017712641264522353,0.02221236673735509
2025-06-23,0.0028461738938607515,False,0.02473929660625855,0.02834293437026845,0.0174920192311351,0.021935697806801283
2025-06-24,-0.018013675886811464,False,0.023699626971001572,0.027151821756686907,0.016756916631276153,0.02101384948989582
2025-06-25,0.0029197688926843124,False,0.025233593503555488,0.02890923278782209,0.01784151384171433,0.02237397814833703
2025-06-26,0.0019217200310753606,False,0.024342099246975973,0.02788787944832123,0.017211179239695357,0.021583513127440678
2025-06-27,-0.018101974273062114,False,0.023393112949149544,0.02680065951698438,0.0165401946585305,0.020742071392729048
2025-06-30,0.006303198845365553,False,0.024912539259832604,0.02854141233180994,0.017614511146576365,0.022089307610528984
2025-07-01,0.012758252337171075,False,0.024498263937476186,0.028066791793496037,0.017321596112613358,0.02172198034069357
2025-07-02,0.003380872641776682,False,0.025010987151509994,0.028654200588368442,0.017684119124599877,0.022176598823206616
2025-07-03,-0.004910454236063616,False,0.024220541757524736,0.027748615345522955,0.017125231527559043,0.02147573122898196
2025-07-04,0.0002700746795615175,False,0.023831463609607417,0.027302862315966875,0.016850132257191654,0.02113074564544742
2025-07-07,-9.004121131513318e-05,False,0.02285121760499607,0.026179829247662552,0.01615704537453682,0.02026158673298104
2025-07-08,-0.007591297859755788,False,0.021909713411995154,0.02510118129835882,0.015491351045701292,0.019426779188118196
2025-07-09,0.0013900517720019155,False,0.022061456825242732,0.025275028343052425,0.015598641836743962,0.019561326168582034
2025-07-10,0.0017498283805606845,False,0.021238110255292705,0.02433174939023953,0.01501649133082329,0.018831285948112664
2025-07-11,0.011568474452741711,False,0.020552981038998896,0.023546821155551713,0.014532067961074287,0.018223799499066672
2025-07-14,-0.0013417817890844313,False,0.021240281853127756,0.024334237312830742,0.015018026767812366,0.018833211448042016
2025-07-15,-0.006495750023279325,False,0.020605961802075873,0.023607519336048793,0.014569528222834045,0.018270776178595075
2025-07-16,0.006794079381100563,False,0.02067296519261824,0.023684282743309422,0.014616903239778618,0.018330186361122117
2025-07-17,-0.0037055602760010316,False,0.020647059764738088,0.02365460381371305,0.014598586702737068,0.018307216684717045
2025-07-18,0.003854691586396078,False,0.0203227897114972,0.023283099118833212,0.014369310256537064,0.01801969477134591
2025-07-21,0.01447860287732854,False,0.019908548615600184,0.02280851779255949,0.014076419422529924,0.017652397849231463
2025-07-22,0.010904801640990577,False,0.021009908173329823,0.02407030636155632,0.014855140130350195,0.01862894503323175
2025-07-23,-0.013200213092493647,False,0.021547314338618135,0.02468599353792862,0.015235115322360125,0.01910544925357786
2025-07-24,-0.006829222657993172,False,0.022453318126316603,0.025723969932433557,0.015875708946751763,0.019908779502415378
2025-07-25,-0.011036651923321424,False,0.022413011993358295,0.025677792625966898,0.01584721033322768,0.019873041091319626
2025-07-28,-0.0074965057238816635,False,0.02294009989582296,0.026281658534714647,0.016219889955981306,0.020340396373488834
2025-07-29,0.0043120472958143976,False,0.022943853346922744,0.026285958730467032,0.016222543848687536,0.020343724462010018
2025-07-30,-0.008339380490785232,False,0.022412712412463242,0.025677449406764582,0.015846998513350138,0.01987277546064762
2025-07-31,-0.0007892237945701002,False,0.022621833388460775,0.025917031889341923,0.015994858341056687,0.02005819764978879
2025-08-01,0.01641380667687466,False,0.021834531831576177,0.02501504842911916,0.015438193606690551,0.01936011761503648
2025-08-04,0.007943973509988255,False,0.023044251947375253,0.02640098184485794,0.01629353108320131,0.020432745317970607
2025-08-05,0.0022201510582657955,False,0.022998679449233055,0.026348771050651015,0.016261308864978966,0.020392337356359633
2025-08-06,-0.0005619433653809127,False,0.02220638669928367,0.025441069357621714,0.015701115087468836,0.019689831759130458
2025-08-07,0.005987967888747476,False,0.021396665207709067,0.02451340017368505,0.015128598248048943,0.018971872545109816
2025-08-08,0.01134616025997749,False,0.021223175959228506,0.024314639697108377,0.015005931976686588,0.018818044092022923
2025-08-11,-0.025324517441945554,False,0.021783132789738188,0.024956162370526037,0.01540185170729861,0.01931454340703608
2025-08-12,-0.0012534156557426127,False,0.0244490033323851,0.028010355666011993,0.017286766203529657,0.021678302229538825
2025-08-13,0.002922075262479989,False,0.023528382639735494,0.026955633202113086,0.01663583763766518,0.02086201154714566
2025-08-14,-0.007021346864233285,False,0.022787467354503026,0.026106792847534855,0.016111970503356696,0.02020506102603877
2025-08-15,0.0002398515522892742,False,0.02276374932638573,0.02607961994423773,0.016095200576120877,0.020184030860725878
2025-08-18,-0.0012898149154139478,False,0.021797369248485406,0.024972472576202432,0.015411917652751829,0.01932716650873085
2025-08-19,-0.005507846531911064,False,0.021114688775737085,0.02419034978011313,0.014929225676981869,0.018721851297585235
2025-08-20,0.009013401028552843,False,0.021001079927079766,0.02406019215305426,0.014848898083308965,0.018621117254415426
2025-08-21,-0.0019460210593331287,False,0.021273819467517486,0.024372660167720765,0.015041739673041982,0.018862948387863825
2025-08-22,0.011175298783647576,False,0.020695588880640506,0.02371020189998691,0.014632899409445971,0.018350246203227987
2025-08-25,-0.00017778178523024962,False,0.02127593643359305,0.024375085500643476,0.015043236482425644,0.01886482544721761
2025-08-26,0.004377165544111227,False,0.020465103842053526,0.02344614336889889,0.014469934035303828,0.018145881049444514
2025-08-27,0.0047106015210283785,False,0.020137591122856593,0.023070923666683164,0.014238364849089179,0.017855483947597638
2025-08-28,0.007957432015570034,False,0.01989792282082527,0.02279634419648962,0.014068906411569788,0.017642976230385573
2025-08-29,0.012135375150160638,False,0.02013762770522937,0.023070965577809712,0.01423839071480308,0.017855516384246387
2025-09-02,0.02155825335719171,False,0.02089536119645667,0.02393907395428541,0.014774149229346702,0.018527379175909176
2025-09-03,0.012264609179004047,False,0.022940067782694154,0.02628162174384235,0.016219867250264343,0.02034036789960373
2025-09-04,-0.007654710471889562,False,0.02347353334331047,0.026892794309254807,0.016597056221881595,0.02081337808717127
2025-09-05,0.013205346467745164,False,0.023476902771688936,0.026896654543800524,0.01659943858977718,0.02081636567262562
2025-09-08,0.00686780141163577,False,0.024104573846905984,0.027615755024874514,0.01704323594963204,0.021372905466265028
2025-09-09,0.0014282835584511465,False,0.023799740705720045,0.027266518510513385,0.01682770245032621,0.021102617762739084
2025-09-10,8.235294082891736e-05,False,0.02283393280037097,0.02616002666026934,0.016144824083862284,0.020246260741424358
2025-09-11,-0.001840587103648067,False,0.02188927662880483,0.02507776760095579,0.015476901135896773,0.019408658418262004
2025-09-12,0.0034311001737597525,False,0.021268252143615385,0.024366281882255068,0.01503780327427077,0.01885801198499624
2025-09-15,0.008947642619622902,False,0.02076332554006288,0.023787805387386948,0.014680792887103264,0.018410306556405347
2025-09-16,0.0018178977764950366,False,0.02100530753543053,0.02406503557394597,0.01485188723080779,0.018624865765971912
2025-09-17,-0.0019265078645296421,False,0.020321387737631025,0.023281492927116842,0.014368318985272605,0.01801845167718883
2025-09-18,-0.01040214079746196,False,0.019814698932274676,0.02270099754016507,0.01401006262622754,0.017569183749596488
2025-09-19,0.007600662414640123,False,0.02050066195436294,0.023486881036568125,0.014495075541719244,0.018177409512788224
2025-09-22,0.018672448725779663,False,0.020598071006337468,0.02359847913133714,0.014563949003949937,0.018263779613028653
2025-09-23,0.010610006389506373,False,0.022239350558118376,0.025478834881129224,0.015724422316524135,0.019719059964663242
2025-09-24,-0.01291164894810577,False,0.022638521050898815,0.02593615035211806,0.016006657419944607,0.020072994170731513
2025-09-25,0.001285260502940439,False,0.023441020405469686,0.026855545389931332,0.016574067818329822,0.020784549701682475
2025-09-26,0.010223498096000606,False,0.022475752997724276,0.025749672768614926,0.015891571612871854,0.01992867192568697
2025-09-29,0.012006108728818521,False,0.022756117523772518,0.026070876458760526,0.01608980447936828,0.02017726393770018
2025-09-30,0.005194719543134664,False,0.02325886518716783,0.026646856619199456,0.016445274238128287,0.020623037356113583
2025-10-01,0.006927612517481628,False,0.022800923611513053,0.02612220920376255,0.01612148480403164,0.020216992342926246
2025-10-02,-0.0072140776340165556,False,0.022608647799973486,0.025901925628437395,0.01598553541765008,0.02004650632771665
2025-10-03,0.010647104699776156,False,0.022634061347739404,0.025931041028438823,0.01600350416887724,0.02006903986667955
2025-10-06,0.017294429424654912,False,0.022963306140498005,0.026308245105880087,0.016236298024674564,0.02036097275359067
2025-10-07,0.007091447444070091,False,0.024252704581298905,0.027785463151582368,0.017147972381550948,0.021504249177335635
2025-10-08,0.016633994907520277,False,0.02395120211179374,0.0274400424695935,0.01693479384706162,0.021236914694697333
2025-10-09,-0.024282758867578195,False,0.025053500713791785,0.028702906868291304,0.01771417850991114,0.02221429450509064
2025-10-10,0.007472669571045818,False,0.027497861522910474,0.03150332432125077,0.01944247365756382,0.024381646345888384
2025-10-13,0.03283124863445809,False,0.0269200576005882,0.03084135486795916,0.01903393506885837,0.02386932247373595
2025-10-14,0.007299414410765657,False,0.03064208078449155,0.03510554477218233,0.021665606540677725,0.02716954467048821
2025-10-15,0.009187545165353398,False,0.02968512200441818,0.034009191050799234,0.020988984983854146,0.026321033940884676
2025-10-16,0.02443046188439831,False,0.029150165375182318,0.03339631022097255,0.02061074174616849,0.025846701661134477
2025-10-17,-0.02132293911227755,False,0.031154825678058922,0.03569297840452715,0.022028144881265702,0.027624182375685896
2025-10-20,0.03436764429162454,False,0.032665522133566806,0.03742372973401422,0.023096288890075818,0.02896367805550419
2025-10-21,-0.059062035540049886,False,0.036409702130803946,0.041713303913149036,0.02574362642593506,0.03228354612858782
2025-10-22,-0.01064926865576389,False,0.04697566227765972,0.053818349572589706,0.033214331071492874,0.04165211114920771
2025-10-23,0.019854040473195667,False,0.044727054591553565,0.051242199527334775,0.03162444395729348,0.039658328566238174
2025-10-24,-0.0017225098547725875,False,0.04438419625041902,0.050849398890528585,0.03138202458732791,0.039354324896232216
2025-10-27,-0.028695490766858036,False,0.0409479394818798,0.04691260142938092,0.028952405409586202,0.03630748442776947
2025-10-28,-0.008960778782097539,False,0.04318031772088006,0.04947015797290824,0.030530817427892393,0.038286876777542285
2025-10-29,0.004402578266743398,False,0.041204084116669135,0.04720605724943418,0.029133513504492736,0.03653460128533408
2025-10-30,0.004408297096619672,False,0.03844712723802311,0.04404750957054195,0.02718419604780779,0.03409007855217512
2025-10-31,-0.0047849023856938715,False,0.03602405686857655,0.04127148381892894,0.025470954391210714,0.03194160439647307
2025-11-03,0.0045349523774452045,False,0.03411948991304474,0.039089489032110146,0.024124322660188945,0.030252873877805196
2025-11-04,-0.013236252040332198,False,0.03216194210499194,0.03684679596232144,0.022740230604165673,0.028517166600301215
2025-11-05,0.008224087134207535,False,0.032257549948413775,0.03695633047635861,0.02280783051464005,0.028601939615259565
2025-11-06,-0.0001005367923334668,False,0.031188156277257403,0.035731164089457465,0.022051711415571194,0.027653735760463722
2025-11-07,0.004887656635851291,False,0.028914398446197625,0.033126200415457614,0.02044404179016317,0.025637653191028117
2025-11-10,0.027716515886168476,False,0.027553098182113503,0.03156660700190015,0.019481528959758573,0.024430623270471935
2025-11-11,-0.0012167524528548244,False,0.03136324368818024,0.035931755524041376,0.022175507674120323,0.027808981263070576
2025-11-12,0.02348748385555354,False,0.029364208054623902,0.03364153132456345,0.020762081484103027,0.026036487798093637
2025-11-13,-0.004170992761122764,False,0.03171633241539547,0.03633627675120557,0.02242516047973741,0.028122055953206347
2025-11-14,-0.024002555332014903,False,0.030387878168618022,0.03481431385429797,0.02148587155806146,0.026944149751131876
2025-11-17,-0.0047327908648018505,False,0.03287901352666614,0.03766831924840248,0.023247238838783362,0.029152975381047202
2025-11-18,-0.0017221023533426794,False,0.031443716886394434,0.03602395081204214,0.022232406572789798,0.02788033477750828
2025-11-19,0.004029960569867122,False,0.0296380480972741,0.03395526014556892,0.020955701188354454,0.02627929471854006
2025-11-20,-0.0052125591455094164,False,0.028204817685565178,0.032313258913963076,0.01994232985758194,0.025008486186707715
2025-11-21,0.004967292782076356,False,0.027301271939723235,0.03127809861080171,0.01930347420157759,0.024207335420343742
2025-11-24,0.0037215603622990662,False,0.026246073542034804,0.030069195245063757,0.01855739192774448,0.023271718149315158
2025-11-25,0.01149319363831883,False,0.025073385121373835,0.028725687728558245,0.01772823786031874,0.02223192549770652
2025-11-26,0.006261760929431564,False,0.025429619385299123,0.02913381268552736,0.017980114730326194,0.022547789254314565
2025-11-28,0.012667816416397979,False,0.024808522870665574,0.028422244445248136,0.01754096593999185,0.021997078954393897
2025-12-01,0.004965958221290471,False,0.0254622153132575,0.029171156683684057,0.018003161812374612,0.02257669122500545
2025-12-02,-0.01250914319860585,False,0.024613705966786352,0.028199049630587527,0.017403219864044667,0.021824339817984085
2025-12-03,0.0030288262173034956,False,0.02547131928503194,0.02918158678113665,0.018009598812257544,0.02258476348255037
2025-12-04,0.0029722651693542806,False,0.024288729999303198,0.027826736194806197,0.01717344429833865,0.02153619198861613
2025-12-05,0.00026116008896670296,False,0.023196598367129416,0.02657551973271144,0.01640124823242132,0.02056782696878965
2025-12-08,-0.006118924040939417,False,0.021860366023017185,0.025044645745654674,0.015456459775721104,0.019383024127923736
2025-12-09,0.0046462393338665645,False,0.0217847947613568,0.02495806643244264,0.015403026811020315,0.019316017034511003
2025-12-10,-0.002451547168984526,False,0.02122895037767119,0.02432125524344149,0.015010014802486187,0.018823164120291495
2025-12-11,0.021010239753042382,False,0.020554134037087165,0.02354814210455301,0.014532883193012951,0.018224821832807145
2025-12-12,0.003401069596484952,False,0.023443825166003105,0.026858758704561423,0.016576050935553005,0.020787036610686427
2025-12-15,0.001533693992035725,False,0.02254318460549285,0.025826926769158456,0.01593924940252962,0.019988461797411296
2025-12-16,-0.0005110078294488002,False,0.021416724457683115,0.024536381344677095,0.015142781221473476,0.01898965856597633
2025-12-17,0.009939980130428714,False,0.020415450381058683,0.02338925716034446,0.014434826355872291,0.01810185460306733
2025-12-18,-0.0018418331441386099,False,0.020997272796514095,0.02405583045864236,0.014846206236320344,0.018617741569692908
2025-12-19,0.005033950243312225,False,0.0202603424473147,0.02321155550389148,0.014325156667071801,0.017964324388841893
2025-12-22,0.018896813791643464,False,0.01993947298695742,0.022843946747625177,0.014098284623756164,0.017679817693690016
2025-12-23,0.008557909489307347,False,0.0223457275900737,0.025600707272377843,0.01579963662509275,0.019813381742023965
2025-12-24,-0.0004908198003828014,False,0.02246848950343903,0.025741351240921473,0.01588643593000484,0.01992223157217982
2025-12-26,0.010766277995574931,False,0.021391902804091097,0.02450794405683027,0.015125230971404106,0.018967649844349142
2025-12-29,-0.04608798173882948,False,0.022015875355640868,0.025222807270562468,0.015566413275214954,0.019520910252208593
2025-12-30,0.010350630404542907,False,0.03062335950765911,0.03508409646954727,0.021652369586547766,0.02715294499598291
2025-12-31,-0.010235032825325435,False,0.03023294622855491,0.034636813827560904,0.02137632630630133,0.02680677558597529
2026-01-02,-0.0025926392560806856,False,0.030031575479512296,0.034406110505027364,0.02123394630775479,0.026628225323676785
2026-01-05,0.027997669976117596,False,0.02849973448496153,0.0326511346273682,0.020150851967516172,0.02526998132509702
2026-01-06,0.010158128512449065,False,0.03188225606016517,0.03652636958403873,0.022542477460547505,0.028269176180131087
2026-01-07,-0.007367304357957669,False,0.031270454736765596,0.03582545051456241,0.02210990087258453,0.027726707687130394
2026-01-08,8.998553214307117e-05,False,0.030438573890756312,0.03487239414446497,0.021521716172429147,0.0269891003436496
2026-01-09,0.009082749101682023,False,0.02842138151665169,0.032561368411542974,0.02009545218593364,0.025200507763966106
2026-01-12,0.025071135876622564,False,0.028021480929700044,0.032103216497565965,0.01981270086649108,0.02484592620218013
2026-01-13,-0.003284847544970745,False,0.030807047168610702,0.03529454090545181,0.02178224668649226,0.02731581611902256
2026-01-14,0.008051610829708839,False,0.0293154261722272,0.033585643652685265,0.02072759005782706,0.025993234158035405
2026-01-15,-0.002163894212595402,False,0.0286349433029919,0.03280603857296974,0.020246451906465443,0.02538986750538472
2026-01-16,-0.0060621179774391735,False,0.027205461954724994,0.03116833251033245,0.019235731366088075,0.02412238317165031
2026-01-20,0.036632293474919336,False,0.02660374937710667,0.030478971758948488,0.018810288066432868,0.023588860109970054
2026-01-21,0.015055377008505682,False,0.03206196561981065,0.036732256450420095,0.022669541827953256,0.02842852002309141
2026-01-22,0.015810444337397162,False,0.03247479333604857,0.037205218517765176,0.022961433326184156,0.02879456373782565
2026-01-23,0.013637113842028292,False,0.03288073589655863,0.03767029250647852,0.023248456647347687,0.029154502562117643
2026-01-26,0.02058565637353524,False,0.03283008573932065,0.03761226441840116,0.02321264424982614,0.02910959237082473
2026-01-27,3.931395514705028e-05,False,0.03413433714352516,0.03910649897729106,0.024134820454254233,0.030266038535081828
2026-01-28,0.04271712307880896,False,0.031762951666600085,0.03638968677325726,0.022458122808925295,0.028163392043826847
2026-01-29,0.0031638076649501356,False,0.03814312114461846,0.04369922057548014,0.026969247315964253,0.033820524170638515
2026-01-30,-0.1206569177115754,False,0.035652688854108536,0.040846020660909275,0.025208377141974787,0.03161232193262074
2026-02-02,-0.0195798858862585,False,0.07500038372802229,0.08592527861970488,0.05302932316116017,0.066500910637687
2026-02-03,0.05905437776175919,False,0.07179801352150458,0.08225643669435795,0.05076507441839475,0.06366145136632254
2026-02-04,0.0033997461243729043,False,0.08023043690439433,0.09191716498131736,0.056727253308366345,0.0711382642300836
2026-02-05,-0.012063365980342067,False,0.07253709244344128,0.08310317319266249,0.05128764314464434,0.06431677363134113
2026-02-06,0.018303568705588632,False,0.06806101803039881,0.0779750935489912,0.048122816716510426,0.06034795360998222
2026-02-09,0.01993641500519393,False,0.06549386143768578,0.07503399332356843,0.04630769831586392,0.05807172190716797
2026-02-10,-0.009368841148208894,False,0.06355122772611126,0.07280838680496199,0.04493415133177884,0.05634923857530061
2026-02-11,0.013458784179660236,False,0.05956246751344491,0.06823860575072861,0.04211388237026376,0.052812507517768975
2026-02-12,-0.02959604886955879,False,0.056819375193789656,0.06509594220515684,0.04017436790581249,0.050380278132359006
2026-02-13,0.01976794067778529,False,0.0585688101418127,0.06710020775506448,0.041411312926581484,0.05193145709121357
2026-02-17,-0.028088975078812035,False,0.05728193832296885,0.06562588437049371,0.040501425027928466,0.05079042095815286
2026-02-18,0.020994975203204404,False,0.05845597353024647,0.06697093485264187,0.04133153134625178,0.05183140777080428
2026-02-19,-0.0021280217137131566,False,0.05745852129927201,0.06582818922127112,0.04062627873199879,0.050946992540104444
2026-02-20,0.016621856057854087,False,0.05269484001055163,0.060370608584442466,0.03725809870491527,0.046723158901647285
2026-02-23,0.028334005840505903,False,0.051237031103757526,0.0587004486430638,0.036227349050274256,0.045430557250579776
2026-02-24,-0.009439844361431814,False,0.05347602054189136,0.061265579402872763,0.03781043554353525,0.04741581158053104
2026-02-25,0.009766362602618253,False,0.0506073951967342,0.0579790971239017,0.035782162448183115,0.04487227529112904
2026-02-26,-0.0057594670615880765,False,0.04775233082238091,0.054708151168036664,0.033763477691815286,0.042340763165641435
2026-02-27,0.010377723577647786,False,0.04469661941861315,0.05120733102953845,0.03160292464577668,0.039631342481429695
2026-03-02,0.012142763938335153,False,0.042814136659894704,0.04905063732346029,0.030271907634991782,0.03796219345189282
2026-03-03,-0.0359591903930027,False,0.04192621009677849,0.04803337136377838,0.02964409558499456,0.03717489181300057
2026-03-04,0.0025030895869677847,False,0.04835871157714136,0.0554028600843452,0.034192221644906366,0.0428784253798905
2026-03-05,-0.01078021153640931,False,0.04444165722002074,0.05091522988468311,0.03142265259714201,0.03940527405961911
2026-03-06,0.015825837818907902,False,0.042992928096215105,0.04925547232852317,0.03039832283960546,0.03812072321852233
2026-03-09,-0.010666682586894306,False,0.042793805661616224,0.04902734482007749,0.03025753252083492,0.03794416647879632
2026-03-10,0.02678146977213648,False,0.0416581395100717,0.04772625240374667,0.029454555197787644,0.03693720052070228
2026-03-11,-0.01198431063117268,False,0.044490728402982224,0.05097144899795398,0.03145734857454663,0.039448784215045
2026-03-12,-0.010035890037833716,False,0.04346190007149437,0.04979275688145071,0.030729911362149514,0.038536548603265976
2026-03-13,-0.012450581437074204,False,0.042013605498008595,0.04813349717417436,0.029705888855165508,0.03725238306675767
2026-03-16,-0.011645978438057513,False,0.041268974652791765,0.04728040003435031,0.02917939461921645,0.036592138054206774
2026-03-17,0.0014007005791852262,False,0.040407022075984504,0.04629289154922419,0.02856994758077378,0.035827866880714536
2026-03-18,-0.022466059027850406,False,0.03712710353219184,0.04253520524528035,0.02625086797403735,0.03291964749385621
2026-03-19,-0.0609633251253208,False,0.03956768845133137,0.04533129679505947,0.02797649336348384,0.03508365135015573
2026-03-20,-0.006607801222592188,False,0.05333376215825039,0.06110259902007012,0.03770985118084935,0.04728967473178803
2026-03-23,-0.037064759654085296,False,0.05042143687133046,0.057766051268297626,0.03565067986579923,0.04470739082833946
2026-03-24,-0.001090554444362892,False,0.055085218212926314,0.063109180080161,0.038948225233211405,0.04884264575391256
2026-03-25,0.03363784006254085,False,0.050864147015469714,0.058273248573059176,0.035963699854942466,0.04509993052307708
2026-03-26,-0.03906243403134702,False,0.054331412492202975,0.06224557161099419,0.0384152438646103,0.04817426561530175
2026-03-27,0.026277237882447974,False,0.059084224398632236,0.06769069958217815,0.04177573865120002,0.05238846165212943
2026-03-30,0.007540510335148854,False,0.059880754846392374,0.0686032562552355,0.04233892871000226,0.05309472470697968
2026-03-31,0.026512431127413087,False,0.0563617039732263,0.06457160452595595,0.039850769627371295,0.04997447283607553
2026-04-01,0.02875884107881785,False,0.057502301521270636,0.0658783466682904,0.04065723371416064,0.0509858113365707
2026-04-02,-0.02792007119110018,False,0.05905547724561039,0.0676577649889115,0.04175541286096023,0.05236297229115328
2026-04-06,0.0011387268075569185,False,0.060472782311451895,0.06928152111678913,0.0427575241118441,0.05361966022853314
2026-04-07,6.448275631096513e-05,False,0.05552403901112434,0.06361192149927188,0.03925849524465385,0.0492317368656694
2026-04-08,0.01964639155775591,False,0.05097568732327423,0.058401036346254924,0.03604256487848035,0.04519883044429224
2026-04-09,0.00895028757749345,False,0.05098631079692252,0.05841320728309238,0.036050076248278565,0.04520825000505487
2026-04-10,-0.006342909169258469,False,0.048509267205221585,0.05557534632571526,0.03429867260766611,0.04301191918180585
2026-04-13,-0.004103411668917365,False,0.045851531456480556,0.052530472774984356,0.03241950985020547,0.04065537327176702
2026-04-14,0.017267418703531354,False,0.043001043024938186,0.04926476931444311,0.03040406053261843,0.038127918517039755
2026-04-15,-0.005194816877104023,False,0.04317740389696282,0.04946681970822888,0.030528757196964747,0.038284293164841894
2026-04-16,-0.003046322343529432,False,0.04069466096836431,0.04662242922278097,0.028773323817261328,0.03608290888619865
2026-04-17,0.014974913312609497,False,0.0379804453977836,0.04351284874407534,0.026854226774460466,0.03367628377125051
2026-04-20,-0.010554515098820284,False,0.03831937411364492,0.04390114734862931,0.027093867687061447,0.03397680314362831
2026-04-21,-0.022767989342933774,False,0.037571396645489696,0.043044216101643086,0.02656500720789499,0.033313590766620035
2026-04-22,0.007231599660169754,False,0.04013653393455679,0.045983002882523695,0.02837869785177176,0.03558803200484419
2026-04-23,-0.00580655654933497,False,0.038207805432641434,0.04377332706926618,0.027014982602139036,0.03387787806462761
2026-04-24,0.003648880135128687,False,0.03646250509442613,0.0417737983951191,0.02578096097387474,0.0323303651579141
2026-04-27,-0.00998122799658474,False,0.03419788704728828,0.03917930584727859,0.024179753669472653,0.03032238659973321
2026-04-28,-0.01810793161911003,False,0.03380476666351101,0.0387289217715165,0.023901796319972114,0.02997381686966051
2026-04-29,-0.010134994038567446,False,0.035533214176394025,0.04070914276161951,0.025123902090259404,0.03150638680974229
2026-04-30,0.015175128715866765,False,0.035042979793829455,0.0401474986230565,0.024777279897071677,0.03107170859549914
2026-05-01,0.0032883457515008366,False,0.03559729564378783,0.040782558625198806,0.025169211149682225,0.0315632061981889
2026-05-04,-0.024133880243911433,False,0.03335206790349912,0.03821028086394628,0.023581713839775986,0.02957242052621628
2026-05-05,0.007999735337601302,False,0.03671753287626355,0.042065974676371354,0.025961279393406738,0.0325564917307007
2026-05-06,0.027302885994594444,False,0.035429220781212224,0.04059000121845075,0.025050373141664688,0.03141417854178232
2026-05-07,0.0038159234729661404,False,0.03902542931090834,0.044710049737259124,0.02759308685587364,0.03460284412161528
2026-05-08,0.00437360801983576,False,0.03655484701452037,0.04187959125667497,0.025846251700116313,0.03241224236268372
2026-05-11,-0.0003601417575905551,False,0.0344918293480271,0.03951606511214704,0.024387586756209112,0.030583017675234827
2026-05-12,-0.008748200566985706,False,0.03197747462507182,0.036635458115492674,0.02260980213008103,0.0283536040318454
2026-05-13,0.0042878900568158315,False,0.031578802992750364,0.036178714171232106,0.022327919747955793,0.028000112152511396
2026-05-14,-0.004181003348170271,False,0.02987495685554052,0.03422667810437977,0.021123208479348825,0.026489355619293487
2026-05-15,-0.026490961871465643,False,0.028629208084394106,0.0327994679365081,0.020242396797073937,0.025384782234610076
2026-05-18,-0.0007245709743039084,False,0.033271198749370345,0.03811763194330272,0.023524534978883543,0.02950071592785629
2026-05-19,-0.01020015827174435,False,0.030960367590612686,0.03547019467312299,0.021890652507921556,0.02745176139257557
2026-05-20,0.005532456591871891,False,0.030984514658210158,0.03549785911173021,0.021907725789248548,0.02747317197615718
2026-05-21,0.0018740842574405403,False,0.02974883488911256,0.034082184642257145,0.021034033435395942,0.026377526516534622
2026-05-22,-0.0041497068847259145,False,0.027802566420357472,0.03185241391131029,0.019657916481617903,0.02465182033899047
2026-05-26,-0.004566948297148642,False,0.026739967757173716,0.030635032323956136,0.01890660182028325,0.023709641442941614
2026-05-27,-0.011824119457466382,False,0.025847019267192677,0.029612012920843422,0.018275238996685025,0.022917886990702723
2026-05-28,0.011579645153313877,False,0.02680242196894057,0.030706583898498757,0.01895076032206599,0.023765017985689925
2026-05-29,0.013510480926909142,False,0.027386942501259105,0.03137624833355741,0.019364047916900943,0.024283297303120732
2026-06-01,-0.018881179529217973,False,0.028358111378987545,0.03248888205964892,0.020050716780461445,0.02514440776071685
2026-06-02,0.00310117087321733,False,0.030811701572563455,0.03529987329092198,0.02178553760153915,0.027319943059258712
2026-06-03,-0.011741357101359375,False,0.029022599418557313,0.03325016243051402,0.020520545723135313,0.025733592209418957
2026-06-04,0.008774162180750182,False,0.029614114705412743,0.03392784050767134,0.02093877898731664,0.026258073595736203
2026-06-05,-0.03147911854461129,False,0.02923785315490986,0.033496770999039444,0.02067274174373276,0.025924452159382928
2026-06-08,-0.00027676589880344627,False,0.03502971834312902,0.04013230544950597,0.02476790333498195,0.031059950008354386
2026-06-09,-0.017660018336772308,False,0.03245912363708816,0.03718726629962795,0.02295035400246998,0.028780669818908314
2026-06-10,-0.03628413636623409,False,0.03415345054191336,0.03912839651968006,0.024148334659508323,0.030282985893682095
2026-06-11,-0.004366694979494386,False,0.04072538145234017,0.04665762459130775,0.028795044859094,0.03611014794896176
2026-06-12,0.03003126251826821,False,0.03839907620107221,0.04399245920236058,0.027150221368745633,0.034047472933970445
2026-06-15,0.026455950090361686,False,0.042498911244031864,0.048689494748720266,0.030049026236050935,0.03768269118578388
2026-06-16,0.0006698085172190956,False,0.04518175163102772,0.051763129792785856,0.03194593932902568,0.04006149673266976
2026-06-17,0.006444359486307991,False,0.04135724917567577,0.04738153302323388,0.0292418094758909,0.036670408802516305
2026-06-18,-0.031413466062723494,False,0.03926960144206109,0.044989789084681,0.02776572974389943,0.03481934526823456
2026-06-22,-0.010040578120389384,False,0.043932150303389615,0.05033150588763056,0.03106240368117836,0.03895350738526395
