date,actual_return,estimation_failed,var_0.01,es_0.01,var_0.05,es_0.05
2007-01-08,0.004288979741342419,False,0.02611531704481984,0.029945191341516936,0.018413055286652887,0.023135708193028837
2007-01-09,0.009175839733252146,False,0.02611009598685304,0.029940315318351077,0.01840714032905736,0.02313021870099151
2007-01-10,-0.0024495808113986074,False,0.026088441110025423,0.029917060952513355,0.018388702185229516,0.0231098082126852
2007-01-11,0.0013072695131735325,False,0.026050288962655228,0.0298740668360772,0.01836028772382022,0.02307542307508383
2007-01-12,0.021165626257235372,False,0.026049682863447325,0.029873385995369414,0.018359831937273172,0.02307487512411198
2007-01-16,-0.0014399241455044273,False,0.026035435676668522,0.029864790419500915,0.018334218793490512,0.02305623103325992
2007-01-17,0.011936165093056407,False,0.026039932983994932,0.029869395440805066,0.018338499477192394,0.023060644540049628
2007-01-18,-0.00794159223723301,False,0.026022965151302115,0.029854106198528296,0.01831815583063011,0.02304237077863051
2007-01-19,0.013306112012223904,False,0.026063802924600386,0.029895385858355432,0.01835810492575018,0.02308286476805733
2007-01-22,-0.0034678663823986254,False,0.025977394287113445,0.029806454943133373,0.018276768842043767,0.022998418440683985
2007-01-23,0.018616140923706764,False,0.025993551688387986,0.029821381918290753,0.018295400753783747,0.023015533102762973
2007-01-24,0.003712818933368832,False,0.025966312030912698,0.029800340981276447,0.01825569484706436,0.0229834708947483
2007-01-25,0.00030880378921575397,False,0.02594656864788258,0.029780322874824385,0.018236503960420022,0.02296394124414813
2007-01-26,-0.005107165514159464,False,0.025919010013609415,0.029750401313100774,0.018213697410504975,0.02293822094685473
2007-01-29,-0.002174627201514296,False,0.025924938696792185,0.02975547230970623,0.01822135098751275,0.022944816902725807
2007-01-30,0.0017090606685030243,False,0.02593176673441844,0.02976228279824843,0.0182282143181091,0.022951658593386635
2007-01-31,0.012035306080422118,False,0.025927436080550873,0.02975797200882289,0.018223843714854075,0.02294731248515615
2007-02-01,0.008248136440767544,False,0.02589003200073975,0.02972073288417294,0.018186107893651125,0.022909780071666087
2007-02-02,-0.017183626086538163,False,0.02586146070280553,0.029692705452356576,0.018156442826345737,0.02288078565062823
2007-02-05,0.0072469858056201705,False,0.025964374792628947,0.02980035393591427,0.018249835575001632,0.022980016423354094
2007-02-06,0.004139448106072946,False,0.025932032391126056,0.029768010298963712,0.018217495658108047,0.02294767498301873
2007-02-07,-0.0019909461043554253,False,0.02585562557624504,0.029685052460271474,0.0181542636098823,0.022876364807615682
2007-02-08,0.008700371237097056,False,0.025866711468652787,0.029695352057364406,0.018166930821117977,0.0228880624309312
2007-02-09,0.014334458949087348,False,0.025820255781601877,0.029645222182443268,0.01812786429478954,0.022844465230048024
2007-02-12,-0.007367937254463199,False,0.025789145233729483,0.029617271430234356,0.018090399080571185,0.022810896388665347
2007-02-13,0.0019601194788763116,False,0.02580637948914151,0.029630608609219813,0.018115470747972134,0.022831162535600996
2007-02-14,0.005258030399310162,False,0.025804452438999644,0.029628484030025975,0.01811394094858716,0.02282938916134146
2007-02-15,-0.00014990128173540722,False,0.02573857196865896,0.029550988325823157,0.01807141987979801,0.02277254524179856
2007-02-16,0.002245341901959331,False,0.025704256828027437,0.029514081143665806,0.01804231759493494,0.0227402466869023
2007-02-20,-0.01764886676878753,False,0.025692478564871554,0.029498510713484118,0.018038165760429374,0.022731418696669815
2007-02-21,0.03455071376976907,False,0.025767912529708736,0.02957051130531382,0.018120504583120468,0.022809523795808563
2007-02-22,-0.001176798858110004,False,0.025710165982679358,0.029526793334362155,0.018034545161026726,0.02274086313875337
2007-02-23,0.00543113433647951,False,0.025699851291189416,0.02951548016223517,0.018026238514352675,0.02273132525650415
2007-02-26,0.004964999210323064,False,0.025683792279641515,0.029499482107292672,0.018010056912950826,0.022715218821248072
2007-02-27,-0.0037944814056830815,False,0.02563307049738934,0.029446959584338878,0.017962956601057192,0.022665897999580666
2007-02-28,-0.0214299185535567,False,0.02565626595501998,0.029468213467061896,0.01799005676077544,0.022690603985581953
2007-03-01,-0.010663218189124078,False,0.02579767461072307,0.02961682814380159,0.01811697338463647,0.022826406419669522
2007-03-02,-0.0319094230039708,False,0.025821706403646866,0.02963425276338853,0.01815429286654942,0.022855578535913277
2007-03-05,-0.007510577860367965,False,0.026010900117524646,0.029837037715508496,0.018316153235662016,0.02303419838479289
2007-03-06,0.01108949370847853,False,0.026037640200375745,0.029864718225004187,0.018341002026105103,0.023060206823903855
2007-03-07,0.010506876609991436,False,0.025994445961199375,0.029820829283747283,0.018299204902565876,0.023017553056896584
2007-03-08,0.004294560017826217,False,0.0259785908561537,0.029807255207981716,0.01827876241860581,0.02299992333093448
2007-03-09,-0.005217173641936625,False,0.025946459591296957,0.02977393182836499,0.01824902861622847,0.022968719520979917
2007-03-12,-0.002464535375382498,False,0.025953486416738922,0.029775933566158007,0.01826616139748818,0.02297965582085365
2007-03-13,-0.0012346434101144065,False,0.025941309984729256,0.029763206296292484,0.018255092755714814,0.02296790793589908
2007-03-14,-0.010399707500601575,False,0.025949856809992938,0.029768884380228094,0.018269408907831946,0.02297868661693463
2007-03-15,0.007461541933949572,False,0.025981822223997034,0.02980077784817704,0.018301519012576855,0.023010708004343114
2007-03-16,0.01062932821123143,False,0.02590513639984578,0.029709248339211774,0.01825468532900157,0.022945570437716445
2007-03-19,0.0007658727780318655,False,0.025889304341667252,0.02969498961794674,0.018235689132315422,0.022928514337120037
2007-03-20,0.007322761674232618,False,0.025886919180012492,0.029692594923817876,0.01823332314142322,0.022926136591647123
2007-03-21,0.0016705533014776345,False,0.02586538664958346,0.029671904657364363,0.01821009673356993,0.022903948787179683
2007-03-22,0.006654628811864932,False,0.025873503434442675,0.029679395741019483,0.01821947186637557,0.02291255236212699
2007-03-23,-0.010150851529001139,False,0.025866594861718634,0.029671482828909593,0.01821458312099952,0.022906425156699224
2007-03-26,0.010150851529001132,False,0.025893725660294346,0.029692827856096997,0.018253349686771062,0.022938057235031797
2007-03-27,-0.0019615982572508167,False,0.025852862985766223,0.029652263358756693,0.01821188734797905,0.022896962581248115
2007-03-28,0.006623574561642005,False,0.025865717850942202,0.029664842952217746,0.018225295812213053,0.022910031605421204
2007-03-29,-0.007530156063753038,False,0.025841739916918252,0.029641210285235767,0.018200623511500348,0.022885785056645232
2007-03-30,0.0022650066308520615,False,0.02587704260138316,0.029676801638018117,0.018235345654994465,0.02292086315967293
2007-04-02,0.004064146757930971,False,0.025874225967212477,0.029674030494346932,0.018232437534861718,0.02291801113428978
2007-04-03,-0.0025569874673596147,False,0.02578173747561414,0.029575282439740468,0.01815253765297882,0.02283039252820268
2007-04-04,0.012124953174441025,False,0.025797862174096162,0.02959111160612403,0.01816925669618444,0.022846747148083775
2007-04-05,0.003119718255035031,False,0.02578347767451183,0.029575390004814787,0.018157561242423743,0.02283340290199777
2007-04-09,-0.0034172646439489655,False,0.025781507060656034,0.029569777254863525,0.018162915329953136,0.022834265838308054
2007-04-10,0.006822891348881776,False,0.025794306666609566,0.02958285381989026,0.018175157943401733,0.022846849972514426
2007-04-11,0.0004433426447768696,False,0.025790971825708577,0.029577540628313113,0.01817580176435143,0.022845054271211754
2007-04-12,-0.002514998371419414,False,0.025786219991745563,0.029572709626909128,0.0181712091440612,0.022840364028828414
2007-04-13,0.015141853176474688,False,0.02576710685517798,0.02955251306088001,0.018154274892925048,0.022822093790947264
2007-04-16,0.0068338341883085055,False,0.02574105092501404,0.02952984859293556,0.01812139839171,0.02279339933270985
2007-04-17,-0.0027569681479818883,False,0.025717826800298264,0.029507151774298412,0.018097113801524695,0.022769764968456754
2007-04-18,0.0013068518332491478,False,0.02574129008270233,0.029528407379057552,0.018125016945339762,0.022794945804843834
2007-04-19,-0.006989962814511815,False,0.02573587112253213,0.02952300627256062,0.018119562079639977,0.022789512954671305
2007-04-20,0.011189555497930569,False,0.025760928201575075,0.0295487344872552,0.018143269437500536,0.02281404789602161
2007-04-23,-0.0020252060137366454,False,0.025730942952413474,0.02952042273531505,0.018109918617395176,0.022782760680594743
2007-04-24,-0.009310459219108546,False,0.02566322351558492,0.029448064648107827,0.01805152797223269,0.02271865007336683
2007-04-25,-0.00014622030572892565,False,0.025704108629164685,0.02949014516509002,0.0180900090095429,0.022758605173509236
2007-04-26,-0.013539502155394524,False,0.025715465799353566,0.02950009706094925,0.018104192327508584,0.02277105563488928
2007-04-27,0.00561465377191309,False,0.025751722401797326,0.02953805969791821,0.01813701792322375,0.02280598495732879
2007-04-30,0.0026486003959069423,False,0.025746874159615706,0.029533225937685353,0.018132140556389086,0.022801125448317153
2007-05-01,-0.009004379202715457,False,0.025736062879780915,0.029522428013703042,0.01812130241659394,0.02279030377774544
2007-05-02,-0.0031187915709336923,False,0.025777257346548215,0.029564695798143144,0.018160338333752257,0.022830663212709885
2007-05-03,0.014031690481807649,False,0.025736756853142164,0.0295209539487299,0.018126356532732618,0.022792684466051285
2007-05-04,0.00788904663379937,False,0.02569861638041892,0.029484807158384804,0.01808420656456656,0.022752992925799083
2007-05-07,0.0011634494998651308,False,0.025689080895706384,0.029475639619798745,0.018073931103249178,0.02274317118220427
2007-05-08,-0.004224060560255767,False,0.025683431130897258,0.029469703102860047,0.018068858025764634,0.022737744508054873
2007-05-09,-0.007030917965673252,False,0.025697904869493866,0.029484724835624143,0.0180822296930678,0.022751791911961187
2007-05-10,-0.022596490824395927,False,0.025720552756563566,0.029508245916215835,0.01810312150028973,0.022773760462074653
2007-05-11,0.008235429042812102,False,0.025778605204545557,0.02956920618947344,0.01815532601967544,0.022829550647313936
2007-05-14,-0.0031364010838330104,False,0.02576941858683628,0.029561350649586437,0.018143462470815584,0.02281932846265013
2007-05-15,0.0067089331027298405,False,0.02576561420843999,0.0295567051696736,0.01814134963202183,0.022816178453909288
2007-05-16,-0.01920249173573645,False,0.02575786888986105,0.029549024976964825,0.01813347333877887,0.02280838246797048
2007-05-17,-0.006077198779382404,False,0.025830028276444237,0.02962653035989865,0.018194881389923628,0.0228763827159465
2007-05-18,0.007288200722077313,False,0.02585439262097016,0.029651343673190778,0.01821834281318096,0.022900397766681995
2007-05-21,0.0028703462248374045,False,0.02583353733906838,0.0296310616044286,0.018196334742100632,0.02287909652994922
2007-05-22,-0.005748955059365261,False,0.02573075589374444,0.029518441330677454,0.018113340168634452,0.022783969607463865
2007-05-23,0.0042392929925380175,False,0.025742027925373105,0.029529831388221517,0.01812437483829656,0.022795149815958125
2007-05-24,-0.013537394733265571,False,0.025701662758394975,0.029486446254627832,0.018090083127409153,0.02275713415670864
2007-05-25,0.003210729193710797,False,0.02574763734749969,0.029533286427702563,0.01813431694023917,0.0228024353290223
2007-05-29,0.0030483182794223047,False,0.02574106297654039,0.029526911469368856,0.018127341530467314,0.0227957058167768
2007-05-30,-0.006105957222767077,False,0.025737533140636145,0.029523273552798848,0.01812402905563401,0.02279226006668934
2007-05-31,0.012023620324889104,False,0.02575950940586253,0.029544987348213383,0.01814653317400592,0.02281444053114372
2007-06-01,0.015313333488186061,False,0.025720907131297807,0.029505549282760123,0.0181096117588376,0.02277648849461211
2007-06-04,-0.0007452120337467954,False,0.025699234706344543,0.02948508046577976,0.018085518757399745,0.0227538796731371
2007-06-05,-0.0016414785915275355,False,0.025696383492531363,0.029482002051451427,0.018083124466635146,0.02275120521934622
2007-06-06,-0.0004481108465064786,False,0.025703723915165146,0.029489165686513375,0.01809082042682665,0.022758683181171396
2007-06-07,-0.013841070158767094,False,0.02571487895179443,0.029499192893081092,0.018104243642952173,0.022770715659767297
2007-06-08,-0.022366091422627327,False,0.02572286247808399,0.029506744190616437,0.018113096424665402,0.02277903545626373
2007-06-11,0.013540732932368436,False,0.025813981286865025,0.02960271008854381,0.018194467250489805,0.022866383271897994
2007-06-12,-0.008903939462567009,False,0.025810717579810724,0.029601583137864235,0.018186906311819892,0.022861457186991303
2007-06-13,-0.0004626942168529491,False,0.025784186485397795,0.02956439133050238,0.018181814981561132,0.022843220034417775
2007-06-14,0.005231529720376171,False,0.025769925035633752,0.029549138940896034,0.0181695464113176,0.02282972952722181
2007-06-15,0.00444074608993292,False,0.025766860490241687,0.029545663780143228,0.01816730765464478,0.02282698443700471
2007-06-18,0.0019842604466387076,False,0.02574394772860339,0.0295219320458093,0.01814604192932827,0.022804708828991896
2007-06-19,0.007444051715152761,False,0.025728483885742122,0.029505871459773847,0.01813177819690769,0.02278970924712363
2007-06-20,-0.006986718371801268,False,0.02569924640879307,0.029475989940077187,0.018103835954590707,0.022760972829823808
2007-06-21,-0.008418202626151703,False,0.025704537568983808,0.02947717872612348,0.01811737740109441,0.02276945560137492
2007-06-22,0.004447556550483525,False,0.025704317039672755,0.029476360106279617,0.018118359691897526,0.022769700381290146
2007-06-25,-0.0033721862544839167,False,0.02569277600050267,0.02946184383119978,0.018112802150877478,0.022760474049749103
2007-06-26,-0.01422633003200302,False,0.02569939062999628,0.029466964496027957,0.01812242129331831,0.02276825097074279
2007-06-27,-0.0006230929983636003,False,0.025722052610369223,0.029486564163639067,0.018151241892133983,0.02279329540377742
2007-06-28,0.008997869794266703,False,0.025708837183342534,0.02947250245130182,0.018139728429840088,0.022780738379352784
2007-06-29,0.0009261741897677715,False,0.025696521363226966,0.029457135540064402,0.01813354866032252,0.02277079628156072
2007-07-02,0.012877725979390315,False,0.025691581307789157,0.0294520755827688,0.018128849739559763,0.022765949508724154
2007-07-03,-0.005498678156999113,False,0.025688983919577996,0.02945188060382187,0.018121420865098697,0.02276148306702591
2007-07-05,-0.006916188071551479,False,0.02566130068501843,0.029421640125272566,0.018098880504968582,0.022735789346021554
2007-07-06,0.006609796829232742,False,0.025678301263722496,0.02943932900282885,0.018114496845570573,0.022752254434212388
2007-07-09,0.01187949961884717,False,0.02567609535036945,0.029437785815578432,0.01811095812348257,0.022749532925722602
2007-07-10,0.003023433897997351,False,0.025675263713314987,0.02943769994700399,0.01810862667113415,0.02274812108728493
2007-07-11,-0.003326299146950396,False,0.025673793226414787,0.029433807713463354,0.018112026559889024,0.02274853469818211
2007-07-12,0.009645929220218629,False,0.02568281323055229,0.029442878844074264,0.018120943743555027,0.022757514926368513
2007-07-13,-0.0013508811271027287,False,0.025676225906325092,0.02943764161280721,0.01811164124682573,0.022749877241575105
2007-07-16,-0.001202266150688713,False,0.02567889847559906,0.029440362446299613,0.01811421675191033,0.02275251226170742
2007-07-17,-0.00045121124359531956,False,0.02566469233611549,0.02942532826307636,0.018101675891528952,0.02273895033304262
2007-07-18,0.011814933595868524,False,0.02574011143062301,0.029496304328291457,0.018186030364056294,0.022817826065649166
2007-07-19,0.006815905276592799,False,0.02565233425806321,0.029410418240379047,0.018094450030391805,0.022728577645701502
2007-07-20,0.009845075517622317,False,0.025640899554757783,0.029399573497459183,0.01808182885751466,0.022716683958353565
2007-07-23,-0.004543184473600351,False,0.025612894423169417,0.02937211836351262,0.018052717625444834,0.02268825093338933
2007-07-24,0.004981731056082021,False,0.025601888460459993,0.029360129380487772,0.018043688615292174,0.02267800975192503
2007-07-25,-0.016059312963741166,False,0.02559664668049349,0.02935518466253751,0.018037849413783804,0.022672536860296747
2007-07-26,-0.01617041956070595,False,0.025579529909422742,0.029335034498688385,0.018026833100165292,0.022657780042392404
2007-07-27,-0.0037807228399060443,False,0.025620631221418402,0.029379032047037464,0.018062109790050837,0.022696628107725908
2007-07-30,0.006192868763566307,False,0.025628941857955626,0.02938759002692749,0.018069922994270474,0.022704746313288542
2007-07-31,0.004207442462503304,False,0.025614188987614375,0.029372962449838235,0.01805491814661911,0.022689895965888315
2007-08-01,-0.004960624720581275,False,0.025610492883903102,0.02936818864570478,0.018053389406665874,0.022687038303720743
2007-08-02,0.0015057976595615988,False,0.025611962661065683,0.029365929468767735,0.018062358484937185,0.02269140917470062
2007-08-03,0.011816792290473208,False,0.02561477288688062,0.029368010435643074,0.018066635323702604,0.022694786757620083
2007-08-06,-0.0014880955127019556,False,0.0255832647603055,0.029329920523430208,0.018048363828904613,0.022668399202956088
2007-08-07,-0.0013412183374613405,False,0.025567786471749943,0.029313532018711622,0.018034716076445283,0.022653629054649085
2007-08-08,0.0057988780219796745,False,0.025570999043468615,0.029316793240267095,0.018037830808457354,0.02265680377721838
2007-08-09,-0.01961283818741479,False,0.02556086291123303,0.029307035571402885,0.018026933548381426,0.02264637320377557
2007-08-10,0.013366517692220628,False,0.025627704419364895,0.02937973351382199,0.01808199717913264,0.022708658457030552
2007-08-13,-0.0008954860090009223,False,0.025604487912462778,0.029357724465127553,0.0180563523525372,0.022684502558157557
2007-08-14,-0.0016439316728176464,False,0.025568968931150245,0.029319288978657078,0.018026698755935835,0.0226512525924606
2007-08-15,0.000448671152386443,False,0.025572769327488223,0.02932156632954321,0.018033562149602434,0.022656237904897243
2007-08-16,-0.03128107527152852,False,0.025554485327270705,0.02930212398342047,0.018017607699306746,0.022638855087706956
2007-08-17,0.013178303712340057,False,0.02568568606861767,0.02944704502504398,0.018121215539178663,0.02275938155491692
2007-08-20,-0.00030452527862507125,False,0.025688391982585143,0.02945118257229843,0.01812104229485953,0.02276097367065397
2007-08-21,0.0,False,0.02568275279718406,0.029442329006119986,0.01812186755194916,0.022757835245506435
2007-08-22,0.003647919231787666,False,0.02566762924498187,0.029426308639934957,0.01810854758271316,0.022743409406773316
2007-08-23,-0.00030341604462672873,False,0.02564355108465006,0.029400876936959464,0.018087191532543418,0.022720384290831466
2007-08-24,0.013716358564113813,False,0.025636199288807837,0.02939019122178356,0.01808654458323121,0.022715626255198643
2007-08-27,-0.0017980409668924948,False,0.02562624081012774,0.02938245989367688,0.01807210708112571,0.022703935072766752
2007-08-28,-0.0036057180845838785,False,0.02563381290540197,0.029389623246526442,0.01808050119845669,0.022711825166087992
2007-08-29,0.0028555867626987724,False,0.025614232738116426,0.029368230041536405,0.018064567232037174,0.022693655526348375
2007-08-30,-0.001952960592013977,False,0.02554787109212736,0.029295906756280115,0.018010195041206864,0.022631931983794484
2007-08-31,0.011958288988873576,False,0.025553153285730087,0.02930010156101335,0.018017664083007975,0.022638060156468555
2007-09-04,0.014017197414386943,False,0.025514330016955935,0.029260896719966584,0.017979608194386706,0.022599533747599713
2007-09-05,-0.0011728307836257467,False,0.0255099949564467,0.029258719932359074,0.017970932630365654,0.02259351956956746
2007-09-06,0.020185051106791134,False,0.025512330282043395,0.029261079005264583,0.017973220197739927,0.022595836419964693
2007-09-07,0.007447774821192289,False,0.025517147838528934,0.029271431285609842,0.01796690686881664,0.02259634800948446
2007-09-10,0.003561003753708571,False,0.025472127560185773,0.02922526839648894,0.017924184495474012,0.022552216672376373
2007-09-11,0.012575262026388204,False,0.02546663174431233,0.029218312495642194,0.01792162505708515,0.02254785678989755
2007-09-12,-0.00042130157951222115,False,0.025395740078580503,0.02914610841437224,0.017853372790776666,0.02247798617202571
2007-09-13,-0.00337698980395983,False,0.025403114943679694,0.029153133570680716,0.017861450955367307,0.022485633107518763
2007-09-14,0.0001408999898850598,False,0.025417875207047212,0.02916808226940806,0.017875832256305915,0.022500246769817257
2007-09-17,0.008699384688253022,False,0.02541947592878891,0.02916778337108792,0.01788125330472778,0.02250332537942493
2007-09-18,0.0,False,0.02540537222724568,0.02915489998660603,0.017864695423045394,0.022488272281834653
2007-09-19,0.00862435761459098,False,0.025410787416028563,0.02915966513967125,0.01787141789892486,0.022494193192745284
2007-09-20,0.01430170724185772,False,0.025379548550727063,0.02912893218419658,0.017839161598164545,0.02246256073400404
2007-09-21,-0.0013663070394987463,False,0.025353921881081938,0.029106307248105947,0.017807498140945236,0.022434598741793
2007-09-24,0.0009565442094225595,False,0.025324172831778183,0.029074034100115255,0.01778282530753897,0.02240681341928751
2007-09-25,-0.000683200158677448,False,0.025286979064182136,0.029034255632915913,0.01775082963036797,0.022371630525474927
2007-09-26,-0.004520848683053974,False,0.025297678325922418,0.029044807058492095,0.01776182620547809,0.0223824448024635
2007-09-27,0.0060233233633819605,False,0.025311318377242535,0.029058570018035416,0.01777521907602045,0.022395989232256264
2007-09-28,0.013690455218486207,False,0.025298438609441046,0.029045390318361338,0.0177629425013301,0.022383342808839805
2007-10-01,0.005906090206921606,False,0.025269942079790043,0.02901755409674813,0.017733118025915314,0.022354332565285445
2007-10-02,-0.023562395975862144,False,0.025242710168802033,0.028990458208150893,0.017705612560241814,0.02232699483006191
2007-10-03,-0.0006853540236274667,False,0.025380836480591827,0.029136582622067916,0.017827653885585555,0.02245889868804523
2007-10-04,0.011587615365222072,False,0.025388849966178507,0.029144496732519388,0.017835867224547133,0.02246698948662173
2007-10-05,0.004732616578215814,False,0.025367501589564488,0.029124815680983424,0.017811165689789462,0.022444343945616268
2007-10-08,-0.011532588493760723,False,0.025254242865765796,0.028990264788890684,0.017740727654320186,0.0223476503433354
2007-10-09,0.006257722206492752,False,0.025292716215724095,0.029030013155265665,0.017776636818243527,0.022385131741624525
2007-10-10,0.004060094765147877,False,0.025248292010675084,0.028984485185834807,0.01773443239419246,0.022341566255652867
2007-10-11,0.014614409453741706,False,0.025240158257431134,0.028975862198008885,0.017727282540815605,0.022333813122653375
2007-10-12,-0.0034666375862942847,False,0.02520695668301674,0.0289410363218659,0.017697347600269225,0.022301875240839195
2007-10-15,0.011156927321505155,False,0.025195121862157815,0.028927725316423222,0.017688481534828007,0.022291188878731626
2007-10-16,-0.00013205942499815634,False,0.025156377286925727,0.0288902586014225,0.017647167054364078,0.0222514501393673
2007-10-17,0.0006602839460755097,False,0.02515810861705861,0.028892136950304147,0.017648602715031447,0.022253067090193913
2007-10-18,0.008675101318599207,False,0.025166381002520614,0.02889923653231111,0.017659233725999614,0.02226225190653101
2007-10-19,-0.0001308495356028981,False,0.025139282322472766,0.02887310155052739,0.017630196951980214,0.022234403477625675
2007-10-22,-0.010791014402271579,False,0.025151479297962347,0.0288852556783672,0.017642480098395703,0.022246633788213656
2007-10-23,0.0042250026313810085,False,0.025197073781357583,0.028932396541816823,0.017684964656233648,0.022291025201392655
2007-10-24,0.0034196740252454955,False,0.025107349627242113,0.028836926058656936,0.01760679694680015,0.02220577164123397
2007-10-25,0.00745639185367149,False,0.025063270108051535,0.02879081325678011,0.017566806563248126,0.022163273998267206
2007-10-26,0.02140364906448734,False,0.02504726553181355,0.02877520731188054,0.01755000029936309,0.022146959290319273
2007-10-29,0.0066115322488308715,False,0.024986933121809565,0.028720030187998735,0.017479300091338804,0.022082616112605122
2007-10-30,-0.006101439933481708,False,0.025008117232877096,0.02874107280785107,0.017500768755446854,0.02210391030260595
2007-10-31,0.009769807160042446,False,0.024995086578304935,0.02872641730994662,0.017491005823962114,0.02209214376199696
2007-11-01,-0.0016427472992857919,False,0.024938109135520838,0.028669607871460865,0.017433690507665193,0.022035035613331762
2007-11-02,0.018792835418849324,False,0.024956731832651746,0.028687600079202222,0.017453581182264248,0.022054148825717355
2007-11-05,0.0029743030937272865,False,0.024933637987191077,0.028669471729787257,0.017420501225683397,0.02202719186757331
2007-11-06,0.015593676516674149,False,0.024891732043463583,0.028621082268493196,0.01739163428677506,0.021990330044053298
2007-11-07,0.01235033531105721,False,0.024871142860022424,0.028603038831658698,0.017365925351296246,0.021967760291920848
2007-11-08,0.00504143688862432,False,0.02489310854412806,0.02862713495765236,0.017383606502853047,0.021988068510789757
2007-11-09,-0.0032380098894735834,True,,,,
2007-11-12,-0.032597664246311255,True,,,,
2007-11-13,-0.010729953957265712,False,0.025038250655057725,0.028787665157111272,0.017497801622673285,0.02212123882284513
2007-11-14,0.019625505896788575,False,0.02508572947785637,0.028836849314637397,0.017541850846106835,0.022167390910076072
2007-11-15,-0.03390152061058133,False,0.025058896520673883,0.028811446631900824,0.017512141463403564,0.02213944521182968
2007-11-16,-0.00025453321894937814,False,0.02527430400887916,0.02904459604524198,0.017691868158740985,0.02234104963677821
2007-11-19,-0.011392154455674711,False,0.025247288785477738,0.029016145371622448,0.017667739769857936,0.022315151181146395
2007-11-20,0.017229703502251552,False,0.025314928068750218,0.02908224435983234,0.017738476741158218,0.022383988800564483
2007-11-21,0.009194583273364906,False,0.02525428139832792,0.029022112616903493,0.017676794499844085,0.022322941521036335
2007-11-23,0.032563341871250005,False,0.025252567656947656,0.029020662662377704,0.017674550256613332,0.022321022555780376
2007-11-26,0.0024242436115064756,True,,,,
2007-11-27,-0.015003010816484757,True,,,,
2007-11-28,-0.016855073362179444,False,0.025282843601788826,0.029068243263660424,0.017670024799835937,0.0223378356286012
2007-11-29,-0.00601730272818875,False,0.02537018798921973,0.02915960942301987,0.017749281000103107,0.022422051112493808
2007-11-30,-0.016608908686688486,False,0.025370462195344404,0.029157677823071465,0.017753991303719872,0.0224240414165349
2007-12-03,0.007768234653164796,False,0.025432967206251347,0.02922169445783997,0.017813456287263073,0.022485370397240956
2007-12-04,0.016356680969389612,False,0.02541211613426454,0.02920157502017836,0.017791133825186833,0.022463950120120313
2007-12-05,-0.004753558890991362,False,0.025412395776266396,0.029205804744721082,0.017783469454581716,0.022461156632303206
2007-12-06,0.004628784368598568,False,0.025398812501781613,0.029192209120489174,0.017769911016678394,0.02244758296581414
2007-12-07,-0.008523475563928767,False,0.025385801141735585,0.029178609001026045,0.017758083710935933,0.022435029655467623
2007-12-10,0.016603574097904306,False,0.025427131250761938,0.0292215365219133,0.017796201264318127,0.022475116991976667
2007-12-11,0.004570463299585012,True,,,,
2007-12-12,0.002584745797933599,False,0.02540261493677616,0.02920045723050064,0.0177647727528355,0.022447926704359036
2007-12-13,-0.017984980892817835,False,0.025445016022126458,0.02924255609550362,0.017807781633649402,0.02249056291450778
2007-12-14,-0.007159500845978265,False,0.025460274799202636,0.029261269666606336,0.01781609247305151,0.022503133891916098
2007-12-17,0.0018890503987451905,False,0.02549227604409994,0.029294306477605832,0.017846011090538863,0.02253432947540374
2007-12-18,0.010264218627720131,False,0.02549449427041754,0.029296110612380823,0.017849062096526487,0.022536869861335528
2007-12-19,-0.0023689612013650745,False,0.02546118669301144,0.029262564343142863,0.017816234552360675,0.02250374798409606
2007-12-20,-0.0023745101369897813,False,0.025476076187033563,0.029278734591745938,0.01782854832032332,0.022517641062207168
2007-12-21,0.015396335261854686,False,0.02547431555702768,0.029275432768725608,0.017829887184216603,0.022517079466945623
2007-12-24,0.0014774839354628937,False,0.025462121347815662,0.029266222681286543,0.017811691606491424,0.022502563636980364
2007-12-26,0.016109711715253903,False,0.025465738909633717,0.029269310126039793,0.01781637528695444,0.022506593625258503
2007-12-27,0.003142726658091036,False,0.025476365038298573,0.029284167737032286,0.01781849147978652,0.022513927697520756
2007-12-28,0.01318805868920145,False,0.025516916247104577,0.029324158023605457,0.017860170759523467,0.022554915298939323
2007-12-31,-0.005613572426415989,False,0.025479538177570243,0.02928873252519985,0.017818865873396778,0.022516018146070082
2008-01-02,0.026125932155925263,True,,,,
2008-01-03,0.010908805267743064,False,0.025541383075513478,0.02935571842428292,0.017870371701853533,0.022573863389895026
2008-01-04,-0.0038161929263933144,True,,,,
2008-01-07,-0.0040633945724295505,True,,,,
2008-01-08,0.02117945726841645,True,,,,
2008-01-09,0.0017069705424961159,True,,,,
2008-01-10,0.013776202652837558,True,,,,
2008-01-11,0.004922219814926059,True,,,,
2008-01-14,0.006118949001593346,True,,,,
2008-01-15,-0.0006656780386320042,True,,,,
2008-01-16,-0.022901792011034684,True,,,,
2008-01-17,-0.001249901419690313,True,,,,
2008-01-18,0.0014770073718299221,True,,,,
2008-01-22,0.009941324503009531,True,,,,
2008-01-23,-0.008013107245000536,True,,,,
2008-01-24,0.025728488516016213,False,0.025414942331797384,0.029228382733608615,0.017745730786329645,0.022448118907119105
2008-01-25,0.005506621844194516,True,,,,
2008-01-28,0.01806750911147768,True,,,,
2008-01-29,-0.0021595948925955824,True,,,,
2008-01-30,-0.004876208523132775,True,,,,
2008-01-31,0.0022785629507842933,True,,,,
2008-02-01,-0.015289147679384005,True,,,,
2008-02-04,-0.0041905527978791345,True,,,,
2008-02-05,-0.021220362360460914,True,,,,
2008-02-06,0.016568147366051975,True,,,,
2008-02-07,0.0059773959413758435,True,,,,
2008-02-08,0.013483403864657833,True,,,,
2008-02-11,0.004887860576610762,True,,,,
2008-02-12,-0.01693751858979255,True,,,,
2008-02-13,-0.0009923639404702778,True,,,,
2008-02-14,0.0009923639404703117,True,,,,
2008-02-15,-0.005082362713297334,True,,,,
2008-02-19,0.026020915212462904,True,,,,
2008-02-20,0.008596657509311826,True,,,,
2008-02-21,0.012229641761595725,True,,,,
2008-02-22,-0.0014808162087650222,True,,,,
2008-02-25,-0.007544036912825284,True,,,,
2008-02-26,0.009024853121590286,True,,,,
2008-02-27,0.012708291283116858,True,,,,
2008-02-28,0.0065532951572179815,True,,,,
2008-02-29,0.007848822366474967,True,,,,
2008-03-03,0.009623359004257108,True,,,,
2008-03-04,-0.018094433598175357,True,,,,
2008-03-05,0.022871606049530768,True,,,,
2008-03-06,-0.01142171517002402,True,,,,
2008-03-07,-0.0028759138304015252,True,,,,
2008-03-10,-0.0023685585962173674,True,,,,
2008-03-11,0.004423635331527214,True,,,,
2008-03-12,0.004710685194335475,True,,,,
2008-03-13,0.01369814952134998,True,,,,
2008-03-14,0.005928200646111267,True,,,,
2008-03-17,0.003200655011222366,True,,,,
2008-03-18,0.0017958577709749686,True,,,,
2008-03-19,-0.060082752350065466,True,,,,
2008-03-20,-0.02692866335622513,True,,,,
2008-03-24,-0.001414645014058085,True,,,,
2008-03-25,0.017594482817452597,True,,,,
2008-03-26,0.01529019446607441,True,,,,
2008-03-27,-0.0002107832322250462,True,,,,
2008-03-28,-0.01936850220190945,True,,,,
2008-03-31,-0.015594818399607543,True,,,,
2008-04-01,-0.03702272321652295,True,,,,
2008-04-02,0.013835199074146435,False,0.026087009408463667,0.029982562808316605,0.018252660379185957,0.023056302786359516
2008-04-03,0.010887773066116756,False,0.02600043522307652,0.029894842930987497,0.01816839029532999,0.02297061993932639
2008-04-04,0.00441015047755279,True,,,,
2008-04-07,0.014959073636717288,False,0.02602045081630543,0.029913151120092844,0.018191839649687284,0.02299196387809513
2008-04-08,-0.009473596360046074,True,,,,
2008-04-09,0.021217483367743404,True,,,,
2008-04-10,-0.005693111565884119,True,,,,
2008-04-11,-0.0050758922092579645,True,,,,
2008-04-14,0.0019470518083198605,True,,,,
2008-04-15,0.0035596690711048313,False,0.025818344809778748,0.029699290602198038,0.018013373145761173,0.022799002779053047
2008-04-16,0.017504944242580853,False,0.02583735287884238,0.029718380671967307,0.018032216303172293,0.022817947052281764
2008-04-17,-0.005623642489008788,True,,,,
2008-04-18,-0.029807796020180174,True,,,,
2008-04-21,0.002736878348143971,False,0.025963210814198105,0.02985604751312893,0.018134325343251493,0.02293461776175398
2008-04-22,0.008274380998537422,False,0.02593366674148368,0.029825894805875365,0.018106005295706648,0.02290554720141094
2008-04-23,-0.017610491302640873,False,0.025911989728503157,0.029805047227946968,0.01808266020555493,0.022883224895182686
2008-04-24,-0.021640581726710732,False,0.026018890803368847,0.029916427445805294,0.01818055327412357,0.02298664123580506
2008-04-25,0.00045098581831164717,False,0.02613742775765273,0.030041903036133636,0.018285135934632032,0.023099779991668894
2008-04-28,0.0064041700703983935,False,0.026066733147526683,0.0299537296950601,0.01824959280743435,0.02304268368201295
2008-04-29,-0.02116542347273429,False,0.02604568988983503,0.0299331363401233,0.018227644750129134,0.023021290403895826
2008-04-30,-0.013126296026031057,False,0.02617199194260125,0.030066403017392596,0.018339940243720227,0.02314217403944751
2008-05-01,-0.01624147786327605,False,0.02623769405218509,0.030134874312861715,0.018400073242442163,0.023205721746527026
2008-05-02,0.008445740727103433,False,0.026290738863698836,0.0301905198511213,0.01844788773133797,0.023256743215279978
2008-05-05,0.018746224214428245,False,0.026269817211337313,0.030170296682341217,0.018425561358361292,0.02323527814877458
2008-05-06,0.00423270349129323,False,0.0262447793091282,0.03014691362199474,0.01839719540300814,0.023208952794006914
2008-05-07,-0.007332783204441063,False,0.02620574009156182,0.030098556667352314,0.018376895090270916,0.023177162694745637
2008-05-08,0.01257015786535274,False,0.02623908597156924,0.030132708552601563,0.01840862001280818,0.02320988150969371
2008-05-09,0.004419048002536844,False,0.026223469736871653,0.03011891757638948,0.01838933300002688,0.023192845239788987
2008-05-12,-0.0009048612623345438,False,0.026213135024180784,0.030108812369257193,0.01837853672861367,0.023182331973772112
2008-05-13,-0.017350066656345774,False,0.02622447319351449,0.030119221223615537,0.018391743843672877,0.023194393142064056
2008-05-14,-0.0035757296790716146,False,0.026301266851087406,0.03020034326163769,0.018459832693561166,0.02326781935733955
2008-05-15,0.015593041683088862,False,0.026303601932422087,0.030202499157766627,0.018462528134336128,0.023270293843203938
2008-05-16,0.022498136786443246,False,0.02628920633229316,0.030189733275991875,0.018444855006961264,0.023254630336387264
2008-05-19,0.0066519092283059186,False,0.026208999322924406,0.030112164574108233,0.018359342096334493,0.023172370746769807
2008-05-20,0.01589510034444961,False,0.026195528411284363,0.030096732206120136,0.018349815870355012,0.02316042583108794
2008-05-21,0.009201688741824705,False,0.02610785925451584,0.030008899942442692,0.018262474737957467,0.023072883570074205
2008-05-22,-0.010943253963419088,False,0.026078030553670768,0.029980000320278935,0.018230777566597942,0.0230423320541056
2008-05-23,0.00835367068021306,False,0.026126200105330222,0.03002959748247145,0.018276076050132827,0.02308939093720215
2008-05-27,-0.01952820852210282,False,0.026104404563255565,0.030008753469334765,0.018252366887823418,0.02306685511389979
2008-05-28,-0.007963776364880937,False,0.026173243669163373,0.030079833292628855,0.018316699686082922,0.02313395096119352
2008-05-29,-0.026215134156373394,False,0.02622729800822395,0.030134988439464144,0.018368540190179368,0.02318714888139135
2008-05-30,0.011448099624153,False,0.026378455667062994,0.030296504061101133,0.018498866945816202,0.02333024813537207
2008-06-02,0.00629148978181772,False,0.026359917394216975,0.030277970087935053,0.018480320025882103,0.023311706517412496
2008-06-03,-0.012736209159860417,False,0.02635061050704188,0.030268248585509833,0.018471846971605446,0.023302722197291487
2008-06-04,-0.001930118307827085,False,0.026398002251907818,0.030317775724941605,0.018514944223590173,0.023348452623780488
2008-06-05,-0.00924826659572895,False,0.026392861880809755,0.030312037253411323,0.018511006692514993,0.023343777569610362
2008-06-06,0.026710547270769387,False,0.026434810944334707,0.03035433409309801,0.018552256343259414,0.023385456066309963
2008-06-09,-0.0007820928756963641,False,0.026422932764709164,0.030347856644883146,0.01852951675049389,0.023369376164677175
2008-06-10,-0.030411951417025018,False,0.026424230410534495,0.0303491130733717,0.01853089728852199,0.023370705877231585
2008-06-11,0.013504425354746141,False,0.02661691946128739,0.030554786213958813,0.018697474030920286,0.023553293419160588
2008-06-12,-0.01200769170872686,False,0.02657168086550424,0.0305106416187774,0.018650035290081367,0.023507203700435998
2008-06-13,0.0012647033429752463,False,0.026624516264356524,0.03056415687115337,0.01870150343523522,0.0235595101791671
2008-06-16,0.015166478146507503,False,0.02659905913129357,0.03053731665716233,0.018678827816790138,0.023535129071022152
2008-06-17,0.0007919138617736083,False,0.026539324685272675,0.03047759240400869,0.01861907287188975,0.02347538669503929
2008-06-18,0.007435857352901756,False,0.026541970202590557,0.030480007529691232,0.018622181729919314,0.023478211455043186
2008-06-19,0.012049668913240582,False,0.026524125914971608,0.03046278111318044,0.018603094841463066,0.02345988646908259
2008-06-20,-0.00044373202509839636,False,0.02650347708227981,0.030444082571071847,0.018578523778584943,0.023437720327300442
2008-06-23,-0.018476535046862422,False,0.026442506144097083,0.03037769866641757,0.01852843885947809,0.02338096062989577
2008-06-24,0.004960578846450023,False,0.026541900277522155,0.030482384955601478,0.018617189936300838,0.02347623751222525
2008-06-25,-0.01040028834589455,False,0.026535000558664857,0.030475232662243824,0.018610798170124093,0.023469534294129773
2008-06-26,0.036923469412485796,False,0.026555386474270214,0.030489999148672144,0.018642485322036422,0.02349429207670015
2008-06-27,0.017586224542828363,False,0.02658491408872547,0.030538823908813646,0.01863320443894148,0.023508806679853538
2008-06-30,-0.003341394201222333,False,0.026537676020458152,0.030495059663247694,0.0185789801644244,0.02345886600777505
2008-07-01,0.017445712095821818,False,0.026544586286737223,0.030501712599662223,0.018586407946898885,0.023465976474447883
2008-07-02,0.002437332640758728,False,0.02651149583143053,0.030469265729973827,0.01855202317629308,0.02343238531513458
2008-07-03,-0.01374771297315826,False,0.026412279292187413,0.030362239287907797,0.01846851313579843,0.023339244812278042
2008-07-07,-0.004948414347644369,False,0.02645155900139369,0.03040197424545112,0.018506877294888643,0.023378170342242464
2008-07-08,-0.005840340355241071,False,0.02647715773547763,0.030428143433071195,0.018531328789633688,0.023403325268442875
2008-07-09,0.005840340355241099,False,0.026506154611367308,0.030457700003468237,0.018559200063671615,0.023431886706879713
2008-07-10,0.014559765318161123,False,0.026486628402137835,0.030434899856558926,0.01854625807184368,0.02341490759265528
2008-07-11,0.019575425487471522,False,0.026441098323555682,0.03039175906771739,0.018495922891690917,0.023367518667461177
2008-07-14,0.013663406977276306,False,0.02640485701211977,0.030360019388732333,0.018450628345399372,0.023327775125179296
2008-07-15,0.0051271645720515225,False,0.02635879822481259,0.03031622437758277,0.018400016876939478,0.023279955139734746
2008-07-16,-0.01639637084538059,False,0.026355874899576626,0.030313243370964776,0.018397209554754396,0.023277076690111698
2008-07-17,0.008489555345726676,False,0.02645443162001018,0.03041464383794752,0.018490047215344488,0.023373421000493694
2008-07-18,-0.013179262296642251,False,0.02642441408071677,0.03038302629685292,0.01846324744032521,0.02334464824866859
2008-07-21,0.006040414016574786,False,0.026515575142239112,0.03047645339616171,0.018549851272332163,0.023434046352526022
2008-07-22,-0.015802720962339086,False,0.026504504845590266,0.030463274555148395,0.018543021470113604,0.023424616485031257
2008-07-23,-0.02737550683219545,False,0.02659640417670911,0.030559144952858767,0.018626934587592636,0.023513426360922456
2008-07-24,-0.0004337718662325432,False,0.02677593142923602,0.03074857222212073,0.01878655191243097,0.023685251486640118
2008-07-25,0.004976723077947858,False,0.026771306597406695,0.030743767198402452,0.018782289464582904,0.023680766842531255
2008-07-28,0.0010786324272330885,False,0.026766331881147357,0.030738463227292227,0.01877797691288831,0.02367604828367872
2008-07-29,-0.012147601841161848,False,0.02674205375861815,0.030713113771468865,0.018755853349183373,0.023652603649123048
2008-07-30,-0.014841144867571382,False,0.026795355568175142,0.030768658673928508,0.018804644073690143,0.023704160351934928
2008-07-31,0.012109350639264937,False,0.026852848119980517,0.03082920442333385,0.018855996338558507,0.023759277542595162
2008-08-01,-0.005376088814827545,False,0.02685178420631827,0.030829336600310377,0.01885252696652541,0.02375728308083167
2008-08-04,-0.009839253038161947,False,0.026868529092030535,0.030846659025761843,0.01886811036183291,0.023773578645656126
2008-08-05,-0.024176137385098138,False,0.0268428358656958,0.030818126837245587,0.01884812657349786,0.023750094107176555
2008-08-06,-0.0034203659881773285,False,0.02696079702101024,0.030944785731911333,0.018948595701659916,0.02386128849701672
2008-08-07,-0.0056118379116813924,False,0.026973303841961834,0.030957376955464192,0.018960932780505736,0.023873729653479527
2008-08-08,-0.014926542002206227,False,0.02698384298715869,0.03096620387475217,0.018974915383925383,0.023885600895523194
2008-08-11,-0.043239020374830926,False,0.027041764278507137,0.031027182604636532,0.01902668785938884,0.023941143526315278
2008-08-12,-0.01632236972897623,False,0.02726457755863436,0.03127544593089814,0.019198318541368244,0.024144156892172232
2008-08-13,0.02057381858633438,False,0.02729492874495961,0.031308706654842096,0.01922281835540333,0.02417224448356676
2008-08-14,-0.020573818586334426,False,0.027313852953790897,0.031333458550556643,0.019230022500769817,0.024186634802751118
2008-08-15,-0.027852775319139957,False,0.027379303019360306,0.031405050428653505,0.019283120764663427,0.02424730659165786
2008-08-18,0.017279880173150845,False,0.02747328501805527,0.031509903850044374,0.01935523924074624,0.02433283071816516
2008-08-19,0.014154648373999677,False,0.027464372224048218,0.031502449710217734,0.019343392946722784,0.024322783103907897
2008-08-20,-0.000986786574507059,False,0.02746950044019347,0.03150940949866426,0.019344837687066855,0.02432648637275232
2008-08-21,0.027629107764992576,False,0.02744661831871895,0.03148100328459311,0.019333065070463635,0.024307901947213474
2008-08-22,-0.006745358632567387,False,0.027474312147691044,0.03151786971796252,0.019342311870995884,0.02432845956984068
2008-08-25,-0.009227890354293495,False,0.02748695484124061,0.03153089780234127,0.019354179504891884,0.024340802432681174
2008-08-26,0.002923296130586706,False,0.027503055878228592,0.03154644417073817,0.019371396036109347,0.024357334997002898
2008-08-27,0.007150201247063329,False,0.02748354322043155,0.03152566223542624,0.01935443602283953,0.024338809826059408
2008-08-28,0.003375589495975843,False,0.02747594086444162,0.03151844539390134,0.019346058358551934,0.02433090754317279
2008-08-29,-0.0019275233161304374,False,0.02747388510894026,0.031516077262434265,0.01934463082248244,0.024329094813452534
2008-09-02,-0.029739679318913803,False,0.027476938405464824,0.03151822480690741,0.01934950567732659,0.024332852777185707
2008-09-03,-0.0028612170735684093,False,0.02758553661585143,0.031636752971838995,0.019438133752082865,0.024433725569407636
2008-09-04,-0.005997753432862506,False,0.027586753516311784,0.031636784264818696,0.019441735028230496,0.02443586486216351
2008-09-05,-0.0003761188739106034,False,0.027589878803727312,0.03164026935795553,0.019444136710213358,0.024438710223861106
2008-09-08,-0.0001253533792220741,False,0.027591561622933428,0.03164181081544393,0.019446103822027563,0.02444050302125261
2008-09-09,-0.01312656052833487,False,0.02758225585761227,0.03163174240099448,0.01943833182067898,0.02443179059031202
2008-09-10,-0.037803791099906475,False,0.02760057959416818,0.03165238918988781,0.0194519836657328,0.024448307012378847
2008-09-11,-0.022146097835143992,False,0.02777456215053894,0.031846813541318075,0.019584855719732553,0.024606386030203112
2008-09-12,0.02530769098323096,False,0.0277961562528117,0.03187508202364044,0.019593026973568756,0.024622787522918632
2008-09-15,0.029547294401871288,False,0.027880436693263892,0.031968316928408326,0.01965929908718811,0.024700101468109845
2008-09-16,-0.008463727991974911,False,0.027940893265225024,0.03204076140969766,0.019695646769816093,0.024751231551005903
2008-09-17,0.08643165666030359,False,0.027950514889722524,0.0320513129290743,0.019703398282343354,0.02476012972538507
2008-09-18,0.05302229261055269,False,0.02861313062036662,0.03281595652963325,0.020160825722241163,0.02534336866170726
2008-09-19,-0.036620799823751805,False,0.028804689052213322,0.03304505983516757,0.020276877643321006,0.025505717508770606
2008-09-22,0.04908896977821265,False,0.028980980539756295,0.033239138913082694,0.020417396500620837,0.025668170405900664
2008-09-23,-0.020566304591170596,False,0.029126332569677303,0.033415420154631226,0.02050054678043889,0.02578945977851103
2008-09-24,0.003944778291016325,False,0.02920652966127008,0.03350143166221578,0.020569050497662125,0.025865133305094882
2008-09-25,-0.01279237200785598,False,0.029191274918845923,0.03348581104762646,0.02055453156089837,0.025850163208029166
2008-09-26,0.005907108053614298,False,0.029229846286167056,0.033526757711530915,0.020588325968293214,0.02588688661529286
2008-09-29,0.005984985041900352,False,0.029188993585916014,0.03348422380998587,0.020550854332649374,0.02584734187500844
2008-09-30,-0.015887760208689487,False,0.029188876560736595,0.03348431175226949,0.020550325097321534,0.025847065386927652
2008-10-01,0.0074078632791408664,False,0.029235196208878215,0.03353157533487864,0.020594746398471007,0.025892650662273437
2008-10-02,-0.048506353204808436,False,0.02921162529907673,0.033507617442506826,0.020571953749474348,0.02586938082154178
2008-10-03,-0.012111156416158043,False,0.029494769754772523,0.0338222095414095,0.02079185383710676,0.026128059284672756
2008-10-06,0.03996747018128355,False,0.02952250162857417,0.03385201295397878,0.020815419638448986,0.026154179519352408
2008-10-07,0.01803507831672131,False,0.029611916074868704,0.03396084867563224,0.02086577594995802,0.02622848438254067
2008-10-08,0.027731163674079688,False,0.029618633411011158,0.03397153792814668,0.02086450536346683,0.02623211160233367
2008-10-09,-0.02239484539424042,False,0.029633076399914866,0.0339917944575229,0.020867256738758156,0.026242031707374828
2008-10-10,-0.03186919249497782,False,0.029720864983565763,0.03408583933429601,0.020942463288762515,0.026324952949457258
2008-10-13,-0.019477685379195402,False,0.02983641678024281,0.03421343634957619,0.021033790941400243,0.026431133670952383
2008-10-14,-0.003104153163713016,False,0.029889649228063208,0.03427171317765616,0.021076878634025808,0.026480441634857944
2008-10-15,-0.0009570377555574934,False,0.029894942369645926,0.03427652021011069,0.02108314938987423,0.026486112965109287
2008-10-16,-0.04154537598584078,False,0.029882701788709106,0.034263313973206144,0.021072850840047473,0.026474623656106307
2008-10-17,-0.020673904942153428,False,0.03005628729504226,0.034459222068938554,0.02120154337774679,0.026630842382274825
2008-10-20,0.0031792486594678293,False,0.03012554680993701,0.03453421391121738,0.02125927460670437,0.026695642196382603
2008-10-21,-0.027677638112131333,False,0.03009927466158306,0.03450798479333281,0.02123291591975594,0.0266693365706982
2008-10-22,-0.04375779920174541,False,0.030170742083131183,0.03458831910442186,0.021286551136136422,0.026733905629397498
2008-10-23,-0.027652806282513393,False,0.030308763734965122,0.03475092647172868,0.021375128445567992,0.026852799808689123
2008-10-24,0.02190879115664773,False,0.03035328271181244,0.03480498109326295,0.021400470283501075,0.02688990013700761
2008-10-27,0.01713400187351141,False,0.03041358275677021,0.03487134346283109,0.021448578384965472,0.026945483746210013
2008-10-28,-0.0032410891492441396,False,0.03044739998093699,0.034908275235197385,0.021476131939979527,0.026976877878999467
2008-10-29,0.018095796004219074,False,0.030426193209977713,0.03488702040029795,0.02145502183042987,0.02695570850136708
2008-10-30,-0.020940329701355436,False,0.03045533430145711,0.03491583290794715,0.02148482373698403,0.026985105228205023
2008-10-31,-0.02806239772348853,False,0.030473165558230396,0.034938235020032946,0.021493462544776416,0.026999380399348776
2008-11-03,0.011926415873979527,False,0.03051190872724328,0.03498551327543395,0.021515040798077416,0.02703148334547633
2008-11-04,0.04131811567473149,False,0.03053131945674568,0.035006109787597425,0.021532066799587107,0.027049971546394363
2008-11-05,-0.019635990983918654,False,0.03069832083847931,0.0351946023028224,0.021655847354001986,0.027200253013419284
2008-11-06,-0.013718348361156717,False,0.03071630225837466,0.035217174809343325,0.021664595637714494,0.027214662607899714
2008-11-07,0.0027314957800709627,False,0.030733487691190536,0.035236475329774794,0.021677527416965086,0.02723020252096912
2008-11-10,0.016770698012669713,False,0.03073630468867102,0.03523938406072655,0.021680159929224122,0.027232948150607776
2008-11-11,-0.01840871666588677,False,0.030760121842787407,0.035266292002100234,0.02169776119982833,0.027254360699152956
2008-11-12,-0.019728842516742544,False,0.03078709707799461,0.03529751954216955,0.021716184622995204,0.027278027678207067
2008-11-13,-0.017995688029951048,False,0.030805324591415908,0.03532032835639096,0.021725198680511204,0.027292690979500423
2008-11-14,0.05183223094269356,False,0.030799941198005727,0.035318070607122644,0.02171352930289413,0.02728487586216639
2008-11-17,-0.0006737182543476606,False,0.03108348575431234,0.03563487309134072,0.021930188826830534,0.027542546040172207
2008-11-18,-0.012614679083479045,False,0.031078311590749922,0.03562885145844118,0.021926719009197224,0.027538031200374197
2008-11-19,0.004494456088856211,False,0.031080174700919828,0.035632693503702635,0.021924602282198412,0.027538354716275706
2008-11-20,0.017110489749026233,False,0.031089135464741628,0.03564175943076758,0.021933351552179087,0.02754723366401012
2008-11-21,0.055977784738779374,False,0.031123956021197836,0.03568006562882382,0.021961162133393605,0.02757934242165491
2008-11-24,0.0343898473116718,False,0.03144681946079173,0.036041132937335324,0.022207193756645156,0.027872483583915128
2008-11-25,-0.001221150438947516,False,0.03149447566242872,0.03610285197315612,0.02222656818672664,0.027909199023018076
2008-11-26,-0.012170565451709397,False,0.03149164796129601,0.03609975968777585,0.02222427259108201,0.02790657716612595
2008-11-28,0.009478758910475183,False,0.031559094692716984,0.03616831607072788,0.022289487701856844,0.02797316059831874
2008-12-01,-0.052312702365268915,False,0.03149552413974192,0.03610401019007032,0.02222739596668359,0.027910162123877334
2008-12-02,0.008612447816330852,False,0.031752338986397524,0.03639456156062239,0.02241636327638862,0.028140730248723492
2008-12-03,-0.016128341600648192,False,0.03175780878887112,0.036400522779152025,0.022420844791831714,0.02814581773378479
2008-12-04,-0.006524882968607938,False,0.031661373719992905,0.036292599367471354,0.022347513933843256,0.028058320495564927
2008-12-05,-0.017566307735925758,False,0.0316604974293435,0.03629201715431027,0.022346046223837283,0.028057215415190465
2008-12-08,0.022268558553333456,False,0.03167301896444491,0.03630801245318032,0.02235158167120857,0.02806703439232986
2008-12-09,0.006494372535564776,False,0.031686595102717964,0.036325993393506596,0.022356299310278122,0.028077183632963097
2008-12-10,0.04394496391879404,False,0.031723563519267105,0.03636301517792586,0.02239316039868192,0.028114110529774014
2008-12-11,0.02181465038186714,False,0.03189122822179491,0.03655317853134905,0.022515578055229326,0.028264271477826376
2008-12-12,-0.007300190373693653,False,0.0319328822545436,0.03659930376068125,0.02254824006270758,0.02830244695856884
2008-12-15,0.019948675198090664,False,0.0319212781663515,0.03658743957130856,0.022537159064105715,0.02829104522683025
2008-12-16,0.0075129894328863365,False,0.031948943115014096,0.036619856093605456,0.02255526812109683,0.028315013492582662
2008-12-17,0.030191841100654815,False,0.03195205480868719,0.036623518813735476,0.022557271645237954,0.02831769649247069
2008-12-18,-0.009148375454314106,False,0.03209211397657264,0.03677460574930345,0.022675152865044984,0.02844917615313036
2008-12-19,-0.02736013962276432,False,0.03202508417176634,0.03670833951355172,0.022606587446201996,0.028381552298248857
2008-12-22,0.011648755967735784,False,0.032098232542794904,0.03679028873088376,0.022662036431644647,0.028447853687492215
2008-12-23,-0.01069274755904441,False,0.032105677520101225,0.036799223231534096,0.022666485827947083,0.028454139828607863
2008-12-24,0.01175571746412139,False,0.03209777953310971,0.03678776266051479,0.022665752555145056,0.028449013500966527
2008-12-26,0.027134181534173584,False,0.03212171705451445,0.036813319202078296,0.022686434064449004,0.028471691438786383
2008-12-29,0.0048137069133508,False,0.03214935591053443,0.036844112578055366,0.022707728864098293,0.028496876105749705
2008-12-30,-0.006078335021623438,False,0.032153720951455245,0.036848707513316446,0.02271163156441776,0.028501062290875748
2008-12-31,0.016316167873091928,False,0.03214316019812937,0.036838168919568065,0.02270102624595657,0.028490484297591556
2009-01-02,-0.005447117295854647,False,0.03214940226398635,0.036844969666354144,0.02270614474836945,0.02849629171455076
2009-01-05,-0.024886048779878007,False,0.032137700820285726,0.03683311773098397,0.02269474595852677,0.02848470735205855
2009-01-06,0.009520578162079091,False,0.03222487882515923,0.03692788021367276,0.022766670816976448,0.028565984699238368
2009-01-07,-0.028481326060046313,False,0.03218464552910902,0.0368884469518178,0.02272482857183028,0.02852512898355105
2009-01-08,0.015103589562761364,False,0.032284999145806,0.03699786480780578,0.022806953093196868,0.028618430701012207
2009-01-09,0.00046828636384166767,False,0.032305166390336745,0.037020409738493444,0.02282233857212888,0.028636748126418053
2009-01-12,-0.04061229374111984,False,0.032307405754404314,0.03702225321821763,0.022825374099360703,0.02863929548505737
2009-01-13,-0.00024385785477638777,False,0.032442906399510904,0.037177821612704415,0.022920516485514287,0.02875918359589872
2009-01-14,-0.014616686524402027,False,0.03244395643852078,0.037178818235498116,0.022921673949898254,0.028760275192259616
2009-01-15,-0.001857700673359928,False,0.03245578888484196,0.0371931451572023,0.022928489755760596,0.02877016695845505
2009-01-16,0.03961632946949488,False,0.03244466985333374,0.03718120501596844,0.022919022058356078,0.02875968674316304
2009-01-20,0.018065298097618483,False,0.03259355230018216,0.03734899864898103,0.02302987221100636,0.028893856451856787
2009-01-21,-0.005867872890375364,False,0.03261868324143555,0.037375938572134525,0.02305136510802356,0.028917580020944737
2009-01-22,0.010071565029693159,False,0.03260455994716495,0.03736103907387849,0.02303880283790425,0.028904060606615524
2009-01-23,0.042321657224121734,False,0.03261520420015586,0.037372817510035926,0.02304716613466696,0.02891382247497949
2009-01-26,0.014636043830686566,False,0.03272724408847671,0.0375062282156629,0.023116227163598162,0.029009236053536003
2009-01-27,-0.010289395121364195,False,0.03273887237913315,0.03751893721521853,0.023125682040147217,0.029020023562079823
2009-01-28,-0.012421170940621529,False,0.03273356986164918,0.03751474657937236,0.023118143417048577,0.02901385601036407
2009-01-29,0.018961086085000627,False,0.032805188764635035,0.03758817693840768,0.02318611930003546,0.02908406561631783
2009-01-30,0.02423171678288124,False,0.03282835953298266,0.037613793071455306,0.02320437219443879,0.029105333912223398
2009-02-02,-0.02246547652696921,False,0.03281686083314664,0.03760855513738506,0.023180282466020944,0.029088964391141166
2009-02-03,-0.01634551553514335,False,0.03292912101847561,0.037726755633108795,0.023280596090695223,0.029196603066711988
2009-02-04,0.010704803066960492,False,0.03296301424219076,0.037763634371140525,0.02330848514535218,0.02922817358628709
2009-02-05,0.013221876531852661,False,0.03296955836606849,0.03777165763289293,0.023312054574447644,0.029233566953778854
2009-02-06,0.0003283708134839696,False,0.03295924130313111,0.03776242054741615,0.023299565568399315,0.0292224096777817
2009-02-09,-0.023806693076172086,False,0.03288586093914874,0.03768862741081072,0.023227015331607336,0.029149350447305596
2009-02-10,0.023587813448439767,False,0.032984721456814484,0.03779274734651653,0.023315298631510304,0.029244119183535866
2009-02-11,0.032411962993795736,False,0.032976115514738245,0.03779083297799211,0.02329323526313822,0.02923030725550739
2009-02-12,0.004967523016699187,False,0.03308881334455709,0.03791589972637285,0.02338105795579884,0.029333382174395226
2009-02-13,-0.007407441277861805,False,0.03309694664559773,0.03792425230018692,0.023388750277275504,0.029341344883127594
2009-02-17,0.026724147356087292,False,0.0330926215143077,0.03792052226799019,0.023383228341956514,0.029336556769925172
2009-02-18,0.011004391543788043,False,0.03316849843869184,0.03800214900975961,0.023447541806254957,0.02940796038645371
2009-02-19,-0.0016378718280087724,False,0.033050165597985,0.03788510133624767,0.02332662436527894,0.029288627696860636
2009-02-20,0.025988633569344707,False,0.0330574165996842,0.03789226690112515,0.023334047189005117,0.029295945167663148
2009-02-23,-0.007213027004394477,False,0.033056894606187416,0.037899534068971445,0.023317860409958396,0.029289363274470473
2009-02-24,-0.02597284118603074,False,0.033075239893169094,0.03791846834416705,0.023335021182503114,0.02930725033375069
2009-02-25,-0.0035145409345170254,False,0.033275430424997386,0.03812577914939889,0.023520892129589126,0.029501901354875286
2009-02-26,-0.02506031476540572,False,0.03327142267449256,0.03812185136877769,0.023516723551618785,0.029497831388497396
2009-02-27,-0.00031857675086323714,False,0.03328716872614298,0.03814415763223851,0.02351927635862503,0.02950847365248649
2009-03-02,-0.002658868888944218,False,0.03328829154417529,0.03814446371465653,0.023522041713983918,0.02951023188371447
2009-03-03,-0.028189106893814483,False,0.033286700117303454,0.0381429570106519,0.023520279900919344,0.029508574543189735
2009-03-04,-0.0075870662714691275,False,0.03332552810563108,0.03818989417745985,0.02354279951710195,0.02954109366127543
2009-03-05,0.022914259522875832,False,0.033324997349813694,0.03818998303267669,0.02354102266128125,0.02954008085346908
2009-03-06,0.016157834574253818,False,0.033388550449916066,0.03825967856987434,0.023592222703639216,0.02959885519100046
2009-03-09,-0.026240847013375063,False,0.03342665727293018,0.0383004317972278,0.02362500734180846,0.029634903134483782
2009-03-10,-0.0243766956621419,False,0.03343351872610992,0.03831340313740046,0.023619581198767895,0.029637011148788712
2009-03-11,0.01639023272432641,False,0.03353210445976686,0.03841890630218972,0.023704255283856862,0.029730215181262596
2009-03-12,0.014503266625009342,False,0.03349631196623399,0.03838603133489231,0.02366259535212342,0.029692152877724733
2009-03-13,0.006582139313893181,False,0.03350215289988069,0.038392369535694935,0.02366743623159028,0.029697606941854388
2009-03-16,-0.008858232677147563,False,0.03351152467528285,0.038402232943608554,0.023675819284648396,0.029706596231443845
2009-03-17,-0.005658286230060493,False,0.03355286387204589,0.0384395310812728,0.02372528545701112,0.029751079336995674
2009-03-18,-0.0306932427403544,False,0.03355972352896156,0.0384467470628297,0.023731428509295653,0.029757661776443387
2009-03-19,0.07540113413124322,False,0.03364033071272972,0.03853536501002506,0.023795925243472238,0.029832036656023953
2009-03-20,-0.0026121952389768356,False,0.03408406119265704,0.03904519280858782,0.024106727378967432,0.03022434399763688
2009-03-23,-0.003878627723209322,False,0.03408517908053757,0.03904638673811457,0.024107692339462253,0.030225402725778817
2009-03-24,-0.030715850091822032,False,0.034092638025727116,0.03905398487550201,0.024114871355165927,0.030232753380650512
2009-03-25,0.013020075834423063,False,0.03417984470258632,0.03915182013462282,0.02418070288590935,0.030311691113065267
2009-03-26,0.004479955409377387,False,0.034194590114045166,0.039167723235623536,0.02419312006745894,0.03032553585214184
2009-03-27,-0.01782499229844163,False,0.03420042953520057,0.039173286889645116,0.024199514084009496,0.03033158981772593
2009-03-30,-0.008158870388286754,False,0.03423201729322102,0.039208490764217986,0.024223829468558382,0.030360364268558218
2009-03-31,0.007725380546914729,False,0.03423281360753772,0.03920986266308847,0.0242234682245445,0.030360712783104336
2009-04-01,0.003786449152511566,False,0.03424034885400721,0.03921796822151017,0.024229856516414572,0.030367804331841348
2009-04-02,-0.02039879967861561,False,0.03424148817754249,0.03921926613883371,0.024230676891917668,0.03036882027079041
2009-04-03,-0.013089536670783936,False,0.0342737291774977,0.0392562307644329,0.024253418206416154,0.03039738633112856
2009-04-06,-0.02727799250451656,False,0.034288748672590595,0.03927296781610692,0.02426498352276911,0.030411069582158043
2009-04-07,0.012202936547797383,False,0.03433309142461956,0.03932578771219207,0.02429227788693354,0.03044881718993135
2009-04-08,0.002942815463823672,False,0.03435127260791953,0.03934330130935906,0.024311801652977503,0.030467517749429362
2009-04-09,-0.0029428154638237148,False,0.03435352379902673,0.03934565313527832,0.02431385045737316,0.03046969064752911
2009-04-13,0.014069678689391438,False,0.034346333550061045,0.03933835332478774,0.02430688054763482,0.03046258563647572
2009-04-14,-0.004256265066847654,False,0.03434580386415739,0.03933865498459219,0.024304678942038964,0.03046140917085063
2009-04-15,0.0021303628238795165,False,0.03434245201053226,0.039335582722474276,0.024300764801819783,0.03045783979746761
2009-04-16,-0.015236455452009428,False,0.03434750098221309,0.03934008823725055,0.024306906719902748,0.030463311573887694
2009-04-17,-0.013625862954765419,False,0.03435705002873566,0.03935222414892581,0.024311253320862983,0.030470848061848216
2009-04-20,0.02234472276205794,False,0.034363564276426097,0.03936085319129409,0.02431351450411536,0.0304757170176952
2009-04-21,-0.005539581722063631,False,0.03440991929389452,0.03941255431502787,0.024349117965095816,0.03051791281104375
2009-04-22,0.010936477917778626,False,0.03441001915002052,0.03941104130839812,0.024352461450166892,0.030519267460348713
2009-04-23,0.015687073120010622,False,0.034421139198648164,0.03942343247450051,0.024361025153923303,0.030529398590650066
2009-04-24,0.008463860553517303,False,0.034448031350596764,0.03945099786828585,0.024386563348939794,0.030555766966312355
2009-04-27,-0.006809418043446425,False,0.03446224450291397,0.03946493670916521,0.02440132816910137,0.03057019353053946
2009-04-28,-0.016220816181079713,False,0.034456397648350436,0.03945984777586643,0.02439395705877355,0.03056375701983202
2009-04-29,0.00780992488639271,False,0.0344703843666582,0.03947636303810517,0.024402858621351727,0.030575776552980365
2009-04-30,-0.010164818697879077,False,0.03448395360738107,0.03948932713299245,0.02441764487111108,0.030589816591893648
2009-05-01,-0.0034865205900750395,False,0.03448724932303733,0.03949379926428209,0.02441857469680785,0.03059219706643152
2009-05-04,0.015649772094234956,False,0.03448486063448506,0.039491534773791616,0.02441593623348291,0.030589711752868703
2009-05-05,0.0023265247687759144,False,0.03451844442144689,0.039527924548203426,0.024443876897941075,0.030621112506029346
2009-05-06,0.007496438751916833,False,0.03452163764803897,0.03952843671098388,0.02445246201305684,0.03062639157691983
2009-05-07,0.004930166107858586,False,0.034536774338112815,0.03954388548273806,0.02446697107553624,0.030641285470164023
2009-05-08,-0.0006559260953774846,False,0.03454724780865822,0.039554338527822495,0.024477485623734523,0.030651774831540194
2009-05-11,-0.0015322585851753928,False,0.03454868799793064,0.03955572876975645,0.02447902626211967,0.03065325387940699
2009-05-12,0.011434919044326206,False,0.03454229810755485,0.03954929873994831,0.02447271709617264,0.030646895217160033
2009-05-13,0.002163332374257654,False,0.034563862115011654,0.03957201981016815,0.024491954134235373,0.030667559039863044
2009-05-14,0.002697600772648335,False,0.03457439298590149,0.03958168361721508,0.024504228757572865,0.03067876447887215
2009-05-15,0.0031201535625430534,False,0.03458206194042601,0.039589206104368266,0.02451219227268754,0.03068654738373612
2009-05-18,-0.01036618348364692,False,0.03458431676483759,0.03959163608241083,0.02451409484556052,0.030688665940148064
2009-05-19,0.005412440216615357,False,0.03458492775745414,0.03959339785903821,0.024512391495984127,0.030688381632825366
2009-05-20,0.011485139156710138,False,0.03459497089229507,0.039603441202274325,0.02452243421172139,0.030698424605536637
2009-05-21,0.014620440408921442,False,0.03460895518536503,0.039619103053181316,0.02453304476754196,0.03071110377321779
2009-05-22,0.008065839838355524,False,0.034642775120513794,0.03965415151150622,0.02456439401923075,0.030743967928033644
2009-05-26,-0.005649758157545271,False,0.03465671352962955,0.03966857675288983,0.024577353359774286,0.030757527585884396
2009-05-27,0.00010495370280224955,False,0.034608425019615495,0.039617942363984505,0.02453378264775407,0.030711064149219543
2009-05-28,0.00866980699787802,False,0.034606804588261486,0.03961634289092289,0.0245321200671697,0.030709427412496566
2009-05-29,0.017832754068256566,False,0.03460410407773505,0.03961434988711248,0.024527996689598455,0.03070617646790611
2009-06-01,-0.00020436519001668882,False,0.034636251725877434,0.0396497413022626,0.024553620796590254,0.030735800493563625
2009-06-02,0.004689616760364117,False,0.03464049038957837,0.039653934210533925,0.024557951479054322,0.030740074754590355
2009-06-03,-0.019202738321654766,False,0.03464673509773609,0.039660295723793294,0.024563961280424526,0.03074622858939614
2009-06-04,0.017166492479470982,False,0.03466527430385817,0.03968263528305839,0.024574857594792637,0.030761811153866923
2009-06-05,-0.020073760413638633,False,0.034681712149635294,0.03970248005016062,0.02458444377970506,0.03077559844452103
2009-06-08,-0.010452692506764673,False,0.03472561347312592,0.03975056291358908,0.024619935606523365,0.030816246566353407
2009-06-09,0.002413799543434994,False,0.03472846778330378,0.03975442185067829,0.024620769511110592,0.030818319285542656
2009-06-10,0.0,False,0.03468295691413251,0.03970653777319038,0.024580031402151627,0.03077465475177553
2009-06-11,0.0076228509250221895,False,0.03467794714493995,0.039701447341903284,0.02457518385253023,0.030769707736990094
2009-06-12,-0.022300295758447896,False,0.034689294608177074,0.03971359801592876,0.02458491597822374,0.030780430309228356
2009-06-15,-0.01414051539359594,False,0.03472247943447575,0.03975227357614801,0.024607058387298115,0.030809343392350835
2009-06-16,0.0050578005823273655,False,0.03473858018118017,0.039770479178355175,0.024618926058243583,0.03082380657980349
2009-06-17,0.004070759588324174,False,0.03473170123925567,0.039763525643460515,0.024612197130271737,0.030816985670560196
2009-06-18,-0.001497833163073704,False,0.03473903736827972,0.03977085938354418,0.024619538063694768,0.030824323658159063
2009-06-19,0.001711570386629393,False,0.034742832579974334,0.03977454312487406,0.024623557453485306,0.03082820559282674
2009-06-22,-0.016162403752060257,False,0.03475070012208791,0.039781005361735455,0.02463425120556398,0.03083716645018893
2009-06-23,0.0035782622382924782,False,0.03476241999800768,0.03979548028461389,0.024640430405422954,0.03084674292356618
2009-06-24,0.010979605640643542,False,0.03476315059494716,0.03979127006857567,0.02465109747335448,0.030851317429977064
2009-06-25,0.005338471070921699,False,0.034792053877964677,0.03981934066670133,0.0246816753692972,0.030880868534589316
2009-06-26,0.0017023481411760507,False,0.03480125383963665,0.03982888458413408,0.024690183601398543,0.030889800901674605
2009-06-29,-0.00031894932717221294,False,0.034807274255742954,0.03983484616469677,0.024696322341690596,0.0308958670913215
2009-06-30,-0.01424393434813323,False,0.034811831666824486,0.03983925736975816,0.0247011737877588,0.030900538249413526
2009-07-01,0.014881731306239461,False,0.03480418773580979,0.039833701932287885,0.024689329686526176,0.030891269488608136
2009-07-02,-0.011006135277747135,False,0.03483919801884665,0.03987132410087585,0.024719087205467262,0.030924247747430873
2009-07-06,-0.007224932665948387,False,0.03484565539437594,0.0398783517050778,0.024724397793880675,0.030930261490018453
2009-07-07,0.005181345599199095,False,0.03484750782434513,0.039878770470317265,0.024729133467571815,0.030933229298662834
2009-07-08,-0.02154832306340435,False,0.03485729879218249,0.039888911933824066,0.024738219553425592,0.030942747583921532
2009-07-09,0.0075621208872792296,False,0.03486392261352639,0.03990054887475932,0.02473476148791725,0.03094547124187825
2009-07-10,-0.004047937405190009,False,0.034887137376489616,0.03992420324671618,0.024757092153054303,0.030968343992872596
2009-07-13,0.010902855349895891,False,0.03487768199774398,0.03991486438137436,0.02474740245415481,0.030958797967713413
2009-07-14,0.000325242905218328,False,0.03489141336203374,0.0399296121455614,0.024759089736197126,0.030971738581734035
2009-07-15,0.01783456789858743,False,0.03489748410569887,0.03993547921454574,0.024765570090095754,0.030977967782527194
2009-07-16,-0.004268494480373315,False,0.03494963017101874,0.03999138259605608,0.024810159815294438,0.031027190688570065
2009-07-17,0.002243270325745305,False,0.03495403569458806,0.039995181599196204,0.024815785112345994,0.03103206807975165
2009-07-20,0.01198506971642696,False,0.03495642835030243,0.03999764665414162,0.024818032165937313,0.031034404409494728
2009-07-21,-0.0020051976942403863,False,0.03497572419899122,0.04001854636852309,0.024834102479678235,0.031052452464641285
2009-07-22,0.006738311973373538,False,0.03496523312812107,0.04000797931426402,0.024823764219032474,0.03104202050818603
2009-07-23,0.001572739511600106,False,0.03497159838175701,0.04001485016352677,0.024829112669097375,0.0310479924128271
2009-07-24,-0.0017826379364576598,False,0.034977306504839566,0.040020516132986995,0.02483490556734697,0.03105373333106075
2009-07-27,0.0005246314651618467,False,0.034950795370449976,0.03999314596265117,0.02481012204049881,0.03102789051915675
2009-07-28,-0.01511415748624355,False,0.03495103871147452,0.039993395481592774,0.02481035295711184,0.03102812905381562
2009-07-29,-0.012646174017242998,False,0.03495737196353914,0.04000200702395357,0.024812104338633758,0.031032689815869454
2009-07-30,0.00827029262033934,False,0.03495995847036395,0.040005508908191226,0.024812849929570724,0.031034564167038297
2009-07-31,0.01990957157316271,False,0.03498252120406417,0.04002869408928462,0.024834160859064987,0.031056642642086983
2009-08-03,0.003036136339969924,False,0.03503587676508297,0.040086701470895374,0.0248781611417964,0.03110637912719389
2009-08-04,0.011330119179445004,False,0.0349787436353167,0.04002607570472975,0.024828052054515586,0.031051963238131995
2009-08-05,-0.0034166702721461577,False,0.035000208296075835,0.04004905309322322,0.02484647446791199,0.03107225100988684
2009-08-06,-0.003636556509705471,False,0.035009587460106344,0.04005719388059023,0.024858344131754907,0.031082593620177606
2009-08-07,-0.0035453889212989876,False,0.03499097296604172,0.04003826402726523,0.024840363856827308,0.031064224472871375
2009-08-10,-0.012931881707043475,False,0.034997838678481406,0.04004215119662704,0.024853219718464176,0.0310734074658881
2009-08-11,0.0008461898094652699,False,0.03499917893397388,0.04004510210793623,0.024851320783387573,0.031073494645180975
2009-08-12,0.005167450901822001,False,0.035009035849765134,0.040054218649482304,0.024862666666124886,0.031083927565687702
2009-08-13,0.004198599585205452,False,0.03501988122958224,0.0400654471974504,0.024872741456317446,0.03109447484402001
2009-08-14,-0.00809807460415745,False,0.0350253751309235,0.040071163556526505,0.024877787972817554,0.031099795675180755
2009-08-17,-0.013501520452598403,False,0.035027142957745346,0.04007288342740034,0.024879652243865992,0.031101600811312555
2009-08-18,0.003632508710155792,False,0.035019843864850034,0.04006763167684427,0.02486823573995825,0.031092708903905825
2009-08-19,0.005954271271398787,False,0.03503413841237679,0.04008179357854364,0.024882797051562492,0.031107106648731196
2009-08-20,-0.0031853924140634914,False,0.03505210842574349,0.04010005421648212,0.02490018258973449,0.031124850558711843
2009-08-21,0.013625797729985336,False,0.03505720719240761,0.04010222441149501,0.024911171008039332,0.031132227728618234
2009-08-24,-0.011501075772752155,False,0.035089368422188225,0.04013652170360631,0.024939036401996618,0.031162727120506693
2009-08-25,0.002332004683360084,False,0.035024006056650736,0.040069450322728455,0.024877111037906297,0.031098694354021687
2009-08-26,-0.00021178759960980155,False,0.035024589778521104,0.04007010358247518,0.024877554912125174,0.031099223976029784
2009-08-27,0.0012699887565577736,False,0.03502722446454827,0.04007268067524521,0.02488030542397523,0.03110190346910947
2009-08-28,0.01208950335444202,False,0.03503154254761813,0.04007699826078284,0.024884624507632375,0.031106221939255083
2009-08-31,-0.005553519548102792,False,0.035057634195722165,0.04010479184092468,0.02490729339952193,0.031130989499054358
2009-09-01,0.003147295885384278,False,0.035046183850793035,0.04009361698011045,0.024895289028377093,0.03111932482988278
2009-09-02,0.022679958838284022,False,0.03505219261807174,0.040099696014531054,0.02490115648137809,0.03112527892993698
2009-09-03,0.019469295321045587,False,0.03513746848777352,0.04018975912110426,0.024976804737057684,0.031206830371040658
2009-09-04,-0.0009041678150392085,False,0.03516820361095599,0.0402243578909748,0.024999769678811932,0.031234559610744943
2009-09-08,0.0030108412211801573,False,0.035136278456323104,0.04019159941204019,0.024969520423021696,0.0312032827751621
2009-09-09,-0.0026089083683638334,False,0.03511968593572758,0.04017467588397372,0.02495359359168584,0.031186947775496524
2009-09-10,0.00010050396399690525,False,0.035073910197841784,0.040127013615849055,0.02491161185553191,0.031142639741708427
2009-09-11,0.009498646398589966,False,0.035079858681389964,0.040132845526080305,0.024917794779725243,0.03114867891828204
2009-09-14,-0.004988038951622078,False,0.035080573104820684,0.04013444656176773,0.02491672613688536,0.031148703565097777
2009-09-15,0.005087522094868658,False,0.03509238791326585,0.0401460108807992,0.02492904470469242,0.031160713252125497
2009-09-16,0.013736096448259077,False,0.03510795157078031,0.04016083747867623,0.024946090663143954,0.03117685033561947
2009-09-17,-0.006498680395438374,False,0.035118956581101285,0.040174133939483894,0.024952487336457746,0.031186072617416044
2009-09-18,-0.003067007683343848,False,0.03513514218353873,0.04018972687251352,0.024969864856582667,0.03120271931149173
2009-09-21,-0.0054647658808667145,False,0.035089879665669114,0.04014267982287759,0.024928191211275208,0.03115884514379638
2009-09-22,0.010406952415250748,False,0.035075496111149955,0.040128110531671306,0.024914181191883183,0.03114460609080238
2009-09-23,-0.0011839111483536472,False,0.03510644686813254,0.040159819523266846,0.024943607062926795,0.031174966947858887
2009-09-24,-0.015419355484664854,False,0.0351192308138076,0.04017176428675646,0.02495807868823686,0.03118840376996653
2009-09-25,-0.007345193508851772,False,0.03513472534584962,0.04018973497326137,0.0249685934250299,0.03120197187539909
2009-09-28,0.0023200573061787745,False,0.03513676574925497,0.0401922349203376,0.02496970963997155,0.031203654757830258
2009-09-29,0.0006043267642771371,False,0.03510855733557398,0.040163005560421516,0.024943554451679825,0.03117624063142963
2009-09-30,0.014892109305691306,False,0.03509937800131572,0.04015369673033008,0.024934635546544428,0.031167162043801926
2009-10-01,-0.008468294690859142,False,0.03512712295319378,0.04018405021093053,0.024957134485246307,0.031192877583049367
2009-10-02,0.0036950281062947694,False,0.035123412180811,0.04018105727023399,0.024951980081266926,0.031188608343865665
2009-10-05,0.013367197240888045,False,0.03513834622164867,0.04019524707037213,0.024968410864878603,0.031204121397486632
2009-10-06,0.02131152861587689,False,0.03517048799528841,0.04022853198274314,0.02499825367175019,0.031235373819148024
2009-10-07,0.004515184372023082,False,0.03522620853533223,0.04028951643187498,0.025043387962082903,0.031286999083760175
2009-10-08,0.011531051828550331,False,0.035195040267692906,0.04025776024025819,0.025013402068594134,0.0312562882158556
2009-10-09,-0.0072270905293542855,False,0.03521546800354582,0.04027931107365408,0.025031571142520893,0.031275842191600164
2009-10-12,0.008458023664125906,False,0.035243748603774085,0.04030317872378282,0.025068726628491918,0.03130755602857732
2009-10-13,0.00707249904093788,False,0.03526474721781316,0.04032436033395819,0.025089357218926737,0.031328412273215915
2009-10-14,-0.00028187280977320353,False,0.03522413750990604,0.04028318008915569,0.0250498949180023,0.03128824643804508
2009-10-15,-0.01334170813999035,False,0.03523903988020076,0.04029757978936502,0.025065808208310537,0.03130353988128893
2009-10-16,0.000856845892699701,False,0.035204608803841034,0.04026244604850367,0.025032790260816243,0.031269655471792564
2009-10-19,0.006261972697648255,False,0.03520807100887644,0.04026559343142057,0.025036885604742445,0.031273362605694674
2009-10-20,0.0004727908715694877,False,0.03520192229527148,0.04025998607494611,0.025029648167591782,0.03126679272095637
2009-10-21,0.005562024561629172,False,0.03520755318447722,0.04026555125987869,0.025035411194688047,0.031272474727514474
2009-10-22,-0.005562024561629117,False,0.03523336985381048,0.04028736821185437,0.025069271697228404,0.03130140314212188
2009-10-23,-0.0020820232909205183,False,0.03526361776711613,0.040315031924013665,0.02510471669851213,0.03133366154141583
2009-10-26,-0.012871417930403237,False,0.03524058535784281,0.04029164741442634,0.025082392398323754,0.03131090306312068
2009-10-27,-0.007126402150334506,False,0.0352673735978399,0.04031928943360879,0.025107463602653392,0.031337027070346385
2009-10-28,-0.004649748583262424,False,0.035287170475630125,0.040338145783097586,0.025129151977293717,0.03135755567096487
2009-10-29,0.01589399119738508,False,0.03527351566429549,0.040324573862920446,0.025115330463518486,0.03134383637103153
2009-10-30,-0.006423562014159745,False,0.03529947393873295,0.040353563774563755,0.025135191811136364,0.03136743605812274
2009-11-02,0.013090888205473149,False,0.03526502570390444,0.04031864878619891,0.025101682264534884,0.031333350953480936
2009-11-03,0.028911611284339007,False,0.035295419518867055,0.040351593677168195,0.025126945609501315,0.03136176005352546
2009-11-04,0.002210873626257531,False,0.035348172682368076,0.040413664373406294,0.025160960279119345,0.031407264257695314
2009-11-05,0.0018387429008717767,False,0.03535391252990487,0.04041941364191822,0.02516668118012923,0.031412996775795496
2009-11-06,0.005861381950604163,False,0.035359669499225144,0.040425145232687525,0.0251724891882637,0.03141877348940743
2009-11-09,0.005191571548221521,False,0.035262530963688574,0.040324378248431166,0.025082647827425503,0.031324457855377845
2009-11-10,0.0009987521140400594,False,0.03519010130616729,0.040249960025441005,0.02501421737472872,0.031253575284474665
2009-11-11,0.01092115683716609,False,0.03519545978276986,0.04025524442265715,0.025019724832415515,0.03125899139419479
2009-11-12,-0.0072072384049492715,False,0.03517754830897057,0.04023868235592867,0.02499909956550642,0.031240030093445205
2009-11-13,0.009090540704948795,False,0.0351761678812623,0.04023783996549481,0.024996637090816447,0.031238231077422757
2009-11-16,0.01995897228757551,False,0.035172416634064556,0.04023464557238121,0.024991765954143246,0.031234046602596703
2009-11-17,0.00017570320589909376,False,0.035120615744456046,0.040186291880825016,0.0249330324031275,0.031179563822922123
2009-11-18,0.001666946947742947,False,0.0351191032340208,0.04018477311728201,0.02493153246831983,0.03117805617735027
2009-11-19,0.0006135342637371375,False,0.035141650226951766,0.040205981873231385,0.0249567707901896,0.031201644306999374
2009-11-20,0.004371018318064226,False,0.03507629784519198,0.040138484540059235,0.02489573212108894,0.031137960678759884
2009-11-23,0.015493471170473594,False,0.03506628682213765,0.04012871154073402,0.024885242408416063,0.031127764475317062
2009-11-24,0.0010300894950901176,False,0.035003892088945596,0.04006818293095468,0.02481909471366851,0.031063917914360344
2009-11-25,0.018194707156251003,False,0.034996875497638455,0.04006117872781238,0.02481205320851801,0.031056891685168835
2009-11-27,-0.01075786358614187,False,0.03485097804269811,0.039918699022691025,0.024659282315524503,0.030908335250631528
2009-11-30,0.005859163901266118,False,0.034952213450376454,0.040020442510277116,0.024759495923493427,0.031009175376566077
2009-12-01,0.015125068077877923,False,0.03485664105601497,0.039923330827343416,0.02466701919300655,0.030914800535309456
2009-12-02,0.010700632604194855,False,0.03488797878801983,0.0399573088533879,0.02469304702859279,0.030944084141543496
2009-12-03,0.004445569484829302,False,0.034873653105748824,0.039941508002124655,0.024681688059282978,0.030930906127902492
2009-12-04,-0.04073983390131261,False,0.03478536772297302,0.03984331338601326,0.02461333113970486,0.0308503300423709
2009-12-07,-0.004630849751018062,False,0.03514228274399631,0.040218259659244,0.024933983502068824,0.031193216906195264
2009-12-08,-0.017865339378395625,False,0.03516435340309333,0.04024044340725409,0.02495582672800669,0.031215199583102704
2009-12-09,-0.01979564790692181,False,0.03522796330644441,0.04030711465733261,0.025013279955707197,0.03127642778535845
2009-12-10,0.004719234808527989,False,0.03532214801749192,0.04040119006056973,0.0251076844957367,0.031370697536930565
2009-12-11,-0.0056121717177560525,False,0.03533904219660363,0.04041820879171,0.025124328188213047,0.031387494815648675
2009-12-14,0.0034779758487731268,False,0.035269352134183744,0.04034553064695902,0.025060647459386406,0.031320129455261775
2009-12-15,-0.0008015535760757859,False,0.03526864624238762,0.04034510988558262,0.02505936814168701,0.03131920173448205
2009-12-16,0.011603811005702725,False,0.03523961703343194,0.040315358775758495,0.025031790747861923,0.03129073415811561
2009-12-17,-0.025600069516358778,False,0.035189297934119734,0.040265290677872226,0.02498096685947979,0.031240219781879793
2009-12-18,0.003607507361009815,False,0.03527645672282617,0.0403596067004783,0.025053731732175177,0.03132181030493841
2009-12-21,-0.01396090475283765,False,0.035270589042556456,0.04035392705523325,0.025047485894590778,0.031315796335056954
2009-12-22,-0.008618394143545736,False,0.03519340531495883,0.040272270976078314,0.024979296515031845,0.03124209205802509
2009-12-23,0.006699468607789347,False,0.03519727380279746,0.04027674459152981,0.02498194803048177,0.031245489761850456
2009-12-24,0.009829811231236755,False,0.03520843556648995,0.040285517497483596,0.024997914026945633,0.031258510036061164
2009-12-28,0.002803760429950697,False,0.03510510272475555,0.04017715295602125,0.024904700438583765,0.03115909181289843
2009-12-29,-0.009255080487627456,False,0.035048411007639196,0.04011780741013809,0.024853345837581354,0.031104464751452766
2009-12-30,-0.005026284285231711,False,0.035079974181185324,0.040149125965901374,0.0248854009620502,0.03113621823550378
2009-12-31,0.0033840534004877312,False,0.03507004318321959,0.04013894831509883,0.024875966007705023,0.031126479131297187
2010-01-04,0.020336008314825505,False,0.03507046325964583,0.0401394500743446,0.024876221811779637,0.031126835659201137
2010-01-05,0.00035783561269817505,False,0.03503423821746596,0.04010616570977295,0.02483408277166402,0.03108832279544988
2010-01-06,0.01579451541250982,False,0.035040438216784923,0.04011197171826169,0.024841075126102143,0.031094829316203842
2010-01-07,-0.0024680918902550827,False,0.035041564546234645,0.04011181926006714,0.02484477322590416,0.031096950531304953
2010-01-08,0.0044908064293332495,False,0.034939006274345895,0.04000215238162015,0.024756511075560324,0.03099992269341584
2010-01-11,0.010922386126403755,False,0.034943512077053214,0.040005702290528085,0.024762939276676978,0.031005172173175045
2010-01-12,-0.01912668150208354,False,0.03482286062521263,0.03988588767324537,0.024640604866516178,0.0308838696713357
2010-01-13,0.006621663569801901,False,0.03498365201794923,0.04005067342473231,0.024793363202742898,0.03104155348774793
2010-01-14,0.00544095345952943,False,0.034843011025091256,0.03991010316938671,0.02465257994964496,0.030900857461721314
2010-01-15,-0.011000243160598023,False,0.034842485924907594,0.03990953359225592,0.02465214429706778,0.030900366964215203
2010-01-19,0.008458924256074033,False,0.03499334062407537,0.04006152049175245,0.02480072202769324,0.031050340821386576
2010-01-20,-0.02433503952240169,False,0.034851349965437525,0.03991902142182864,0.02465975383519967,0.03090874570230188
2010-01-21,-0.008668314012208104,False,0.03502525646243862,0.040098891222574644,0.024821667529610247,0.031078012800918653
2010-01-22,-0.012318236513859564,False,0.035049624162833866,0.040123881329200264,0.024844783508582054,0.031101896274686663
2010-01-25,0.005493513420230047,False,0.03506858411445006,0.04014431384512568,0.024860781985516153,0.03111971058409357
2010-01-26,0.0024623360872550208,False,0.03507174393873496,0.040146616577473995,0.024865665507743846,0.031123537218441463
2010-01-27,-0.012372425339340949,False,0.035060835104805614,0.04013563970332989,0.02485489350951812,0.031112681319206702
2010-01-28,-0.0007380524579723018,False,0.03504273209301,0.04010467969546548,0.024862647207753684,0.031104580938392228
2010-01-29,-0.0005538406794374274,False,0.03504760562334205,0.04010942853393848,0.024867771505934243,0.03110955147790477
2010-02-01,0.01947672626845235,False,0.03495707153992764,0.04001226807296641,0.024790563733125284,0.031024172658526885
2010-02-02,0.01179288560459625,False,0.034958335399886215,0.04000950114893897,0.024799933904400058,0.031028572433325994
2010-02-03,-0.005384076061273663,False,0.03496329549291273,0.040010451638040824,0.02481295771351273,0.031036651963289735
2010-02-04,-0.04508998111049233,False,0.03493616638479188,0.039982271294415214,0.024787942745543717,0.031010340707237297
2010-02-05,-0.009647358811312443,False,0.0351325913781107,0.04019941596969681,0.024942698378027164,0.03119064596841875
2010-02-08,0.012748650518059184,False,0.03511181823213737,0.04017853708355032,0.024922137886159143,0.031169955087379336
2010-02-09,0.010268948062854865,False,0.035105572760528725,0.04017341976872192,0.0249136235779902,0.031162831919619795
2010-02-10,-0.0008361462449986618,False,0.03511147506299233,0.040180893501048746,0.02491636557721577,0.031167511663334032
2010-02-11,0.016958841778351375,False,0.03510512260612559,0.040174271565346406,0.02491055506934509,0.031161368858654736
2010-02-12,-0.004304582620552603,False,0.035135293740270114,0.04020608300889143,0.02493742737658608,0.03119026384636969
2010-02-16,0.02698465813435139,False,0.03508264490341415,0.04015033490610116,0.02489101147471308,0.031140026211421815
2010-02-17,0.0001786235197834537,False,0.035128213805263535,0.04020338503579979,0.024921534876187403,0.03117977478315198
2010-02-18,-0.0013407823237650395,False,0.03509587330775942,0.04016975663536462,0.024891784480792552,0.031148436262913005
2010-02-19,0.0029473952977853916,False,0.03509283649800649,0.04016667686519868,0.024888834068743745,0.031145432875987297
2010-02-22,-0.0077891733148895085,False,0.03507236007705102,0.04014581350945593,0.024869135812496567,0.031125257486926846
2010-02-23,-0.008937923213824531,False,0.0350940656519595,0.0401677454857773,0.024890386071431358,0.031146786923507624
2010-02-24,-0.005638384626172894,False,0.03511007353505552,0.040179470450022285,0.02491500733437331,0.031166126880173534
2010-02-25,0.010252821817720683,False,0.03512310961734392,0.040192450296700113,0.024928156512121033,0.031179206713277247
2010-02-26,0.009433608021292231,False,0.035132803572695895,0.04019867991853238,0.024944817590025672,0.0311915958899397
2010-03-01,-0.00044720717901420117,False,0.03512374456438348,0.04019053176026844,0.02493392677080976,0.03118182824822138
2010-03-02,0.01694277009135818,False,0.03513833805789607,0.04020345900561339,0.02495187125669102,0.031197718068298484
2010-03-03,0.005088558812882546,False,0.03511463501089442,0.040182096895892375,0.024923460349770728,0.031172193792477692
2010-03-04,-0.008877987298245592,False,0.035083408504264064,0.040150402798286945,0.024893174215540805,0.031141331067554092
2010-03-05,0.0019406138387151374,False,0.03510103282245046,0.040168931011787194,0.024908980709493322,0.031158252163057554
2010-03-08,-0.009918672460992171,False,0.03509538009573281,0.04016341539007993,0.024903052250833436,0.03115249276983575
2010-03-09,-0.0014249874190179776,False,0.03511382788719249,0.04018270005173888,0.024919817012294457,0.031170289483567967
2010-03-10,-0.012736696406978158,False,0.035115559954052585,0.04018443294024927,0.024921547426733297,0.031172020911191284
2010-03-11,0.00018047763156562316,False,0.035146385404404366,0.04021645514193047,0.024949966089999005,0.031201915299430248
2010-03-12,-0.0058837010648312765,False,0.03515270391381805,0.04022253484770889,0.024956764857500858,0.03120841959599264
2010-03-15,0.0032629192601636168,False,0.03516210254019794,0.04023215651809444,0.024965714919990098,0.031217644696078413
2010-03-16,0.01535519430323725,False,0.035109105660451424,0.040176362026548916,0.024918344318472164,0.031166824333949565
2010-03-17,0.001602750647837658,False,0.03508599312551827,0.04015475250334124,0.02489220907604567,0.031142542468982418
2010-03-18,0.0030203668490292684,False,0.03508753343250996,0.04015628344531696,0.024893768217024784,0.031144090061874977
2010-03-19,-0.017899170867508113,False,0.03505850665427186,0.04012630933831535,0.02486664661204887,0.031115800297165423
2010-03-22,-0.00734128943287008,False,0.0350233389624955,0.04008919802851153,0.024835387731279236,0.031082144723289143
2010-03-23,0.003813288694503739,False,0.03503538189512623,0.040100676069721425,0.024848566717276515,0.031094627136526134
2010-03-24,-0.013594502123719505,False,0.03500882555470757,0.040072834769429,0.024824594560183426,0.031069070483699678
2010-03-25,0.003759208317871616,False,0.03503717243189306,0.04010260268187527,0.02485008359277709,0.031096311807826828
2010-03-26,0.010469393738636968,False,0.035033335548450215,0.0400989405164879,0.024845895333781735,0.031092338995258303
2010-03-29,0.005509246408055013,False,0.035009379015747626,0.040074887771415095,0.024822132293816055,0.0310684573149419
2010-03-30,-0.0052375491774631945,False,0.035012395978221214,0.040076411462655524,0.024828152374674936,0.031072636029431295
2010-03-31,0.007935877733399111,False,0.03498109132856516,0.04004314412611782,0.02480079488540607,0.031042858333077843
2010-04-01,0.010543277283994743,False,0.03498411297641438,0.04004659471947347,0.02480295388077255,0.03104554626505835
2010-04-05,0.006908839551936326,False,0.03497718235879961,0.04004085628155155,0.02479362567009188,0.031037688142024213
2010-04-06,0.001939992823498996,False,0.03497496669064182,0.04003917043517447,0.02479034447713507,0.031035060277134777
2010-04-07,0.015039256141456733,False,0.034855403160074495,0.03990953185780069,0.024691042877304246,0.030923335045248083
2010-04-08,-8.687147434402314e-05,False,0.034799216242467144,0.039855522063563346,0.024630477546000635,0.030865454344617533
2010-04-09,0.007694694686179822,False,0.03478795050441562,0.03984015723314314,0.024627455494281504,0.030857377664733416
2010-04-12,0.0004305334466219135,False,0.03474364317152464,0.039791255932868114,0.0245923870910679,0.030816644398462354
2010-04-13,-0.007604536011493,False,0.03473348198690707,0.03977713985112717,0.024590179601666148,0.030809560089367017
2010-04-14,0.005363756298329145,False,0.03468305439847345,0.03972295840563988,0.024547301396682288,0.030762052969032085
2010-04-15,0.0006037445188048611,False,0.03468521124335734,0.039722722625915294,0.024554270049890917,0.03076607125502609
2010-04-16,-0.020383895963437555,False,0.03468604094547454,0.03972214321317954,0.024557933623462883,0.030767997236228133
2010-04-19,-0.000968609062082012,False,0.0346824424487356,0.039722051089073146,0.02454728345929433,0.030761670812115022
2010-04-20,0.0029906122417675506,False,0.034647706221276525,0.03967863572768778,0.02453000184160981,0.030733686875271574
2010-04-21,0.008396040132929772,False,0.03465317515120069,0.039683561496225504,0.024536563123619518,0.030739578380024484
2010-04-22,-0.00515163972238596,False,0.03466994164535681,0.03970035903235502,0.024553267189250282,0.030756320723795614
2010-04-23,0.009410130119176331,False,0.034667064244042534,0.03969763640111961,0.02455007852976734,0.030753322912707725
2010-04-26,0.00034685200928378336,False,0.03468239447306167,0.03971244448850528,0.02456645883803827,0.030769059363370842
2010-04-27,0.007083608874006646,False,0.03468376614948533,0.039712548310699855,0.02457038029661848,0.030771417419344083
2010-04-28,0.008229877275134146,False,0.03468287133912368,0.03971167354723566,0.024569445169933184,0.03077050701267078
2010-04-29,-0.002478972354068754,False,0.0344298865001486,0.03944825893314691,0.024337435655937746,0.030525636447910325
2010-04-30,0.009963847534692136,False,0.034432764899520796,0.03945095976083229,0.024340671169801615,0.030528652996508535
2010-05-03,0.0022007590281972016,False,0.034355560726362984,0.03936872084232215,0.024273592375072726,0.03045536581139162
2010-05-04,-0.011993488743151995,False,0.03434624637264841,0.03935775807140637,0.024267593153862992,0.030447333911904958
2010-05-05,0.005121213074799913,False,0.034280851060916794,0.039276608904110236,0.02423388042747443,0.03039419496261593
2010-05-06,0.01880725797365313,False,0.03425536227901824,0.03924999911122763,0.024210646111222523,0.03036957831750105
2010-05-07,0.010885458313715984,False,0.0342231716522403,0.039221637988981276,0.024170753966321196,0.030334408369545363
2010-05-10,-0.007965504686302246,False,0.0341892401259917,0.03918618037285557,0.024139891560046086,0.030301664127931765
2010-05-11,0.016114053263374287,False,0.034147333287817876,0.0391306005677344,0.02412548243126968,0.030270394738977018
2010-05-12,0.018517484352124334,False,0.0341211636285174,0.039107380942915486,0.024093379956421655,0.030241929978539167
2010-05-13,-0.01124826939014631,False,0.03401316275057308,0.038998506473872485,0.02398713595789174,0.030134608746862277
2010-05-14,-0.0011399922839632573,False,0.03386717753689099,0.03881690913190326,0.023912770309914316,0.030016329458872563
2010-05-17,0.0002443295688869575,False,0.033828496092602196,0.0387745203489299,0.02388154469596423,0.029980532291796383
2010-05-18,-0.010974641144063931,False,0.03381817210620553,0.03876438230097879,0.023870846768683954,0.029970063646908247
2010-05-19,-0.018032042052982835,False,0.03385938754511024,0.03880669074604184,0.023909864062458406,0.03001042873653981
2010-05-20,-0.004032879527918756,False,0.03408070749224036,0.03902830818838945,0.024130585716835445,0.03023151723498135
2010-05-21,-0.010239224347209393,False,0.03400705799840277,0.03894763543908936,0.02407106069491937,0.03016333177273417
2010-05-24,0.015277864293391445,False,0.03400592956913447,0.03894619674402882,0.02407055624131226,0.03016244472755041
2010-05-25,0.0033450439592239783,False,0.034039344519917816,0.038981163414441675,0.024100850528116606,0.030194652453974572
2010-05-26,0.012857378706691411,False,0.033980396634873566,0.03891617337703946,0.024054054018140678,0.030140405310848967
2010-05-27,-0.0011545641821727596,False,0.03399988451301237,0.03893748245234336,0.02406987928591891,0.03015847631345254
2010-05-28,0.00024745411687931155,False,0.03389475491721988,0.03882112920694571,0.02398732157641925,0.03006207861931588
2010-06-01,0.010340754973076925,False,0.03389178125198686,0.038818060392828695,0.023984539265145596,0.030059178979086044
2010-06-02,-0.003435084100971177,False,0.033905375995683495,0.03883279835163756,0.023995834888464344,0.030071884311380633
2010-06-03,-0.010128067664845416,False,0.03348614032004064,0.038343628762813754,0.0237172433341069,0.02970705661119901
2010-06-04,0.006516750094044506,False,0.03351897768222682,0.03837759264890579,0.023747815143607142,0.02973901754759636
2010-06-07,0.018815539932685865,False,0.03349278169880077,0.03835152891659451,0.023721353189910307,0.029712718673954676
2010-06-08,0.0037852508285350526,False,0.03339762474183357,0.03825653760786204,0.02362586309771076,0.029617432844103335
2010-06-09,-0.012538081337890961,False,0.033362312427224754,0.03821775425761497,0.023597531384287947,0.02958482096499486
2010-06-10,-0.006287491434216247,False,0.03336146606215951,0.0382168762632391,0.0235967486289422,0.029583999207257856
2010-06-11,0.0066130586301318735,False,0.03335037855174656,0.038202935292860035,0.023591399713029437,0.029575131663850243
2010-06-14,-0.004567315189193386,False,0.03334186996010758,0.038193643555754234,0.02358446610555779,0.029567232352564716
2010-06-15,0.008060212449386287,False,0.033341183082121195,0.038193094114457905,0.023583502828588055,0.02956643855003029
2010-06-16,-0.003167436023780156,False,0.03335221630319864,0.03820487706443832,0.02359302826956332,0.02957688848854995
2010-06-17,0.014696607232111584,False,0.03334030802669348,0.03819251421786675,0.02358203417910389,0.029565333863598005
2010-06-18,0.007745438458949523,False,0.033360662591283834,0.038214822583522955,0.023598459453574853,0.029584168387973085
2010-06-21,-0.014017611627572136,False,0.03337005197792238,0.038223081568666877,0.0236101221911197,0.029594437217130766
2010-06-22,0.00016137541909309116,False,0.03325659790120318,0.038089539684711425,0.02353706671171599,0.02949661127951415
2010-06-23,-0.004688811199894869,False,0.033047211540815115,0.03787465085913315,0.02333874636131335,0.02929150578912789
2010-06-24,0.009195116025985885,False,0.033040464511026095,0.037867025437569604,0.023333765865579892,0.02928544214049031
2010-06-25,0.00823580285986029,False,0.03302341217049338,0.037850870074471424,0.0233149096133632,0.029267691959324514
2010-06-28,-0.01411418591172865,False,0.03300776646267566,0.03783334128458032,0.023303050972670346,0.029253511272961774
2010-06-29,0.0030643108430572184,False,0.0329728457075967,0.03779282085021474,0.023279391734885677,0.02922294701960506
2010-06-30,0.0028140722088110495,False,0.03293203148376652,0.03775018446038642,0.02324224206983662,0.029183550425053783
2010-07-01,-0.03197919165330109,False,0.03291423052189934,0.037732365050924074,0.023224478207935592,0.029165763815255
2010-07-02,0.000911443533751355,False,0.03304964305255397,0.037875515182527096,0.023344329646171044,0.029295156559751807
2010-07-06,-0.010490459373536166,False,0.033018385439531624,0.03783670443973908,0.023328262135497168,0.029269775215913528
2010-07-07,0.0031753404461197904,False,0.03303576046530263,0.03783999334034208,0.023373965773331416,0.029298109124401422
2010-07-08,-0.0023387303754459944,False,0.03302550207314239,0.037825303347353914,0.023372619775401445,0.02929129847909438
2010-07-09,0.011474247961861998,False,0.03298525401513745,0.03778167859767509,0.023339162583397344,0.02925367745780706
2010-07-12,-0.009218931367245903,False,0.03295314329588587,0.037746072073110114,0.023314082279635513,0.02922428644464737
2010-07-13,0.012273185427453303,False,0.0329277524418362,0.03771979584042134,0.023290472010927616,0.029199584407468938
2010-07-14,-0.005371691556160925,False,0.03295349250020041,0.03774683975976258,0.023313589873949797,0.029224310073347203
2010-07-15,0.0010765885711429397,False,0.03295328451274157,0.03774664836957365,0.023313348507714667,0.0292240891733569
2010-07-16,-0.016777636394284045,False,0.032947677914227015,0.037738056111641896,0.023313746370070238,0.02922080539186942
2010-07-19,-0.005317182597859029,False,0.03295706484433167,0.037750654524262316,0.023316674686379248,0.02922769381654281
2010-07-20,0.00825897921406558,False,0.03295212210925141,0.037745977766654906,0.023311197043894994,0.02922254415330484
2010-07-21,8.390381185885774e-05,False,0.032873036600054924,0.03766390681811164,0.023238115552984932,0.029145781289922564
2010-07-22,0.003267586547723767,False,0.032958128841109,0.037748569724666364,0.023324071228825554,0.02923120754947844
2010-07-23,-0.006545885229682703,False,0.03285684391064224,0.03764567451004621,0.02322602474147561,0.029131175406060448
2010-07-26,-0.003965037690309944,False,0.03293411719704807,0.03772353630863457,0.023302114470791425,0.029207990835113114
2010-07-27,-0.02135920584544627,False,0.03293431990973668,0.03772366539509637,0.023302465253214756,0.029208250828365027
2010-07-28,0.002070415153658784,False,0.03294717448807543,0.037741602663055956,0.023305098032386642,0.02921715111843949
2010-07-29,0.006870518122281092,False,0.03295186232715598,0.03774587307671358,0.023310625355905286,0.02922216371086409
2010-07-30,0.011318725915850668,False,0.032885691999740806,0.03767253299678392,0.023258874120692545,0.02916157138847005
2010-08-02,0.0014376335483021452,False,0.032902513158233254,0.03769075543443881,0.023272877166090614,0.029177302363976646
2010-08-03,0.0015198236281605902,False,0.03288886098882979,0.03767612676033259,0.023261188845692605,0.029164409906728375
2010-08-04,0.007146190694943367,False,0.03287105049205867,0.037656939381313925,0.02324614739737042,0.029147670612355795
2010-08-05,0.0029277699971361685,False,0.03288324701638781,0.03766884980132691,0.023258919306206306,0.029160089723351462
2010-08-06,0.005165447880548518,False,0.03282413623501247,0.03760368781528986,0.023211978104991062,0.02910568672650827
2010-08-09,-0.002246224703532445,False,0.03282142254349177,0.03760075603386002,0.023209703014175482,0.029103142707037725
2010-08-10,-0.003754854579199012,False,0.032802680458978245,0.037576938442176765,0.02320116828419847,0.02908834932290407
2010-08-11,0.0010862254939798823,False,0.032796914744531294,0.037571229738362855,0.023195287915644177,0.029082539254681065
2010-08-12,0.014343444080896115,False,0.03279493749330187,0.03756917864310506,0.02319345917217031,0.029080619453462686
2010-08-13,8.229459026243971e-05,False,0.03281249558076546,0.03758843502324439,0.02320760182254192,0.029096856284013494
2010-08-16,0.0078708084359936,False,0.03281429448778324,0.037590146395499485,0.023209576770756593,0.029098723292314378
2010-08-17,0.0017134968958107048,False,0.03280361243088522,0.03757843669494951,0.02320096140842564,0.029088840733228736
2010-08-18,0.002524103183020322,False,0.03279112996420074,0.037565045377351856,0.023190306732182857,0.02907706534464031
2010-08-19,0.003328679879881066,False,0.03279433501318522,0.03756712130513963,0.02319578255726595,0.029081148840083282
2010-08-20,-0.005363765526181182,False,0.03279704826644023,0.03756830333574781,0.02320157525300978,0.029085053371223465
2010-08-23,-0.0002444291286333748,False,0.03279002117347387,0.03756143348784024,0.023194231924441606,0.029077903942970662
2010-08-24,0.003985871196475256,False,0.032788435641541325,0.03755982594664959,0.02319269065533701,0.029076335534049265
2010-08-25,0.0062315185826497385,False,0.03277556546719775,0.03754189393103636,0.023190000352032773,0.02906740342813433
2010-08-26,-0.0033132484513755884,False,0.03276929783474145,0.03753509221703239,0.023184806811194517,0.029061551306471253
2010-08-27,0.000485534993766416,False,0.03267887676153342,0.03743547940525901,0.023112871247159498,0.02897828132582423
2010-08-30,0.0008895521162354205,False,0.032652587879782966,0.037407010234189915,0.023090967146145856,0.02895368869017742
2010-08-31,0.009012753638830398,False,0.0326375702085316,0.03737787459353005,0.023104342128922806,0.02894965467618477
2010-09-01,-0.0016034637619032294,False,0.03263986417644019,0.037380596213389496,0.023105776045818847,0.02895161593459965
2010-09-02,0.004163630861030291,False,0.032637532523694016,0.037378238493887966,0.02310349681593499,0.028949304561562153
2010-09-03,-0.0018395245504221327,False,0.03264263367589333,0.03737943870365797,0.02311644315504291,0.028957440613001553
2010-09-07,0.006463296113427575,False,0.032656809093297,0.037393097633778086,0.023131657280232903,0.028972017853014183
2010-09-08,-0.0013530769111762683,False,0.03259507220699043,0.03732910556339424,0.02307445579554279,0.028912035480281303
2010-09-09,-0.005350343106166177,False,0.032609952864041634,0.03734012815157715,0.023097095416466602,0.028929917681315486
2010-09-10,-0.003529340609845218,False,0.032606587279720156,0.037337108966339176,0.023093033188807174,0.02892628260152353
2010-09-13,0.00048198554260612565,False,0.032610870571944464,0.03734130504178906,0.023097491882722077,0.028930633747638854
2010-09-14,0.019564785269065393,False,0.032577115635388426,0.03730618140223956,0.023066489545313696,0.028897943650092874
2010-09-15,-0.002365558677237567,False,0.032577823930836074,0.03731149694197709,0.023057932209893224,0.02889506754960347
2010-09-16,0.004096809710312207,False,0.032581898157970114,0.037315705863419577,0.02306173555324868,0.028899036985738473
2010-09-17,0.002904772344231728,False,0.03249727310927487,0.03723038888088492,0.022978502052979743,0.028814950255544848
2010-09-20,0.0026618855822180053,False,0.032499454790719196,0.037231120516121374,0.022983599922943375,0.028818260060311705
2010-09-21,-0.005173622516442275,False,0.03247982470239398,0.037209792113357544,0.022967385315477477,0.028799951245830596
2010-09-22,0.013892307190348036,False,0.032474043433787035,0.03720422876572097,0.02296116578591822,0.028794000436606373
2010-09-23,0.0031728389211512858,False,0.032487533031552225,0.03720241334413308,0.023005435314338848,0.028819397206150198
2010-09-24,0.001312551738320187,False,0.032490915321456496,0.037197045978883576,0.02302641403928697,0.028829586651570965
2010-09-27,0.0005399399869342691,False,0.032431814832238094,0.03713560067526436,0.0229720292072652,0.02877231040753745
2010-09-28,0.00760578682231086,False,0.03242875216018525,0.03713254253355727,0.022968957424232172,0.028769244210915063
2010-09-29,0.0014531182487354751,False,0.032387017538765266,0.03709062094072012,0.022927598821105434,0.028727655051629476
2010-09-30,-0.0005350695069459966,False,0.032404643961303915,0.037106187758772,0.022949367315066364,0.028746883828523515
2010-10-01,0.006326425826713691,False,0.032408422410329714,0.03710995397526013,0.02295317036495366,0.028750671794357103
2010-10-04,-0.0005319788625364194,False,0.03238017131759074,0.037081879842818626,0.022924563387288356,0.02872228302804769
2010-10-05,0.017707579110320042,False,0.03225018096008592,0.03694713987815123,0.022804124966682906,0.02859598782355515
2010-10-06,0.005585982471689191,False,0.032293049564958064,0.0369930152264306,0.022840946708664017,0.02863651720823959
2010-10-07,-0.009327381559674712,False,0.03228367460624553,0.03698278233605727,0.022833297136663974,0.028627809712888176
2010-10-08,0.007692003761053769,False,0.032279582247837474,0.03697962205502926,0.022827330277057235,0.028622992206395095
2010-10-11,0.006747085952423054,False,0.032284018625102544,0.03698193557696312,0.022836035929543648,0.02862908014662175
2010-10-12,-0.005631802700302759,False,0.032272531014269364,0.03696933357664191,0.02282678946786378,0.028618459521106015
2010-10-13,0.017531422240192312,False,0.03225004241612112,0.036939957922447024,0.022818151430936347,0.028601328992588684
2010-10-14,0.0052435858982510875,False,0.03224035320300608,0.03693356577825766,0.02280183148116182,0.028589074688560763
2010-10-15,-0.004075976044961503,False,0.0322491974043842,0.03694263934536367,0.02281021440503116,0.028597740445399932
2010-10-18,7.291367731604025e-05,False,0.0322428693233415,0.03693427924827725,0.022807972912281697,0.028592993255144177
2010-10-19,-0.026680056124006982,False,0.032243460055170974,0.036934878909730816,0.022808545685740533,0.028593577039803877
2010-10-20,0.0061231323086174735,False,0.03228238423627188,0.036981218639733617,0.022832556453424163,0.02862673198843467
2010-10-21,-0.013943327587894492,False,0.032288171405274756,0.03698739739683486,0.022837556099442897,0.028632214505307015
2010-10-22,-0.00022643672330835627,False,0.0322779232311327,0.03697513859113531,0.022831351507245155,0.028623530585007863
2010-10-25,0.010440643180368532,False,0.032275069638687884,0.03697036791901327,0.022832353354520087,0.02862216846385773
2010-10-26,-0.00022422659934072804,False,0.0322943214142964,0.03699104021086856,0.02284874832932608,0.028640315090196294
2010-10-27,-0.011878982718151439,False,0.03229034077812201,0.03698690706146531,0.022845074412568393,0.028636453107985866
2010-10-28,0.01493855424279619,False,0.032289749856780854,0.03698790558038491,0.02284128696727137,0.028634625615962882
2010-10-29,0.01111451888462898,False,0.03228487679144144,0.036982466214590407,0.022837552789007867,0.028630193127446114
2010-11-01,-0.005097358653302039,False,0.03203752852215958,0.036726623030307534,0.02260728864674491,0.028389453828060233
2010-11-02,0.004581455806499127,False,0.032070606909980384,0.036758294203960123,0.022643197083552623,0.0284236270162497
2010-11-03,-0.014331077888990441,False,0.03206989618683829,0.03675723989283226,0.022643177350348685,0.028423183601568536
2010-11-04,0.03353500271930994,False,0.032232914430443065,0.036922748783569354,0.022801186652491087,0.028584264143393236
2010-11-05,0.01050376395006266,False,0.03213177531081555,0.03683513189760757,0.022672852963230204,0.028472604843727132
2010-11-08,0.003928436042612348,False,0.03211146507555244,0.03681589127030996,0.022650391638951987,0.02845146246278115
2010-11-09,0.004977610900924006,False,0.032098810271803085,0.03680337609193955,0.022637456034546154,0.028438699031702853
2010-11-10,-0.007618729685157052,False,0.03208667554126456,0.03679145036225534,0.0226249009823044,0.028426401700319688
2010-11-11,0.002854901710456582,False,0.032091318812766695,0.03679551073024311,0.022630716531301706,0.028431498465679987
2010-11-12,-0.027236613135162596,False,0.032083867616784466,0.03678818877506094,0.022623005419093827,0.028423946721480752
2010-11-15,0.0021947480800694587,False,0.032250316596368074,0.03696392845821581,0.022770769860940742,0.028583167614590566
2010-11-16,-0.022242003657255125,False,0.0322055900481722,0.03691729726371376,0.022729873747707085,0.028539922864635
2010-11-17,-0.001121453480205418,False,0.032428788727697604,0.03714654444059238,0.022940908291741606,0.02875841586589069
2010-11-18,0.011971719847731183,False,0.03241994812696469,0.03713457666362755,0.02293835675640255,0.028752008181034364
2010-11-19,-0.0005175951085987665,False,0.03225681831091516,0.03697259471154046,0.02277291847067056,0.028587985336817796
2010-11-22,0.004059196095939039,False,0.03226020730257803,0.03697603953515732,0.02277619517866801,0.028591330891706644
2010-11-23,0.01447820638468904,False,0.03225704915007929,0.036972558449004926,0.022773686478171688,0.028588423978778303
2010-11-24,-0.0033449533406694413,False,0.03223908478916263,0.03695228532123021,0.022760365279223732,0.02857225581837217
2010-11-26,-0.0077508250719684505,False,0.032251872346542754,0.03696567048840525,0.02277195098330186,0.028584578440535913
2010-11-29,0.002712277516303644,False,0.032388982183494806,0.03710188250166682,0.02291086643384357,0.0287223867765008
2010-11-30,0.013813378490703599,False,0.03239415623423956,0.037106925549435905,0.022916303944726043,0.02872766274641983
2010-12-01,0.0016593076617551833,False,0.032256905663503206,0.0369713577642755,0.02277566912323244,0.028589102983159306
2010-12-02,0.0008645804636602154,False,0.032251974247507954,0.03696646420264475,0.022770661578309315,0.028584142116798116
2010-12-03,0.012097949382854271,False,0.032257127429836496,0.036971418362706225,0.02277621501440023,0.02858945013671732
2010-12-06,0.007019580110278535,False,0.032245919400194493,0.036957056941790044,0.02277134877123423,0.02858069541802648
2010-12-07,-0.004958219364304296,False,0.03223358665504517,0.03694518547194158,0.02275808835513947,0.028568003804709946
2010-12-08,-0.01848988347919273,False,0.032213290818731324,0.0369236747492956,0.022740235777223054,0.028548653139383113
2010-12-09,0.006919926460453495,False,0.03239523370172495,0.03710987960907968,0.022913607396957292,0.028727280241547602
2010-12-10,-0.005618748890463309,False,0.032398163324719606,0.037113044737074566,0.02291606339575005,0.028730026643702885
2010-12-13,0.009347206064547017,False,0.03239568159852002,0.03711091737074292,0.022912869016275705,0.02872726922861186
2010-12-14,0.004498509284144025,False,0.03241322866725353,0.037129202160928444,0.02292893245309658,0.02874424235647988
2010-12-15,-0.012979262012137812,False,0.03226323738245517,0.03697900725100444,0.022779350678871338,0.028594409490256073
2010-12-16,-0.010958399477841024,False,0.03242412292261814,0.03714113606932812,0.022937735861818874,0.02875432777083664
2010-12-17,0.005965787917043688,False,0.03242443505959843,0.037142821274119386,0.022935286621565187,0.028753571673016835
2010-12-20,0.0049926115607974485,False,0.03243118220320554,0.037150006514579975,0.02294115270841181,0.028759977981086947
2010-12-21,0.0019468234287534076,False,0.03240811528102784,0.037124695717980535,0.022922598442997696,0.028738656773669408
2010-12-22,-0.0010089387117141113,False,0.03240069704722356,0.037116765582195795,0.02291620969547484,0.02873163679514822
2010-12-23,-0.004915470868822041,False,0.03232342878403138,0.03702655968475864,0.022864960313782826,0.028664433898736047
2010-12-27,0.00173763755917607,False,0.03233027004106936,0.03703362203372128,0.022871356932761044,0.028671103148181935
2010-12-28,0.01635846993307731,False,0.03228659146189404,0.03698928007538743,0.022829012475681667,0.02862794067221516
2010-12-29,0.005606248668243366,False,0.03231854770444853,0.03702431167348096,0.022854783869458883,0.02865750431494088
2010-12-30,-0.005321614807999368,False,0.032325704453465935,0.03703186434494488,0.022861144378682797,0.028664353039742622
2010-12-31,0.01096696191437432,False,0.03230754900739584,0.03700944476533506,0.022851564533311428,0.028649515052433818
2011-01-03,0.0010549637197134285,False,0.03219479509002028,0.03689793114707627,0.02273631624987689,0.028535796193146088
2011-01-04,-0.0314902146739841,False,0.03215343512317199,0.036855132655732106,0.022697849300228234,0.028495555385828736
2011-01-05,-0.003706516500908482,False,0.03236419397109574,0.037077051185991895,0.022886164906460137,0.028697632098075
2011-01-06,-0.0014573013103875846,False,0.032360302936004184,0.037071654694339894,0.022885301495670536,0.02869491229507776
2011-01-07,-0.0021168841718216167,False,0.0323528003743114,0.03706386288204949,0.022878380645972456,0.0286876347678311
2011-01-10,0.0037925443054551873,False,0.03234128681858922,0.03704886920579355,0.02287386596207333,0.028678828715578843
2011-01-11,0.007470063391425878,False,0.03234735570005729,0.037055078796451674,0.022879651863231966,0.028684788126522368
2011-01-12,0.001227534689899489,False,0.03235757477864713,0.03706600367328504,0.02288845151068676,0.02869445810022493
2011-01-13,0.0008656663981080393,False,0.03234936773214998,0.037057258865810315,0.022881325955510658,0.02868666942708544
2011-01-14,-0.01929226618634375,False,0.03234585936776636,0.03705358431775727,0.022878151803172295,0.028683290352149473
2011-01-18,0.005644106001557393,False,0.03235980849968512,0.03707200181783993,0.022883114598056496,0.028693763132547862
2011-01-19,0.0015337808521974678,False,0.03236725925509631,0.0370785190930995,0.022892442675780833,0.028701940127388133
2011-01-20,-0.017448045681379615,False,0.03237084003669763,0.03708160053015973,0.02289702768939216,0.02870590939469407
2011-01-21,-0.004093028969975036,False,0.032335283729999754,0.03704543937773504,0.022862687788181867,0.02867082365270459
2011-01-24,0.002606592427240802,False,0.032335100693494004,0.037045052497219025,0.02286291470244817,0.02867079920506371
2011-01-25,-0.009115388093256592,False,0.032339715484546956,0.03704966342431524,0.022867537264306098,0.02867541700224136
2011-01-26,0.0005252325630460462,False,0.03233441915438722,0.03704523524694859,0.022860494991710563,0.028669445256768594
2011-01-27,-0.011013142505553696,False,0.03233676052693436,0.03704693405003256,0.022864128635966843,0.02867228654276251
2011-01-28,0.016772930514485924,False,0.03233412062003568,0.03704372864991415,0.022862625992712698,0.028670086584664384
2011-01-31,-0.005159781381154873,False,0.032358868085290156,0.037070977820233365,0.022882342277892397,0.02869288774516365
2011-02-01,0.004338995888673461,False,0.03235682804650007,0.037069253118919926,0.0228796680637746,0.02869060237656275
2011-02-02,-0.006064917441172529,False,0.03236444367027372,0.03707692318058487,0.022887174207482867,0.028698175648131007
2011-02-03,0.015500756332791596,False,0.032360418080045604,0.037073308712249294,0.022882321809849213,0.028693830208650607
2011-02-04,-0.0029623067321652447,False,0.03239529916233451,0.03711113291621222,0.022911283978940624,0.028726421567906207
2011-02-07,-0.000519361438913788,False,0.03234631460363711,0.03705780964866075,0.022871024999386976,0.028680812486915223
2011-02-08,0.011656383419735038,False,0.03228273235949498,0.03698088422943648,0.02283427722008784,0.028627611116792927
2011-02-09,0.0010263356787418307,False,0.03230204516596025,0.03700184576660884,0.022850274263556486,0.02864564122512544
2011-02-10,-0.002127132012792459,False,0.03230533887686415,0.0370049881404597,0.022853872328469377,0.028649052674938735
2011-02-11,-0.0014696159336339732,False,0.03230585310906806,0.037005403525899774,0.022854585351440318,0.028649643809064148
2011-02-14,0.0034501419225704253,False,0.03229775423913566,0.03699696013292238,0.022847179351944052,0.0286418129750606
2011-02-15,0.006573685319166716,False,0.03223786790467944,0.0369307915168992,0.022799927316506183,0.028586814200956556
2011-02-16,0.000800477148773662,False,0.032224594113597585,0.03691625249097461,0.022789198039731937,0.028574524751564512
2011-02-17,0.007247984439805104,False,0.032102855564303326,0.03678083885889765,0.022694961454992446,0.028463425297590814
2011-02-18,0.0025244343337210524,False,0.032099257072003735,0.036776873644238,0.022692100478180554,0.028460112112093885
2011-02-22,0.00882140696837657,False,0.03210235318879896,0.036778933377971314,0.022697280865373762,0.028464014525886323
2011-02-23,0.009168850829876523,False,0.03211757965056731,0.036794150146744704,0.02271252682072821,0.028479248528720337
2011-02-24,0.0013433907099470231,False,0.032134555948416785,0.03681210876288597,0.02272752757786092,0.02849546059149295
2011-02-25,-0.004674298635559968,False,0.03212624611933735,0.03680324417815682,0.022720333418094606,0.02848758235747811
2011-02-28,0.0004259032401144668,False,0.032119091210971396,0.036796133962393514,0.022713088628417262,0.028480392678656492
2011-03-01,0.015070638998910936,False,0.03211644711051036,0.03679339316109128,0.022710639003057358,0.028477823810607827
2011-03-02,0.004532941421429262,False,0.03212681824825555,0.036804805698005615,0.022718915782509282,0.028487384748868066
2011-03-03,-0.014860747011216433,False,0.03213450299936528,0.03681235575522337,0.022726871416560032,0.02849517429065282
2011-03-04,0.008578880672767533,False,0.03214059008458801,0.03682010774504665,0.022729610211462397,0.02849996609459452
2011-03-07,0.004122581784772878,False,0.032153683484566424,0.03683413065739158,0.022740834268741867,0.028512336342046092
2011-03-08,-0.005033181664813808,False,0.0321609097755652,0.036841212531768995,0.02274835099606668,0.028519674987918683
2011-03-09,0.0016805720309420761,False,0.032158582399225207,0.036839159575081264,0.02274547173425227,0.028517134115478928
2011-03-10,-0.012036110571015474,False,0.032162482739419046,0.03684281394065907,0.022749866754096612,0.028521225821782063
2011-03-11,0.006563914584736259,False,0.032142318378744324,0.036822644297491325,0.02272971301704574,0.028501065570840898
2011-03-14,0.0021784033157129074,False,0.03215291303004258,0.036832908997705575,0.022740971233103438,0.028511916921209256
2011-03-15,-0.022718569429602507,False,0.0321511976666012,0.036831101849790375,0.022739440457454758,0.028510272965289248
2011-03-16,0.0024385183451530695,False,0.032176333706049325,0.03686216625302342,0.02275265396208013,0.02853079678933765
2011-03-17,0.005714301263438635,False,0.03216444552750975,0.03684935076781467,0.0227426306903607,0.028519630047311607
2011-03-18,0.00844008294795576,False,0.032172897984629675,0.036858204766103866,0.02275027560787153,0.028527770108898506
2011-03-21,0.007248141823970142,False,0.03218809930781973,0.03687422724088912,0.022763825512753983,0.028542332583298184
2011-03-22,0.0009111321724827245,False,0.03219415374395623,0.03688074105297247,0.02276895609773667,0.02854802962894835
2011-03-23,0.007259070282500972,False,0.03219465906530306,0.03687993081693119,0.022772107137082585,0.028549558442487074
2011-03-24,-0.0021582321232282782,False,0.0322068444901845,0.03689280769664814,0.022782901976862675,0.02856120592152777
2011-03-25,-0.006082072066177196,False,0.03219889661441321,0.036884565785738455,0.022775545435278,0.02855348680253366
2011-03-28,-0.004427377627128477,False,0.03219869792032466,0.03688445414041072,0.022775171677391095,0.028553220385267218
2011-03-29,-0.0026800557424672003,False,0.03219528029775911,0.03688122560097995,0.02277137378965616,0.02854965565766937
2011-03-30,0.005493392710337391,False,0.032188599857208136,0.036874407624520864,0.022764969947626015,0.02854308221885722
2011-03-31,0.010549561772540324,False,0.03219237660564422,0.03687637861511825,0.02277237825638708,0.02854826383116705
2011-04-01,-0.007534077373140772,False,0.032032483592992725,0.036717183062153956,0.02261108258227455,0.02838782820095248
2011-04-04,0.0028668171163457267,False,0.03206294842442372,0.036748090637441895,0.022640657011354492,0.02841794858151824
2011-04-05,0.013592510003809817,False,0.03205734555041542,0.03674262813876043,0.02263477182846921,0.02841223649672807
2011-04-06,0.004055618099718864,False,0.03204665269624165,0.03673340691946157,0.022621119368799042,0.0284003987234368
2011-04-07,0.0005486927244996201,False,0.032008713998361964,0.036694358837824764,0.022585411753045216,0.028363323116459508
2011-04-08,0.01016416151081786,False,0.03201279090433484,0.036698319625226634,0.02258972218512354,0.028367490361669447
2011-04-11,-0.00408052790106732,False,0.03200221478268979,0.03668758975070947,0.022579455275942215,0.028357033858419995
2011-04-12,-0.009930568036556555,False,0.03201955998668397,0.03670515324664537,0.0225963614729235,0.02837420923318444
2011-04-13,0.0013756106209505382,False,0.03218732829898233,0.03687165898838936,0.02276666894137806,0.028542959814379477
2011-04-14,0.011480975490103636,False,0.03219084159182579,0.03687503222513978,0.022770463901087282,0.028546582069643694
2011-04-15,0.009198642917713178,False,0.03202944337282922,0.036714872470038476,0.02260657500684642,0.028384220336521288
2011-04-18,0.0047017817477303875,False,0.03202136354040009,0.036706447989424046,0.022599188296523156,0.028376408637379093
2011-04-19,0.0014731160665246179,False,0.032017108962981405,0.03670240160009183,0.02259451503195896,0.02837199209144206
2011-04-20,0.0025394619141229586,False,0.0319719765299648,0.03665528352024657,0.02255337593408833,0.02832840447436689
2011-04-21,0.003264971978352718,False,0.031945305929568485,0.03662814316318257,0.022527650061517746,0.02830209934056733
2011-04-25,0.003585915619804356,False,0.0319354490926158,0.03661839887779837,0.022517566872059844,0.028292154939474484
2011-04-26,-0.0037189414832981865,False,0.03193420619122405,0.03661694600530482,0.022516746243636435,0.028291075393771473
2011-04-27,0.009073779110715677,False,0.03196536508587975,0.03664727394566684,0.02254957627081065,0.028322880763631597
2011-04-28,0.009253616584985514,False,0.03194439228016755,0.03662032162116871,0.022540628877764562,0.028306559971464435
2011-04-29,0.016327919289661246,False,0.031901911715662236,0.036578276578907186,0.02249727243429736,0.02826374057444604
2011-05-02,0.0004497389370340432,False,0.031873344909837405,0.03655263303284096,0.02246282665958121,0.028232899497985128
2011-05-03,-0.010720831163209224,False,0.03185547225156523,0.03653444959705201,0.02244557900609962,0.028215268621914712
2011-05-04,-0.01649788723192742,False,0.03192066513183638,0.03659583575618039,0.022518427584811648,0.028283423098085524
2011-05-05,-0.02269941875081384,False,0.03213405454713791,0.03681228943993869,0.022725654448571546,0.028494428539211726
2011-05-06,0.006931104657723253,False,0.032161347532094674,0.03684524112232176,0.02274156722482923,0.028517319106847495
2011-05-09,0.007815458997540218,False,0.03217238897475181,0.03685688139156322,0.022751404367098684,0.028527894667636677
2011-05-10,0.009074379984259445,False,0.03217361818076726,0.036858200836802274,0.022752452092974797,0.028529053668321987
2011-05-11,-0.010272814766927731,False,0.03206585762272271,0.03675126080119752,0.02264304138191734,0.028420654750964485
2011-05-12,0.0036572837848377064,False,0.03215789690018973,0.03684183184131442,0.022738033432117253,0.028513836304304298
2011-05-13,-0.00880002423727948,False,0.032163221929573486,0.036847305026712456,0.022743060504880355,0.028519046069599107
2011-05-16,-0.002010859281316099,False,0.03216298908003091,0.03684797749229448,0.02274100697572193,0.028518108892773203
2011-05-17,-0.007137580180372501,False,0.032150084925533014,0.03683437375201623,0.022729509758471877,0.028505749009920336
2011-05-18,0.010620471291147961,False,0.032147488573836994,0.03683108601567808,0.022728303850711253,0.02850369054945522
2011-05-19,-0.002275939463858907,False,0.03216195894386607,0.03684469903824235,0.022744498432576074,0.028518827928346042
2011-05-20,0.011063156926242958,False,0.032157894255081504,0.03684061131149835,0.022740480075441084,0.028514781162893285
2011-05-23,0.004298806124103259,False,0.032174330454447835,0.036858459872804845,0.02275407587313424,0.0285301185569692
2011-05-24,0.005199881615300181,False,0.03217752540751985,0.03686184591111615,0.02275688653460368,0.02853316484738904
2011-05-25,0.0022296713911066253,False,0.03215120174031791,0.03683287546488133,0.022735885805792916,0.028508900351226187
2011-05-26,-0.0024922467988857944,False,0.032085107812568917,0.03675969830922641,0.022684036960570857,0.02844831711310635
2011-05-27,0.00882618234650852,False,0.03208118208598682,0.036754141989397054,0.022683390520732524,0.028445659973871194
2011-05-31,-0.0002604156023607923,False,0.03204678954829468,0.03671929438848936,0.022649913160858553,0.02841162147139801
2011-06-01,0.004223116367711079,False,0.03205236225615727,0.03672471827072164,0.02265578517200688,0.028417309964304988
2011-06-02,-0.006765589384363802,False,0.03207873352198185,0.03675130641626535,0.022681720270939974,0.0284435124995967
2011-06-03,0.006311600694144013,False,0.032046435423567485,0.03671938258470912,0.022648669484294736,0.028410923224825857
2011-06-06,0.003108641130443788,False,0.03208737243202953,0.03676092092902037,0.022688397145985518,0.028451392399233746
2011-06-07,-0.002071300579561687,False,0.03209311466716845,0.03676646661766748,0.022694534655854172,0.028457287545831735
2011-06-08,-0.003375139960668886,False,0.032028319762644086,0.03670056431838473,0.022631966833379487,0.02839335418478606
2011-06-09,0.0025972354470182937,False,0.032061782855956934,0.036732993453174545,0.02266750932109917,0.028427621688825976
2011-06-10,-0.008792840194646422,False,0.032042249870816664,0.036713351199022255,0.0226481960869135,0.028408173714025535
2011-06-13,-0.008936828893796012,False,0.032058733360140736,0.036730585612334936,0.0226631693926982,0.028424072991025617
2011-06-14,0.0057918081390966525,False,0.032133459793449747,0.03680310777790722,0.022742328829750455,0.02850051432543876
2011-06-15,0.0011805122007180974,False,0.03213345924279977,0.03680429250331914,0.022739944569929574,0.028499591640334162
2011-06-16,0.0024223869992080686,False,0.03210350569862969,0.03677302311100247,0.0227126373285031,0.028470661814563553
2011-06-17,0.006062749874629463,False,0.03209983030175433,0.03676916350156005,0.022709332401596387,0.028467129733461213
2011-06-20,0.00188307216908332,False,0.03203997708787096,0.0367083601220499,0.02265139006619207,0.028408015740161306
2011-06-21,0.0029149818211622793,False,0.0320580599946745,0.036725851907540505,0.02267066177730887,0.02842655853419877
2011-06-22,0.004453216149369516,False,0.032068868615691005,0.036735816116744466,0.022683168595265524,0.02843802410025217
2011-06-23,-0.02134806020758979,False,0.03202924605482043,0.036696199167720385,0.0226435347484082,0.028398397173413904
2011-06-24,-0.012977720208725198,False,0.03209983937091027,0.03677109585739857,0.02270547354812155,0.02846564250232634
2011-06-27,-0.003003506345999306,False,0.03213772346213125,0.0368110528636877,0.022739188799004585,0.028501913883675508
2011-06-28,0.002470175994616231,False,0.032152545336244225,0.03682560209800597,0.02275455897911974,0.028516947869174577
2011-06-29,0.0067783840907091756,False,0.03212380532613313,0.03679616705011018,0.022727216759780594,0.028488748592407506
2011-06-30,-0.0050461400491239716,False,0.03212185071067286,0.036794696215858194,0.022724289211735266,0.028486417599380018
2011-07-01,-0.013402331110025908,False,0.03213994045584176,0.036812976144355955,0.022741996479134014,0.0285043593835752
2011-07-05,0.02003673458342358,False,0.03218271341108667,0.036857868751021906,0.02278050660254266,0.02854548326847275
2011-07-06,0.010785966022019792,False,0.03215028188788317,0.03682917290424379,0.02274056225895836,0.02851014542154105
2011-07-07,0.0009807448220736925,False,0.03212261333078957,0.036802579076518224,0.022710732313194905,0.028481640734357994
2011-07-08,0.007162888181999511,False,0.032124633433961554,0.036803794701909115,0.02271437030196015,0.028484286714238173
2011-07-11,0.004919166978621315,False,0.03212690887146468,0.03680623611702849,0.022716311941811628,0.02848643302260121
2011-07-12,0.008422575445943223,False,0.03213506198094874,0.03681457082359309,0.02272409984133304,0.02849444485113798
2011-07-13,0.014807507019099199,False,0.03210731284809594,0.03678382386487018,0.022702379637308756,0.02846902800070667
2011-07-14,0.002394336022937679,False,0.03209405319328943,0.03676932997760464,0.022691602147903365,0.028456728568005428
2011-07-15,0.0005033653156717735,False,0.03208952499639455,0.036764488760675146,0.022687703465727623,0.02845244389797167
2011-07-18,0.007707000561492735,False,0.032091806846965866,0.036766545832551525,0.022690437368823875,0.02845490062441024
2011-07-19,-0.0007492670796208777,False,0.0321050091464999,0.03678046541333181,0.022702197143751376,0.02846754488538086
2011-07-20,-0.0026270175692549437,False,0.032095004537400156,0.03676986517524815,0.02269339040434381,0.028458003670443783
2011-07-21,-0.00621952835338731,False,0.03209307215425294,0.03676800396911746,0.022691314877069664,0.02845601591219753
2011-07-22,0.009096389409616087,False,0.03209056511770803,0.03676474154262419,0.022690327005557624,0.02845409656245443
2011-07-25,0.0066598142453403505,False,0.032101969663165635,0.036777076923271486,0.022699859547986062,0.02846477692624028
2011-07-26,0.002849519131065562,False,0.03210813719131926,0.03678370794409804,0.022705094945836356,0.028470583861130515
2011-07-27,-0.0009902065408822639,False,0.032113427548648724,0.03678898221284727,0.022710417658916085,0.028475886735235302
2011-07-28,-0.0009911880218249835,False,0.03205621622256029,0.036725994276855314,0.022664823675357687,0.02842316956134834
2011-07-29,0.009192787122422025,False,0.0320534811172181,0.03672167789253471,0.022665268680813134,0.028421664677281386
2011-08-01,-0.005727881079718918,False,0.0320658341662355,0.03673504864605524,0.022675575023889723,0.02843322596105765
2011-08-02,0.014045448009743734,False,0.03205972475781584,0.03672911569038628,0.02266911075127127,0.02842697927393453
2011-08-03,0.013009592424413104,False,0.0320873581880921,0.036759279414616215,0.022691655506346574,0.02845264415754894
2011-08-04,-0.004337922994214685,False,0.031993125181394896,0.03665349407648366,0.022620655398104775,0.028367398764109243
2011-08-05,-0.004478011926987636,False,0.03198910206043806,0.03664816562067452,0.022619257436601144,0.028364391182300483
2011-08-08,0.03656251398014516,False,0.03198491384484954,0.03664412989699608,0.02261476254447015,0.028360084329333846
2011-08-09,0.01727481903784,False,0.031931240097126494,0.036606592808844575,0.022528636354109594,0.028293856400984252
2011-08-10,0.023458349001375355,False,0.03187186716473471,0.03655084131689042,0.022461980341378508,0.028231666019467954
2011-08-11,-0.018413595866744945,False,0.03179176173091883,0.036477561269429436,0.022368148370284006,0.02814625049450431
2011-08-12,-0.004929845270197219,False,0.03187527819547758,0.03656302708007701,0.022447744504129473,0.028228250384781117
2011-08-15,0.008753695535478829,False,0.03191045395273206,0.03659825490882867,0.022482815540374776,0.028263385630864238
2011-08-16,0.015207067821775111,False,0.03189424189136978,0.03658269785393043,0.02246528619524583,0.02824666398017681
2011-08-17,0.004924974594275577,False,0.03182491086947677,0.036516580686774935,0.022389491788781073,0.028174832607284685
2011-08-18,0.015346177143689726,False,0.03181552178907611,0.03650726134214051,0.02237996246275254,0.028165389273065163
2011-08-19,0.016358944672721858,False,0.031704142925776474,0.03639709100502419,0.022266153131953337,0.0280530701869189
2011-08-22,0.021297855008082015,False,0.03156283950507874,0.03625694615905267,0.02212251970115175,0.02791086540517318
2011-08-23,-0.016226618293730788,False,0.031463499385052975,0.036162733230424224,0.022012868284418324,0.027807536374888555
2011-08-24,-0.05770622662385005,False,0.03150867073497294,0.03620672401535306,0.022060413869072832,0.0278536261940911
2011-08-25,0.0032443030264157724,False,0.0321398710860451,0.036878847366236596,0.022609313958554585,0.02845298880767278
2011-08-26,0.019303295859500823,False,0.0321228719072413,0.03686175574152252,0.022592500697758585,0.028436061550982137
2011-08-29,-0.003182110806197841,False,0.03199531685339406,0.03673710054767832,0.022459113734278,0.028306250431304893
2011-08-30,0.021189654541231392,False,0.03202218826344573,0.0367641801807789,0.022485566386871186,0.02833295984563775
2011-08-31,0.0009849250370358045,False,0.031955898662925475,0.03670286653532981,0.022409269641080382,0.02826279899540338
2011-09-01,-0.001368176434522178,False,0.031951123588211915,0.036698117569066616,0.02240444205965164,0.028258003608542786
2011-09-02,0.02578727738981788,False,0.031934729094953436,0.036681005309820824,0.022389491065862636,0.02824216753097204
2011-09-06,-0.0020300930054706666,False,0.03182899715981792,0.03658267175424612,0.022268880246578686,0.028130679720964263
2011-09-07,-0.030240394272829024,False,0.03182412258881021,0.036577369982247095,0.022264864819658642,0.02812613750860768
2011-09-08,0.021916634484533216,False,0.032048981157437165,0.03681175437699525,0.022470565995492936,0.028343585067464455
2011-09-09,0.0010779347673495778,False,0.03196012286314916,0.03672817876932509,0.0223710836879959,0.028250616888990072
2011-09-12,-0.025367532914311625,False,0.031958424533077893,0.03672631688137912,0.02236971428923308,0.02824904580552105
2011-09-13,0.009294220435614686,False,0.03218686028141447,0.03696302141276992,0.022581520684601068,0.028471048512647076
2011-09-14,-0.001808097790882968,False,0.03215449726209794,0.036931197908147806,0.022548072647062812,0.028438265755596444
2011-09-15,-0.02498741886022498,False,0.03215610848300382,0.036932614398777895,0.02255007549010567,0.028440028474961156
2011-09-16,0.018716067856801077,False,0.03231926037122133,0.037102022804919726,0.022700644892577018,0.028598312846716108
2011-09-19,-0.019897522083802438,False,0.03222352148435966,0.037009502789476977,0.022598432532093586,0.02850006970592088
2011-09-20,0.016857754040416912,False,0.032381359728153515,0.03716515445878914,0.022760668196718244,0.028659609085620506
2011-09-21,-0.0006090504844131521,False,0.03232470056262464,0.03711164618048999,0.022697672280598175,0.02860049855726524
2011-09-22,-0.0374123524256167,False,0.032293655887566976,0.037079384434273326,0.022669075257844135,0.028570400752970862
2011-09-23,-0.060254520782488684,False,0.03259207664504695,0.03739485386672607,0.022933209418141677,0.02885555778978408
2011-09-26,-0.027865580063088598,False,0.03313812068990569,0.03798238097463809,0.023395826857996065,0.029369328372827234
2011-09-27,0.03583373492124241,False,0.03332997963390165,0.03818330915068685,0.023569446665716327,0.029554131533262157
2011-09-28,-0.020999226741982634,False,0.03327330647018914,0.03814161857507981,0.023482642012961828,0.0294858020464739
2011-09-29,-0.0004951103610251582,False,0.033331339695355885,0.03820277818729444,0.023534387759863076,0.02954140296974238
2011-09-30,0.003028541130671231,False,0.033475460379997005,0.0383469156398484,0.02367847472254783,0.029685510609093316
2011-10-03,0.021732008549980777,False,0.03330804228469646,0.038178170563168454,0.023513725320039924,0.029519124893750415
2011-10-04,-0.025255905297380518,False,0.03328471275365136,0.038160227994502534,0.02347956206675973,0.029491604352884688
2011-10-05,0.015730031038416675,False,0.03341602644172864,0.03829928272725125,0.023595307736745005,0.029616895575617603
2011-10-06,0.007046973654236468,False,0.03337428516944998,0.038259623962837226,0.023549378332051483,0.02957353413035501
2011-10-07,-0.010589208176212384,False,0.03335935218229408,0.0382451719897372,0.02353347797733187,0.02955822691845237
2011-10-10,0.021247114976023947,False,0.03341377270526539,0.03829941547249771,0.023588254545943238,0.029612785177165993
2011-10-11,-0.005947228433466604,False,0.03337875365291347,0.03826934260371554,0.023543288221799394,0.02957391803706881
2011-10-12,0.012930499019946673,False,0.03339782505180156,0.038288834303893717,0.02356151435259179,0.02959266244521326
2011-10-13,-0.008361751874610192,False,0.03335942445722999,0.03825182342330431,0.023520318903664576,0.02955318066526536
2011-10-14,0.008659096579891053,False,0.033327658474463416,0.038216225390310124,0.023496259558671736,0.02952439598420589
2011-10-17,-0.0037530492546851966,False,0.03328653402581024,0.03817501564549288,0.02345530664916885,0.029483337895225586
2011-10-18,-0.0143065972126657,False,0.03331802145352113,0.03820664905952468,0.023486500483730275,0.029514711746850063
2011-10-19,-0.0034569287276842464,False,0.033359573204464456,0.03824972222740258,0.023524992512456742,0.029555079848666992
2011-10-20,-0.020934479687990067,False,0.03337514307240633,0.03826536149078174,0.023540422819206427,0.02957059572756296
2011-10-21,0.014290327060280541,False,0.03341681037428369,0.03830849575640756,0.023579139909691703,0.02961112174441853
2011-10-24,0.009980016221538872,False,0.03339053079960216,0.038284176725768386,0.02354891748408798,0.02958331688354472
2011-10-25,0.028708949045218982,False,0.0333419883676453,0.0382347766766124,0.023502099806429616,0.029535441670300533
2011-10-26,0.013499884232308428,False,0.03329501299939493,0.03819566749845553,0.023439304740077955,0.029482346474657216
2011-10-27,0.013835466371475074,False,0.033282328602145764,0.03818440415507266,0.02342376246081945,0.029468556509874812
2011-10-28,-0.00028629506564424703,False,0.033260691636869906,0.03816279372596304,0.023402072128648848,0.029446898899692694
2011-10-31,-0.012678823957671361,False,0.03316275548901445,0.03805403078357707,0.02332590975168395,0.02935738590370085
2011-11-01,-0.007685151564337731,False,0.03323225840036569,0.03812388927499105,0.023394697555826183,0.02942661217685973
2011-11-02,0.010291657790972557,False,0.033219284244813574,0.03810760101205511,0.023388388402983643,0.029416216367992545
2011-11-03,0.020327649464295328,False,0.03312699453708686,0.03800233394744686,0.023322197462967632,0.02933402293091116
2011-11-04,-0.005057491867623223,False,0.033105179918102676,0.037984777147437095,0.023291819942509607,0.02930889576584252
2011-11-07,0.01974342055110007,False,0.03312458638025725,0.03800306932936091,0.023313467334090166,0.029329169128313334
2011-11-08,0.00451416344386881,False,0.0330303336417435,0.037910025806930515,0.0232167827406186,0.02923397563021674
2011-11-09,-0.00417909386982646,False,0.03299216546223121,0.037871255782323775,0.02317982493202091,0.029196275680946977
2011-11-10,-0.01802967288639984,False,0.03287877893244808,0.0377462771622636,0.02308975125971593,0.029091907696453985
2011-11-11,0.016129368049582097,False,0.03298854029208402,0.03786016465286057,0.023191214555695384,0.029198458962133116
2011-11-14,-0.005441323295111503,False,0.0329426996175254,0.03781413613387278,0.02314575165514478,0.029152764428904614
2011-11-15,0.002191265011515344,False,0.03297374367376776,0.03784180694841519,0.023183579639143973,0.029186432837814913
2011-11-16,-0.004443771814802084,False,0.03297609652978303,0.03784361858371904,0.023187020944352477,0.02918920675883066
2011-11-17,-0.030916132101222654,False,0.033004901599247655,0.03786904220286066,0.023222626449939103,0.029220642567200472
2011-11-18,0.0028450606177295172,False,0.033191135961012544,0.03806619289170399,0.02338690698186983,0.029398384121559124
2011-11-21,-0.02727168857833799,False,0.0331357876749134,0.03800838038093137,0.023336514499015307,0.02934495298079716
2011-11-22,0.014140097949622513,False,0.033289303071914335,0.038170092755441136,0.023473544951209235,0.02949209120067656
2011-11-23,-0.003825897239736137,False,0.033260510801325076,0.03814348294789537,0.02344036352830418,0.029461600992844623
2011-11-25,-0.006033350443704364,False,0.03328124546809508,0.03816331948341948,0.023462904427188656,0.02948303439790289
2011-11-28,0.014898870219744323,False,0.0332665942536613,0.03814640501357318,0.023452804846636904,0.029470143976471325
2011-11-29,0.0015185888849821511,False,0.03322220639380215,0.03810463280600112,0.023403156647397724,0.02942372116191026
2011-11-30,0.018561332766248943,False,0.03321931498994635,0.03810166435541061,0.023400420192261472,0.029420889699743127
2011-12-01,-0.005860710310486896,False,0.03318976885577677,0.03807166938794685,0.023371776706912668,0.029391692753967927
2011-12-02,0.006719693899452695,False,0.033214243479878454,0.038095119070025815,0.023398312592333742,0.029416964774037956
2011-12-05,-0.009374108416037587,False,0.03319646283268543,0.0380781378448536,0.023378924227189013,0.029398562183474208
2011-12-06,-0.0016191102696168865,False,0.033220666561612475,0.038102682264798515,0.02340244279227126,0.02942250085775614
2011-12-07,0.007495422440086814,False,0.03323370069560936,0.038115619754918034,0.02341567128680929,0.029435610179848033
2011-12-08,-0.018025801738556786,False,0.0332167019035876,0.03809904136156648,0.023397827030850627,0.029418284321321736
2011-12-09,0.0017530536333202377,False,0.03325961750965363,0.038143830447782356,0.023436974880224153,0.029459742376145695
2011-12-12,-0.0287849886572218,False,0.03325548503873811,0.038139702582332416,0.02343283314725492,0.029455606322218057
2011-12-13,-0.0025871238457042395,False,0.03337490841051294,0.038266121644321825,0.023538187483589563,0.02956958710792532
2011-12-14,-0.04661467407933018,False,0.03337971148713465,0.03827096466812685,0.023542910222414632,0.029574359105986277
2011-12-15,-0.00614144395555923,False,0.033631949141683055,0.038547165095112856,0.02374695633555267,0.02980795393224914
2011-12-16,0.013248569484948212,False,0.0336452064189342,0.038560320293738896,0.023760418903168327,0.029821290625781694
2011-12-19,-0.0007523205194177364,False,0.03356980489575018,0.038479573796716196,0.023695766659048524,0.02975004744569944
2011-12-20,0.013208884366838008,False,0.03355775513943689,0.03846638108191384,0.023686015507018193,0.02973888690113763
2011-12-21,-0.002292767028780258,False,0.033542212996478096,0.038452127487059506,0.02366788196444162,0.0297223422789744
2011-12-22,-0.0018628917176543866,False,0.03355499670493423,0.03846510147285495,0.02368028300606317,0.029734977953317518
2011-12-23,-0.002613938054252313,False,0.03351323475118247,0.03841867421021224,0.023647903456922387,0.029696845569256804
2011-12-27,-0.006564780411902857,False,0.03352399051008891,0.03842995088041522,0.023657611610908177,0.029707196063710705
2011-12-28,-0.019828926896066693,False,0.03350324511017786,0.03840690150194582,0.02364149974321433,0.029688243139054705
2011-12-29,-0.014825590380464937,False,0.03357545986678049,0.03848374902448384,0.023704397542357158,0.029756853644102323
2011-12-30,0.016679411569268512,False,0.03361674824202499,0.03852770751702194,0.02374031604362483,0.02979606469134412
2012-01-03,0.021419174466295838,False,0.033612172536969985,0.038525915605516076,0.023730141850229203,0.029789323219149524
2012-01-04,0.007597541424776675,False,0.03357584938390375,0.038488225605149744,0.02369656756432496,0.029754063461380084
2012-01-05,0.004642102778981451,False,0.033571416791420214,0.03848478442582417,0.0236901411404356,0.029748859558092998
2012-01-06,-0.0020399010801860334,False,0.03356518834550206,0.03847872318416016,0.023683576429973825,0.029742501028721155
2012-01-09,-0.005335647136046096,False,0.03355795257480688,0.03847059342628737,0.02367813855725568,0.02973596077226519
2012-01-10,0.01451314650923945,False,0.03356498074794694,0.03847675270373234,0.023686914166882088,0.029743664938689584
2012-01-11,0.00501496451589809,False,0.03349552587759902,0.0384027905120757,0.02362652397225416,0.029677716725069508
2012-01-12,0.004929325457331257,False,0.033475437111243476,0.038381995301816,0.023607855935522042,0.0296581775659196
2012-01-13,-0.01031221515150508,False,0.03344387870058735,0.038347927432960394,0.023581344297273116,0.02962857149188999
2012-01-17,0.015096419488760834,False,0.033477838430923335,0.03838307436568832,0.02361291644439505,0.029661607589103346
2012-01-18,0.002594534228530324,False,0.03346057223148886,0.03836803721730137,0.023591167399490926,0.029642607207364773
2012-01-19,-0.003259312671579746,False,0.033454802027725376,0.038362263104012154,0.023585405058176228,0.02963684004517826
2012-01-20,0.005786968828130693,False,0.03344885672393825,0.03835345949783779,0.02358520808748437,0.02963311847575793
2012-01-23,0.008558599710571272,False,0.03344293280471104,0.03834721132009682,0.023579936284686277,0.02962744682683074
2012-01-24,-0.008258109901121068,False,0.03339589714724427,0.038295697063823506,0.023541907539103683,0.029583895480235253
2012-01-25,0.02116612766430104,False,0.033393146112687955,0.038290877447389474,0.02354331663040427,0.02958275378436632
2012-01-26,0.015469792317014676,False,0.03335960368968512,0.03826223044491431,0.023499929025184135,0.02954540276682292
2012-01-27,0.003180940101368302,False,0.033341871714417666,0.03824511280966125,0.023480961550463468,0.029527192840374014
2012-01-30,-0.0004620820325050176,False,0.03331277322400366,0.03821605046877763,0.023451790359714175,0.029498066225940155
2012-01-31,0.0039206973265626666,False,0.03330732143725537,0.03820665330887404,0.02345427311452565,0.029495683905149887
2012-02-01,0.005337283003577175,False,0.03330068668345061,0.038199882898200685,0.02344791118030458,0.02948915469120757
2012-02-02,0.005536743602649102,False,0.03329412000940881,0.03819334039321709,0.023441295899859965,0.02948256921384895
2012-02-03,-0.010816498290285132,False,0.03328775198985581,0.03818716681054021,0.02343453684822621,0.029476049924099516
2012-02-06,-0.00872659929645173,False,0.03326400022505385,0.03815926453187845,0.02341913218353838,0.029455527222937268
2012-02-07,0.01360563769312381,False,0.03326894224696942,0.0381631088347905,0.02342628182858907,0.02946132326067849
2012-02-08,-0.009839809647734338,False,0.03322628260232687,0.03812091315007725,0.023382689113943735,0.029418302659251185
2012-02-09,0.005593504786632288,False,0.033268104294799705,0.03816391097549157,0.023422145484978826,0.02945920933053744
2012-02-10,-0.009069149732669144,False,0.03324913802055462,0.038144458370780204,0.02340415727013259,0.0294406214171601
2012-02-13,-0.0001741280936842106,False,0.03327759396421653,0.03817295288724898,0.02343253564000689,0.029469047351514156
2012-02-14,-0.0041292190082160935,False,0.033264802737325266,0.03815869009280661,0.02342270388321711,0.029457400991363066
2012-02-15,0.006042679587632634,False,0.03329994404778722,0.03819356602691947,0.02345837889216281,0.02949274876231367
2012-02-16,0.000289594850629365,False,0.03325822683101153,0.03815171513618341,0.023416930507143285,0.02945113554271511
2012-02-17,-0.0013328595810797458,False,0.03325144768355264,0.038143977568838,0.023412078838308585,0.029445102037581893
2012-02-21,0.018727555492429694,False,0.03324726015772791,0.03813679518848544,0.023413914265644722,0.029443244482500235
2012-02-22,0.00731483769854934,False,0.033219039649060596,0.038108126471560755,0.023386595148786375,0.0294153726759541
2012-02-23,0.008382858345699507,False,0.03312283040111657,0.03800808272481419,0.023298097462946084,0.02932214663468713
2012-02-24,-0.005505659316442745,False,0.03310051248555505,0.03798648625455289,0.023274328648447425,0.029299267440964488
2012-02-27,-0.0008453800602883715,False,0.03312446767920814,0.03801065453131435,0.023297855310574468,0.029323056857814816
2012-02-28,0.007526870622585002,False,0.03312625410635814,0.038012194148620684,0.023300138097101596,0.02932503530087393
2012-02-29,-0.044103332626816365,False,0.033104841099681634,0.03799127071661653,0.023277740506602092,0.02930324140936561
2012-03-01,0.0065287035581728,False,0.03339851415293093,0.03830638351026234,0.023528296089206615,0.02958023453128646
2012-03-02,-0.007172208750397793,False,0.033382764761912834,0.03829069360063206,0.02351242707514525,0.029564438864266608
2012-03-05,-0.0033999966776983195,False,0.03342429981881619,0.03833310130741933,0.023552207145511612,0.029605295007159433
2012-03-06,-0.018729788488398846,False,0.03343524112027432,0.03834387916951703,0.02356347713993407,0.02961636346301673
2012-03-07,0.0070945682581275695,False,0.03317422745178021,0.038044315256388045,0.023379991884128384,0.029385341549148035
2012-03-08,0.008753783142556369,False,0.03312174494725881,0.037982724832118404,0.02334582632072274,0.029339944926877835
2012-03-09,0.0075095975253485605,False,0.0331086433792241,0.03797039222042409,0.023331178304278628,0.029326245117506464
2012-03-12,-0.006862038788651917,False,0.03306375962705114,0.03792283232397139,0.023291676546956772,0.02928344338227893
2012-03-13,-0.0032420672438592062,False,0.03305652274422893,0.037913779287499554,0.023288092131479126,0.029277619451180834
2012-03-14,-0.030695984709045214,False,0.033057484853252946,0.03791524252096459,0.023288046428935668,0.029278191689753593
2012-03-15,0.010055800575299199,False,0.03319159131066752,0.038055415751123964,0.023409951997211905,0.029407578250802948
2012-03-16,-0.002172193946763881,False,0.033163726754790214,0.038025511768908844,0.023386188932473323,0.02938130035085687
2012-03-19,0.006862550608128275,False,0.03306569582274828,0.03791050841848399,0.02332229123795491,0.029296473812518844
2012-03-20,-0.012192373023583716,False,0.03303540252277578,0.0378787499746684,0.023294944489362066,0.029267320381697604
2012-03-21,0.002002032322780702,False,0.033058499102362075,0.0379025097665785,0.02331670728237379,0.02928990098787131
2012-03-22,-0.0046775598195612,False,0.03305336978167121,0.03789729299647716,0.02331175383122797,0.029284839702060285
2012-03-23,0.012104486840182692,False,0.033042682530917,0.03788452167127391,0.02330525786344716,0.029275773843079035
2012-03-26,0.013860040758867789,False,0.033028017319375595,0.03787027615541354,0.023289748601750676,0.029260782111952557
2012-03-27,-0.00041536431284905714,False,0.03296686992813692,0.03780656781829865,0.02323375152980682,0.02920162711430451
2012-03-28,-0.01609513538995114,False,0.03297506518385521,0.0378139881925915,0.023243505149875464,0.029210425221024038
2012-03-29,-0.0034440523963091448,False,0.03302837081409699,0.03787014604360219,0.023291074677767056,0.029261511848345117
2012-03-30,0.01029670253699488,False,0.033035941979507565,0.037877855185524605,0.02329836835855847,0.029268975669230993
2012-04-02,0.00490018373383596,False,0.03302532240047956,0.03786837376404819,0.023285459830414846,0.029257470613539078
2012-04-03,-0.004480963435036092,False,0.03298911667664741,0.03782921643856415,0.023255190073867123,0.029223561210089167
2012-04-04,-0.0351618651563432,False,0.03300016691781729,0.03783990164573395,0.023266974435063256,0.02923489544453235
2012-04-05,0.009997584461830536,False,0.033087225822241294,0.03793048504518078,0.02334694522611117,0.02931921232252035
2012-04-09,0.008560125642477288,False,0.03308416931778551,0.037928717031479105,0.023341297437374932,0.029315153383478204
2012-04-10,0.01029688080126366,False,0.03307137544472423,0.03791609485025843,0.02332815827478308,0.029302225935660058
2012-04-11,-0.00030134096958485624,False,0.03304691986732978,0.03788922368124722,0.02330856069467308,0.029279649667508165
2012-04-12,0.012281118861902968,False,0.0330105740074006,0.037846643095888075,0.023284753493595798,0.02924815436967071
2012-04-13,-0.012220858118282624,False,0.033000085590888566,0.037837819591219124,0.023270916772197916,0.02923637066624301
2012-04-16,-0.00628820298306942,False,0.033032107463621625,0.037871164176376766,0.023300278537435104,0.029267363480228098
2012-04-17,0.0009700501859497347,False,0.033008460065736926,0.037841908273590505,0.023287910406042545,0.029248079450317235
2012-04-18,-0.006992822669181386,False,0.03300361535950521,0.03783490552358295,0.02328740574252748,0.0292449136833506
2012-04-19,0.0010977172197064945,False,0.03300228799989922,0.037830627974951334,0.02329201150927266,0.02924588154511591
2012-04-20,0.0009138819427355624,False,0.03298846504457039,0.03781592910383117,0.023279950108548594,0.02923274004464516
2012-04-23,-0.006230900532803207,False,0.0329552062606152,0.03777920214197768,0.023253666178577406,0.029202179472893493
2012-04-24,0.006778843939865435,False,0.03296404039039157,0.037788406256735844,0.023261756231406208,0.029210725757575925
2012-04-25,-0.0009742879677306924,False,0.03295862459565065,0.03778266434318965,0.02325699629432741,0.029205563680425622
2012-04-26,0.01102704367836407,False,0.03294300989990065,0.03776547251469593,0.02324455337088072,0.029191175980216345
2012-04-27,0.0026477476332526172,False,0.03293389751222098,0.03775735265699407,0.02323344490575837,0.029181291412857014
2012-04-30,-0.0003606272693620108,False,0.032931664295396935,0.03775513498985497,0.023231180416956626,0.02917904609851351
2012-05-01,-0.001022569789065028,False,0.03291740488415041,0.03773715008224638,0.02322441335296139,0.029167685090994554
2012-05-02,-0.005007356738177033,False,0.03292039158093123,0.03773989096015473,0.023227894416176766,0.029170863032717532
2012-05-03,-0.0116804305128595,False,0.0329032553037208,0.037720546903187116,0.023215198205735355,0.029155444388932573
2012-05-04,0.006404608987367541,False,0.032880513393912084,0.037693800098476886,0.023200510541694436,0.029135818252482088
2012-05-07,-0.003715763250686093,False,0.03286747841053192,0.03768068909449192,0.023187628443383568,0.029122842412470467
2012-05-08,-0.021341694381911958,False,0.03285160972598145,0.037662551538397177,0.023176322687319992,0.029108738890223813
2012-05-09,-0.006442183199088381,False,0.03291378651614646,0.03772948388023163,0.023228935585585433,0.029167215902601948
2012-05-10,0.0008780886453683303,False,0.03290999234152147,0.037724483293953885,0.023227567625926714,0.029164360305737214
2012-05-11,-0.007235694057575699,False,0.03290577532277919,0.03771974187472106,0.02322440522922458,0.02916055126601003
2012-05-14,-0.014630373776526494,False,0.03288028323201687,0.037689706130972875,0.02320805088083297,0.029138594097703998
2012-05-15,-0.0024378832424801207,False,0.0329058753590914,0.037717144658239436,0.023229929711729182,0.02916274974150781
2012-05-16,-0.013320661016581662,False,0.03285228424835223,0.03765481294352342,0.02319391683320831,0.029115958744548337
2012-05-17,0.024625958761503444,False,0.032860482706948926,0.037663850154090864,0.02320042847737496,0.029123504661415743
2012-05-18,0.01080202267237359,False,0.032897594297942215,0.03770775937852008,0.02322386934499628,0.02915532775279055
2012-05-21,-0.0020125485861335465,False,0.03288965021891826,0.03769894216358367,0.02321768122996153,0.029148062965903106
2012-05-22,-0.007646876018406951,False,0.032891721854211325,0.03770096330558722,0.0232198544123297,0.029150173884535707
2012-05-23,-0.018052002832832256,False,0.03296247438511932,0.03777142331474224,0.023291195233854266,0.0292211539948202
2012-05-24,0.005925227079559546,False,0.03286869647307553,0.037673497356743066,0.023205759458721043,0.02913060322640799
2012-05-25,0.007357443151002155,False,0.03286913192009307,0.037674289738902675,0.02320547707332897,0.029130760980993237
2012-05-29,-0.012959745819266628,False,0.032848912792315825,0.03764299855157924,0.023207524969015198,0.029119155819125997
2012-05-30,0.009511671214859622,False,0.0328483300951714,0.03764246126249487,0.02320685095170271,0.02911853779490627
2012-05-31,-0.0005118674635913401,False,0.032839627042409884,0.03763291083693707,0.023199852050716983,0.02911049399080124
2012-06-01,0.03638365864295839,False,0.03283937798762642,0.03763267517361882,0.02319957606435236,0.029110234517574444
2012-06-04,-0.005135068018744437,False,0.032863327539242246,0.037669820013049825,0.023196988567268036,0.029123918250176323
2012-06-05,0.001859082205380155,False,0.03287009035055085,0.03767690971771016,0.02320309396322383,0.02913042674130392
2012-06-06,0.010837604631931995,False,0.032861240178847985,0.03766744967977249,0.023195470293754215,0.02912205104022094
2012-06-07,-0.028703015919928014,False,0.03285020581515475,0.03765646688498878,0.02318433221980601,0.02911097655636516
2012-06-08,0.0022035454843187135,False,0.03294170530127636,0.037757856922245175,0.023255940814511596,0.029194781279832105
2012-06-11,0.0033902747537376044,False,0.032914714072867966,0.03772638146534105,0.023237967819857586,0.029171278742144143
2012-06-12,0.010722595990918843,False,0.03291155729962046,0.03772317245603429,0.02323491609857014,0.02916816260809587
2012-06-13,0.003342843608440202,False,0.03290811888717304,0.03771949096866596,0.023231966534195174,0.02916491330582019
2012-06-14,0.0001854156211862676,False,0.03278110334549419,0.03757695761693052,0.02313615886664222,0.029049970485234264
2012-06-15,0.0052998062801940925,False,0.0327572564183277,0.03754988524720336,0.02311879862832335,0.0290286329242924
2012-06-18,-0.000799366013998755,False,0.032753783187494424,0.037546489464266544,0.023115169641993977,0.02902509943967012
2012-06-19,-0.0021552396687366127,False,0.0327336527821875,0.037523221708310135,0.023101348763856198,0.029007409865848027
2012-06-20,-0.004572082319639419,False,0.03273449976868034,0.037524119087296366,0.023102094405985065,0.02900821764741984
2012-06-21,-0.03164485610772617,False,0.03272185799547128,0.037509047297914704,0.023094339639290598,0.02899746640563218
2012-06-22,0.0009583134418115972,False,0.03282689147703446,0.03762596134774156,0.02317548010517919,0.02909325690854373
2012-06-25,0.013635854216098234,False,0.03282346434856034,0.03762199411064365,0.023173139189378373,0.029090249979875582
2012-06-26,-0.008540301789498156,False,0.03282851920422524,0.03762889145690886,0.023174488611446487,0.0290938713938981
2012-06-27,0.002221165438019698,False,0.03282342106007034,0.037622450159783445,0.0231720916827777,0.0290898182110579
2012-06-28,-0.017779983130193897,False,0.03279516723333337,0.03759005895262631,0.023152158543489062,0.029064783230258975
2012-06-29,0.03412740784803537,False,0.03281897570601388,0.03761568599522927,0.02317230968945775,0.029087176871376165
2012-07-02,-0.003936674515221323,False,0.032888585981754696,0.03769867356452947,0.023215016884672136,0.029146379729218984
2012-07-03,0.014976261054684983,False,0.03287380337357048,0.03768093369860396,0.02320618161873604,0.029133897841805305
2012-07-05,-0.007677595841302577,False,0.03286824734139995,0.037676947382671785,0.023197468729599147,0.029127120584070628
2012-07-06,-0.019139039655363514,False,0.03287127281176554,0.037678708062659064,0.023203037820409753,0.02913113005033658
2012-07-09,0.0064414186547363285,False,0.03291255723288515,0.037724018425296435,0.023236225668903057,0.029169282324013796
2012-07-10,-0.005871368037160729,False,0.03288880177914818,0.03769740891939604,0.023218210000634537,0.02914774729800652
2012-07-11,-0.0025995244667151854,False,0.032829421317733115,0.03762891116079036,0.0231771653393134,0.02909546001441115
2012-07-12,-0.006560277556704476,False,0.032830872051316164,0.03763045840406259,0.023178421982221236,0.02909683566429644
2012-07-13,0.016917844443290076,False,0.03283500791861391,0.037634935372824294,0.02318187186022584,0.02910070615762557
2012-07-16,-0.0002513663600440253,False,0.03285135340679081,0.037654671762643116,0.023191397904729433,0.029114413553853472
2012-07-17,-0.0013206149982708804,False,0.03284010563131476,0.037641314064762815,0.023184393395060038,0.029104807279634454
2012-07-18,-0.011837423346489425,False,0.03282383351513575,0.037622149968038185,0.023173937342134358,0.029090785099136204
2012-07-19,0.006157741197844146,False,0.032826795417815746,0.03762527243883737,0.023176576326204443,0.029093622081217713
2012-07-20,0.0015177543118384655,False,0.032825944602982916,0.03762438007594704,0.023175809068686968,0.029092803590411807
2012-07-23,-0.0034181730051708655,False,0.03281799345992585,0.0376150075061086,0.023170716557608953,0.02908595830501269
2012-07-24,-0.0006977105953359328,False,0.03279410433474349,0.037583594676288135,0.023161958357889006,0.029067922556521377
2012-07-25,0.020101179321087303,False,0.03278752405654088,0.03757675757084824,0.023155894585047923,0.029061542087672896
2012-07-26,0.004343785917845313,False,0.032830125557970616,0.0376237505148184,0.023189664454595763,0.029100727085047417
2012-07-27,0.001794070444503943,False,0.03279779123680499,0.03758829085672272,0.023163615499803284,0.02907082424879755
2012-07-30,0.001111889644688937,False,0.03264706724484405,0.03741368448829468,0.023060921364883677,0.02893868053775719
2012-07-31,-0.005696226974696493,False,0.032633016507390776,0.037395747714559266,0.02305468583658037,0.028927653102691315
2012-08-01,-0.004231260703659929,False,0.032591028492819224,0.03734981151581302,0.023020638016810813,0.028888736741026377
2012-08-02,-0.010215956030912727,False,0.03256535140967463,0.037318348921144606,0.02300659617824847,0.028867560735466334
2012-08-03,0.011649142470026142,False,0.032516846356824634,0.03726066227412928,0.02297655623316446,0.02882619888292247
2012-08-06,0.004287200553178683,False,0.03250216170441655,0.03724462734463223,0.022964587123560014,0.028812564734331202
2012-08-07,-0.0019860201813826557,False,0.03248283951029036,0.03722368569987503,0.022948521807257507,0.02879450245869355
2012-08-08,0.001986020181382777,False,0.03248400810544571,0.03722480565459049,0.02294978822322136,0.028795708895687583
2012-08-09,0.0026005904265769425,False,0.0323618082015506,0.03709447951878122,0.022843930987638997,0.02867983112945741
2012-08-10,0.0016065102594872518,False,0.03240996698840338,0.03714184123098168,0.02289369277164972,0.028728610033448655
2012-08-13,-0.006255231008312323,False,0.032408400680715,0.03713891295155332,0.02289486552588242,0.028728103327913763
2012-08-14,-0.0063571115753349,False,0.03240923606904716,0.03714015456909632,0.022894883946483185,0.028728622673457382
2012-08-15,0.002684854905291065,False,0.03240520947617294,0.03713627781856298,0.02289055600561618,0.028724479504546804
2012-08-16,0.0077023951802267935,False,0.03240522316792879,0.037136330919207004,0.022890490442140983,0.02872446253653084
2012-08-17,0.00012379237775770355,False,0.032413160021578395,0.03714486992664744,0.02289721630405654,0.0287319309197748
2012-08-20,0.0023482440213155654,False,0.032352125640007966,0.03707184992243693,0.02286028621305988,0.028680221248246013
2012-08-21,0.012147418590037432,False,0.03235543873292663,0.03707496988053711,0.02286398771949067,0.02868368459837162
2012-08-22,-0.0015256463843216833,False,0.032373776099568805,0.0370943529316998,0.02288022210956767,0.028701208431562777
2012-08-23,0.01947442928768001,False,0.03237680815293555,0.03709742702774075,0.022883169610895218,0.02870420777609512
2012-08-24,0.00011982586151048442,False,0.0324128370118048,0.037137930135954074,0.02291020030508604,0.02873675570793702
2012-08-27,0.0015558470788295134,False,0.03241029426277536,0.0371326523346603,0.022913158020779492,0.028736340805752034
2012-08-28,-0.0035341163328350606,False,0.032323714723777174,0.03702677350724675,0.022865391288574923,0.02866477594508032
2012-08-29,-0.004028476165369704,False,0.03230516331708773,0.037001140083247765,0.02286108252978151,0.02865173428618657
2012-08-30,-0.0038028891605771755,False,0.03222713816853328,0.03691679529047175,0.02279576682029531,0.02857862576580421
2012-08-31,0.01863387896691745,False,0.03212898727158557,0.036809595250427214,0.022715814658715763,0.028487515023384737
2012-09-04,0.004914916675882987,False,0.03216740251588033,0.03685092644814058,0.022748365627902556,0.028523661681312307
2012-09-05,-0.0012412304933022203,False,0.03145398259802894,0.03604914800391234,0.022212643578440033,0.02787898392754467
2012-09-06,0.006954661539328423,False,0.03117500519495364,0.03573667261286413,0.02200103399262228,0.027626067667407488
2012-09-07,0.020290818328273095,False,0.031121246356834085,0.035665495030039185,0.02198230599907519,0.027585860460984064
2012-09-10,-0.005077645755781251,False,0.030844687366270534,0.03536474665779583,0.021754394283861313,0.027328120598723145
2012-09-11,0.001791705525548226,False,0.03083252962198789,0.035347242262579834,0.02175298919144865,0.027320122502307316
2012-09-12,-0.0006932031433580678,False,0.030828565530310183,0.035343196308496146,0.021749189733288966,0.0273162220988686
2012-09-13,0.022002773808939204,False,0.030822102106775884,0.035334125826918125,0.02174796936524836,0.02731178694378971
2012-09-14,0.0003956445485829216,False,0.03083401539704932,0.035351885356462165,0.021748125281343268,0.027319151910820436
2012-09-17,-0.0011873345034459492,False,0.030824910116037968,0.03534226618340168,0.02174005348884126,0.027310446433348273
2012-09-18,0.0003959578383912291,False,0.03081949611037916,0.035333381242256504,0.021741619882952933,0.027307732785272494
2012-09-19,0.0003392184019618101,False,0.03081078142014164,0.035324225291189296,0.02173379261254975,0.027299361392117916
2012-09-20,-0.0007351762403530551,False,0.030693722313230108,0.03517550227361509,0.02168041280927004,0.02720693653196852
2012-09-21,0.0044028344637102946,False,0.030664752901601935,0.03514410581204661,0.021656324438765463,0.027179855344058847
2012-09-24,-0.007575807663552554,False,0.030457561285711022,0.03491799803962763,0.02148717511297354,0.026987380333222438
2012-09-25,0.0009643344179717454,False,0.030430387716697618,0.034888047320437855,0.021465586671811105,0.026962367362862467
2012-09-26,-0.007512027785335529,False,0.030337050686663657,0.034785363239711625,0.02139104749923185,0.02687630225687178
2012-09-27,0.01530555379885569,False,0.03032626520606016,0.034768393747730726,0.021392698686428454,0.026870327883268725
2012-09-28,-0.0036633174731842584,False,0.030264864242223962,0.03469579788277554,0.02135381179279284,0.026817636455016454
2012-10-01,0.005293415039934949,False,0.030298979230707644,0.03472447666609741,0.021398859535691855,0.026855980763776852
2012-10-02,-0.004390443242588438,False,0.03030034806875353,0.03472591284975575,0.021400092934949096,0.026857297207522703
2012-10-03,0.002591605763905538,False,0.03029532112367114,0.0347210454859569,0.021394745055882396,0.02685214610959138
2012-10-04,0.009408103578217317,False,0.03015334988095469,0.03455486208696369,0.021301466890516832,0.026729011713615667
2012-10-05,-0.00867696557838865,False,0.03014541861481778,0.03454147989278605,0.02130449798798302,0.026725321222027056
2012-10-08,-0.002871529025301445,False,0.030154815591578316,0.03455181270471644,0.021312012906252262,0.026733990127174822
2012-10-09,-0.00593809181580629,False,0.030125467019941184,0.03451103978282237,0.021305639850070505,0.026713529600552868
2012-10-10,0.00011340886782257817,False,0.03001685751234719,0.03437504753997141,0.02125209977250603,0.026626223622536412
2012-10-11,0.0031710658827700197,False,0.029992270338945755,0.03433832425309026,0.02125191954186723,0.026611078239739353
2012-10-12,-0.006124578903340515,False,0.029920349190830715,0.034261689981499074,0.02118947695829492,0.026542823860646263
2012-10-15,-0.012593183024826865,False,0.029873394249965636,0.0342124212870948,0.021147175208115022,0.026497668999886217
2012-10-16,0.0049989768790153375,False,0.029890084670212154,0.03423071998576883,0.021160631218960856,0.02651310819352123
2012-10-17,0.0038899705382307768,False,0.029844496736836517,0.03418224800416167,0.021120843396158426,0.026469764024555052
2012-10-18,-0.00469266687935207,False,0.02983849352855478,0.0341692286697787,0.021128950321936863,0.02646921930128274
2012-10-19,-0.011828994235928167,False,0.02980733408157091,0.03412567598070859,0.021122714929160943,0.026447701688720012
2012-10-22,0.001334103125177968,False,0.02978501227923403,0.03410414630224053,0.021098800086188824,0.02642476362091111
2012-10-23,-0.009786253111552812,False,0.029574077309548627,0.03387312187364757,0.02092826703549574,0.026229458075314186
2012-10-24,-0.004576427088636116,False,0.029570441189068746,0.033864402150229664,0.020934854550955298,0.026229776953651418
2012-10-25,0.006739952254437173,False,0.029568782060860638,0.033859355665791,0.020940007736242282,0.026230753159093147
2012-10-26,-0.000642715601365528,False,0.029580022175946206,0.03387120675514629,0.020950019120725156,0.02624151794151732
2012-10-31,0.0038501829961824258,False,0.02953724053347866,0.03382583965079948,0.020912437101696147,0.0262007477658773
2012-11-01,-0.001981597826572658,False,0.02953643445497128,0.03381921734639681,0.020923328037455998,0.02620446666046801
2012-11-02,-0.023612454431588336,False,0.02952796936688906,0.03380399665977918,0.020928449136340198,0.026201257369217714
2012-11-05,0.004826738663643604,False,0.029538685647753724,0.033816068913901744,0.02093643841883355,0.026210918714695722
2012-11-06,0.018785715767944633,False,0.02924246539566581,0.03348816659489365,0.020703933984434347,0.025939346834780188
2012-11-07,-0.0005252090298398552,False,0.02930063013938955,0.03355088957240169,0.02075293166233769,0.025993965312313422
2012-11-08,0.007095983552185002,False,0.029306098564230398,0.0335532458495929,0.02076465892858447,0.02600185496092472
2012-11-09,0.002835910289781616,False,0.029314218797852454,0.033561950335889844,0.020771604171414045,0.02600952065105345
2012-11-12,0.0,False,0.0292726790996229,0.03351787383841206,0.020735166231185962,0.025969954560548243
2012-11-13,-0.003531685625527172,False,0.028906470945069034,0.03311267190627936,0.020447378478604807,0.025634083225387867
2012-11-14,0.0030692029206921614,False,0.02876073481598718,0.032952921232331824,0.02032982700641108,0.025499250290171055
2012-11-15,-0.009410985538836835,False,0.02876551134609707,0.03295769279039724,0.020334613535801647,0.025504030688488253
2012-11-16,0.0005834986578838031,False,0.028771846167921857,0.03296245829984868,0.020344104402379718,0.025511586421673723
2012-11-19,0.011426015844216614,False,0.028756764747490445,0.03294662812170273,0.02033052880889302,0.02549708752822395
2012-11-20,-0.006247879274090532,False,0.028569115498333637,0.032719983497924106,0.0202213031735227,0.025339776340946155
2012-11-21,0.002723813382005552,False,0.028554776894905338,0.03270563947003865,0.020206975479222407,0.02532544195769829
2012-11-23,0.013451584711290317,False,0.028554312759255206,0.032700544261371034,0.02021582489640416,0.02532858075652777
2012-11-26,-0.0010283643519497215,False,0.028590175883249094,0.0327377928901758,0.020248901631108526,0.025363365969843957
2012-11-27,-0.004181378449656191,False,0.028587964281822927,0.03272992999546216,0.020258055347914812,0.025365551025383248
2012-11-28,-0.01486132046033978,False,0.028511150040230394,0.03264801330929137,0.02019150263469207,0.025292706441239852
2012-11-29,0.006214238032745709,False,0.02850840983797728,0.03264793378016376,0.020183411551632446,0.025287896258464584
2012-11-30,-0.009482009830170463,False,0.028284513413328306,0.032400698497888514,0.02000645191306264,0.025082157261811074
2012-12-03,0.0050721293242802536,False,0.028222953094692655,0.03233492202756636,0.019953370698801133,0.025023877072472726
2012-12-04,-0.014762981168783272,False,0.028232080548398437,0.032343232198733626,0.019964141789753042,0.025033640364876472
2012-12-05,-0.0011810559842021378,False,0.028193520401612417,0.032303269867810305,0.019928401576056725,0.024996171105138874
2012-12-06,0.004657080509181477,False,0.028183613138301474,0.03229293325882887,0.01991935776999859,0.02498659786902077
2012-12-07,0.0021736936084627303,False,0.028076515986576813,0.03217482572955824,0.019834403593041665,0.024888066695147093
2012-12-10,0.005267790934858805,False,0.028077156369423976,0.032173874692550015,0.019838244481008235,0.02488994518878345
2012-12-11,-0.002806063396621461,False,0.028030998868141945,0.032116072695123205,0.0198155052306663,0.024852847004100287
2012-12-12,0.004905420134284793,False,0.02801038220774286,0.032094304810013824,0.01979720379875104,0.0248331259865008
2012-12-13,-0.012308929981781139,False,0.028014495193944142,0.03209659376385906,0.019804985097166574,0.024838658053991172
2012-12-14,0.00011798858346372233,False,0.028003351009188104,0.0320861833083179,0.019792365309287605,0.02482694303429537
2012-12-17,0.0007073515707606638,False,0.027912129471164632,0.031985813557972385,0.01971954174479147,0.024742838725794632
2012-12-18,-0.016337805850517063,False,0.027908614045500622,0.03198226426999911,0.019716094419631437,0.02473934964471236
2012-12-19,-0.0017985616359148672,False,0.02792951463356727,0.03200609894360675,0.019731094267071387,0.024757967539778502
2012-12-20,-0.013046011827404329,False,0.027896596240970562,0.03197022002988052,0.01970412977972422,0.024727352406839962
2012-12-21,0.008595665013674869,False,0.027906021526386413,0.031981353289695896,0.019710120157129453,0.024735448903046246
2012-12-24,-0.00030141363664231194,False,0.027870662148281607,0.031937005452413576,0.019692837472937947,0.024707082467908887
2012-12-26,0.0007232842850021091,False,0.027857840520806285,0.03192336706636597,0.01968165842896006,0.024694896271490366
2012-12-27,0.0016854848302958485,False,0.02779617498103087,0.03184867325734999,0.01964619404676134,0.024643366611732262
2012-12-28,-0.00464202863523224,False,0.02776647590547161,0.03181657220275985,0.019621325592209492,0.024615536254942273
2012-12-31,0.011953185522100071,False,0.027767548306880295,0.031817909835793544,0.01962186458618909,0.024616402308456374
2013-01-02,0.007791382859457663,False,0.027656602415935958,0.031683130307487324,0.01955885053305177,0.024523998779833203
2013-01-03,-0.008448451813215838,False,0.02767124441004119,0.031698547329462826,0.01957193386829139,0.024538037809004407
2013-01-04,-0.015413620919155364,False,0.027663230901637394,0.031687463671336645,0.019570094739244884,0.024532412850349364
2013-01-07,-0.001578805043280168,False,0.027664196765721794,0.031691420661617106,0.019565045148217972,0.02453105164430034
2013-01-08,0.009676519411254312,False,0.02748816133196999,0.031495652144010906,0.019428694927443913,0.02437036837794902
2013-01-09,-0.0040406237004283535,False,0.027467101518770867,0.031472258954312514,0.019412327768672948,0.02435112391134698
2013-01-10,0.013505201717634268,False,0.027465600960359857,0.031470180781577504,0.01941198885066423,0.02435007273185011
2013-01-11,-0.010367784461265891,False,0.02748355313614241,0.0314897719736429,0.019426644800132713,0.02436674976723737
2013-01-14,0.005347139027603056,False,0.027283825748598535,0.031267977255565474,0.01927129703001388,0.02418419057068344
2013-01-15,0.008650830902112815,False,0.027263154171304753,0.031245243265084686,0.019254773172720605,0.024165123532889392
2013-01-16,-0.00041595511562870385,False,0.027269900402059035,0.03125103521881477,0.01926343855038697,0.02417261218285853
2013-01-17,0.004565584579943345,False,0.02726111150034762,0.031239400372954355,0.019260373128112875,0.024166037400912183
2013-01-18,-0.002250548079390936,False,0.027220611936932766,0.031194810754150135,0.019228099076757637,0.024128719864973527
2013-01-22,0.0036693378433432255,False,0.027150313885983515,0.031117170461642564,0.019172567010797153,0.024064134014019467
2013-01-23,-0.0038471828766571143,False,0.027113253522458712,0.031071991909389342,0.01915183313993098,0.02403338953063114
2013-01-24,-0.010012628248205289,False,0.027095468384262918,0.03104975542859887,0.01914300009864057,0.024019067498211134
2013-01-25,-0.00787759297306593,False,0.027084477848181333,0.031039045328787804,0.01913144557706111,0.024007858785153165
2013-01-28,-0.002417796113123141,False,0.027064487607034206,0.031018004009213937,0.019113569160166145,0.02398868627386911
2013-01-29,0.005010379513052234,False,0.027064308417088304,0.031017895956655408,0.019113246905791522,0.023988451739655307
2013-01-30,0.011495111538641122,False,0.027023341953613847,0.030967874060432846,0.01909049182680547,0.023954530324003
2013-01-31,-0.011555314223236052,False,0.026977189894247553,0.03091661981789376,0.01905460077009633,0.023912347718714675
2013-02-01,0.00528532691511206,False,0.026868722142322395,0.030796175465951783,0.01897021916334359,0.023813197657308816
2013-02-04,0.003527987804295923,False,0.02687006708744326,0.0307977246705649,0.018971153322116373,0.02381438369032342
2013-02-05,-0.0017325477647560472,False,0.02686962450641801,0.03079632866694236,0.018972628169664912,0.023814682863776342
2013-02-06,0.0031640435915196957,False,0.02677039389841057,0.03068771093444254,0.018892276011547908,0.023722755356879687
2013-02-07,-0.004360645368131427,False,0.026773978172004897,0.030690029178391986,0.01889840639787675,0.02372732459051298
2013-02-08,-0.002637589577229781,False,0.026768540704974465,0.03068476693273271,0.018892616543075422,0.023721750802781643
2013-02-11,-0.010741790022626579,False,0.026725974639082675,0.030633106643429164,0.018868339873591492,0.023686259963510526
2013-02-12,0.00030331524683415996,False,0.026715044564536456,0.030623041815548188,0.01885566970112436,0.02367465673459343
2013-02-13,-0.00273315493015603,False,0.026647223601100816,0.030544368651618234,0.018809673602523416,0.02361527868864
2013-02-14,-0.005794642633454804,False,0.02664672351245677,0.030543652327764785,0.01880960838459708,0.023614946829105865
2013-02-15,-0.015970681578293237,False,0.026586030678506796,0.030473210532629476,0.01876852169045812,0.023561838602062873
2013-02-19,-0.003237503265273443,False,0.02660091985526498,0.030491862154998342,0.018775844211316055,0.02357380062889981
2013-02-20,-0.016346397170892382,False,0.0265988395407327,0.03048969729606799,0.018773933924057178,0.023571786089173003
2013-02-21,0.0003802367748848245,False,0.02652546525442758,0.030407280336624928,0.01871874536138327,0.023505446923824447
2013-02-22,-0.00368179607348202,False,0.02652010554226383,0.030400619033520968,0.018716003279289566,0.023501099838077754
2013-02-25,0.008738057791808123,False,0.02646497191127097,0.030339038959151528,0.018673834093197266,0.023450981483895413
2013-02-26,0.018117569902101203,False,0.026458094268658007,0.030330076767138395,0.018671148688732115,0.023445725602563257
2013-02-27,-0.012459668170070734,False,0.026440188569549303,0.030305527750137402,0.01866660336894272,0.023432988346923884
2013-02-28,-0.011031030283688134,False,0.026382113351497465,0.03023968104270387,0.01862415739635208,0.023380959279935873
2013-03-01,-0.003682965048724668,False,0.026351498551889393,0.030207726835253672,0.018596236280400906,0.023351386527965236
2013-03-04,0.00012719540212769093,False,0.02632814269034488,0.030182130832041493,0.01857738556867675,0.023329773477130725
2013-03-05,0.0015889665775550947,False,0.026324949236664397,0.030178573961648674,0.018574922982494475,0.02332686275848776
2013-03-06,0.0,False,0.026318339635323953,0.0301703533232241,0.018571553338490178,0.023321506529969654
2013-03-07,0.00012705483006648187,False,0.026314490880593944,0.030165722589131885,0.018569277222774037,0.023318266148373862
2013-03-08,0.0011423030650432725,False,0.026214423387109883,0.03004988422572898,0.01850092653220794,0.023230468254351887
2013-03-11,0.0007608884674092431,False,0.02562739184698052,0.029380738658374334,0.018079034545680068,0.022707320712344256
2013-03-12,0.008645465114191514,False,0.025627291447980455,0.029380400218692374,0.018079412870392327,0.02270740550692182
2013-03-13,-0.0020126751386568497,False,0.025642125668836665,0.029395900765044964,0.018092907043771343,0.02272172133234429
2013-03-14,0.001446995590579768,False,0.025537484836890265,0.029275408147174473,0.01802014574495403,0.022629413051807438
2013-03-15,0.0011938202722479318,False,0.025522367579511245,0.029258324304449485,0.018008983488165365,0.022615825780702307
2013-03-18,0.0075693806581912625,False,0.02552255123454633,0.029258389921282296,0.018009404529877118,0.022616101268430867
2013-03-19,0.004166847778572508,False,0.02550361014572227,0.029234510808199162,0.018000394303651964,0.022601001919479412
2013-03-20,-0.0023611597713077293,False,0.025504733330262236,0.02923438978298552,0.018004019718934228,0.022603093088372946
2013-03-21,0.00391149955924602,False,0.02549586144452331,0.029225060569438695,0.017996067565336057,0.022594576999686092
2013-03-22,-0.0047205663164381455,False,0.025500533403263102,0.029229884251747707,0.018000434392743996,0.02259913091881027
2013-03-25,-0.0009966212500727048,False,0.025454945204172637,0.029177117411319675,0.01796928316217168,0.02255912764016789
2013-03-26,-0.005499280632432003,False,0.02543714956611083,0.029155900212347326,0.01795836862665083,0.022543993946699096
2013-03-27,0.006495901882504646,False,0.025353051581040755,0.02905897469588667,0.017900068095185576,0.022469875669347092
2013-03-28,-0.007122743230299197,False,0.025353357298110984,0.029058353439019458,0.017902238049918997,0.022470902564068442
2013-04-01,0.0032552621035893824,False,0.025345425907048708,0.029051214190397672,0.017892713580871977,0.022462354893085547
2013-04-02,-0.015684882420190893,False,0.02535263333563148,0.029058184549413637,0.01790039778015712,0.02246974675972686
2013-04-03,-0.014258962507669856,False,0.025327630677681057,0.029034982867175343,0.017871773179218415,0.02244334295835553
2013-04-04,-0.0006442053746879387,False,0.025320047696019036,0.029029807794572808,0.017859347650666005,0.022433886644413606
2013-04-05,0.015093644840956136,False,0.025318875543888293,0.029028645678952646,0.01785815531410475,0.02243270668396503
2013-04-08,-0.0021605297771282875,False,0.025348267022827376,0.029056841097078547,0.017889952191432433,0.022463028687801315
2013-04-09,0.008992493876984647,False,0.025321739562027164,0.029026479302085094,0.017871135961690144,0.02243948430561357
2013-04-10,-0.017745673080341796,False,0.025298304910484237,0.028998257074398983,0.017857329606478976,0.022419774346619216
2013-04-11,0.003842955995970894,False,0.02529171842240621,0.02899545138786416,0.017843139546877315,0.02241024642786428
2013-04-12,-0.04130691814830361,False,0.025291338737753747,0.02899409477404378,0.017844724564872398,0.022410626785597233
2013-04-15,-0.09820579166610198,False,0.025360732109339937,0.029087148287426322,0.01786653501565411,0.02246161277290143
2013-04-16,0.01907320905271241,False,0.026118714163593203,0.029990887806278205,0.018331384173479553,0.023106196788971772
2013-04-17,-0.0033225726891608644,False,0.02618834928148366,0.030064504295450715,0.018393012353962884,0.023172734434675085
2013-04-18,0.007065164563453464,False,0.026127542016485844,0.029998940930245854,0.01834177008402882,0.02311562737422161
2013-04-19,0.0023679189985098153,False,0.02615632717624865,0.030027924732781326,0.018370155753230605,0.023144257991637093
2013-04-22,0.018251368204225838,False,0.026136322830301595,0.030005733774745132,0.018354548903746715,0.023125954810854086
2013-04-23,-0.008764563117937952,False,0.026217885890018215,0.0300915828281761,0.01842749239975854,0.023204183404783932
2013-04-24,0.010452107037941706,False,0.026190398631303645,0.030062572549479992,0.01840306808714923,0.023177881042352338
2013-04-25,0.026620193431926197,False,0.026232323806927367,0.03010594555407022,0.018442081533348646,0.023218679819648005
2013-04-26,-0.005625365162654407,False,0.02637899899586056,0.030262467313195558,0.01856895428095748,0.02335769446271692
2013-04-29,0.009448922631150495,False,0.026367368049874485,0.030251206467372716,0.018556579026382365,0.023345775582026725
2013-04-30,0.003265703540304102,False,0.026400553858446762,0.030285541204547756,0.018587454224173613,0.023378067534151066
2013-05-01,-0.01774924261742811,False,0.0264079404419601,0.03029287126996772,0.01859495447124756,0.02338549808824888
2013-05-02,0.014687911508285616,False,0.026388891417423534,0.03027736067911496,0.01856878930128813,0.023363696193119454
2013-05-03,-0.00231917044176605,False,0.026449475330555944,0.030340945965122667,0.018623337152208423,0.02342194506429122
2013-05-06,0.0025916852087923934,False,0.02644445971342942,0.030336020711377917,0.018618139805248013,0.023416859145240575
2013-05-07,-0.013095367795032163,False,0.026452691530558157,0.030344314416133177,0.018626247160145836,0.0234250428143348
2013-05-08,0.017038302086289602,False,0.026416705814435767,0.030308717978112333,0.018589478566674852,0.02338875424323929
2013-05-09,-0.0034661912971972815,False,0.026490117788340102,0.030386086362699495,0.018654933801443334,0.023459088164085325
2013-05-10,-0.022027321577899984,False,0.02647738320237392,0.030372223747459712,0.01864446779560879,0.02344723117507098
2013-05-13,-0.001602096110455087,False,0.026462694760471802,0.03036252265965892,0.018619749283841924,0.023428662615108554
2013-05-14,-0.006855125470800369,False,0.026459156471242723,0.030358447803781413,0.018617290084018065,0.02342554177005946
2013-05-15,-0.019992124565387674,False,0.026435437260913654,0.030334465036174485,0.01859410091383786,0.02340202760499747
2013-05-16,-0.006753887216782063,False,0.026421323636695682,0.030326572500119373,0.018567476056681433,0.023383074028362837
2013-05-17,-0.01613403541922928,False,0.026411036368009767,0.030316327548186823,0.018557103684755598,0.023372753837611306
2013-05-20,0.014113448217259888,False,0.026390604998703156,0.030296062135682374,0.01853633855965655,0.023352193355357785
2013-05-21,-0.0047065723681885985,False,0.02644226271686395,0.03035044479356474,0.018582516150433305,0.023401731094144323
2013-05-22,-0.007430698684902042,False,0.02643617253822376,0.030344580774266196,0.01857597114264899,0.023395464965505753
2013-05-23,0.01768420098097557,False,0.02635534121516952,0.03025828639030746,0.01850612658360513,0.02331888385626217
2013-05-24,-0.0037425918742925827,False,0.02642486151924477,0.030328666076404387,0.018573918584146525,0.023387735568608167
2013-05-28,-0.005567875242675551,False,0.026345808001080072,0.030242888803443377,0.01850838721199158,0.023313913073123676
2013-05-29,0.008807502165758149,False,0.026305292177163684,0.030200705004892504,0.018471225852542045,0.02327469491894798
2013-05-30,0.01441437175038911,False,0.02633836016385854,0.030234793617082086,0.01850224125888872,0.02330696886789568
2013-05-31,-0.013480482716379243,False,0.026396756269504173,0.03029601740968684,0.018554950602139013,0.023363165057710977
2013-06-03,0.013622131324814718,False,0.026381327893115158,0.030282912882091673,0.018534848732494082,0.023345928747196723
2013-06-04,-0.010395975120352336,False,0.026356356522757952,0.030251921451179484,0.018521984308371247,0.023325640931527832
2013-06-05,0.0009301011782125091,False,0.026292342417298175,0.030185758071356435,0.01846229260945894,0.023263298942806522
2013-06-06,0.012295330550164955,False,0.026298068057793365,0.030191312884058505,0.018468361801798457,0.023269157485837164
2013-06-07,-0.023369021245246344,False,0.026353238391478313,0.030248541739117705,0.018519392242309116,0.023322726307818818
2013-06-10,0.0023111025946810702,False,0.026330334427834928,0.03023377159828799,0.01848013034429189,0.023293494300856775
2013-06-11,-0.006658935530784299,False,0.02633815925308712,0.03024167684364625,0.01848779343663601,0.023301256559966756
2013-06-12,0.01069068876481086,False,0.026265354514920812,0.030164615151584306,0.018423549860183276,0.023231763694861154
2013-06-13,-0.01025507154217024,False,0.02631423337198812,0.030215021819109567,0.018469356137016245,0.023279453928696542
2013-06-14,0.007016610331898619,False,0.02629448063069042,0.03019580266363903,0.018448530301044177,0.02325928606227184
2013-06-17,-0.0032489829246715824,False,0.026325272077962036,0.03022711896759693,0.018478266208820218,0.02328966917561205
2013-06-18,-0.011784578876664325,False,0.026315876197009175,0.030217906434689933,0.01846850159653763,0.023280130651476123
2013-06-19,0.005109127327628792,False,0.026289238751866482,0.03019335753532359,0.01843766387613336,0.023251868335906756
2013-06-20,-0.06597613154712086,False,0.02625972606231203,0.030160195585757495,0.018415490214874833,0.02322519473886314
2013-06-21,0.004422859719568829,False,0.02648770055317449,0.030450389159237323,0.01851833588334087,0.023404763325261077
2013-06-24,-0.011524755043811986,False,0.026457413741391125,0.030417601230509697,0.01849307906886293,0.023376422360680296
2013-06-25,-0.0015676440923652083,False,0.02640795857363393,0.03036920256009413,0.018441499178871633,0.023326145247191434
2013-06-26,-0.03610044847665988,False,0.0264103978486851,0.03037160221659217,0.01844401813081114,0.023328615345131934
2013-06-27,-0.014912157668658067,False,0.026312544140586043,0.030285112128255628,0.01832331104237878,0.023221920839813507
2013-06-28,0.010184076226778084,False,0.026308432166292122,0.030284412996378695,0.018312335499309843,0.02321515370383864
2013-07-01,0.0258916545363587,False,0.026325204998530877,0.03030183929574759,0.018327794143536996,0.023231418144340623
2013-07-02,-0.009842086910742568,False,0.02648513434135605,0.03046964559270788,0.018471882140692397,0.02338521928544221
2013-07-03,0.006811742623575429,False,0.026462116435111763,0.030448401874255904,0.018445296164656275,0.023360821076545357
2013-07-05,-0.031807915732905694,False,0.026504083313899852,0.030487226802103636,0.01849358182226039,0.023405232365804534
2013-07-08,0.017975808450345476,False,0.026495877528284372,0.030493823426054705,0.018455606904735935,0.02338551043444757
2013-07-09,0.008868165006491742,False,0.026575209224865757,0.03057719326038373,0.018526817500848117,0.023461700495025908
2013-07-10,0.0012032247636410058,False,0.026625924081106103,0.030627432410807037,0.018578489049250885,0.0235127854462494
2013-07-11,0.025876776126085747,False,0.026618287406005175,0.030619538357831932,0.018571369986897568,0.02350534900889331
2013-07-12,-0.0017982934091746827,False,0.02677043746606477,0.03078048034871128,0.01870583859130421,0.023650659023336407
2013-07-15,0.004684580530843276,False,0.026765045562318363,0.030775166061375547,0.018700290593162677,0.02364520673469839
2013-07-16,0.005437751093870546,False,0.026771435291014736,0.03078148569899179,0.018706821282058854,0.02365165099364474
2013-07-17,-0.010044094286119024,False,0.026787042664737443,0.030797233513824372,0.01872214621460829,0.023667149105406952
2013-07-18,0.005229242099017883,False,0.02669731089756618,0.030704936185640925,0.0186375740482337,0.02357941332236193
2013-07-19,0.006749762357370308,False,0.026662115953239376,0.030666882137070813,0.018608129049615254,0.02354644273623897
2013-07-22,0.03278232057525459,False,0.026702114005181094,0.030706940708073262,0.018648005391649274,0.023586393704878444
2013-07-23,-0.0009732726413989683,False,0.02692965517395375,0.03094474968997203,0.018854896957261464,0.023805946604452427
2013-07-24,-0.011601776086361223,False,0.026928122690542802,0.03094322440818652,0.01885334999065867,0.0238044085182396
2013-07-25,0.007022378689875025,False,0.026910355620967323,0.030926391362647025,0.01883370450496395,0.023785914786097723
2013-07-26,-0.005508029892910125,False,0.026926041002445604,0.030942197550505007,0.01884914693268279,0.023801506181264594
2013-07-29,0.0050564790608036815,False,0.02689709743846675,0.030913350709121056,0.01882000884985395,0.023772487367949187
2013-07-30,-0.003317771384185275,False,0.02690345028396722,0.030919446902747425,0.018826877848042958,0.023779039886372744
2013-07-31,-0.008799916807399286,False,0.026843087480565825,0.030856223023745008,0.018772268954948226,0.02372090297487433
2013-08-01,-0.001067335925854353,False,0.026812623628123512,0.03082680937807889,0.0187396930312305,0.023689622070705466
2013-08-02,-0.00030517578646048856,False,0.026814900120571472,0.03082901341935499,0.018742115230259707,0.023691954929534225
2013-08-05,-0.006122780607501365,False,0.026819409571948026,0.030833595685746274,0.018746478243330478,0.0236964077314634
2013-08-06,-0.01500532830933171,False,0.026766854871510978,0.030780048314552135,0.01869591990345737,0.02364462532023106
2013-08-07,0.002257444228614372,False,0.026670471400057336,0.03068358522276498,0.018599696556488902,0.02354830379270355
2013-08-08,0.01894694408300723,False,0.026683593274408262,0.030696733196008352,0.01861276594334659,0.02356140536234343
2013-08-09,0.0016771411635599898,False,0.026800553145489545,0.0308184593486736,0.018720140343592845,0.023674657107857783
2013-08-12,0.016468061360921795,False,0.02678874474857064,0.03080538148625838,0.018710884969250684,0.023663836344040335
2013-08-13,-0.010166133337281825,False,0.026895233145214473,0.030914185364000535,0.018812716700914483,0.023768523316553186
2013-08-14,0.009641569916341188,False,0.02681701802323871,0.030834849357693303,0.018736755789874326,0.0236911802328265
2013-08-15,0.020478513413118613,False,0.026865680127987804,0.03088455197805508,0.01878332531325089,0.023739032825489864
2013-08-16,0.007390349998877117,False,0.026989181498942527,0.031013602043896134,0.018895667701659496,0.02385821736014178
2013-08-19,-0.004017683329916731,False,0.027025020957222336,0.03105004901465843,0.018930285391338307,0.023893584179000508
2013-08-20,0.0050378119898069895,False,0.027016859941332554,0.031040927609803565,0.01892405581408742,0.023886170337362376
2013-08-21,-0.001822357208414339,False,0.02702192962979777,0.031045374987875036,0.018930377031238985,0.02389172417789476
2013-08-22,0.00043765089469787415,False,0.027015778707408625,0.031039305119599788,0.01892406310088836,0.023885510196110835
2013-08-23,0.017709813296174264,False,0.027008518130191218,0.0310258559276953,0.018929248449189032,0.023883064307228714
2013-08-26,-0.0019363517501071658,False,0.027111387279302325,0.03112912086939057,0.019031321619672928,0.023985625533155967
2013-08-27,0.019619605598163514,False,0.027099043280865064,0.031116667096375075,0.019019198388934667,0.023973366938384637
2013-08-28,-0.0011269022179265509,False,0.027216537795009335,0.03123937007477707,0.019126218158488584,0.02408680931269238
2013-08-29,-0.00430805110888191,False,0.02720397700751285,0.031226504349090217,0.019114270632310956,0.024074485764452553
2013-08-30,-0.011961729543889401,False,0.02718661696795514,0.031209448586208395,0.019096298661806437,0.02405688900029069
2013-09-03,0.011324521545916155,False,0.02715663830563515,0.031180879723850332,0.019063484750208734,0.024025813525877036
2013-09-04,-0.015775319397137694,False,0.02720115546095188,0.031226350121218494,0.019106084840047527,0.02406958906717871
2013-09-05,-0.012160880108594587,False,0.027164083818120188,0.031192849723300983,0.019061831065114193,0.02402973902690264
2013-09-06,0.009855849000619287,False,0.027136310916771388,0.03116548437260627,0.019033238538478946,0.024001649054693968
2013-09-09,7.218147199824732e-05,False,0.027164397594020905,0.03119378514982007,0.019060894639203085,0.024029569164035685
2013-09-10,-0.01650411741855866,False,0.02715360576701841,0.031182456526819446,0.01905118236285109,0.024019194959645246
2013-09-11,-0.00014659176849926887,False,0.027096990402249128,0.031129276472173405,0.0189876582444936,0.023959906953515207
2013-09-12,-0.02486859360337783,False,0.027104978355684657,0.031136317318880027,0.018997550924657432,0.023968631747738292
2013-09-13,-0.016674631905928796,False,0.027061433454910834,0.03110179438571817,0.018935861941144137,0.023918067834726824
2013-09-16,0.0072345438511090335,False,0.026957284107073435,0.030997618747325924,0.0188317654662523,0.023813938940712154
2013-09-17,-0.006394194227050239,False,0.026958803167205045,0.030998329165482296,0.01883491078658971,0.02381608711725874
2013-09-18,-0.0012990114845119957,False,0.02693967220678819,0.030979985786005314,0.018814195921823845,0.023796343425729012
2013-09-19,0.0460263320519995,False,0.026929703004270618,0.030970206143678063,0.01880384549473031,0.023786226747034088
2013-09-20,-0.02731582847525432,False,0.027335400719349277,0.03140243789207539,0.01915618060459329,0.02417128121525261
2013-09-23,-0.0042114640982854005,False,0.027260188692521014,0.031336588450847004,0.019062139478051313,0.024088785178358243
2013-09-24,-0.008248580056451694,False,0.027246656033269732,0.03132334143086619,0.019048032369546834,0.024075030294241916
2013-09-25,0.015008407385870412,False,0.02723612872108428,0.03131231283430204,0.019038513190579583,0.024064892976937844
2013-09-26,-0.009249961668872883,False,0.02732231988477038,0.03139611306677832,0.019129512756995693,0.02415294426428465
2013-09-27,0.01111961031158416,False,0.027301620532197788,0.03137669631903883,0.019106233957320785,0.024131247056320995
2013-09-30,-0.008930994336049873,False,0.027365381552270675,0.03144063636087478,0.019169634946653046,0.024194868799021156
2013-10-01,-0.03100726878022965,False,0.027315142330469413,0.03139052756877748,0.019119133417621028,0.024144528104046024
2013-10-02,0.026549534475807456,False,0.027309075765534818,0.03139778527365978,0.01908627040823008,0.024128095373223333
2013-10-03,-0.002426044534775406,False,0.027477295777909878,0.031575115923261336,0.019236168014367776,0.024289227389172788
2013-10-04,-0.005862049685155893,False,0.027465820595208544,0.03156371088959447,0.01922455175491465,0.024277697631133504
2013-10-07,0.011463475434532194,False,0.02739380593019614,0.03148910855869479,0.019157741145822228,0.024207696147647673
2013-10-08,-0.00045307487090635477,False,0.02744632646477547,0.031543227033782616,0.01920704806159401,0.02425897349842647
2013-10-09,-0.013150527333180879,False,0.027453785013799484,0.03155051211266968,0.019214855476481104,0.024266567005706428
2013-10-10,-0.007912504372284527,False,0.02742109499095223,0.031520388158448036,0.019177004831975604,0.024231880603814104
2013-10-11,-0.02230457891442995,False,0.027406070698689167,0.031505881706806176,0.0191609391102283,0.02421645343605717
2013-10-14,0.006602778534198821,False,0.027363565392233204,0.0314704118638233,0.01910428478031576,0.02416847460028487
2013-10-15,-0.002667314973963524,False,0.027373188719119233,0.031480538062888155,0.019112896780758105,0.024177706696994847
2013-10-16,0.007045038923208838,False,0.027306176477509346,0.03141034117428975,0.019052289184004065,0.024113172083009702
2013-10-17,0.03125370663589087,False,0.027305652444666866,0.03140928637863933,0.01905283256846084,0.02411306097900985
2013-10-18,-0.00629475881914602,False,0.0274969492861876,0.03161281622083277,0.01921952761734564,0.024294840652533768
2013-10-21,0.0009884999625332028,False,0.027491783404394763,0.03160598443210236,0.019217712041673576,0.02429097083183144
2013-10-22,0.020164741123126422,False,0.027469682254381098,0.03158259598640987,0.01919819977252397,0.02426987118664596
2013-10-23,-0.006426546933253408,False,0.027606816247002498,0.03172370657739898,0.019327336426548204,0.024403911420366006
2013-10-24,0.012145692994379134,False,0.027572292243883093,0.03167935220323805,0.019312582286634756,0.024377035360312767
2013-10-25,0.0016281164419827505,False,0.02763097969421803,0.03173980439215831,0.019367720670481904,0.0244343498593959
2013-10-28,-0.0002958322832189576,False,0.027638397377859506,0.0317472374779774,0.01937510737879773,0.024441755560277324
2013-10-29,-0.005042313034836748,False,0.027644403567117545,0.03175296521980959,0.019381673553787285,0.024447978379207903
2013-10-30,0.0028209126396832006,False,0.02763492958486214,0.031743780691163924,0.019371617451259433,0.024438279204564727
2013-10-31,-0.01900829860549579,False,0.02764546787796911,0.03175438531914546,0.019382022338273137,0.024448765889716933
2013-11-01,-0.007964543329991858,False,0.027625357049918944,0.031738401028741425,0.019353612628681925,0.024425444651312505
2013-11-04,0.0011416829857313268,False,0.027579663267516912,0.0316926628339888,0.019308008163976258,0.024379785421332484
2013-11-05,-0.005033165240855487,False,0.027596210848703093,0.03170842509092209,0.01932613511108734,0.024396943977948716
2013-11-06,0.00738850247849152,False,0.027592432438801617,0.031700251285362906,0.019331196283183506,0.02439658514759326
2013-11-07,-0.007082720171927727,False,0.027617936746189356,0.03172638674526158,0.019355431279499406,0.024421598423823642
2013-11-08,-0.01843549777376958,False,0.02760301344963066,0.03171228744563256,0.01933885084237979,0.024406034064829135
2013-11-11,-0.0027285146532040625,False,0.02758369418729696,0.031698009726821054,0.01930939252981497,0.024382792525537583
2013-11-12,-0.007758374803146492,False,0.02758537815184179,0.03169971240330515,0.01931103886277109,0.024384461932356598
2013-11-13,-0.002205188521328236,False,0.0275883450678986,0.03170079385573012,0.019317797635505958,0.02438889572270013
2013-11-14,0.01401463716541343,False,0.027584738291952966,0.031697329538035286,0.0193139043617141,0.024385178115475914
2013-11-15,0.0008549428585643364,False,0.02764764532364567,0.03175854835415473,0.01938020656443387,0.02444939856418342
2013-11-18,-0.011799392732390238,False,0.02761247262416019,0.03172146331032534,0.01934887978143743,0.024415713651944566
2013-11-19,0.0009428608914212821,False,0.02760906172334656,0.031719893973484986,0.019341765310566986,0.024410870030396298
2013-11-20,-0.012246824501854306,False,0.02762518984595459,0.03173316874547943,0.019363631807756302,0.024429218034934353
2013-11-21,-0.01151369900995485,False,0.027630627243529916,0.03173951713350596,0.019367237112064117,0.024433946689871665
2013-11-22,0.00040201005566548926,False,0.0276330542271434,0.03174366997712052,0.019366193217926396,0.024435030969433315
2013-11-25,-0.002333930834959181,False,0.027375081970557026,0.03146171670491304,0.0191564491916242,0.024195715734170398
2013-11-26,0.00024173118194246732,False,0.027355639137069565,0.03144196245137964,0.019137632655117975,0.024176515182766783
2013-11-27,-0.0029041448933399953,False,0.0272730691372514,0.031354378848952015,0.019065145513549972,0.02409784572211969
2013-11-29,0.010287766858549853,False,0.02716908085519949,0.03124442374995356,0.018973157099489785,0.023998499571692367
2013-12-02,-0.022889046880359587,False,0.02721152262877159,0.031287968147292615,0.019013381385955014,0.024040083513575564
2013-12-03,-0.0004910782883059409,False,0.02719196049340777,0.03127574982989425,0.018979050095289416,0.024014807951785545
2013-12-04,0.02145918293845848,False,0.027199004767907806,0.03128262333523375,0.018986437803717768,0.024021985083205397
2013-12-05,-0.012090096963768365,False,0.02727976427586548,0.03136928700333598,0.01905532345280369,0.02409815120598479
2013-12-06,-0.0023542956632373094,False,0.02729053458220347,0.03138086229244164,0.019064474857969714,0.024108295242739428
2013-12-09,0.004055813316003699,False,0.027139694799093964,0.03122007871883909,0.01893363303597131,0.023965191642041694
2013-12-10,0.021700795360903954,False,0.027158467740553794,0.031238917234122494,0.01895227410188784,0.02398391356763781
2013-12-11,-0.003094154855642138,False,0.027189245200038716,0.03127243044970429,0.018977549681171962,0.02401256263270269
2013-12-12,-0.026163698079213905,False,0.027142976912887997,0.031224937814485033,0.01893374368092059,0.023967246877687507
2013-12-13,0.00788073409944081,False,0.02715571620993376,0.031247584476879375,0.018926558271478138,0.0239722783307667
2013-12-16,0.007899484106637614,False,0.027202291315386835,0.03129385763582537,0.01897374062167457,0.02401908834797288
2013-12-17,-0.01154779183653739,False,0.027232805213652546,0.03132503329411037,0.019002923654095942,0.024049087402706282
2013-12-18,0.0039719782771997425,False,0.027175254890042765,0.03126804388438497,0.018944245276344782,0.02399110069297896
2013-12-19,-0.03381505677728644,False,0.02716291506103126,0.03125524253843308,0.018932833604240102,0.02397911992012813
2013-12-20,0.008416345408783462,False,0.02720824628449164,0.03131739050308641,0.01894434467263711,0.024011367865382743
2013-12-23,-0.005575176639224595,False,0.02726584890321529,0.03137073733469262,0.01901050610656624,0.024072281449423825
2013-12-24,0.005575176639224665,False,0.02726043474836671,0.031365914516311634,0.019003902714706776,0.02406640723995288
2013-12-26,0.00744051066676095,False,0.02730126351177584,0.0314037556665987,0.019050739868082697,0.024109560340354465
2013-12-27,0.0016459554700952177,False,0.02730871420096461,0.0314119294744068,0.01905673629312158,0.024116448449554406
2013-12-30,-0.010747458164401412,False,0.02732356537669561,0.031426632400921986,0.019071885612910868,0.024131414961884326
2013-12-31,-0.00099788047521617,False,0.027344732813111967,0.03144830767197971,0.019092031742873116,0.024152187307371998
2014-01-02,0.01903718570719433,False,0.027240994638442515,0.031338904399525025,0.01899968664866719,0.024052856529447053
2014-01-03,0.010879399570832903,False,0.02732206496584977,0.03142423414316227,0.019072190862359256,0.024130613068118915
2014-01-06,-0.00048459379689215666,False,0.027366548800890473,0.03146982071327866,0.019114456986440063,0.024174238984873496
2014-01-07,-0.0068093844213407955,False,0.027317719381187065,0.0314190186136867,0.019069594824064087,0.024126944292945034
2014-01-08,-0.003340513526092547,False,0.027326404643040786,0.031427683281975816,0.019078321501643958,0.024135645576412682
2014-01-09,0.003259189588227405,False,0.02718223481930152,0.03127463690965155,0.01895200330837981,0.023998381630174415
2014-01-10,0.014055079791468316,False,0.02714951275651552,0.031240569766442877,0.018921986337379768,0.023966706028244127
2014-01-13,0.003363290552862509,False,0.027141439956552386,0.031232208648357032,0.018914493374110646,0.023958857537269746
2014-01-14,-0.004567191383518946,False,0.027165101716652967,0.031255742703339716,0.018938411962025864,0.023982618650839983
2014-01-15,-0.005718193646703116,False,0.02715961959701876,0.0312506906828513,0.01893206486982435,0.023976801917815708
2014-01-16,0.0015334528914116494,False,0.027084580255397225,0.031173510332646426,0.018861331311436903,0.023903428262227834
2014-01-17,0.009391208725447459,False,0.027082522256345134,0.031171380539784934,0.018859417696944138,0.023901426118134266
2014-01-21,-0.007538048800282925,False,0.02711182275449092,0.03120159275351236,0.018886884643512306,0.023930017309496867
2014-01-22,-0.0026599368951044466,False,0.027127787887855057,0.031214116572647665,0.018909770605323846,0.023948659755363633
2014-01-23,0.018868464968042977,False,0.027147949802381537,0.031232963291265178,0.0189325775108786,0.023969844880854393
2014-01-24,0.001503719512834403,False,0.027207346930055734,0.03129625713028988,0.0189841379607685,0.024026210401030968
2014-01-27,-0.0007120165031270044,False,0.026861522336600965,0.03091960090705153,0.018700318870530572,0.023704372547062005
2014-01-28,-0.01002153913998171,False,0.026808899578294486,0.03086521342737053,0.018651245144099247,0.023653122726617487
2014-01-29,0.008912959998292218,False,0.026812100122206403,0.030868411773235654,0.01865445010850397,0.02365632498059067
2014-01-30,-0.01597222964778212,False,0.02687302967934574,0.03092923771277028,0.01871558805105035,0.023717335151324154
2014-01-31,-0.0016919599958672418,False,0.026838985663901967,0.030899151266807524,0.0186735849660112,0.023680212181287175
2014-02-03,0.01623714843165623,False,0.026869138530930058,0.030926158238472917,0.01871006454448467,0.023712812527512582
2014-02-04,-0.006926561928680318,False,0.026919403861110292,0.030979180924246452,0.01875478455570804,0.023760932659052637
2014-02-05,0.004464015110304407,False,0.026928155155634736,0.030979721813338832,0.018780047799941375,0.023776071577505963
2014-02-06,0.00023851982688990092,False,0.026940003919119875,0.0309917717799498,0.01879149192373817,0.02378776380671129
2014-02-07,0.004522260225517396,False,0.02693284430207262,0.030984462638625997,0.018784633015024414,0.02378072051824913
2014-02-10,0.009061958358515669,False,0.026953336613709716,0.03100507914311665,0.01880487556236313,0.023801116208927643
2014-02-11,0.011930373961170424,False,0.02695395244220641,0.031005450156220374,0.01880598373919635,0.023801922501668186
2014-02-12,0.00402265042566476,False,0.02696736680351635,0.03101900937523225,0.01881910677712292,0.023815224164947454
2014-02-13,0.00392956197142871,False,0.02695923204397137,0.031010309433645602,0.018812108655412177,0.023807529112109222
2014-02-14,0.014201945513293054,False,0.026993705658348074,0.031043834017253944,0.018848490865953697,0.023842741064159425
2014-02-18,0.0043121081131398545,False,0.027081297254110646,0.03113312242070877,0.01893267001107519,0.023929012558313444
2014-02-19,-0.003099821557082314,False,0.02709612015509386,0.031148072523091125,0.01894723709727278,0.02394373649771581
2014-02-20,-0.002653828804596897,False,0.027100506656789272,0.031149327194065136,0.018957922025007738,0.02395055953644009
2014-02-21,0.005149612915852933,False,0.027100363081790306,0.031149157365048967,0.018957831249473454,0.023950436386837876
2014-02-24,0.01081824390288644,False,0.027087777080315182,0.031135348632293336,0.018947704283374635,0.023938801659651288
2014-02-25,0.003505729235722994,False,0.02714285489208764,0.031191856961102816,0.018999905181751233,0.023992766541626076
2014-02-26,-0.011081312179254801,False,0.02711958117685907,0.031166820840256345,0.018980175841178722,0.023970863962620974
2014-02-27,0.0025566030225053498,False,0.027079470027926874,0.031128530314145388,0.018936403236949124,0.023929336384988075
2014-02-28,-0.007689409294796711,False,0.0270364344612144,0.03108256789509919,0.018899253864157237,0.02388857788390383
2014-03-03,0.021486846608357726,False,0.027006631314888344,0.031053741135571772,0.01886748710594272,0.023858015117150938
2014-03-04,-0.009152135496919298,False,0.02712032485090705,0.03117265811828247,0.01897067576619141,0.02396764485712972
2014-03-05,0.0017923099224785807,False,0.027091180530977588,0.03114486804947724,0.01893880791127435,0.023937446941618597
2014-03-06,0.008544203260680507,False,0.027114936127981066,0.03116602179222215,0.0189677960984371,0.023963226758577965
2014-03-07,-0.010112344300665708,False,0.027159573111719102,0.03121156843213952,0.01901060367226232,0.024007156037729876
2014-03-10,0.002463183800447852,False,0.027130001529077054,0.031183632309998887,0.018977743014339684,0.023976312081059527
2014-03-11,0.0037947703855826624,False,0.027059229225028677,0.031107471863970806,0.01891780680482152,0.023909731704550723
2014-03-12,0.017521096333665432,False,0.027053410101984168,0.03110092270170415,0.018913455863954053,0.023904480545663773
2014-03-13,0.0013855260876456438,False,0.02716597389409419,0.031217011151440658,0.01901893121567569,0.024014302184833556
2014-03-14,0.00494334312033724,False,0.02711725500289031,0.031164824898967994,0.018977185536131883,0.023968280870502567
2014-03-17,-0.004433290106901672,False,0.027149137316947937,0.031196931171912426,0.019008617446381028,0.023999988946496527
2014-03-18,-0.010176173535256404,False,0.027139968610675795,0.03118713878638101,0.01900070302172126,0.023991305457257014
2014-03-19,-0.013035272285072756,False,0.027107097641798975,0.03115575503499444,0.018964841109143985,0.02395727744612366
2014-03-20,-0.00815905144832706,False,0.027040112741804033,0.03109070500092993,0.0188939649994882,0.023888787237283906
2014-03-21,0.0041252636788470624,False,0.027021942376374848,0.03107314016246367,0.01887457685853722,0.023870145777150575
2014-03-24,-0.01873736390623739,False,0.027058010984758366,0.031108288083217108,0.018912497062188626,0.023906930672492825
2014-03-25,0.00015257625595839624,False,0.02702508099818355,0.03108038629923386,0.018869454855333683,0.023870088788088002
2014-03-26,-0.006119033816973001,False,0.027027969522873913,0.03108327393941279,0.018872345158865367,0.023872978000920565
2014-03-27,-0.006697283278590711,False,0.027029514830913863,0.031082973463076338,0.01887760252461657,0.023875959313132026
2014-03-28,-0.0006953080007765745,False,0.02700731318608946,0.03106150397403604,0.018853928440996513,0.023853188057483297
2014-03-31,-0.008070837010600324,False,0.02702066474241637,0.03107433534194517,0.018868326148462303,0.023866944315869366
2014-04-01,-0.002965315343457258,False,0.026999294001541614,0.03105406383303725,0.018844744741731274,0.023844718382096664
2014-04-02,0.00848223016275437,False,0.02695801753543332,0.031011827302741414,0.01880539906110162,0.023804188837565913
2014-04-03,-0.004738037935164071,False,0.027004625845979378,0.031059045020425072,0.018850781792705024,0.023850323034665718
2014-04-04,0.014531038596462558,False,0.02699045238115818,0.03104531648788898,0.01883571352438401,0.02383580341640124
2014-04-07,-0.003998122555931841,False,0.026954846752000876,0.03100556787396219,0.018808439853584255,0.023803420993316955
2014-04-08,0.008209622486995482,False,0.02693408733868051,0.030985036689644717,0.018787221448823187,0.023782484019819777
2014-04-09,-0.0024481316118472782,False,0.02697795791109934,0.031029654492111442,0.01882958926658832,0.023825773253768324
2014-04-10,0.011121363653429275,False,0.026985483596745602,0.031036690894696014,0.018838098949599244,0.023833679597375836
2014-04-11,-0.001061107006430417,False,0.02701980293123921,0.031071857640474564,0.01887071405491252,0.023867339653269128
2014-04-14,0.006425057299722357,False,0.027032098614832363,0.0310833412370655,0.018884642927006635,0.02388026713347825
2014-04-15,-0.020707158636276726,False,0.02706014571184016,0.03111178901516804,0.018911884214101577,0.02390800250408352
2014-04-16,0.002381757965860534,False,0.02703333178090106,0.031091088418822087,0.018872775753471974,0.023876432452066658
2014-04-17,-0.00747159352711696,False,0.02705863775554239,0.031115783463364768,0.018899310369883557,0.02390221372500468
2014-04-21,-0.004183801224072822,False,0.027026868453214833,0.03108472683888094,0.018866107800854157,0.023869889965520787
2014-04-22,-0.005761928644147067,False,0.027034370873841678,0.031091523090602164,0.01887503039805475,0.023877941779406792
2014-04-23,0.002807219317583231,False,0.027024016937578794,0.031081806265853457,0.01886339516656618,0.02386709217593393
2014-04-24,0.004893821820933538,False,0.026979960962810832,0.03103532626186377,0.01882421415795346,0.02382492207479172
2014-04-25,0.007872803371143546,False,0.0270096674199676,0.031065057900037805,0.018853869973556144,0.02385460894133633
2014-04-28,-0.0013847723206215161,False,0.027062776803945924,0.031114544546308163,0.01891426504681465,0.02391053678370418
2014-04-29,-0.0022351732969705007,False,0.02707649443806501,0.03112699007587296,0.018930541010921054,0.023925244104088854
2014-04-30,-0.0003087084588731185,False,0.02704008405148769,0.03108953447944827,0.018896232646293542,0.02388964688167097
2014-05-01,-0.009694883579778804,False,0.027058667644534806,0.031104960789010032,0.01892116585344415,0.02391068681377565
2014-05-02,0.015083242496169847,False,0.027058554043930066,0.031101949717951567,0.018926879356849176,0.02391282741995237
2014-05-05,0.004901238540161963,False,0.027078480473938307,0.031122770691787243,0.01894500676940167,0.023932057902652668
2014-05-06,-0.0005348650712594445,False,0.027092026417927847,0.031136496604948116,0.018958190777317432,0.023945463832194102
2014-05-07,-0.01517228308029027,False,0.027087491585954415,0.031131990308899626,0.018953598556733727,0.02394090679951956
2014-05-08,-0.0009316391759833921,False,0.027023252382859842,0.031069255203832327,0.01888633446148381,0.02387549742125765
2014-05-09,-7.765998612940965e-05,False,0.026935591296637574,0.030976443564803603,0.01880903165410867,0.02379184342026713
2014-05-12,0.006426849857109392,False,0.026919653061326813,0.03096009236961119,0.018793923922584103,0.023776226464148183
2014-05-13,-0.0007721412003201519,False,0.026900828673054638,0.0309398502302949,0.01877795077401427,0.023758505073842372
2014-05-14,0.008537509764836878,False,0.026921217061247865,0.03095751290206831,0.018803820851609695,0.023781014045674325
2014-05-15,-0.00938753539177984,False,0.026963224742204018,0.031000307686511012,0.01884424558842343,0.023822409366972143
2014-05-16,-0.00015459345020791813,False,0.026962209436209653,0.030998758414002684,0.018844304142702797,0.02382180948227579
2014-05-19,0.0003091630049750172,False,0.026955700690233685,0.030992252171101926,0.01883779036279125,0.0238152987889291
2014-05-20,0.0006182280107413695,False,0.026956043836157764,0.030992609345229426,0.01883810529658972,0.023815631021033082
2014-05-21,-0.005033892527293426,False,0.02697559970688783,0.031010915417327478,0.018860174637857732,0.02383615922421545
2014-05-22,0.005342863264509177,False,0.026950922074737187,0.030986397221110663,0.018835176364035613,0.023811357552296672
2014-05-23,-0.0025517499468733613,False,0.026930044141957463,0.030964065016379133,0.018817223118170565,0.023791611030431467
2014-05-27,-0.020493443975597544,False,0.02693647285701302,0.030970231228204703,0.018824179753578876,0.02379824397071404
2014-05-28,-0.004832247220515854,False,0.026942287225139586,0.030977937388167193,0.0188261895383736,0.023802586541266223
2014-05-29,-0.0023851179088375395,False,0.026944712681725335,0.0309806794675503,0.01882797823472261,0.02380476566807282
2014-05-30,-0.008553609957438202,False,0.02688791723892393,0.03092147505299857,0.018776027475989568,0.023749844384315537
2014-06-02,-0.0015265535202231989,False,0.026853909795166074,0.030887969201799138,0.018741011279233145,0.023715446705915157
2014-06-03,0.00048239362370347506,False,0.026869077845613897,0.030902805185227547,0.018756847149798975,0.023730873101612402
2014-06-04,-0.0002411677239009352,False,0.0268513167745096,0.03088453625000217,0.01874010744443546,0.02371350714437176
2014-06-05,0.007208681596943642,False,0.026871816784037002,0.030904423321392732,0.018761840134099546,0.023734484014432084
2014-06-06,-0.0007185537196589837,False,0.026878126422054432,0.0309110361113202,0.018767540103187208,0.02374055780290339
2014-06-09,0.0011175164219387021,False,0.026901239067978606,0.030931455372316133,0.018796069416637712,0.023765765878847392
2014-06-10,0.005013378348112051,False,0.02692012631385914,0.030949653071069713,0.018816343411026143,0.02378518958638803
2014-06-11,0.0007934618850447873,False,0.026874363457192765,0.03090119945260006,0.018775991946518408,0.023741520118973104
2014-06-12,0.010101038089280461,False,0.02687142860270578,0.030897980098078346,0.018773629250167147,0.02373880660303567
2014-06-13,7.849533927167437e-05,False,0.026890415725196175,0.0309178680858507,0.01879080464212204,0.02375709286018156
2014-06-16,0.0009417510338054537,False,0.02690789731906283,0.030934308615835286,0.018810379919985982,0.023775384392682737
2014-06-17,-0.002513213663108635,False,0.026925360314099762,0.030950905682411472,0.01882958438410306,0.023793521072521518
2014-06-18,0.0005503504316463269,False,0.026863116986472497,0.030885790712604694,0.01877311621723276,0.023733511857503286
2014-06-19,0.03194264624466289,False,0.026871925375197926,0.030894562994802463,0.018781997219810668,0.02374234833679281
2014-06-20,0.0019012136171542553,False,0.027060098219047424,0.031096523355174533,0.018942441983565355,0.02391979461285122
2014-06-23,0.0013666761382348776,False,0.02688646174758601,0.030907399071264486,0.018799953058028264,0.02375820752460497
2014-06-24,0.0021979048502651474,False,0.026892066887550414,0.03091300896288117,0.01880554864194283,0.023763808967825283
2014-06-25,0.0009836380573048382,False,0.026859460240618024,0.03087847157655743,0.018776824905786863,0.023732704419326234
2014-06-26,-0.004624179680054175,False,0.026868947064741525,0.030887894871812236,0.018786439492844073,0.02374224066835636
2014-06-27,0.002201074427346385,False,0.026844791066192458,0.030863975339154043,0.01876180793764555,0.02371790070140337
2014-06-30,0.002120607259667431,False,0.02687165571948968,0.03088935232044737,0.018791664448715818,0.02374592275056479
2014-07-01,0.0034740428103078387,False,0.026843781585520796,0.030859964907216715,0.018766833671286693,0.02371922593468373
2014-07-02,0.0032365590688427795,False,0.026874963702062327,0.030889532826724884,0.018801262100139556,0.02375166388246058
2014-07-03,-0.0077703433871958525,False,0.026869359007287878,0.03088340705738864,0.01879670533862858,0.023746464579157616
2014-07-07,-0.0029580395325725975,False,0.026847711992941205,0.030862842881028116,0.018772880628366878,0.023723975126287215
2014-07-08,-0.00037986705110162953,False,0.026760894884904223,0.030771516069017055,0.018695132987829172,0.023640666528670987
2014-07-09,0.005909592684379478,False,0.02673855213064709,0.030748533828123002,0.01867407630540803,0.023618821289448637
2014-07-10,0.011192531747924712,False,0.026780100898386058,0.03078979972300357,0.01871619395886777,0.023660590129808156
2014-07-11,-0.0012706592156233906,False,0.026834946352444412,0.030846179119005106,0.01876795450165934,0.023714242190392473
2014-07-14,-0.023229547230474292,False,0.02683528353073432,0.030846521170225828,0.01876828187999609,0.023714575577584638
2014-07-15,-0.007221930704834938,False,0.026770434530295737,0.030788969054020465,0.01868875811270373,0.023644049664754817
2014-07-16,0.002079685842482741,False,0.02673287604642097,0.030751930255223884,0.018650154489956546,0.023606086870414714
2014-07-17,0.01307206326946756,False,0.026624713391515488,0.030636349369000376,0.01855691064307653,0.023503695534875742
2014-07-18,-0.005712342947713596,False,0.026697076489180432,0.030710813364950542,0.01862504862334427,0.023574424151969676
2014-07-21,0.0034313199761926566,False,0.02669104064255195,0.03070502089693705,0.018618523317884026,0.0235681989588981
2014-07-22,-0.0058019674159257234,False,0.026726991455045566,0.03073969364397517,0.018657044448335817,0.023605144095186537
2014-07-23,-0.0012257533143543188,False,0.026708987174930206,0.030722303302337717,0.018637805476297453,0.023586662176281623
2014-07-24,-0.010712617991875206,False,0.026706912130540397,0.030720306097358284,0.01863557388903774,0.023584526573508378
2014-07-25,0.009638814830580787,False,0.026695105383508683,0.030709909899447232,0.01862093038609487,0.023571622431544027
2014-07-28,0.0001535245861774135,False,0.026744009693607084,0.030759881730987267,0.018667687803387165,0.023619696219256955
2014-07-29,-0.0038437930261815355,False,0.026755813872855513,0.03077147945632423,0.018679907182181026,0.023631661017850674
2014-07-30,-0.00262226304667648,False,0.026734395343057424,0.030750189148365727,0.01865823078538913,0.02361014273257796
2014-07-31,-0.010558265305009366,False,0.026710710743574537,0.030726298722699292,0.01863496012302781,0.023586618264073517
2014-08-01,0.009553784766137139,False,0.026689326345360146,0.03070695878138217,0.018609464116714512,0.023563643296196438
2014-08-04,-0.004571367029065324,False,0.026751771016723352,0.030767890664575935,0.018674951156981506,0.023627264903581916
2014-08-05,-0.0028774381109639563,False,0.026738302337453633,0.030754807199561616,0.018660707773165842,0.023613496530975994
2014-08-06,0.017524632377683456,False,0.026747897997959093,0.03076398119044657,0.018671151453616867,0.02362342024677425
2014-08-07,0.003132837447698335,False,0.02683510435666101,0.030855189822716577,0.018750308838315695,0.02370751287149251
2014-08-08,-0.001450566625263597,False,0.026850502904201073,0.030870542061872168,0.018765800516666646,0.023722947446552442
2014-08-11,-0.0003056654798241421,False,0.026853573219312435,0.030873621207340968,0.01876885307304255,0.023726010891722604
2014-08-12,0.00022928118583408113,False,0.026832332412189734,0.030851790783078124,0.018748798045190574,0.023705228801600472
2014-08-13,0.003051573813725291,False,0.0268325042617176,0.030851990665744716,0.018748913517261732,0.023705378841590526
2014-08-14,0.0008375342593867656,False,0.02685196701140534,0.030871382009395425,0.01876851987165963,0.023724897144553263
2014-08-15,-0.0071800066523635036,False,0.02686699871900352,0.030886056651232407,0.0187842696743556,0.023740206646204277
2014-08-18,-0.005226396460265441,False,0.026836225306586983,0.030855898265677698,0.01875225938116672,0.023708954748244977
2014-08-19,-0.002005535738078625,False,0.026822191847284488,0.030842354233718786,0.018737241634334188,0.023694540518731173
2014-08-20,-0.0013134644900673704,False,0.026817721265433848,0.030838003953940207,0.018732529112937407,0.02368997634291607
2014-08-21,-0.015348416628314576,False,0.02683116074980358,0.030850585536802835,0.018747693923377544,0.023704083267187613
2014-08-22,0.0038396979781984645,False,0.02680573482433083,0.030828778668247892,0.018714989711063182,0.023675841746948024
2014-08-25,-0.0010171969619160782,False,0.026826743828572235,0.030849753171547787,0.01873606810016212,0.023696877592621485
2014-08-26,0.00507595463539659,False,0.02681710440107224,0.030839918448534575,0.018726821431548305,0.023687390103330114
2014-08-27,-0.0014810965484312367,False,0.026848178788025697,0.030870956982064126,0.018757967923337178,0.023718492383935152
2014-08-28,0.005290549041596959,False,0.026837681610727464,0.03086052547803397,0.01874733867050276,0.023707944113406244
2014-08-29,-0.0022527897224173666,False,0.02683845742581004,0.03086078112420043,0.018749160597504436,0.023709124615375863
2014-09-02,-0.01733724355686652,False,0.026819957551149902,0.030842339558153083,0.018730543458369355,0.023690579377122732
2014-09-03,0.004106515517586824,False,0.026806202470389055,0.030833358440619893,0.01870718745821673,0.02367311019454306
2014-09-04,-0.0029992515207097046,False,0.026838944308495177,0.030861212189278137,0.018749759735002598,0.02370965492367351
2014-09-05,0.000553220793622331,False,0.026825742978846736,0.03084802183069041,0.0187365363414495,0.023696445058635374
2014-09-08,-0.010403189044278704,False,0.02683741551760841,0.03085953465539535,0.018748530081215724,0.023708241853542377
2014-09-09,-0.004720874815900667,False,0.026836834856193394,0.03086055381022511,0.018744732028699165,0.023706416549020334
2014-09-10,-0.002650323812478543,False,0.026841010512680816,0.030865616516327018,0.018747123739345554,0.023709902088632225
2014-09-11,-0.004917560416441411,False,0.026816192033270174,0.030840064263669552,0.0187237809516105,0.02368565447841782
2014-09-12,-0.006079538728208173,False,0.026837512905362217,0.0308593841824869,0.01874912594164837,0.02370853207473302
2014-09-15,0.0030038189193483684,False,0.026843928579291035,0.03086635844943761,0.01875441822892332,0.0237145131681551
2014-09-16,0.0012961567218112305,False,0.026852138535112965,0.030874631672009406,0.018762500948958812,0.023722673902996573
2014-09-17,-0.0006478189129380086,False,0.026856124983994645,0.03087862293449016,0.018766477717209445,0.023726656606940094
2014-09-18,-0.007072972316842551,False,0.026872748467184966,0.030894556785908703,0.018784488119136893,0.023743816617643448
2014-09-19,-0.008521069455598274,False,0.02687671797874155,0.03089937795133778,0.01878674486924361,0.023747123549903555
2014-09-22,0.0012335020187995553,False,0.02687964880490463,0.030903524979976123,0.018787229790113276,0.02374910818113173
2014-09-23,0.003445693037314456,False,0.026895720567720653,0.030919101166741212,0.01880429820612719,0.02376556549779983
2014-09-24,-0.0019675563308279276,False,0.02689805247622418,0.030921528916036754,0.018806437369174846,0.02376782284300176
2014-09-25,0.0021313030971201394,False,0.026916305254565575,0.030935616638587755,0.01883306649291292,0.02378931599847824
2014-09-26,-0.005830900435841579,False,0.026929837513300126,0.030948808424954222,0.01884728347576562,0.02380311314175029
2014-09-29,0.0027965345155895093,False,0.026902902279813342,0.030921107383510577,0.018821888358972826,0.02377677370018519
2014-09-30,-0.005766078578631628,False,0.026918905567978362,0.030936395104410885,0.018839330724755403,0.023793333693450904
2014-10-01,0.0033812869848655067,False,0.026934268379281437,0.03095166764752633,0.018854875074447382,0.02380876673261789
2014-10-02,-0.00032940088088161584,False,0.02692239966518888,0.03093948806892209,0.018843631540100894,0.023797139868408364
2014-10-03,-0.01828508465259203,False,0.02693318568814197,0.0309460419929974,0.01886292873883101,0.023811218427434704
2014-10-06,0.012089021785870069,False,0.02698495744333323,0.03100249612924467,0.01890528375557318,0.023859347330939168
2014-10-07,0.004134971324894569,False,0.026982892960514523,0.031002065579322623,0.018899933269640443,0.023856011662555365
2014-10-08,-0.005295752834792832,False,0.026985964882941305,0.031005384677966128,0.018902508095877072,0.02385889128403797
2014-10-09,0.01588570100202032,False,0.02686599724515089,0.030875521664402654,0.018802441052334702,0.023746622162428795
2014-10-10,-0.0029440449967924726,False,0.026903005975052702,0.030915395070846445,0.018833688630076027,0.02378140219892692
2014-10-13,0.006774746282857514,False,0.02685281038082773,0.03086243572647307,0.018789051214900307,0.023733356778250312
2014-10-14,0.0034917626245959963,False,0.02686118188627359,0.03087134943564148,0.018796332294218877,0.02374130645392161
2014-10-15,0.008475653278412215,False,0.02687912215412988,0.03088787120355751,0.018817125307882848,0.02376035030237894
2014-10-16,-0.0028978331647147772,False,0.02689462696328901,0.03090432426609305,0.018830723084290405,0.02377511737866873
2014-10-17,-0.001775013479223972,False,0.0268534900476351,0.03086121833127737,0.0187935460638748,0.023735512342776207
2014-10-20,0.0045924836464930644,False,0.026867435064938102,0.03087221600883685,0.0188134184773366,0.02375175036473386
2014-10-21,0.005611237167786386,False,0.026886629760298274,0.03088995572500654,0.018835539281939418,0.023772077021234076
2014-10-22,-0.004968317817105904,False,0.026883328271740916,0.030886603973327605,0.01883233887756634,0.023768814636947612
2014-10-23,-0.013181000688571457,False,0.0268885503181387,0.03089195178513779,0.018837307997092004,0.023773938838949724
2014-10-24,0.0021953509044639477,False,0.02684798347041978,0.03085109028381374,0.018797333727358385,0.02373360122916971
2014-10-27,-0.001707089508128366,False,0.026818501438964613,0.03080570994427764,0.01879982478976088,0.023716487942956995
2014-10-28,8.133717526033627e-05,False,0.026825758251744204,0.030811510281695813,0.018810010720733104,0.023724877880884593
2014-10-29,-0.003994219570477067,False,0.026832740083452638,0.030818300337223502,0.01881737823359675,0.023732008912791633
2014-10-30,-0.021632343693815777,False,0.026841211736609267,0.030826753436077832,0.0188258872013183,0.023740495001033878
2014-10-31,-0.02279349106756589,False,0.02687519917152133,0.03086699489069024,0.01884729717466346,0.02376961686307989
2014-11-03,-0.0014526395819748322,False,0.026956709121302037,0.030956094347980478,0.01891354386280019,0.023845222242108586
2014-11-04,-0.0017117429361120766,False,0.02683841869160503,0.030827229988254365,0.018816518668091954,0.023735158237895074
2014-11-05,-0.019025132408248453,False,0.026849856847674304,0.030838651368359473,0.018827990562309604,0.023746609445518388
2014-11-06,-0.002710125789287498,False,0.02682772022922078,0.030814841947224607,0.01880921811800993,0.02372577425298396
2014-11-07,0.023617972636309083,False,0.026835285922706006,0.030822522240206596,0.018816553340400534,0.023733250789058656
2014-11-10,-0.008586692128022691,False,0.02685463537608036,0.030847511438798405,0.01882456069987075,0.023748212569765458
2014-11-11,0.0027558346829369487,False,0.02687813981865438,0.030872195533152774,0.018845692744268786,0.023770799253526927
2014-11-12,-0.003359631269643953,False,0.026883679831531646,0.030877597413658,0.01885151055521573,0.023776446732186766
2014-11-13,0.0018965101993661689,False,0.026906246609627284,0.030897389711868634,0.018879657090938272,0.023801172031472414
2014-11-14,0.020374963962937753,False,0.026896803707077085,0.030887800501015823,0.018870508429075037,0.023791842955507566
2014-11-17,-0.001689189590844829,False,0.026884755096280515,0.030880530950285198,0.018848848648633135,0.02377607627759637
2014-11-18,0.011514142798772496,False,0.026894008137024715,0.030889760634505537,0.018858148661691974,0.023785347489512738
2014-11-19,-0.0025937977818038796,False,0.026906770604674394,0.03090153103303985,0.018872906279943685,0.023798881778295103
2014-11-20,-0.0024326015461423,False,0.026909532531484835,0.030904141201600264,0.01887597340783258,0.02380176177170254
2014-11-21,0.005694721835857317,False,0.02691950633071648,0.030914476482146826,0.018885220231844548,0.023811454341619007
2014-11-24,-0.0016715423866908656,False,0.026926454293446554,0.030919661952908285,0.01889571274289064,0.02381977350775265
2014-11-25,0.001337436964606127,False,0.02693791553189428,0.030930550665031028,0.018908325389263746,0.02383168016669558
2014-11-26,-0.00041776330991452246,False,0.026927013239930412,0.030919311971249214,0.018898099635133,0.02382103959241665
2014-11-28,-0.018045877242183227,False,0.026868309174775642,0.030855699204986774,0.018849267460775386,0.02376615445397804
2014-12-01,0.035771864958954666,False,0.026926655211049654,0.03091828834206866,0.018899080195286282,0.023821199394772997
2014-12-02,-0.015555542198704184,False,0.027009772762276136,0.03101875189734141,0.018947313190709508,0.02389082190590272
2014-12-03,0.007725294072399523,False,0.02704077145497988,0.03105192191922489,0.018973945122415403,0.023920131323412846
2014-12-04,-0.000827814616809933,False,0.02705387044043199,0.031065772375180486,0.018985532825231844,0.023932645671357146
2014-12-05,-0.014514789852628834,False,0.027017182847569814,0.031026584917712513,0.018953872711096695,0.023897902951389136
2014-12-08,0.0038577502784623457,False,0.02701704214663144,0.031028052785887706,0.018950497016158786,0.023896510797688036
2014-12-09,0.030337871608031437,False,0.027025615104858253,0.031036287542972503,0.018959750130840065,0.023905346873458234
2014-12-10,-0.0021134584034431018,False,0.027115963361673313,0.031138982396965463,0.019025268141041336,0.023986089585184653
2014-12-11,-0.003097026785244945,False,0.027119761377038604,0.03114281448624673,0.01902899763034032,0.02398986109134003
2014-12-12,-0.002533592640363915,False,0.027119209244018443,0.031142431454355076,0.019028105417971744,0.02398917739911445
2014-12-15,-0.012185272725321912,False,0.02710962643737964,0.03113267619520468,0.019018869430649257,0.02397972875902793
2014-12-16,-0.011078308205875124,False,0.027127588718897314,0.031152824893964214,0.0190324346075612,0.023995990026971035
2014-12-17,0.0003350007583413977,False,0.02714713027691357,0.031170427063467412,0.019055876470606074,0.02401704041236201
2014-12-18,0.000334786393876181,False,0.027158100043557586,0.031181283152721197,0.019067074853895884,0.024028098619025707
2014-12-19,0.0010039934370030211,False,0.027146003056540472,0.03116848674456157,0.019056384473023383,0.02401654577556682
2014-12-22,-0.013638932932058225,False,0.02715268284476259,0.031173466204218993,0.019066483792714584,0.02402454840460559
2014-12-23,-0.001526914765997342,False,0.02718488497234235,0.03120848786399397,0.019093015557947998,0.024054556960690313
2014-12-24,-0.0037424764004305444,False,0.02704755163520303,0.031057029852024808,0.018984088360112603,0.023928212497569122
2014-12-26,0.018406504442956564,False,0.02704640796944266,0.03105600429074725,0.01898270717437874,0.023926976947549597
2014-12-29,-0.011443202409303596,False,0.027060451223139815,0.031074833327731935,0.018987125737356884,0.023937296903524276
2014-12-30,0.01553413054735682,False,0.027077589026617055,0.031093704530373047,0.01900077750106956,0.02395308613754668
2014-12-31,-0.013674074832770782,False,0.027097012193773015,0.031116157890107427,0.01901410664669673,0.02397015184126394
2015-01-02,0.0017722065183534792,False,0.027135475408827676,0.03115682969826112,0.019048128159270275,0.024006896790120268
2015-01-05,0.01498000666245465,False,0.02713560266117605,0.031157113585306432,0.01904794040351583,0.02400690218203842
2015-01-06,0.01271065639212335,False,0.02715088322209296,0.031175099246826113,0.01905778073550858,0.02402007819824273
2015-01-07,-0.00716087932157311,False,0.02709796988496968,0.031118958451514668,0.01901135814086222,0.02396967579548473
2015-01-08,-0.0018188935745322122,False,0.027108470187464283,0.0311297502704941,0.019021272174435427,0.02397994930069269
2015-01-09,0.006269592809968894,False,0.027115960355725253,0.03113739484053042,0.019028451825223107,0.023987319345716997
2015-01-12,0.013640062420648448,False,0.027059714843436694,0.031077215884971914,0.01898011686229701,0.023934134018039527
2015-01-13,0.0012972013624871278,False,0.02707437424008393,0.031094059808990895,0.01899038295505706,0.023947093871414686
2015-01-14,8.099451778340471e-05,False,0.027080583833995725,0.031100220496188703,0.018996690905281288,0.02395334151432408
2015-01-15,0.0242498594504341,False,0.027056052269733163,0.031074407878378063,0.018974735668331088,0.023929806598566337
2015-01-16,0.009600383272961813,False,0.027138508295125853,0.031164928993879095,0.019040971987721627,0.024005988054086592
2015-01-20,0.013457421344314642,False,0.027130310700011016,0.031156035851157258,0.01903417320868256,0.023998331588953082
2015-01-21,-0.0003864137138910775,False,0.027176191872581405,0.03120048355002532,0.0190829372407996,0.024045327991581
2015-01-22,0.005396251348961029,False,0.027164318626186637,0.031188183170642973,0.019071923001730145,0.02403378705093104
2015-01-23,-0.00624686858857903,False,0.02718380013445994,0.031207784265122617,0.01909116401013516,0.02405317552217718
2015-01-26,-0.010264437842764765,False,0.02716140219411546,0.031185441754238003,0.019068654595581377,0.02403073445819562
2015-01-27,0.009567905338056997,False,0.027157670982599136,0.031180063648840035,0.019068235453021276,0.024028284515777844
2015-01-28,-0.004500261174159382,False,0.02717773458171873,0.031201164760372498,0.019086212510504727,0.02404754093927502
2015-01-29,-0.024642104059361822,False,0.02717044975191772,0.031194187987723148,0.01907830814684053,0.02404001644369262
2015-01-30,0.018870738528237115,False,0.02719997713505567,0.03123085239648837,0.019093482254832244,0.024063991283042693
2015-02-02,-0.0018006415575542159,False,0.02726094002735182,0.031296599236298045,0.019144824148335224,0.024121232305832553
2015-02-03,-0.013013315577139663,False,0.027255144328764285,0.031290798429267144,0.01913903872334021,0.024115440581569468
2015-02-04,0.003249535378765735,False,0.027251027658390443,0.031289229530954324,0.01912979822753663,0.024109341766718476
2015-02-05,-0.0014253298741546375,False,0.027261236504224403,0.03129938456803094,0.019140115288184423,0.024119592475297085
2015-02-06,-0.022517859410575658,False,0.02726799177903018,0.03130567279592121,0.019147809841232214,0.02412671110853602
2015-02-09,0.005576467523877212,False,0.02729517823818359,0.03134028044855617,0.019160071535151903,0.024148123943785495
2015-02-10,-0.007442254987160046,False,0.027310324205905272,0.03135514872738164,0.019175775963125856,0.02416348595105027
2015-02-11,-0.010283266746028365,False,0.027314775645324106,0.031360330934291934,0.01917875775574494,0.024167368859724366
2015-02-12,0.0009019520901303559,False,0.02732805329461776,0.03137414044489996,0.019190965778532614,0.02418023272554696
2015-02-13,0.005231782127142109,False,0.0273347426099952,0.03137964389034883,0.019200039997406458,0.024187844637402117
2015-02-17,-0.015115727381669742,False,0.027342728975412574,0.03138799324613736,0.019207296352740526,0.024195548599471692
2015-02-18,-0.006977372496271956,False,0.027353649447419994,0.0314019650669516,0.019212080255919604,0.024204095148678953
2015-02-19,0.0061492836610937025,False,0.02736123055457537,0.03141062278188317,0.019217496196737745,0.02421083866435969
2015-02-20,-0.002239230603391369,False,0.027365112171350663,0.03141156175438689,0.01922729576660626,0.02421700963275334
2015-02-23,-0.0034099716670723044,False,0.027372508127695806,0.03141847367121581,0.01923566517501966,0.024224782167627034
2015-02-24,-0.0028366649341615255,False,0.027336876373025575,0.03138023491361808,0.01920527636499886,0.024191178638532273
2015-02-25,0.00341964180291274,False,0.02734201740683469,0.03138430946487135,0.019212562202310463,0.024197149386482767
2015-02-26,0.007135163161701397,False,0.027346705823581452,0.031388879907040944,0.01921748787777742,0.024201929586423226
2015-02-27,0.0024770882622964334,False,0.027343951644262766,0.03138680083809903,0.019213375983705018,0.024198650177110367
2015-03-02,-0.0040491106533266635,False,0.02734790413007646,0.031390870888591646,0.019217092035145027,0.02420251119862762
2015-03-03,-0.0030683369818883667,False,0.027321150477412657,0.03136189831135537,0.01919480086259279,0.024177483849958516
2015-03-04,-0.0028279353859085,False,0.027330619405633763,0.03137104076610772,0.0192049263617399,0.024187206771695342
2015-03-05,-0.003922351093293688,False,0.02733402287116874,0.0313743102377844,0.019208599302377886,0.024190714483285244
2015-03-06,-0.02695082510784794,False,0.027258843306287302,0.03129219034115182,0.01914737744150828,0.024120934436068893
2015-03-09,0.0019738679038005798,False,0.027353199523056516,0.03139709817148404,0.019220513303942786,0.024207081589370898
2015-03-10,-0.0054159159489475485,False,0.02735837805031188,0.031401834735445125,0.0192265806637593,0.024212603960220534
2015-03-11,-0.008135776840567531,False,0.027497474059083007,0.031540452070697306,0.019366639333039375,0.024352072372821054
2015-03-12,0.0012159324570827387,False,0.027401273330165014,0.03144442025457338,0.019270098903532436,0.024255740231220197
2015-03-13,0.0004338959677507792,False,0.02740201201772062,0.031445157103652414,0.01927084128844901,0.02425648034909456
2015-03-16,0.0006072017488049268,False,0.027505346629604622,0.031547888923380084,0.019375388175884148,0.024360283928026995
2015-03-17,-0.004344810265399723,False,0.027404520108083617,0.03144680189304417,0.01927508556374694,0.02425966008009545
2015-03-18,0.0026959841412746766,False,0.02749244091512386,0.03153469593087379,0.01936306020635756,0.024347601713348443
2015-03-19,0.015255586684473977,False,0.027489010710853395,0.03153099997055776,0.019360164464178563,0.024344378264967183
2015-03-20,0.013339824035723362,False,0.027391958094852488,0.03143697166461513,0.019257029656987536,0.024244972762077023
2015-03-23,0.0026971957568776507,False,0.02740184695871089,0.03144875981710682,0.019263098860701867,0.024253383995917976
2015-03-24,0.0031095972006652695,False,0.02740400967269276,0.031449388121823324,0.01926834742578235,0.02425674046694647
2015-03-25,0.0046882443814050614,False,0.027391197819152637,0.031435915568488494,0.019256864305868503,0.024244442632093174
2015-03-26,0.006493468269733933,False,0.02739535965858728,0.03144020501142217,0.019260769521854272,0.02424850519711676
2015-03-27,-0.004407613858515569,False,0.02739637149981751,0.031439051682099435,0.019266135738465542,0.024251201522182613
2015-03-30,-0.012580891750166273,False,0.027402626145787246,0.03144535124604524,0.019272300049875284,0.02425742122235811
2015-03-31,-0.0014359335417667746,False,0.027424788612585255,0.031469893393707246,0.01928967673951837,0.0242777323181665
2015-04-01,0.0209107656929285,False,0.02742590682676828,0.03146950036618167,0.01929383421251715,0.024280026265238727
2015-04-02,-0.005977561320432106,False,0.027456576801857688,0.03150599061174915,0.019312799039277267,0.02430616812057987
2015-04-06,0.014631342783434479,False,0.02744313664161778,0.031491770541949494,0.019300927355470652,0.024293334723185886
2015-04-07,-0.006586554489201088,False,0.027466727993191137,0.03151840177635722,0.01931840519743753,0.024314561072385794
2015-04-08,-0.006214545543826507,False,0.02746797495451095,0.03151821005572028,0.019322545492626603,0.02431692731573973
2015-04-09,-0.007927608751493799,False,0.027473518345459413,0.031523162958296186,0.01932927641498165,0.0243229301015
2015-04-10,0.009173611346904613,False,0.0274814473083958,0.031531593825806774,0.019336195997424414,0.024330468587048307
2015-04-13,-0.004409447390731536,False,0.027489668299503642,0.03154090592206831,0.019342222666513195,0.024337840707848054
2015-04-14,-0.005434568565282116,False,0.02749442291049495,0.03154588055278381,0.01934653479574757,0.024342424145409908
2015-04-15,0.00726725079027736,False,0.027500262775707513,0.03155195810077407,0.019351896657029105,0.0243480790954912
2015-04-16,-0.002917276501128989,False,0.027505740189319554,0.03155792421758763,0.01935639123943348,0.024353176302268142
2015-04-17,0.004081828620635487,False,0.027504692787828137,0.031556868979817264,0.01935535959748585,0.02435213499733351
2015-04-20,-0.007845161517145325,False,0.027504219794570902,0.03155532905842023,0.019357032303845195,0.024352492064878096
2015-04-21,0.007845161517145236,False,0.027509989158222906,0.03156110818026239,0.019362782042796966,0.02435825383674312
2015-04-22,-0.013390441663967216,False,0.027496896607167632,0.03154448071567248,0.019356798557791138,0.024347911417635315
2015-04-23,0.006299101033358327,False,0.0275147629140065,0.03156501311034459,0.01936930309430256,0.02436370353135656
2015-04-24,-0.016205683354533523,False,0.027505559232405385,0.03155518082223678,0.01936136360350312,0.024354988900143665
2015-04-27,0.023629518711741584,False,0.02750549901657744,0.031554952096218954,0.019361642278586683,0.02435505978377604
2015-04-28,0.008852869596814293,False,0.0274887940288584,0.03153889531190944,0.01934363368872669,0.02433785049944902
2015-04-29,-0.0034655955861370943,False,0.027497645844921335,0.03154798783146305,0.019352001425901492,0.024346515050292294
2015-04-30,-0.022908805191481592,False,0.02749983511764667,0.03154951664287533,0.019355518952642547,0.024349218156167803
2015-05-01,-0.006703766742857445,False,0.027549856504071706,0.03160570185139586,0.019393144273940524,0.0243944441426779
2015-05-04,0.010418125460371878,False,0.027543475953007823,0.03159867870518284,0.019388056046242847,0.02438856352504425
2015-05-05,0.005378082159257571,False,0.02755111113820508,0.031607550870984456,0.019393203539242797,0.024395236350103103
2015-05-06,-0.002433315523067671,False,0.027538821138665712,0.03159462437248449,0.01938219360302235,0.02438344154121236
2015-05-07,-0.006659125353704526,False,0.027539132372845027,0.0315949901516512,0.0193823951417553,0.024383710339866464
2015-05-08,0.005650406070161,False,0.027538134030795015,0.031594088507785216,0.01938120232994799,0.024382636767471336
2015-05-11,-0.004974106783250917,False,0.027535726239392214,0.03159033114664623,0.01938150865879138,0.024381278929571065
2015-05-12,0.007913186088978619,False,0.027539812674506257,0.03159482179993923,0.019384782170561086,0.02438505088646187
2015-05-13,0.02140276540104405,False,0.027538606003005364,0.03159251543881788,0.019385787085303842,0.024384699763909456
2015-05-14,0.005728798596137671,False,0.02758602846000443,0.03164599971053927,0.019421018624245594,0.024427406181841613
2015-05-15,8.158275327200206e-05,False,0.02758887115008806,0.031648435037382704,0.019424680562707516,0.024430565796978745
2015-05-18,0.0018750657940217385,False,0.027594330344644872,0.03165418316212014,0.019429558689660363,0.024435800206371067
2015-05-19,-0.01716888090960008,False,0.027595783556463218,0.031655727996931594,0.019430827638439972,0.024437182136298648
2015-05-20,0.0016557665506276972,False,0.02761120404729214,0.03167406686971972,0.01944037897012194,0.024450332151376947
2015-05-21,-0.003729337524911823,False,0.027612673125788724,0.03167556396005481,0.0194417917139987,0.02445177943690711
2015-05-22,-8.301206705275282e-05,False,0.027614486061300517,0.031677377374028905,0.019443603687274765,0.0244535920001794
2015-05-26,-0.01430097352694823,False,0.02760827121352617,0.03167051855526062,0.01943868392982864,0.024447878156230552
2015-05-27,-0.0010955517266055808,False,0.027629554336809557,0.03169470184703891,0.019454134523070557,0.024466904973679943
2015-05-28,0.0018533713577155101,False,0.027629686587388583,0.03169451544908435,0.019454907607845278,0.02446728513004327
2015-05-29,0.0010936268834478497,False,0.027630529304140682,0.031695533550220034,0.01945539760899212,0.024467991399272214
2015-06-01,-0.0009252434121427846,False,0.027629002164558224,0.03169378273413603,0.01945432030531301,0.024466638278060147
2015-06-02,0.004868987707043961,False,0.02763099870954813,0.03169547910747877,0.01945692052562481,0.024468868353977616
2015-06-03,-0.007903206348653132,False,0.02762251183944938,0.03168611153565667,0.019450204835120645,0.02446106666215037
2015-06-04,-0.008306478391888725,False,0.027619480846507456,0.031682920447790086,0.01944749580914692,0.024458160221665703
2015-06-05,-0.00606137969172326,False,0.02775650765284537,0.03182077940981733,0.01958284906683904,0.024594539618123835
2015-06-08,0.004613337822188803,False,0.027754458695381994,0.03181909641495179,0.019580064121846076,0.02459220594494619
2015-06-09,0.0034887060751304954,False,0.02763686613763169,0.03170154830868807,0.019462382167693006,0.02447457880432642
2015-06-10,0.007446870892935644,False,0.027635059607017308,0.0316993271623834,0.019461409470862244,0.024473094841108548
2015-06-11,-0.005240883654242222,False,0.027641414641577725,0.03170667085439016,0.01946577621602961,0.024478680708785075
2015-06-12,-0.0009326965120805852,False,0.027644402369258716,0.03170963016629594,0.019468821090687705,0.024481690543691727
2015-06-15,0.0054989349947638985,False,0.0276439646895085,0.03170883500033565,0.019469102351600185,0.024481530985099913
2015-06-16,-0.004057870754626063,False,0.027599907602973782,0.031658884633502984,0.01943689724347327,0.024442058819317554
2015-06-17,-0.0034791290925295453,False,0.027581391426682634,0.03163844266163838,0.019422254035444352,0.024425040895212476
2015-06-18,0.021111827743485453,False,0.027582078178451742,0.03163923793495498,0.019422722539485095,0.024425643218162655
2015-06-19,0.0,False,0.027621560876267843,0.03168474977306773,0.019450080030794674,0.0244604352973305
2015-06-22,-0.014925691467098958,False,0.027621742849269434,0.03168421166498895,0.019451710159150322,0.02446117748714206
2015-06-23,-0.006356223197024235,False,0.02763855079800242,0.031703994846615485,0.01946253461579915,0.02447567073059258
2015-06-24,-0.0030653768027383383,False,0.027621583951213863,0.03168523652605355,0.01944917060264597,0.024460097634799317
2015-06-25,-0.0009385057618116827,False,0.027598195627437185,0.03165614631039387,0.019437249355957826,0.024441145333254803
2015-06-26,0.0011943563947357445,False,0.027592800124898394,0.03164899498088523,0.019435384997753335,0.02443711584880859
2015-06-29,0.004763108033599618,False,0.027593882760782097,0.03165003930923031,0.01943654467394356,0.024438228287623754
2015-06-30,-0.005957464428335503,False,0.027722343732218668,0.03177829945790765,0.019565409520113042,0.024566845497418225
2015-07-01,-0.0021362964757819457,False,0.027596654826361092,0.03165243884140968,0.0194400659415943,0.024441290180943587
2015-07-02,-0.005145808953403949,False,0.02759310607534686,0.03164784775109327,0.01943861343957527,0.024438552360829632
2015-07-06,0.008476461823921842,False,0.02757818751503927,0.031629988342386256,0.0194296092206817,0.0244259217549675
2015-07-07,-0.01763258994680646,False,0.02758162823501837,0.031634280024983794,0.01943133856939222,0.024428700433439747
2015-07-08,0.009414090400743112,False,0.027618677317825236,0.031675826800956174,0.01945934233964181,0.02446225035013034
2015-07-09,-0.003703271456771109,False,0.027615928392670734,0.031673301668427155,0.01945614334504705,0.02445932731626203
2015-07-10,-0.001122328304907492,False,0.027619465521496148,0.03167706372847667,0.019459228114596026,0.024462689450553816
2015-07-13,-0.002161789164397025,False,0.027621260160723214,0.03167883257961068,0.019461074616267546,0.024464504152692714
2015-07-14,-0.0016460063008068057,False,0.027620551301523803,0.03167774322901806,0.019461130963464017,0.024464091312483855
2015-07-15,-0.005303292287155819,False,0.02761243533076597,0.03166834099776193,0.019455601791718267,0.024456976041192777
2015-07-16,-0.0029680531118790564,False,0.027613162248590534,0.03166872316978137,0.019457022027971935,0.02445797116825163
2015-07-17,-0.010546766320174742,False,0.027614440352266192,0.03166999017368456,0.019458322454404528,0.024459257907453617
2015-07-20,-0.022426758700162933,False,0.027635663856422264,0.03169285287676218,0.019476249364941765,0.024479206129123084
2015-07-21,-0.002986226185725619,False,0.02777274215256628,0.03183707771908596,0.019598955239152543,0.02461072447457228
2015-07-22,-0.010935045842920037,False,0.027771001610752587,0.031834089963594554,0.01959972296927415,0.024609954254138953
2015-07-23,0.0023794058603042695,False,0.027766820680608695,0.03183139073573858,0.019592562187055445,0.02460462057251791
2015-07-24,-0.007707896950271182,False,0.027761630558057825,0.03182310966036642,0.019593588280982545,0.024601835184345586
2015-07-27,0.009990481826287456,False,0.027756840668880477,0.031816640163242656,0.019592176252030434,0.02459835201552431
2015-07-28,-0.0001823706384319658,False,0.027695594164282907,0.03175655561990268,0.019528592926674415,0.024536201515186856
2015-07-29,-0.003289265328567696,False,0.02776404393790132,0.03182468289601189,0.019597691275164936,0.024604902189059065
2015-07-30,-0.003942902550703331,False,0.027541227608933443,0.03158241154902204,0.019414000940865966,0.024397221694695485
2015-07-31,0.0059543068371229295,False,0.027495785271788156,0.03153247660015125,0.019377593696991855,0.024355274570350388
2015-08-03,-0.005035948817230393,False,0.02739539745474391,0.031423950826860385,0.019293572127070162,0.02426121801239965
2015-08-04,0.0011925388068687703,False,0.02740785705277761,0.03143258602895543,0.019313722969333938,0.024276652957170287
2015-08-05,-0.004594751903060489,False,0.027411607468281283,0.03143615470211369,0.019317838886942492,0.02428054476663605
2015-08-06,0.004136225578011975,False,0.027398095168213236,0.031421592042755575,0.01930643896487054,0.024267849636949005
2015-08-07,0.0035709643265033203,False,0.027344149195207213,0.03136400410609963,0.019259817346444424,0.02421673707994794
2015-08-10,0.00918896146112403,False,0.02732511675707534,0.03134461004932287,0.019241512159716596,0.024197985977972767
2015-08-11,0.003074443624916577,False,0.02727033270796645,0.03128710897264602,0.019192192325856384,0.024145315752651518
2015-08-12,0.01398622054471554,False,0.027207590894808828,0.03122001808199183,0.019138196944223692,0.0240859574839139
2015-08-13,-0.006699743964643952,False,0.027131757025893228,0.03113935489483079,0.01907207531919869,0.02401388078253893
2015-08-14,-0.0025127239178519196,False,0.027145460859110283,0.03115069499103172,0.01909053286489172,0.0240294235825708
2015-08-17,0.0051086386452189395,False,0.026946041324462863,0.030905531022172545,0.01898310998052133,0.023865592819391695
2015-08-18,-0.0013418618399914416,False,0.02693874639159986,0.03089838126968001,0.01897552307535615,0.02385818493746472
2015-08-19,0.009798760247176764,False,0.026870905052555644,0.03082453094365435,0.018919766412478042,0.023795018537965035
2015-08-20,0.02183246129993839,False,0.026880991924242172,0.030835854568292558,0.018927366049799648,0.02380414322662495
2015-08-21,0.005707855724575729,False,0.026853530779065982,0.03080776337175397,0.01890117200117504,0.023777172255922147
2015-08-24,-0.0053609736452838765,False,0.02685887318402894,0.03081346106548162,0.0189057998847586,0.023782238249320072
2015-08-25,-0.01326609907875266,False,0.02685748915221649,0.03081253664678871,0.018903491524814225,0.023780496642502997
2015-08-26,-0.012020629120604693,False,0.02675015485538493,0.03069705782506385,0.018812536685313217,0.02367949871511485
2015-08-27,-0.0019581236090830427,False,0.026758924050569472,0.030708047264579923,0.0188168407462182,0.02368654057954363
2015-08-28,0.009487946300354527,False,0.026733754155444874,0.030670917094435497,0.018815724165057925,0.023670675674232835
2015-08-31,-0.0013246789876694932,False,0.026653837808878977,0.030584292047359185,0.018749299688821285,0.023595978638243816
2015-09-01,0.006254679083375538,False,0.026649032403518572,0.030579428029915312,0.018744612158245813,0.023591218832573944
2015-09-02,-0.005459639578781788,False,0.026641403049742263,0.03056397161691086,0.018752723806471538,0.023589678862718094
2015-09-03,-0.007800809896323428,False,0.026615502056372878,0.03053688679681506,0.01872920360751387,0.02356469887623294
2015-09-04,-0.0027625341162804407,False,0.026622707109035144,0.03054491148913571,0.018734760282525294,0.02357126625637852
2015-09-08,-0.00017844816814424258,False,0.02660736862436194,0.0305216527246169,0.018735350275875876,0.023562089680454378
2015-09-09,-0.016377648027910367,False,0.026538184474665515,0.030446608251060117,0.018677951825882177,0.023497464811688847
2015-09-10,0.0066013252241179255,False,0.026567357911768744,0.030474595601526117,0.018709510602304684,0.023527561013867247
2015-09-11,-0.005422516675857549,False,0.02650831461441466,0.030411497387714825,0.018658622149089442,0.02347167240620614
2015-09-14,0.0037988027454549534,False,0.026513109625697594,0.030416772159477273,0.018662452313876598,0.023476094168013825
2015-09-15,-0.004433305016104712,False,0.026444969502389903,0.03032942847062723,0.018632932489053605,0.02342289425147096
2015-09-16,0.014761656297426292,False,0.0262287210754886,0.030061122581007984,0.018521376846629703,0.023247146077241123
2015-09-17,-0.0016989964683834105,False,0.026162806194569496,0.029987362782265038,0.018471238883141703,0.023187334474074405
2015-09-18,0.0184450795810628,False,0.02597296956151929,0.02977758849817641,0.018321498868216372,0.023013009159912456
2015-09-21,-0.004402965995982146,False,0.02596291606394181,0.02976639713243895,0.018313733737758933,0.02300384091385474
2015-09-22,-0.007174182201744282,False,0.025968326052608116,0.029772119668728673,0.018318515161772464,0.02300900774319173
2015-09-23,0.005849503214074751,False,0.025976183406476505,0.029780576740505806,0.018325166422710284,0.023016398521749536
2015-09-24,0.019428346289593987,False,0.02591332244409128,0.029710572470081836,0.018276671370031576,0.022959094990813608
2015-09-25,-0.006783266867504336,False,0.025895884874596094,0.029689681635868388,0.01826617866261796,0.022944344031197758
2015-09-28,-0.012291638511556624,False,0.025869594437056737,0.029660019549808063,0.018246668948792538,0.02292067670684696
2015-09-29,-0.004338039176050699,False,0.025878794620948112,0.029670608426341186,0.018253076332346425,0.02292879649995597
2015-09-30,-0.010345205714490345,False,0.025969676637063916,0.029760413200808238,0.018346124789580844,0.02302051660069375
2015-10-01,-0.0011661201093563032,False,0.025836246369755806,0.029621235970853685,0.018224252241191983,0.022891557420279273
2015-10-02,0.020344525396983844,False,0.02583952820328048,0.02962414958267344,0.01822827460553741,0.022895125727083854
2015-10-05,0.0008790436760322062,False,0.025840507639426608,0.029628426590061405,0.018222622294815832,0.02289353968151951
2015-10-06,0.007615313750683251,False,0.025840599541642133,0.029627678540159207,0.018224403425077456,0.022894285059168205
2015-10-07,0.001916501261825459,False,0.02583057120995411,0.029617112620922433,0.018215456235927716,0.022884674965911733
2015-10-08,-0.003749447580152806,False,0.025832564056244237,0.029619030370695697,0.018217600108853493,0.022886726236638028
2015-10-09,0.010082743094216015,False,0.02582386305788476,0.029607819700734356,0.01821394631207482,0.022879977740930254
2015-10-12,0.007409973000988005,False,0.02583463876749631,0.029619983639018528,0.018221930154437377,0.02288967342072338
2015-10-13,0.0007723211314338696,False,0.02580777237409637,0.029587767408628722,0.018205822820386994,0.022866969153914493
2015-10-14,0.012191571448331816,False,0.025780879498578407,0.029557437423844275,0.018185842316714936,0.02284275031947506
2015-10-15,0.006587902904208858,False,0.025787510177781695,0.029564501544599785,0.018191601301435992,0.022849043784925183
2015-10-16,-0.0036264419486807366,False,0.02569821598847925,0.029462490618814476,0.01812788174605434,0.02276964310586743
2015-10-19,-0.008740287853461832,False,0.025666979183109517,0.029428207257429822,0.018102771870727206,0.022740776494547497
2015-10-20,0.003997752165893153,False,0.02563312324866215,0.029392190807976497,0.018073260948888396,0.022708601421960725
2015-10-21,-0.008867746141184144,False,0.025638590867544966,0.029397871678646548,0.01807829969701504,0.022713903132810097
2015-10-22,-0.0008568246783460413,False,0.025632710202412246,0.0293911814644728,0.018074047116288496,0.02270865228978164
2015-10-23,-0.002832678595479044,False,0.025633346096940058,0.0293911867412669,0.01807595124639746,0.022709778799414777
2015-10-26,0.0031755174900332073,False,0.02561104664131447,0.029367047530563073,0.01805735172295912,0.02268891065721923
2015-10-27,-0.00017135244509453186,False,0.025550493356983155,0.029299581338593766,0.018010700989994508,0.02263373555483178
2015-10-28,0.008788764836116568,False,0.025552758682975383,0.029301625248708264,0.018013411605548632,0.022636173140448766
2015-10-29,-0.025729617395093392,False,0.025508094261887937,0.02925130774787785,0.017980116095435015,0.0225959067661736
2015-10-30,-0.004980961312634337,False,0.025533807039190465,0.029286777808878065,0.017986205995518555,0.022614028461727012
2015-11-02,-0.0050058955364459265,False,0.025537192595908555,0.029290457185174014,0.017989000651563926,0.02261718542937215
2015-11-03,-0.01920067667017338,False,0.025528437259016937,0.02927784244558099,0.01798800696101722,0.022611432674174054
2015-11-04,-0.006934734272126623,False,0.025506097096041194,0.02925663752199486,0.017963383717642598,0.022588209304839003
2015-11-05,-0.001899657328927695,False,0.025516785568846626,0.029267902305653563,0.017972913171456252,0.022598449412819178
2015-11-06,-0.015328811851509786,False,0.025511282907465647,0.029262253184885935,0.017967705054607423,0.022593060695565624
2015-11-09,0.0002758435578281864,False,0.025544980547342222,0.029299349329958268,0.017994567959300448,0.02262411432799452
2015-11-10,0.0002756553127857822,False,0.025508004063934796,0.029248954685537527,0.017984576744972714,0.022597577057008378
2015-11-11,-0.0032215041504368553,False,0.025499832816810897,0.029240514143678016,0.01797694707660131,0.022589615318843737
2015-11-12,-0.003601853207094119,False,0.025471803594463122,0.029202078341242287,0.017969846531707485,0.022569682325182545
2015-11-13,0.0,False,0.025435836948357583,0.02916283389643932,0.017940471867897535,0.02253626577792011
2015-11-16,0.002679514048333107,False,0.025439440809810056,0.029166311121360748,0.017944330408129164,0.02253996816149096
2015-11-17,-0.013938156030505203,False,0.025441418554118484,0.029167985163476327,0.017946918928041348,0.022542182183460754
2015-11-18,9.365862579947371e-05,False,0.025433331959329793,0.029159080449562447,0.01794047765295858,0.02253473207822717
2015-11-19,0.008570903001564972,False,0.025429090338571513,0.029154740255814392,0.01793643427238019,0.02253056714639655
2015-11-20,-0.0014853099349744917,False,0.025355123666204647,0.029075894695245012,0.017872279534064787,0.02246039620656525
2015-11-23,-0.008958603455463966,False,0.02536364788508457,0.029084140167843307,0.017881364339705247,0.022469137287624924
2015-11-24,0.007005773045099333,False,0.02536351570819906,0.029084352059517968,0.01788054020639823,0.0224687374283958
2015-11-25,-0.00354350309386584,False,0.025367710135113034,0.029088174455928054,0.017885482824010108,0.022473221291802105
2015-11-27,-0.013448313986904855,False,0.02537503146897661,0.029095741122192605,0.017892310769782146,0.02248035175919411
2015-11-30,0.009048221633438932,False,0.025389121837341214,0.029111496372574923,0.01790305289324275,0.022493146863846937
2015-12-01,-0.00187828746833272,False,0.025386189578126335,0.029105403348661223,0.017906477249201188,0.022492673652043396
2015-12-02,-0.009065310104538793,False,0.025384387609832294,0.029103536002473365,0.01790480676241603,0.022490922547181425
2015-12-03,0.007089211925615804,False,0.025396379330602077,0.029104875314807606,0.017938221546129743,0.022511201748951513
2015-12-04,0.021247700237913326,False,0.025406316869131185,0.02911553353817775,0.017946709715081464,0.02252057860095011
2015-12-07,-0.00749688873296108,False,0.025206096928167807,0.028889629415616503,0.01779814324219189,0.02234034072960871
2015-12-08,-9.28838970668577e-05,False,0.025196828829930087,0.028880708587391637,0.017788176749089855,0.02233080245832506
2015-12-09,0.001207044803292825,False,0.025189630328983494,0.02887056875678313,0.017786893557424473,0.022325892286241957
2015-12-10,-0.00418469025807936,False,0.025190869544878383,0.0288718285150389,0.01778809146056903,0.02232711552035897
2015-12-11,0.0035349328234069743,False,0.02518166377433071,0.028859880924856997,0.017784399764604625,0.022320042861610608
2015-12-14,-0.011393542545885472,False,0.02518451981845598,0.028862885389615615,0.017786957319933707,0.0223227834357756
2015-12-15,-0.0016919789508065548,False,0.02518691710020048,0.0288673155099682,0.01778526635912542,0.022323599186785226
2015-12-16,0.014106427960112739,False,0.025183615889224385,0.028864007687726782,0.017781978444067707,0.022320303119315984
2015-12-17,-0.025555647189986472,False,0.0252084928696756,0.02889141729921145,0.017801762049215894,0.02234320973487765
2015-12-18,0.01454905431330043,False,0.025197895981909364,0.028885340500334644,0.017782074808842887,0.022329096257316956
2015-12-21,0.01461789766718511,False,0.02519843186694893,0.02888600442372102,0.017782353195911028,0.022329532529637677
2015-12-22,-0.006584134088142776,False,0.025218753247662495,0.028904912130667697,0.017805517616513035,0.022350953736231423
2015-12-23,-0.005036876826985434,False,0.025186958449178405,0.028866230435864337,0.017787573058021974,0.022324516883111746
2015-12-24,0.007267270264383618,False,0.025185738531958685,0.028864335247411044,0.017787711179055154,0.022323822321031396
2015-12-28,-0.006239207578959481,False,0.025199295760265746,0.028878178147484522,0.01780069389275641,0.022337157299191855
2015-12-29,0.0065177139481654685,False,0.025197275366653317,0.028876819788788005,0.017797342080454918,0.02233462184817993
2015-12-30,-0.01628032272881288,False,0.025200628963061737,0.028880450338500042,0.017800138695961608,0.02233775997732988
2015-12-31,0.00018871273389700527,False,0.025204345766641795,0.02888473908623621,0.01780270526241634,0.022341031813337048
2016-01-04,0.01386172479955186,False,0.02520650293268531,0.02888637034217422,0.017805920086487258,0.02234359813286295
2016-01-05,0.0030648260146564294,False,0.025176407516725455,0.028858702968943287,0.017770941632806226,0.02231161372080371
2016-01-06,0.012440836582072724,False,0.025225418741004108,0.02890633778858386,0.017822720945013183,0.022361695775904872
2016-01-07,0.01436642906297819,False,0.025138177693532805,0.02881760793657816,0.01773847403294746,0.02227561300539663
2016-01-08,-0.008977527848297442,False,0.02514846335018713,0.028830874067027546,0.017742765657538462,0.022283579879392747
2016-01-11,-0.0011849327360058722,False,0.025162304387799924,0.028845906514409467,0.01775421065047925,0.022296494010580113
2016-01-12,-0.009990481826287485,False,0.025152970641209735,0.0288358999091581,0.017746230090216638,0.022287683742168975
2016-01-13,0.0017486769311837599,False,0.025149868702734387,0.02883298171577519,0.017742758621911055,0.02228443885161179
2016-01-14,-0.012584579364650109,False,0.025151607092672012,0.028833928735274236,0.017746088537260063,0.022286792920859277
2016-01-15,0.01625599239180944,False,0.025101300195819423,0.02877849662644166,0.017706088956308163,0.022240473394296117
2016-01-19,-0.0014669256944553847,False,0.025069871239575825,0.028746799441872844,0.017675199434158656,0.022209253117353764
2016-01-20,0.0156579905176128,False,0.025062813352345132,0.028739484402659707,0.017668658705384612,0.0222023952921261
2016-01-21,-0.007252320951077914,False,0.025090882433172937,0.028771315003889124,0.017689162991000495,0.022227537942837255
2016-01-22,-0.0017302053011144954,False,0.02508335640303579,0.028764213200988435,0.017680783797295298,0.022219681867604365
2016-01-25,0.008169238859200036,False,0.025070565164911133,0.028750801064077063,0.017669241248973528,0.02220737368332891
2016-01-26,0.013914673700546146,False,0.025066580278259427,0.02874707327598778,0.017664739311298222,0.0222031887762345
2016-01-27,-0.005004904333480651,False,0.025099591113897673,0.028781614741557722,0.017694671896457334,0.0222350087951148
2016-01-28,-0.0004480889181392674,False,0.025100623945538324,0.028782193110986367,0.017696618697237668,0.022236395194398875
2016-01-29,0.0007168896616390326,False,0.02506089170968563,0.028739020228618316,0.01766380594699354,0.022199339751573535
2016-02-01,0.01024827376073344,False,0.025064378795732322,0.028741374077492533,0.017669572086779405,0.022203708486272032
2016-02-02,-0.0005320819267533649,False,0.025071915334846505,0.028749757889669197,0.017675404674692505,0.02221058585432177
2016-02-03,0.012342569977745608,False,0.02507355762290638,0.02875046239649962,0.017678932934964923,0.022212957728011833
2016-02-04,0.01418086888457877,False,0.02510107768196918,0.028780271367019064,0.017701849763264894,0.022238697033893508
2016-02-05,0.00017281959106493736,False,0.025142688139049144,0.02882483107128736,0.01773752898812304,0.02227801300234337
2016-02-08,0.03404834929990521,False,0.025132706167102947,0.02881399544071638,0.017729263809384884,0.022268695169373486
2016-02-09,0.0006675513608169836,False,0.02531723487442768,0.029016360046855965,0.017877922733337707,0.02243934770273757
2016-02-10,-0.003342528526259136,False,0.025318868332251946,0.029017997886558625,0.017879547378764543,0.0224409777514986
2016-02-11,0.043567091125364873,False,0.025262784169399737,0.028955817702211374,0.017835722927224195,0.0223896362402846
2016-02-12,-0.007076868158539852,False,0.025573429160110975,0.029294497566481593,0.018089986972301107,0.02267847034349824
2016-02-16,-0.025501955096164056,False,0.025545863441159278,0.0292661828954033,0.018063927471276296,0.022651487302779067
2016-02-17,0.0026456825451971347,False,0.025534176077452817,0.029264256782989873,0.018032609251118225,0.02263220577056886
2016-02-18,0.012309362957954846,False,0.025542357329249497,0.029272545312931986,0.018040574755792915,0.022640303560902585
2016-02-19,0.003500959267383596,False,0.025585241520346587,0.02931643712823226,0.018081432513444535,0.022682403829144118
2016-02-22,-0.017132288543675846,False,0.025411625642037156,0.029115120689584433,0.01796352524331534,0.02253033874555791
2016-02-23,0.010527318680876351,False,0.025391095749620063,0.029098306563470986,0.017935522571771372,0.022506918019313947
2016-02-24,0.013328033410348807,False,0.025425227420622375,0.029133383546675048,0.01796775312501968,0.022540314245655203
2016-02-25,-0.0004037304909403373,False,0.02547982390998649,0.029190670114852588,0.018016939595786333,0.02259281787712803
2016-02-26,-0.0149717217583961,False,0.025444449099074402,0.029150594511781782,0.017991018549899485,0.02256110024158032
2016-02-29,0.011492953798612126,False,0.025423557196631544,0.029132182071856826,0.01796514019937687,0.022538279338890008
2016-03-01,-0.0029218229364777115,False,0.025457192007287504,0.029166218968010776,0.017997966375724036,0.022571601330529947
2016-03-02,0.008739981710060525,False,0.025442437490659147,0.029150395939204425,0.017985360744372094,0.022557678107071325
2016-03-03,0.013048052901100447,False,0.025471582474209737,0.029180286813224963,0.018013005667294742,0.02258624279433161
2016-03-04,0.009892060054906658,False,0.0255265220654752,0.029237829445655422,0.018062710281412948,0.022639157242238323
2016-03-07,-0.005290031133051419,False,0.025461437798744282,0.02916075878626545,0.018021731853841247,0.022583398284617095
2016-03-08,-0.0008711643665365201,False,0.02544165191525954,0.029139472435990552,0.018004963559729394,0.022564779751228836
2016-03-09,-0.004367339380404757,False,0.02543868409477401,0.029136497912209826,0.018002009220243573,0.0225618171458486
2016-03-10,0.012180823359887589,False,0.02542391819867345,0.029120962127862804,0.017988791646709076,0.022547650216099495
2016-03-11,-0.010511061395113142,False,0.025455436088564747,0.029153054232645192,0.018019154732798987,0.022578721371805856
2016-03-14,-0.011425897862328808,False,0.02543964293626242,0.02913871998816754,0.018000427570376176,0.022561793201920293
2016-03-15,-0.011314166048867756,False,0.025420005374162016,0.029120886397540912,0.017977162040510038,0.022540752165722513
2016-03-16,-0.0008943982001956458,False,0.025388422401017033,0.029088571229129702,0.017947051585563215,0.022509738834118602
2016-03-17,0.02823184571645773,False,0.025363906179016762,0.029060535870817847,0.017929612700032672,0.02248796046952365
2016-03-18,-0.00849780832604257,False,0.025531158838795052,0.029240100744923548,0.018072104260561793,0.022645634333771567
2016-03-21,-0.008007729856973357,False,0.025484025239953537,0.02919070294798153,0.01802952419144251,0.022600262261335314
2016-03-22,0.0035312254541069133,False,0.025467070365848898,0.029174664548606698,0.01801072619463543,0.022582594377871662
2016-03-23,-0.019823458291528016,False,0.02546786990119046,0.029173634383433133,0.018015205441428282,0.022584817404280724
2016-03-24,-0.0018812543119597132,False,0.025449205552915587,0.02916038831044605,0.01798564439751503,0.022561937685014993
2016-03-28,-0.0012288536097643887,False,0.02544339797132392,0.029154482319812065,0.017980034726388466,0.022556206664801296
2016-03-29,0.01278775411769549,False,0.02531804385228208,0.02901134098907909,0.017890452476024186,0.022444690841561823
2016-03-30,-0.007065979589434121,False,0.02535427528420243,0.02904811324669138,0.01792559625317518,0.022480501515803424
2016-03-31,0.005932264628274546,False,0.02533361855513654,0.02902679078556549,0.017906278378126333,0.02246036272048293
2016-04-01,-0.009770473814590914,False,0.02534135287846188,0.029033037587155783,0.01791700425701896,0.022469254322764604
2016-04-04,-0.0034423042399615686,False,0.025324765420132317,0.029017911384011306,0.017897478067791434,0.022451530020625842
2016-04-05,0.008502360171509305,False,0.02529797720121292,0.02898847387288816,0.017876017841502174,0.022426802927970585
2016-04-06,-0.004814587092324561,False,0.025315943808043185,0.02900570746732833,0.017895458609848744,0.022445339812057177
2016-04-07,0.0111441763775809,False,0.025302054635525657,0.02899176029951059,0.017881686071703096,0.02243149575937818
2016-04-08,0.005083360244175877,False,0.025345478630872484,0.029037057953092103,0.01792134195221092,0.022473462064934484
2016-04-11,0.011363719796072987,False,0.025353956132482237,0.029045150531089355,0.01793059357385458,0.0224822390337628
2016-04-12,0.0021462376732565664,False,0.025405163344210294,0.029098607021219997,0.017977277260870957,0.02253169632648065
2016-04-13,-0.010055128384175412,False,0.02541108907156406,0.029104476836056915,0.017983315433910133,0.02253766555328563
2016-04-14,-0.01763946407711058,False,0.025387967460396708,0.02908256176661837,0.017957767346180504,0.02251360526315999
2016-04-15,0.006590460098725617,False,0.0253660327745367,0.029064411930180643,0.017928220948105592,0.022488725997408393
2016-04-18,0.00040539994060510945,False,0.025389124592502494,0.029088190446921965,0.017949931745884218,0.0225112835697067
2016-04-19,0.015603971877910185,False,0.025377113513008205,0.02907388076911149,0.017942543378399924,0.022501060779685906
2016-04-20,0.00015956521921236389,False,0.02544949804304961,0.029149600287474885,0.018008220912068475,0.02257085071785431
2016-04-21,-0.003357009989702909,False,0.02545028922136676,0.029150381283268276,0.018009032568463302,0.022571649818086275
2016-04-22,-0.01638657099171672,False,0.025440873231285768,0.02914118312816354,0.017999178490372844,0.022562064354290697
2016-04-25,0.008267248694073434,False,0.025414503161528327,0.029118737765105387,0.017964915441373745,0.022532640896898055
2016-04-26,0.002660052989486988,False,0.025432319065005003,0.029135879484108826,0.017984087197519177,0.022550981310024025
2016-04-27,0.005619345503985562,False,0.025440214141369995,0.02914319160073404,0.017993154664454294,0.022559329923990075
2016-04-28,0.012963993663771956,False,0.025458079768557504,0.029161414077374895,0.01801030263156083,0.022576917925410375
2016-04-29,0.018554532081355487,False,0.025462483704158517,0.02916208766809693,0.01802220866526749,0.02258422403684291
2016-05-02,0.004257137284214135,False,0.025546215127029204,0.029250642472690935,0.01809623978318963,0.022664202910735485
2016-05-03,-0.003094301340338286,False,0.02556317033626779,0.029267976264908027,0.018112433624045937,0.022680863585713546
2016-05-04,-0.013572675083321833,False,0.025545509107317888,0.029249836507011583,0.01809573476485535,0.02266357464811696
2016-05-05,-0.0014933192222766592,False,0.025497212706276084,0.029201487329115858,0.01804754450336597,0.02261531930700792
2016-05-06,0.016769101438875392,False,0.02548648632344168,0.029190634695069446,0.018037072024395445,0.022604691146517038
2016-05-09,-0.02134147742080195,False,0.02553968794757851,0.029245838284121767,0.01808624749607526,0.022656335259382994
2016-05-10,-0.0013441007533533627,False,0.025476281641302254,0.029179089981292372,0.018029562280428353,0.022595528997322537
2016-05-11,0.008430186756368665,False,0.025467377436139124,0.02916838657485386,0.018024276449683043,0.02258802455508398
2016-05-12,-0.003379253258223161,False,0.02549896842637145,0.029201085984914645,0.018053638296346843,0.022618753204342024
2016-05-13,0.0012587331847161139,False,0.02547814631608847,0.029179355550297124,0.01803464291750307,0.022598637762481517
2016-05-16,0.0011786431028753658,False,0.025442604652341258,0.0291396085872181,0.01800755853295506,0.02256636778499416
2016-05-17,0.00219636641841862,False,0.025444982262686586,0.029141162133542477,0.018011593418788614,0.02256938650997174
2016-05-18,-0.00196086191362997,False,0.025451063296756945,0.029146516725069398,0.01801913540175399,0.022576032710014935
2016-05-19,-0.015428132082826979,False,0.025417065403138917,0.02911012794183348,0.01798994582722042,0.022543894907699452
2016-05-20,-0.0014361502311578814,False,0.02540056180837592,0.029096078826304043,0.01796850602827099,0.022525481749466666
2016-05-23,-0.001038585136795765,False,0.025397285520611115,0.029092890005408736,0.017965053835849305,0.022522137413239066
2016-05-24,-0.01790366465212703,False,0.025263151402313447,0.028936654473568767,0.01787536787932946,0.022405198002215347
2016-05-25,-0.004403876274423123,False,0.025236315890844397,0.02891426849121242,0.017839583918049358,0.022374900795843686
2016-05-26,-0.002782801311324475,False,0.025229380919332692,0.028907805218809365,0.0178317003122681,0.02236759884653307
2016-05-27,-0.005176827942159796,False,0.0252063465866265,0.02888248079309476,0.017813271586543986,0.022346346186244998
2016-05-31,0.000823519736724513,False,0.025113077254914806,0.028777896251347718,0.01774275827834357,0.022261879989406496
2016-06-01,-0.002390098246246816,False,0.025114889392071363,0.028779556057024702,0.01774487676940074,0.022263810639127635
2016-06-02,-0.0017342990864130377,False,0.025108060293657832,0.02877253248258917,0.017738438781794277,0.022257132841365698
2016-06-03,0.024736904788247527,False,0.02509089848543218,0.02875325284043136,0.017725536150252286,0.0222416186894969
2016-06-06,0.0036221716975720704,False,0.025225838096641053,0.028897371591558203,0.017842015589433043,0.022369417009782722
2016-06-07,-0.00016066787650068854,False,0.025239240052101302,0.02891097377332851,0.017855014869679588,0.02238266319091735
2016-06-08,0.012299511303834583,False,0.025236734160082458,0.028907812051950983,0.017853827916351133,0.022380667528428506
2016-06-09,0.008221312981124862,False,0.025293260990968444,0.02896671380767716,0.017905578534923593,0.022435346688469977
2016-06-10,0.002516177827683463,False,0.025327546508718397,0.02900200628585373,0.017937838954149403,0.022468848799776762
2016-06-13,0.008601194468236007,False,0.025332999050543228,0.029007440027787948,0.017943329304441893,0.022474315967752775
2016-06-14,0.0009338142093947642,False,0.02524624625777772,0.028907248427851032,0.017883603302253036,0.022398018449939758
2016-06-15,0.00015561424958520132,False,0.025250201971764384,0.028911165244861488,0.017887637241964408,0.0224020044254352
2016-06-16,0.007978605910287052,False,0.02523990485497985,0.028897622315545712,0.017883867780083613,0.022394232522535015
2016-06-17,-0.0027814092101873097,False,0.025259279623621515,0.02891705021643853,0.017903135694433348,0.022413565954747968
2016-06-20,-0.0019361090268664404,False,0.02525245430626251,0.028910165109315114,0.0178964306202939,0.022406787153305012
2016-06-21,-0.015231694595499006,False,0.02520201663988155,0.02885534022588512,0.01785481608790736,0.02235976270358375
2016-06-22,-0.001969667763047546,False,0.025073489000771255,0.02871104421289227,0.01775800023193544,0.02224350272204105
2016-06-23,-0.0053772460418744,False,0.025064738243425113,0.028702237555113416,0.017749361895972298,0.02223479545474477
2016-06-24,0.045568126625119755,False,0.02503166649402333,0.028665496183635043,0.01772367012502353,0.022204578639363027
2016-06-27,0.0018921481520379623,False,0.02540278928555724,0.029068736940674297,0.018030200463046563,0.022550713933421163
2016-06-28,-0.005459071134537385,False,0.02535434945537365,0.029015253844114318,0.017991903147926876,0.02250619772056099
2016-06-29,0.006517130786711063,False,0.025341148332955504,0.029001615063536174,0.017979582200012584,0.022493337092380144
2016-06-30,-0.004163045711473091,False,0.02535957874801738,0.029020385803678,0.017997328187167552,0.022511502737493416
2016-07-01,0.013784954775413433,False,0.025345313309197395,0.02900632192193318,0.017982657396831584,0.022497080489024133
2016-07-05,0.014630295802076445,False,0.0254007933324829,0.029064354895282356,0.018033003181204123,0.022550574339391522
2016-07-06,0.006247034498575354,False,0.02546084151814567,0.029122905480812086,0.01809606319110449,0.022611787644916503
2016-07-07,-0.0035229752607092743,False,0.02548647807141388,0.02914919847005685,0.01812037958571286,0.022636913496711288
2016-07-08,-0.0025766569730396745,False,0.025475203297375477,0.02913806602449658,0.018108818574814087,0.022625527992356304
2016-07-11,-0.0011800972016698774,False,0.025439170719562292,0.02910029479226526,0.018076282605609457,0.02259084807254001
2016-07-12,-0.015544565429065389,False,0.02543936866833883,0.029099693031617475,0.018078088850335006,0.022591668188284696
2016-07-13,0.006202186015081687,False,0.025415538682888355,0.029079423215375853,0.018047099007138395,0.022565068422192146
2016-07-14,-0.00830312978492063,False,0.02543682482964875,0.029101265808912587,0.018067266083560213,0.02258592165820615
2016-07-15,-0.003612050537102661,False,0.02541616286244666,0.029081637069113094,0.01804452619230788,0.022564455849082315
2016-07-18,0.0014313343033443948,False,0.025380969143337876,0.02903955975731044,0.018023176069269748,0.02253461750514616
2016-07-19,0.0023308973728481423,False,0.025389478279127395,0.029047633438989983,0.018032560946997213,0.022543465420441243
2016-07-20,-0.009583857031749085,False,0.025401196254592216,0.02905932609614833,0.0180443298401185,0.02255520309332803
2016-07-21,0.008832542195506029,False,0.02537716786109918,0.029036583233555152,0.0180177161149091,0.022530174567989468
2016-07-22,-0.005577361821546027,False,0.025410813770088088,0.029071200785949436,0.01804940795144965,0.02256306454687019
2016-07-25,-0.0028761196958370064,False,0.025389208298104607,0.029049914936005613,0.018027159687452037,0.02254121041172317
2016-07-26,0.0010605321779994731,False,0.02535937976515143,0.029018875003651957,0.01799976740032662,0.022512324336954544
2016-07-27,0.0044573976096106815,False,0.025360804969336216,0.029017803275605488,0.018006214185938802,0.022515692132671638
2016-07-28,0.004287548927691639,False,0.02538266369067092,0.02903953534828997,0.018028327610425544,0.02253764938555334
2016-07-29,0.012456768592093142,False,0.025398972488971903,0.029056136964000324,0.018044047523515266,0.02255373037445972
2016-08-01,0.0017775329760739552,False,0.025466056889098712,0.02912564907987617,0.018106249543510266,0.02261892603287464
2016-08-02,0.009573679254285983,False,0.02547683891756115,0.02913630446393943,0.018117286266575484,0.022629806589576806
2016-08-03,-0.006101874347359719,False,0.025526161319639116,0.029187047246220777,0.018163752141447848,0.0226780239482254
2016-08-04,0.001989078130412177,False,0.025496248278520987,0.02915722993388665,0.018133646580133223,0.022648036430946938
2016-08-05,-0.016622543470037807,False,0.02549270330487066,0.029153331996054303,0.018130811452893122,0.022644766060356553
2016-08-08,-0.002247360257539687,False,0.025463931989998637,0.029128470210779852,0.018094177681454902,0.022612953165502315
2016-08-09,0.004190977197581718,False,0.02545852127928447,0.02912187015111953,0.018091158870890824,0.022608467757911255
2016-08-10,0.003950401091376265,False,0.025478154825078456,0.029141806449150036,0.01811018355153863,0.02262786576510164
2016-08-11,-0.0013399203995291173,False,0.025498911170874855,0.029162650960780075,0.018130762586991065,0.022648553518647217
2016-08-12,-0.005003147538014941,False,0.025492943405892882,0.029153854106512028,0.01813048440462473,0.022644786760493734
2016-08-15,0.0033631060701886342,False,0.025474668885729267,0.029135907548425818,0.018111550319793664,0.02262625708868984
2016-08-16,0.0075813883174767425,False,0.02547164739532259,0.029126245081868184,0.01812188449922934,0.022628402219898126
2016-08-17,-0.005792418519633738,False,0.02551338453388858,0.029168929391994003,0.018161716780685525,0.022669402467238663
2016-08-18,0.006310574643693422,False,0.025494304842192395,0.029150127010414507,0.01814207939050071,0.022650107030686546
2016-08-19,-0.008024955279562044,False,0.0255231350723247,0.029179603512482034,0.018169609902880832,0.022678434466881066
2016-08-22,-0.002016410277178946,False,0.025489632634837223,0.029146939185938487,0.01813442194013262,0.02264427998637759
2016-08-23,0.0021655719125730603,False,0.025476875656725906,0.029134144187991644,0.018121741423728015,0.02263155258736723
2016-08-24,-0.012157711605415717,False,0.025472175874879554,0.02912313423609571,0.018129732027438786,0.022631762062869678
2016-08-25,-0.003252072314533185,False,0.025434174828187293,0.029086605473029936,0.01808877007054557,0.022592615592336843
2016-08-26,0.0010599822517309905,False,0.025419738733283955,0.02907229625316284,0.018074078817205172,0.022578080789760157
2016-08-29,0.0010588598789471667,False,0.02542774123012538,0.029079119268441207,0.018084453369898515,0.02258700091298656
2016-08-30,-0.008502346327262383,False,0.025408764187720187,0.02905238172362432,0.01808108347705468,0.02257406147387821
2016-08-31,-0.003666029312143101,False,0.025365648424628167,0.02901017043863642,0.01803614871767903,0.022530242034697497
2016-09-01,0.004047141416004483,False,0.025349577591167956,0.028994017419103745,0.018020243168662638,0.022514235141285983
2016-09-02,0.007516282350036655,False,0.02537479613133225,0.029019514505062825,0.018044901525265566,0.02253923697524754
2016-09-06,0.020438704235929906,False,0.025391866759034244,0.029028381637856693,0.018078470204918953,0.022562689850550967
2016-09-07,-0.003786599503307889,False,0.025560922749672716,0.029204151388176194,0.018234024150728074,0.02272652259462188
2016-09-08,-0.005594732975239715,False,0.0255415234275614,0.02918486262584507,0.01821440248179779,0.022707037257964347
2016-09-09,-0.005024625803116637,False,0.025514787204825178,0.02915839880164817,0.018187118438248176,0.022680089111536614
2016-09-12,-0.006865083481867175,False,0.025490113241854333,0.029133917294181823,0.01816205742793383,0.022655265419859193
2016-09-13,-0.0015151518050107637,False,0.025455030898724664,0.029099457108040218,0.018125723864632043,0.02261969904401064
2016-09-14,0.0018935813270292768,False,0.025449963784334534,0.029093649814370275,0.01812214532509306,0.022615207782654627
2016-09-15,-0.006072124918749371,False,0.025451869796488644,0.029095236082980862,0.01812469437361779,0.022617362552501227
2016-09-16,-0.0058794129797974425,False,0.025420918440238992,0.029064587964920802,0.01809313317492152,0.02258617527958071
2016-09-19,0.005879412979797392,False,0.025377817014382124,0.02902152490369892,0.01804995459393161,0.022543044006371905
2016-09-20,0.00015221618146868613,False,0.02540769840747188,0.02904705611066477,0.01808858464810717,0.022576309806384077
2016-09-21,0.009997866634651048,False,0.025406852728972588,0.02904620107083462,0.018087757796184177,0.02257547141091867
2016-09-22,0.010122682135453616,False,0.025488175395274135,0.02912822420327259,0.01816767175475344,0.022656249120665835
2016-09-23,-0.002390256046424515,False,0.025563216562431417,0.029205020839040804,0.01823918249827219,0.022729924548530653
2016-09-26,0.0018678328051372278,False,0.025553672058936265,0.02919507364117603,0.018230447853587833,0.022720693337748357
2016-09-27,-0.010354179302007023,False,0.02557419355842043,0.029213484874206296,0.018255213310797044,0.022742856606157186
2016-09-28,-0.004914386241190314,False,0.025497622594328164,0.0291377475164576,0.018176965880647645,0.02266563710358877
2016-09-29,0.0017416435276520423,False,0.02546552108018802,0.029105946008724085,0.01814426102350094,0.022633302187076768
2016-09-30,-0.006375659049502699,False,0.02547146956486755,0.029111817214610515,0.018150364923592743,0.02263931079398437
2016-10-03,-0.0032796038609326033,False,0.025434918393394932,0.02907569500403949,0.018112951068676192,0.02260242589466576
2016-10-04,-0.03316418589365621,False,0.025417125976887712,0.029057469951919275,0.018096028725826496,0.022584970064898003
2016-10-05,-0.0008691271779573132,False,0.025296339981362527,0.028953380046376914,0.017941665216935784,0.022451194656757885
2016-10-06,-0.01224659627455489,False,0.025274019114732413,0.028929544354461413,0.01792239081605418,0.02243005231100851
2016-10-07,-0.0007203941462396616,False,0.025203641889720543,0.028860537226252394,0.01784925818880399,0.022358609162615003
2016-10-11,0.003277492478576479,False,0.02519588639354715,0.0288520940281172,0.01784288573032611,0.0223513886925793
2016-10-12,-0.0015175310867917425,False,0.025218821341025016,0.028875149967142803,0.017865577351653037,0.022374229509686632
2016-10-13,0.003112427756607694,False,0.025196231936530315,0.02885128954934568,0.017845544082528576,0.022352628942473068
2016-10-14,-0.001515110877577383,False,0.025218284586055423,0.028873252745476304,0.017867776631811768,0.02237475118596011
2016-10-17,0.0010369283705775325,False,0.02519948865291505,0.028853677602322436,0.01785054776824695,0.02235656147142478
2016-10-18,0.005089088772620536,False,0.025205023119308657,0.02885916544542472,0.017856175998760722,0.022362132210333032
2016-10-19,0.005615528957908329,False,0.02523781220210881,0.02889104263690258,0.01789079898657058,0.022395630736641057
2016-10-20,-0.0018157090665284902,False,0.025280803281528333,0.028934497865658968,0.017932856615069687,0.02243826071191838
2016-10-21,0.00023705220583055664,False,0.02526814260991665,0.028921221609564274,0.01792143394566252,0.022426078959673877
2016-10-24,-0.003085586827556825,False,0.0252700002126184,0.028923081429165828,0.01792328708995619,0.0224279348376469
2016-10-25,0.00781410055123449,False,0.02518820180039488,0.02883443554830255,0.017855259624703357,0.022351463696396467
2016-10-26,-0.005597819151719624,False,0.025246427907573674,0.028892819899709984,0.01791316748684948,0.02240956669094339
2016-10-27,0.0024479622887396643,False,0.025177598103189883,0.02881735749513362,0.017857676507414717,0.02234589699175188
2016-10-28,0.005976250792452862,False,0.025196866594635367,0.028836657583246494,0.017876881454789557,0.022365140901265287
2016-10-31,-0.003140952719691709,False,0.025242627070275362,0.028881495122657076,0.017924498047856476,0.022411619413254716
2016-11-01,0.011650332541120672,False,0.02522053524783869,0.028859010730471417,0.0179031957226019,0.022389833006664205
2016-11-02,0.01573379968826969,False,0.02532762895304475,0.0289682099302317,0.018006055066852295,0.022495288655441995
2016-11-03,-0.003603111106642254,False,0.025476432263694553,0.029121076675398906,0.018146686402688933,0.022640930649422172
2016-11-04,0.0009212200167436073,False,0.02545393713652025,0.0290981733085785,0.018125012286433196,0.022618753129137532
2016-11-07,-0.019368438629986755,False,0.025446659400488597,0.029090235360569056,0.018119062302979026,0.022611989032275397
2016-11-08,-0.003840600616410818,False,0.02533732280336852,0.02898638520506481,0.01799869192089048,0.022498384031354842
2016-11-09,-0.0006284751409729952,False,0.02529861940223999,0.028944629301861344,0.017966127407928262,0.022462055450259026
2016-11-10,-0.00559473162911677,False,0.025289371623937913,0.028935224788106305,0.017957194840359483,0.022452929610774483
2016-11-14,-0.03563335910818179,False,0.025247015690804592,0.028892753824006256,0.017915070246050203,0.02241066317073157
2016-11-15,0.002290242195274511,False,0.025054464969332283,0.028715576045036863,0.017691602993648203,0.02220615243386156
2016-11-16,-0.0004902963078952605,False,0.025073454195645006,0.028734544078763857,0.017710634840378714,0.022225158147821434
2016-11-17,-0.005656004540798839,False,0.025069504897501718,0.028730587126899323,0.017706700934637342,0.022221214804206628
2016-11-18,-0.006597962080039653,False,0.025014707947767525,0.028674224708657162,0.01765505229925721,0.022167635775339332
2016-11-21,0.0009097850981472162,False,0.024951533226424495,0.02861036975501588,0.01759324559336628,0.02210499026880079
2016-11-22,0.0011567583114072402,False,0.024958405785132615,0.028616642756762827,0.01760132392132324,0.02211232927760368
2016-11-23,-0.01824976664110634,False,0.024957158572507722,0.0286143338869217,0.01760221180795838,0.022111908025047974
2016-11-25,-0.009208889267384899,False,0.024838556622960122,0.028499021601240467,0.017476994014069106,0.021990746745659158
2016-11-28,0.010469552569008554,False,0.02477453987625142,0.028436341410807062,0.017410289318490705,0.021925690169807176
2016-11-29,-0.0022702983658282566,False,0.024854326142294984,0.02851674777390846,0.017488828507088668,0.022004994005739634
2016-11-30,-0.01449974532512753,False,0.02482896548811157,0.028491052941469405,0.017464139918931292,0.021979893339329034
2016-12-01,-0.003336636788437604,False,0.024715703094440843,0.02838010039908561,0.017346232182396514,0.021864833901471557
2016-12-02,0.007002548829521464,False,0.02469011462545437,0.0283547307955508,0.017320203553011056,0.021839075157069603
2016-12-05,-0.0009365081756959433,False,0.024734300333158037,0.028398616363130236,0.01736499287264081,0.021883494371176256
2016-12-06,-0.00546638231769391,False,0.0247309320500633,0.028393935043805323,0.017364265237243454,0.02188114761883452
2016-12-07,0.006317808507911521,False,0.02468494292995018,0.02834835834933249,0.017317446687757147,0.02183483763516471
2016-12-08,-0.0044353118287595375,False,0.024734484137684046,0.02839821663196666,0.017366350226029864,0.02188413216138727
2016-12-09,-0.008930184786370197,False,0.024700939766709396,0.028362260083696945,0.017337656985795893,0.021852464443342625
2016-12-12,0.003530052779216629,False,0.024639229849089436,0.02830189494140965,0.01727324258995664,0.021789708302224334
2016-12-13,-0.005861622654292204,False,0.02467211487577,0.028333295542585908,0.017309112945373573,0.021823748199020672
2016-12-14,0.003969028209747736,False,0.024604391170917228,0.02826434780094468,0.017243850901404668,0.021756976784130248
2016-12-15,-0.02927123362969974,False,0.024630173683284337,0.028290046760891936,0.017269801446077385,0.02178282429955242
2016-12-16,0.006628100511391451,False,0.02449471651630726,0.02816825487066462,0.017106862035462373,0.021636735666263018
2016-12-19,0.0045697865449492924,False,0.024534839671457215,0.02820858501692981,0.01714656891069617,0.02167669778412783
2016-12-20,-0.007922576650850659,False,0.024575097197560816,0.028249021054188497,0.01718646743294307,0.021716816430107276
2016-12-21,-0.00035359712061060043,False,0.024467386048399348,0.028138949963491325,0.017083502363165356,0.021610941294909907
2016-12-22,-0.0020354241577117678,False,0.024426308954007592,0.028095972359591423,0.0170462473842196,0.021571342780365606
2016-12-23,0.002742493412203079,False,0.02442360647278417,0.028093004388268096,0.01704407883024425,0.02156884684812799
2016-12-27,0.0047594169162982715,False,0.024460876694308843,0.028127984764466284,0.017085954160637757,0.021607898549376395
2016-12-28,0.0018447543496458321,False,0.024496973610117614,0.02816430450467807,0.017121602954198862,0.021643822109740005
2016-12-29,0.01480992278090006,False,0.02446889452022687,0.028133711358622197,0.017098579883685898,0.021617698933653007
2016-12-30,-0.005549809897021,False,0.02461522369984006,0.028283150855985286,0.017238653902005293,0.02176160831314182
2017-01-03,0.00900285192930361,False,0.02451142400444435,0.028175539562946945,0.017142519712181316,0.021660774007520197
2017-01-04,0.0029257608917391607,False,0.024608151883641995,0.028272609196569917,0.01723856028891498,0.02175723600475098
2017-01-05,0.013569572279167469,False,0.024614170024137755,0.028277534661419464,0.017246775909847925,0.02176410423738433
2017-01-06,-0.006633743360060724,False,0.02473044377440359,0.02839412428081828,0.01736241441557175,0.021880132244215336
2017-01-09,0.009849765856593362,False,0.0246640042069033,0.028328302514660907,0.01729473238753906,0.021813212032650145
2017-01-10,0.0005912499106309624,False,0.024755076560283387,0.028419549706221972,0.017385453123782174,0.021904148363447954
2017-01-11,0.009580731125187961,False,0.02475979828663472,0.02842423843093769,0.017390241219736334,0.02190889576478441
2017-01-12,0.002756359087469122,False,0.024862325880561514,0.028527446392456846,0.017491400526120988,0.022010894038649077
2017-01-13,-0.0030072493432917323,False,0.024891437590227296,0.028556482478554465,0.017520664322375503,0.02204006458279235
2017-01-17,0.013874646895225017,False,0.024861369427596983,0.028526029788172712,0.017491369483662738,0.02201029557940413
2017-01-18,-0.0005776842959905698,False,0.025032583276454246,0.028699839522827113,0.017657362745535966,0.022179489851716534
2017-01-19,-0.008622907336826992,False,0.025025903263282138,0.028693143100029822,0.017650715733767745,0.02217282260508992
2017-01-20,0.0028272298148097597,False,0.02492647849616478,0.028593742437686604,0.017551242489529297,0.022073379084668193
2017-01-23,0.008845550963396858,False,0.024926076984916782,0.02858980162714123,0.017557958864539966,0.022075731117452875
2017-01-24,-0.0038757736862718066,False,0.025034074866351494,0.028698024205069533,0.017665504858764888,0.022183554186972262
2017-01-25,-0.010799240583716598,False,0.024978368779954636,0.028641239130269162,0.01761196872638585,0.022128687544157366
2017-01-26,-0.0065360117616481,False,0.024851302437528616,0.02851515349550014,0.017482930082391355,0.02200085821971433
2017-01-27,-0.001177678827598852,False,0.02477504156076715,0.028439498941996648,0.017405449828678792,0.021924125628738095
2017-01-30,0.004283360803183659,False,0.02474729016844821,0.028410957530644373,0.017379287243959613,0.02189698886434751
2017-01-31,0.012823912008577408,False,0.024802567974334465,0.02846650186478895,0.01743402903475698,0.02195205931356975
2017-02-01,-0.002485296665438633,False,0.02497756870124945,0.028643884383653197,0.0176042397389126,0.02212520702708916
2017-02-02,0.009164887600060555,False,0.024946167790697305,0.02861191016983534,0.017573991798791648,0.02209425214148534
2017-02-03,0.0014783584034642827,False,0.025065852992557515,0.028732553451246524,0.017691750206476644,0.02221319196579798
2017-02-06,0.009393575301202162,False,0.025084330091418444,0.028751019310142786,0.017710249910035086,0.022231677809253537
2017-02-07,0.0034087779579315197,False,0.025213085991845973,0.028881122087713988,0.01783629710529033,0.022359385850992067
2017-02-08,0.002751053207520085,False,0.02523660636499497,0.028902490311060045,0.017864145667784687,0.022384580577946556
2017-02-09,-0.002022081854817559,False,0.02527166295246801,0.028937694314653036,0.017898905786638847,0.02241952247696199
2017-02-10,-0.000566876850066067,False,0.02522297299935801,0.02888649050957775,0.01785527144224024,0.022372788278790037
2017-02-13,-0.008134093816160818,False,0.025216423711715556,0.028879707987307008,0.01784919121285375,0.02236642044565736
2017-02-14,-0.00040844667481872133,False,0.025126081469383728,0.02879039109551064,0.017756786887642376,0.02227528048953782
2017-02-15,0.006352787968514301,False,0.0251084787136965,0.028770524563075515,0.01774373681429499,0.022259438932447202
2017-02-16,0.0067160902945164426,False,0.025150120937940803,0.02880542211440171,0.017798943252992295,0.022306328453488303
2017-02-17,-0.001937379067167637,False,0.025230025735854648,0.028884909243982265,0.017879688023861362,0.022386558193728343
2017-02-21,-8.078508906953723e-05,False,0.025194413448676282,0.028848447823817486,0.017845783428377858,0.022351606524619046
2017-02-22,-0.004454350349380309,False,0.025193283126744556,0.028847325963478637,0.01784463608933326,0.02235046961964175
2017-02-23,0.014664634347995097,False,0.025139636562397316,0.028793808929090697,0.017790729027232093,0.022296722282114132
2017-02-24,0.005344891913360862,False,0.025351622885153087,0.029008764962912603,0.017996742962853064,0.022506398195521075
2017-02-27,0.00039772501044503744,False,0.025426944550177053,0.02908440449156156,0.01807142537221135,0.022581472565412805
2017-02-28,-0.00382474476466306,False,0.025435104153016152,0.029092364393916874,0.018079986592774724,0.022589787533489267
2017-03-01,-0.002958188183111069,False,0.025388605809724647,0.029045710899587077,0.01803380027379953,0.022543409896354477
2017-03-02,-0.013705470631345843,False,0.025351748176032977,0.029008654322004803,0.01799734273624729,0.02250670703927727
2017-03-03,-0.005208788817978716,False,0.025175117627214014,0.02883247916165321,0.017819796355496104,0.022329722202196273
2017-03-06,-0.0008163265759448011,False,0.025105030862194136,0.028762746017808694,0.01774899842278641,0.022259360322981345
2017-03-07,-0.007706239569881471,False,0.025091508754999162,0.028748717701913288,0.017736494352115068,0.02224623204174717
2017-03-08,-0.005446436678803248,False,0.0249850798581924,0.028642871468067887,0.017628893661589366,0.022139349838230373
2017-03-09,-0.00506034140032999,False,0.024891386943532812,0.028547492787345724,0.017538590991744915,0.022046968434887602
2017-03-10,-0.001414900372918341,False,0.024806531442572163,0.028461920145550785,0.017455177733008233,0.02196267086325108
2017-03-13,0.001414900372918352,False,0.024784177979635214,0.028439579126226775,0.01743279924471624,0.021940307719291625
2017-03-14,-0.00041592147157480674,False,0.024792765293450682,0.028447019791812193,0.017443692583254226,0.021949787115444902
2017-03-15,-0.001498791977594266,False,0.024786728348772057,0.02844099503921417,0.017437631119077347,0.021943740685433748
2017-03-16,0.021759718404505305,False,0.024760005592439596,0.028414122146939592,0.01741121030119924,0.02191713473355685
2017-03-17,0.0026870095249430263,False,0.02515604834677379,0.028817359746284014,0.017792783499802574,0.022307579961126724
2017-03-20,0.0030851097946710264,False,0.025191671215047146,0.028851163569586356,0.017832064650158116,0.022344618030547048
2017-03-21,0.010081950338285382,False,0.02524169167025328,0.02890121746892665,0.01788201784585242,0.022394612466508045
2017-03-22,0.0025647791657264977,False,0.02542194857079518,0.029082155728240383,0.018060904465490735,0.022574339275858817
2017-03-23,-0.0019229429398218444,False,0.025439241528161342,0.02909769331812809,0.018081727643107854,0.02259299789383725
2017-03-24,0.0010419837987625065,False,0.025385319487041185,0.029042247757332527,0.018030869553027514,0.022540261137757558
2017-03-27,0.0057517919495583296,False,0.025404637735692667,0.029061409929550235,0.018050501687058525,0.022559700812515376
2017-03-28,-7.963960893288656e-05,False,0.02548942181909926,0.029140962041796257,0.018145807789797352,0.02264855532392421
2017-03-29,-0.0015147484528922495,False,0.0254906763317324,0.029142135444799266,0.018147225422040694,0.022649872939143285
2017-03-30,-0.006724348370036059,False,0.025464631836749862,0.029113204744905734,0.018126985374930342,0.022626073886448057
2017-03-31,0.0018457243799123385,False,0.025316544430138137,0.028963113271982664,0.017982928346893703,0.022479545625974887
2017-04-03,0.0028021313424812086,False,0.02535062691102638,0.028996172433888284,0.018019068825004755,0.02251442424012042
2017-04-04,0.003352186944682863,False,0.02519909523262039,0.028823101420599285,0.01791085491175591,0.0223796499766861
2017-04-05,-0.0076787895241424015,False,0.02410139014719819,0.027578637279325302,0.017108297023338773,0.021396122158719805
2017-04-06,0.00392677851233867,False,0.023993423693466125,0.027464739818336036,0.017012258420717626,0.02129276997698586
2017-04-07,0.003194125405133405,False,0.02403994809701086,0.027511480877716155,0.01705834710762358,0.02133912582417734
2017-04-10,-0.0025545421499374417,False,0.024082081811902863,0.02755262266755077,0.01710247568340253,0.021382031248126175
2017-04-11,0.0159381530021803,False,0.02405441826762009,0.027524751900564123,0.017075228884783945,0.021354528921302497
2017-04-12,0.003220185508956306,False,0.024267046826683885,0.02773513183934239,0.017292379645019926,0.021568906887367158
2017-04-13,0.00827739794195269,False,0.024290632498984513,0.02775814576858653,0.017317115150014353,0.021592937370786918
2017-04-17,0.002718131548590306,False,0.02440894982062254,0.027875229203766068,0.01743791394121167,0.021712214645344813
2017-04-18,0.0017821296255692255,False,0.02441377370955251,0.027866541397205173,0.01746991120644724,0.021727550515705088
2017-04-19,-0.008005893178956763,False,0.02442831717758986,0.027881016398333593,0.017484592368313026,0.021742147250401366
2017-04-20,0.00039012210573624806,False,0.02433740293051075,0.027788629129460125,0.01739664051596457,0.021652379001451002
2017-04-21,0.004281328219062014,False,0.024351801787232508,0.02780243851844243,0.01741222485149726,0.021667236458940888
2017-04-24,-0.009051228501958202,False,0.024349691965556485,0.02779695312256885,0.01741690364846498,0.02166775280459564
2017-04-25,-0.008027172357523912,False,0.02423717818911677,0.027680709563456397,0.0173118908394777,0.021558140766595877
2017-04-26,-0.002769317802300099,False,0.02412946955012201,0.02757389607960485,0.0172023819536098,0.02144973570469483
2017-04-27,0.0012669062050332798,False,0.024095831067572043,0.027539885966435262,0.01716949085755033,0.02141638634753072
2017-04-28,0.0018974031177029385,False,0.024083189894599136,0.02752553959329933,0.017160279013319877,0.02140507180543554
2017-05-01,-0.01016117866619856,False,0.024101956477586253,0.027537906151533738,0.01719191668869419,0.021428817551948025
2017-05-02,0.0014351196373916847,False,0.02395994356763512,0.027397466871038924,0.017046739051902442,0.021285580371983245
2017-05-03,-0.006955815510367903,False,0.023909604184994153,0.027341170635411357,0.017008379498729315,0.021239875369092803
2017-05-04,-0.016094831005602106,False,0.023816259839517136,0.02724847117144554,0.01691373823178243,0.021146029311415786
2017-05-05,-0.0013869794888681627,False,0.023609089806376386,0.027045079247796883,0.016698970041103142,0.02093591994199045
2017-05-08,0.0004081465956588177,False,0.02354165996252432,0.026972404088457944,0.016642089053363385,0.020872570907910292
2017-05-09,-0.009017932534638276,False,0.023540987197400172,0.026971334510219228,0.016642214319255576,0.02087220685993377
2017-05-10,0.002467512256678818,False,0.023399602833204667,0.026827838516366755,0.016505076654323377,0.020732465325223055
2017-05-11,0.0044261566880950615,False,0.023413194272980112,0.026837399188869144,0.01652677437180357,0.020749192666836492
2017-05-12,0.0028584282924305183,False,0.023471600601036834,0.026896001437747133,0.01658478668341683,0.020807446570200373
2017-05-15,0.0019553733504766723,False,0.023501968792765723,0.02692593094601317,0.016616037111636565,0.02083815605384325
2017-05-16,0.005195680203699949,False,0.023501702505485136,0.026919513725936296,0.016628140967808132,0.02084267513871505
2017-05-17,0.018054652911816706,False,0.023573330503931532,0.02699156834040221,0.01669891099860389,0.02091397123361329
2017-05-18,-0.0046230346493643755,False,0.023847951224565418,0.02727141566663383,0.01696302049059115,0.0211845257006061
2017-05-19,0.000798594547308718,False,0.023789689582996713,0.027211659640427505,0.016907764206575894,0.021127426677272167
2017-05-22,0.00636590063442143,False,0.023793161150272732,0.027210671843918812,0.016920204002175844,0.021134367590739975
2017-05-23,-0.004690847276663877,False,0.02385382021113337,0.027269905607503274,0.01698372947896919,0.02119613552046981
2017-05-24,-0.0019145062835238531,False,0.023786063839238564,0.0271983740184082,0.01692356544792366,0.021131316234681733
2017-05-25,0.0027111286160230396,False,0.023738643926087735,0.02714986648697336,0.016878332844346845,0.021084742479084744
2017-05-26,0.009352470994601849,False,0.023780779110230774,0.027192014239346966,0.01692044275251627,0.021126867885253846
2017-05-30,-0.0043483486361126054,False,0.02392509761508724,0.027334471960871645,0.017068503479489263,0.0212726340633385
2017-05-31,0.007813483979482729,False,0.02377384144366027,0.027175889747212908,0.016931980714578826,0.021127077488971722
2017-06-01,-0.003938563578928373,False,0.02389394309391471,0.02729686635287913,0.01705032274164823,0.021246498431535026
2017-06-02,0.007705084616983541,False,0.023829682348804733,0.027232401344378432,0.01698647279072654,0.02118239660156428
2017-06-05,0.0019561055527115654,False,0.0239469314412541,0.02734818197098528,0.01710667511542996,0.02130078814765153
2017-06-06,0.011734194674689481,False,0.02394807313300699,0.027348240989103968,0.01710999417256962,0.02130277215006377
2017-06-07,-0.0033275703585958936,False,0.024132985205693028,0.027534427106523384,0.017292344013373376,0.021486693027041783
2017-06-08,-0.01075441056072261,False,0.02408465237073909,0.027486174612421296,0.01724384960489956,0.021438297687604725
2017-06-09,-0.0061302052068687345,False,0.02391754482880759,0.027319011320812978,0.01707685418116582,0.02127123351843632
2017-06-12,-0.00189380979601569,False,0.02384472933011577,0.027246013213042417,0.017004405927666638,0.021198560088017567
2017-06-13,-0.0002369183272036132,False,0.023219587556898826,0.026550003448418163,0.016521786800836658,0.020628552994987913
2017-06-14,0.0055148644702221845,False,0.02321992556084083,0.026549949938362915,0.016522912178738015,0.020629195593410424
2017-06-15,-0.016317271069001,False,0.023260238177265868,0.0265887870248794,0.01656619223396319,0.02067065615925521
2017-06-16,0.0014364768755273823,False,0.02309408550089768,0.02642697397954642,0.016391312123852367,0.020501127287731694
2017-06-19,-0.007845728356542297,False,0.022920120649775225,0.026231054518422524,0.016261500197846907,0.020344242932006783
2017-06-20,-0.002575207631716499,False,0.02279278099304344,0.026100836034921453,0.01613995015080351,0.02021914297743231
2017-06-21,0.0019320762655520435,False,0.022760990856472953,0.026067459597227612,0.016111350225068377,0.020188586969322082
2017-06-22,0.003372103694666421,False,0.022729857237648053,0.02602479940040224,0.016103397711955514,0.020166420927806617
2017-06-23,0.0068695659857476036,False,0.022749690150375666,0.02604324151984632,0.016126027649622166,0.020187335865597608
2017-06-26,-0.00791205113977467,False,0.02283693302588239,0.026130511921528335,0.016213215167226555,0.020274557325979662
2017-06-27,8.021469334752496e-05,False,0.022598451672090493,0.025875544654162193,0.016007888640939275,0.020048901869387067
2017-06-28,0.0012828542252268432,False,0.02257797337570303,0.02584950210068552,0.015998600624250497,0.02003275251656074
2017-06-29,-0.003049556093049251,False,0.02259166235572248,0.025861780557453,0.01601512630815655,0.020047538871387206
2017-06-30,-0.002817016742802062,False,0.022559500170076085,0.02582983730616136,0.01598252382354012,0.020015206356719314
2017-07-03,-0.018547612954424916,False,0.022472903577310806,0.025731460206155354,0.015919619013685393,0.019937774896001143
2017-07-05,0.0020506097083853696,False,0.02229615498770293,0.025560629765427237,0.015730968432454705,0.01975642203810082
2017-07-06,0.001473779662321924,False,0.022321967759034382,0.025586057433588424,0.01575755568492875,0.019782534416345213
2017-07-07,-0.011189828782629333,False,0.022341008394014202,0.02560454736397757,0.015777703842135216,0.019802003494700977
2017-07-10,0.0028917276073374782,False,0.02220712655829474,0.025471287107004206,0.01564257194914626,0.01966763807612983
2017-07-11,0.0012367565827513586,False,0.02224218445569386,0.025505893451433958,0.015678537964906016,0.019703047277806935
2017-07-12,0.0037011187459087707,False,0.022256448523198132,0.025519232842853273,0.015694661648861408,0.019718030735253106
2017-07-13,-0.0014787438939784538,False,0.022193795163450193,0.025437002595569917,0.0156713793756105,0.019670608023529663
2017-07-14,0.008432590518839307,False,0.022176342213061393,0.02541958309274762,0.015653859158807074,0.01965312905122539
2017-07-17,0.005041950325371254,False,0.022265096863031953,0.02550762893513422,0.015744039291998458,0.019742435147323878
2017-07-18,0.006710018850761259,False,0.02232891179458255,0.02557076327566831,0.01580922296041959,0.019806779572758643
2017-07-19,8.055077060915145e-05,False,0.02240865043889555,0.025650963825047567,0.01588803266726569,0.019886158858952424
2017-07-20,0.0028962994150305284,False,0.022411894540580585,0.025653574477052445,0.015892550699860522,0.019889895778972464
2017-07-21,0.00760277330940865,False,0.02244540345762773,0.025687159050765046,0.015925907463756946,0.019923345835792708
2017-07-24,-0.0003189732922199768,False,0.022525995450788868,0.025767732984909895,0.0160065357754131,0.020003951878711262
2017-07-25,-0.001756125342464039,False,0.022521073987431226,0.025762869655624746,0.016001497398598585,0.019998985187551454
2017-07-26,-0.0021593571989522043,False,0.02250158912200085,0.025743341371609746,0.015982099852301434,0.019979534101401825
2017-07-27,0.008450959718898568,False,0.022465961312472096,0.025707303092814906,0.015947297537680913,0.019944225633387668
2017-07-28,0.0069620920676366025,False,0.022531008190111394,0.02577006627815708,0.016016937149829213,0.020011049203747442
2017-07-31,-0.0014201571050572992,False,0.022619751421828243,0.025859605655815878,0.016104079252117893,0.020099173040854394
2017-08-01,0.004725906807239984,False,0.02258244989720895,0.025815555338175634,0.01608035022789212,0.020067122018436037
2017-08-02,-0.0006287743880614377,False,0.022646917016364367,0.025880517801364366,0.01614382116046036,0.02013120376424706
2017-08-03,-0.003150104862108906,False,0.022625582591519457,0.02585370340381144,0.01613350751096078,0.020114132710448675
2017-08-04,-0.0075215109613676855,False,0.022563236693806422,0.025790028695134092,0.016073833985519363,0.02005282061609442
2017-08-07,-7.955307474891721e-05,False,0.022480818576961853,0.02570647633284078,0.015993696950158787,0.019971284932331818
2017-08-08,-0.0014315812317578045,False,0.022454020148422963,0.025671356869976764,0.015983632957140694,0.019950960196037235
2017-08-09,0.013125811461155778,False,0.02244052315402276,0.025656546441986918,0.015972777409567637,0.019938485041532224
2017-08-10,0.008370175496451656,False,0.02262346783240045,0.02584252280867301,0.01614962505835335,0.020119071092806307
2017-08-11,0.003111148307012124,False,0.022746492616857728,0.02596622162443831,0.01627129429817251,0.0202415714867755
2017-08-14,-0.0027217250231354575,False,0.022785301877922423,0.026005288648752563,0.016309585171461024,0.020280180210276676
2017-08-15,-0.008209906077677841,False,0.022754979087627775,0.02597498012737025,0.016279233684950958,0.020249846318892484
2017-08-16,0.0025092722903703076,False,0.02265052852973186,0.025864880590841112,0.016186143790285403,0.020149790617181182
2017-08-17,0.007412353852867797,False,0.022684334142948227,0.02589883932717653,0.016219641457534673,0.020183477101944344
2017-08-18,-0.0005443592909452205,False,0.022785920476688017,0.025993270988577604,0.01633561655572927,0.020290629708459844
2017-08-21,0.003958939893256818,False,0.022780376945000992,0.025987699621142963,0.01633012900452561,0.020285107832742063
2017-08-22,-0.004425701690303351,False,0.022830077940855696,0.026037750874115577,0.016379125598147814,0.02033453633160912
2017-08-23,0.0029526430372122,False,0.022731456945071407,0.02593763907490236,0.016283502757746714,0.020237075167910432
2017-08-24,-0.0018638076307166027,False,0.02278488048287899,0.02598810284549298,0.016342878684609995,0.020292801378838786
2017-08-25,0.004652974660785244,False,0.022698138481728292,0.025898056649895043,0.016262781750258068,0.02020863001219468
2017-08-28,0.013219738670856719,False,0.022720489826649586,0.025919011364713654,0.016287941858547778,0.020232067923173825
2017-08-29,0.002592669218827388,False,0.022925526664014272,0.026125189198940187,0.016490684036658838,0.020436217074915945
2017-08-30,-0.003815051241845523,False,0.022962502722013035,0.02616232825257107,0.016527332294075436,0.020473066323732303
2017-08-31,0.006173075893794918,False,0.022841343361904548,0.026037398149480494,0.016413756276714223,0.020354840568827765
2017-09-01,0.006286269787906836,False,0.02292244988731442,0.026119375392858322,0.01649311170086406,0.020435269683240893
2017-09-05,0.011037354562418965,False,0.02285542008420875,0.026043380773726307,0.016444111042920737,0.02037521442893694
2017-09-06,-0.003965383824776996,False,0.022907579435980274,0.026093690178386843,0.01649999082408074,0.02042881302345124
2017-09-07,0.008361341114399392,False,0.02287938468789514,0.026064495063939222,0.016473807913194714,0.020401396551684804
2017-09-08,0.0006688896405072527,False,0.022948243963845927,0.026134273215499135,0.016540819238033678,0.020469540950413378
2017-09-11,-0.011206691809561442,False,0.02294911939663466,0.026135295678830973,0.016541398977637276,0.02047030199471993
2017-09-12,-0.002256488358732504,False,0.022692651857692564,0.02584086956451109,0.016361269945099677,0.02024336589687359
2017-09-13,-0.003469850010435886,False,0.02249483493569709,0.02563080117632148,0.016188091951757806,0.020055080508889805
2017-09-14,0.000981780804511102,False,0.022449067458027563,0.025584996509319315,0.016142399265570304,0.020009341964197222
2017-09-15,-0.0032512423615178305,False,0.022431088289276726,0.025566113470592094,0.01612623787009714,0.019992065998416988
2017-09-18,-0.010735988597467801,False,0.022403289311790343,0.025533779140893737,0.01610755994129172,0.019967795485457095
2017-09-19,-7.662978472650562e-05,False,0.0222720602758428,0.02540310099518239,0.015975223009765765,0.019836137861703015
2017-09-20,0.004430569417291893,False,0.022278965782517784,0.025407342758106362,0.01598748557258347,0.019845115737820062
2017-09-21,-0.01644548291912643,False,0.02230072008916569,0.025428467800960263,0.01601050539190382,0.01986735960621999
2017-09-22,0.0020899215909679653,False,0.02197617849939102,0.02509178843245464,0.01571037409387923,0.01955226110260066
2017-09-25,0.010384308915688903,False,0.02194978210602304,0.025051949439094726,0.0157110121188308,0.019536322934966505
2017-09-26,-0.007527532775120786,False,0.022072242861382554,0.025176605661864294,0.015829057568787646,0.019657075635799416
2017-09-27,-0.0105410799770725,False,0.021983800900559416,0.025088540774052724,0.01573985727627734,0.019568340315456876
2017-09-28,0.0016349223665728455,False,0.021883238965363268,0.0249869946449002,0.01564127465394777,0.019468544074588305
2017-09-29,-0.0031164809018184073,False,0.021902511117260104,0.02500635395650373,0.015660371518922973,0.01948774841699233
2017-10-02,-0.006890677171902543,False,0.021825362269226885,0.024926583815218343,0.015588494354816955,0.01941263891228274
2017-10-03,-0.0009432837700489293,False,0.02173476310482177,0.024835790549808633,0.015498285547021252,0.019322190756768942
2017-10-04,0.0017287063978827545,False,0.021630868017713648,0.02472320385867548,0.015411870148308346,0.01922505766190468
2017-10-05,-0.0029878358398845554,False,0.021652641469824586,0.024744147896131947,0.015435311636568744,0.01924747639139415
2017-10-06,0.0013377544169920026,False,0.021616367105685368,0.024707897625960772,0.015398988817040583,0.019211183282357606
2017-10-09,0.007989447326364975,False,0.021633671255056816,0.024724215141242192,0.015418277186632386,0.01922925502445936
2017-10-10,0.006841829421378427,False,0.021648196499055434,0.02472122883778473,0.015468019910853167,0.019257404099885994
2017-10-11,-0.003726076902423367,False,0.021715689227555537,0.02478920593698933,0.015534538521232146,0.019324519992195963
2017-10-12,0.005815998493391344,False,0.021678392459058397,0.024752017348647477,0.015497024191580638,0.019287139060480053
2017-10-13,0.006320316258744202,False,0.02173106633235816,0.0247971672551282,0.015564829517615019,0.019345666514445352
2017-10-16,-0.0012300882391540026,False,0.021789441933082198,0.02485596798608018,0.015622350138764472,0.01940371136755414
2017-10-17,-0.013086271579829653,False,0.021783856518406763,0.024847126489680182,0.01562331303137166,0.019400659156106042
2017-10-18,-0.002419116678913994,False,0.02165876909371544,0.02472467526670507,0.015492923940335022,0.01927352078943589
2017-10-19,0.005454275534116093,False,0.02163209459853291,0.024698049544806082,0.015466151357182085,0.019246808349063484
2017-10-20,-0.007409463231041783,False,0.021689676592007632,0.024756054989493965,0.015522881747749536,0.01930406090118184
2017-10-23,0.00023476714183852992,False,0.02161460135859082,0.024681524097906825,0.015446711788257336,0.019228562174561738
2017-10-24,-0.0021153697891088514,False,0.021539607511399307,0.02460062358761989,0.015383596833623078,0.019158163659822484
2017-10-25,0.000313695430923488,False,0.02149603445295612,0.02455617435127978,0.015341785856905299,0.01911527226015323
2017-10-26,-0.007160573007206216,False,0.02150214396001308,0.02456224580923236,0.01534797188453157,0.019121411369082058
2017-10-27,0.0017357990230928244,False,0.021416871128066152,0.0244774784127407,0.015261682571134666,0.01903574531275233
2017-10-30,0.004404927786188189,False,0.021440913135438663,0.02450033950726913,0.01528809951280895,0.019060706060033995
2017-10-31,-0.005588126504385657,False,0.02147860673573165,0.024537755855948317,0.015326350693935387,0.019098615359668177
2017-11-01,0.005588126504385709,False,0.021350165474896734,0.02440396389392554,0.015208670230438962,0.018974336897762824
2017-11-02,0.0006277354683380319,False,0.02141226963865053,0.02446664354869827,0.015269617023970148,0.019035993334515333
2017-11-03,-0.006610572852132713,False,0.02140198483550333,0.02445548314798607,0.015261093135442591,0.01902638973864889
2017-11-06,0.010134046656738413,False,0.021330869143001252,0.02438489270517634,0.015188921113070282,0.018954865406460113
2017-11-07,-0.004465224838411223,False,0.02144839163414989,0.02450058618597706,0.015310121927674648,0.019073810851732168
2017-11-08,0.006183266004363352,False,0.02140290919530816,0.02445540083277647,0.015264042019779003,0.01902809728284869
2017-11-09,0.0031162381684789577,False,0.0214414243182737,0.024492358823068015,0.015305688692899513,0.019067823841474887
2017-11-10,-0.010320616370498838,False,0.02147689538350563,0.024528028087389474,0.01534076115986175,0.019103140709541108
2017-11-13,0.0038436132139390324,False,0.021344550798818186,0.024394863267946532,0.015210066149625202,0.018971434260350726
2017-11-14,0.0032827535277863674,False,0.02135692225152732,0.024405188266238054,0.015226553227647219,0.01898539783677598
2017-11-15,-0.003909309122587321,False,0.021392884306767813,0.024441414387298025,0.015261984220010589,0.019021154451108437
2017-11-16,0.0007048235582582072,False,0.021350001610752904,0.02439864776948371,0.015218868079079182,0.01897818144726429
2017-11-17,0.01430152145789673,False,0.02135720254588304,0.024405873337210605,0.01522601947558394,0.01898536321844865
2017-11-20,-0.016495917971793554,False,0.021528485534494046,0.024581077101545654,0.015389417390539211,0.01915359587768897
2017-11-21,0.005086680079378604,False,0.021388866573933765,0.02444421765365454,0.015244248772925899,0.01901183004030227
2017-11-22,0.008162676176655977,False,0.02135182598347823,0.024398014143067966,0.015225635734878378,0.0189819181219168
2017-11-24,-0.0038009777393278247,False,0.021444206977011236,0.02449178463405795,0.015315222309509637,0.019073218098528192
2017-11-27,0.00550289910736466,False,0.021366401047249663,0.024405585487918307,0.01525429598062493,0.019001942018019545
2017-11-28,0.000695308000776598,False,0.02139299130600362,0.02443014736039533,0.015284965527846686,0.01903011034363351
2017-11-29,-0.009779630834338625,False,0.021395875403553824,0.02443295430051078,0.015288004796745353,0.019033054468996054
2017-11-30,-0.00696596145918346,False,0.021309675578861605,0.024348032635506944,0.015199234464583176,0.018945860247196654
2017-12-01,0.004388798311228533,False,0.021204163261030334,0.024234407685704198,0.015110037464214387,0.01884665948639335
2017-12-04,-0.0035251298326162196,False,0.021247958447333994,0.02427848586286171,0.01515326352749658,0.018890234508277027
2017-12-05,-0.010016309238676628,False,0.02109197063678946,0.024109909984891213,0.015022591584480086,0.01874404010457138
2017-12-06,0.000950779053228449,False,0.0209990904300747,0.024017623369281142,0.014928517606452885,0.018650698089146236
2017-12-07,-0.010347938786658826,False,0.021009005489501357,0.024026377072465046,0.014940768269892423,0.018661516673616523
2017-12-08,-0.003687457209357425,False,0.020882487483301414,0.023899313049591264,0.014815348358047651,0.01853542346363404
2017-12-11,-0.0012053519550518667,False,0.02084479600012246,0.023861343607427518,0.014778215878296237,0.01849794823012475
2017-12-12,-0.004189798469908035,False,0.020649356056339854,0.023644342694081843,0.014626137209184672,0.01831928253290651
2017-12-13,0.005555813112327661,False,0.020605224987390678,0.02359925789680532,0.014583924183663116,0.01827589345629082
2017-12-14,0.006722195742235451,False,0.020658884246386164,0.02365287129539217,0.014637675672545087,0.018329588394284863
2017-12-15,0.00039870817523665717,False,0.02073774974212029,0.02373213510356966,0.01471574012196211,0.018408144006406606
2017-12-18,0.006278504505989414,False,0.020741160554373358,0.02373453120184949,0.0147211916259001,0.0184123442572946
2017-12-19,-0.001189107958943395,False,0.020813361891936857,0.023807497642662857,0.014791854264006135,0.018483950351192317
2017-12-20,0.004274206737060993,False,0.020775016723444464,0.023766872548174525,0.014758094255612893,0.01844737894527088
2017-12-21,0.0009474013739520169,False,0.020820723819969873,0.023812937513826814,0.014803081641391451,0.018492807622731942
2017-12-22,0.006371182406177087,False,0.02079951766855757,0.023784980277689848,0.01479545259921894,0.01847685375644611
2017-12-26,0.006798190801191451,False,0.020864105555248737,0.023848223659852754,0.014862744419514571,0.018542487655952147
2017-12-27,0.002255863771485303,False,0.020937679650282297,0.02392278986316763,0.014934323285179444,0.01861528989938225
2017-12-28,0.005501525365828419,False,0.02094639239988095,0.023930750970861156,0.014944547662119674,0.018624587419837694
2017-12-29,0.009383296909513904,False,0.020997990057209294,0.023982791415880594,0.01499525482894209,0.01867584059219822
2018-01-02,0.005648795435594413,False,0.02109915041478087,0.024085651798714386,0.015092996265016322,0.01877567834491983
2018-01-03,0.0019012136171542553,False,0.021141195456821464,0.024124685446750747,0.015141097522765504,0.018820066225272106
2018-01-04,0.0024283463684654956,False,0.02115973232938525,0.02414312134915334,0.015159837456461593,0.01883868165174204
2018-01-05,0.0006819141750703172,False,0.02117159698966167,0.024154788870115105,0.015172098583694024,0.018850699684688547
2018-01-08,-0.0012884713036933884,False,0.021164677926493063,0.024147272204592285,0.015166381358863406,0.01884424555094752
2018-01-09,-0.005246580568031189,False,0.02115380448319227,0.024136382760387022,0.015155540094988111,0.01883338455621107
2018-01-10,0.004336147142567866,False,0.021109093159039635,0.024090348627323854,0.015113489072374297,0.018789702365871644
2018-01-11,0.002426044534775419,False,0.021131268455779124,0.024111946094014795,0.015136826443359792,0.01881232720935708
2018-01-12,0.009645929220218629,False,0.021147309005320233,0.02412804455937532,0.01515275051837288,0.01882832270089502
2018-01-16,0.0014988012123869202,False,0.021211854809262416,0.024187773238404743,0.015226984044189356,0.018896616186071195
2018-01-17,0.0019450709821960197,False,0.02122403064985221,0.024199992110324326,0.015239073344454276,0.01890875854866113
2018-01-18,-0.009009069942365968,False,0.02123647514158212,0.024212577817822843,0.015251233837094416,0.018921093175752787
2018-01-19,0.004439620791428774,False,0.02114653811506743,0.024122098242098607,0.015162387931516044,0.018831578247798537
2018-01-22,-0.0007510891007015731,False,0.021184312352126342,0.024158795085303397,0.01520232891579386,0.018870190687893872
2018-01-23,0.003600038990317503,False,0.0211189283191986,0.02408859652328648,0.015146627384278532,0.01880855231667197
2018-01-24,0.015009996047209607,False,0.02114416840449657,0.024114145267602513,0.015171246725299535,0.018833552267941724
2018-01-25,0.0047824097943095206,False,0.021264064377992102,0.024233746563574445,0.015291735324882826,0.018953677497984534
2018-01-26,-0.007958810491319437,False,0.021276341649689324,0.024245779244592893,0.015304504492993757,0.01896614505909991
2018-01-30,-0.012058167071074382,False,0.02123580393814218,0.024205769200110732,0.015262905589997284,0.0189251968271712
2018-01-31,0.0026921759851948287,False,0.02116840105746431,0.024140794083755034,0.015190620231502156,0.018855905166991968
2018-02-01,0.003950401091376265,False,0.021191532633312773,0.024163730744959155,0.015214143800271248,0.018879188384736383
2018-02-02,-0.007916469765226359,False,0.021223807361249288,0.024194783642468614,0.015248875751877325,0.018912413686105294
2018-02-05,-0.0005249568386138391,False,0.021172817521571668,0.02414186206542701,0.015201770829999293,0.01886292672127503
2018-02-06,-0.005189755905578952,False,0.02117297498396608,0.024141633861199992,0.015202703906693168,0.018863384228942483
2018-02-07,-0.010994537916590984,False,0.02113881277018539,0.024107436716820495,0.015168611941853977,0.01882924919086349
2018-02-08,0.0040327608986760796,False,0.021059046690073475,0.02402548490477447,0.015093241588125098,0.01875118359116268
2018-02-09,-0.002889772982946634,False,0.021104788565034553,0.024071168657063668,0.015139100353615263,0.018796970685056338
2018-02-12,0.008417731344798464,False,0.021071591861861454,0.02403793777767682,0.015105972382239548,0.01876380057067992
2018-02-13,0.002940864406439292,False,0.021150392023613265,0.024118280435606904,0.015181670429298914,0.018841400683837294
2018-02-14,0.020421058915214334,False,0.021184584198765483,0.024152092156221074,0.015216627736727573,0.018875888849307063
2018-02-15,-0.002511468630411128,False,0.02141933992534722,0.024392994745338327,0.01543902150556025,0.01910586237036385
2018-02-16,0.0008132005147932578,False,0.02140941609522268,0.024382706894207577,0.015429829758229582,0.019096221745412197
2018-02-20,-0.018195805777987704,False,0.02136477507070547,0.024336100739939026,0.015389140806955767,0.01905310957472892
2018-02-21,0.0009026261706847339,False,0.021271475798175607,0.02424832152530022,0.015284740143752636,0.018955515745229193
2018-02-22,0.00045100774382701627,False,0.021252281848649697,0.024228219616759857,0.015267372190970546,0.018937028179909905
2018-02-23,-0.001805344615643647,False,0.021244481470797945,0.024210925219785732,0.015278665238843133,0.018936614066260214
2018-02-26,0.0018804775121498492,False,0.02119448848635688,0.02415970020337455,0.015231149994399031,0.018887579591963202
2018-02-27,-0.011488261375785172,False,0.021216124309374314,0.02418131788911983,0.015252822293291885,0.018909229525620436
2018-02-28,0.0,False,0.02114030398759549,0.024105919145279438,0.015176154135949357,0.018833081219876667
2018-03-01,-0.009624253533214297,False,0.021103393487029228,0.024067432518941657,0.015142413382564212,0.018797396931435534
2018-03-02,0.013872136457073265,False,0.02102909675546634,0.023994429881013763,0.015065514098764853,0.018722093406293758
2018-03-05,-0.0022734172079491807,False,0.021197062779283092,0.02416604466540626,0.015226142098701424,0.018887220726156458
2018-03-06,0.011690746933441305,False,0.021178822120263285,0.024141143564715653,0.015221296256638855,0.018874161832756548
2018-03-07,-0.005715142383890748,False,0.021315939962261582,0.024281147361978075,0.015352610152829892,0.01900903442669063
2018-03-08,-0.004610897113995902,False,0.021279471666927237,0.024244371875980584,0.015316759648763336,0.018972805123017154
2018-03-09,0.0018922913369371754,False,0.02122412068915332,0.02418942272607968,0.015260600554790317,0.018917141526657202
2018-03-12,-0.0022711796760658443,False,0.02120323755056339,0.0241668184540906,0.015243178788280503,0.018897597414863958
2018-03-13,0.004914386241190294,False,0.021125562779844086,0.024086488768203584,0.015170843318536457,0.01882198814502579
2018-03-14,-0.001131947426727324,False,0.021145093994085915,0.024105635455348867,0.015191147855378785,0.01884181851800022
2018-03-15,-0.0057549571034445565,False,0.021142709833411467,0.024102762556218005,0.015189746596813122,0.018839814591588868
2018-03-16,-0.004185539229898073,False,0.021005402047920646,0.023959825934823358,0.015063758965501354,0.01870688599141459
2018-03-19,0.00418553922989804,False,0.02096993300271222,0.02392451307057387,0.015027975824702786,0.018671295438780152
2018-03-20,-0.004338127119398508,False,0.020992900522384964,0.023947354221339007,0.0150511974849371,0.01869436127236258
2018-03-21,0.007295401194057268,False,0.02093829209123797,0.0238923220981152,0.014997441141098366,0.018640082469961777
2018-03-22,0.0044573976096106815,False,0.021007570988703483,0.023962789113633632,0.01506433061386369,0.018708437021928412
2018-03-23,0.016966715936515404,False,0.02102274539962387,0.023977360854422192,0.015080717054931688,0.018724080304963232
2018-03-26,0.003772594220179005,False,0.021184061627495945,0.024144619735857468,0.015230082009802108,0.01888077320011253
2018-03-27,-0.00971924053303923,False,0.021216275016573513,0.024175744431323393,0.015264484871045517,0.018913833583339472
2018-03-28,-0.012830862694559693,False,0.021146626403772073,0.02410724743689397,0.015192520238067005,0.01884328902147304
2018-03-29,-0.0010577275967254573,False,0.021065311495709695,0.024024384252135718,0.015114319069898388,0.018763178659197462
2018-04-02,0.014484794192477413,False,0.021045400104641704,0.024004284744207356,0.01509478600072491,0.01874341362140869
2018-04-03,-0.006953504164492984,False,0.021199008750988044,0.024160861786102848,0.015242424905573197,0.018894712881866966
2018-04-04,0.002248370796679207,False,0.02114401044377625,0.02410651130008689,0.015186123764890565,0.018839210575406117
2018-04-05,-0.008646345041192702,False,0.021169467785436536,0.024129490447948924,0.015216565003107994,0.018866595930261014
2018-04-06,0.005722457733424547,False,0.02110505267431639,0.024066266814412585,0.015149753710933713,0.018801253859956207
2018-04-09,0.003298124789570669,False,0.021166833252798,0.024127859214653657,0.015211912734751521,0.018863180839470275
2018-04-10,0.004256401204819836,False,0.02108661127334158,0.024040237345863327,0.015146572675748832,0.018788715909476443
2018-04-11,0.01074681456735932,False,0.021125225357694857,0.02407914277473606,0.015184600837020352,0.01882710333033065
2018-04-12,-0.013432964185142135,False,0.021190910905663513,0.024146534538208943,0.015246855014293442,0.01889146145749496
2018-04-13,0.0047704504893987506,False,0.021109246416781954,0.024067646017161253,0.015159607775370417,0.01880763728981214
2018-04-16,0.002005684379909184,False,0.021130187012983276,0.024088621327662256,0.015180478557629504,0.018828550878590606
2018-04-17,-0.00022269553924516243,False,0.021147252714859947,0.024105652264383767,0.015197614175723878,0.01884564362745525
2018-04-18,0.0029647221128227827,False,0.02114994147348693,0.024107782549687175,0.015201426080279395,0.01884876687346472
2018-04-19,-0.0032616058148920136,False,0.02117942122753109,0.024136418661671828,0.015232602483213096,0.018878902973684636
2018-04-20,-0.007527591093269497,False,0.021152239352255315,0.024109168430783156,0.015205558077938254,0.018851774278480445
2018-04-23,-0.010679968716113873,False,0.021097718660865857,0.024055435734464288,0.015149452649341344,0.018796640533788028
2018-04-24,0.006707153771284317,False,0.021027646719537486,0.023987258623701626,0.015075570013490427,0.018725094430779965
2018-04-25,-0.007690660944510987,False,0.021055493007274308,0.024014473488080473,0.015104686156999678,0.018753431960390775
2018-04-26,-0.003715570032884322,False,0.02099738070916907,0.02395271025871231,0.01505391624824449,0.01869816005501531
2018-04-27,0.0030342129414097896,False,0.020972954315716146,0.023927856948521748,0.015030348427216546,0.01867406579906663
2018-04-30,-0.003110260543535764,False,0.020998492062150157,0.023953615096123305,0.015055442924772724,0.018699432075311568
2018-05-01,-0.009465644983154229,False,0.020913579315742916,0.023864699398304164,0.014978580515580538,0.01861763359024457
2018-05-02,-0.0009208665713252698,False,0.02084285046554811,0.023795529569694846,0.014904716316440088,0.018545691834832408
2018-05-03,0.00619906000228972,False,0.02083400503446474,0.023786647717336462,0.01489594413219774,0.01853687473918384
2018-05-04,0.0015247392406204264,False,0.02089802917293257,0.02385069561205295,0.014959920494464218,0.01860088039549709
2018-05-07,-0.0003809669127580398,False,0.020909970658252182,0.023862712174595357,0.014971710991950481,0.018612763471391146
2018-05-08,-0.00015239019585577444,False,0.020911534115369477,0.02386263829511362,0.01497656729736905,0.018615600762124353
2018-05-09,-0.0005336417302308635,False,0.02088052533043478,0.023830148771656803,0.014948536426279371,0.018585743978865407
2018-05-10,0.007218601800712527,False,0.020875359101644175,0.023824980737252994,0.014943373828758209,0.01858057915482615
2018-05-11,-0.0013637768572015564,False,0.020942417117891618,0.02389324792376618,0.01500800008219167,0.018646696447136454
2018-05-14,-0.0018971737809504907,False,0.02093277736275235,0.023883567098103235,0.01499844292399929,0.018637088644506954
2018-05-15,-0.021187539583848607,False,0.02090510577106336,0.023855593141123684,0.014971379419269308,0.018609652290380984
2018-05-16,0.001008046900233056,False,0.020784142098824163,0.023742157614279096,0.014835275890760469,0.018482831786580844
2018-05-17,-0.0015513500441079692,False,0.020788970702746587,0.0237468755590354,0.014840327041376963,0.01848774648237088
2018-05-18,0.0015513500441079395,False,0.020689493138748665,0.023639635377191902,0.014756460881290337,0.018394308167458937
2018-05-21,0.0,False,0.02069430644622548,0.023644112584728406,0.014761950119494018,0.01839938295776251
2018-05-22,0.0011619351837768423,False,0.0206901081152502,0.023639834514522538,0.014757912152117861,0.018395246663214255
2018-05-23,-0.0018596691479237644,False,0.020680178761356263,0.023628581666188996,0.014750644478430532,0.018386346976469167
2018-05-24,0.011106864926633073,False,0.020661462068248385,0.02360983032034885,0.014731997475446634,0.018367657242885232
2018-05-25,-0.0003067912135685513,False,0.020775300323612418,0.023726307914936746,0.014840527754622433,0.018479442115316807
2018-05-29,-0.0035358204833160823,False,0.02077153653130184,0.02372251543078362,0.014836821664488088,0.01847570064500988
2018-05-30,0.002153718916270126,False,0.02074329411169208,0.02369341856688345,0.014810297618138821,0.018448122975617445
2018-05-31,-0.0010762796451007667,False,0.020760096272374302,0.02371033687615914,0.014826866192337416,0.018464834773705387
2018-06-01,-0.004084885026490751,False,0.020752096036811263,0.023702304946854873,0.014818929696070269,0.01845685919559703
2018-06-04,-0.0013138633414813785,False,0.020720943692417358,0.023670896186676664,0.014788293029564626,0.01842590634045041
2018-06-05,0.0033969186184965657,False,0.02071001168796361,0.023659971773532885,0.014777345758224298,0.01841496843002361
2018-06-06,-0.00030835151545212326,False,0.020739456307173405,0.02368760563458566,0.014810431993901292,0.018445821803311255
2018-06-07,0.001232741993758485,False,0.020736919643842517,0.02368509955042222,0.014807833832794288,0.01844326134965438
2018-06-08,-0.0004620884269374544,False,0.020748837852087344,0.02369706085560033,0.014819665368779041,0.01845514602886041
2018-06-11,0.0006161331177777786,False,0.020739998378166657,0.02368811224712239,0.01481104537541089,0.018446391460674904
2018-06-12,-0.0029298778307513215,False,0.020745680328512876,0.023693802609740838,0.01481671040783301,0.018452066866346588
2018-06-13,0.0013889267881947254,False,0.020626079710116034,0.023553964618060093,0.014737809179091003,0.018348210748134957
2018-06-14,0.005459643319964293,False,0.020642092493541306,0.023569915438487656,0.014753946576326213,0.01836427173823287
2018-06-15,-0.022804078760698156,False,0.02069782022578896,0.02362625363602375,0.014808446601583614,0.018419524533802124
2018-06-18,0.0012544894477869528,False,0.020559729461286362,0.023497650706982676,0.01465127484731953,0.01827405231593176
2018-06-19,-0.0004702371770622632,False,0.020574141705703066,0.02351203660746174,0.014665740072039943,0.018288485055702536
2018-06-20,-0.0034553391851679326,False,0.020560824039890284,0.023498449480077836,0.014652964320502618,0.01827537702864559
2018-06-21,-0.003151594283591868,False,0.020531529765073237,0.023469158254773123,0.014623663912810062,0.018246080381334493
2018-06-22,0.00015787362465893563,False,0.02050465556561281,0.023442278922940925,0.014596800035064613,0.018219210174814617
2018-06-25,-0.0014212784296392148,False,0.02050989038860211,0.023447151875289198,0.014602762616247475,0.018224726530011417
2018-06-26,-0.007136657182704904,False,0.02049966323349464,0.023436624313562738,0.014593139609013834,0.018214733088637546
2018-06-27,-0.003028556328446318,False,0.02041737383661491,0.02335432357321094,0.014510873024995386,0.018132452516880296
2018-06-28,-0.003999045403677075,False,0.020384209359015543,0.023321212844691415,0.014477600452599661,0.01809924622296487
2018-06-29,0.00280101008486938,False,0.020346667608889778,0.023283927874019623,0.014439542293209411,0.01806150470065998
2018-07-02,-0.009232934241235006,False,0.02037773399213917,0.023314306646929576,0.01447199152989255,0.01809310603876566
2018-07-03,0.009472597636754327,False,0.020287757130827668,0.02322307853420525,0.014384531060807065,0.018004102640157275
2018-07-05,0.004543890146389284,False,0.020399150533071956,0.023336273315271733,0.014492301709368256,0.018114094585364535
2018-07-06,-0.0023889164756203734,False,0.020350537842418172,0.023278385117553053,0.014462342994751017,0.018072698158434927
2018-07-09,0.003024939992368851,False,0.020313133659819998,0.023240229725472957,0.014426449569847932,0.018035878410272058
2018-07-10,-0.0034236481676053563,False,0.020346356184437014,0.023273518967510645,0.014459537919033061,0.018069049029316775
2018-07-11,-0.008812040976282251,False,0.020305492419549008,0.0232291616674139,0.014425700004226423,0.018030903204399016
2018-07-12,0.0017685920911130215,False,0.020217287201294835,0.023141933637877792,0.014335529561343293,0.01794193774183167
2018-07-13,-0.004346802680328338,False,0.02023816201364855,0.02316254091340221,0.014356942417123398,0.01796302069550884
2018-07-16,-0.0012108005108086726,False,0.020187138719639175,0.023111390771108638,0.014306174227750032,0.017912096088359954
2018-07-17,-0.010065857197482181,False,0.020174590245992607,0.02309881845143832,0.014293673710851544,0.01789956616671221
2018-07-18,0.0004894760752293569,False,0.020063982913539034,0.022988191734402242,0.014183105362739746,0.017788973915295023
2018-07-19,-0.00318538620092535,False,0.02006396512390019,0.02298613482851314,0.014187188440622408,0.017790542540341986
2018-07-20,0.005791423271754504,False,0.020034268733863818,0.022956597193901057,0.014157172777487579,0.01776072263996798
2018-07-23,-0.004483398583975911,False,0.02009262092447486,0.023015426023274405,0.014214566399689597,0.017818704009772583
2018-07-24,-8.16827362195705e-05,False,0.02004823510706018,0.022971354987060853,0.014169547525673114,0.017774073295324586
2018-07-25,0.006109251967322684,False,0.020024930576082952,0.022946097000720703,0.014150171589571983,0.017752288535608767
2018-07-26,-0.004966001498039611,False,0.020086270067809303,0.023006170212793768,0.01421405769682487,0.01781461318187845
2018-07-27,-0.0022060331796797134,False,0.020034396472941394,0.022954477613475143,0.01416182010173407,0.01776259877404933
2018-07-30,-0.0010638134681618262,False,0.02001038534034006,0.022930459917966398,0.014137822167798497,0.017738592747332808
2018-07-31,0.001963110932089534,False,0.019972064276629942,0.022885731797073,0.014112386339399562,0.017705256318317805
2018-08-01,-0.004750931950486037,False,0.01999390214736285,0.022907351915647686,0.014134662131586564,0.01772726359833359
2018-08-02,-0.006011999848421064,False,0.019948257494310707,0.02286215727203919,0.014088112464359004,0.01768126884185304
2018-08-03,0.002969299191421566,False,0.019893029448409014,0.02280763614601798,0.014031462731597708,0.017625490818440274
2018-08-06,-0.0046227387549226465,False,0.019924686287382205,0.022839448198780157,0.014062807420056639,0.017657026902437256
2018-08-07,0.0008270615145103922,False,0.019880968030019975,0.022795782554347964,0.014018983352809383,0.017613267712673616
2018-08-08,0.0024770882622964334,False,0.01989114951890218,0.022806019657192502,0.014029052996429283,0.01762340593437742
2018-08-09,-0.0005773983842617266,False,0.019907106325975917,0.02282128723281975,0.014046395917145809,0.017639898957514614
2018-08-10,-0.0006603787513001009,False,0.019895348409238157,0.022809127216132968,0.014035446663779325,0.017628453871035652
2018-08-13,-0.01648382857584301,False,0.019887635255486633,0.022801441237321744,0.01402767885849429,0.017620719575417217
2018-08-14,0.0014259543053397558,False,0.01976209988899742,0.022681267970577953,0.01389135977102284,0.017491012542019922
2018-08-15,-0.013077596207343322,False,0.019738857566143714,0.02265377361727661,0.01387666870833441,0.017471078261827245
2018-08-16,-0.0011046853781724766,False,0.019641263641806364,0.022559331645476195,0.013772735890966106,0.017371032145863774
2018-08-17,0.0002550676550167926,False,0.019631902803963423,0.02254998874585826,0.013763338977551554,0.017361657352237988
2018-08-20,0.008716721391922366,False,0.01963364894556238,0.022551153500242914,0.013766254347214011,0.017363855808026872
2018-08-21,0.0048751266583741855,False,0.0197231552409852,0.022641996492238817,0.013853072411614202,0.017452322165155958
2018-08-22,0.0030977237750973805,False,0.0197717447305089,0.022690312758963112,0.01390221137962109,0.01750112421963834
2018-08-23,-0.0078043853831430325,False,0.019801410376844807,0.022720103960202895,0.013931624522438667,0.01753069218535238
2018-08-24,0.01612874843926602,False,0.019688181817745107,0.022602585336126517,0.013827023714761088,0.01742080125944609
2018-08-27,0.0022357075658587097,False,0.01987529093844404,0.022794246494616113,0.014004978230404983,0.017604368934383628
2018-08-28,-0.001324264032107223,False,0.019894604379181433,0.0228134813856571,0.01402444964246881,0.017623743486100803
2018-08-29,-0.002404764527759338,False,0.01988277924836879,0.022801681016305784,0.014012574713871207,0.01761189909108687
2018-08-30,-0.0056615328697090395,False,0.019838582439860055,0.022755629807557614,0.013972107290439377,0.017569144989816057
2018-08-31,0.0021685560260155255,False,0.01978278386661257,0.022700105041884334,0.01391575806266789,0.0175131333966602
2018-09-04,-0.006351962565760579,False,0.019801199317288173,0.022718477342570757,0.0139342602923043,0.017531582417651626
2018-09-05,0.0018429166421238857,False,0.01973983317118472,0.022657512102575633,0.013872087883763078,0.017469904370087035
2018-09-06,0.002507523830407757,False,0.019747238591552568,0.02266425936771735,0.0138808169203743,0.017477821829489513
2018-09-07,-0.003596114122648065,False,0.01977354191633172,0.022690481056258482,0.013907284423824981,0.017504188666550943
2018-09-10,-0.0005027868974392518,False,0.0197432058218699,0.022660388394356745,0.013876458762042413,0.017473663183677216
2018-09-11,0.0020097347155790214,False,0.01973819946623689,0.02265539516005119,0.013871426018102423,0.017468646619765715
2018-09-12,0.0077496549279547884,False,0.019744415620571384,0.02266070480024804,0.013879465263388385,0.01747556803420525
2018-09-13,-0.002243696646296927,False,0.019806685611133638,0.022722635391139712,0.013942417820766403,0.01753810207475568
2018-09-14,-0.005840650729541842,False,0.019787313133869094,0.022703349674911458,0.01392287085834644,0.017518662098160432
2018-09-17,0.003925299454991307,False,0.019739613312161265,0.022656161838726627,0.013874141382344746,0.017470563956174145
2018-09-18,-0.0024201158014890986,False,0.01977592608610633,0.022692660605076274,0.013910080106889194,0.01750673202964809
2018-09-19,0.004501801970305429,False,0.01975597797804213,0.022672761020085617,0.013890034414052038,0.017486746171055223
2018-09-20,0.003321710546514391,False,0.019790282422260375,0.02270673596435282,0.013925001515756034,0.017521306963366047
2018-09-21,-0.008325056744842725,False,0.01982530235646622,0.02274179973300054,0.013959933294497984,0.017556292794757837
2018-09-24,0.0025882691604381183,False,0.019745379347287907,0.02266263571196293,0.013878483883960725,0.01747577929941542
2018-09-25,0.0005834628245632641,False,0.019772830701366397,0.02268997798183176,0.013906154617337704,0.01750331552005911
2018-09-26,-0.005012541823544286,False,0.01977831165384199,0.022695467664421147,0.013911618012677872,0.017508789680582185
2018-09-27,-0.009847279784212154,False,0.01966872924933649,0.02257974121246075,0.01381439190451166,0.017403987291493436
2018-09-28,0.007751282370461494,False,0.01958767074045873,0.022497937649876176,0.013734831773447177,0.017323508427911555
2018-10-01,-0.0036996800454468406,False,0.019669396104983968,0.02258046608043465,0.013814942091545844,0.01740460901405614
2018-10-02,0.01280624224985772,False,0.019627543203309096,0.022538368605681463,0.013773581050888403,0.017362946388106426
2018-10-03,-0.0034156533069074047,False,0.019752458258449474,0.02266143752480384,0.013902208870926592,0.017489297720992416
2018-10-04,-0.0009184702430270636,False,0.019718277474038277,0.022627373878718087,0.013867792509581386,0.01745502580398408
2018-10-05,0.003335560266446415,False,0.0197110648457754,0.022619289687036866,0.013862332682864159,0.01744849124447099
2018-10-08,-0.014084678619262271,False,0.019745775586568516,0.02265396615806793,0.0138971123435897,0.017483228646840553
2018-10-09,0.0023612144438462214,False,0.019641127024202322,0.022551885088137793,0.013787300296139499,0.017376582597717165
2018-10-10,0.0017673875050836347,False,0.019660418546732086,0.022571126798618592,0.013806691995701227,0.01739591287358725
2018-10-11,0.02835066409333902,False,0.019675007470016177,0.02258565625217327,0.013821400518582359,0.017410548063802954
2018-10-12,-0.004423356219554005,False,0.02005060429363479,0.02297632107696625,0.014166694078901334,0.01777442211372201
2018-10-15,0.006790820801527913,False,0.020011165471066236,0.0229366137121752,0.014127795321705841,0.01773519221466406
2018-10-16,0.0007336059237572539,False,0.02007599111178458,0.023001895227910157,0.014191704151992572,0.017799663188589297
2018-10-17,-0.002937658298874482,False,0.020047380673187013,0.02296995603151953,0.014169788179548573,0.017773642494567473
2018-10-18,0.002285568608961214,False,0.02002079740221951,0.02294336240178008,0.014143225741111556,0.01774706728263434
2018-10-19,-0.0009788328932091772,False,0.02004216939313512,0.022964818276704668,0.01416442903286254,0.01776837401252144
2018-10-22,-0.0033518099283377867,False,0.020033062141144968,0.02295577002166582,0.014155203132079588,0.01775922086141693
2018-10-23,0.009940661474511047,False,0.01999581432984164,0.022918402641141276,0.014118195786485759,0.01772206607392648
2018-10-24,-0.004550613589319168,False,0.020020506898593204,0.022935780215420264,0.014157599543600847,0.017752449644677797
2018-10-25,0.0010581845953804216,False,0.01988326986215614,0.022788396743907667,0.014040768006877279,0.01762310644637303
2018-10-26,0.002762452559275811,False,0.019891315303343902,0.02279638145885108,0.014048935574639796,0.017631199132050086
2018-10-29,-0.006512029524622742,False,0.019917050222066947,0.02282217261872971,0.014074557386751927,0.01765689029564384
2018-10-30,-0.0015528787665673905,False,0.019784419521464557,0.022682724451450698,0.013955637296159952,0.017529563524748482
2018-10-31,-0.008460296595855924,False,0.019763160348346877,0.02266125731706993,0.013934796354023182,0.01750846614368253
2018-11-01,0.019360936987837057,False,0.01964490817659859,0.022534184668564546,0.013834283046674068,0.017397076226041416
2018-11-02,-0.004134730067067751,False,0.019866383396804386,0.022761276032858734,0.01404446363721599,0.017614182135052548
2018-11-05,-0.0008940347270811313,False,0.019828529984360674,0.022723677391635444,0.014006097854267105,0.017576130512817926
2018-11-06,-0.0048907822962693795,False,0.019813479566089257,0.022708326739199602,0.013991651237046066,0.01756131367411196
2018-11-07,0.001959104580683226,False,0.019768559873162034,0.022663864138040925,0.013945812286676917,0.017516038367769216
2018-11-08,-0.0026948093485058135,False,0.019756439444555803,0.022644080274847354,0.013949103794490951,0.01750988002453776
2018-11-09,-0.013584368668582848,False,0.01972864906764707,0.022616380418449048,0.013921131371746822,0.01748201922346018
2018-11-12,-0.004236394117412716,False,0.019618556446027623,0.022507549872014858,0.013808500590208207,0.017370944718336917
2018-11-13,-0.0017497173022614182,False,0.019576623850881658,0.02246584358095393,0.013766112874824639,0.017328836060583476
2018-11-14,0.007228707752084227,False,0.01955638834914766,0.022445530143984767,0.013746034108673822,0.017308661191783765
2018-11-15,0.004048441325541188,False,0.0196344494117465,0.022523987074570845,0.013823299041002282,0.017386414272535806
2018-11-16,0.0065746453782541325,False,0.019670778755792435,0.022559961380290556,0.01386034240277071,0.017423019833307827
2018-11-19,0.001882178005493029,False,0.01974268910298162,0.022633275407237852,0.01392942980902658,0.017493838129868624
2018-11-20,-0.0033577490512391004,False,0.019760845764395338,0.022651455643044854,0.013947539059968352,0.017511976450609652
2018-11-21,0.005562881404039089,False,0.01966418080051315,0.02254831385805784,0.013863899633648374,0.017420350397146026
2018-11-23,-0.0039235367746059515,False,0.019589161953383425,0.022448991583157624,0.013837757420007774,0.017364239405184365
2018-11-26,-0.0006554554094466516,False,0.0195043617369509,0.022359554526640978,0.013762282354557221,0.017283046609959087
2018-11-27,-0.007403176331916226,False,0.01949842602755132,0.022352494546757123,0.013758607665986527,0.01727798557320598
2018-11-28,0.008386198408281134,False,0.01943642656930987,0.022291657001011024,0.013694271485052367,0.017215082157161225
2018-11-29,0.002208098359343363,False,0.01947889847675602,0.0223311083139734,0.013742818111295262,0.017259904060812025
2018-11-30,-0.0031911204357085257,False,0.019502627926772834,0.022354694946824783,0.013766834780971645,0.017283744621339872
2018-12-03,0.011165164989324806,False,0.01938084601625552,0.022214882613219487,0.013681313861671191,0.017175990222973767
2018-12-04,0.005818158773582782,False,0.019498280086350378,0.022334727653445092,0.013793899228754,0.01729154857930194
2018-12-06,-0.0024201367564945673,False,0.0195518851508315,0.022388816397702897,0.013846531564639213,0.01734477734512875
2018-12-07,0.0070023813482669945,False,0.019526782564283574,0.022363695955139724,0.01382146488833082,0.01731968865040519
2018-12-10,-0.0024895396566155777,False,0.01956506394477682,0.022399925122793703,0.013863873474901063,0.017359566634616446
2018-12-11,-0.0014482837866976904,False,0.01951444989313125,0.022346823139800322,0.013818262903002526,0.01731088817189425
2018-12-12,0.0020110210300008265,False,0.01950122869210009,0.022333648387308714,0.013804948289294556,0.0172976308343038
2018-12-13,-0.0013671131226424276,False,0.01952042725423588,0.022352927670710683,0.013823984512859044,0.01731676659599743
2018-12-14,-0.00459729912749512,False,0.019508449846199677,0.022340980166166084,0.013811946965898703,0.017304765923305165
2018-12-17,0.008372311271493809,False,0.019427966345630848,0.022256950498036897,0.013738595164355018,0.017227041310217812
2018-12-18,0.0014419026574249351,False,0.01951423196859603,0.02234455498745,0.013822168192461404,0.01731226530674553
2018-12-19,0.0023188148550025403,False,0.01952203330051166,0.022352033767794984,0.013830618207972151,0.017320317580974298
2018-12-20,0.009142648430483463,False,0.019513863063949425,0.02233751449179803,0.013835216527203343,0.01731708684180403
2018-12-21,-0.0077857918229155085,False,0.01958013207954971,0.02240267949208789,0.013903705828444139,0.01738421477170192
2018-12-24,0.010867477681360828,False,0.01949674884332979,0.022315843278493053,0.013827266876429462,0.01730351792181071
2018-12-26,0.001340285772125058,False,0.01957304806169609,0.02239063009441552,0.013906607687966614,0.01738099377610811
2018-12-27,0.006361771038876295,False,0.019585577359842163,0.0224031491620575,0.013919157560683645,0.017393531033497285
2018-12-28,0.0020334556603831245,False,0.019626960935310852,0.022441119564619902,0.01396740536957451,0.017437570027764717
2018-12-31,-0.0012508605650431678,False,0.019631995555777455,0.02244310816119674,0.013978565849926593,0.017444974428292386
2019-01-02,0.002109914525054996,False,0.019607319269021747,0.022417361891382544,0.013956041406535656,0.017421130579038626
2019-01-03,0.008395609500155037,False,0.01962344996675329,0.022433537443801957,0.013972081896986158,0.01743722638021361
2019-01-04,-0.007069439157760669,False,0.019702711733999147,0.022513607469973194,0.014049718174377952,0.01751585932905395
2019-01-07,0.0031913610711298765,False,0.019636499617730736,0.022444577851041838,0.013989172338862686,0.01745183920532213
2019-01-08,-0.0028016342498520465,False,0.019665189812522618,0.022473497766187532,0.014017400542957437,0.01748035067967918
2019-01-09,0.0047425532281951755,False,0.019642541543260134,0.02245098086015279,0.01399448808905412,0.017457600210969437
2019-01-10,-0.0035742832584524176,False,0.019626071055938533,0.02242292079522222,0.014001325405982883,0.017450146314104083
2019-01-11,0.0018664166569111902,False,0.01959780329116397,0.022392928753548612,0.01397652533518236,0.017423220021741747
2019-01-14,0.0015526748231558635,False,0.019606625066666467,0.02239792631753528,0.013993037984022114,0.017435017000501832
2019-01-15,-0.0022521847725428135,False,0.019619631215433826,0.02241101412431262,0.014005879910332333,0.017447959620048515
2019-01-16,0.004189644244261605,False,0.019605244064420355,0.022395983886046786,0.013992786072354059,0.0174340727853173
2019-01-17,-0.0004646291352922488,False,0.019628291948891253,0.022418798464434855,0.014016303158783164,0.01745730217988898
2019-01-18,-0.007541886222843759,False,0.01959384868996147,0.02238237969817483,0.013985832843449938,0.01742439584845915
2019-01-22,0.00093607242112592,False,0.019538121967759503,0.022325619462015896,0.013932184621587821,0.017369473191115727
2019-01-23,0.0004677078286435974,False,0.01953774171700092,0.02232498795149018,0.013932309679449284,0.017369288418267976
2019-01-24,-0.003122319355127618,False,0.019421088736116088,0.02219619926672384,0.013840062817583963,0.01726207690932368
2019-01-25,0.01420559407819777,False,0.01936753805567716,0.02213528932797754,0.013801312344524754,0.017214251667762522
2019-01-28,0.0038464543970783884,False,0.01951028250215925,0.02228236674195916,0.013935342758303515,0.01735362510326201
2019-01-29,0.0044433742087311885,False,0.019498906991880886,0.022268070884201383,0.013929840360030586,0.017344521597891866
2019-01-30,0.0012987078392666725,False,0.01953716544364235,0.022306579222084313,0.013967596265711391,0.017382585640426877
2019-01-31,0.007453583981655651,False,0.01954403912806165,0.022313509090854108,0.013974356957760517,0.017389415613910747
2019-02-01,-0.002123892768155545,False,0.01949964185291824,0.022260018013461835,0.013948248232024108,0.01735209323772695
2019-02-04,-0.0019762666158226303,False,0.01948597724735318,0.022245769633185215,0.01393575765601927,0.017338882803803902
2019-02-05,-7.616332988273438e-05,False,0.019455337644674588,0.022214015455822734,0.013907359574941457,0.01730911033052351
2019-02-06,-0.0035826933617428332,False,0.019428002984119827,0.02218445464011726,0.0138845019359171,0.017283507599290357
2019-02-07,-7.634929554701608e-05,False,0.0194043197699469,0.022160948188263512,0.013860463234972083,0.017259686865572384
2019-02-08,0.0032785106548437006,False,0.019402975649568253,0.022159090923566955,0.013860151099340202,0.01725874196700454
2019-02-11,-0.005113111682841348,False,0.01937990189880118,0.0221314592841764,0.013846243720240455,0.01723921421389586
2019-02-12,0.001681791706648733,False,0.019334250912032894,0.02208515013258992,0.01380191636900613,0.017194075273624737
2019-02-13,0.001221448744417649,False,0.01934416327911311,0.022094453290400443,0.013813053917096786,0.017204461600211704
2019-02-14,-0.0007631840122664169,False,0.019349466883169263,0.022099670295824502,0.013818531679697217,0.01720983257724951
2019-02-15,0.0063167961332353875,False,0.019338697955797086,0.022088794370997557,0.013807977934949908,0.017199146892965398
2019-02-19,0.01655293261183519,False,0.019385183605959845,0.022135861113950307,0.013853294949166007,0.017245180457997774
2019-02-20,0.002385089610256545,False,0.01953040422017239,0.022286937300308115,0.013986739419851972,0.017385845488072378
2019-02-21,-0.014849566751193068,False,0.019538761842240432,0.022294520192071333,0.01399665510235164,0.01739480584357113
2019-02-22,0.004297478078310308,False,0.019481209974957246,0.02224108202098232,0.013930830178976663,0.017334053556471475
2019-02-25,-0.0024857282115930447,False,0.019504953018616385,0.02226492434543208,0.013954373558997335,0.017357719360540057
2019-02-26,-0.0006035826876001255,False,0.01948514483261357,0.022244957902281655,0.013934883644008541,0.01733803429721996
2019-02-27,-0.005600154350637701,False,0.019477033560187457,0.02223664285370305,0.01392718218588572,0.017330081560865976
2019-02-28,-0.00372545752587554,False,0.0194382866270734,0.02219803278030061,0.013888160014149883,0.017291228152088077
2019-03-01,-0.01257108687016906,False,0.019294311597911663,0.02203868910509085,0.013775092875315658,0.017159209795719544
2019-03-04,-0.008988108902638492,False,0.019221320174117013,0.021968714805913676,0.01369603371097379,0.017083871075246008
2019-03-05,-0.0021817437163371535,False,0.019153202033711535,0.021901385290014005,0.01362632956750345,0.01701513939184246
2019-03-06,0.00225955480956854,False,0.019121178089633047,0.02186780215388806,0.013597441315186726,0.016984328485599248
2019-03-07,-0.0008564453784477475,False,0.019140754684094475,0.021887509120337423,0.013616755718490112,0.017003803651789356
2019-03-08,0.010229437404707756,False,0.01913311567705166,0.021879859692704028,0.013609137668301257,0.01699617275187527
2019-03-11,-0.0063423145671770475,False,0.019233215861466587,0.021982282874980056,0.013704566070771466,0.01709446566418323
2019-03-12,0.0058024995240326446,False,0.019181787573667196,0.021931077281802557,0.013652689921727273,0.017042864121907256
2019-03-13,0.008602826665778341,False,0.01923403054567908,0.021983996124379863,0.01370357365016973,0.017094581272504815
2019-03-14,-0.01084248805070627,False,0.019281602770737583,0.022028867975599754,0.01375657659815504,0.017144254364894546
2019-03-15,0.006473530758076257,False,0.019194608876736085,0.02194091044983093,0.013671520664393337,0.0170580101680166
2019-03-18,-0.0011529150377441156,False,0.019250042689990608,0.021997047535395765,0.013725540126418127,0.017112896841537887
2019-03-19,0.0036079961480897727,False,0.01924083910235785,0.02198771412235674,0.013716597630712795,0.01710379425694067
2019-03-20,-0.0034542348680875576,False,0.019268405390910397,0.022015233207381163,0.013744258850299973,0.01713139726942704
2019-03-21,0.004296773002431159,False,0.019241706334121374,0.02198793852403679,0.013718757658319045,0.01710516160491129
2019-03-22,0.0042021684654013165,False,0.01926928520843219,0.022015508821304753,0.01374635378192423,0.01713274715208675
2019-03-25,0.007822366697732926,False,0.019271240627991827,0.022014380156082466,0.013754511605645092,0.01713710196275012
2019-03-26,-0.005765872414879459,False,0.01933326876024183,0.022077778793545968,0.013813783514301946,0.01719806385387855
2019-03-27,-0.0033534245976774187,False,0.019241782702515062,0.02197812792482623,0.013738717711289043,0.017112929948004094
2019-03-28,-0.015463611608309486,False,0.019209689252336706,0.021945389773142896,0.013707920820569958,0.017081338069982462
2019-03-29,0.002477894338452264,False,0.0191097914805739,0.021845933359061653,0.013607135434193977,0.0169810969257868
2019-04-01,-0.0035639423656812787,False,0.019116651718430355,0.021851976613422582,0.013615638707891085,0.01698859276968838
2019-04-02,0.0012410609495414877,False,0.019080070775273923,0.021814747115223652,0.013580362074044797,0.016952516396707303
2019-04-03,-7.750345753043755e-05,False,0.019074032517938485,0.02180732797847831,0.013577100903853112,0.0169475524515279
2019-04-04,-0.0006979909589999726,False,0.019066943391245803,0.021798620237450453,0.013573266973109227,0.016941722592692873
2019-04-05,0.0010855427915747453,False,0.019054735897448903,0.02178594691635502,0.01356199630478218,0.01692987750847776
2019-04-08,0.005178717793829374,False,0.019054201085464288,0.021784735936298046,0.013562821334683308,0.016929868749365275
2019-04-09,0.004921969848964953,False,0.019093985349191423,0.021824172522832495,0.013603304812154285,0.016969923502920706
2019-04-10,0.004286905162995197,False,0.01913002975382051,0.0218604398850873,0.013638900826611467,0.01700579444845853
2019-04-11,-0.015783520778201384,False,0.019162897010481687,0.021893629345156918,0.013671120099866678,0.017038411033673723
2019-04-12,0.0015508688265574986,False,0.01906727988711406,0.02180154992406491,0.01356838830201148,0.01694004160874243
2019-04-15,-0.002948653274649578,False,0.01907540254340525,0.021808582660006477,0.013578702897561778,0.016949012213574463
2019-04-16,-0.011096521695962844,False,0.019016941493671783,0.021746296670613553,0.01352793418553552,0.016893526933587987
2019-04-17,-0.00031438575044829805,False,0.018944725982897686,0.02167583128929897,0.013452198988692486,0.01681994983733474
2019-04-18,-0.00023578221145405452,False,0.018890097619946904,0.0216153852936514,0.013409270469227996,0.016769847541961362
2019-04-22,0.0012571507671187557,False,0.018824493551552666,0.02153852082576961,0.013366312194830034,0.016713003966311427
2019-04-23,-0.0033034095568352825,False,0.018830699757817274,0.021543247101394283,0.013375494690207455,0.016720361545726477
2019-04-24,0.004872652719189608,False,0.018800674469273825,0.021513118243719025,0.013345677689587178,0.016690416833065682
2019-04-25,0.00023521249854262027,False,0.018745365351362522,0.02144694039370323,0.013312226683238542,0.016643563494085356
2019-04-26,0.0071074422097751645,False,0.01873521190410189,0.021435684089611134,0.013304291191800911,0.016634268059835783
2019-04-29,-0.004915203051928451,False,0.018789316136665006,0.02148885361706065,0.01336027521019873,0.016689099484837745
2019-04-30,0.0032795166444519316,False,0.01875362310751649,0.021453113779759513,0.013324676316945018,0.016653442872024356
2019-05-01,-0.001091977625138958,False,0.018777390144191854,0.021476952566550158,0.01334829905693432,0.016677154087734843
2019-05-02,-0.009172635638250213,False,0.018757030426870592,0.021455538210177344,0.01333006032463923,0.016657614870411754
2019-05-03,0.007454230729596022,False,0.018695713017053573,0.021395365287963267,0.013266441235337737,0.016595407059205997
2019-05-06,0.0019524392904874438,False,0.018755263436276943,0.021455520891529783,0.013324774568082084,0.01665448665028042
2019-05-07,0.001403437671793296,False,0.01876711695392307,0.021466305840638078,0.013338777084349926,0.016667171504943748
2019-05-08,-0.003199484212726764,False,0.018726548240693818,0.021416394211858703,0.013316997912389317,0.01663387149865318
2019-05-09,0.0031994842127267375,False,0.018703635503918802,0.021392999836548136,0.013295053799069347,0.016611333472464657
2019-05-10,0.0017125578011547432,False,0.018728927098646573,0.02141854480859138,0.01331983582657475,0.016636427941847425
2019-05-13,0.011137886677169313,False,0.01874292940042998,0.021432571911936153,0.013333788249927996,0.01665041094823207
2019-05-14,-0.004162195438771078,False,0.018783076684226335,0.02146908801520803,0.013381238202356266,0.016693383258855676
2019-05-15,0.0012351199225512385,False,0.018755841307407026,0.0214421240373741,0.013353457014926904,0.01666593673598912
2019-05-16,-0.008755371943979367,False,0.018759487667138364,0.021445478859709013,0.013357689685634947,0.01666980990927613
2019-05-17,-0.00820477351315001,False,0.018705517082552442,0.021393021064663894,0.013300676729387293,0.01661466238760103
2019-05-20,0.0012545877919818633,False,0.01860983738597853,0.021294119619210572,0.013211476293297133,0.0165214891835999
2019-05-21,-0.003218067708084531,False,0.018618336343607492,0.021302608200245387,0.01321999611929881,0.016529996214128744
2019-05-22,0.0012570520207180209,False,0.018594977182392173,0.021279407508004767,0.01319631826106392,0.01650651376543108
2019-05-23,0.00875558527616713,False,0.01860527604128369,0.02128974047634157,0.013206548522436122,0.016516786087471185
2019-05-24,-0.0014020165813160776,False,0.018683504582847333,0.021369630809499808,0.013281435034246954,0.016593721769645332
2019-05-28,-0.005079127934097918,False,0.01867220726428962,0.021357926057962495,0.013270957104320486,0.01658274143039777
2019-05-29,0.0032067413386132966,False,0.018621196036374625,0.021305964292315172,0.01322185750322617,0.016532469712561126
2019-05-30,0.005062907666908317,False,0.01863078756526139,0.021314138128576018,0.013234300154330414,0.016543164193965402
2019-05-31,0.014424310458736921,False,0.01866456737847898,0.02134752710841468,0.013268865972715562,0.01657724807214837
2019-06-03,0.012859147970708999,False,0.01880472902192692,0.021491990444922726,0.013400376479498061,0.01671406303585525
2019-06-04,0.0005291359094371339,False,0.018919320375338437,0.021610156395806473,0.013507778958477074,0.016825873383561424
2019-06-05,0.003695764872375826,False,0.01891504607085922,0.02160486838853952,0.0135055433120872,0.01682238773102361
2019-06-06,0.006976979179977753,False,0.018934319536036383,0.021623766585167084,0.01352557147999733,0.016841953151864476
2019-06-07,0.0026877541074792105,False,0.01898436228719382,0.021674978043139604,0.013573263844402881,0.016891086659297023
2019-06-10,-0.012378717355321674,False,0.01899608006617459,0.02168639167199074,0.01358559329983325,0.01690304106443007
2019-06-11,0.001282541956835377,False,0.018938163541218855,0.021631031659641687,0.013522535371332838,0.016843135594928782
2019-06-12,0.004137988749946852,False,0.018943159785485438,0.021635734877129154,0.013528120921874267,0.016848359811477802
2019-06-13,0.0054658717373067345,False,0.018908033183284125,0.021592027007156615,0.013510252110783199,0.016819909360875716
2019-06-14,0.0006718355335490992,False,0.01894416477051738,0.021628921761080767,0.013544848893173509,0.016855447211069203
2019-06-17,-0.0010452624905258059,False,0.01890754197956361,0.021587303542620995,0.01351827240851193,0.01682271081921428
2019-06-18,0.005883921663461859,False,0.018893389614282476,0.021572143408184107,0.013506146768190437,0.016809342489560532
2019-06-19,-0.001486326103211523,False,0.018930560469438966,0.021609908692759094,0.013542122166101267,0.01684605088380581
2019-06-20,0.03529136934367409,False,0.01892075831340096,0.021600060773066428,0.013532412045367783,0.01683628433149261
2019-06-21,0.0023663033426528273,False,0.019277070898468356,0.0219836733920177,0.013833821521170776,0.01717135772793056
2019-06-24,0.012880517986897823,False,0.019275634691801657,0.02198206891382355,0.01383272372544149,0.017170052435046896
2019-06-25,0.00042413090583868053,False,0.01932725961350725,0.022036681363149218,0.013878340429133395,0.017219353086279848
2019-06-26,-0.002335078951077535,False,0.019326328678992546,0.022035628049585396,0.013877655611174216,0.01721851736159966
2019-06-27,-0.0022694698902970736,False,0.019320421781147262,0.022029065504767326,0.013873067285222978,0.017213120551389745
2019-06-28,0.0009225555241278228,False,0.019293811064669673,0.022001223795377847,0.013848932219091939,0.017187467536677967
2019-07-01,-0.017243639951311836,False,0.019261866502366626,0.021962265117154326,0.013831093748173715,0.01716097989548122
2019-07-02,0.013619306155092862,False,0.019230171185066012,0.021934753822045485,0.013790983942138877,0.017126029445350403
2019-07-03,0.009283258338381215,False,0.01930284802100115,0.02201131418093366,0.013855850623481235,0.0171956849342463
2019-07-05,-0.014923529329707681,False,0.019335356163455247,0.022045882646331606,0.0138842152496237,0.017226590163391644
2019-07-08,0.00021480390487373257,False,0.01933273618634558,0.022047307490258895,0.013873460731278976,0.01722082335073805
2019-07-09,0.0003578457722924877,False,0.019332722095080915,0.022047189563108173,0.013873655464407055,0.01722089004288852
2019-07-10,0.008975680500219938,False,0.01933388485457388,0.02204758799669877,0.013876355360033612,0.017222647441277678
2019-07-11,-0.0041216137849031005,False,0.019374795210913925,0.022090167157280544,0.013913909583483338,0.01726225948244982
2019-07-12,0.0039798044429101,False,0.019362355234146585,0.022075216859054163,0.013906518115224845,0.017251772513917414
2019-07-15,0.0010633396770111903,False,0.01934607490702094,0.022047740071881653,0.013912754993460267,0.01724420293520801
2019-07-16,-0.001560004046945811,False,0.019355964375001398,0.022057330067078856,0.013923246731277122,0.017254325390405993
2019-07-17,0.008549847281970965,False,0.01936156753176165,0.02205973149744661,0.013935288881289525,0.01726241946241856
2019-07-18,0.0033714485237431127,False,0.01939690463505032,0.022096917245145297,0.013966908175052181,0.017296318336454473
2019-07-19,-0.0007014590755676152,False,0.019426144909463153,0.022124780911941658,0.01399891694560325,0.017326629599605244
2019-07-22,0.00014038257143025957,False,0.019374093767808694,0.02207113253735337,0.013950077999752638,0.017275821091264392
2019-07-23,-0.003655077659947234,False,0.01937496764391852,0.022072025548424037,0.01395091339353493,0.017276680080541316
2019-07-24,0.001899520933457056,False,0.019374000330566632,0.022070761241056044,0.013950543364969802,0.01727594382594769
2019-07-25,-0.006274934527660716,False,0.01939196937525312,0.022088258717798976,0.013969460780139664,0.01729427974638779
2019-07-26,0.003248114383933726,False,0.019351051529307946,0.022047577043720214,0.013928067968857746,0.017253178160787162
2019-07-29,0.0007751493255889368,False,0.019377165430755707,0.022073126463424766,0.01395531709976922,0.017279731224115566
2019-07-30,0.00708947330791591,False,0.01937654397097652,0.022072553601000255,0.013954597905830257,0.017279071956017637
2019-07-31,-0.0025211692591502522,False,0.019422393292957512,0.02211897461544731,0.013999297496859856,0.017324476506238393
2019-08-01,-0.003652937797119556,False,0.019398393300065965,0.022094883350091774,0.013975481062057817,0.017300547522529016
2019-08-02,0.0172339525633451,False,0.01937434510437333,0.02207089146741126,0.013951319615243582,0.01727645551580334
2019-08-05,0.013057707568042691,False,0.01942311644119927,0.022125297601931618,0.013988758808130967,0.017320843029091565
2019-08-06,0.0053115881284716455,False,0.019446321404776652,0.02215252579002934,0.014003872663236645,0.01734091795902688
2019-08-07,0.023426264124913006,False,0.019364380202755833,0.022067860544801383,0.013927409785619335,0.017261096038899897
2019-08-08,-0.006389437814637304,False,0.01940643060696005,0.02212105811577624,0.013947042118190379,0.01729447404442752
2019-08-09,-0.000734713063036057,False,0.0194444218088286,0.02215940413160885,0.013984319753551282,0.017332189204121804
2019-08-12,0.005796393970688471,False,0.019416881226406623,0.022131585529658427,0.013957338296316204,0.017304864918471923
2019-08-13,-0.0020615785564280236,False,0.01940479324297954,0.02212025711047651,0.013943722752926265,0.017292186000676484
2019-08-14,0.009078670323797037,False,0.019354598222615933,0.02206842821865444,0.013896813612118327,0.0172432621180796
2019-08-15,0.0024377881760616533,False,0.019168021291593517,0.02187449410251991,0.01372503271907179,0.017062409013007093
2019-08-16,-0.004683215342362713,False,0.019130158905751447,0.02183623581023617,0.01368796654083584,0.01702485463892904
2019-08-19,-0.008032155425561887,False,0.019165439212305138,0.021871137267488724,0.01372400875137336,0.01706042968693994
2019-08-20,0.0027953104204053326,False,0.019218425661120635,0.021921151327910813,0.013782972971697623,0.017115728628041567
2019-08-21,0.0,False,0.019223582177728155,0.02192306689712219,0.013794647358933713,0.0171234065735007
2019-08-22,-0.0048635471453845345,False,0.01922755737479228,0.02192687489258969,0.013798958815196917,0.017127511851950983
2019-08-23,0.019379505617472023,False,0.019196577876381238,0.02189468131940054,0.013770420943066686,0.017097476893144996
2019-08-26,-0.00019648645968019812,False,0.019176315033872772,0.021882829501163492,0.013733242686219772,0.01707067034699765
2019-08-27,0.009585018407868445,False,0.019144910203845508,0.02185080609412414,0.013703081876673498,0.01703974676449914
2019-08-28,-0.002078700970101249,False,0.01911141241758458,0.02181866652371221,0.013666852581965382,0.017005192298135206
2019-08-29,-0.007375322175081968,False,0.019145142435688513,0.021850910070443205,0.013703572043252942,0.017040078778022903
2019-08-30,-0.004859495032714913,False,0.019204163020033287,0.021910585066294952,0.013761276540349475,0.017098590235913955
2019-09-03,0.017488242652852915,False,0.019228624896850073,0.02193539494872055,0.013785038542944614,0.01712278136739756
2019-09-04,0.0028422112731653843,False,0.019216802724365253,0.021924205457934453,0.013771943984037782,0.01711046697406061
2019-09-05,-0.0227690454603242,False,0.01915597859600841,0.02186293714303215,0.01371201315942344,0.0170499884189681
2019-09-06,-0.006089556358749777,False,0.019375506445707503,0.022091945600285004,0.013912474555409286,0.017262140438548717
2019-09-09,-0.002659222501661612,False,0.019378874077803938,0.02209570309900239,0.013915058126585523,0.017265204757809065
2019-09-10,-0.007953193028797172,False,0.019399592308631638,0.02211587817506046,0.01393686869619168,0.017286345558317675
2019-09-11,0.0027473300929079327,False,0.01933050073997907,0.022043924748261366,0.013873532611623355,0.017219480490381675
2019-09-12,0.00287322825901904,False,0.019331363811860812,0.02204489555192556,0.013874179024073521,0.017220259747874812
2019-09-13,-0.005218052260891263,False,0.01920982108140128,0.021917123863373977,0.013765163353770248,0.017103563092568327
2019-09-16,0.008149645086967567,False,0.019232481858055206,0.021939649619607773,0.013788095670046088,0.01712632891393333
2019-09-17,0.0013296990407197322,False,0.019238022235670435,0.021945454447431234,0.013793104211739833,0.01713166355158943
2019-09-18,0.0015933246639142726,False,0.01920820248715125,0.021915200425816003,0.013764157830021006,0.017102181663757262
2019-09-19,-0.006054761178040599,False,0.019084577377998756,0.021784291722756803,0.013655180759541212,0.016984223127237706
2019-09-20,0.005922114787613536,False,0.019114850984262664,0.021814016673941356,0.013686557766258706,0.017014923582375593
2019-09-23,0.010821552218634716,False,0.019112381131056747,0.0218088182464567,0.013689575349896236,0.017014576536197763
2019-09-24,0.005497771957127581,False,0.019104171301287852,0.021802801798701685,0.013676954408665754,0.01700466027432232
2019-09-25,-0.01811226148683577,False,0.01910663162563821,0.02180337951930695,0.013683200838174746,0.017008585247992404
2019-09-26,0.0019255837015005862,False,0.019220830753240555,0.021923992085593765,0.013784501896626262,0.017117794776147277
2019-09-27,-0.0055877378688848015,False,0.019080899595738412,0.021776171700288,0.013660436768373623,0.016984001369175942
2019-09-30,-0.022532001013061617,False,0.019093788695072816,0.021789563863306785,0.013672314156127453,0.01699649908934464
2019-10-01,0.011059616136638108,False,0.01916955781852051,0.021874537700853278,0.013729571675301555,0.01706510702537931
2019-10-02,0.012739025777429712,False,0.019178662961896555,0.021886498536640524,0.013732933734506177,0.017071990464927172
2019-10-03,0.004055705592803874,False,0.01918977193212686,0.021900967117680616,0.0137372861900684,0.017080485687203387
2019-10-04,-0.0005973679771035407,False,0.019138801868893163,0.021848553853285935,0.013689218549277442,0.01703063842190536
2019-10-07,-0.005659324852886079,False,0.01911341034337845,0.021822212294307166,0.013665737636449298,0.017005986014152673
2019-10-08,-0.00033390097896368473,False,0.019129083729338518,0.021838422079262395,0.013680332270171682,0.017021242086365528
2019-10-09,0.005926847590369729,False,0.01908360660429144,0.021790105216108156,0.013640566143588667,0.01697797425283702
2019-10-10,-0.007531060731030875,False,0.019055221292108532,0.021761787894805394,0.013612044094919009,0.01694953604434143
2019-10-11,-0.008127734184569402,False,0.01908338803721829,0.021790665554859683,0.013638781118694232,0.016977149703815083
2019-10-14,0.006051659334595071,False,0.01910404783441439,0.02181071289111324,0.013660672636341357,0.01699828599029109
2019-10-15,-0.00949724306442893,False,0.019090742561826326,0.02179807172675173,0.013646031775428351,0.01698446404728591
2019-10-16,0.007013803030788963,False,0.01911259089470233,0.02181975854171734,0.013668204937039736,0.017006438039689674
2019-10-17,0.0028856502644308848,False,0.019114909129761444,0.021823179250432312,0.013668305986880479,0.01700789855984502
2019-10-18,-0.0027512835044978985,False,0.019113326400371295,0.021821605753732213,0.013666704689623603,0.01700630864750241
2019-10-21,-0.0039048907125390424,False,0.0191096116346942,0.021817866146447422,0.013663039882913869,0.017002613208379782
2019-10-22,-0.0004723681798664878,False,0.019114497783999155,0.021822981747499637,0.013667464581716443,0.017007320846223462
2019-10-23,0.005518975719105269,False,0.019087577517689736,0.02179465933912483,0.013643364163885882,0.016981491434230882
2019-10-24,0.006022502044866212,False,0.01902194477826347,0.021715011342764694,0.013605917513388362,0.0169267624426525
2019-10-25,0.00040019716452753957,False,0.019025654936201817,0.02171895619017989,0.013609155687224218,0.016930290014221566
2019-10-28,-0.006355599249558961,False,0.019032615880782654,0.02172518398352033,0.013617591072563268,0.016937821344083056
2019-10-29,-0.0020154524793497153,False,0.019036336270701185,0.021720992391979884,0.013637223251616844,0.016947697186678115
2019-10-30,0.004160767879948392,False,0.019050484183420237,0.02173382158253789,0.013654023247011154,0.01696287105375486
2019-10-31,0.012114954399792637,False,0.019058307978316657,0.021741940246949414,0.01366125402970564,0.016970465442736293
2019-11-01,-0.0022521201719947464,False,0.019094559009817953,0.02177583966782835,0.013702234386287473,0.017008546006823652
2019-11-04,0.0,False,0.019096320865732166,0.021777632167423077,0.01370393461468333,0.017010284022221277
2019-11-05,-0.018201754334461643,False,0.019096040722846534,0.02177734158747855,0.013703675461771083,0.017010011999276573
2019-11-06,0.0063277911200314285,False,0.019153318452760956,0.02184069983291879,0.013748724664434678,0.01706255914106183
2019-11-07,-0.017601321488917986,False,0.019181115933888184,0.021869006610634373,0.0137754978989856,0.017089960393878334
2019-11-08,-0.001982500969778094,False,0.019198910496025432,0.02189282286898288,0.013781182225419466,0.017103070128800926
2019-11-11,-0.003976999709097086,False,0.019186765243545234,0.021880668519156033,0.01376905526861683,0.017090931953977206
2019-11-12,-0.00233871646192102,False,0.01919188918508775,0.021880900934370045,0.013784016560751148,0.01709986146040726
2019-11-13,0.00658934076646455,False,0.019186280920172688,0.02187527840632434,0.01377843698042392,0.017094264292083626
2019-11-14,0.006886066178064791,False,0.019179509347596137,0.021868640959126367,0.013771395668243883,0.017087388371130528
2019-11-15,-0.003062164177331961,False,0.019212705378318894,0.02190285590980979,0.013802542548618678,0.017119791690996762
2019-11-18,0.0024504644323866277,False,0.019227053352139308,0.021914925251588776,0.013821473080265812,0.01713591242070279
2019-11-19,0.0016303409319782403,False,0.01920512022060444,0.02189261178021123,0.013800304850343474,0.017114275190253478
2019-11-20,0.0,False,0.01922337143025501,0.02191042470738571,0.01381943749006024,0.017132867379853825
2019-11-21,-0.006947360157733074,False,0.0192502463958605,0.021932407937111067,0.013856150227686886,0.01716354807337619
2019-11-22,0.0,False,0.019189825601095244,0.021871648507515648,0.01379641046156652,0.017103390733559928
2019-11-25,-0.004452519674764632,False,0.019199433849735197,0.021880979908207577,0.01380657547922752,0.017113214367492618
2019-11-26,0.0021945374432130837,False,0.019207324289627962,0.021886580712815983,0.013819070605573323,0.01712288612369817
2019-11-27,-0.0043938174856029385,False,0.019188304497088273,0.02186718087974369,0.013800815112703563,0.017104161999383406
2019-11-29,0.008359042281367265,False,0.019035931011241024,0.021706995917630145,0.013664151289957432,0.016957865774047995
2019-12-02,-0.0022541262526476727,False,0.01909373818432046,0.021764787836467493,0.013721989140849345,0.017015684814794943
2019-12-03,0.010814526309483834,False,0.019089490540681004,0.02176051336879115,0.013717795443041404,0.0170114580400226
2019-12-04,-0.0028453045693533395,False,0.019139909148804972,0.02181378624669959,0.013762473828039145,0.017059656051109595
2019-12-05,0.0019655192135956674,False,0.01914885744703472,0.021822089867997087,0.01377271863630994,0.0170691059023787
2019-12-06,-0.01212552242517598,False,0.01914290986772192,0.021816233997415516,0.013766586621530416,0.01706308697447162
2019-12-09,0.00013711159596173993,False,0.019146998626338767,0.02181934442314348,0.013772642905818611,0.017067936867556567
2019-12-10,0.0022587550109528006,False,0.01915724228871677,0.02182932278387566,0.013783420116444595,0.017078386932304738
2019-12-11,0.0046385136565482935,False,0.01908977045436209,0.021758852151725575,0.013721979165557804,0.017013248136520966
2019-12-12,-0.0018392248396021497,False,0.019107170989117662,0.021760692941672776,0.013770671909435666,0.017042754017241184
2019-12-13,0.006049724215781696,False,0.019013093653267005,0.021663283245290606,0.01368329628520736,0.01695126922886542
2019-12-16,-0.0004066804034237166,False,0.01895390117991126,0.021601560630598246,0.013629192180124329,0.01689404518343677
2019-12-17,-0.00027123977476679824,False,0.01897309491921256,0.021619260613520944,0.0136513900134871,0.01691440105219279
2019-12-18,-0.0013572206434196252,False,0.018991266248791883,0.021636420748172812,0.013671594957596936,0.016933359082620066
2019-12-19,0.0037955689629014283,False,0.018953780729418102,0.021598297835615773,0.013635391299913641,0.016896369449592354
2019-12-20,-0.002370552172288522,False,0.018990587099308766,0.02163416882092302,0.013674078822121042,0.016933903540543468
2019-12-23,0.005275305725533864,False,0.018954440344189222,0.021597597334423083,0.013638786244453631,0.016898087222739257
2019-12-24,0.011135059860575142,False,0.019005433826603683,0.02164225752966258,0.013702516603285475,0.016954007947424753
2019-12-26,0.006781087784430196,False,0.019064983330836,0.021704877320459826,0.013755891452956397,0.017011168795446004
2019-12-27,0.0029770786135146807,False,0.018990437728174995,0.021628506710041094,0.013685016124140366,0.016938043032928108
2019-12-30,0.00046227333689126925,False,0.018982420796702315,0.02162077068065232,0.013676434270372316,0.01692980756208028
2019-12-31,0.003295981889555684,False,0.018900003268646784,0.02153584208467645,0.013599066752034258,0.016849343623000074
2020-01-02,0.0032851540714616823,False,0.01880588808806643,0.021438438509058112,0.013511564864054292,0.016757786785123498
2020-01-03,0.016072149694003442,False,0.018833159905244146,0.021463753263049133,0.013542772531803977,0.01678658118041811
2020-01-06,0.010913635018349008,False,0.01886484082445001,0.02150148105946552,0.0135622925737886,0.016813557681811173
2020-01-07,0.0035692183565126895,False,0.018894631496074482,0.021531411730237263,0.013591801693070962,0.016843239435318198
2020-01-08,-0.009203710678121977,False,0.01887515547526919,0.021512342482702798,0.013571507610375018,0.01682344694845044
2020-01-09,-0.0036667071971181846,False,0.01896669056090647,0.02160110196706448,0.013668624708868274,0.016917141427709836
2020-01-10,0.0037308990396736773,False,0.01883911065861522,0.021468972791387243,0.013550193852136704,0.016793100820497224
2020-01-13,-0.00585981619083129,False,0.018843586901885902,0.021473778163356307,0.013554008184548005,0.016797321004506663
2020-01-14,-0.003882494785876494,False,0.018738976790498744,0.02136520190470216,0.013457374393545074,0.0166957965211555
2020-01-15,0.006269176242541576,False,0.01877592120074797,0.021400769471297335,0.013497087774627816,0.016733812103777845
2020-01-16,-0.001999275510573253,False,0.01878131661439172,0.021407030904220817,0.013500741536545334,0.016738533761963378
2020-01-17,0.006306764371860662,False,0.018734490329513773,0.02135921858984885,0.013455898255984457,0.016692474599445298
2020-01-21,-0.0015408479920918832,False,0.018625807849918,0.02124805196701651,0.013352211637863657,0.01658572476165534
2020-01-22,-0.0007069933514569245,False,0.018650658951963998,0.021272115679687106,0.01337864625900325,0.016611188445778708
2020-01-23,0.00596170020177131,False,0.018654946493453194,0.021276341271123364,0.01338305838826915,0.016615524183869624
2020-01-24,0.004145810767128866,False,0.01863850439094584,0.021260847979547668,0.013364708131710645,0.016598343914719805
2020-01-27,0.0036215123910229036,False,0.018559412049915264,0.021180406967049755,0.013288328104417402,0.01652030082834641
2020-01-28,-0.004831603586278797,False,0.018548033525935502,0.021169358824610702,0.013276285149986545,0.016508665270404982
2020-01-29,0.0003823495785668443,False,0.018493091024129882,0.02111197245545106,0.013226257510812094,0.01645562407611928
2020-01-30,0.00868933318130266,False,0.0184029402741556,0.021017943675316824,0.013143905868872192,0.016368490399839057
2020-01-31,-0.000378963863372795,False,0.01836803258060966,0.020984719106375553,0.013105613242748192,0.01633227325000755
2020-02-03,-0.0036075310705902057,False,0.01806715095786971,0.020659380401933727,0.01285391726698135,0.01605041902385624
2020-02-04,-0.017138114161285474,False,0.01809061371312972,0.020683110910539322,0.01287684154337899,0.016073673469345018
2020-02-05,0.004761622946685296,False,0.018227523515126173,0.020825880116114397,0.013001967496451673,0.01620602470638174
2020-02-06,0.0046751032672821095,False,0.017696273752024805,0.020253924800263643,0.01255258068706579,0.01570644350885019
2020-02-07,0.002233782116915276,False,0.017802998194635163,0.02035990382049063,0.012660804248934995,0.01581374788358358
2020-02-10,0.0038812607041441385,False,0.017707251555213646,0.020249187896147974,0.012595162344516037,0.015729647217476245
2020-02-11,-0.005795625430667941,False,0.01768162563741366,0.02022384759593078,0.012568962021078956,0.015703799091684043
2020-02-12,0.0011490897071122928,False,0.017674951249137323,0.020214687743518315,0.012567286150739218,0.015699058372861868
2020-02-13,0.004900535612764321,False,0.017662146385689952,0.0202017021167258,0.012554844820528906,0.015686394141722907
2020-02-14,0.004813471680398959,False,0.017609461869831925,0.020142649472238528,0.012514967250751172,0.01563866397448395
2020-02-18,0.010871410739791924,False,0.01750774745879067,0.020039100107913294,0.012416943115006787,0.015538377141118618
2020-02-19,0.004676547883901803,False,0.01752289672761599,0.020053227014737624,0.012434148456468758,0.01555432179867785
2020-02-20,0.005644986085864686,False,0.01740886086309334,0.019939451022559652,0.012319589962567866,0.015440083755734043
2020-02-21,0.01717201549417072,False,0.01734789906755622,0.019874080798898703,0.012267493958626327,0.0153825516788881
2020-02-24,0.01676255638881947,False,0.017192298587235914,0.01972217408738185,0.012104464938360761,0.015224077478604525
2020-02-25,-0.015364987376213718,False,0.017152301990776966,0.01968868711045544,0.012051376843408262,0.015179016454835867
2020-02-26,-0.004198505886171601,False,0.01724820958445368,0.019788220823772518,0.012139991946399158,0.015272102959009094
2020-02-27,0.0,False,0.01725916607432148,0.019795905506866805,0.012157528368201933,0.015285604886055376
2020-02-28,-0.047385678747064744,False,0.017244256198523926,0.019778866337224994,0.012146900716121917,0.015272351582326487
2020-03-02,0.017868979456354687,False,0.017885857545338568,0.020470002330157198,0.012688882915951844,0.01587541540581575
2020-03-03,0.030796353102671873,False,0.01795081463861499,0.02054211958838964,0.012739440198568562,0.01593480195310803
2020-03-04,-0.0006091618212690988,False,0.017843748123345566,0.020455626551076952,0.012590998353399841,0.01581172945114476
2020-03-05,0.01529889178860684,False,0.017827053593246794,0.02043592232709966,0.012580356619886155,0.01579737643667468
2020-03-06,0.002636957249874577,False,0.01768673276547867,0.020297826038452167,0.012435562020586367,0.015655324936842276
2020-03-09,0.0022120303868409007,False,0.01765427139933785,0.020262475397434518,0.012408911276327268,0.01562511140139545
2020-03-10,-0.009239341300194449,False,0.01765331098125002,0.020258653423835933,0.012413705733692769,0.0156263772485762
2020-03-11,-0.010725720864527515,False,0.0177356140790517,0.020342694589053984,0.012492513403405382,0.015707328145063253
2020-03-12,-0.03225585264372553,False,0.01771196314976643,0.02030489742056173,0.012497311981551674,0.015694682866693743
2020-03-13,-0.047416352203101815,False,0.018093094007346842,0.020706971943003746,0.01283632302619762,0.01605951973539196
2020-03-16,-0.019856680529920206,False,0.018602825526289456,0.021263499095931636,0.01325194382657049,0.016532844658596446
2020-03-17,0.02590818443844778,False,0.018665482488191824,0.02133413191316422,0.013298560542569338,0.016589296474506684
2020-03-18,-0.03171271975140128,False,0.018705925876318103,0.021380552047944312,0.013326984093065534,0.016625090005782574
2020-03-19,0.0008795472315558977,False,0.018861580453465105,0.021557058032285453,0.013440704396710695,0.016764522369709284
2020-03-20,0.0036454671159334207,False,0.018864145126975557,0.02155954905892186,0.013443417181479537,0.016767144339846413
2020-03-23,0.05442181862869502,False,0.018838366395715712,0.02153092969805125,0.01342335124158702,0.016743575593687176
2020-03-24,0.05777508425392426,False,0.01924264358069554,0.021997065680675127,0.013703224173427037,0.017099727172774318
2020-03-25,-0.016947954536260905,False,0.019551761362557915,0.022374770296991198,0.013874406944581094,0.01735548499469472
2020-03-26,0.010845784249569976,False,0.019550662729681492,0.02237724880856972,0.013866114315034197,0.017351603374582587
2020-03-27,-0.016005198817997043,False,0.019571075353805676,0.02239980152815831,0.013882222992298163,0.01737035102307169
2020-03-30,-0.0011707228298990415,False,0.019590286094816594,0.022422771877872984,0.013893872782713501,0.017386636821250245
2020-03-31,-0.02408550651926629,False,0.019580132056602428,0.02241206117115409,0.013884838260755946,0.017376915866285213
2020-04-01,-0.003289523008281446,False,0.01984269854009229,0.022683812622796146,0.014128932851053478,0.017632336524536555
2020-04-02,0.0296535360572285,False,0.019846585341128115,0.02268743574427115,0.01413334993816148,0.017636428465974543
2020-04-03,0.00490888893936245,False,0.01977619589293926,0.02263263616721625,0.01403160769378468,0.017553910233802084
2020-04-06,0.02615913167880727,False,0.019785440873950035,0.02264235683269268,0.014039896025572807,0.017562785136440898
2020-04-07,-0.007301457414060284,False,0.019879647885627277,0.022748286417463633,0.014110527765726162,0.017647872088332916
2020-04-08,0.00036032405214913405,False,0.01981550350794527,0.022678492884469884,0.014057744406592751,0.017588122704289867
2020-04-09,0.041633439372849586,False,0.019815821362372633,0.02267799163717997,0.01405970955681738,0.017589077812720427
2020-04-13,0.004941175038212751,False,0.019570336120383256,0.022466774616679282,0.013745307480633122,0.017316932192824944
2020-04-14,0.006797057351607868,False,0.01954145799600709,0.022433992532120556,0.013724280612170361,0.01729109131547462
2020-04-15,-0.016935449293475353,True,,,,
2020-04-16,-0.003944735829989091,False,0.01963393926338046,0.022533192673507323,0.013803249549278486,0.017378345357374387
2020-04-17,-0.018301820946780283,False,0.019681175761192642,0.02257549750803971,0.013860404117121554,0.017429418646272694
2020-04-20,0.007313955384594793,False,0.01986255407705202,0.02276176637847179,0.014031947036687612,0.01760699215326208
2020-04-21,-0.013847209197883095,False,0.019804632825688645,0.02270482872548978,0.013972047670218831,0.017548305670923314
2020-04-22,0.029647891342731346,False,0.020115507184973413,0.02301903494412352,0.014276221325809668,0.017856587872648842
2020-04-23,0.0026574814347122173,False,0.019775142527867988,0.02269256937944931,0.013907904198254092,0.01750540984266702
2020-04-24,-0.005670027160958046,False,0.019741551962469402,0.02265243187500379,0.013887480184639667,0.01747691273883536
2020-04-27,-0.006753227914803885,False,0.019772677218085705,0.022684152754245943,0.013917407581339398,0.01750757460445752
2020-04-28,-0.0008181536244567528,False,0.01982956426179726,0.022741756055876985,0.013972854158457292,0.017563904405744974
2020-04-29,-0.004159457378130776,False,0.019811327070532254,0.022719743344520295,0.013962209917186623,0.017548604536233588
2020-04-30,-0.011335623435517613,False,0.019852639752225305,0.022761322633666262,0.0140029864245225,0.017589709799649918
2020-05-01,0.006097067443094948,False,0.01992765532316797,0.022833685345207976,0.014083337162087064,0.017666789272105087
2020-05-04,0.007291162026340241,False,0.01981398817654457,0.022711339226594258,0.013987124299568708,0.017559874290112538
2020-05-05,-0.001465717123550518,False,0.019758697609461626,0.022657012071980613,0.013929896213276326,0.017503834196518003
2020-05-06,-0.011922512345884834,False,0.019774657070715383,0.022671838184414365,0.013948134952803663,0.01752067539328438
2020-05-07,0.02207963897860998,False,0.019879817607640363,0.022779556466329027,0.01404815160773802,0.017623846026880566
2020-05-08,-0.006935380050009182,False,0.019767339760099895,0.0226765241540183,0.013916677840449426,0.017504019635184293
2020-05-11,-0.00857515842664911,False,0.019840946126219845,0.022751350192806663,0.013987831322369101,0.01757667710658929
2020-05-12,0.005353411843933332,False,0.019936534757549015,0.022848383309366782,0.01408051494886191,0.017671141940987543
2020-05-13,0.0055583326933722026,False,0.019881217117365697,0.02279326575907177,0.01402479490782271,0.01761566863261353
2020-05-14,0.014021058879757815,False,0.019821646214862574,0.022728998079458468,0.013974669695679067,0.017559751781801983
2020-05-15,0.008764225555300193,False,0.019725061578266475,0.022636621549273855,0.013869622134564686,0.017459893275062484
2020-05-18,-0.012395415869611638,False,0.01968562924814345,0.022598650474485824,0.013827251073242211,0.017419324101013628
2020-05-19,0.007134611589602911,False,0.01976246521166074,0.02267184388259643,0.013911412581421671,0.017498993940917484
2020-05-20,0.0036626025539089747,False,0.019707446178748363,0.022617317925787733,0.013855401922956322,0.01744359129909021
2020-05-21,-0.01734362611469108,False,0.019689244633881227,0.0225992365495598,0.013836958706889942,0.01742529626406822
2020-05-22,0.008161878938069567,False,0.019889730918908274,0.02280507760805436,0.01402667600481523,0.017621616581967595
2020-05-26,-0.017328994749641426,False,0.019841916018269345,0.02275883573376272,0.01397569759024851,0.017572577880528597
2020-05-27,0.003220991829132791,False,0.020019711114035194,0.022942198262957042,0.014142296018378487,0.01774604156156902
2020-05-28,0.001752541583290877,False,0.02000016644056967,0.022922701514003423,0.014122654963907548,0.017726459603250564
2020-05-29,0.013680565277693138,False,0.019868781420961653,0.022779642010777264,0.014014748503059516,0.017604157230234552
2020-06-01,0.0005180443866920326,False,0.01976959515154794,0.022682360108638045,0.013911732359844331,0.01750348937966476
2020-06-02,-0.007277016031962099,False,0.019787986434983914,0.022702500719790505,0.013926605569597097,0.017520519701370675
2020-06-03,-0.016009633407297864,False,0.019816824206638425,0.022729430730819167,0.01395928003942337,0.017550841694179073
2020-06-04,0.012351241473905206,False,0.01996859619838448,0.022885262182001223,0.014102888050644085,0.017699455461834216
2020-06-05,-0.025155268002861633,False,0.01989552187254852,0.022814912823232208,0.014024333542429797,0.01762426113534954
2020-06-08,0.013098481927345721,False,0.020144749163308003,0.023075341027153362,0.014251034672167201,0.017864774213208236
2020-06-09,0.009610330246712897,False,0.020095272872567727,0.0230292139663407,0.01419482274375521,0.0178126922507498
2020-06-10,-0.0008167458702274134,False,0.02003976637782255,0.022975617082013167,0.01413547583072125,0.01775570009572884
2020-06-11,0.010855446283993906,False,0.020036926309859406,0.022971432398619606,0.014135339919397926,0.01775390612686147
2020-06-12,-0.0015600795547297869,False,0.01997152892004762,0.022908149894324957,0.014065689282461151,0.01768686337453405
2020-06-15,-0.005218007981163413,False,0.019986255693811197,0.022922818820956013,0.014080532392616502,0.017701635152862986
2020-06-16,0.005391431183017847,False,0.01999492805288619,0.022927267920265854,0.014097698151125512,0.017713593171258576
2020-06-17,-0.00023130821343635084,False,0.019962103147145704,0.022894891971459004,0.014063970347912907,0.017680418980933296
2020-06-18,-0.002547715531949515,False,0.01996114644089129,0.02289329490220022,0.014064301475957436,0.01767996047151992
2020-06-19,0.0121590659502639,False,0.019685203365239684,0.022577116979503903,0.013869274717586902,0.01743531975649886
2020-06-22,0.006166825249584587,False,0.01962413116852991,0.022518858813036922,0.013802543223509564,0.01737205826876513
2020-06-23,0.008728248980421311,False,0.019600842952937694,0.022495660507714677,0.013779074189336786,0.017348700103765827
2020-06-24,-0.0035613970847807024,False,0.019597571067839832,0.02249275990441042,0.013775055619272569,0.01734513936466571
2020-06-25,-0.0020976074000182165,False,0.019602126183405743,0.022497126827008208,0.013779989209793326,0.017349840892722013
2020-06-26,0.005884713686692411,False,0.01958919763849441,0.022480665093209173,0.013774166262493276,0.017339661137997845
2020-06-29,0.0012967886103743235,True,,,,
2020-06-30,0.010202426588476162,False,0.01957175765161289,0.022459356733523447,0.013764505961734067,0.017325230711471715
2020-07-01,-0.011104398270962212,True,,,,
2020-07-02,0.006072237805783904,False,0.01959773418383232,0.022489676283657972,0.013781748248855342,0.017347828413572762
2020-07-06,0.0025192455591178196,False,0.01960205437230844,0.022494090757848955,0.013785878819291894,0.01735207524858377
2020-07-07,0.00873997345987791,False,0.019544484595482005,0.022431666885415515,0.013738071116117996,0.01729828191586949
2020-07-08,0.006243658695440093,True,,,,
2020-07-09,-0.009018817348082771,True,,,,
2020-07-10,-0.0005559571095256041,True,,,,
2020-07-13,0.0070930414866313,True,,,,
2020-07-14,-0.00022091032603613835,False,0.019551018617318873,0.02244064630402911,0.013739687199501067,0.017302913440308897
2020-07-15,0.00044177186147813246,True,,,,
2020-07-16,-0.007035885831272417,True,,,,
2020-07-17,0.005323049805576425,True,,,,
2020-07-20,0.004194021617199042,True,,,,
2020-07-21,0.014487856747344773,True,,,,
2020-07-22,0.011709267020525905,True,,,,
2020-07-23,0.013322162460929807,True,,,,
2020-07-24,0.0043313363665133785,True,,,,
2020-07-27,0.017606154822841998,True,,,,
2020-07-28,0.007069694974014618,True,,,,
2020-07-29,0.004514937092596289,True,,,,
2020-07-30,-0.005749772517706172,True,,,,
2020-07-31,0.01049918711509946,True,,,,
2020-08-03,0.0016289716145934227,True,,,,
2020-08-04,0.017745954507515056,True,,,,
2020-08-05,0.014830529962694551,True,,,,
2020-08-06,0.009993726704919284,False,0.01957517493630798,0.02248033007189367,0.013732616259731715,0.017314989539287926
2020-08-07,-0.020386772968585987,False,0.019559367523354257,0.022465826848544486,0.013714185990533059,0.017298167478178923
2020-08-10,0.007088912486168546,True,,,,
2020-08-11,-0.04640713846737047,True,,,,
2020-08-12,0.001189424227168705,True,,,,
2020-08-13,0.011203697670107498,True,,,,
2020-08-14,-0.010118971422733294,True,,,,
2020-08-17,0.02447852971429491,False,0.019968426834388264,0.022926900618585145,0.014018639001870963,0.017666759993054372
2020-08-18,0.007228233622483832,False,0.020040531169025228,0.02301067841962093,0.014067266823478131,0.017729782472487108
2020-08-19,-0.020566184811920643,True,,,,
2020-08-20,-0.012793958632575233,True,,,,
2020-08-21,0.0004135698294723892,True,,,,
2020-08-24,-0.0035730170549381117,True,,,,
2020-08-25,-0.008282324903757287,True,,,,
2020-08-26,0.015003475387935178,True,,,,
2020-08-27,-0.009890547937341995,True,,,,
2020-08-28,0.02213049019313123,True,,,,
2020-08-31,0.0015258636993629058,True,,,,
2020-09-01,0.00030488114322395907,True,,,,
2020-09-02,-0.017322181174838722,True,,,,
2020-09-03,-0.00352152038087395,True,,,,
2020-09-04,-0.0019213045878462153,True,,,,
2020-09-08,0.004718811695522806,True,,,,
2020-09-09,0.006034498194198085,True,,,,
2020-09-10,0.004873179121465835,True,,,,
2020-09-11,-0.008427543375380205,True,,,,
2020-09-14,0.007864507194070662,True,,,,
2020-09-15,0.001637117684006527,True,,,,
2020-09-16,0.0019915248986203523,True,,,,
2020-09-17,-0.010358510867938483,True,,,,
2020-09-18,0.006217730605110695,True,,,,
2020-09-21,-0.02642046360542287,True,,,,
2020-09-22,-0.0013684804683452613,True,,,,
2020-09-23,-0.020594023641089528,True,,,,
2020-09-24,0.00450621665322058,True,,,,
2020-09-25,-0.005689815487671344,True,,,,
2020-09-28,0.008095526135782653,True,,,,
2020-09-29,0.0114147396616161,True,,,,
2020-09-30,-0.0035962007873952123,True,,,,
2020-10-01,0.011012005311720377,True,,,,
2020-10-02,-0.004306089358559664,True,,,,
2020-10-05,0.006452168624350489,True,,,,
2020-10-06,-0.005978633545181797,True,,,,
2020-10-07,-0.009247826747493606,False,0.020146980381887034,0.0231393295748315,0.014129065701038501,0.017818958767538952
2020-10-08,0.00265097449388411,True,,,,
2020-10-09,0.01622893453895284,True,,,,
2020-10-12,0.001561686938946659,True,,,,
2020-10-13,-0.017843559227287458,True,,,,
2020-10-14,0.006755025244470127,True,,,,
2020-10-15,0.0009987659359625074,True,,,,
2020-10-16,-0.0012617784764216624,True,,,,
2020-10-19,0.0029417837343790644,True,,,,
2020-10-20,0.002095997386936684,True,,,,
2020-10-21,0.007405484259196327,True,,,,
2020-10-22,-0.012285488081525435,True,,,,
2020-10-23,0.000473310949826521,True,,,,
2020-10-26,0.0003679402784737119,True,,,,
2020-10-27,0.003200893540376839,True,,,,
2020-10-28,-0.017226369257346583,True,,,,
2020-10-29,-0.005665724597106544,True,,,,
2020-10-30,0.006305149837346229,False,0.020238801074357313,0.023238198017739332,0.014206712659732943,0.01790529637154153
2020-11-02,0.006900605880378817,True,,,,
2020-11-03,0.009529133397826345,True,,,,
2020-11-04,-0.007309871629980852,True,,,,
2020-11-05,0.026408510349030297,True,,,,
2020-11-06,0.0025670000104109966,True,,,,
2020-11-09,-0.051069383720258016,True,,,,
2020-11-10,0.011908134809094027,False,0.02053574205809575,0.023575289073875565,0.014422907816517252,0.018171000948586494
2020-11-11,-0.007869248251789697,False,0.020503393649038307,0.023544899625979315,0.014386619739870564,0.01813712848480453
2020-11-12,0.0063750917154759305,False,0.02054508589633051,0.023587454397659826,0.014426577364014098,0.018178149695633607
2020-11-13,0.006971252371710679,False,0.02052002624756237,0.023563122201956124,0.014400054734091741,0.018152524094716085
2020-11-16,0.0008481832770622549,False,0.020466444099967486,0.023503907714362574,0.014357799787762483,0.018103323858593024
2020-11-17,-0.001484728408849857,False,0.020467055524680245,0.02350256650461054,0.014362338156442772,0.018105454415915594
2020-11-18,-0.005854194473448053,False,0.020446474826389987,0.023480143819301684,0.014345461878995953,0.01808630676748555
2020-11-19,-0.006640641601906295,False,0.020483063468639498,0.023517278201525327,0.01438095298336118,0.01812247082878756
2020-11-20,0.006160128835431433,False,0.020511678321950954,0.023542485602588197,0.014416420565277777,0.018153736650275882
2020-11-23,-0.018758595831691482,False,0.020493086712306728,0.023524321222048544,0.014396969755007313,0.018134812660108666
2020-11-24,-0.01811942127724579,False,0.020610636162239168,0.02364805765265272,0.014502076565590591,0.018247548692955518
2020-11-25,0.0004984918223985983,False,0.020722468580837414,0.023766080227077633,0.01460145995928429,0.01835456522422529
2020-11-27,-0.013268076746218986,False,0.020727495060113395,0.023770443071548866,0.014607821074786432,0.01836010800560035
2020-11-30,-0.0034855405676794873,False,0.020776322270012474,0.02382203159579399,0.01465109500427937,0.018406786936984085
2020-12-01,0.02139477962249914,False,0.020790062259675328,0.023835527534245584,0.014665325805432599,0.01842071679636407
2020-12-02,0.006373984885256353,False,0.020788803747050045,0.02384106855644416,0.014650392745553293,0.018414168304857047
2020-12-03,0.006061505333917496,False,0.0207692062881697,0.02382204787727127,0.014629635324768351,0.01839412211638698
2020-12-04,-0.0004901159441992974,False,0.020755835317023897,0.023808491375049885,0.014616637475244222,0.01838089548680235
2020-12-07,0.014008950144385123,False,0.020752822321896416,0.023805268717820554,0.014614046131655184,0.018378045606964346
2020-12-08,0.00482238504317269,False,0.020657385294182512,0.023696555857635495,0.014545308136031858,0.018292937061305338
2020-12-09,-0.019539712183873785,False,0.020623429962047253,0.02366233386959893,0.014511889075688325,0.01825918918513922
2020-12-10,-0.0005452265623923936,False,0.020741581150428786,0.023787456398809904,0.014616020197688043,0.018371916731062785
2020-12-11,0.0033756623773702715,False,0.020747022917479468,0.02379155552123952,0.014624162157883069,0.018378403063936736
2020-12-14,-0.0060515914033823295,False,0.020740167249178196,0.023784854769961193,0.014616994935893845,0.018371426871540645
2020-12-15,0.012822831309901658,False,0.020768159961728424,0.02381347137181749,0.0146437329444065,0.01839893420364366
2020-12-16,0.002049362562147543,False,0.02074619777188151,0.02379436892119311,0.014616019531844247,0.018374747161584597
2020-12-17,0.016616724168514528,False,0.020732548785971576,0.023780586802486407,0.014602638289356129,0.01836120175183121
2020-12-18,-0.0007951443811694825,False,0.02070159589061882,0.0237546789696831,0.014561539266655103,0.01832632384174804
2020-12-21,-0.003452950477738774,False,0.02065575629717816,0.023705149271516845,0.01452312084433122,0.01828335511764998
2020-12-22,-0.006727547309022039,False,0.020677353806259537,0.023726206889360436,0.014545804128900826,0.018305372657412913
2020-12-23,0.004330039505094346,False,0.020688581854853026,0.023737019865715532,0.014557866929442038,0.018316923628593374
2020-12-24,0.002769976349498633,False,0.020671302454784463,0.023720044015099098,0.014539977060946643,0.0182994080696944
2020-12-28,-0.0014373179976945852,False,0.02062594352053839,0.023671839758184904,0.014500340356277456,0.01825626277170669
2020-12-29,0.0013308847368819284,False,0.020630667822781074,0.023675324945315306,0.014507556643427188,0.018261951094716348
2020-12-30,0.005993626012460182,False,0.02061226666638271,0.02365577695823241,0.014491461878685653,0.018244442162603805
2020-12-31,0.001109894461065988,False,0.020583057973538474,0.02362671991164878,0.014461948209984934,0.018215115490289372
2021-01-04,0.026892014283005597,False,0.02055854263420276,0.023600674556750172,0.014440509885571,0.018191790489738013
2021-01-05,0.0041053068384807835,False,0.020532426124856878,0.02358772433960942,0.014387914640608157,0.018155430719710312
2021-01-06,-0.02373410559741736,False,0.020517829935373297,0.023573361089617596,0.014372849986417824,0.018140653305330615
2021-01-07,0.002827831959051613,False,0.020665471746995262,0.023728377204692674,0.01450566133336135,0.018282557973082442
2021-01-08,-0.04175284695685238,False,0.02065658613421332,0.02371953604484449,0.014496686321266211,0.018273637776305134
2021-01-11,0.008415501632621867,False,0.021057829057253865,0.024152266173668828,0.014834605311928825,0.01865038392744054
2021-01-12,-0.0036289551927895197,False,0.021038046850079702,0.0241336651588745,0.014812447608278429,0.018629682762880843
2021-01-13,0.005789249861381841,False,0.021036794705454203,0.02413138681361353,0.014813259256168942,0.018629228993413457
2021-01-14,-0.0017818664700341759,False,0.021023219499505003,0.024118077833565423,0.014799148643201606,0.018615446666031533
2021-01-15,-0.011414407787474065,False,0.021022739594013923,0.024115117424050345,0.014803657280363609,0.018616896571070574
2021-01-19,0.005560388855331254,False,0.021076753252355897,0.024170746131263705,0.01485442291326246,0.018669653735454664
2021-01-20,0.014249727942710165,False,0.021066318828963215,0.024160778297373623,0.014843050131531024,0.018658856309492076
2021-01-21,-0.0003215992599331132,False,0.021038012824844365,0.024135511049345235,0.014808632883800833,0.018628186179596728
2021-01-22,-0.0051599671898233754,False,0.0210137273793971,0.024108971363572783,0.014788880941989805,0.018605654513492245
2021-01-25,-0.00043115764322087933,False,0.02103649245149924,0.024132051406103448,0.01481101257693484,0.018628174541343797
2021-01-26,-0.002266879894457694,False,0.021021949833335357,0.024116123055982968,0.01479925680487333,0.01861471001057501
2021-01-27,-0.003138830803113128,False,0.02103026085391667,0.02412451934243424,0.014807396347228836,0.018622954695052
2021-01-28,-0.0038014599418898284,False,0.021025969566194756,0.02411896159035844,0.014805652046484912,0.018619648705568877
2021-01-29,0.005101511241647846,False,0.021037513768084375,0.024130617027175862,0.014816972543765912,0.01863110636765331
2021-02-01,0.007281389008044573,False,0.02102478182840109,0.024118296172491706,0.014803413870873436,0.01861805460742049
2021-02-02,-0.01641737544450263,False,0.021007462707481578,0.02410182188853638,0.014784395697991117,0.018600078210699793
2021-02-03,0.0009282503708198232,False,0.0210971323639458,0.02419648862518819,0.01486401572445454,0.018685860182293287
2021-02-04,-0.023916484486413037,False,0.021090296877027143,0.024188265998921835,0.014859969914043081,0.01868010387770775
2021-02-05,0.012223053284327792,False,0.02122788434268191,0.0243365067887043,0.014976132475205054,0.018809403149961684
2021-02-08,0.011529720189568878,False,0.0212114614587003,0.024322221375284222,0.014955410923306467,0.018791317332496577
2021-02-09,0.0018542895508146806,False,0.021190149086439885,0.024302561830812405,0.01493077454840712,0.018768719074609665
2021-02-10,0.0028836096711605716,False,0.021186150735780444,0.024298483179913843,0.014926937689591297,0.018764783196837
2021-02-11,-0.008566387767498546,False,0.02117945169422459,0.02429193702812187,0.014919931171369015,0.018757965208376227
2021-02-12,-0.0018099820260787875,False,0.021214534463767133,0.024327986169008626,0.014953070471107575,0.018792296149428265
2021-02-16,-0.013485351319986577,False,0.021187051200699313,0.024296877696481495,0.014932877868260084,0.018767633267750997
2021-02-17,-0.014629062349107949,False,0.02124027063505201,0.02435299320362503,0.014980273009443419,0.018818599582691792
2021-02-18,0.0012978130348198413,False,0.02129930608548828,0.024416132759245368,0.01503105469227222,0.018874442075033932
2021-02-19,0.0013524313819186311,False,0.021297429223916118,0.024413934325810276,0.015029824544004582,0.01887281539357084
2021-02-22,0.017250896659106188,False,0.021296635109751917,0.024412979720862513,0.01502935319292058,0.018872146139838675
2021-02-23,-0.0012738096892075683,False,0.021274972611008587,0.024392949713800682,0.01500440758949161,0.018849213576783094
2021-02-24,-0.004443464260402694,False,0.02127682413906108,0.024394235520977983,0.015007396839026632,0.018851505230750108
2021-02-25,-0.012322324448977169,False,0.021290747498557798,0.02440848126651392,0.015020671847828557,0.018865177776715692
2021-02-26,-0.02643982642289971,False,0.021327610321288316,0.024446937279671604,0.01505433060464203,0.018900801111167587
2021-03-01,-0.0032458010444414774,False,0.021449213650093363,0.024580781662554896,0.015151315944603993,0.01901288100649644
2021-03-02,0.006134974480583479,False,0.021450489811010727,0.024581638990683358,0.015153434420313723,0.01901448301567632
2021-03-03,-0.01032367748638774,False,0.021510427116410685,0.024642127591140383,0.015212263015999854,0.01907399141832263
2021-03-04,-0.008842158417799017,False,0.021472156623945072,0.02460586719211294,0.015169950023801925,0.01903415709066627
2021-03-05,-0.0012947745929176705,False,0.021487058940097874,0.024622187265005265,0.015182001088798367,0.019047956404421737
2021-03-08,-0.012027309199143453,False,0.02151151074554234,0.02464652835086651,0.015206675562441752,0.019072494348737788
2021-03-09,0.022921797389633937,False,0.021450018519697106,0.02457958453777353,0.015156147025931134,0.019015243410298175
2021-03-10,0.002850427716795303,False,0.021505074810425514,0.024644114296493103,0.015192151221323533,0.019062929425425635
2021-03-11,0.00046463141365605257,False,0.021503661361856663,0.024642786981475574,0.015190564549534536,0.019061448965703918
2021-03-12,-0.0016270843199136934,False,0.021491429836457774,0.02462894101816862,0.015181579820870195,0.019050473458938774
2021-03-15,0.005451831359562948,False,0.021492286156438545,0.02462985131718597,0.015182327583588503,0.019051287783699137
2021-03-16,0.000982772833472422,False,0.021488416976484487,0.02462602824897848,0.01517836566828214,0.019047382729207796
2021-03-17,-0.0021981421073807767,False,0.021488849896733154,0.024626439535741316,0.01517884209564297,0.01904783248012005
2021-03-18,0.003122235750465632,False,0.021488596811703366,0.02462609420637261,0.01517877452324076,0.019047651160382668
2021-03-19,0.0052971527058642155,False,0.02148661575377285,0.024623943827395415,0.015177133986936191,0.019045801832751997
2021-03-22,-0.002069427911533476,False,0.021488370119299518,0.024626648019418083,0.015176978156009843,0.01904681724153599
2021-03-23,-0.007566879516500325,False,0.021480677659106294,0.024617547799154028,0.015172116842668516,0.019040220006418918
2021-03-24,0.004743225748486408,False,0.021495708768204093,0.024633978106622954,0.015184334023352182,0.019054162551368378
2021-03-25,-0.004627227810274516,False,0.021492877922051457,0.02463111867047621,0.01518156067454835,0.019051353947982196
2021-03-26,0.004223156783957694,False,0.021499831203054164,0.02463871921989494,0.015187212233775928,0.01905780365979373
2021-03-29,-0.011671575757386563,False,0.021491653618748198,0.024629799254070644,0.015180527653243882,0.019050203641844274
2021-03-30,-0.01660812683626846,False,0.02151407195313015,0.024654139371872646,0.015199081088206943,0.019071126845460563
2021-03-31,0.017600609611377438,False,0.021557989938935495,0.02470306207246214,0.015232934090071242,0.01911115120674554
2021-04-01,0.0073830821038836664,False,0.021587034589585195,0.024737492586361237,0.015251147228946176,0.019136005702688003
2021-04-05,0.00028956131663167214,False,0.02156009874560048,0.024707483151084977,0.015230392685659906,0.019111461085962882
2021-04-06,0.008361011659377205,False,0.021559025463812123,0.024706236309992358,0.01522966844905904,0.019110522831801865
2021-04-07,-0.000804242014787378,False,0.0215512433021005,0.024698422963779273,0.015221949002511002,0.019102764931360813
2021-04-08,0.009551431317729613,False,0.021551912678245987,0.024699013470468954,0.015222776993051199,0.019103495667256117
2021-04-09,-0.007714103350808669,False,0.021551498056838533,0.024700343307879378,0.015218854089804505,0.019101723872079323
2021-04-12,-0.0069651153108131235,False,0.021561068253327178,0.02470916220216448,0.015229935230460737,0.01911187857513989
2021-04-13,0.008627188966826281,False,0.021574554566589545,0.024724212006819707,0.015240277205546044,0.019124148505713697
2021-04-14,-0.006492181509603616,False,0.021580610914997904,0.02473158719829468,0.015243681228125914,0.019129178805700885
2021-04-15,0.01742751851072938,False,0.021572304139633517,0.024721928432252446,0.015238093441764468,0.019121923867310556
2021-04-16,0.007674101250506838,False,0.02158118662072434,0.024734893299791425,0.015238765833806466,0.019127630287294656
2021-04-19,-0.005410888818616735,False,0.021576782481108118,0.02473140496348252,0.015232519921785844,0.019122513660680275
2021-04-20,0.004454866391931009,False,0.02158971604534684,0.024744902203947466,0.015244319876536402,0.01913500868972356
2021-04-21,0.00840435224167868,False,0.02158571951316386,0.02474122548862478,0.0152396801605354,0.019130763342808277
2021-04-22,-0.006212471446331363,False,0.021571307516125317,0.02472614439159399,0.015226613790763842,0.0191168718997371
2021-04-23,-0.002360717879845413,False,0.021583143104330817,0.024738583229234376,0.015237236183785108,0.019128238165135432
2021-04-26,0.001237248457746213,False,0.021582310926909185,0.02473675619421211,0.015238404764889357,0.019128179978263746
2021-04-27,-0.0006746605385477973,False,0.021549814104898292,0.02469915463700109,0.01521617407791882,0.019099654595785855
2021-04-28,-0.00270334073967916,False,0.02155133444244405,0.02470059461887891,0.015217856018781109,0.019101237449341522
2021-04-29,-0.002880286458205009,False,0.021556679015676424,0.024706192422522123,0.015222691320231092,0.019106385011519428
2021-04-30,-0.00045252405155806857,False,0.0215521254492055,0.024700094430115865,0.01522124374938783,0.019103032994977134
2021-05-03,0.013544464845169118,False,0.021551342861033523,0.024699231808343505,0.015220622116822183,0.019102312672249308
2021-05-04,-0.00874639757494062,False,0.02155657995396452,0.02470760243655889,0.015219557355666331,0.01910511190201629
2021-05-05,0.004663019601775825,False,0.021575512221641557,0.024727759500025998,0.015236026436031025,0.019123091289234322
2021-05-06,0.017446839157978355,False,0.021571530211775214,0.024724074855441737,0.015231446394724759,0.019118877931768016
2021-05-07,0.00855595396027406,False,0.021583144150834354,0.024741024449786955,0.015232329795264626,0.019126340777478167
2021-05-10,0.00348908627232722,False,0.02152865569367508,0.024682149264177285,0.01518666348947885,0.0190752651568531
2021-05-11,-0.0008711143226879709,False,0.0215210929692108,0.024674241376639695,0.015179794922611902,0.01906797096625413
2021-05-12,-0.007270798097461684,False,0.021524869879084026,0.024678135940988836,0.015183335217520692,0.019071656341969646
2021-05-13,0.0006582236054636419,False,0.021543030252258503,0.0246965931765756,0.015200898570576887,0.019089585758772478
2021-05-14,0.00770136548279548,False,0.021540067471185677,0.024693155679270277,0.015198890491512611,0.019086992302794644
2021-05-17,0.01597700925187108,False,0.02153022674058406,0.024684307617742533,0.015187053403732166,0.019076379284297843
2021-05-18,0.00016065581069687392,False,0.02152506581556128,0.02468360065879641,0.015172935105718335,0.01906775321245314
2021-05-19,0.007201759353874979,False,0.021509887531037792,0.0246669567425796,0.015160704353690295,0.019053715176624145
2021-05-20,0.00026573834868414716,False,0.02149661205269668,0.02465410114719654,0.015146584448561203,0.01904011303299806
2021-05-21,-0.0027139022410788334,False,0.02148648343391899,0.02464300059592079,0.01513841048362628,0.019030740569240152
2021-05-24,0.004200694538999657,False,0.021494812693661002,0.024651145144499127,0.015147111216064794,0.01903921353265901
2021-05-25,0.007137789140429843,False,0.021476122246321158,0.024631756070882676,0.015129825776314415,0.01902106661047864
2021-05-26,0.001684515438402536,False,0.02146243321290364,0.02461897777771642,0.015114305152806613,0.019006669029076488
2021-05-27,-0.002949750706768753,False,0.021438801475029034,0.024593132973059515,0.015095124114439355,0.018984759037886836
2021-05-28,0.0035806730456278716,False,0.021448370958112462,0.024602581572726757,0.015104936706210324,0.01899442256721539
2021-06-01,0.00021024040204428116,False,0.02142688912390972,0.02457895456399416,0.015087769033378396,0.01897460966011642
2021-06-02,0.002414433020726898,False,0.021424801246259142,0.02457611575039401,0.015087191363321893,0.01897310600409536
2021-06-03,-0.019213573983194728,False,0.021419447927239998,0.024570716136701747,0.015081931147538724,0.018967788701928764
2021-06-04,0.00989111901082882,False,0.021521603075618866,0.02467973531267113,0.015170282047234264,0.019064603696615043
2021-06-07,0.0036972523073180667,False,0.021502811430774572,0.024662138532826255,0.01514908740890292,0.01904488245720624
2021-06-08,-0.002428134028169905,False,0.021466595328069226,0.02462097732287432,0.015122816413395558,0.01901251360487611
2021-06-09,0.0005283457753793965,False,0.021474051323987997,0.024628571817649478,0.015129993874207832,0.01901986184989068
2021-06-10,0.0005280667735240403,False,0.021469493869110273,0.024622722315104838,0.015128034856919357,0.0190163095968465
2021-06-11,-0.008908706107218346,False,0.02146937249777402,0.024622432967109833,0.015128251303509949,0.019016318909887996
2021-06-14,-0.007163137661542878,False,0.02150207353043823,0.024656628557707477,0.015157946630105423,0.019047857189494796
2021-06-15,-0.005109598315890978,False,0.02152278915359694,0.02467819957127817,0.015176941977258156,0.019067907326361832
2021-06-16,0.0026925164354793135,False,0.02152928098444188,0.02468444024324012,0.015183938913834986,0.019074594556630617
2021-06-17,-0.04718346889536021,False,0.02152060578288673,0.02467462621084429,0.015177554015447415,0.019066805355552423
2021-06-18,-0.003331750148147224,False,0.02187074742202949,0.02506500065620675,0.015446783441613113,0.019385646221808724
2021-06-21,0.007831701368745038,False,0.02187579251370354,0.025070402644920203,0.015451110777505838,0.019390413650694025
2021-06-22,-0.00309153999585223,False,0.02187508771233249,0.025070357709979625,0.015449078918487673,0.019389195478986265
2021-06-23,0.003372115731426366,False,0.021880079442045,0.025075502691897296,0.015453762442627967,0.019394067979817707
2021-06-24,-0.0037663122158099844,False,0.02188890822513331,0.025077813454373734,0.015475699619623902,0.01940796772618229
2021-06-25,0.0005630313834598243,False,0.021841532629577668,0.025030708754795298,0.015427779225058147,0.019360381375915378
2021-06-28,0.0016871946194519283,False,0.02188941282253986,0.025078551743965276,0.015475734238582003,0.019408290513103933
2021-06-29,-0.009485124546020829,False,0.02182709822431992,0.025013748720081067,0.015418424114229137,0.019347911888381267
2021-06-30,0.004527967765016482,False,0.02186608204997028,0.02505422288476701,0.01545441071843795,0.01938573624324001
2021-07-01,0.0028759009759461445,False,0.021842431904962434,0.025031001479211595,0.015429898335342676,0.01936175254267169
2021-07-02,0.0037656085928761485,False,0.02183980659723978,0.025028367401309235,0.015427290665331994,0.01935913405807247
2021-07-06,0.006096058971480818,False,0.021839752179661064,0.025028473343898763,0.015426913747353608,0.019358954881679304
2021-07-07,0.0044506332158106765,False,0.021829108088867847,0.025017402066498665,0.015417128771719494,0.01934864313834624
2021-07-08,-0.001055246787513598,False,0.021823313474636247,0.02501150463124773,0.015411540940881756,0.019342928517972303
2021-07-09,0.005762440859237031,False,0.02181844291341865,0.025006117980421252,0.015407708287686813,0.01933845946997624
2021-07-12,-0.0024892835423589803,False,0.021816913889151596,0.025005128509434794,0.01540509416759736,0.01933651067795538
2021-07-13,0.0021577503670339305,False,0.021819575050337596,0.025007878918807718,0.015407575841718292,0.01933910240482914
2021-07-14,0.008201066475030334,False,0.021808556894605865,0.02499593750938285,0.015398414441864915,0.019328802532430862
2021-07-15,0.0022449022507048935,False,0.021808171665570957,0.024996809386901932,0.015395501045327196,0.01932743928544399
2021-07-16,-0.007631333157156481,False,0.021806015801409194,0.024994587492839507,0.015393477973925554,0.019325334791969948
2021-07-19,-0.003201619485910015,False,0.02182399454270116,0.025013590194479362,0.015409397428144771,0.019342516901028034
2021-07-20,0.0012156445618103438,False,0.021818540447792533,0.025007211230043833,0.015405803338718443,0.019337782346557454
2021-07-21,-0.0044274796393197775,False,0.021808315289755853,0.02499609841249853,0.015397363353081143,0.019328247779888633
2021-07-22,0.0011640986772757504,False,0.021817847554400374,0.025006111351354984,0.015405928933622241,0.01933740608418204
2021-07-23,-0.00199643786451196,False,0.02181397994816118,0.02500198900092938,0.015402573643520103,0.019333736666701528
2021-07-26,-0.001499999314886413,False,0.02181688076220204,0.02500498654020534,0.015405279933401258,0.01933656222935178
2021-07-27,0.0004446939315025321,False,0.021817673772079035,0.025005524811839593,0.015406585247462,0.019337553423363334
2021-07-28,0.0,False,0.021811001838864683,0.024997621063264495,0.015402390618621403,0.019331839831772828
2021-07-29,0.017462614454720644,False,0.0218126662601593,0.024999355326811395,0.015403914580134015,0.01933344991640337
2021-07-30,-0.010209197822209345,False,0.021831033632634667,0.025023033615122335,0.015411601167609076,0.019347685442606795
2021-08-02,0.0030297211452917027,False,0.02183390291843504,0.025024985979764748,0.015416314473923729,0.019351268085083397
2021-08-03,-0.004409907432068376,False,0.021822520429136686,0.02501261870576287,0.015406912485543791,0.019340651749708757
2021-08-04,0.00022097134087597074,False,0.021829963196719957,0.025020348893133707,0.015413777223075204,0.019347870907200186
2021-08-05,-0.002987071836327456,False,0.021827929035505563,0.02501799297511477,0.015412390147101496,0.019346087069977827
2021-08-06,-0.025302169337170947,False,0.02182344291202809,0.025012457846545308,0.015410013678191828,0.019342417063327053
2021-08-09,-0.021014711060311712,False,0.02192230560872161,0.02512272409222108,0.015485942692881954,0.019432407898215952
2021-08-10,0.0031284564647309984,False,0.022015485762700737,0.025223036804193622,0.015564778556575119,0.01952003898418744
2021-08-11,0.012416792738750166,False,0.022018177113629134,0.02522579166358744,0.015567342185602828,0.019522680926082774
2021-08-12,-0.0008001511567647293,False,0.02199421847637181,0.025204403538526873,0.015538213990219523,0.019496722452720723
2021-08-13,0.014868869094078072,False,0.021991400891599847,0.025201175613313313,0.01553622164127681,0.01949422410923903
2021-08-16,0.006569223434738159,False,0.022010288085032133,0.025223722189896436,0.015547749447763817,0.019510264334446345
2021-08-17,-0.0010638733336789578,False,0.02201253378529281,0.025226866938296028,0.0155481870719461,0.01951181058308397
2021-08-18,-0.0019065919740294643,False,0.02201146026448747,0.0252255226800971,0.015547658031223292,0.01951094769361323
2021-08-19,-0.0007861331433283399,False,0.02199492753752001,0.025206181783419056,0.015536772815504677,0.0194965996982267
2021-08-20,0.0004493141932800512,False,0.02199663148620714,0.02520792553973866,0.015538396707045926,0.01949827267692241
2021-08-23,0.012387832917253414,False,0.02199286192315416,0.025203728391755942,0.01553548706021931,0.019494835771221304
2021-08-24,0.0013300957751088253,False,0.021995982109527943,0.025208889207909563,0.015534503335211615,0.01949636836539644
2021-08-25,-0.009683432986547027,False,0.02199857682266539,0.025211311777421683,0.015537444246464095,0.019499097004775343
2021-08-26,0.0022343882098449877,False,0.022003095620272296,0.025214787422538305,0.015544060928469125,0.01950442736593578
2021-08-27,0.013522720423364417,False,0.022001858384189426,0.02521404398300615,0.01554183061794197,0.0195028059604365
2021-08-30,-0.004192402233391118,False,0.02199848457688101,0.025212596457440076,0.015534582864636872,0.019497933522706856
2021-08-31,0.003311261303656005,False,0.02200606871461225,0.025220304620476874,0.015541917575025585,0.0195054211698304
2021-09-01,-0.0010473937325584054,False,0.021983590920774735,0.025195792404562652,0.01552353120825524,0.01948452613865255
2021-09-02,-0.0024297457991778355,False,0.02198242453764214,0.025194316139750386,0.015522988028294866,0.01948360084076825
2021-09-03,0.012199334385803619,False,0.021992254302553468,0.025204327287949465,0.01553245301320231,0.01949328949106122
2021-09-07,-0.019301359933995132,False,0.02199048470480853,0.025204926009020936,0.015525920488520974,0.019489677361900742
2021-09-08,-0.002899725043928858,False,0.0220575272199918,0.02527854314862558,0.015579740773852276,0.019551604876536857
2021-09-09,0.0037346122321662177,False,0.02204359491420138,0.02526249484793913,0.015570063946259219,0.0195393187963492
2021-09-10,-0.00434907227353077,False,0.02204316765272984,0.025262177520695542,0.015569415596017051,0.01953880600700563
2021-09-13,0.0013401970011455836,False,0.022046747621566255,0.025265947510541613,0.01557261341352354,0.01954223814115126
2021-09-14,0.007062031376286556,False,0.02200862268453911,0.025222514657705867,0.01554516322814123,0.019508242716401194
2021-09-15,-0.0068388283782960125,False,0.022008530917431036,0.025222973770723876,0.01554396358578718,0.019507722369352155
2021-09-16,-0.021314620752901005,False,0.022009290948274283,0.025223368021308475,0.015545459237457595,0.019508766974051368
2021-09-17,-0.002968010838533277,False,0.022066218468248175,0.02528699636871358,0.015588910720655026,0.019560481308635445
2021-09-20,0.007063155449170932,False,0.022051479965041025,0.02527022404399848,0.015578262436710991,0.01954732510085071
2021-09-21,0.008027603161512306,False,0.02205634195127463,0.025275950298293364,0.01558138629309449,0.01955151469405879
2021-09-22,0.0003940390072630704,False,0.022059937329276913,0.02528043065867413,0.015583201882674919,0.019554421563477156
2021-09-23,-0.01645707372556822,False,0.02205312617482372,0.025272619273837105,0.015578402291954093,0.01954838857955245
2021-09-24,0.0011437069101939464,False,0.022113331761721634,0.02533764768161593,0.015628908701813854,0.01960484205380276
2021-09-27,0.00017147117355570008,False,0.022115496414701303,0.02533981396346646,0.015631070078970678,0.01960700543953509
2021-09-28,-0.008147357577374788,False,0.022110538393755617,0.02533462077855697,0.015626584996368386,0.019602230374105405
2021-09-29,-0.008272426561606493,False,0.022111571691064143,0.025336834213782126,0.015625244917832046,0.019602345534391583
2021-09-30,0.01944380650125953,False,0.022112666075002396,0.025338197558973725,0.015625798393684144,0.01960323066881688
2021-10-01,0.0009679989072590911,False,0.022141715123667,0.025373221492349794,0.015642831349271677,0.019627631309206032
2021-10-04,0.005222509201740211,False,0.022139029819840603,0.02537021889502606,0.015640784154527018,0.019625192856957525
2021-10-05,-0.0037438217890526193,False,0.02213849083000256,0.02536967905707365,0.015640246870332133,0.019624654526945083
2021-10-06,0.0005113629953223071,False,0.02213747285065059,0.02536832337974094,0.015639908035526787,0.019623899273681408
2021-10-07,-0.001477930901064451,False,0.022180861968656145,0.025411614039897057,0.015683495162153456,0.01966736499103644
2021-10-08,-0.0009105774646536376,False,0.022112968959794675,0.02534048481788852,0.015622110502870294,0.01960198972782202
2021-10-11,-0.000968454449423833,False,0.02213897017601595,0.025366362267479414,0.01564836062621236,0.019628087233403965
2021-10-12,0.00210656414060376,False,0.022140002269073353,0.025366997879325413,0.01565019008279552,0.01962942778539123
2021-10-13,0.019933037412385866,False,0.022126856896183076,0.025352779291787548,0.01563920305232018,0.019617117364151088
2021-10-14,0.0016711234290114187,False,0.022146481770289644,0.025379411864554807,0.015644734740795682,0.01963129030972358
2021-10-15,-0.01655527628627928,False,0.02214557418850664,0.025378416411829467,0.015644003876300584,0.019630451090768518
2021-10-18,-0.001358948308654003,False,0.022184290897862297,0.025422014897036944,0.015672902844252087,0.019665369821022592
2021-10-19,0.0027726159189181846,False,0.02219315728356145,0.02542978886489519,0.015683966191916088,0.01967508609828906
2021-10-20,0.008104059610460861,False,0.022197606876970644,0.02543433068665948,0.015688230304842767,0.01967946393884112
2021-10-21,-0.0016268056619152453,False,0.0221830438784636,0.02542073767387317,0.015671716567657642,0.01966414629989011
2021-10-22,0.00799626763164088,False,0.02220303172422585,0.025440003645863227,0.0156931561740572,0.019684695757160954
2021-10-25,0.005830920310793144,False,0.02218176340577467,0.025419501259566914,0.015670347489137385,0.01966283155016313
2021-10-26,-0.0073916189533362806,False,0.022183661233289752,0.025421997620891625,0.015671041605064093,0.019664263723586425
2021-10-27,0.0028964946878651475,False,0.022187667181772914,0.025426040816998764,0.015674972644835503,0.01966824069374249
2021-10-28,0.002055814682588965,False,0.022175614212282143,0.025412547279900593,0.01566581680144678,0.019657308473305626
2021-10-29,-0.010377806530908187,False,0.02217290010315292,0.02540943536788396,0.015663902713866463,0.019654903851358686
2021-11-01,0.006763378213492534,False,0.022185180585540254,0.025423101084902644,0.01567339735032243,0.019666106633265637
2021-11-02,-0.003571645375540873,False,0.02218814981039073,0.025426760590581174,0.01567497835111842,0.01966853882564294
2021-11-03,-0.014131911060620329,False,0.022176589917763063,0.025413300085067248,0.015667240781840515,0.019658457593289998
2021-11-04,0.01653303396466099,False,0.02221668828986429,0.025456789335236544,0.0157005197576778,0.019695917891782475
2021-11-05,0.012966339059569584,False,0.0222327418900284,0.025477520662225056,0.015707165979519908,0.01970833226121145
2021-11-08,0.006037671259816749,False,0.022246627768560172,0.025493993305433008,0.015715849614557693,0.01972020565935103
2021-11-09,0.0015310188776383894,False,0.02230268548429734,0.02555064388835579,0.01577071501485639,0.01977580212958056
2021-11-10,0.009462262540359543,False,0.0222222083200817,0.025466966625340447,0.015696673570640373,0.019697814614364213
2021-11-11,0.00840792702102028,False,0.022261600876323277,0.02550263296874171,0.01574355991504296,0.019740106131747214
2021-11-12,0.002519404872046127,False,0.022190140128524,0.02543218194028834,0.015670068520255827,0.01966785983108959
2021-11-15,-0.0009641397790914904,False,0.022179263549638558,0.025420379094519427,0.01566105475707703,0.01965770387977343
2021-11-16,-0.006720997509486058,False,0.022178903692410636,0.025419682442516835,0.015661372227957646,0.01965760604594735
2021-11-17,0.008648283108735699,False,0.02218723693408076,0.02542839477818275,0.015668943073538413,0.019665644355789946
2021-11-18,-0.004663986413490948,False,0.02218704419896577,0.025429465691594613,0.015666209014356336,0.019664468513125085
2021-11-19,-0.005279926579310966,False,0.02218496638398609,0.025425907827559713,0.015667107726634488,0.0196635421634219
2021-11-22,-0.02471959608600904,False,0.02218886331079392,0.025429296194640932,0.015672027418115676,0.01966783474526844
2021-11-23,-0.012536729177984571,False,0.02227540901603193,0.02552642800902876,0.01573728339493028,0.01974614454977309
2021-11-24,0.0003363468974658657,False,0.022307496882704288,0.02556100254922196,0.015764370311471942,0.019776297806100504
2021-11-26,0.0006724229725988722,False,0.02228352892371518,0.025535007189005178,0.015744479659917675,0.019753907147611667
2021-11-29,-0.00168180324307445,False,0.022284470353757,0.025535954789761943,0.015745408680032144,0.01975484377689099
2021-11-30,-0.0048933268890934195,False,0.022257606528054762,0.02550697357297308,0.01572280314040672,0.019729627263015626
2021-12-01,0.00450045770286688,False,0.022249172797129423,0.02549862193398217,0.015714204314358615,0.019721129665280168
2021-12-02,-0.011800393739534874,False,0.022253597651696395,0.02550332671152359,0.01571806621571765,0.019725336742210626
2021-12-03,0.012024899530579426,False,0.022283642964307415,0.02553539915149766,0.015744034771663102,0.019753804967385682
2021-12-06,-0.0025284463533586377,False,0.022282416028898064,0.02553631340121886,0.01573850169796549,0.019750912208590474
2021-12-07,0.0028650763234604835,False,0.022282324837070787,0.02553571350695806,0.01573943355780949,0.019751216782826632
2021-12-08,0.0004487093895392277,False,0.02228574262476231,0.02553926874440803,0.015742574920235813,0.019754527635803015
2021-12-09,-0.004946636746660119,False,0.02228792364545958,0.025540912320362878,0.0157458367962735,0.019757126783829754
2021-12-10,0.004666234090444804,False,0.022283893947318938,0.025537257124080354,0.015741053937293446,0.019752805726504705
2021-12-13,0.001905203055442121,False,0.02229295790876636,0.02554647597310125,0.015749806404278748,0.019761749186768738
2021-12-14,-0.008940945262643642,False,0.02229545777188098,0.02554903608374683,0.015752185103559323,0.019764202177828923
2021-12-15,-0.00441554571258348,False,0.022298294149006238,0.025552730266111028,0.015753296348219117,0.01976637118994816
2021-12-16,0.019105998391674383,False,0.022297908825942254,0.025552035869382903,0.015753532603326997,0.019766226323503427
2021-12-17,0.003999601595126616,False,0.022346724427184318,0.02560717984808144,0.015789621202088513,0.01981011850219268
2021-12-20,-0.0056150794682417494,False,0.02236881705700752,0.025629071488700167,0.015812118041382696,0.01983236749986672
2021-12-21,-0.0032387379200195265,False,0.022366857049472957,0.025626431171270964,0.015811526205354375,0.01983093676750597
2021-12-22,0.007633384981113123,False,0.02236688295370167,0.025626198485600254,0.01581207215983516,0.0198311638524246
2021-12-23,0.005314436655823481,False,0.022345224252830483,0.025605497093317393,0.015788488215272022,0.019808760373808056
2021-12-27,-0.0017130253953705572,False,0.022347090407945563,0.025607810836463525,0.015789454225915534,0.01981027830933263
2021-12-28,0.00116075276468448,False,0.02234797429261922,0.025608740706681583,0.01579024562904212,0.019811126417653195
2021-12-29,-0.0028213310498175362,False,0.022347390867741217,0.02560812300433425,0.01578973113959664,0.019810569660347836
2021-12-30,0.004201441162821637,False,0.022344653203658617,0.025604920866559234,0.015787927578746072,0.019808193352753245
2021-12-31,0.00813149309174338,False,0.022344284506240458,0.02560462012908801,0.015787422207050948,0.019807771783088172
2022-01-03,-0.015495623073024625,False,0.022348943991714644,0.025610371703170976,0.01578988539267916,0.019811581633134775
2022-01-04,0.00808106212417286,False,0.022416179611417644,0.0256803463620321,0.01585161252961552,0.019876686304224657
2022-01-05,0.005826419855790741,False,0.022380070543244972,0.025645393097826263,0.015813179023614333,0.019839678030630678
2022-01-06,-0.019871699829780404,False,0.02238154150473498,0.02564739775719529,0.015813576665082443,0.019840733779818317
2022-01-07,0.0046295360824668225,False,0.02245177307890682,0.02572303226418717,0.015872942398859044,0.019906761919305602
2022-01-10,0.0007787864912479449,False,0.022460694013735447,0.0257320694158524,0.015881629609960243,0.01991559243844739
2022-01-11,0.011169566592358682,False,0.02245997735060461,0.025731332154494208,0.015880954371932838,0.019914891800558065
2022-01-12,0.004717752871602087,False,0.022436127573118178,0.02570947155143004,0.015853104164955504,0.019889494462693096
2022-01-13,-0.0032891160891035777,False,0.022411318516011178,0.025681222179992098,0.01583521392540086,0.019867361940176867
2022-01-14,-0.0025840249884074937,False,0.022412908466705,0.025682676072174646,0.015837077503422135,0.01986905774320765
2022-01-18,-0.002314788905823573,False,0.022405254373226224,0.025673980475225684,0.015831517977996493,0.01986221393035913
2022-01-19,0.016852139555948425,False,0.022431544355487772,0.025697597221949458,0.01586318410533698,0.019890583666590182
2022-01-20,-0.0003255782478899052,False,0.022412221661839184,0.025683102578523204,0.01583415171791958,0.019867504791911902
2022-01-21,-0.00582422843878814,False,0.022410868077464605,0.025681489139586025,0.015833320727161693,0.019866353372124175
2022-01-24,0.005389914964327385,False,0.022410183149741764,0.025680298781291556,0.01583365227106734,0.019866061664984707
2022-01-25,0.005954976611818967,False,0.022410766054938185,0.025681341206963908,0.01583331103444743,0.019866287067252422
2022-01-26,-0.01238267432546163,False,0.022407688071860908,0.025678278613250186,0.015830202101814843,0.019863197111384314
2022-01-27,-0.02020380869292505,False,0.02241708697505252,0.025688064952629822,0.015838821831930902,0.019872294592595485
2022-01-28,-0.004695120268889005,False,0.022485173747441117,0.02576313566714601,0.01589286319546182,0.01993494791882588
2022-01-31,0.005642617008805025,False,0.02247857677713935,0.025756724261316772,0.01588589303637377,0.01992820658098041
2022-02-01,0.002948322863412963,False,0.022487960687836654,0.02576558467472829,0.015896329752675756,0.019937997768007372
2022-02-02,0.0049313868291021275,False,0.0224934193716307,0.025771099294445474,0.01590167594371199,0.019943412934140314
2022-02-03,-0.0034327874115770577,False,0.022424013190454173,0.025695131191363497,0.015845466446352485,0.019879111871064167
2022-02-04,0.0019946679986083213,False,0.022466900679149252,0.02573814871790869,0.015888092415874227,0.019921898191444243
2022-02-07,0.007719491459363494,False,0.022469493482577096,0.025740811317044164,0.01589054485312602,0.019924436694419338
2022-02-08,0.003290198230438897,False,0.022385006739854347,0.025651147959582107,0.01581646880241417,0.019843977312885144
2022-02-09,0.004697138876945588,False,0.02238556677651408,0.025651899200294256,0.015816644308526213,0.019844388594457134
2022-02-10,0.0005447513489833872,False,0.02238673582296317,0.025653447095732012,0.015817051451619872,0.019845262899692108
2022-02-11,0.002502094128990784,False,0.022385960107310306,0.025652576293408696,0.015816466964808668,0.019844561160640817
2022-02-14,0.014668053542140463,False,0.022385550992964885,0.02565224625489348,0.015815898821028913,0.019844090525988102
2022-02-15,-0.007091439946204802,False,0.022387286200255485,0.02565516391542935,0.015815255996116294,0.01984490579495084
2022-02-16,0.008268451050258554,False,0.022397669797105058,0.025666437183501215,0.015823850374808303,0.019854597235336835
2022-02-17,0.016176862774401283,False,0.02239051451220285,0.025658615615933647,0.015818035051245804,0.019847960312546205
2022-02-18,-0.0011054540785267234,False,0.022385685092087156,0.02565530738638173,0.01581014636416766,0.01984194741941862
2022-02-22,0.003942497337925904,False,0.02238684818421909,0.025656383477063307,0.015811484424951838,0.019843178197921307
2022-02-23,0.0016250236299235957,False,0.022366596539239274,0.025634172268101687,0.015795173659894055,0.019824451076655203
2022-02-24,0.008293621186042321,False,0.022362109111826338,0.025629050534555293,0.01579196188580449,0.019820457133890475
2022-02-25,-0.020254641338242927,False,0.022359441987337757,0.025627107555017882,0.015787838433109644,0.01981722663093584
2022-02-28,0.006814799258052393,False,0.022429397374100588,0.02570414858484089,0.015843543880227844,0.01988166944910054
2022-03-01,0.022386274771780384,False,0.022430108386276272,0.025705647373193648,0.015842670595412923,0.019881767578270516
2022-03-02,-0.011130495531632012,False,0.022461145854406374,0.02574492937549467,0.015857127477513517,0.01990639087061011
2022-03-03,0.007003374578962224,False,0.022492937673894747,0.025778988529793018,0.015884359459041965,0.019936418723360563
2022-03-04,0.015745908688366016,False,0.02248730969264051,0.025773523435747705,0.015878403895255504,0.019930664017276226
2022-03-07,0.014549409887336044,False,0.02249457003372908,0.02578461514434747,0.015877958971581636,0.019934943587805135
2022-03-08,0.02290628222036198,False,0.022492532318404302,0.025786050511180162,0.01586893653931522,0.01993020384480589
2022-03-09,-0.026926590113771492,False,0.02250198978043899,0.025804035968223806,0.01586124334711357,0.019933026600986496
2022-03-10,0.00612449262362708,False,0.02264442831407667,0.025958399799794113,0.015979698909221216,0.020066187356679616
2022-03-11,-0.007737189270018103,False,0.0226337617408871,0.025948131507111356,0.01596823135394218,0.020055210924724034
2022-03-14,-0.011719169211707079,False,0.022616629745808223,0.02592738795965392,0.01595836255332296,0.020040888685945803
2022-03-15,-0.015997859657440116,False,0.022652957543418794,0.025965768079073453,0.01599056292570753,0.02007561979506089
2022-03-16,-0.010686925640050688,False,0.022697573766095984,0.02601332873502246,0.016029257597432366,0.020117945274293107
2022-03-17,0.017714276252213116,False,0.022702007833210372,0.026016437451983367,0.01603635707678029,0.020123410452285585
2022-03-18,-0.007182949353329375,False,0.022723261400809602,0.02604320030801511,0.01604653091216872,0.020140377841459913
2022-03-21,0.00020743851021229863,False,0.022711444123258255,0.026028927501451644,0.016039651950013886,0.02013047094409693
2022-03-22,-0.0041046609285686,False,0.022705633159542684,0.02602210911087947,0.016035867022859994,0.020125443749702994
2022-03-23,0.008244168082008863,False,0.022711663796267764,0.026028413398407738,0.01604134732034332,0.020131261488486176
2022-03-24,0.012826608725129677,False,0.022701839896780214,0.026018180668220217,0.016032345620443006,0.020121755655723054
2022-03-25,-0.0039842350856928496,False,0.02269826038797561,0.02601700543563788,0.01602393087074844,0.02011630564095428
2022-03-28,-0.007294465566171451,False,0.022707536619216692,0.026026439592854278,0.01603288949699624,0.020125459007161804
2022-03-29,-0.014331939032686845,False,0.02272084387021246,0.026040567211922647,0.016044546905427018,0.020138128018940958
2022-03-30,0.011182017436005276,False,0.022750383647415846,0.026071928693385475,0.016070423052452185,0.020166250526094134
2022-03-31,0.00808717487165785,False,0.022729073255324805,0.02604915093197568,0.01605206368739582,0.020146081734555045
2022-04-01,-0.01556269351642906,False,0.022724397601658536,0.026045356050499974,0.016045616712418328,0.020140720847794395
2022-04-04,0.0052490704821981215,False,0.022771835513357798,0.026097026966387826,0.016084541627669622,0.02018486551909648
2022-04-05,-0.003270908031756635,False,0.022769660732635665,0.026095197411190083,0.01608167256375477,0.02018242215592264
2022-04-06,-0.0023429578535094993,False,0.022773709658006853,0.02609943659265223,0.016085338865023918,0.020186323063711833
2022-04-07,0.007995486299766241,False,0.022777586982835184,0.026103226653000147,0.016089391687484363,0.02019026827954602
2022-04-08,0.004025358538914772,False,0.02276959248162452,0.02609509322935188,0.016081676573244552,0.02018238185878206
2022-04-11,0.0013896773770587837,False,0.022754739627027815,0.026078246216223164,0.01607083417168387,0.02016908044215786
2022-04-12,0.014196912221042192,False,0.022747169600389777,0.02607004595834556,0.016064531603348448,0.02016200072993607
2022-04-13,0.004502815262256247,False,0.02274790282154377,0.02607307786138843,0.016060641944419377,0.02016094559659774
2022-04-14,-0.0051114641128363805,False,0.022745469491330755,0.0260707165303191,0.016058063816699164,0.020158456251677916
2022-04-18,0.006070128331346491,False,0.022752593810839918,0.02607804731942872,0.01606477290511074,0.020165419939635883
2022-04-19,-0.013812271285541397,False,0.02275041751299578,0.02607638727872034,0.016061558362330586,0.020162841998235762
2022-04-20,-0.001739970932198888,False,0.022782841366061072,0.02611016678705643,0.01609125585652856,0.020194211163305595
2022-04-21,-0.0037976152973985644,False,0.022786075775854134,0.026113554322155116,0.016094182315957103,0.02019732644294431
2022-04-22,-0.007172570973407727,False,0.02278543719829718,0.026112652478593457,0.01609407319276945,0.020196892684046463
2022-04-25,-0.019769510187740744,False,0.022797752784855962,0.026125851350729364,0.01610461240334428,0.020208521082118014
2022-04-26,0.0043219765242018485,False,0.02288175787807452,0.02621653311504712,0.016175190040595522,0.0202873317833627
2022-04-27,-0.008185296301079753,False,0.022886947510506517,0.026221993239967354,0.01617983568547425,0.02029231097499434
2022-04-28,0.0014835623851351678,False,0.0228860748190884,0.026222330752369356,0.016176529152660518,0.02029049675554278
2022-04-29,0.010847972444223454,False,0.02288878258297077,0.0262242923877833,0.016180737455809672,0.0202937850008762
2022-05-02,-0.02519292038456543,False,0.022872342860917525,0.02620987440849262,0.016160231806063095,0.02027577238055928
2022-05-03,0.0037527518532821575,False,0.022958260360182097,0.026306599460921395,0.016224414230756733,0.020353281697575665
2022-05-04,-0.0009636752202483986,False,0.022902938021160252,0.0262432502979588,0.01618523464063181,0.020304204157681107
2022-05-05,0.003742319256644968,False,0.022902932488328014,0.026243266754642502,0.01618518488467512,0.02030418151719696
2022-05-06,0.003834661316685816,False,0.022905014455550866,0.026245487808813757,0.01618698713407937,0.020306155275985133
2022-05-09,-0.01289372706238319,False,0.022893781043502034,0.026234422761749202,0.01617541512314207,0.020294790877444676
2022-05-10,-0.009304882483388956,False,0.022899990215963437,0.02624356693318457,0.016175721717971388,0.02029871664626269
2022-05-11,0.006878809072376239,False,0.022932745063407575,0.026277805167184032,0.01620549332610986,0.020330317431884307
2022-05-12,-0.015667781369351385,False,0.022910487051949372,0.02625623879528323,0.01618184435805604,0.020307521330873334
2022-05-13,-0.009032901296614637,False,0.022949965627766487,0.02629810829008805,0.01621651455572305,0.020345139792538446
2022-05-16,0.003369317747265814,False,0.02295457378693352,0.026304105658081983,0.016218328876452418,0.02034866715933556
2022-05-17,0.0025882941096002548,False,0.02295573184716952,0.0263051419654455,0.01621973179393986,0.020349919942246112
2022-05-18,-0.0012657478221988101,False,0.02295785670741383,0.02630733937235211,0.016221710755562068,0.0203519883618189
2022-05-19,0.013836280412998598,False,0.02295700769643895,0.02630646776370728,0.016220907190770417,0.02035115693163445
2022-05-20,0.00032587437499885286,False,0.022984818555751685,0.02633712129819677,0.01624300114487724,0.020376756214414055
2022-05-23,0.003252387863293797,False,0.022984723392051067,0.026336949844649692,0.016243059407717923,0.020376720403549643
2022-05-24,0.009318889191803246,False,0.02298628430850849,0.026338574539710433,0.016244492059000228,0.020378231700809078
2022-05-25,-0.010185211745308747,False,0.022971925129308714,0.02632568155151561,0.016227184222473136,0.020362731837775223
2022-05-26,0.0006498122657287857,False,0.023008836724918737,0.026364361751657253,0.0162605389767892,0.02039826747446089
2022-05-27,0.0021088629963046065,False,0.023009148029833646,0.026364652076170794,0.01626089247539784,0.02039859510194536
2022-05-31,-0.004656260527504244,False,0.02301054623518956,0.02636612386476336,0.01626214269747654,0.020399936060183924
2022-06-01,0.00032560914897010034,False,0.02301001524433716,0.0263657271246727,0.016261341714862522,0.020399300623407966
2022-06-02,0.0125075493629948,False,0.02301008369771934,0.02636579171861543,0.01626141792996496,0.020399372079400433
2022-06-03,-0.011368949980497233,False,0.023002934113103567,0.026360944137680052,0.01624963878480983,0.020390431555967457
2022-06-06,-0.003365401473737211,False,0.022978478017303544,0.02632912537149645,0.01623998975841738,0.020371703553610777
2022-06-07,0.004502705921952788,False,0.022977604936188365,0.026328450034360837,0.016238718994304336,0.020370676629401473
2022-06-08,0.0023787784288539122,False,0.022983127121130868,0.02633427953688202,0.01624362313273918,0.020375959723943928
2022-06-09,-0.001675345880327806,False,0.022984145528080747,0.026335063554643757,0.01624511291988081,0.020377160483641087
2022-06-10,0.012203441973600668,False,0.02298256266331289,0.02633324222032302,0.016244009641327883,0.020375763146108748
2022-06-13,-0.02351777533038834,False,0.023008072110422773,0.02636127838835247,0.01626443759896718,0.020399306826346223
2022-06-14,-0.01017190901029815,False,0.02305705068535863,0.026419575448885072,0.01629467576372359,0.020441035700634387
2022-06-15,0.00320020619069026,False,0.023053152823826147,0.02641638795464474,0.016289349282240486,0.020436585179534575
2022-06-16,0.016607812663686532,False,0.023056555050164487,0.026419685619947727,0.016292961791319623,0.020440068753447893
2022-06-17,-0.0054871926378130915,False,0.023104547702793254,0.026471905184514682,0.016332453699627682,0.020484772905397238
2022-06-21,-0.0005449294523729552,False,0.023101895164713306,0.026469718940203196,0.016328863397960046,0.02048175759482598
2022-06-22,-0.00016349682819621488,False,0.02309164854343751,0.026457662323010448,0.016322256860210126,0.020472919134611894
2022-06-23,-0.004699515565206118,False,0.023080693600087236,0.026445511035772497,0.016313707884539667,0.020462894936388306
2022-06-24,0.0004381188607517011,False,0.023076170585958674,0.026441165006495224,0.01630882893610459,0.020458234229586654
2022-06-27,-0.003070669489849738,False,0.023076078338740556,0.026440877183662566,0.01630913001108455,0.020458294138493552
2022-06-28,-0.001868967337812985,False,0.023073264012778028,0.026438175941950637,0.01630608826133957,0.02045539183396881
2022-06-29,-0.0020929997061283,False,0.023069493899502757,0.02643410747563382,0.01630291816598769,0.020451853836761763
2022-06-30,-0.0053070917753330026,False,0.02305732857979677,0.026420337245766645,0.01629398048176062,0.02044093712318542
2022-07-01,-0.002886458385910953,False,0.023053006695371105,0.02641648645427681,0.016288711182139815,0.02043624873255802
2022-07-05,-0.02083933914969923,False,0.02304713051064482,0.026410253243004788,0.01628355301364509,0.020430650311375278
2022-07-06,-0.015386252486003978,False,0.02306391607418857,0.026434373137330235,0.01628558850156616,0.020441729829439162
2022-07-07,0.0017277129141139384,False,0.0230459915864825,0.026418357478389037,0.0162638251675535,0.02042232028957635
2022-07-08,0.0015523655104664287,False,0.023049835077597166,0.02642225339329552,0.016267563229159097,0.0204261229954375
2022-07-11,-0.006108458837354837,False,0.02305072420890154,0.02642290637337951,0.01626892728427897,0.02042719585033489
2022-07-12,-0.003880322870210738,False,0.023040571087479454,0.026412977019025806,0.016258324144814526,0.020416868640082204
2022-07-13,0.0063050981654516405,False,0.023028853897374864,0.026400972245167572,0.016247185314514034,0.020405375187633634
2022-07-14,-0.017274371209107783,False,0.02304817928936184,0.02642099253199799,0.016265113203198296,0.02042415995748364
2022-07-15,-0.0012327780896654707,False,0.023043174313800617,0.02642065180702253,0.016250727951384093,0.020415526235583594
2022-07-18,0.003986361713753098,False,0.023033541540515966,0.02641039431010501,0.016242351560051972,0.020406379491845136
2022-07-19,0.0004679742946601952,False,0.02304188864378089,0.02641878134043175,0.016250618365986628,0.020414695532203663
2022-07-20,-0.006159280360534849,False,0.02304160381409614,0.026418402715771384,0.016250522167415536,0.02041448367419316
2022-07-21,0.007736953992708003,False,0.023031646697005595,0.02640901955969594,0.016239410757093727,0.020404080020430992
2022-07-22,0.008372643085123987,False,0.023050797011156827,0.026428614116622777,0.016257667654417978,0.020422884717571328
2022-07-25,-0.004700960831153482,False,0.02307055360230397,0.0264485925731139,0.01627697805208148,0.020442468699412894
2022-07-26,-0.000756568166326809,False,0.023062130469589798,0.026440525086001244,0.01626783968035322,0.020433768877517747
2022-07-27,0.0008147256292718839,False,0.0230544208289477,0.026432212889637832,0.016261341839767705,0.020426528019979698
2022-07-28,0.017986345847998488,False,0.02305648808058455,0.026434282099583286,0.016263405153049314,0.020428593748069504
2022-07-29,0.007172964446712137,False,0.02313856432936587,0.026521755757344962,0.016334626670431635,0.02050647085966544
2022-08-01,0.003454221019280375,False,0.02316070920670246,0.026544675882660004,0.01635521244624297,0.020528012600825755
2022-08-02,0.001186393518112395,False,0.02317037736419437,0.026554512241264067,0.01636454233440972,0.02053754989931713
2022-08-03,-0.007424009432775246,False,0.02313652678704553,0.026515182613993528,0.01634171067719248,0.02050796197545069
2022-08-04,0.01720048045395003,False,0.02312395504544992,0.026503538067564017,0.01632727425302065,0.020494668884089996
2022-08-05,-0.008760642024044224,False,0.023180323382221084,0.02656120318267345,0.016381034638347485,0.0205500283386065
2022-08-08,0.007809700130070115,False,0.02316557470106079,0.02654764992927228,0.016363881831933852,0.02053434962505954
2022-08-09,0.004021425813643075,False,0.023194407189829985,0.026577448830462636,0.016390770768289202,0.020562430253380722
2022-08-10,0.0008914506924313416,False,0.02319896762191992,0.026581458341333984,0.016396439158266236,0.020567419297381213
2022-08-11,-0.003291233570665182,False,0.023199091049979748,0.02658141510270087,0.01639689776978014,0.020567672390676802
2022-08-12,0.004960590165981755,False,0.023191729691840746,0.026574232383005044,0.0163891771517953,0.020560172053384618
2022-08-15,-0.009608985203734186,False,0.02319942528063388,0.026580791987578213,0.016399157318915943,0.020568751428008587
2022-08-16,-0.0046137893685845414,False,0.023157384182113532,0.02653676900029088,0.016361101997702198,0.020528252221690413
2022-08-17,-0.007301519543719817,False,0.023148138119388074,0.026527871994628617,0.016351153946174753,0.02051873459560942
2022-08-18,-0.002844466510612898,False,0.02313465731256657,0.02651517764874452,0.016336091487441678,0.02050464192902722
2022-08-19,-0.00439640617260913,False,0.02312677585243877,0.02650726044040998,0.01632828192054701,0.02049678828069296
2022-08-22,-0.00781252576674173,False,0.023109531028626496,0.026489371717159364,0.01631233204315748,0.020480044405036563
2022-08-23,0.007354692223817934,False,0.02309434673611388,0.026475269579079322,0.0162949714294247,0.02046401820579894
2022-08-24,0.0005723115660449006,False,0.023113806209914396,0.026494504125499807,0.01631488325477081,0.020483652671142417
2022-08-25,0.005648226308946638,False,0.023115665762333235,0.026496366982736018,0.016316736160870097,0.020485509652442127
2022-08-26,-0.012364904253983925,False,0.02313605592754548,0.026517285192191375,0.016336064376089914,0.020505489003831503
2022-08-29,0.0002879603826907875,False,0.023114153524586595,0.026497594858130396,0.016309713280469377,0.02048186563053303
2022-08-30,-0.007746165501607033,False,0.02311446776727879,0.02649783841018164,0.01631016968913838,0.0204822348699283
2022-08-31,-0.006053512283144235,False,0.02309428028768624,0.026478368316630564,0.016288539474185605,0.020461489270242578
2022-09-01,-0.009503252799611197,False,0.023079139012703996,0.02646347850120255,0.01627289248879142,0.020446152361916884
2022-09-02,0.0077501991662910705,False,0.023056207420444442,0.026441888849359035,0.016247262119614532,0.02042217675169944
2022-09-06,-0.0055129013074622065,False,0.023078739268306652,0.026464424052942834,0.0162697872187837,0.02044470598883948
2022-09-07,0.00872448903953951,False,0.02306465111856151,0.026450801463560422,0.016254762780403418,0.02043025563718629
2022-09-08,-0.004264925533494193,False,0.023098917386737146,0.026486012046715704,0.01628712993633883,0.020463787236530983
2022-09-09,0.004789420573202699,False,0.023087259435801248,0.026474555745160635,0.016275066448250997,0.020451972404132785
2022-09-12,0.0069100090105372255,False,0.02310615839594272,0.026493774017335603,0.016293323239831854,0.020470622942292814
2022-09-13,-0.013457414214637989,False,0.02311972100274166,0.026506422181931263,0.016308724881718296,0.02048489697716282
2022-09-14,-0.004997805493332346,False,0.02309499486579333,0.026484645543488883,0.01627806700712318,0.020457876156061473
2022-09-15,-0.018501955762987212,False,0.023080704964115354,0.026470906916033,0.016262668437632608,0.02044315736783928
2022-09-16,0.003775694038622129,False,0.023045447533153487,0.026440799288004583,0.01621705423589352,0.020403893435040336
2022-09-19,-0.003295488264191871,False,0.023036595560089034,0.026429815477375447,0.016212489602223795,0.020396700013036884
2022-09-20,-0.0039087215289053045,False,0.02302617031673924,0.0264190473224449,0.016202753988493735,0.0203865415519108
2022-09-21,0.002948005938547933,False,0.023005417433446744,0.026398063568677854,0.016182465408906655,0.020365968283837053
2022-09-22,0.0037177432020477504,False,0.023012750907706957,0.026403495143713963,0.016193623793471185,0.020374781419131634
2022-09-23,-0.015379814777475905,False,0.02302096877708519,0.026411450547521052,0.016202369507466466,0.020383203484438638
2022-09-26,-0.013461623673598822,False,0.022988036514744657,0.026382528998982364,0.016161371296965293,0.020347150921686076
2022-09-27,0.0020922483593887654,False,0.02296042214440285,0.026358086120381652,0.016127378738291082,0.020317069158387456
2022-09-28,0.020505159126874725,False,0.022920884313809852,0.026314296036028,0.016096392616968262,0.020280839544191073
2022-09-29,-0.0011449724954999327,False,0.023051640974049648,0.0264519005818738,0.016213377491676388,0.020406268609061674
2022-09-30,0.002348776643889567,False,0.023047343448335676,0.026447637300226454,0.016209011097706068,0.020401944441762066
2022-10-03,0.01818069303365146,False,0.022998762990611963,0.026387278675363852,0.016184117716713152,0.02036252729550661
2022-10-04,0.016520558026136455,False,0.023094145156642085,0.02648744111550072,0.01626988627153998,0.02045419044990893
2022-10-05,-0.005651843841279974,False,0.023183663985523247,0.026580894380250634,0.016351492554842816,0.020540648321945774
2022-10-06,0.00017523692601385205,False,0.023167525582414396,0.026565415371299413,0.01633402804387496,0.02052399691592438
2022-10-07,-0.006564674728268202,False,0.023163791513437795,0.02656134042800569,0.01633097950737638,0.020520528044198124
2022-10-10,-0.01971674459509101,False,0.023145796067943713,0.02654410111612067,0.016311463401273114,0.020501944333340707
2022-10-11,0.006814074389340839,False,0.02311579613981446,0.026520686581015432,0.016268219586550732,0.020466821026785216
2022-10-12,-0.005016375012451831,False,0.02313991732827486,0.02654508901100246,0.016291775170062372,0.02049072341178699
2022-10-13,-0.00017965381824740632,False,0.023123036028261153,0.026527545490113724,0.016276225662720186,0.02047435731384735
2022-10-14,-0.01709136585274509,False,0.02311289044682037,0.026516743053130648,0.016267401083728067,0.02046472276029848
2022-10-17,0.009276477868507263,False,0.02308158343129615,0.02649049923501767,0.016225911469827638,0.020429476621279297
2022-10-18,-0.004839694866963967,False,0.023127811614085184,0.02653806192136642,0.01626945583196412,0.0204746665719199
2022-10-19,-0.013123948476874548,False,0.023096089327433053,0.026505632025450015,0.01623915661859161,0.020443494799113417
2022-10-20,0.00202562680358335,False,0.023059802407871557,0.026472180610031596,0.016197167215492945,0.020405001882020546
2022-10-21,0.012310443033820328,False,0.023043767802776182,0.0264544225004338,0.016184598751004448,0.02039030814841955
2022-10-24,-0.0013940959691325695,False,0.023094723585968032,0.02650262165110166,0.016241098398988203,0.02044340856770996
2022-10-25,0.0024837799570480903,False,0.023079696495692,0.026487061857768904,0.01622714262804653,0.020428795915773207
2022-10-26,0.006753493473110318,False,0.023086848128024848,0.02649416996762394,0.01623438178845224,0.020435981408214798
2022-10-27,-0.001985171570581598,False,0.02310786567113636,0.02651513019692023,0.016255514595400887,0.020457043540975457
2022-10-28,-0.012786876070645195,False,0.023100580748444982,0.026507929996306606,0.01624805928810443,0.020449692705245354
2022-10-31,-0.002259168215868315,False,0.023060021352808224,0.026469906668503317,0.016202399605414728,0.020407160270918566
2022-11-01,0.005547257675413403,False,0.023004979996164975,0.026410924453536645,0.016155283710551006,0.02035518486773344
2022-11-02,0.0004254117317392756,False,0.02302148583645062,0.026427209332306356,0.016172233926631335,0.020371862614154305
2022-11-03,-0.011243566259035888,False,0.023017678493971936,0.02642314881119268,0.016168935751808628,0.02036825224244894
2022-11-04,0.02739728333020796,False,0.022983296179884243,0.026390739743915433,0.016130585040256665,0.020332334759526016
2022-11-07,0.0023887739038996633,False,0.023195952594912684,0.02661544022555719,0.016319019628012976,0.02053562099561058
2022-11-08,0.02101238604477114,False,0.023209034944604724,0.02662825603745206,0.016332638011977485,0.020548910709387778
2022-11-09,-0.0011688389084410285,False,0.023352232116200824,0.02677874483526882,0.016461170991111,0.02068643505928062
2022-11-10,0.023235395651179536,False,0.023341498084508604,0.026767571399636494,0.01645132064486171,0.020676042880027414
2022-11-11,0.008929872470112414,False,0.02350535112555592,0.026940083595241464,0.016597759256650874,0.020833159174233912
2022-11-14,0.004294263372937783,False,0.023548840189700767,0.02698424935559309,0.016639887416778607,0.020876121774622634
2022-11-15,0.00011279993292139435,False,0.02356836862429181,0.02700399040974939,0.016658988252075353,0.02089548479304343
2022-11-16,-0.0004511383955566457,False,0.023560471124170652,0.026994526189730722,0.01665424158297828,0.02088880618735934
2022-11-17,-0.006904748131308381,False,0.023552668510362886,0.02698611533324141,0.01664766220627514,0.020881476781061163
2022-11-18,-0.005067351765360675,False,0.02352816728459688,0.02696238540187905,0.016621609830019767,0.020856375494965645
2022-11-21,-0.008311170299651035,False,0.02350467719729504,0.0269389290904344,0.016598051816077777,0.020832859130341035
2022-11-22,0.0005178953391911294,False,0.02346712566865665,0.026901104631123714,0.016561049178425626,0.02079551993938898
2022-11-23,0.0037896091787737837,False,0.023469004773717418,0.02690274883388787,0.016563400695590796,0.020797581796390952
2022-11-25,0.004802492929499426,False,0.023484466904021256,0.026918112034100203,0.01657906178424195,0.020813120893444483
2022-11-28,-0.007557185534083681,False,0.023506428055638417,0.026940024168884975,0.016601121513630693,0.020835120179730396
2022-11-29,0.004758529161550502,False,0.023476256212599758,0.026910491673311714,0.016569663878643944,0.020804450929931183
2022-11-30,-0.001373640553271435,False,0.023498506646295134,0.026932908702881897,0.01659157927130764,0.020826571753486702
2022-12-01,0.0310701183883798,False,0.023492512924562746,0.026926950840728246,0.01658551343236184,0.020820550133314318
2022-12-02,-0.002891273168903714,False,0.023741176880857275,0.027191445903199926,0.016802339444574783,0.02105689762686234
2022-12-05,-0.015996748721572914,False,0.023726457420939852,0.027176115929523403,0.016788847789126968,0.02104265314133306
2022-12-06,0.0010744618189316108,False,0.023678114082014524,0.027131348028232635,0.01673331388611834,0.020991528143063418
2022-12-07,0.009114472318120768,False,0.023683307205777694,0.027136514144352045,0.016738561324964884,0.02099674227853825
2022-12-08,0.0017905836665891154,False,0.023734591123691102,0.027189145208125733,0.01678713599728993,0.02104697812870348
2022-12-09,0.005241466558799575,False,0.023735022458130212,0.027188813698529424,0.016789101487679408,0.021048002949159202
2022-12-12,-0.009836314542059353,False,0.023751400509196715,0.027204119050693854,0.01680763684394483,0.021065215550630317
2022-12-13,0.01858501310552256,False,0.023709355488556367,0.027162305406778175,0.016765126501479256,0.021022990520913037
2022-12-14,-0.0035345617904352757,False,0.023828673600343724,0.027287427245147954,0.016872772736372586,0.02113779338395887
2022-12-15,-0.0169056104459163,False,0.02381135520163852,0.027269954331787777,0.01685576508215295,0.021120595196309707
2022-12-16,0.007176555247797316,False,0.023772405005354706,0.0272356895065517,0.01680739213424646,0.021077999822151562
2022-12-19,-0.0012857697271356746,False,0.02380931461284704,0.027273236426528957,0.016843020042340753,0.02111441360608042
2022-12-20,0.015651375902693578,False,0.023803416943991972,0.02726738704385696,0.016837025265123245,0.021108478370995408
2022-12-21,0.0,False,0.023890461480447572,0.02735784716889338,0.01691720070999263,0.021192865609278515
2022-12-22,-0.016042989850930472,False,0.023884364337440837,0.027350440247556666,0.01691373766271885,0.02118778746240679
2022-12-23,0.004968066459595485,False,0.02384488352710554,0.02731509635493164,0.016865937095491276,0.021145088166117713
2022-12-27,0.010468993076297851,False,0.023867633559890435,0.02733795603636905,0.016888466613826435,0.02116775289320579
2022-12-28,-0.0038093315032526956,False,0.023922990458040118,0.027394942845071598,0.01694054559819931,0.02122184173513881
2022-12-29,0.0063957738601456895,False,0.023908074753837345,0.027379751837120388,0.01692618355747717,0.021207140214854942
2022-12-30,0.0001098874339190406,False,0.02393904474518711,0.02741146420737565,0.01695566055030769,0.021237532641880965
2023-01-03,0.010930862804251935,False,0.02393929555380525,0.02741167717915876,0.016955987452600164,0.021237812887227262
2023-01-04,0.007095546441984838,False,0.02399889669159412,0.02747288397971317,0.017012359441347193,0.021296164833366864
2023-01-05,-0.009762524397120638,False,0.02403193082650314,0.0275068576291927,0.017043504118120757,0.02132846803412144
2023-01-06,0.01589647009927115,False,0.02400357527441422,0.02747996754755416,0.01701220135781212,0.02129897235878363
2023-01-09,0.004549233258291233,False,0.024095270886468314,0.02757441306472309,0.01709836663456961,0.02138852856860491
2023-01-10,-0.0005875467452383854,False,0.024116591168181524,0.027596075171558872,0.017118999471639584,0.02140958291334942
2023-01-11,0.0016016233411999265,False,0.02411499302106854,0.027594442134804702,0.017117471491098202,0.021408011910073455
2023-01-12,0.01108736566761611,False,0.02412753209961586,0.027606788487146986,0.017130398161394972,0.021420700927930008
2023-01-13,0.012008862043122856,False,0.02415021634434297,0.027628930023165972,0.01715417384782605,0.021443807395306054
2023-01-17,-0.005855345730477272,False,0.02420583606152784,0.027686968702798395,0.017204928788647295,0.021497545180771366
2023-01-18,-0.0014691611288529948,False,0.024185280851769624,0.02766684107714983,0.017183513664311995,0.0214766573142993
2023-01-19,0.00925131447113823,False,0.024180246646994648,0.027661785958537397,0.01717852151936404,0.021471639380307744
2023-01-20,0.002234663176594187,False,0.024209732878305905,0.027692209577365453,0.017206122570258428,0.021500396332293822
2023-01-23,0.0003632807471507761,False,0.024220031576384287,0.02770240060187945,0.017216637810686008,0.021510778799467667
2023-01-24,0.0035224324574504432,False,0.02422378730421569,0.02770593794005682,0.0172208327420396,0.021514704432548142
2023-01-25,0.003767611384967313,False,0.024237914783138456,0.027720254793252786,0.017234579370284393,0.021528684579935453
2023-01-26,-0.0062527531393146134,False,0.0242559227958103,0.027738081813219077,0.017252951377460093,0.02154683340335611
2023-01-27,-0.00025922182084070467,False,0.024240757684264338,0.0277234379039442,0.017236738075814443,0.02153126280098194
2023-01-30,-0.002959862564305934,False,0.024236799546657015,0.02771943154880503,0.01723287690850506,0.021527342176194512
2023-01-31,0.0034264261246514465,False,0.0242304341989839,0.02771292787365969,0.017226789751267676,0.021521084446090206
2023-02-01,-0.000881420299387641,False,0.0242375764769499,0.027719905080589847,0.01723426400366111,0.021528355147884638
2023-02-02,-0.005983212723418652,False,0.024240745976977972,0.02772292890354285,0.0172377264749142,0.02153163798340854
2023-02-03,-0.02826184255379748,False,0.024224976559221772,0.02770759810243373,0.017221074955040383,0.02151552732572044
2023-02-06,0.0017698252343863036,False,0.02419761340656849,0.02769271667704021,0.017168609795610638,0.021478453497951557
2023-02-07,0.0029428310618131773,False,0.024168382415094045,0.02765978057745864,0.017146830148559687,0.021452105048319896
2023-02-08,0.003040771209810025,False,0.024179645463822612,0.02767121634428596,0.017157745843849492,0.021463233723871687
2023-02-09,-0.005983602271623308,False,0.024174831665377396,0.02766224913377053,0.017161284974110548,0.021461651243848644
2023-02-10,-0.0018234933150134012,False,0.024150989362152497,0.02763884064727273,0.017136570221889066,0.021437471434987795
2023-02-13,-0.005868606069231897,False,0.0241443131061737,0.027631936671660907,0.017130351932957002,0.021430972342900475
2023-02-14,0.0011333148745895825,False,0.024122975059027288,0.027610970442425,0.017108266122659324,0.021409345024657533
2023-02-15,-0.0107370746218953,False,0.02412636382485475,0.027613475582461963,0.017113431948673995,0.021413421243655275
2023-02-16,0.004243545311346955,False,0.02408764022811328,0.027576099462409145,0.01707199844101509,0.021373649321784035
2023-02-17,-0.0008689852683103383,False,0.024093941646698272,0.027579205071977288,0.017084726952415665,0.02138243705195462
2023-02-21,-0.004028983707236791,False,0.024082131434576975,0.027565368221988306,0.017076992512535607,0.021372203546446155
2023-02-22,-0.000545702605629464,False,0.02406232355627731,0.027545471338361324,0.017057363632885972,0.021352464913516077
2023-02-23,-0.0076712704966514795,False,0.024059154385419928,0.027542300634073803,0.01705419754591057,0.021349296935653992
2023-02-24,-0.005073326778902653,False,0.024023137873670025,0.0275069954260141,0.017016750531019555,0.021312727035827234
2023-02-27,0.004523120437649741,False,0.023986148760969633,0.027469412238642677,0.016980956162132063,0.021276200108047625
2023-02-28,0.006527917163400628,False,0.024010319094880384,0.027492891758589974,0.01700651579228612,0.021300907889206248
2023-03-01,0.004800056571569328,False,0.02404802500974551,0.027530969985494782,0.017043472950256582,0.021338324148546643
2023-03-02,-0.0022880546197603423,False,0.024068580053519424,0.02755125464842604,0.017064571757053292,0.021359089546261627
2023-03-03,0.007714887423290701,False,0.02404399168346209,0.02752393278145056,0.017045480723761518,0.021336627813002967
2023-03-06,0.00010827646049621364,False,0.024088859096810196,0.027569531252802804,0.017088877906059716,0.021380926469590004
2023-03-07,-0.0185706355718125,False,0.024090240141778546,0.02757072655044291,0.01709063250755557,0.02138245202436222
2023-03-08,-0.0006618172911648265,False,0.024023636713866564,0.02750964167092665,0.017012930724716987,0.021311555213854593
2023-03-09,0.009115987157307687,False,0.02401748329708268,0.027502961400404986,0.01700783686369976,0.021305811684690788
2023-03-10,0.017717772147514535,False,0.024079085434513526,0.027565908662621406,0.01706673382012641,0.02136636732675198
2023-03-13,0.026341694156230083,False,0.02421250582995857,0.027704505217097154,0.017189744440036323,0.021495760715545795
2023-03-14,-0.0028811671051432153,False,0.024416376244165493,0.027919423382685108,0.017371396716940612,0.02169103607538352
2023-03-15,0.010645072763326602,False,0.024405896793488268,0.027908020435518432,0.01736277451042951,0.021681275096933163
2023-03-16,-0.003952561643725975,False,0.024475272931121818,0.02797889957479456,0.01742912796084743,0.021749481912377123
2023-03-17,0.026127822516268665,False,0.024448539541454213,0.027947164191165476,0.0174124540832733,0.02172664003045354
2023-03-20,0.004760658443617601,False,0.024658075576377836,0.028168301017017876,0.017598659762834527,0.021927150751055755
2023-03-21,-0.021036184516874452,False,0.024689631761306622,0.02819970142256035,0.01763052923575059,0.02195882813099055
2023-03-22,0.004530510589810312,False,0.024639631823676515,0.028156491473030596,0.017566873950285992,0.021903545641746455
2023-03-23,0.023855366038062705,False,0.024668655382698867,0.02818581979206862,0.01759528460631667,0.0219323321001305
2023-03-24,-0.0058855136919060335,False,0.024855595620902966,0.02838225763137966,0.017763124215065807,0.022111883287379737
2023-03-27,-0.01509747886904467,False,0.024834611469460293,0.028361706675707796,0.01774126886343201,0.022090562113399707
2023-03-28,0.01019169021018235,False,0.024778201170954545,0.028308576752320683,0.017678261401188926,0.022031599711617587
2023-03-29,-0.0031992150318795637,False,0.024832737107556478,0.028364805513806844,0.017729392896976625,0.022084818645200927
2023-03-30,0.007196500323830882,False,0.024813047765306556,0.0283452561402193,0.017709422063692776,0.022065020408550542
2023-03-31,-0.005722573380642285,False,0.02485825199321245,0.028386069300497373,0.017763457169493672,0.0221136408488329
2023-04-03,0.007538817015696076,False,0.02483304439073811,0.028361213217269095,0.017737542626520376,0.022088159767446193
2023-04-04,0.01912138685643545,False,0.024887442133035696,0.028416188983615382,0.017790777904418156,0.022142107812067394
2023-04-05,-0.0006430347062673179,False,0.02504165141148512,0.028573656324239853,0.017938434892700195,0.022293782346516258
2023-04-06,-0.004463407474970126,False,0.025045493387234805,0.02857733898738372,0.017942597262096342,0.02229774826608596
2023-04-10,-0.011397298492928747,False,0.02503243152952299,0.02856433569945332,0.017929417614673256,0.022284640841594233
2023-04-11,0.007862066660321815,False,0.0249886031101272,0.028522174736327878,0.017882235773292947,0.022239515155740543
2023-04-12,0.0030380656754726365,False,0.025052717991126797,0.02858696118520489,0.017945000063860704,0.0223031075627796
2023-04-13,0.015004488526765062,False,0.025061160797187593,0.028595585188905582,0.017953078463274093,0.02231140939865445
2023-04-14,-0.01934033210150383,False,0.025168197748099676,0.0287065469064544,0.018052222314404304,0.022415392915300526
2023-04-17,-0.004003608688523414,False,0.02509568818967499,0.028639272250110457,0.01796918484227264,0.022338810648643233
2023-04-18,0.006597421632108531,False,0.025089933087075963,0.028632695087568046,0.01796508298476061,0.022333695101521552
2023-04-19,-0.006096093088757149,False,0.02512903977439838,0.028672676057753872,0.018002431401460302,0.02237212160438961
2023-04-20,0.006195695166983739,False,0.02510769745415078,0.028651569443822227,0.01798061505214467,0.022350595906680756
2023-04-21,-0.014095679073772963,False,0.025167699255438984,0.028709935914464607,0.018043905667560835,0.022411869980970743
2023-04-24,0.004837975290905304,False,0.02508684740994909,0.028631577384627984,0.017958039513945007,0.022329078357614718
2023-04-25,0.0024604086846930075,False,0.025121252550092277,0.028666502206468825,0.01799139952201435,0.022363079189922586
2023-04-26,-0.004171199318677286,False,0.025139748495982547,0.028685062976496527,0.018009765100055423,0.022381524703198426
2023-04-27,0.0021129262655032468,False,0.025128326886328017,0.028673184854826984,0.017999261581900242,0.022370458255916215
2023-04-28,0.00010047797590101929,False,0.025140280420405673,0.02868527803240118,0.01801093427888511,0.022382303148569586
2023-05-01,-0.0033723203832883527,False,0.025143039859635116,0.028688020646748757,0.01801372755464133,0.02238507567741061
2023-05-02,0.015459208663897123,False,0.025088998970757705,0.02863303246156666,0.01796159177374815,0.02233177177680907
2023-05-03,0.007074123181844181,False,0.025225268529867628,0.02877279607987546,0.018090834428979935,0.022465322988288985
2023-05-04,0.009517819252434986,False,0.025274700002969688,0.028823153333103705,0.0181384040652931,0.02251403421251468
2023-05-05,-0.015054141436917398,False,0.025364682418926473,0.02891262781794133,0.01822940798173054,0.022604411794459045
2023-05-08,0.00440192824598679,False,0.025326624985305128,0.028875592188903714,0.01818929559649464,0.02256555940576957
2023-05-09,0.004873807724603167,False,0.025362213433367423,0.028911571021345145,0.018224098942373028,0.02260084413818441
2023-05-10,-0.002803233566718523,False,0.02541544720086139,0.028964599431915358,0.01827774570326001,0.022654237671576788
2023-05-11,-0.007811791440417504,False,0.025402913916948416,0.02895205483556851,0.0182652351697874,0.022641713188638855
2023-05-12,-9.925105453308255e-05,False,0.025330844485770523,0.028880296181291055,0.018192540735058445,0.022569401975738704
2023-05-15,0.0017358962821522753,False,0.02534575391724264,0.028895035243705423,0.018207792795811997,0.022584443952854156
2023-05-16,-0.014776614414791786,False,0.025375943761411605,0.028923908304570718,0.018240630823419365,0.02261565824296666
2023-05-17,-0.003880014587498261,False,0.025291379852795472,0.028842443818861037,0.01814983366413353,0.022528683010319482
2023-05-18,-0.012293130260797066,False,0.02525569424247352,0.02880688352529157,0.018113896029239605,0.022492899904655368
2023-05-19,0.011282876071055622,False,0.025128031874391065,0.02867940274156897,0.017985868476777085,0.02236509626552221
2023-05-22,-0.001972886611210169,False,0.025189001028946438,0.02874126382480578,0.01804504387319789,0.022425371507330448
2023-05-23,-0.001216064382496189,False,0.025179149812392713,0.028731283481385664,0.018035452343737768,0.022415620750354328
2023-05-24,-0.004879037635297988,False,0.025166847899958003,0.028718980640914372,0.018023152297677803,0.022403319559923994
2023-05-25,-0.010087426800028618,False,0.025119687349126202,0.028671847775328285,0.017975936069037073,0.022356137470212117
2023-05-26,0.0005145091760760677,False,0.025053931746765668,0.02860743952105316,0.017907470814393145,0.02228933364277402
2023-05-30,0.00712441162188995,False,0.025064782105468607,0.02861451244113481,0.017925917981446066,0.02230312281582989
2023-05-31,0.0030087604621398334,False,0.025132266418951072,0.028682947463440654,0.01799149032402658,0.02236986748612667
2023-06-01,0.007153928630061794,False,0.025151920679467726,0.028702773007470147,0.01801080011620078,0.022389388489561887
2023-06-02,-0.013026835665023308,False,0.025203645195924284,0.02875544624957614,0.018060616650117302,0.02244037490572481
2023-06-05,0.0028641465728216076,False,0.02512609286577276,0.02868019938370138,0.017978427799819664,0.022361028944442248
2023-06-06,0.003823121771459306,False,0.02515695128968814,0.028710984062536648,0.018009434532495684,0.022391944741387768
2023-06-07,-0.011667932951336448,False,0.025179046228402207,0.028733251049775598,0.018031183464351282,0.022413905827847698
2023-06-08,0.010700777840001093,False,0.025107411807460425,0.028663217936941005,0.017956328652022856,0.022341025603142925
2023-06-09,-0.0007132429056667042,False,0.025005571475777234,0.02854658828486111,0.017884231128613825,0.022250691233941057
2023-06-12,-0.003522608540493114,False,0.024999334324305404,0.028540350696223682,0.0178779948563259,0.022244454422580256
2023-06-13,-0.005487371483662528,False,0.02494059125965478,0.028479983235112336,0.01782251861605912,0.022186975124230613
2023-06-14,0.005487371483662586,False,0.024907041611114372,0.0284466898062378,0.017788453684044313,0.02215322613902136
2023-06-15,0.0012777594632126471,False,0.02495334431272133,0.028493226570380767,0.01783428566238976,0.022199346742013543
2023-06-16,0.0003064070167053769,False,0.0249691739443842,0.02850878844114305,0.017850653788108867,0.022215384689325376
2023-06-20,-0.011762134766634989,False,0.024972376583621787,0.02851201879436675,0.017853800691737705,0.02221856576732311
2023-06-21,-0.0011372784228845022,False,0.02489065869457489,0.028425963233683335,0.017780806295885923,0.02214022254903641
2023-06-22,-0.01071258172670636,False,0.02484734338299592,0.028380768794434526,0.017741270098729233,0.022098369182420894
2023-06-23,0.0033404825344685927,False,0.024759281209583886,0.02829356577829688,0.0176514800737727,0.02200963859213104
2023-06-26,0.0023940761271535643,False,0.024776438102366627,0.02830604883963385,0.0176780365108799,0.022030431685078268
2023-06-27,-0.00505509651683476,False,0.024799168238986445,0.028328822006230055,0.017700680109896658,0.022053128344751156
2023-06-28,-0.0008885614102553915,False,0.02476176109760451,0.028291651980236057,0.017662796105661478,0.02201553672966225
2023-06-29,-0.0016224510460784893,False,0.024739523080613342,0.02826876916103802,0.017641854850651194,0.021993800363173003
2023-06-30,0.0062136453694543944,False,0.024729417095301263,0.02825795033480427,0.017633182460007047,0.021984248961890464
2023-07-03,0.00031225960354337316,False,0.024783307909282223,0.028312548040289064,0.01768565164419671,0.02203758982043715
2023-07-05,-0.001093367263780315,False,0.024786957088090505,0.028316170379328248,0.017689354800475548,0.02204125988035206
2023-07-06,-0.0056944618118118595,False,0.024781308741027897,0.028310242642268262,0.01768426833475048,0.02203582889627445
2023-07-07,0.009126768323334932,False,0.02472294056316396,0.028251729923404918,0.01762619084334933,0.021977573170049374
2023-07-10,-0.0006231570554215221,False,0.02480665420412383,0.028336939966898466,0.017706895068564165,0.022060122622868904
2023-07-11,0.0032674088391857186,False,0.02480417626627323,0.028334299450985412,0.017704744091521195,0.022057771169335143
2023-07-12,0.012810414334619996,False,0.02483424970685783,0.02836452654997804,0.01773450850961881,0.022087725065016373
2023-07-13,0.0015324108197861239,False,0.024964004886970474,0.02849663509125812,0.017859530844129008,0.02221564935063413
2023-07-14,0.0004592781602337969,False,0.024975597122891942,0.02850837956205193,0.0178708169204367,0.0222271231491506
2023-07-17,-0.003936082358076339,False,0.02498808395699512,0.02851955844823637,0.017885934169132034,0.022240627555344773
2023-07-18,0.012622280219577665,False,0.024953964317366465,0.028485520765185856,0.017851649706595692,0.022206444154212013
2023-07-19,0.0001517429045972916,False,0.025076904090957662,0.028611281598470623,0.017968916045888007,0.022327189167927763
2023-07-20,-0.004663169815610156,False,0.025062624685570353,0.02859669011165876,0.017955264267580744,0.022313152559171115
2023-07-21,-0.002034278228194697,False,0.02503562568713046,0.02856935793148419,0.01792893533106317,0.022286412773219407
2023-07-24,-0.002038424953129538,False,0.025026931823947274,0.028560234225104807,0.01792110592570696,0.022278053324299732
2023-07-25,0.0009177681383584213,False,0.024952598488682743,0.028482441029237814,0.017853730717509394,0.022206411730455008
2023-07-26,0.003459707764402656,False,0.024923645171263015,0.028451653932719777,0.017828465313981256,0.022178885077204974
2023-07-27,-0.012007399562659367,False,0.024941214871236995,0.028469249160860185,0.017845983674249333,0.02219643491648778
2023-07-28,0.007680922504028945,False,0.024783326749207017,0.02830608414080628,0.0176987079239848,0.02204265217516851
2023-07-31,0.005138771146053185,False,0.02484703990721974,0.028369837578743746,0.017762340075024457,0.022106333995750543
2023-08-01,-0.015238610077067491,False,0.024887390046215055,0.028410589510598744,0.017801882168236003,0.022146371543399893
2023-08-02,-0.0017018269642495524,False,0.02479637026184528,0.02832277854872775,0.017704409119631823,0.0220528553230689
2023-08-03,-0.0027911448212779625,False,0.024785609847974413,0.028311793473441895,0.01769410052242415,0.022042269693822517
2023-08-04,0.0039260178715701454,False,0.024750058625989994,0.02827547891080327,0.01766008445514036,0.022007312344219803
2023-08-07,-0.0031499215966816637,False,0.024779272012345564,0.02830499782217021,0.017688683400021103,0.022036288034777075
2023-08-08,-0.00487351880894349,False,0.02475738744870907,0.028282566842284335,0.01766789773432631,0.022014828578224333
2023-08-09,-0.004531822404694047,False,0.02471962434808775,0.028243524544985663,0.017632707226663893,0.021978060681478586
2023-08-10,-0.0005222204866973095,False,0.024683355015301313,0.02820749082928411,0.017595964044262065,0.021941608040651893
2023-08-11,-0.0007838424255554935,False,0.02467958984655995,0.028203668597663812,0.017592313634699777,0.02193788726633343
2023-08-14,-0.0012031118637710577,False,0.024672872738937483,0.0281962024068162,0.017587103008656527,0.02193175293893701
2023-08-15,-0.0042485053218492995,False,0.02461286567277957,0.028131234637451687,0.017537072414738133,0.021875605256675392
2023-08-16,-0.0033696785716192438,False,0.024580674889032848,0.02809922619777668,0.017504514918754505,0.021843272610828753
2023-08-17,-0.00634889183821112,False,0.02454333488645173,0.028061062175696577,0.017468832102123466,0.02180657368824218
2023-08-18,0.0010609517869105895,False,0.02449636037028414,0.02801444607867306,0.017421136769069208,0.021759320325101646
2023-08-21,0.0038101719353386674,False,0.02449681767009007,0.028013570995116636,0.01742427362559792,0.02176081420756093
2023-08-22,0.0016360008536025392,False,0.02452802962485123,0.02804432145203118,0.01745641369886639,0.021792385203627973
2023-08-23,0.011586265785144559,False,0.024506718011885333,0.028019123187784076,0.017442918531875337,0.021774097371513396
2023-08-24,-0.0001564098483359136,False,0.02461159614068833,0.028126238650090982,0.017543297158357254,0.021877234874333337
2023-08-25,-0.0037082411186101292,False,0.02455723380098067,0.028062179400797835,0.01750843627746696,0.021830416645841254
2023-08-28,0.003551870450310385,False,0.024526010881874713,0.02803007120540937,0.017478993737853363,0.02179988246397398
2023-08-29,0.009651369784435556,False,0.02455868998170268,0.02806265754657604,0.017511859384662855,0.021832633729232685
2023-08-30,0.004019820260445598,False,0.024651311758686515,0.028155335674501517,0.017604367834245002,0.02192521166567464
2023-08-31,-0.003142358107314131,False,0.02468517902621164,0.0281895459699696,0.017637545238134295,0.021958812060447266
2023-09-01,0.0008252180232353599,False,0.024657586162819062,0.028162064286779864,0.01760972878019051,0.021931132699825055
2023-09-05,-0.007035775353867591,False,0.024666929255667353,0.028170545762857466,0.017620804670877302,0.02194114612301787
2023-09-06,-0.004214024777917188,False,0.024598753721573968,0.028102465616704694,0.017552437302057706,0.021872896377937344
2023-09-07,-0.00031284575797763917,False,0.024563607182650538,0.028067512248606215,0.01751690227720953,0.02183759955379426
2023-09-08,0.00046926375810114266,False,0.024560169239535093,0.028064086777988533,0.01751343925064874,0.021834151907184157
2023-09-11,0.0025509680494884674,False,0.024563909610372286,0.028066746603685695,0.017519352706257204,0.021838732932730767
2023-09-12,-0.006258821711373876,False,0.02458072833800341,0.028083496011795144,0.017536310842406616,0.021855605590346116
2023-09-13,-0.0011517503252713073,False,0.024512053867723014,0.028014084145837042,0.017469119348874015,0.021787504807481633
2023-09-14,0.0004713280283196849,False,0.02449742508264845,0.027999276781342463,0.017454849704943792,0.021773014955640754
2023-09-15,0.00714714748905865,False,0.024468809332439105,0.0279641052048358,0.017439418379671466,0.02174949958120174
2023-09-18,0.00404651357660179,False,0.02453980946958844,0.028036043179705247,0.017508532430999858,0.021819770088771635
2023-09-19,0.00025883266612720474,False,0.024579368166257713,0.028074971399390216,0.017549359080189095,0.02185981929104443
2023-09-20,0.007014664451038077,False,0.024541753439695575,0.02802723794817481,0.017532094124898947,0.02183007684414737
2023-09-21,-0.01366199313993277,False,0.024591569643898727,0.028076819963765338,0.017582381305916356,0.021880075245051804
2023-09-22,0.003225343940292486,False,0.024457234722752463,0.02794351880215346,0.01744596739054939,0.0217449360679899
2023-09-25,-0.004580980852414335,False,0.024485156727885916,0.027971596545158628,0.017473576191185593,0.021772736910415345
2023-09-26,-0.008488367011878661,False,0.024445635123800394,0.027932227331903477,0.01743374811383903,0.021733096747590826
2023-09-27,-0.015270736211994486,False,0.024369795894517567,0.02785641411664922,0.017357856567732744,0.021657237279620305
2023-09-28,-0.00600213547461397,False,0.024239854341409215,0.027729976937623965,0.0172208673664784,0.02152456935399185
2023-09-29,-0.006633460391607326,False,0.024178455773390336,0.02766889672418321,0.017158828555437777,0.021462923108883463
2023-10-02,-0.009842104245885759,False,0.024101326273904645,0.027590856389256454,0.017083530837478628,0.021386502231439244
2023-10-03,-0.0029551953045940734,False,0.023988011816097856,0.027477282173244195,0.016970738779504668,0.0212733898632543
2023-10-04,-0.0033487861038288733,False,0.023955474847339765,0.027444649394217657,0.01693839449481649,0.02124092743405074
2023-10-05,-0.0010453767983574398,False,0.02389574829625035,0.027382733272600813,0.016883071389906686,0.021182904349764598
2023-10-06,0.007458615173471331,False,0.02388414659674062,0.027370839285314797,0.01687205751046292,0.021171530047599543
2023-10-09,0.010490108470351069,False,0.023976367784274838,0.02746396828264133,0.01696245300135401,0.02126304496702066
2023-10-10,0.006198645369741984,False,0.024104728813245938,0.027593688233585233,0.017088081101792062,0.021390348766530592
2023-10-11,0.0063206856067081355,False,0.024177254976687317,0.027666175478292032,0.01716068553471641,0.021462905208408566
2023-10-12,-0.0018706079095983437,False,0.02425517697553785,0.027744633439492527,0.01723752965946661,0.02154041023321806
2023-10-13,0.03060790174466398,False,0.0242313124422328,0.027720671664498965,0.017213860688960938,0.021516621353099872
2023-10-16,-0.003274031158004355,False,0.024678921393437254,0.028183808179905262,0.017630242149473997,0.02195214999457133
2023-10-17,0.0008324968566679965,False,0.024644511894021302,0.028149235942727262,0.017596159932037576,0.0219178671037171
2023-10-18,0.016813236521731816,False,0.02465633742002325,0.028159940083261694,0.017610240676810038,0.021930565057847608
2023-10-19,0.006677383090401854,False,0.024877977661164875,0.028386180306749366,0.017822629891581763,0.022148626552781256
2023-10-20,0.007137632114181281,False,0.02494918066192955,0.02845826272528663,0.017892064294905752,0.022219145374176935
2023-10-23,-0.0031322401557761035,False,0.02499056961805413,0.02849912791288536,0.01793450660212603,0.022260941817653587
2023-10-24,-0.0006580360180047346,False,0.024967761199264613,0.028476123106479595,0.01791209313855154,0.022238286186719337
2023-10-25,0.004597000160347399,False,0.024963567072565113,0.028471830018294588,0.017908098033335856,0.022234169051193794
2023-10-26,0.001561189672270813,False,0.02500814009523838,0.02850983456934852,0.017965880911958405,0.022283852287587808
2023-10-27,0.0007042731011225338,False,0.02501162660739712,0.02851320429947188,0.017969602284516065,0.02228742965515312
2023-10-30,0.003814487522985484,False,0.025021913263836553,0.028516694991824975,0.017993556307097834,0.02230300351247159
2023-10-31,-0.0055257086747362814,False,0.025075243647327203,0.028569976228780426,0.018046985529205434,0.022356372131538647
2023-11-01,-0.0032290150880346837,False,0.02502979126409608,0.028523998936600674,0.01800258879057473,0.02231132812289859
2023-11-02,0.003430498125605901,False,0.025003628400054607,0.028497374527526622,0.017977354139936275,0.022285524336873266
2023-11-03,0.0029670004669155115,False,0.02503202087849271,0.02852592414363807,0.01800543059873551,0.022313794563569883
2023-11-06,-0.004983536766928077,False,0.0250515717003694,0.028545522549278585,0.018024885724885382,0.02233330836569268
2023-11-07,-0.007496705490809856,False,0.02500830174259897,0.028501882112111614,0.017982360838380246,0.022290326637666575
2023-11-08,-0.007809573743291399,False,0.024924733447381844,0.028418984118707597,0.01789744449891373,0.022206236853475926
2023-11-09,0.006486705243964605,False,0.024836616175365648,0.02833159005200459,0.01780787278839759,0.02211755693402383
2023-11-10,-0.016218778932181384,False,0.024927557369252125,0.02842324278638887,0.017897383002899097,0.02220794455559921
2023-11-13,0.006652779492155402,False,0.02475586574118388,0.02825363046465266,0.017721509681019508,0.02203463524531151
2023-11-14,0.008343430595057662,False,0.024855509089916294,0.028353964940582604,0.017819763103563438,0.022133740903102668
2023-11-15,-0.0008669641439556413,False,0.024986760316185193,0.028485552282244087,0.01795033836802939,0.02226473063452307
2023-11-16,0.01206913677911117,False,0.024976600661284806,0.028475343292668442,0.017940277930114514,0.022254609361570424
2023-11-17,-0.001160029800050694,False,0.02517008860714913,0.028670540618482367,0.018130328141265892,0.02244676742471946
2023-11-20,-0.0019700582161406464,False,0.02513304934840107,0.02863319119407841,0.01809391265679475,0.022409969472150727
2023-11-21,0.010862615061766792,False,0.025119701471535756,0.028619235475126913,0.018081787211396555,0.02239709449113529
2023-11-22,-0.00395922248666503,False,0.025243912590367346,0.02874495867643148,0.018202957380550805,0.022520129222970316
2023-11-24,0.005408630384414501,False,0.025206540324698545,0.02870706906201035,0.01816662555516855,0.022483159450125686
2023-11-27,0.004783316372955456,False,0.025281635288739876,0.0287828184099045,0.018240404487576925,0.022557745309227988
2023-11-28,0.013772846290545529,False,0.025371786270977886,0.028869526933995044,0.018337478598797568,0.022650574493927357
2023-11-29,0.003621431258757891,False,0.025579979682603116,0.029081248240970265,0.01853857705864736,0.02285602323369166
2023-11-30,-0.004406156206906349,False,0.025626688068092505,0.029128345598195104,0.018584503182921125,0.02290242900255808
2023-12-01,0.016013593082084946,False,0.025564776800463478,0.029066553040062802,0.01852235317857489,0.02284042537997434
2023-12-04,-0.022906437155782847,False,0.025803204665711725,0.029309490747343993,0.01875171129867363,0.02307534462739325
2023-12-05,-0.002770483946805801,False,0.025571989299640274,0.02908552481244071,0.018505916598626847,0.022838489267001938
2023-12-06,0.005927406833356961,False,0.02554667867601883,0.02905998961774259,0.01848105760998919,0.022813353357722558
2023-12-07,-0.00029552536040616107,False,0.02563973246120808,0.029153629890352695,0.01857293191008746,0.022905950860805595
2023-12-08,-0.01568969924387106,False,0.025650401630302404,0.029163892754217456,0.018584418199794454,0.02291693613183035
2023-12-11,-0.01021061033941788,False,0.025458670224592146,0.028975421995677163,0.01838612930523248,0.022722667971016002
2023-12-12,-0.00010109265866683018,False,0.025333898084506357,0.028851335664809036,0.018259977933949696,0.02259736227733099
2023-12-13,0.0022726708042306704,False,0.025324416984503335,0.02884179173709915,0.01825062318677353,0.02258793005673679
2023-12-14,0.0238764749712153,False,0.02532651377893209,0.0288432234086804,0.018254057610031845,0.022590544310948934
2023-12-15,-0.004492380744304254,False,0.02570940371347239,0.02923615022304752,0.018616762371463952,0.022965625640386414
2023-12-18,0.00256958841333575,False,0.025649360251061768,0.029176232277838898,0.018556466481357257,0.02290548452668565
2023-12-19,0.005953704386447858,False,0.025689462029709703,0.029216534080987917,0.018596165990649578,0.02294543068801358
2023-12-20,-0.0019151099131709602,False,0.025764863920009214,0.02929278396386632,0.018669862482728256,0.02302017284747114
2023-12-21,0.002258433605997511,False,0.025734410081702273,0.029262327481313972,0.018639413962264338,0.022989721066364106
2023-12-22,0.008788749383462479,False,0.025686610279879195,0.02921203683660032,0.018596623495593115,0.022943859118619306
2023-12-26,0.0005345192470838028,False,0.02575092709303993,0.029276987373532234,0.018659665826619487,0.02300768290020461
2023-12-27,0.011449100696166307,False,0.02574589853640205,0.02927201494926948,0.01865452438213913,0.0230026106730677
2023-12-28,-0.0038500458433421737,False,0.025902904777076914,0.029429529218652453,0.018810508926072177,0.023159221671831633
2023-12-29,-0.0055605396969713086,False,0.025879124665313318,0.029405176077753406,0.01878788123343631,0.023135887371745406
2024-01-02,0.0009692741355228508,False,0.02581081944420615,0.029337085224140677,0.018719144897773748,0.0230674153745943
2024-01-03,-0.014736982781769346,False,0.025840808105756986,0.029365934313475964,0.018751425353471476,0.023098290613405296
2024-01-04,0.0039740504436172235,False,0.025704963165032527,0.02923214025515494,0.01861145588231006,0.022960850104030314
2024-01-05,4.895124937695209e-05,False,0.025737284651115366,0.029264775442088494,0.018643146484484233,0.022992927533583042
2024-01-08,-0.007766098913480351,False,0.025747412077368716,0.02927458594157567,0.018653911282286134,0.023003301526100636
2024-01-09,-9.86682319452515e-05,False,0.02563708980685434,0.02916467731907241,0.0185427571240881,0.022892657441035705
2024-01-10,-0.0023221142671955622,False,0.02564316150412174,0.02917045707782389,0.018549415939023785,0.022898956263926254
2024-01-11,-0.0036669527431482853,False,0.025617724000588624,0.029144835916481586,0.018524347789785543,0.022873661644569374
2024-01-12,0.015956951403282443,False,0.025555628218955937,0.02908265305419458,0.018462427136092228,0.022811633610927435
2024-01-16,-0.010165310319773104,False,0.025782581957667944,0.02931443662590208,0.01867966759569959,0.023034829781627762
2024-01-17,-0.011617081726109126,False,0.02565865321060329,0.02919170533800853,0.01855333063800814,0.022909969421755605
2024-01-18,0.007957865627687473,False,0.025528391250384082,0.029062186634059396,0.01842157391480145,0.02277912921463067
2024-01-19,0.0039059773581561485,False,0.025648374627226293,0.029183426035512754,0.018539031300036528,0.022898135415263022
2024-01-22,-0.003311646301174295,False,0.02567560272590312,0.029210574164621344,0.018566420225544628,0.02292542572956756
2024-01-23,0.0019289741822805175,False,0.025636175900371008,0.02917105131645724,0.018527186511166825,0.022886073608806956
2024-01-24,-0.004854342213876016,False,0.025671244149202955,0.02920562433841666,0.01856325071096384,0.02292152713983323
2024-01-25,0.0014885385122534204,False,0.0256163473715076,0.029144443274678244,0.018520992263489543,0.022871519481954997
2024-01-26,-4.9570163444326434e-05,False,0.025628305510721098,0.029156497911290047,0.01853275633674601,0.02288340254703293
2024-01-29,0.004156315901078261,False,0.02561751906497158,0.029145706928961384,0.018521979014512656,0.022872619630702477
2024-01-30,0.003105999442300761,False,0.025675956708809598,0.029204625327232912,0.018579449812913606,0.0229306832517777
2024-01-31,0.008284516486208303,False,0.025712486824512736,0.029241543770654795,0.018615198962583394,0.02296691125189726
2024-02-01,0.0022431851049437793,False,0.025848261973943486,0.029377583997822553,0.01875044101406928,0.023102480173156952
2024-02-02,-0.008265936631712335,False,0.025878651028092087,0.029408158337044205,0.018780457441331992,0.023132725077132203
2024-02-05,-0.005120905671782804,False,0.025761909035237483,0.029292069617732817,0.018662401649788524,0.023015474843149773
2024-02-06,0.004334792726306237,False,0.025681744921923853,0.029212053074644743,0.018581940757934165,0.02293519592148572
2024-02-07,0.0003439817122514089,False,0.025704507945280352,0.029234291011819232,0.018605759782325183,0.0229583674573193
2024-02-08,-0.0014751441294395143,False,0.025696861727780893,0.0292266334043648,0.018598136471168817,0.02295073010110563
2024-02-09,-0.004389060106493958,False,0.025662093978328842,0.02919170253055664,0.01856369678117579,0.022916089260982122
2024-02-12,-0.002523865081532603,False,0.02553918867484717,0.029065353834405123,0.018447716486095087,0.022795862887012082
2024-02-13,-0.012615124246704407,False,0.02544883738155999,0.02897146917298767,0.018364471150894002,0.022708260523361234
2024-02-14,-0.0013054709316034623,False,0.02528846660898491,0.028808338856102494,0.018209650099005038,0.022550036652228937
2024-02-15,0.005911211825203883,False,0.025272207399520574,0.028791514788087554,0.018194526876801915,0.02253421689779811
2024-02-16,0.004684094906416618,False,0.02535915184886815,0.028879191781710747,0.018279998106058393,0.02262059143407834
2024-02-20,0.007922794599725029,False,0.025241774415951358,0.02872197106222865,0.01824274952298305,0.022534211731148883
2024-02-21,-0.002568005317217988,False,0.025285820217990196,0.02876383344441199,0.01829118640158268,0.022579956214821797
2024-02-22,-0.0012865403339371805,False,0.025072590320481532,0.028537492829398284,0.018104323473388986,0.022376926341362232
2024-02-23,0.009314324420003009,False,0.02505557141492415,0.028520254934288114,0.018087744977810412,0.022360077807769926
2024-02-26,-0.004966682111913847,False,0.02512824196588743,0.028591967395814627,0.018162342342830266,0.022433493743971855
2024-02-27,0.0027076939620032797,False,0.025065573551933652,0.028529496229880245,0.018099277243304332,0.022370671872776648
2024-02-28,-0.0004917629801586159,False,0.025093133686830825,0.028557294284580734,0.018126358897588138,0.022398046908138673
2024-02-29,0.006227470697706523,False,0.025088200149901575,0.028550414177379017,0.018125340108926774,0.02239462778593042
2024-03-01,0.019939659139843434,False,0.025171627261670316,0.028632152626183714,0.018212163291470365,0.02247936866278009
2024-03-04,0.014650906546489963,False,0.025412535512882178,0.028860988401485998,0.018477350503901632,0.022729669195120924
2024-03-05,0.007433252615668022,False,0.025546652536408823,0.02895726611879834,0.018687566171569515,0.02289322486937274
2024-03-06,0.00784356635087546,False,0.025734114330756865,0.02913673613454138,0.018891100235125496,0.02308690419788204
2024-03-07,0.0035744768391498196,False,0.025573097384695015,0.028969516552642786,0.01874255741252153,0.022930712848487828
2024-03-08,0.009500646655496024,False,0.025723194556678756,0.029098801434079183,0.018934510190502823,0.023097001801281297
2024-03-11,0.001788495240181465,False,0.02585019651330244,0.029228035817612907,0.019057022512458343,0.02322226694920922
2024-03-12,-0.010177664197878154,False,0.02585324160306537,0.029231411546008647,0.019059402654732143,0.023225054804995066
2024-03-13,0.006919166252700285,False,0.024970657991191726,0.02830640061038887,0.018262144650926897,0.022375479281533304
2024-03-14,-0.0057163638155206895,False,0.02424920712152636,0.027533411285505106,0.017644342789545173,0.02169412488122434
2024-03-15,-0.0026386845425951824,False,0.02425251366995176,0.02753092919756692,0.017659290866919357,0.021701934938332418
2024-03-18,0.0015747582428707817,False,0.024170522954051178,0.02744757400673288,0.017580044247113256,0.02162100577204804
2024-03-19,-0.0020384080923120792,False,0.02420641107713961,0.027478090994660344,0.017626734262311823,0.02166107259151917
2024-03-20,0.0007416687251718953,False,0.024196536184092683,0.027468041137728903,0.017617211239204306,0.021651333818850784
2024-03-21,0.01128966261576579,False,0.0242377177777815,0.027497245610042704,0.017682480026569247,0.02170183350867105
2024-03-22,-0.011196893703511956,False,0.02434227862375428,0.02760421837434026,0.017782190262616578,0.02180451790319045
2024-03-25,0.00770847852509448,False,0.024013798616934104,0.027264241338782143,0.017476831934974534,0.021484982484610782
2024-03-26,0.0003678047123048936,False,0.024030651796435595,0.027282493703545168,0.017490871212426592,0.02150074711016308
2024-03-27,0.006870990033479146,False,0.023822530520421575,0.027063929433869434,0.017303751845219557,0.021300750392278942
2024-03-28,0.012159770828042574,False,0.023861811773757846,0.02710314757681996,0.01734316001987831,0.02134008074494575
2024-04-01,0.008576849575533693,False,0.023891789408671232,0.027136405897379746,0.01736653986655185,0.02136750603499487
2024-04-02,0.010895049405066982,False,0.023488239842993967,0.02670577312992438,0.01701745733900273,0.020985026964456956
2024-04-03,0.014664135564459967,False,0.0234451574740573,0.02666503845832994,0.016969653514984778,0.020940118107432085
2024-04-04,-0.002443644773025144,False,0.023365319753030384,0.026589084639971276,0.01688200487571964,0.020857258743950786
2024-04-05,0.015993363911782323,False,0.02336701076296672,0.02658522947763333,0.016894849794976005,0.02086326462761974
2024-04-08,0.002576546332762105,False,0.023290513041016033,0.026513568080355793,0.016808625738505098,0.020783004287188683
2024-04-09,0.005047944048811655,False,0.023281428891294493,0.026498238274324102,0.01681210223073304,0.02077877920368846
2024-04-10,-0.005948917440644637,False,0.02318653855529868,0.026403294459743848,0.016717319445540172,0.020683930473565645
2024-04-11,0.010759197967561912,False,0.02326522140809314,0.02647849627502479,0.016803003014296047,0.02076532154323229
2024-04-12,0.0005943121990892287,False,0.02291241278087774,0.02611342189736913,0.016474862042787454,0.020422055563047683
2024-04-15,0.00406612066202905,False,0.022883349964397493,0.026084289170986857,0.01644593982213964,0.020393047135862423
2024-04-16,0.010511806622644015,False,0.022847309706528176,0.02604798493317338,0.016410430454443566,0.020357212252090896
2024-04-17,-0.00802108139040866,False,0.02275103662362426,0.025953062458849478,0.016311441162074208,0.020259888407472997
2024-04-18,0.004459451082454631,False,0.02284684319404586,0.026049759408236197,0.016405457090996375,0.020355002270813275
2024-04-19,0.006735379565596977,False,0.022803725046968697,0.026006678766947518,0.016362263516012703,0.02031185494455927
2024-04-22,-0.02798980048135961,False,0.022758142341772005,0.025959502009721372,0.016319886609501785,0.020267512397960288
2024-04-23,-0.001931372558694458,False,0.023097379556432207,0.02631129024590118,0.016633882459671304,0.020596985027174143
2024-04-24,-0.0013756724603899396,False,0.023064113818095266,0.026277262900412046,0.016602148389788376,0.020564311812569434
2024-04-25,0.0022774857931127522,False,0.023070150414928065,0.02628324915621723,0.01660828622748232,0.02057038757428335
2024-04-26,0.0021438073190774686,False,0.023072160130422792,0.026282527194212126,0.016615789620709698,0.020574522511085144
2024-04-29,0.004529666146779777,False,0.022898721543441993,0.026101166294613974,0.016458283599860755,0.02040724741433212
2024-04-30,-0.02329297954868033,False,0.022873367757888396,0.026075342566363287,0.01643387491625671,0.02038225924010454
2024-05-01,0.0037026594091494527,False,0.023093170797062215,0.02630242558887448,0.016639037177975283,0.020596398515636917
2024-05-02,-0.0003043861623244103,False,0.023051358064152587,0.026260663192893347,0.016597123212448252,0.02055454662103526
2024-05-03,-8.696932457233537e-05,False,0.02302600709910032,0.026234920620488714,0.01657255980910184,0.020529500323092965
2024-05-06,0.00978239943094232,False,0.022951185906742742,0.02615700478751608,0.016503962249745787,0.02045708673418537
2024-05-07,-0.002760589407145369,False,0.022876275065721742,0.026082954371512316,0.016427321007622134,0.02038150648999365
2024-05-08,-0.0006912606128823438,False,0.022887731216117094,0.026091450561588132,0.01644472993542183,0.020395265463741888
2024-05-09,0.007964395898361993,False,0.022861577337941204,0.026064536860664095,0.016420104137084255,0.020369702721047427
2024-05-10,0.01498089474872309,False,0.022807417353216997,0.02601159960446797,0.01636348512251915,0.020314591464176048
2024-05-13,-0.013267171767020015,False,0.022724421290822316,0.025927241715418544,0.016283227830264552,0.020232654891059795
2024-05-14,0.007378135479851928,False,0.02280601928321865,0.026010626607250925,0.016361232188477168,0.020312862691255436
2024-05-15,0.014888214910604233,False,0.022765026944203112,0.02596500987450575,0.01632953996957502,0.020275468090291734
2024-05-16,-0.0036487767790969396,False,0.022659851412085645,0.025864064037170818,0.016215858096557463,0.020167001892466185
2024-05-17,0.013438686241467436,False,0.022680903238686746,0.025885241965229903,0.016236656320465045,0.02018795561323108
2024-05-20,0.008955695038778591,False,0.022504974737244415,0.025709759954356377,0.01605982988165792,0.02001167974601432
2024-05-21,-0.005025116242057949,False,0.022410455100348413,0.02561688898302655,0.0159619946127702,0.019915877461664625
2024-05-22,-0.01351119128257647,False,0.02248136019755728,0.02568699978274307,0.016034497121989472,0.019987400515405686
2024-05-23,-0.02294667031813439,False,0.02264623057906208,0.025849935266181696,0.016203258777783332,0.02015377623075663
2024-05-24,-0.0010712373814988035,False,0.022809158569662424,0.026019297548108423,0.016353246762476212,0.02031169839873569
2024-05-28,0.0096849750810076,False,0.02279603401697268,0.025994109158026493,0.016364383798080043,0.020307959406483618
2024-05-29,-0.0063464816760843545,False,0.022685287388632853,0.02588265925028318,0.016255051535235043,0.020197759923395456
2024-05-30,0.001110289464388048,False,0.02267955296336846,0.025876069728898592,0.016251036794126286,0.020192690755466283
2024-05-31,-0.00857307357068379,False,0.02267134854376854,0.02586789961628384,0.016242763379734525,0.020184459645330655
2024-06-03,0.010151150585457774,False,0.0226739204722677,0.025869749428089343,0.016246787557410446,0.020187593374329193
2024-06-04,-0.009032443941432378,False,0.022636505786255787,0.025834338763142322,0.01620534258381861,0.02014861957738007
2024-06-05,0.012223460620860391,False,0.022695214757239214,0.025893670204554915,0.016262799704268378,0.020206844271790158
2024-06-06,0.00685801971176186,False,0.022633834292979927,0.02583487201379414,0.016196226028724343,0.020143454821235793
2024-06-07,-0.027849130615993235,False,0.022593798086500576,0.025795814437398625,0.01615422169888476,0.02010265724907326
2024-06-10,0.0010839169709689002,False,0.022835261279822078,0.026050247943315372,0.01636960029126257,0.020334029652142815
2024-06-11,-8.664897474244984e-05,False,0.022780823659689132,0.025993547540647918,0.0163197133540065,0.020281352457117114
2024-06-12,0.012275377571110555,False,0.022764408902385562,0.025976558894139117,0.016304452745517346,0.020265384180617713
2024-06-13,-0.015444010517410593,False,0.02270986293447992,0.025923839152866487,0.01624623405248616,0.020209417424294607
2024-06-14,0.013472849167638714,False,0.022799848537481515,0.026017407166397905,0.01632901506821195,0.02029661594310009
2024-06-17,-0.008182999621581656,False,0.022773557973498195,0.025994548409075075,0.01629582279645578,0.020267655463419524
2024-06-18,0.007753980763100305,False,0.022797195971458406,0.026018690018485002,0.016318447981224327,0.020290901656057368
2024-06-20,0.009991179448078678,False,0.02276951490675588,0.02599225377011053,0.016288263465897387,0.02026225213509164
2024-06-21,-0.016016849994939065,False,0.022705941020800015,0.025929010779987733,0.01622402411519685,0.020198420815059133
2024-06-24,0.005854053366742159,False,0.022797256896718483,0.026022160727447674,0.01631165148909115,0.02028830979928966
2024-06-25,-0.0057676319065113404,False,0.022767884713843733,0.025992967722936137,0.01628191896053717,0.020258798217208645
2024-06-26,-0.0075394205654809275,False,0.022784859275355517,0.026010300367020227,0.01629817338204192,0.020275494193597404
2024-06-27,0.010943747042885628,False,0.02279710456389407,0.02602222614135196,0.01631106124573196,0.02028798806140649
2024-06-28,0.0013756724603899051,False,0.02276444993381464,0.02599130444207164,0.016274921517816537,0.020253985226255933
2024-07-01,-4.2898852745440194e-05,False,0.022746938598774222,0.02597228115146212,0.01626045087723703,0.020237650179481974
2024-07-02,-0.0019782819678747557,False,0.022742955548713292,0.025968269790625026,0.01625652476298958,0.020233689154958368
2024-07-03,0.01571743658704651,False,0.02273629020101674,0.025960868468299,0.01625133953417016,0.020227596389114585
2024-07-05,0.012088663472560882,False,0.02269837481016083,0.025927691617574862,0.016203894463325024,0.020185994455299977
2024-07-08,-0.01403992502750996,False,0.02237537506826987,0.025607523025100887,0.015875200995688305,0.019860792103816614
2024-07-09,0.002078403578812869,False,0.02274363461418831,0.025978008571394408,0.016238983831345668,0.020227319840827537
2024-07-10,0.00511374163037859,False,0.02272256358738272,0.025956646853551396,0.016218497413403848,0.020206474969117687
2024-07-11,0.017881513074975274,False,0.02238595699141011,0.025620535010145606,0.015880895820342567,0.01986948345995646
2024-07-12,-0.0004141644291962591,False,0.022431907956347228,0.025668588200857104,0.01592261899816851,0.01991379891154757
2024-07-15,0.0036800068503831792,False,0.022427121606162632,0.025661650317796693,0.01592215959662688,0.01991068643520453
2024-07-16,0.016171314917783012,False,0.022424439391196847,0.025656219885686244,0.015925004322280206,0.019910142309245465
2024-07-17,-0.00309113301982428,False,0.02247398805490705,0.02571026008077588,0.015965520065403627,0.019956196600655302
2024-07-18,-0.0012228428297097356,False,0.022452471232097492,0.025683529087826784,0.01595448946228566,0.01993873635680864
2024-07-19,-0.02323049125293214,False,0.02245229652087307,0.02568253055814602,0.015955971532694364,0.019939202569169333
2024-07-22,-0.0014621412526544951,False,0.022688117302568665,0.02592728259620132,0.016173830661086856,0.020168074911191613
2024-07-23,0.005253774082549602,False,0.02267732203187238,0.02591589303776811,0.01616423056270037,0.020157741991179513
2024-07-24,0.0036115155414233003,False,0.022650705529712073,0.0258879460031657,0.016140289894876373,0.02013216063167272
2024-07-25,-0.025771655108934748,False,0.022499492229726827,0.025736908477028423,0.01598872309603387,0.019980810581164413
2024-07-26,0.011877017079959726,False,0.022850363379733445,0.02609360533411748,0.016327878164153927,0.020327149381791906
2024-07-29,-0.0011350772219737724,False,0.022826281219966445,0.026068366205366154,0.016306122785182595,0.020303967333819676
2024-07-30,0.011584493096314897,False,0.022845878164743556,0.026086164332679317,0.016329337332494184,0.0203249637429194
2024-07-31,0.008899986305409351,False,0.022677866831201838,0.025913431190506292,0.016170822030214284,0.02016062593537472
2024-08-01,0.0034968666714193194,False,0.022642445015162355,0.02587867204647548,0.016134067514228228,0.020124688566283123
2024-08-02,-0.0038266341350136172,False,0.022213614373307676,0.025411515842222433,0.015782313426524627,0.019725674878230435
2024-08-05,-0.00994332279261066,False,0.02221225170608065,0.025410363080745048,0.015780528617759002,0.01972414890615808
2024-08-06,-0.005260032745343863,False,0.022310661318205204,0.02550824682113864,0.015879995810735906,0.01982296764190996
2024-08-07,0.0005857822224360302,False,0.02219002040673608,0.025386397387731113,0.015761785358229388,0.01970326694998495
2024-08-08,0.013173648862206806,False,0.022267204726710958,0.025452687956857654,0.015860878104972873,0.019788926513255648
2024-08-09,0.0040789238864625725,False,0.02217190161462344,0.025359768864151113,0.015760780490537144,0.019691768654850072
2024-08-12,0.012381322610815695,False,0.02210383927185057,0.025284336635464092,0.015707539728328317,0.0196294400191405
2024-08-13,0.0017447607257966857,False,0.022100772914782196,0.025281120959392337,0.01570477366676847,0.019626489830956467
2024-08-14,-0.011129137775200023,False,0.02210275313359864,0.02528317343269176,0.015706608574564747,0.01962841383641435
2024-08-15,0.005600503269123787,False,0.022101395971331986,0.025283685668191256,0.015701491865689105,0.01962560229896459
2024-08-16,0.01837804343675201,False,0.02209250213932085,0.02527396399804147,0.015694262899295826,0.019617352517816402
2024-08-19,0.0012798782157230325,False,0.022140038482519598,0.02532397565153044,0.0157368211449616,0.019662963091164682
2024-08-20,0.0037900744796478744,False,0.021832701587146373,0.02501514547457958,0.015432487388777453,0.019356787955855173
2024-08-21,-0.0011555060403106994,False,0.021774534169288942,0.024948890306767623,0.01539058524814807,0.019304912737033192
2024-08-22,-0.011830186756921601,False,0.0217881834544005,0.024962016802489027,0.015405285915215113,0.01931896874773777
2024-08-23,0.011830186756921704,False,0.022091230512456622,0.025267276336970387,0.01570388346103119,0.019620294518401582
2024-08-26,0.003700706198852698,False,0.021738815580492343,0.024911777403717472,0.015357670765314748,0.019270278912583986
2024-08-27,-0.0006754281156969496,False,0.02170050401903036,0.02487349761863461,0.015319295298363773,0.019231942629375758
2024-08-28,-0.005979686942712076,False,0.02170470876168724,0.024877485974205967,0.015323935217176487,0.019236315719300845
2024-08-29,0.009827580801596993,False,0.02177749540745161,0.02495090867576275,0.015395442690877647,0.01930860751919758
2024-08-30,-0.012710561536922458,False,0.021698229215664343,0.024872728414964036,0.01531399258283695,0.019228496482557644
2024-09-03,-0.0015651613535240963,False,0.021835988838659656,0.025012925844232745,0.015446849532642803,0.019364359513500982
2024-09-04,0.0014046919562063706,False,0.022073263438419283,0.025249007565059524,0.0156865231317102,0.01960256216268262
2024-09-05,0.0071931259247034075,False,0.021816671942766694,0.0249912508791313,0.015432274950695574,0.019346877174917853
2024-09-06,-0.007152981683501989,False,0.021774765249784455,0.024950113209686063,0.015388821674164803,0.019304372188320578
2024-09-09,0.0033231463116611603,False,0.021835087816308895,0.025011457347757608,0.01544708975773474,0.01936389998107735
2024-09-10,0.004188195346663044,False,0.021789454862692334,0.024964163338418322,0.015404797353958773,0.01931955931434838
2024-09-11,-7.959205722123827e-05,False,0.021752186105219957,0.024926319557872834,0.015368685025622962,0.01928273791981951
2024-09-12,0.015444721969289848,False,0.02161982052966714,0.02478111776354843,0.01526213437487045,0.01916035881069154
2024-09-13,0.011729349341314652,False,0.021515707369808377,0.024681326836310184,0.015149328771227929,0.019052882991492576
2024-09-16,-0.0003487790851909712,False,0.02139384740688186,0.0245535019771796,0.015039464813487165,0.01893566366586973
2024-09-17,-0.00625883189495714,False,0.021391618796658875,0.024551184155749823,0.015037415615958512,0.018933504461188775
2024-09-18,0.00249266043134922,False,0.021425966131230812,0.02458574656005104,0.015071330423710285,0.018967684473384185
2024-09-19,0.006707160271705417,False,0.021406020682129046,0.02456469891913637,0.015053601593012427,0.01894859651991483
2024-09-20,0.01225073519220459,False,0.021395109553792396,0.024552910681738926,0.015044454419065222,0.0189383677747895
2024-09-23,0.002516049581020544,True,,,,
2024-09-24,0.009360187860914403,True,,,,
2024-09-25,0.003012958044237874,True,,,,
2024-09-26,0.004015674633472966,True,,,,
2024-09-27,-0.00963458348443632,True,,,,
2024-09-30,-0.0031058092325682647,True,,,,
2024-10-01,0.01176615388576509,True,,,,
2024-10-02,-0.007602005078805537,True,,,,
2024-10-03,0.003770601213994833,True,,,,
2024-10-04,-0.004261843753354774,True,,,,
2024-10-07,-0.00037802895454220627,True,,,,
2024-10-08,-0.011331369029670978,True,,,,
2024-10-09,-0.0034476188142327953,False,0.0213372207451558,0.024489958619554397,0.014996748321701368,0.01888441813332173
2024-10-10,0.0055868577505378105,False,0.02135827346900522,0.024511672659321096,0.015016471072840163,0.01890495635914633
2024-10-11,0.014020160169731887,True,,,,
2024-10-14,-0.0036943716604866234,False,0.021364174533765146,0.024520338091090756,0.015016812717980763,0.01890870677044515
2024-10-15,0.0051231384715043505,True,,,,
2024-10-16,0.004723215245810717,True,,,,
2024-10-17,0.006337393065017404,True,,,,
2024-10-18,0.00840012761358353,True,,,,
2024-10-21,0.0034579737223619676,True,,,,
2024-10-22,0.007718602631013913,True,,,,
2024-10-23,-0.01091867720094922,True,,,,
2024-10-24,0.007523937915991553,True,,,,
2024-10-25,0.002191461563702766,True,,,,
2024-10-28,0.00072942126259476,True,,,,
2024-10-29,0.009253781457162933,True,,,,
2024-10-30,0.007234316137240295,True,,,,
2024-10-31,-0.01816650912342701,True,,,,
2024-11-01,0.0001095688511384859,True,,,,
2024-11-04,-0.0009132920834320161,True,,,,
2024-11-05,0.0015338367843668287,True,,,,
2024-11-06,-0.02688819289182318,True,,,,
2024-11-07,0.011479740190580862,True,,,,
2024-11-08,-0.004047575121093911,True,,,,
2024-11-11,-0.0288015263656269,True,,,,
2024-11-12,-0.00429842206071789,False,0.021134582937104726,0.02425815606385847,0.014852763749518967,0.01870447024496797
2024-11-13,-0.00741199771886598,False,0.021138951670636463,0.024261483746654385,0.014859226140609576,0.018709648906906566
2024-11-14,-0.004894201906120731,False,0.021136409050649913,0.02425325786312267,0.014868113134253756,0.018711527816467566
2024-11-15,-0.0009739185590534587,False,0.021131085412566388,0.024242119739513755,0.014874483010378844,0.018710727797489505
2024-11-18,0.017348790536743833,False,0.02113747795612943,0.02424857414550091,0.014880751142395563,0.018717072212625297
2024-11-19,0.006300496006653572,False,0.021054674400671367,0.024167756391078273,0.014793953941666244,0.01863272372125428
2024-11-20,0.007999532098494133,False,0.021030618047998148,0.024143688734708055,0.014769920321862657,0.01860867616275889
2024-11-21,0.008984571185138249,False,0.020995015194586616,0.02410210731998991,0.014746340955530188,0.01857772457798182
2024-11-22,0.014046981134497769,False,0.020969245039590415,0.02407658464201242,0.014720073099400858,0.018551761888020126
2024-11-25,-0.03495948190340738,True,,,,
2024-11-26,0.001336617767776714,False,0.021188114501132595,0.024320745957686647,0.014888078102795558,0.018750954507292292
2024-11-27,0.007452166991228204,False,0.021169776876153523,0.024299559091205424,0.014875470588562091,0.018734833567390335
2024-11-29,0.006456666117155565,False,0.021160452465674513,0.024290258322290217,0.014866098632524477,0.018725490763980557
2024-12-02,-0.008352473231234763,False,0.021090149890140998,0.02421372107367966,0.014808334610555878,0.01866003870980865
2024-12-03,0.003712425318383127,False,0.021106197049926,0.024230444467095148,0.014823021796611158,0.01867555976571787
2024-12-04,0.003434974654697664,False,0.021141173345383926,0.02426855065523711,0.014851703563617263,0.01870810103192312
2024-12-05,-0.010302322170881693,False,0.02110391389103769,0.02422861332430245,0.014819829587968828,0.018672924942243384
2024-12-06,0.004558239129528256,False,0.021121254240943497,0.024244583704592367,0.014839925084327195,0.018691331116580476
2024-12-09,0.00991798633808684,False,0.021110653202635075,0.024234337378115624,0.014828610684909588,0.018680454115555883
2024-12-10,0.012196028210303023,True,,,,
2024-12-11,0.013330075570755336,True,,,,
2024-12-12,-0.017081207143532985,True,,,,
2024-12-13,-0.011790161839593786,True,,,,
2024-12-16,-0.0017334660635325901,False,0.021193750779471682,0.02432647747478836,0.014893522846420338,0.018756516690703412
2024-12-17,-0.00264360600282425,False,0.021179988976554015,0.024313146292350284,0.01487889502248076,0.018742419868802526
2024-12-18,-0.0029918795594432402,False,0.021195354582031,0.024328178087733805,0.01489493195357269,0.018758045175625366
2024-12-19,-0.01694536281780769,False,0.02119350068902533,0.024326506291852207,0.014892711844966622,0.01875604961264289
2024-12-20,0.01398249166131256,False,0.021315130639725344,0.02445355964142208,0.015003434795990265,0.01887346020624981
2024-12-23,-0.006258330803749558,False,0.021263431992149175,0.024405011943249986,0.014945399272784042,0.018819310147476148
2024-12-24,0.00294323974486273,False,0.02123040804504773,0.024359804085026,0.014936878394304189,0.018795765177128967
2024-12-26,0.007149969097485895,False,0.021225378325323223,0.02435462080914108,0.014932157491436436,0.018790854922760076
2024-12-27,-0.008219261513672152,False,0.02110357721482394,0.024222979114546052,0.01483014678362063,0.018676709700994214
2024-12-30,-0.004250136932791706,False,0.021148007966775607,0.024268748484171442,0.014871885441023379,0.01872009902005257
2024-12-31,0.008824710411780469,False,0.020921319853698987,0.02400962712254567,0.014710423847315478,0.018518643691914284
2025-01-02,0.011232867866452192,False,0.020888916019439447,0.023977823840109727,0.014676812243038873,0.018485772633565666
2025-01-03,-0.005241401391997348,False,0.020867117262758052,0.023957745024057474,0.014651554513057602,0.018462635778052263
2025-01-06,-0.0024984295005021796,False,0.02087779679803242,0.023967701760672953,0.014663687669009287,0.01847387764438902
2025-01-07,0.006912096917743294,False,0.020889218971780373,0.023979670319737776,0.014674011007023915,0.018484874735118444
2025-01-08,0.0029316900271960217,False,0.020854332606050255,0.02394315956467604,0.0146423914513403,0.018451252130142932
2025-01-09,0.007217296123672955,False,0.02086739060105039,0.023956048125250234,0.014655790195983455,0.01846444194365099
2025-01-10,0.009161257237443541,True,,,,
2025-01-13,-0.013006500709167285,True,,,,
2025-01-14,0.001495047933117684,False,0.020855855250617488,0.02394474423086913,0.014643789364190514,0.018452726522425345
2025-01-15,0.012987195526811112,True,,,,
2025-01-16,0.012420208736854522,True,,,,
2025-01-17,-0.000764876477197021,True,,,,
2025-01-21,0.003891391478642485,False,0.02086460120863209,0.02395971217794075,0.014640022277478052,0.01845663182713547
2025-01-22,0.004563111323176753,True,,,,
2025-01-23,-0.0016272807543716752,True,,,,
2025-01-24,0.005125977145751084,True,,,,
2025-01-27,-0.014434155176814617,True,,,,
2025-01-28,0.010646340249542608,True,,,,
2025-01-29,0.000830957531606674,True,,,,
2025-01-30,0.019277756347583747,True,,,,
2025-01-31,-0.0037263817408137866,True,,,,
2025-02-03,0.007580052840268373,True,,,,
2025-02-04,0.006822415916365941,True,,,,
2025-02-05,0.006393163440626415,True,,,,
2025-02-06,-0.005447355250461389,True,,,,
2025-02-07,0.00394879297438717,True,,,,
2025-02-10,0.016258833046568513,True,,,,
2025-02-11,-0.0006178516064746903,True,,,,
2025-02-12,-0.0012024393787544148,True,,,,
2025-02-13,0.005792712774394366,True,,,,
2025-02-14,-0.014562544873085503,True,,,,
2025-02-18,0.01650883496677148,True,,,,
2025-02-19,-0.004170300117599673,True,,,,
2025-02-20,0.0070314990870447855,True,,,,
2025-02-21,-0.0008166266630073181,True,,,,
2025-02-24,0.003500064634192458,True,,,,
2025-02-25,-0.01483176087132524,True,,,,
2025-02-26,0.0042258832321174136,False,0.020583206838519455,0.02365633540889101,0.014402836718822238,0.018192339571970334
2025-02-27,-0.011586370186078948,True,,,,
2025-02-28,-0.016224097946286358,True,,,,
2025-03-03,0.01864901343751476,True,,,,
2025-03-04,0.00668996126638687,True,,,,
2025-03-05,0.001957098953760298,True,,,,
2025-03-06,0.0004458405723709752,True,,,,
2025-03-07,-0.004088489842890409,True,,,,
2025-03-10,-0.004727634903135915,False,0.02062391140994863,0.02369908378531188,0.014439430993200088,0.01823145408091369
2025-03-11,0.007546651957820141,True,,,,
2025-03-12,0.008954330271122598,True,,,,
2025-03-13,0.015261784579635519,True,,,,
2025-03-14,0.003412042879592822,True,,,,
2025-03-17,0.0018350159457296321,True,,,,
2025-03-18,0.011632116405335577,True,,,,
2025-03-19,0.00026348367390129166,True,,,,
2025-03-20,0.001349626670783865,True,,,,
2025-03-21,-0.007196904393713174,True,,,,
2025-03-24,-0.0016911295043418105,True,,,,
2025-03-25,0.0035117493782604987,True,,,,
2025-03-26,-0.0009264629905246514,True,,,,
2025-03-27,0.012925489441903849,True,,,,
2025-03-28,0.008557505502098309,True,,,,
2025-03-31,0.01169228804819296,True,,,,
2025-04-01,-0.0012497066576345498,True,,,,
2025-04-02,0.006710576935193882,True,,,,
2025-04-03,-0.013757020186500003,True,,,,
2025-04-04,-0.02782959105341858,True,,,,
2025-04-07,-0.02035854214521939,True,,,,
2025-04-08,0.0057772864227977104,True,,,,
2025-04-09,0.02924741627141751,True,,,,
2025-04-10,0.03178139946409088,True,,,,
2025-04-11,0.0210124709703548,False,0.020908541071066104,0.024029503956993912,0.01463197133986865,0.01848045912356161
2025-04-14,-0.00541463975573675,True,,,,
2025-04-15,0.004327834993182707,True,,,,
2025-04-16,0.03297325457193712,True,,,,
2025-04-17,-0.005395442489893157,True,,,,
2025-04-21,0.029041937846947277,True,,,,
2025-04-22,-0.0015865736672474797,True,,,,
2025-04-23,-0.03729596062718759,True,,,,
2025-04-24,0.016857972511505684,True,,,,
2025-04-25,-0.01499789191023496,True,,,,
2025-04-28,0.015147940676365497,True,,,,
2025-04-29,-0.004119486550149282,True,,,,
2025-04-30,-0.004166813216927875,True,,,,
2025-05-01,-0.02916553616172506,True,,,,
2025-05-02,0.006799232227835648,True,,,,
2025-05-05,0.024270706904035648,True,,,,
2025-05-06,0.029781859324395553,True,,,,
2025-05-07,-0.008832939557882192,True,,,,
2025-05-08,-0.025398132101867026,True,,,,
2025-05-09,0.011700918988177024,True,,,,
2025-05-12,-0.03521122337030222,True,,,,
2025-05-13,0.006284573623097743,True,,,,
2025-05-14,-0.018344612393290653,True,,,,
2025-05-15,0.012277391287757004,True,,,,
2025-05-16,-0.012088782158285714,False,0.02197086967253182,0.025243391284953988,0.015389500124744888,0.019424876355607648
2025-05-19,0.014631561796196542,True,,,,
2025-05-20,0.015793404801633753,True,,,,
2025-05-21,0.008801804902702907,True,,,,
2025-05-22,-0.005150277910234424,True,,,,
2025-05-23,0.021425434503964738,True,,,,
2025-05-27,-0.019362124406121534,True,,,,
2025-05-28,-0.0016685124798728683,True,,,,
2025-05-29,0.007109715550713264,True,,,,
2025-05-30,-0.008537804000789136,True,,,,
2025-06-02,0.02453766635895122,True,,,,
2025-06-03,-0.006070768059979941,True,,,,
2025-06-04,0.006930750112583484,True,,,,
2025-06-05,-0.006781516425104247,True,,,,
2025-06-06,-0.008391573926159246,False,0.022104132246364806,0.025405977635397432,0.01546378963949169,0.019535325286592922
2025-06-09,0.0028250744326858415,False,0.022130987197607456,0.025433443370216375,0.015489416243635272,0.019561705053532004
2025-06-10,-0.003366964044300687,True,,,,
2025-06-11,0.000120486130438958,True,,,,
2025-06-12,0.01778563010253441,True,,,,
2025-06-13,0.014768122634469274,True,,,,
2025-06-16,-0.010194021599707037,True,,,,
2025-06-17,-0.0028895213050230267,True,,,,
2025-06-18,0.0009444399210661637,True,,,,
2025-06-20,-0.0064221208610746846,True,,,,
2025-06-23,0.0028461738938607515,True,,,,
2025-06-24,-0.018013675886811464,False,0.02187050883466369,0.025141965441045546,0.015291281120958256,0.019325344083164674
2025-06-25,0.0029197688926843124,True,,,,
2025-06-26,0.0019217200310753606,True,,,,
2025-06-27,-0.018101974273062114,True,,,,
2025-06-30,0.006303198845365553,True,,,,
2025-07-01,0.012758252337171075,True,,,,
2025-07-02,0.003380872641776682,True,,,,
2025-07-03,-0.004910454236063616,True,,,,
2025-07-04,0.0002700746795615175,True,,,,
2025-07-07,-9.004121131513318e-05,True,,,,
2025-07-08,-0.007591297859755788,True,,,,
2025-07-09,0.0013900517720019155,True,,,,
2025-07-10,0.0017498283805606845,True,,,,
2025-07-11,0.011568474452741711,True,,,,
2025-07-14,-0.0013417817890844313,True,,,,
2025-07-15,-0.006495750023279325,True,,,,
2025-07-16,0.006794079381100563,True,,,,
2025-07-17,-0.0037055602760010316,True,,,,
2025-07-18,0.003854691586396078,False,0.022005364151995607,0.025293345551827894,0.015392903419450724,0.019447343255092186
2025-07-21,0.01447860287732854,True,,,,
2025-07-22,0.010904801640990577,True,,,,
2025-07-23,-0.013200213092493647,True,,,,
2025-07-24,-0.006829222657993172,True,,,,
2025-07-25,-0.011036651923321424,True,,,,
2025-07-28,-0.0074965057238816635,True,,,,
2025-07-29,0.0043120472958143976,True,,,,
2025-07-30,-0.008339380490785232,False,0.021933616142561906,0.02521488163977233,0.015334661764515535,0.019380820159415345
2025-07-31,-0.0007892237945701002,True,,,,
2025-08-01,0.01641380667687466,True,,,,
2025-08-04,0.007943973509988255,True,,,,
2025-08-05,0.0022201510582657955,True,,,,
2025-08-06,-0.0005619433653809127,True,,,,
2025-08-07,0.005987967888747476,True,,,,
2025-08-08,0.01134616025997749,True,,,,
2025-08-11,-0.025324517441945554,True,,,,
2025-08-12,-0.0012534156557426127,True,,,,
2025-08-13,0.002922075262479989,False,0.021993859226045437,0.025281899643084676,0.01538127980397162,0.01943579241426894
2025-08-14,-0.007021346864233285,True,,,,
2025-08-15,0.0002398515522892742,True,,,,
2025-08-18,-0.0012898149154139478,True,,,,
2025-08-19,-0.005507846531911064,True,,,,
2025-08-20,0.009013401028552843,True,,,,
2025-08-21,-0.0019460210593331287,True,,,,
2025-08-22,0.011175298783647576,True,,,,
2025-08-25,-0.00017778178523024962,True,,,,
2025-08-26,0.004377165544111227,True,,,,
2025-08-27,0.0047106015210283785,True,,,,
2025-08-28,0.007957432015570034,True,,,,
2025-08-29,0.012135375150160638,True,,,,
2025-09-02,0.02155825335719171,True,,,,
2025-09-03,0.012264609179004047,True,,,,
2025-09-04,-0.007654710471889562,True,,,,
2025-09-05,0.013205346467745164,True,,,,
2025-09-08,0.00686780141163577,True,,,,
2025-09-09,0.0014282835584511465,True,,,,
2025-09-10,8.235294082891736e-05,True,,,,
2025-09-11,-0.001840587103648067,True,,,,
2025-09-12,0.0034311001737597525,True,,,,
2025-09-15,0.008947642619622902,True,,,,
2025-09-16,0.0018178977764950366,True,,,,
2025-09-17,-0.0019265078645296421,True,,,,
2025-09-18,-0.01040214079746196,True,,,,
2025-09-19,0.007600662414640123,True,,,,
2025-09-22,0.018672448725779663,True,,,,
2025-09-23,0.010610006389506373,True,,,,
2025-09-24,-0.01291164894810577,True,,,,
2025-09-25,0.001285260502940439,True,,,,
2025-09-26,0.010223498096000606,True,,,,
2025-09-29,0.012006108728818521,True,,,,
2025-09-30,0.005194719543134664,True,,,,
2025-10-01,0.006927612517481628,True,,,,
2025-10-02,-0.0072140776340165556,True,,,,
2025-10-03,0.010647104699776156,True,,,,
2025-10-06,0.017294429424654912,True,,,,
2025-10-07,0.007091447444070091,True,,,,
2025-10-08,0.016633994907520277,True,,,,
2025-10-09,-0.024282758867578195,True,,,,
2025-10-10,0.007472669571045818,True,,,,
2025-10-13,0.03283124863445809,True,,,,
2025-10-14,0.007299414410765657,True,,,,
2025-10-15,0.009187545165353398,True,,,,
2025-10-16,0.02443046188439831,True,,,,
2025-10-17,-0.02132293911227755,True,,,,
2025-10-20,0.03436764429162454,True,,,,
2025-10-21,-0.059062035540049886,True,,,,
2025-10-22,-0.01064926865576389,True,,,,
2025-10-23,0.019854040473195667,True,,,,
2025-10-24,-0.0017225098547725875,True,,,,
2025-10-27,-0.028695490766858036,True,,,,
2025-10-28,-0.008960778782097539,True,,,,
2025-10-29,0.004402578266743398,True,,,,
2025-10-30,0.004408297096619672,True,,,,
2025-10-31,-0.0047849023856938715,True,,,,
2025-11-03,0.0045349523774452045,True,,,,
2025-11-04,-0.013236252040332198,True,,,,
2025-11-05,0.008224087134207535,True,,,,
2025-11-06,-0.0001005367923334668,True,,,,
2025-11-07,0.004887656635851291,True,,,,
2025-11-10,0.027716515886168476,True,,,,
2025-11-11,-0.0012167524528548244,True,,,,
2025-11-12,0.02348748385555354,True,,,,
2025-11-13,-0.004170992761122764,True,,,,
2025-11-14,-0.024002555332014903,True,,,,
2025-11-17,-0.0047327908648018505,True,,,,
2025-11-18,-0.0017221023533426794,True,,,,
2025-11-19,0.004029960569867122,True,,,,
2025-11-20,-0.0052125591455094164,False,0.022847552100388094,0.026289746379640443,0.015924953783223714,0.020169554926201514
2025-11-21,0.004967292782076356,True,,,,
2025-11-24,0.0037215603622990662,True,,,,
2025-11-25,0.01149319363831883,True,,,,
2025-11-26,0.006261760929431564,True,,,,
2025-11-28,0.012667816416397979,True,,,,
2025-12-01,0.004965958221290471,True,,,,
2025-12-02,-0.01250914319860585,True,,,,
2025-12-03,0.0030288262173034956,True,,,,
2025-12-04,0.0029722651693542806,True,,,,
2025-12-05,0.00026116008896670296,True,,,,
2025-12-08,-0.006118924040939417,True,,,,
2025-12-09,0.0046462393338665645,True,,,,
2025-12-10,-0.002451547168984526,True,,,,
2025-12-11,0.021010239753042382,True,,,,
2025-12-12,0.003401069596484952,True,,,,
2025-12-15,0.001533693992035725,True,,,,
2025-12-16,-0.0005110078294488002,True,,,,
2025-12-17,0.009939980130428714,True,,,,
2025-12-18,-0.0018418331441386099,True,,,,
2025-12-19,0.005033950243312225,True,,,,
2025-12-22,0.018896813791643464,True,,,,
2025-12-23,0.008557909489307347,True,,,,
2025-12-24,-0.0004908198003828014,True,,,,
2025-12-26,0.010766277995574931,True,,,,
2025-12-29,-0.04608798173882948,True,,,,
2025-12-30,0.010350630404542907,True,,,,
2025-12-31,-0.010235032825325435,True,,,,
2026-01-02,-0.0025926392560806856,True,,,,
2026-01-05,0.027997669976117596,True,,,,
2026-01-06,0.010158128512449065,True,,,,
2026-01-07,-0.007367304357957669,True,,,,
2026-01-08,8.998553214307117e-05,True,,,,
2026-01-09,0.009082749101682023,True,,,,
2026-01-12,0.025071135876622564,True,,,,
2026-01-13,-0.003284847544970745,True,,,,
2026-01-14,0.008051610829708839,True,,,,
2026-01-15,-0.002163894212595402,True,,,,
2026-01-16,-0.0060621179774391735,True,,,,
2026-01-20,0.036632293474919336,True,,,,
2026-01-21,0.015055377008505682,False,0.02318790642502645,0.026696494939957995,0.01613178263344229,0.020458255113651017
2026-01-22,0.015810444337397162,True,,,,
2026-01-23,0.013637113842028292,True,,,,
2026-01-26,0.02058565637353524,True,,,,
2026-01-27,3.931395514705028e-05,True,,,,
2026-01-28,0.04271712307880896,True,,,,
2026-01-29,0.0031638076649501356,True,,,,
2026-01-30,-0.1206569177115754,True,,,,
2026-02-02,-0.0195798858862585,True,,,,
2026-02-03,0.05905437776175919,True,,,,
2026-02-04,0.0033997461243729043,True,,,,
2026-02-05,-0.012063365980342067,True,,,,
2026-02-06,0.018303568705588632,True,,,,
2026-02-09,0.01993641500519393,True,,,,
2026-02-10,-0.009368841148208894,True,,,,
2026-02-11,0.013458784179660236,True,,,,
2026-02-12,-0.02959604886955879,True,,,,
2026-02-13,0.01976794067778529,True,,,,
2026-02-17,-0.028088975078812035,True,,,,
2026-02-18,0.020994975203204404,True,,,,
2026-02-19,-0.0021280217137131566,True,,,,
2026-02-20,0.016621856057854087,True,,,,
2026-02-23,0.028334005840505903,True,,,,
2026-02-24,-0.009439844361431814,True,,,,
2026-02-25,0.009766362602618253,True,,,,
2026-02-26,-0.0057594670615880765,True,,,,
2026-02-27,0.010377723577647786,True,,,,
2026-03-02,0.012142763938335153,True,,,,
2026-03-03,-0.0359591903930027,True,,,,
2026-03-04,0.0025030895869677847,True,,,,
2026-03-05,-0.01078021153640931,True,,,,
2026-03-06,0.015825837818907902,True,,,,
2026-03-09,-0.010666682586894306,True,,,,
2026-03-10,0.02678146977213648,False,0.025755698182132518,0.02963829996508825,0.01794739615487255,0.022735067805190044
2026-03-11,-0.01198431063117268,True,,,,
2026-03-12,-0.010035890037833716,True,,,,
2026-03-13,-0.012450581437074204,True,,,,
2026-03-16,-0.011645978438057513,True,,,,
2026-03-17,0.0014007005791852262,True,,,,
2026-03-18,-0.022466059027850406,True,,,,
2026-03-19,-0.0609633251253208,True,,,,
2026-03-20,-0.006607801222592188,True,,,,
2026-03-23,-0.037064759654085296,True,,,,
2026-03-24,-0.001090554444362892,True,,,,
2026-03-25,0.03363784006254085,True,,,,
2026-03-26,-0.03906243403134702,True,,,,
2026-03-27,0.026277237882447974,True,,,,
2026-03-30,0.007540510335148854,True,,,,
2026-03-31,0.026512431127413087,False,0.026773119848112082,0.030788965559748777,0.01869685090160561,0.023648826854961138
2026-04-01,0.02875884107881785,False,0.0268422585870933,0.030866829600245362,0.01874844218315506,0.023711177385344447
2026-04-02,-0.02792007119110018,True,,,,
2026-04-06,0.0011387268075569185,False,0.02700108763756325,0.031048309695674996,0.018861717707879797,0.02385238412008398
2026-04-07,6.448275631096513e-05,False,0.02698370960589421,0.031028247584755607,0.0188497376290845,0.023837094278698415
2026-04-08,0.01964639155775591,True,,,,
2026-04-09,0.00895028757749345,True,,,,
2026-04-10,-0.006342909169258469,True,,,,
2026-04-13,-0.004103411668917365,True,,,,
2026-04-14,0.017267418703531354,True,,,,
2026-04-15,-0.005194816877104023,True,,,,
2026-04-16,-0.003046322343529432,True,,,,
2026-04-17,0.014974913312609497,True,,,,
2026-04-20,-0.010554515098820284,True,,,,
2026-04-21,-0.022767989342933774,True,,,,
2026-04-22,0.007231599660169754,True,,,,
2026-04-23,-0.00580655654933497,True,,,,
2026-04-24,0.003648880135128687,True,,,,
2026-04-27,-0.00998122799658474,True,,,,
2026-04-28,-0.01810793161911003,True,,,,
2026-04-29,-0.010134994038567446,True,,,,
2026-04-30,0.015175128715866765,True,,,,
2026-05-01,0.0032883457515008366,True,,,,
2026-05-04,-0.024133880243911433,True,,,,
2026-05-05,0.007999735337601302,True,,,,
2026-05-06,0.027302885994594444,True,,,,
2026-05-07,0.0038159234729661404,True,,,,
2026-05-08,0.00437360801983576,True,,,,
2026-05-11,-0.0003601417575905551,False,0.027025597640436754,0.031092416111257473,0.018846817357171804,0.023861648284518002
2026-05-12,-0.008748200566985706,True,,,,
2026-05-13,0.0042878900568158315,True,,,,
2026-05-14,-0.004181003348170271,True,,,,
2026-05-15,-0.026490961871465643,True,,,,
2026-05-18,-0.0007245709743039084,False,0.027177046209005035,0.03125232256745324,0.01898125626448716,0.024006516690164473
2026-05-19,-0.01020015827174435,False,0.02715629609749493,0.031230646043838305,0.018962369260738444,0.023986487319204605
2026-05-20,0.005532456591871891,True,,,,
2026-05-21,0.0018740842574405403,False,0.027166286265606333,0.03124172345617535,0.018970172871544788,0.023995631620776326
2026-05-22,-0.0041497068847259145,True,,,,
2026-05-26,-0.004566948297148642,True,,,,
2026-05-27,-0.011824119457466382,True,,,,
2026-05-28,0.011579645153313877,True,,,,
2026-05-29,0.013510480926909142,True,,,,
2026-06-01,-0.018881179529217973,True,,,,
2026-06-02,0.00310117087321733,True,,,,
2026-06-03,-0.011741357101359375,True,,,,
2026-06-04,0.008774162180750182,True,,,,
2026-06-05,-0.03147911854461129,True,,,,
2026-06-08,-0.00027676589880344627,False,0.027235432886243912,0.031325609207918624,0.019009677619611795,0.024053311325763927
2026-06-09,-0.017660018336772308,False,0.02723155237781666,0.031321113658792955,0.019007034019783653,0.02404990931364419
2026-06-10,-0.03628413636623409,False,0.027275268296217996,0.03136530467183074,0.0190497944751681,0.024093255612555552
2026-06-11,-0.004366694979494386,False,0.027473985186788025,0.03158293634595869,0.019210471836819953,0.024277256966229895
2026-06-12,0.03003126251826821,False,0.027493063569120436,0.031602373525317674,0.01922882864230608,0.024296056207600086
2026-06-15,0.026455950090361686,False,0.027504030422797678,0.03162589067209875,0.019214555596409902,0.024297259042532115
2026-06-16,0.0006698085172190956,False,0.027518803955390976,0.03164923412125362,0.01921209416631531,0.02430536525466845
2026-06-17,0.006444359486307991,False,0.02751447634576505,0.03164412788722117,0.01920933244855051,0.02430164340805043
2026-06-18,-0.031413466062723494,False,0.027520062403369152,0.03165020211226499,0.019213936752417744,0.02430684967563746
2026-06-22,-0.010040578120389384,False,0.027662375067143172,0.03180691766308954,0.019327283764177507,0.02443795701870837
