date,actual_return,estimation_failed,var_0.01,es_0.01,var_0.05,es_0.05
2006-11-27,-0.003299244167219261,False,0.05155307985191226,0.059062534480398755,0.03645081258962566,0.0457107895442492
2006-11-28,0.011500044597111235,False,0.05018604368970401,0.05749636965187044,0.035484244169367726,0.044498673750399856
2006-11-29,0.014755030558336013,False,0.04953642214859541,0.05675212130082818,0.03502492664426249,0.04392267104339719
2006-11-30,0.03526335804857992,False,0.04928030021496375,0.05645869148868582,0.03484383460030085,0.04369557431436503
2006-12-01,0.005886926373915755,False,0.0511006242125222,0.05854417210749903,0.03613090200884366,0.045309608769605325
2006-12-04,-0.011965025036051935,False,0.0499067005566457,0.05717633613543433,0.03528673348289553,0.044250987381272366
2006-12-05,-0.00501489845863077,False,0.04955691394759459,0.05677559802789144,0.03503941545321607,0.04394084059435564
2006-12-06,0.0007852375747021617,False,0.04861187045296702,0.05569289522628866,0.03437121864692116,0.04310289484179979
2006-12-07,-0.008355057667508707,False,0.047274574145797124,0.05416080229450619,0.033425677910859,0.041917148612264345
2006-12-08,0.007883989118325012,False,0.04685730532620862,0.05368275221262292,0.03313064631263043,0.04154716708545009
2006-12-11,-0.017107973092323866,False,0.04625514533185691,0.05299287887176188,0.032704886665173204,0.0410132473108635
2006-12-12,-0.00015978269587404726,False,0.0467798119291607,0.05359397077709485,0.03307585429436806,0.041478455684042036
2006-12-13,-0.011087122489465875,False,0.04563506608481594,0.05228247607887078,0.03226645713798428,0.040463438995944866
2006-12-14,0.015392319284986364,False,0.045619026762935944,0.05226410039686883,0.03225511647089724,0.04044921734189442
2006-12-15,0.0009541985456818179,False,0.0458634971008497,0.0525441813891964,0.03242797020721356,0.04066598290077639
2006-12-18,-0.0015908371156488285,False,0.04463234557161328,0.05113369476347012,0.03155747956357914,0.03957435251493594
2006-12-19,-0.009920081350491588,False,0.0437930734834392,0.050172170509466124,0.03096406885590437,0.038830191547189905
2006-12-20,0.015001877263736411,False,0.04380656230404006,0.05018762417264447,0.030973606180797263,0.038842151737375576
2006-12-21,-0.015967128303931776,False,0.04420351559869628,0.0506423994784087,0.03125427360536068,0.0391941200109113
2006-12-22,-0.003385734794130805,False,0.04487914480373612,0.05141644388726375,0.031731979953918854,0.03979318304439521
2006-12-28,-0.02148113569780264,False,0.044196626850525965,0.05063450728404311,0.03124940288824243,0.03918801193514277
2006-12-29,-0.007603314486568788,False,0.04552135062238148,0.0521521963081901,0.03218605416261118,0.04036261042108183
2007-01-03,-0.032316919329220734,False,0.04515537501159661,0.05173291103574745,0.03192728963410167,0.040038109262839294
2007-01-04,-0.03687136484552126,False,0.047544060923207475,0.05446954373398044,0.03361621962140246,0.042156095604423634
2007-01-05,-0.03277760841120622,False,0.05007231193237873,0.0573660712127115,0.03540382967262649,0.04439783072727637
2007-01-08,0.0,False,0.051741291821492084,0.059278162256175965,0.036583888620194266,0.04587767225534785
2007-01-09,-0.008365067789420292,False,0.04994792703357214,0.05722356784733144,0.035315882829326295,0.044287541837686
2007-01-10,-0.005167970158442673,False,0.04916447512054748,0.056325994787493436,0.03476194000114459,0.04359287518310045
2007-01-11,-0.008286009446776899,False,0.04817492739806375,0.055192305071048144,0.03406227630143242,0.04271546867671173
2007-01-12,-0.03404835437978377,False,0.04755875005779855,0.05448637255431017,0.03362660563313291,0.04216912008214269
2007-01-17,-0.0017566121429227904,False,0.04936699486892226,0.05655801447779527,0.03490513240429319,0.04377244423354526
2007-01-18,-0.007057469010680727,False,0.04749522603003845,0.05441359532954123,0.03358169071364658,0.042112794961077456
2007-01-19,0.028318416741228137,False,0.047191186608435444,0.05406526815154505,0.03336671841696626,0.04184321102828484
2007-01-22,0.03845545579816254,False,0.047558215903911405,0.05448576059315349,0.03362622795747725,0.0421686464616337
2007-01-23,-0.007573694649066123,False,0.04831785307547462,0.055356049948647366,0.03416333247686393,0.042842197197672356
2007-01-24,0.021644278546008335,False,0.04805765899137654,0.055057954818195746,0.03397936120252625,0.04261148979759013
2007-01-25,0.01011021430027239,False,0.04824016443635182,0.0552670448312013,0.03410840241190674,0.04277331268013969
2007-01-26,-0.006849341845574783,False,0.048020778707247816,0.05501570238518385,0.03395328484920478,0.04257878899851114
2007-01-29,-0.010545552274107072,False,0.047718860439238765,0.05466980533760162,0.03373981232270985,0.04231108583803713
2007-01-30,-0.00036563071705324163,False,0.04754918481679059,0.054475413997062606,0.033619842490982,0.04216063882903597
2007-01-31,0.03291368045764553,False,0.0470143543450027,0.053862677701348005,0.033241688453427676,0.041686418409849116
2007-02-01,0.003884871564378561,False,0.04774147813467235,0.054695717628782885,0.03375580425529326,0.04233114036666879
2007-02-02,0.0033430135822851343,False,0.047281159088192075,0.05416834642937399,0.033430333820881085,0.041922987311268194
2007-02-05,0.030106079974777943,False,0.046806508128138115,0.053624555665080766,0.033094729949296464,0.041502126516834055
2007-02-06,-0.010796094921781428,False,0.04745898457802775,0.05437207478382116,0.0335560660491452,0.04208066059800162
2007-02-07,0.005326930716578023,False,0.04732709707725332,0.054220975953559236,0.0334628144609287,0.04196371934427372
2007-02-08,-0.019206404044314843,False,0.04689075234207995,0.05372107127200485,0.03315429515981298,0.04157682369389655
2007-02-09,-0.0005242464078127509,False,0.04716846578289161,0.054039237707855556,0.03335065356582334,0.04182306505683776
2007-02-12,-0.029985392081888232,False,0.046608328343639295,0.05339750811740946,0.032954606135072964,0.04132640560069922
2007-02-13,0.010748939035710931,False,0.0474661449523748,0.054380278170660115,0.033561128820644895,0.04208700951771264
2007-02-14,-0.01925039206557128,False,0.04729075054069177,0.05417933501619766,0.03343711549597271,0.04193149180543026
2007-02-15,-0.01463887074812003,False,0.04754979332290187,0.05447611114092448,0.033620272737676975,0.042161178375749175
2007-02-16,0.04558115862425632,False,0.047624146932528325,0.054561295433403594,0.03367284475660662,0.04222710580843123
2007-02-21,0.032206919196235084,False,0.0490348742412529,0.056177515658331525,0.034670305177848144,0.043477961417808415
2007-02-22,0.015125761047957213,False,0.049832555145900403,0.05709139036902646,0.03523430867182273,0.04418524455318167
2007-02-23,0.02958198899594645,False,0.04972716712733419,0.05697065105532749,0.03515979364915126,0.04409179970854768
2007-02-26,-0.0006626905477776831,False,0.05011381612388489,0.057413621092349244,0.03543317537826853,0.04443463142606278
2007-02-27,-0.0009948599726203537,False,0.049328219417918366,0.05651359081933513,0.03487771606560536,0.04373806303875703
2007-02-28,-0.014874511730525926,False,0.04866764326385456,0.0557567921569003,0.034410653037322235,0.04315234715828786
2007-03-01,0.029694476694988568,False,0.04859502690593515,0.055673598172064166,0.0343593093492038,0.04308796010199832
2007-03-02,0.01202289055871432,False,0.04896030620259907,0.0560920857021237,0.0346175815460117,0.04341184385642462
2007-03-05,-0.0351720724256799,False,0.048803673200437526,0.055912636828894226,0.0345068335514488,0.043272961403270374
2007-03-06,-0.0016742009602863912,False,0.04967448870096225,0.05691029925126644,0.035122547155775584,0.0440450911031971
2007-03-07,0.02400578814512876,False,0.04911056218403565,0.05626422864896561,0.0347238206424061,0.04354507196937037
2007-03-08,-0.003769569324782714,False,0.04861842695491483,0.05570040677794524,0.03437585444801063,0.04310870832339088
2007-03-09,-0.010730602345086894,False,0.048294572548049836,0.0553293782743711,0.03414687188625351,0.042821554952967474
2007-03-12,0.005627290586133332,False,0.048515383934745034,0.05558235404570839,0.03430299746589303,0.04301734272850274
2007-03-13,0.01523246224049081,False,0.04819557805676827,0.05521596379803948,0.03407687743278002,0.04273377908448376
2007-03-14,-0.01029336757690586,False,0.04814866646416869,0.055162218850823876,0.034043708402432274,0.04269218378226972
2007-03-15,-0.008079852679713458,False,0.04795668339549052,0.0549422706606085,0.03390796600106904,0.04252195733462361
2007-03-16,0.008736559319633805,False,0.04768080203697428,0.05462620317644128,0.03371290297621905,0.04227734043191785
2007-03-19,-0.007247602141580059,False,0.0476003025651351,0.054533977787680564,0.033655985500677284,0.04220596362133284
2007-03-20,-0.006301845067752261,False,0.04735184799240359,0.05424933219888316,0.033480314695098136,0.04198566534394457
2007-03-21,0.0011638541508285293,False,0.04703411660646558,0.05388531862313996,0.033255661439930126,0.041703941098643706
2007-03-22,0.022834667721219663,False,0.04654189069051547,0.053321392855436855,0.03290763112504703,0.04126749704298587
2007-03-23,0.024546030624048736,False,0.04673395292809225,0.05354143174665046,0.03304342950309865,0.041437793687657515
2007-03-26,0.020858593603383567,False,0.04693983787445996,0.053777306824895406,0.03318900128303172,0.04162034657258267
2007-03-27,-0.002797639375221979,False,0.04696414046032004,0.053805149435258305,0.033206184524172185,0.041641895050206545
2007-03-28,0.029143166785635624,False,0.04656136524747234,0.05334370416438406,0.03292140068892061,0.041284764631597075
2007-03-29,0.01559953637109377,False,0.047278955522208656,0.05416582188200942,0.03342877578068404,0.041921033466004155
2007-03-30,0.01887126620091289,False,0.04728126700309061,0.05416847006364442,0.033430410122544406,0.04192308299663228
2007-04-02,0.0068408679557478164,False,0.0473032590533436,0.05419366557534019,0.03344595969018491,0.041942582781778946
2007-04-03,-0.013728855912612546,False,0.047144912954974895,0.05401225406856692,0.033334000444054206,0.041802181370292436
2007-04-04,0.0013226543187687075,False,0.04711630405010197,0.053979477861299426,0.03331377240272451,0.04177681459039308
2007-04-05,0.015447698615892047,False,0.04657854012695456,0.05336338081444122,0.032933544256580474,0.04129999315535772
2007-04-11,0.014093010701459888,False,0.046530366042170694,0.05330818947472337,0.032899482576052796,0.04125727843380533
2007-04-12,-0.01187784328896507,False,0.046412760657627984,0.053173453158297905,0.03281632921559769,0.04115300076508906
2007-04-13,0.014498313561245936,False,0.046290419032591845,0.05303329069918118,0.032729827077240245,0.04104452359378148
2007-04-16,-0.024728961026484197,False,0.046193421088383334,0.05292216359599356,0.032661244290410056,0.040958518012220176
2007-04-17,-0.011391010458729596,False,0.046455165271602025,0.05322203462001007,0.032846311568569486,0.041190599845311614
2007-04-18,-0.01902210593461037,False,0.04633266217538304,0.05308168716908816,0.03275969526136235,0.04108197950166056
2007-04-19,0.016456260439672174,False,0.04683450077365188,0.05365662584586537,0.03311452226196607,0.041526946875414805
2007-04-20,0.0025658454949382186,False,0.04674639781131201,0.05355568940781024,0.03305222870786482,0.041448828245425846
2007-04-23,0.006910047023693622,False,0.046215866632018224,0.052947878658967,0.03267711450237135,0.04097841989828107
2007-04-24,0.01692188218983777,False,0.045901320945478816,0.052587514825996017,0.03245471370878428,0.0406995203306751
2007-04-25,-0.007386649038837812,False,0.04606417923281228,0.05277409578757351,0.032569863316282255,0.04084392258402681
2007-04-26,0.0010374213601791068,False,0.04578133322532457,0.05245004915218582,0.0323698759083471,0.04059313030626493
2007-04-27,-0.0034127193890865597,False,0.04514132364522426,0.05171681288383786,0.03191735455895702,0.04002565027779126
2007-04-30,-0.0007434391837472634,False,0.044739902205053,0.05125691858228708,0.031633527914124715,0.03966972021458402
2007-05-01,0.0025254414373161093,False,0.04423025487341249,0.05067303371674022,0.03127317971716356,0.03921782903785265
2007-05-02,-0.027526743642733484,False,0.04362762473683297,0.04998262175060945,0.030847087653752034,0.03868349240024851
2007-05-03,-0.01104136351307512,False,0.04444226751793594,0.05091592908135114,0.03142308411073916,0.03940581519507874
2007-05-04,0.004461889085634647,False,0.04429801468948056,0.05075066373388763,0.03132108956782039,0.039277909923431976
2007-05-07,-0.038177352209212395,False,0.04377142673475347,0.050147370597524644,0.0309487634351267,0.03881099793205899
2007-05-08,0.013465549996587988,False,0.04489984738266724,0.05144016209741656,0.031746617795671624,0.039811539488496354
2007-05-09,-0.0007870917368170432,False,0.04467549261234773,0.05118312679718034,0.03158798685237985,0.03961260988586577
2007-05-10,0.017638793376157997,False,0.04413198016257116,0.05056044386732112,0.031203694187347166,0.03913069138016674
2007-05-11,0.008473974134611479,False,0.044380133332357324,0.050844744149457846,0.03137915188476079,0.039350722411317894
2007-05-14,0.010378603538802716,False,0.04404962475177338,0.05046609219514434,0.031145464462695324,0.03905766895625684
2007-05-15,0.013273196375009556,False,0.04383312643154907,0.050218057751034925,0.030992388454062395,0.038865705465794494
2007-05-16,0.001347608199750795,False,0.04376881842416335,0.05014438234862454,0.03094691921862656,0.0388086852101655
2007-05-17,0.03311317175549919,False,0.04315456762126677,0.04944065699739615,0.030512610716327066,0.038264044826715145
2007-05-18,0.002602285695798181,False,0.043840017562706245,0.05022595267550402,0.0309972608560811,0.03887181565449617
2007-05-21,0.003603088138118655,False,0.04343392131397604,0.049760702611649714,0.030710128869042973,0.03851174055881346
2007-05-22,0.007738645670621448,False,4.8223981878538694e-06,5.524850504887279e-06,3.4096960469276718e-06,4.275896402247253e-06
2007-05-23,0.01361143941098635,False,0.06778082532210473,0.07765408670435044,0.047924705334448585,0.060099513944351104
2007-05-24,0.013289696888329962,False,0.042597290903267825,0.048802204833791524,0.030118585970052132,0.03776992189851119
2007-05-25,-0.017381990752944297,False,0.042448274861033204,0.04863148244130019,0.030013223577660737,0.03763779320775458
2007-05-30,-0.02438967189951375,False,0.04254350167425662,0.04874058042255801,0.030080554079199826,0.03772222837303916
2007-05-31,0.007951742679377594,False,0.043017995812722365,0.04928419152192165,0.030416047069449358,0.03814295011780574
2007-06-01,0.006869865504223014,False,0.04268030604520091,0.048897312336522725,0.030177282160258345,0.037843529289045164
2007-06-04,0.03224930132410168,False,0.0424280209156467,0.0486082782146819,0.029998902944061257,0.037619834555474976
2007-06-05,0.00646705473367198,False,0.04305269211390498,0.04932394184316002,0.030440579228839127,0.03817371443539604
2007-06-06,0.0019599614282079696,False,0.042983160608967286,0.04924428206493429,0.0303914166984367,0.03811206263887813
2007-06-07,0.011956210827132507,False,0.05878147018083362,0.06734384481658158,0.04156167506304202,0.052120017276484375
2007-06-08,-0.03258715310944313,False,0.042916873414706375,0.049168339178342645,0.030344548070955327,0.03805328748916752
2007-06-11,-0.017136282242987466,False,0.04472288470420829,0.05123742223535111,0.03162149562166389,0.03965463123441222
2007-06-12,-0.0042209508851394255,False,0.043334252404411196,0.049646515478219334,0.03063965756540803,0.03842336670098944
2007-06-13,0.009869456018484102,False,0.042935620494952025,0.04918981704303271,0.030357803269492445,0.038069910042895436
2007-06-14,0.027633149774038242,False,0.042454082793919934,0.048638136383942765,0.03001733009998289,0.037642942952418434
2007-06-15,0.0063021005443131654,False,0.042817177479272925,0.04905412108233347,0.03027405765857122,0.03796488966820112
2007-06-18,0.00972500023482945,False,0.04258190142384344,0.04878457365323452,0.030107704776688674,0.037756276443046945
2007-06-19,-0.0022145337770074713,False,0.04255098757387073,0.04874915675214578,0.030085847014649704,0.037728865927629356
2007-06-20,-0.02270276878535895,False,0.04221805390436178,0.04836772645949317,0.02985044492369981,0.037433662208611315
2007-06-21,0.01770206382340323,False,0.042423529639430926,0.0486031327188722,0.02999572736913732,0.03761585225640625
2007-06-22,0.003197778185529179,False,0.04341941327664833,0.049744081268029275,0.03069987090286143,0.03849887665537856
2007-06-25,-0.009484032036001495,False,0.04251306823464351,0.048705713910573274,0.030059035993239072,0.0376952438251274
2007-06-26,0.0007004272892646994,False,0.042712876840172685,0.048934627540708396,0.030200311471927435,0.037872408974963453
2007-06-27,0.00600350843292561,False,0.04185754534257762,0.04795470459111947,0.02959554589418892,0.037114008542061185
2007-06-28,0.0016689850883881618,False,0.04125515189618464,0.047264563792537635,0.029169621183526367,0.03657988177155587
2007-06-29,0.0036066067669793225,False,0.040289083897256654,0.046157773962308364,0.028486558916850705,0.03572329413195643
2007-07-02,0.009371623165300935,False,0.039726084333466215,0.04551276533732728,0.02808848780942675,0.03522409690362683
2007-07-03,0.018483809734321503,False,0.04025692056760847,0.04612092557668704,0.028463817705178536,0.03569477573505727
2007-07-06,0.015528671035238069,False,0.04047451190547796,0.046370212252332205,0.02861766653633644,0.03588770837614438
2007-07-09,0.00676733452013521,False,0.04091122039036212,0.046870533669024377,0.02892644302814911,0.03627492655403153
2007-07-10,0.010065899934715095,False,0.04012334017163849,0.04596788725646358,0.028369369148600804,0.035576333434714384
2007-07-11,-0.005665737535677308,False,0.03992967531734763,0.04574601230414158,0.02823243763395161,0.03540461579103458
2007-07-12,0.01027758275824023,False,0.03970369147618079,0.0454871106352351,0.02807265484956088,0.0352042417331965
2007-07-13,-0.0015349197180835905,False,0.03954564098672013,0.04530603779709955,0.027960904614898315,0.03506410243052332
2007-07-16,0.0006398362237607546,False,0.03843447322886175,0.04403301232121067,0.027175248979702974,0.034078858567814785
2007-07-17,-0.007447389326381118,False,0.03740296003433924,0.04285124425238767,0.026445913424091708,0.03316424235705922
2007-07-18,0.0052702737837338,False,0.03786225761518431,0.043377445194859976,0.026770661627115534,0.03357148970516142
2007-07-19,0.004732374375181654,False,0.03693006905539375,0.04230946983600619,0.026111553954233046,0.03274494209259307
2007-07-20,0.009145243466552589,False,0.036127504749264405,0.04139000038549687,0.025544097631587014,0.032033328970766294
2007-07-23,-0.009272851454985964,False,0.03554996523473882,0.04072833385483672,0.025135745993478342,0.03152123954220448
2007-07-24,-0.03216044800952664,False,0.03481238753032795,0.03988331724818825,0.02461423870912218,0.030867248368142645
2007-07-25,-0.00886894422850174,False,0.037385350281564395,0.04283106938342847,0.02643346237752011,0.03314862824233844
2007-07-26,0.027150989065950898,False,0.037154588054098,0.042566693286875984,0.026270301015865204,0.032944017312307124
2007-07-27,-0.009099243855114146,False,0.03785451218973632,0.04336857153573231,0.02676518519288032,0.033564622035691404
2007-07-30,-0.006681977039938681,False,0.0375203191706644,0.0429856984509672,0.026528892673753558,0.033268301683816504
2007-07-31,0.012281314541949128,False,0.03753482243909596,0.04300231433103252,0.02653914726806789,0.03328116135879389
2007-08-01,0.0012976902937105017,False,0.03687537569416588,0.04224680959257072,0.026072882793058187,0.03269644689634609
2007-08-02,-0.012659222890517952,False,0.03626846669171564,0.04155149548162625,0.025643765340312062,0.032158316298461276
2007-08-03,-0.01029712068624369,False,0.03675724515410875,0.042111471624104925,0.025989358119283067,0.03259170358574639
2007-08-06,-0.036072806771563624,False,0.03597698710925288,0.04121755766570931,0.025437673528444137,0.031899868851894095
2007-08-07,-0.031726509769637506,False,0.0388147915527868,0.04446872953121782,0.02744415458126187,0.034416077040788605
2007-08-08,0.004392497320992111,False,0.040007237604237134,0.045834872664316934,0.02828727836105372,0.03547338827529277
2007-08-09,-0.0092323644197626,False,0.038701668998565635,0.0443391290344407,0.027364170824027194,0.03431577418238392
2007-08-10,-0.00730400669258615,False,0.037894633215828366,0.04341453677182989,0.026793552925849635,0.03360019631729128
2007-08-13,0.024562887484700358,False,0.037850828650655144,0.04336435143569916,0.02676258073174822,0.03356135593635842
2007-08-14,-0.028595731780960233,False,0.03863196502496613,0.04425927166498833,0.027314886348963313,0.03425396946234087
2007-08-15,0.02859573178096031,False,5.654734958946747e-13,6.478429212176739e-13,3.9982031107483256e-13,5.013908002769605e-13
2007-08-16,-0.03612872408850554,False,-0.0,-0.0,-0.0,-0.0
2007-08-17,0.014866406436582096,False,0.04601888893631705,0.05272220830178099,0.03253784062987015,0.040803764843355704
2007-08-20,-0.020699877842624063,False,0.0453303736539925,0.05193340077137955,0.03205102312850656,0.04019327605667714
2007-08-21,-0.007192691559677112,False,0.0457095945843359,0.052367860736495776,0.03231915281351699,0.04052952149899592
2007-08-22,-0.0022122271392131434,False,0.04414451246025397,0.05057480167612975,0.03121255519886124,0.03914180344609046
2007-08-23,0.01465657190670161,False,0.04372366389996479,0.050092650412335106,0.03091499253056324,0.038768647855296684
2007-08-24,0.010997072192722078,False,0.04481798126822262,0.05134637099471133,0.0316887340299755,0.03973895091107415
2007-08-27,-0.009252632151572111,False,0.043663591209998534,0.05002382726282291,0.030872517893354278,0.03871538294665704
2007-08-28,0.011696039763191236,False,0.042674387344132945,0.048890531490704985,0.03017309731884786,0.037838281329084865
2007-08-29,0.011702716690069098,False,0.04438635258543084,0.050851869327044746,0.031383549232676396,0.0393562368630089
2007-08-30,0.013808870967339456,False,0.043505821766171064,0.04984307640869779,0.030760966373137754,0.03857549283991604
2007-08-31,0.011547954416942185,False,0.04257411171292851,0.04877564925781863,0.030102197030235835,0.037749369506792786
2007-09-05,0.006714138288135542,False,0.04258331631523893,0.04878619464410592,0.030108705181344224,0.037757530990844924
2007-09-06,0.01974489375743886,False,0.041206190324622874,0.047208470257158415,0.029135002707303067,0.03653646880573803
2007-09-07,-0.01493847595971801,False,0.04045911880958086,0.04635257692851073,0.0286067827859314,0.03587405971404683
2007-09-10,-0.0014661782033373548,False,0.0398387640434962,0.04564185848322669,0.028168158451893785,0.035324007103480715
2007-09-11,0.016667052485211862,False,0.03895416723474662,0.044628407304982784,0.027542700718122412,0.034539657872117255
2007-09-12,0.011996492808987506,False,0.04098012229380237,0.04694947213515278,0.02897516039627888,0.03633602009910008
2007-09-13,0.008903859068579708,False,0.039850593501543616,0.04565541107360184,0.028176522517815005,0.035334495979582416
2007-09-14,0.005508949938997051,False,0.03863253741097151,0.0442599274273264,0.02731529105679204,0.03425447698228545
2007-09-17,-0.0035837744743400625,False,0.038608218364086004,0.044232065958150726,0.027298096176817294,0.03423291390909384
2007-09-18,-0.012775191488722805,False,0.037880628953406985,0.04339849258524566,0.02678365115574309,0.03358777909810467
2007-09-19,0.018910964285697957,False,0.038023384785535234,0.0435620428771307,0.026884587241383956,0.033714357021622975
2007-09-20,0.00012742911772578534,False,0.03807979702615362,0.043626672379697966,0.026924473743149678,0.03376437630400211
2007-09-21,0.0054641472758359694,False,0.03766079972164129,0.043146642033964205,0.02662822001269926,0.03339286217407646
2007-09-24,-0.013267192944048798,False,0.03732824120782876,0.04276564154388245,0.026393083177094368,0.03309799109596241
2007-09-25,-0.01357574667113607,False,0.037447342362401714,0.04290209151096156,0.026477294127769235,0.03320359502548127
2007-09-26,-0.007972335239732611,False,0.03757735577433741,0.04305104326413372,0.026569220633929858,0.03331887457285252
2007-09-27,0.03443502261635398,False,0.03726836028691989,0.04269703809737532,0.02635074413096922,0.0330448962240121
2007-09-28,0.026151005403642992,False,0.04066825968157952,0.046592182205230655,0.028754656681185622,0.03605949954446032
2007-10-01,-0.03314804431887578,False,0.04045456013134261,0.0463473542125953,0.028603559554136206,0.0358700176513389
2007-10-02,-0.01881498801810648,False,0.041823258472554255,0.047915423340633624,0.029571303224748092,0.03708360725654593
2007-10-03,0.012025747823305281,False,0.041115582728408956,0.04710466434893831,0.02907093824174102,0.0364561293813323
2007-10-04,0.0005140066934037316,False,0.03993264082090688,0.045749409776353195,0.028234534405178133,0.03540724522674393
2007-10-05,0.015425125777731322,False,0.03982043928702949,0.045620864459906096,0.028155201859084256,0.03530775901338202
2007-10-08,-0.027054666331331998,False,0.039603187915584856,0.04537196727173186,0.028001593402555272,0.035115127811777155
2007-10-09,0.011372570232258466,False,0.03971297311379007,0.04549774427813107,0.028079217468787367,0.03521247152246617
2007-10-10,0.00038543072359976157,False,0.03954085293177687,0.0453005522924315,0.027957519201380693,0.03505985698539246
2007-10-11,0.0375642854657458,False,0.03917844880678476,0.04488535874454513,0.02770127990627475,0.034738522571714996
2007-10-12,-0.00012372409542547253,False,1.4252901141009267,1.6329043143585324,1.0077571113922879,1.263768074231742
2007-10-15,0.020573833690307686,False,0.039981749609167026,0.045805671972680505,0.028269256971560512,0.03545078872582063
2007-10-16,0.023124495340773384,False,0.09669530830264048,0.11078038396779995,0.06836880689495574,0.08573724208980192
2007-10-17,0.009548018549007638,False,0.04804890866715029,0.05504792988219168,0.03397317425056555,0.04260373111022753
2007-10-18,-0.002466671832715188,False,0.03980784018177123,0.045606430112028605,0.028146293611005086,0.035296587710899975
2007-10-19,-0.009215566165230095,False,0.03957130455309897,0.04533543963455513,0.027979050142791968,0.0350868576545578
2007-10-22,-0.018327158472352147,False,3.4851050988718804e-08,3.992761260068515e-08,2.464157586298224e-08,3.0901530261962254e-08
2007-10-23,-0.0049688037755662995,False,0.3602120198541126,0.4126821308057787,0.25468935834578943,0.3193907304502099
2007-10-24,0.013994678878092578,False,-0.0,-0.0,-0.0,-0.0
2007-10-25,0.02285881493187891,False,7.781900727483893e-08,8.915447561238361e-08,5.502224228375859e-08,6.900011161894945e-08
2007-10-26,-0.008112442351064772,False,0.0326256610582276,0.037378062314271106,0.0230681049563325,0.02892833426554883
2007-10-29,0.05913052322682267,False,0.03986809396847991,0.04567546073765328,0.028188896293394623,0.03535001319336187
2007-10-30,0.0,False,0.043285422961763804,0.049590573318249356,0.0306051325114654,0.03838007089048055
2007-10-31,0.0,False,0.04290969453492429,0.04916011459048334,0.030339472215113312,0.03804692216116335
2007-11-01,0.005437509929520347,False,0.04250884272343537,0.048700872892303466,0.030056048328533383,0.037691497173053326
2007-11-02,0.019181823400341746,False,0.042035154341738976,0.04815818491988216,0.029721125051850466,0.03727148987208358
2007-11-05,0.0005426819474368985,False,0.04216785452087284,0.04831021480690662,0.02981495124757171,0.037389151706804145
2007-11-06,0.019662196684628874,False,0.0418487630670642,0.04794464304965933,0.02958933635094204,0.037106221524314295
2007-11-07,0.009108302748813125,False,0.042041068521497714,0.04816496058579635,0.029725306696451067,0.037276733823115304
2007-11-08,-0.004755623229568047,False,0.04201242373304731,0.048132143267987294,0.0297050532834935,0.03725133522617101
2007-11-09,-0.022280270391665673,False,0.04189340173683696,0.04799578398983567,0.029620898302057497,0.03714580148433568
2007-11-12,-0.008266307675423414,False,0.04097290636496066,0.046941205101500356,0.028970058344750152,0.036329621920647946
2007-11-13,-0.027347400351813548,False,0.041059415049883856,0.04704031503248425,0.029031224658587623,0.03640632694586919
2007-11-14,0.018240968448985057,False,0.04199660907810674,0.04811402497892666,0.029693871468070173,0.03723731277851551
2007-11-15,-0.004529143340131088,False,0.042216889522001935,0.048366392467935844,0.02984962164246611,0.037432629780730135
2007-11-16,0.01832095564765938,False,0.04222460180315214,0.048375228154817505,0.029855074641892184,0.03743946806200404
2007-11-19,-0.004357780074169579,False,0.0423256987229305,0.04849105130888364,0.02992655562589576,0.03752910809974446
2007-11-20,0.027354710144232512,False,0.04170324282961069,0.04777792567667439,0.029486445681390337,0.03697719247371685
2007-11-21,0.008884246695732258,False,0.042810463644012524,0.04904642927948286,0.03026931061432988,0.03795893668320965
2007-11-26,-0.004731621256071526,False,0.04284703926115549,0.049088332666338774,0.030295171551632902,0.037991367341910845
2007-11-27,-0.017543376940813007,False,0.04262353836784611,0.04883227562269746,0.030137144345517654,0.037793194850056555
2007-11-28,-0.01720170072330753,False,0.04195164973866312,0.048062516658885786,0.029662082786173372,0.037197448488947175
2007-11-29,0.007609559493548142,False,0.04253703612103548,0.048733173067630704,0.030075982583773583,0.03771649553334408
2007-11-30,-0.040104794546347404,False,0.042468674279356126,0.048654853331100346,0.03002764706848538,0.03765588084714418
2007-12-03,-0.009741807899389283,False,0.04454279747791576,0.051031102689691854,0.03149416422353539,0.039494952524152575
2007-12-04,0.02384546679592117,False,0.04457602163226145,0.051069166424531,0.03151765549557931,0.03952441152701805
2007-12-05,0.00808107569206345,False,0.045274053891160036,0.05186887721733049,0.03201120201353156,0.040143338771971515
2007-12-06,-0.025006884680910314,False,0.045095538987718974,0.05166435902617607,0.03188498233260315,0.03998505419993147
2007-12-07,0.0,False,0.046179923020592505,0.05290669933863775,0.03265170042725427,0.04094654962278907
2007-12-10,-0.012856426014539072,False,0.04542909728266827,0.05204650493003393,0.03212082606748451,0.04028081175825706
2007-12-11,0.005025710178384608,False,0.04553201327746508,0.052164412133807826,0.03219359323580092,0.040372064723015084
2007-12-12,0.04369356545778324,False,0.04413281112545884,0.05056139587201893,0.03120428172300119,0.039131428173580195
2007-12-13,0.009551793017310354,False,0.046521623139210204,0.05329817304100017,0.032893300871327934,0.04124952632668816
2007-12-14,-0.007699436181472444,False,0.045720985817804594,0.052380911268519306,0.03232720703098614,0.040539621812638336
2007-12-17,-0.01690675905624088,False,0.04523171241866271,0.051820368094567935,0.031981264304995,0.04010579567767185
2007-12-18,0.0043086847854462325,False,0.045949080726111605,0.052642231512147517,0.032488482453894525,0.04074186769939596
2007-12-19,0.002972097515005447,False,0.04259282347382307,0.0487970866583813,0.03011542725608362,0.03776596074376079
2007-12-20,0.0008789277647780517,False,0.04242475401051149,0.04860453543737846,0.029996593065637435,0.0376169378747427
2007-12-21,-0.0003295073894386701,False,0.0415963698535965,0.04765548509991364,0.02941088071357893,0.03688243095551881
2007-12-24,0.00613297289769883,False,0.04082497520115733,0.04677172561573622,0.028865463020019803,0.036198455163684556
2007-12-28,0.002714272467107991,False,0.04048297784475296,0.0463799113785876,0.028623652412772815,0.03589521490668738
2007-12-31,-0.023629791429796862,False,0.039887462228242875,0.04569765026567685,0.028202590699409454,0.03536718653098604
2008-01-03,0.014734739111942436,False,0.04083742332185645,0.04678598698596123,0.02887426451385877,0.036209492592042536
2008-01-04,-0.01617893164684095,False,0.040969348404353775,0.046937128872269675,0.028967542674383697,0.03632646716851722
2008-01-07,-0.02805585460356782,False,0.041093866784382316,0.04707978516234982,0.02905558389611908,0.036436874412472876
2008-01-08,0.022880931028470258,False,0.041770228362979576,0.04785466862560494,0.029533808072348535,0.037036586822747596
2008-01-09,0.004038735878630463,False,0.04207780183067584,0.04820704463482201,0.029751279130542197,0.03730930430328697
2008-01-10,-0.04178704594967165,False,0.041503098994605477,0.047548627986022524,0.02934493317735178,0.0367997300845292
2008-01-11,-0.010180960894507474,False,0.04307437519207878,0.04934878337650701,0.03045591033652755,0.03819294026294934
2008-01-14,0.007807456705477077,False,0.04286363599014338,0.0491073469498874,0.030306906335658926,0.038006083234502865
2008-01-15,-0.018643221895868825,False,0.04249520626026357,0.04868525008026994,0.0300464066123665,0.03767940607199855
2008-01-16,-0.030957380765121972,False,0.043092660282887774,0.0493697319562909,0.030468838883574153,0.038209153182529855
2008-01-17,0.009714297560138306,False,0.0438180582188934,0.050200794634416304,0.030981734413660734,0.03885234486930851
2008-01-18,0.007837908225021116,False,0.043345669986201034,0.04965959619657956,0.030647730412563697,0.038433490377010326
2008-01-23,-0.011988497754486856,False,0.04405952273096367,0.050477431958721834,0.031152462868717184,0.03906644523974913
2008-01-24,0.0072103316671127725,False,0.04367907555650942,0.05004156712923501,0.03088346616287304,0.03872911251832613
2008-01-25,0.036611981651016264,False,0.04348449636299277,0.04981864465090283,0.030745888160994404,0.03855658415357899
2008-01-28,-0.0005498433085137242,False,0.04459491036975753,0.05109080658090688,0.031531010853445465,0.03954115968458537
2008-01-29,0.017230524432401806,False,0.04387269189823585,0.05026338650243317,0.031020363376518315,0.03890078714716319
2008-01-30,-0.00032441200608931714,False,0.044143075466923865,0.05057315536385605,0.03121153916694387,0.0391405293010757
2008-01-31,-0.009563211331129962,False,0.043228498943023476,0.0495253574896457,0.030564884154918863,0.03832959782760775
2008-02-01,-0.0018580255632220815,False,0.04280693176198099,0.04904238292755069,0.030266813382925088,0.03795580505428074
2008-02-04,-0.0035068529090087636,False,0.04267867460259382,0.04889544325061146,0.030176128642197108,0.03784208273085931
2008-02-05,-0.01649270877583381,False,0.041990096190537854,0.04810656339471657,0.029689266504702848,0.037231537968672096
2008-02-06,-0.009757269133638306,False,0.04198139720629101,0.04809659727710537,0.029683115852881217,0.03722382480314836
2008-02-07,-0.002030686618403954,False,0.04200692390787577,0.048125842313422346,0.02970116460997139,0.03724645867269121
2008-02-08,0.03222501060803216,False,0.04120146844552936,0.04720306056781349,0.029131664083686337,0.03653228203703057
2008-02-11,0.026757449169549332,False,0.04207505699962552,0.048203899979274406,0.029749338386701234,0.03730687053221382
2008-02-12,0.0037192540615062645,False,0.04247012850003357,0.04865651938013467,0.03002867528106802,0.037657170267204595
2008-02-13,-0.004891025167618432,False,0.04166232668135226,0.04773104949732176,0.02945751575409324,0.03694091317774899
2008-02-14,0.022136457818946888,False,0.0411808450868673,0.04717943311751219,0.029117082254943635,0.03651399583550381
2008-02-15,0.010784011601745412,False,0.041548356787379656,0.047600478233455076,0.029376932881877104,0.03683985900498711
2008-02-20,0.008722029537262758,False,0.04117804513888664,0.047176225316453047,0.02911510254045525,0.03651151319366658
2008-02-21,-0.003684753401454869,False,0.041025776746887524,0.04700177682223008,0.029007440561073478,0.03637650072805043
2008-02-22,-0.014980392751368966,False,0.04036769357843733,0.046247834284961514,0.028542140208301727,0.035792995313785186
2008-02-25,0.014057079015602872,False,0.04030424294712583,0.04617514114789961,0.028497277184069764,0.03573673527146257
2008-02-26,0.016490601707309985,False,0.04000429437626135,0.04583150071245097,0.028285197339868142,0.03547077859077018
2008-02-27,-0.007804225491581581,False,0.04013368959577607,0.0459797442244999,0.028376686750589533,0.03558551000282663
2008-02-28,0.015648191695355338,False,0.04006382150535659,0.04589969883222977,0.02832728623606759,0.0355235597646217
2008-02-29,0.010661188011229485,False,0.03932615830621434,0.045054584277300906,0.027805718502317524,0.034869492784581166
2008-03-03,0.009174828824010793,False,0.03972397423211884,0.04551034786908009,0.028086995853776782,0.03522222593105092
2008-03-04,-0.03223349457498431,False,2.158595023822874e-08,2.4730257317308776e-08,1.52624329906737e-08,1.9139706711736054e-08
2008-03-05,0.023554083150256807,False,0.12281458765621195,0.14070431560980562,0.08683654848145181,0.10889653509437443
2008-03-06,0.02465637085801264,False,0.04033564321591648,0.04621111532176989,0.02851947887049159,0.03576457708193141
2008-03-07,0.011435285327202598,False,0.04016422821407002,0.04601473123596754,0.028398279203559886,0.03561258780996865
2008-03-10,0.006381277904388869,False,0.03297311187896398,0.0377761243920157,0.02331377145748342,0.029236409969062172
2008-03-11,0.013672364223589561,False,0.04131263929904157,0.047330425070334796,0.029210267883079944,0.036630854372630084
2008-03-12,0.011267987172628112,False,0.040991022409054785,0.04696196001046082,0.028982867366636664,0.03634568495085563
2008-03-13,0.010959266108943272,False,0.040442110167310134,0.046333090730528666,0.028594756756960965,0.03585897858854465
2008-03-14,-0.0001832005134739707,False,0.039756405282052674,0.04554750297233395,0.028109926358154378,0.03525098170863943
2008-03-17,-0.044489239538118765,False,0.6033175527743737,0.6911995144756515,0.42657810379867267,0.5349461518582367
2008-03-18,0.00896268394817909,False,0.05699723382757294,0.06529970853144883,0.040300123568638144,0.05053798080697804
2008-03-19,-0.025962996785255408,False,8.342194428126144e-07,9.557356174814736e-07,5.898382144370881e-07,7.396809170987635e-07
2008-03-20,-0.028357381032051324,False,0.031848019014051314,0.03648714541503825,0.022518270019302417,0.028238819072194516
2008-03-25,-0.010157426505840965,False,0.04753877374099871,0.05446348639691336,0.033612481297942975,0.04215140759598804
2008-03-26,0.02880735849617207,False,0.015454072607132972,0.017705182674697565,0.010926864233275806,0.013702728577524524
2008-03-27,0.010255507841341072,False,0.1108940254791726,0.12704735046573368,0.07840806701872646,0.09832687930486544
2008-03-28,-0.011715291079500612,False,0.042121747877630865,0.04825739206161037,0.029782351359906842,0.03734827013247571
2008-03-31,-0.0034144709042756593,False,0.04212017632243866,0.048255591586585524,0.02978124018548332,0.037346876674919836
2008-04-01,-0.036219260914748204,False,1.1965764036926355e-06,1.3708751311180173e-06,8.460441619677678e-07,1.0609735115714872e-06
2008-04-02,0.0016199254327100997,False,0.043926470143594944,0.05032499833008616,0.031058387501335185,0.038948470933713474
2008-04-03,0.0344038702742228,False,0.04295261826226274,0.04920929078195893,0.030369821609278633,0.03808498152585037
2008-04-04,-0.000977899549863762,False,0.043669422015024516,0.05003050740926391,0.03087664058751453,0.0387205529714583
2008-04-07,0.03622087672363115,False,0.044411595520121305,0.050880789261698985,0.031401397351241915,0.039378619123747335
2008-04-08,-0.008813969773606677,False,0.045888727497245874,0.052573086959171726,0.03244580946052763,0.040688354044131875
2008-04-09,0.022682258009665918,False,0.0452269408140222,0.05181490143642808,0.03197789052273014,0.0401015648186012
2008-04-10,-0.0008378718546311942,False,0.04541284411007017,0.05202788424685169,0.03210933419638656,0.040266400488276836
2008-04-11,-0.002051091526458051,False,0.044569450443731576,0.05106163804697842,0.031513009310282884,0.0395185850232125
2008-04-14,0.010860087244378789,False,0.043999085015479764,0.0504081906124252,0.031109730138746888,0.03901285667237438
2008-04-15,0.022997910830812818,False,0.043492140999272975,0.04982740283945697,0.030751293331842896,0.038563362455887026
2008-04-16,0.0009919293838252354,False,0.043539725503523016,0.04988191871767557,0.030784938147081307,0.03860555441154883
2008-04-17,0.0035089333767586903,False,0.043019991743238034,0.04928647818869775,0.030417458300153275,0.038144719858042575
2008-04-18,-0.006035782478667761,False,0.042957212654838955,0.04921455441452422,0.030373070093040223,0.03808905525554291
2008-04-21,0.006125593426682576,False,0.042477028983017716,0.04866442501866011,0.03003355429533362,0.03766328874793064
2008-04-22,0.019476804039203707,False,0.04183836501620111,0.04793273037170887,0.02958198436723134,0.03709700184013561
2008-04-23,0.015729090444686466,False,0.04193117632193372,0.0480390609917368,0.029647606974477613,0.0371792952370744
2008-04-24,-0.004257359052159367,False,0.0417518306986758,0.047833591074362185,0.029520799929759384,0.037020274087145554
2008-04-25,0.015293856658902748,False,0.04099960136610241,0.046971788617168435,0.028988933152744024,0.03635329169134988
2008-04-28,-0.007920151594379084,False,0.04117133542853677,0.04716853823936608,0.029110358412748505,0.03650556386612715
2008-04-29,-0.016031010676695087,False,0.16086212072722794,0.1842940243208292,0.11373820986527203,0.14263230377944477
2008-04-30,-0.024358925076847445,False,0.02753676976446429,0.03154790011313255,0.019469983886344407,0.024416145282640793
2008-05-01,-0.03498204880943558,False,0.27492373210515175,0.3149703655646508,0.19438593124196485,0.24376780000491072
2008-05-02,0.042155680720572915,False,0.05363533156906301,0.06144809639433987,0.03792307704645953,0.047557068569561385
2008-05-05,0.03304342805322885,False,0.04586223353462627,0.05254273376620561,0.03242707679762994,0.04066486252911518
2008-05-06,0.03566348403800778,False,0.041245746911467526,0.047253788835236586,0.029162971351230867,0.036571542613579165
2008-05-07,0.003247972874062773,False,-0.0,-0.0,-0.0,-0.0
2008-05-08,-0.003498254442131956,False,0.04464489396018072,0.05114807100703435,0.03156635195221794,0.03958547884823307
2008-05-09,0.030324029387359817,False,0.04445495008454425,0.05093045904793616,0.03143205137050177,0.039417060500592564
2008-05-12,-0.005275343971247238,False,0.04529466266684983,0.05189248796043787,0.03202577353132503,0.04016161204315196
2008-05-13,0.0017886183630178472,False,0.04449279342865806,0.05097381482460356,0.03145880865926162,0.03945061522018267
2008-05-14,-0.015801221142680538,False,0.04364909458048082,0.05000721898872563,0.0308622679931107,0.03870252915823375
2008-05-15,0.012954186234692433,False,0.015543925159490652,0.017808123555960557,0.010990394842040547,0.013782398523968726
2008-05-16,0.0017905107737882938,False,0.07358457185741825,0.08430323319263217,0.052028267679978465,0.06524554667810718
2008-05-19,-0.006444530196892789,False,1.7503165334582998e-05,2.0052755510621207e-05,1.2375683492990224e-05,1.5519606379785358e-05
2008-05-20,0.015671629251748604,False,0.038745194631148346,0.04438899480739902,0.027394945797717896,0.03435436724096517
2008-05-21,0.025140544449351977,False,0.09850057850977482,0.11284861799303356,0.06964523046039375,0.08733792873637791
2008-05-22,0.01373304978742194,False,0.05258878058062219,0.06024910005856636,0.03718310895813728,0.04662911873383164
2008-05-23,0.005255847622163907,False,6.448398978590184e-10,7.387701920241798e-10,4.559366450014444e-10,5.717629469556392e-10
2008-05-28,7.756447550930975e-05,False,0.06571818586297741,0.07529099385858286,0.04646630780358161,0.05827062460364305
2008-05-29,0.003097656004406804,False,0.13274080496049204,0.15207643059261647,0.09385492037545984,0.11769785659582109
2008-05-30,-0.011509575689957481,False,0.0671397804602142,0.07691966435038727,0.04747145198490214,0.05953111595814982
2008-06-02,0.005071202598078997,False,0.06311011409863042,0.07230301857269149,0.04462226016616427,0.055958114470808736
2008-06-03,-0.017427240645483615,False,0.041441459560713996,0.04747800987358336,0.029301350767544976,0.03674507598436033
2008-06-04,-0.036778338661020614,False,0.04188482273682871,0.047985955333909584,0.02961483248557465,0.03713819470574935
2008-06-05,0.005244194253932335,False,0.04374134761662098,0.05011291001908892,0.030927495873594824,0.038784327551888105
2008-06-06,0.08195201612945661,False,0.043129892411730056,0.04941238748530766,0.030495164010116375,0.03824216595326407
2008-06-09,0.012124082054001945,False,0.04673609158754185,0.053543881932902125,0.033044941650869734,0.041439689981967925
2008-06-10,0.006007360373523845,False,0.0462742171068805,0.05301472872773885,0.032718371440459824,0.041030157763097264
2008-06-11,-0.005338090967616353,False,0.045848781990728435,0.052527322809623335,0.03241756582937994,0.04065293539122302
2008-06-12,-0.018077977981806086,False,0.045646940245632844,0.052296079883622865,0.032274852811178575,0.040473967508842155
2008-06-13,0.016366731702820988,False,0.04577930271976319,0.05244772287400658,0.03236844023121795,0.0405913299092246
2008-06-16,-0.0029083878959569698,False,0.04555342475896517,0.05218894250848201,0.032208732309968124,0.04039104973278545
2008-06-17,-0.019836981881810795,False,0.04501619703231577,0.051573459762927286,0.03182888328371598,0.03991470372938959
2008-06-18,-0.01651406629367738,False,0.045056679135126364,0.05161983867181029,0.031857506317432324,0.039950598168426
2008-06-19,0.020846861639522932,False,0.04532975525908241,0.05193269229827174,0.032050585889896586,0.040192727741820464
2008-06-20,0.01833810595067253,False,0.045287289060508135,0.05188404028126811,0.03202055999328535,0.04015507405611732
2008-06-23,0.0019343804856255524,False,0.04530049724673238,0.05189917243159811,0.03202989889451282,0.04016678541502142
2008-06-24,0.006150217600235199,False,0.04441433799906318,0.0508839312225194,0.031403336432015136,0.03938105080926645
2008-06-25,-0.028320742035645677,False,0.04356615706358993,0.049912200418251125,0.030803626688002978,0.03862899059582755
2008-06-26,0.03897516517080265,False,0.05770998386927149,0.06611628096581454,0.04080407635415224,0.05116995793128032
2008-06-27,0.018537822677520938,False,-0.0,-0.0,-0.0,-0.0
2008-06-30,-0.007055972826803557,False,0.044518349396506514,0.05100309339024048,0.031476878109181324,0.039473275039368566
2008-07-01,0.0162686785860353,False,0.02998103775979529,0.0343482112326285,0.021198213409634965,0.026583414827840914
2008-07-02,0.004043849290581295,False,0.014567668482024424,0.016689660918224866,0.010300128629199101,0.0129167768452443
2008-07-03,0.019005445997999183,False,0.04603271692265085,0.052738050535105954,0.03254761776325952,0.040816025763070696
2008-07-08,-0.03996586967062219,False,0.046059846610454626,0.05276913205586002,0.03256679991820722,0.04084008095925223
2008-07-09,-0.001790644364158396,False,0.04733969152746495,0.05423540496831495,0.03347171941763841,0.04197488651924566
2008-07-10,0.014088917608502187,False,0.046708082565562505,0.053511792990181925,0.033025137759154236,0.04141485510279649
2008-07-11,0.05633175443791264,False,0.046662198597753994,0.05345922535622927,0.03299269531505078,0.041374170969045894
2008-07-14,-0.00873795360739461,False,0.04954056656710289,0.056756869414068,0.035027856972047806,0.043926345792659936
2008-07-15,-0.04604871719900211,False,0.04904654013158232,0.056190880854975554,0.03467855359255606,0.04348830526262285
2008-07-16,-0.020124690621907054,False,0.05092770133337816,0.05834606050017639,0.036008636191200094,0.045156282501637536
2008-07-17,0.006355874389367687,False,0.05146530455166651,0.05896197343317939,0.03638875071032676,0.04563296144380899
2008-07-18,-0.03658852149650669,False,0.0506662645956991,0.058046541705606455,0.035823786293646805,0.04492447327259612
2008-07-21,0.0,False,0.05223968222718201,0.05984915046105757,0.03693627756235748,0.04631958220545765
2008-07-22,-0.01684119017918497,False,0.05090340617791651,0.05831822640255736,0.035991458203752755,0.04513474061235678
2008-07-23,-0.002519289633510656,False,0.05086549036272279,0.05827478759834499,0.03596464967402418,0.045101121634524656
2008-07-24,-0.01133628216916772,False,0.049863559716285755,0.05712691120527319,0.035256230578094565,0.04421273550805509
2008-07-25,-0.005836981350592595,False,0.049522384980995975,0.05673603941594892,0.035015001608417376,0.043910224648035776
2008-07-28,0.007748570941062339,False,0.048851217605865416,0.05596710676731499,0.03454045001465362,0.04331511780433823
2008-07-29,0.0007954184320109744,False,0.04820515769239982,0.055226938846696584,0.03408365075270747,0.04274227310093287
2008-07-30,-0.026670396009255776,False,0.04727127950125125,0.05415702773714415,0.03342334841917322,0.04191422733571031
2008-07-31,0.013303246160753197,False,0.04797196738619626,0.054959780986483284,0.03391877260820942,0.042535509255955055
2008-08-01,0.00048336422434700784,False,0.04771319405429037,0.054663313561409896,0.03373580588242719,0.04230606160028846
2008-08-04,-0.0186161535994976,False,0.04684049714958384,0.05366349568101889,0.03311876202370175,0.04153226370767858
2008-08-05,-0.04506362982965582,False,0.04706261317761538,0.053917966133646474,0.03327581005524878,0.0417292082751209
2008-08-06,-0.01757849307537036,False,0.048745407096967605,0.0558458834214331,0.03446563626849285,0.043221298348397066
2008-08-07,0.02134820281713938,False,0.048734328539040805,0.05583319111068418,0.03445780312952398,0.04321147527611312
2008-08-08,-0.03400771254488472,False,0.048738956726071314,0.055838493460356714,0.034461075507790484,0.04321557897047882
2008-08-11,-0.022275823797522788,False,0.0496573260568573,0.056890636618846906,0.03511041223918847,0.04402987342823068
2008-08-12,-0.014213067250164675,False,0.04965167161007879,0.056884158519792824,0.035106414239836854,0.04402485977575009
2008-08-13,0.015478775763773002,False,0.04933859851702571,0.056525481784931435,0.034885054649400886,0.04374726591890148
2008-08-14,0.010247280679773993,False,0.04913252662504433,0.05628939252972974,0.03473935068881929,0.04356454727411044
2008-08-15,-0.027379101176656963,False,0.048416842624592796,0.05546945876291774,0.0342333234359609,0.04292996868406694
2008-08-18,0.00485949702455118,False,0.04903516668859746,0.056177850704878136,0.0346705119539201,0.043478220723344736
2008-08-19,-0.0028394798102586677,False,0.04825605387881287,0.05528524880167068,0.03411963710614742,0.04278740143996547
2008-08-20,-0.0027555817932465414,False,0.047355975914388164,0.05425406141264198,0.033483233358950544,0.041989325466164885
2008-08-21,0.07544734599980348,False,0.046537309558866966,0.05331614441544595,0.032904392017477746,0.04126343507141675
2008-08-22,-0.02811239059400448,False,0.048983951586341605,0.05611917537933808,0.03463430010974999,0.043432809609839404
2008-08-25,-0.03799679361785792,False,0.04919340390719755,0.056359137471963576,0.034782394216172206,0.04361852559394167
2008-08-26,0.022169061457766728,False,0.04994925895755637,0.05722509378538342,0.0353168245715398,0.044288722820415
2008-08-27,0.007547205635382904,False,0.050086453446545665,0.057382272643750905,0.03541382848713211,0.044410369644054544
2008-08-28,0.004324999018601498,False,0.049973642476190745,0.05725302911755433,0.03533406503652405,0.044310343059047616
2008-08-29,-0.0004404704295326522,False,0.04907410083814187,0.056222456178625535,0.03469804050104971,0.04351274263204585
2008-09-03,-0.010152371464018073,False,0.04944887228161185,0.0566518185244989,0.034963024158458894,0.0438450428288306
2008-09-04,-0.004534717597663994,False,0.04873991705246497,0.05583959367223349,0.03446175451043205,0.04321643046718475
2008-09-05,-0.008741314401573436,False,0.04786536666618363,0.05483765232376386,0.03384340014009963,0.042440989140148974
2008-09-08,-0.014048072275316794,False,0.04763612627387872,0.05457501973976108,0.03368131479812043,0.042237727582201484
2008-09-09,-0.021398676720430897,False,0.047596788915689914,0.05452995232417567,0.03365350116069605,0.04220284815876916
2008-09-10,-0.0301654143317263,False,0.048190764771908264,0.05521044938835097,0.03407347418034823,0.042729511268634855
2008-09-11,0.00010416124169630253,False,0.04919786374660552,0.05636424695173795,0.034785547563574666,0.04362248001880173
2008-09-12,-0.017229126676290757,False,0.04841012032920381,0.05546175726759797,0.03422857040995159,0.04292400819769711
2008-09-15,-0.04242601419193758,False,0.0480757067208597,0.05507863146153023,0.03399212192229214,0.04262749225498988
2008-09-16,-0.05219562449781971,False,0.04880874906134268,0.05591845206264146,0.03451042245933007,0.04327746203854295
2008-09-17,0.0027916733263788707,False,0.05135762999966793,0.05883861451925329,0.036312618984989574,0.04553748918880858
2008-09-18,0.05425672346081569,False,0.050288164594553014,0.05761336594930097,0.03555644916613663,0.044589221729357274
2008-09-19,0.02788355314160104,False,0.052056666871915694,0.05963947626192321,0.03680687581885352,0.046157307198572015
2008-09-22,0.07192743013296769,False,0.0522484949531616,0.0598592468885364,0.03694250863572901,0.04632739622284946
2008-09-23,0.0028834223308439907,False,0.056178039430201075,0.06436118657543942,0.03972090887304968,0.04981162221110641
2008-09-24,0.01351038744483237,False,0.055506596983459854,0.06359193878702071,0.03924616278879656,0.04921627146848873
2008-09-25,-0.016194685919980606,False,0.057351035096236,0.0657050460920688,0.040550280179553616,0.0508516872892833
2008-09-26,0.004271600395720625,False,0.056840964490616895,0.06512067629654243,0.04018963270502239,0.05039942080640511
2008-09-29,-0.050000253685170346,False,0.05575415405512078,0.06387555614068495,0.03942119901263168,0.04943577395476869
2008-09-30,-0.025756120807680808,False,0.058288979140912224,0.06677961530575117,0.04121345729118801,0.051683338142222326
2008-10-01,-0.014323652353309953,False,0.058617395858590396,0.06715587068695295,0.04144566565316705,0.051974536796264396
2008-10-02,-0.03656451947912848,False,0.05787195782781484,0.06630184878327323,0.0409186006934201,0.051313576073045895
2008-10-03,0.0007872687804697474,False,0.05892671301575468,0.06751024437932734,0.041664369594016724,0.05224880036139333
2008-10-06,-0.04884075566838467,False,0.057302367219068895,0.06564928903193724,0.04051586936113406,0.050808534734729016
2008-10-07,-0.018346952562863336,False,0.059597722428609244,0.06827899605618618,0.0421388094999175,0.052843767144004815
2008-10-08,-0.02928109642639124,False,0.059543726754136266,0.0682171351277118,0.04210063164097059,0.05279589056865327
2008-10-09,0.010836209962269219,False,0.060110492909046,0.06886645900249944,0.04250136593180445,0.05329842753642129
2008-10-10,-0.0905694446657995,False,0.05886462500909059,0.06743911235297798,0.04162047001902572,0.0521937485232879
2008-10-13,-0.002819740035465811,False,0.06562922043460365,0.07518906932379303,0.04640340443940001,0.058191741247211416
2008-10-14,0.008168776592557039,False,0.06391291783750239,0.07322276233279895,0.04518988578069459,0.056669939891488254
2008-10-15,-0.11462053031581346,False,0.0626693978182207,0.07179810556686247,0.04431064994639549,0.05556734268374187
2008-10-16,-0.04153268672694371,False,0.07409333962094584,0.08488611036819918,0.05238799397476548,0.06569665796442242
2008-10-17,0.02934383670332534,False,0.07593495390069707,0.08699598250794036,0.05369011476301748,0.06732956996512551
2008-10-20,0.020974551685430724,False,0.0757367600819374,0.08676891888171434,0.053549981025813355,0.06715383660517266
2008-10-21,-0.02188336725843473,False,0.07488630050095282,0.08579457751413018,0.05294866015632178,0.06639975597538397
2008-10-22,-0.04716245490497391,False,0.07427970246695587,0.08509961966870946,0.05251976257507207,0.06586190110522608
2008-10-23,0.032969160554849296,False,0.07617106123376356,0.08726648230233425,0.05385705540309882,0.06753892026277326
2008-10-24,-0.07151020005234962,False,0.07716614340801765,0.0884065126438102,0.05456063225920916,0.0684212340251561
2008-10-27,-0.020516106130179998,False,0.08219050512733035,0.09416274560101334,0.05811312743387646,0.07287620629461918
2008-10-28,-0.007951991822505838,False,0.08161945673614777,0.09350851572006189,0.057709365370651605,0.07236987237812163
2008-10-29,0.08355146031950184,False,0.07928531627228402,0.09083437380603744,0.05605900196170382,0.0703002500817064
2008-10-30,-0.05030693889084685,False,0.08628629557393368,0.09885514739683006,0.06100907255305015,0.07650783830690303
2008-10-31,-0.014231582246724281,False,0.08838263567549234,0.10125684987293071,0.062491298258779686,0.07836660914020299
2008-11-03,0.005319161477600027,False,0.08631652642451004,0.09888978180974327,0.061030447397617135,0.07653464322432812
2008-11-04,0.03997282771410681,False,0.08439445592166545,0.09668773382979498,0.059671439713023154,0.07483039276059023
2008-11-05,-0.027288364752131915,False,0.08533220611709696,0.0977620809572755,0.06033447976276892,0.07566187173239135
2008-11-06,-0.08449961572793915,False,0.0848213298905887,0.09717678819047987,0.05997326267074571,0.07520889092619779
2008-11-07,0.012391732295163457,False,0.09217381351531072,0.10560026781282494,0.06517186580838333,0.08172814899114035
2008-11-10,0.004213489379735616,False,0.08976340245013605,0.10283874537696347,0.06346757496382027,0.0795908995148369
2008-11-11,-0.04149379218838752,False,0.08656720258512643,0.09917697259295834,0.061207688985851286,0.07675691132653678
2008-11-12,-0.04271842272162779,False,0.08760048687175012,0.10036076973916322,0.061938276799260616,0.0776730979190917
2008-11-13,-0.02216103795118465,False,0.08879056263905681,0.10172419732181676,0.06277972466010927,0.07872830748362851
2008-11-14,-0.01215462915029813,False,0.08740830163214758,0.10014058992889281,0.06180239145213165,0.07750269221168844
2008-11-17,0.00236406729488047,False,0.0857218943341767,0.09820853292142565,0.06061001038499288,0.0760073982485563
2008-11-18,-0.034430943091543154,False,0.0826352131713093,0.09467223182873563,0.05842756004614209,0.07327051747574256
2008-11-19,-0.015392812901171527,False,0.08266587130858136,0.09470735576885593,0.058449237005486925,0.07329770125728748
2008-11-20,-0.05440049523029927,False,0.0809788620521784,0.09277460911897065,0.057256430321216106,0.07180187355310085
2008-11-21,-0.019405239569357417,False,0.08472362120907533,0.09706484682077907,0.05990417735424369,0.07512225515215416
2008-11-24,0.09751418227368501,False,0.08358863482742364,0.0957645331926962,0.05910168066523495,0.07411589192853495
2008-11-25,-0.04123445417450168,False,0.09222959695864083,0.10566417692464881,0.06521130771649572,0.0817776107351417
2008-11-26,0.03880775935370354,False,0.09281335004206212,0.10633296212073501,0.0656240526834992,0.08229520957538028
2008-12-01,-0.002938092354903744,False,0.09349402826882436,0.10711279101463785,0.06610532896318648,0.08289874944652394
2008-12-02,-0.04162797988093673,False,0.08982002399666082,0.10290361467388152,0.06350760945616948,0.07964110438337821
2008-12-03,-0.02777030614793098,False,0.09051075141272377,0.10369495656742042,0.06399599105559575,0.08025355461212871
2008-12-04,-0.012695704415226071,False,0.08936114922483619,0.10237789812870265,0.0631831602019652,0.07923423192915638
2008-12-05,-0.1683201046527391,False,0.08657872214675408,0.0991901701460005,0.0612158339382617,0.07676712542545612
2008-12-08,0.07738091937760877,False,0.11069346504339822,0.1268175754903616,0.07826625995543743,0.0981490475264941
2008-12-09,-0.006266469935988136,False,0.11603958281711839,0.13294243294317792,0.08204625404331174,0.10288931261124301
2008-12-10,-0.010871046258686259,False,0.11142600126722661,0.1276568162515787,0.07878420264065782,0.09879856854943095
2008-12-11,0.10143824284548826,False,0.10920442599393974,0.12511163628257943,0.07721342890273686,0.0968287549114169
2008-12-12,-0.02700350296624831,False,0.11563322622351904,0.1324768846114441,0.0817589379783861,0.10252900667446302
2008-12-15,0.060430282638433266,False,0.11503997100059977,0.13179721315127146,0.0813394744854083,0.10200298253160313
2008-12-16,-0.069437217195218,False,0.11798509304008903,0.13517133497883216,0.08342183487635625,0.1046143464717583
2008-12-17,-0.003816798526700742,False,0.12146635149610205,0.13915968927665634,0.08588327267833992,0.1077010887786982
2008-12-18,-0.04023461129555782,False,0.11816841356715628,0.13538135880247132,0.08355145239281025,0.10477689206662834
2008-12-19,-0.016811335581442512,False,0.11818601102523002,0.1354015195858277,0.08356389474636396,0.10479249527995396
2008-12-22,-0.03711766295650263,False,0.11594646830506797,0.13283575495042946,0.08198041705281817,0.10280675036906314
2008-12-23,-0.07665646567520377,False,0.11627465341474597,0.1332117449865629,0.08221246165542856,0.10309774366225027
2008-12-24,-0.023523746788293012,False,0.12131399643625321,0.13898514149015292,0.0857755494201062,0.10756599946692949
2008-12-29,0.01266771984681033,False,0.1165929885495006,0.13357645025590426,0.08243754179362721,0.10338000323609357
2008-12-30,0.030558734147691054,False,0.11416417126839362,0.13079384047150264,0.08072023676001164,0.10122643344167906
2008-12-31,0.016892293564505653,False,0.11321211877650325,0.12970310771041543,0.08004708421399367,0.10038227299157815
2009-01-05,0.06535327995584937,False,0.111329359270885,0.12754609694523314,0.07871587152819946,0.09871287857768538
2009-01-06,0.06441580418407007,False,0.11431072640993947,0.1309617434973877,0.08082385916266689,0.10135638011510913
2009-01-07,-0.0559439385904202,False,0.11678261869384085,0.13379370278418753,0.08257162055036775,0.10354814340626539
2009-01-08,-0.07382514554949904,False,0.11864492745787869,0.13592728386033454,0.08388837345702153,0.1051994046737566
2009-01-09,-0.01407152674391577,False,0.12232798887833764,0.1401468366545448,0.08649249685719217,0.10846508047727309
2009-01-12,-0.03558067631724315,False,0.11998771951766894,0.13746567308090454,0.08483779998709211,0.1063900238457455
2009-01-13,0.05221064148426367,False,0.11972448314587818,0.13716409250938397,0.08465167765099733,0.10615661892743831
2009-01-14,-0.018284616295041137,False,0.12086747345764123,0.13847357595621557,0.08545983355100391,0.10717007902996173
2009-01-15,0.0011821729713453058,False,0.11890796912390766,0.13622864136437202,0.08407435812562383,0.10543263695147423
2009-01-16,0.025660376900101815,False,0.11538600818549041,0.13219365567658348,0.08158414146964517,0.10230980480058216
2009-01-21,-0.032547251566495204,False,0.11424293314577402,0.13088407515994185,0.0807759256623982,0.10129626957196242
2009-01-22,0.061243625240718594,False,0.1138526432800089,0.13043693390823938,0.08049996964204983,0.10095020958938734
2009-01-23,0.016598861523215384,False,0.11608561881623375,0.13299517475400477,0.08207880398176257,0.10293013154724193
2009-01-26,0.10698220024813901,False,0.11409906897898822,0.13071925508836343,0.08067420592427711,0.10116870891661853
2009-01-27,-0.11326202086245994,False,0.12104891291647968,0.1386814447067254,0.0855881210505962,0.10733095673002953
2009-01-28,0.0,False,0.12875074986962887,0.14750516604237532,0.09103373586510434,0.11415997740310702
2009-01-29,0.006279820614320805,False,0.12532557959920454,0.14358106998876835,0.08861195544047344,0.1111229670472887
2009-01-30,0.023827014948683282,False,0.12197982772869602,0.139747960778176,0.08624632811513001,0.10815637494339485
2009-02-02,-0.027776375407825845,False,0.12033449829761841,0.13786296522536362,0.08508299131909995,0.1066975036679834
2009-02-03,0.004412967328827596,False,0.1192562883552229,0.13662769834930555,0.08432063863996953,0.10574148265230532
2009-02-04,0.012207913907212653,False,0.11599073778841038,0.1328864729268113,0.08201171796918222,0.10284600298097518
2009-02-05,0.0054794657646255705,False,0.11371500146724393,0.1302792425668932,0.08040264944438165,0.1008281661352647
2009-02-06,0.012894647616675213,False,0.11123156305871738,0.12743405529476737,0.07864672432279608,0.09862616519246262
2009-02-09,0.059764839090075114,False,0.10896567031092481,0.1248381023676132,0.07704461573616592,0.09661705639000674
2009-02-10,-0.028999991646855728,False,0.11111756920663682,0.12730345658294642,0.07856612451090329,0.0985250897766628
2009-02-11,-0.03639993504709061,False,0.11045735797385574,0.12654707599787782,0.0780993195016818,0.09793969746250632
2009-02-12,0.06539992669394624,False,0.11053948771771535,0.1266411691314502,0.07815738966761679,0.09801251979334812
2009-02-13,-0.08549192677663486,False,0.11370384170794116,0.13026645722660882,0.08039475889165311,0.10081827106380983
2009-02-18,-0.0070796755880616884,False,0.11835326285442609,0.13559313407243406,0.08368215082531812,0.10494079317383796
2009-02-19,0.07218492952629342,False,0.11553275384366479,0.1323617769706103,0.08168789857784939,0.10243992040020511
2009-02-20,-0.004021294596958486,False,0.11889939347817212,0.13621881655131715,0.084068294680793,0.10542503314703518
2009-02-23,-0.022047382371756775,False,0.11600276143349368,0.1329002479903837,0.08202021933582869,0.10285666403772556
2009-02-24,-0.026766484377702147,False,0.11451942026058125,0.13120083663759938,0.08097141698967165,0.10154142358318645
2009-02-25,0.05307120525167942,False,0.1136196511868758,0.1301700031337083,0.08033523164490099,0.10074362149483947
2009-02-26,0.06354971522452664,False,0.11494431359624234,0.13168762185702879,0.08127183953267494,0.1019181655722383
2009-02-27,-0.01652561055898353,False,0.11726626208218748,0.13434779585452386,0.08291358255456759,0.10397697755550894
2009-03-02,-0.041610416028686065,False,0.11573548993346224,0.1325940445156043,0.08183124394607158,0.10261968127502336
2009-03-03,0.0028129413766146577,False,0.11609857108003693,0.1330100137030971,0.08208796193201223,0.10294161598631967
2009-03-04,0.0754947842958862,False,0.11276620321770804,0.12919223807581082,0.07973179782351743,0.09998689113813418
2009-03-05,-0.03579701698791192,False,0.11630474133127894,0.13324621564501388,0.08223373543790491,0.1031244218437365
2009-03-06,-0.022063899706904994,False,0.11614458140495358,0.13306272609990538,0.08212049371741753,0.10298241215766711
2009-03-09,0.024311091663809542,False,0.11469193753785649,0.13139848356125172,0.0810933960248815,0.10169439021441251
2009-03-10,0.009828088936262693,False,0.11337750354878527,0.1298925831761587,0.0801640201828426,0.10052891541413221
2009-03-11,-0.04059974760301631,False,0.11076545506429249,0.1269000519030905,0.07831716078944148,0.09821287922585788
2009-03-12,-0.02365726911381739,False,0.11140394087032515,0.12763154243755273,0.07876860474824446,0.09877900816306952
2009-03-13,0.06381237464636877,False,0.11026693572937842,0.12632891598857118,0.07796468068735145,0.09777085495752212
2009-03-16,-0.01908240639731434,False,0.11286344264107884,0.129303641833107,0.07980055134916117,0.1000731108330559
2009-03-17,0.03145825496138908,False,0.11130406648921233,0.12751711990265996,0.07869798816512456,0.09869045211891028
2009-03-18,-0.0068319824968669784,False,0.1106940284164736,0.12681822092690556,0.07826665829063773,0.09814954705490556
2009-03-19,0.0602863488269093,False,0.10798500808955143,0.12371459245453201,0.07635123456577439,0.09574752842884592
2009-03-20,0.02548956087913881,False,0.11024835458440486,0.126307628230035,0.07795154281401628,0.09775437953433078
2009-03-23,0.05084667548814748,False,0.10939672599515839,0.12533194757116167,0.07734939539252836,0.09699926237499258
2009-03-24,-0.010081512296583677,False,0.11073056813415877,0.1268600831850264,0.07829249384508463,0.09818194588248115
2009-03-25,0.0027242671061624276,False,0.10829296787678523,0.12406741105633662,0.07656897877275186,0.09602058844897998
2009-03-26,0.008321286526050072,False,0.10532966921657008,0.1206724649193177,0.07447376652896609,0.09339310776687625
2009-03-27,-0.021032907774007733,False,0.10278590860436908,0.117758168638677,0.07267519035049999,0.09113762067804898
2009-03-30,-0.03525299959426849,False,0.10150814992418877,0.11629428585373841,0.07177174593321574,0.09000466493057789
2009-03-31,-0.06137668844164283,False,0.10070851736827503,0.11537817520543243,0.07120636251635874,0.08929565131623904
2009-04-01,-0.004562745558418173,False,0.10394667526299992,0.11908801781540931,0.07349591508810205,0.09216684260998922
2009-04-02,0.10276568858943026,False,0.09967152129587019,0.11419012559795245,0.07047315026987441,0.088376173578729
2009-04-03,-0.0080892223677837,False,0.10852460820187977,0.12433279315818672,0.07673276099686872,0.09622597796558643
2009-04-06,0.008482149681286901,False,0.10596790501016472,0.12140366902340016,0.07492503371546856,0.09395901502449143
2009-04-07,-0.005712612797266583,False,0.10258671467999515,0.1175299592269325,0.07253434948459629,0.09096100055017871
2009-04-08,0.0280501444494415,False,0.09834435618078173,0.11266963961348245,0.06953477283394739,0.0871994104165563
2009-04-09,0.005172920817696963,False,0.09666055426539935,0.11074056750040784,0.06834423391305343,0.08570642657913397
2009-04-14,0.02587944798782076,False,0.09729231264450228,0.11146435066052612,0.06879092121757055,0.08626659047997062
2009-04-15,-0.014511234612545854,False,0.09594777616130316,0.1099239629159488,0.06784026128590814,0.08507442457262569
2009-04-16,0.010083467247741772,False,0.0931829162771018,0.10675636104399087,0.0658853559773389,0.0826228944477698
2009-04-17,0.0036591278188904913,False,0.09004424579047686,0.10316049762765574,0.06366614637788931,0.07983991607916438
2009-04-20,-0.058584221190162274,False,0.08832741542096174,0.10119358598653248,0.0624522545555746,0.07831764676122041
2009-04-21,-0.00757036863573376,False,0.09251308516433898,0.105988959303741,0.06541174919326016,0.08202897243353428
2009-04-22,-0.003909872251171937,False,0.0901029900268538,0.10322779881502424,0.06370768172664146,0.0798920030821849
2009-04-23,-0.0043392980579870155,False,0.08702377846290993,0.09970005537679916,0.061530512797771664,0.07716174541055841
2009-04-24,0.04058175029842281,False,0.08380827186708846,0.09601616355630667,0.05925697591808036,0.07431063844077203
2009-04-27,-0.0327434263385104,False,0.085310763793467,0.09773751524786738,0.06031931888154965,0.07564285937569792
2009-04-28,-0.0006165861874514467,False,0.08566790352715804,0.09814667756942098,0.06057183596759913,0.07595952598905127
2009-04-29,0.03196711607152742,False,0.08225972613498705,0.09424204965352069,0.058162070425926735,0.07293758278118652
2009-04-30,0.0015917233762546338,False,0.08229151788673762,0.09427847233552832,0.05818454891195094,0.07296577170952383
2009-05-01,0.02841935503978502,False,0.07926512615331775,0.09081124270308426,0.056044726456831645,0.0702823480226715
2009-05-04,0.028761148240307732,False,0.0790894506899687,0.09060997755769976,0.055920514413447885,0.07012658110910776
2009-05-05,-0.0018793465407416353,False,0.07897543374596987,0.09047935239028738,0.05583989827432135,0.07002548521829813
2009-05-06,0.035298869429345514,False,0.07603188675156733,0.08710703503599986,0.05375865152534088,0.06741551783009851
2009-05-07,0.02793377685132348,False,0.07699371809761377,0.0882089710833394,0.05443871824954583,0.06826834893858873
2009-05-08,-0.010830110293751168,False,0.07697817441072136,0.08819116323275758,0.05442772802317149,0.06825456675133004
2009-05-11,-0.0005356664711605236,False,0.07517367353901769,0.08612381060783086,0.05315184841944599,0.06665456225468694
2009-05-12,0.009421454455524858,False,0.0719455433550344,0.08242545639026695,0.05086938598094003,0.06379226227405785
2009-05-13,0.005645745412573122,False,0.06996613834218376,0.08015772229643611,0.04946983970029802,0.06203717477540298
2009-05-14,-0.010434262144370455,False,0.06755145295978816,0.0773913029269876,0.04776252668254151,0.05989613537198961
2009-05-15,0.0014212118220930778,False,0.06576782786522598,0.07534786693925825,0.046501407381060476,0.05831464088984473
2009-05-18,0.003190360735129276,False,0.06302242842537388,0.07220256020793368,0.04456026165798879,0.055880365840313924
2009-05-19,0.010736704389577004,False,0.060544871356133075,0.06936411097755735,0.042808494961015235,0.05368357972974109
2009-05-20,0.03407660638072366,False,0.058963201079438726,0.06755204745929176,0.04169016862629425,0.05228115338869509
2009-05-21,-0.018443145718794476,False,0.060667221018222625,0.069504282644441,0.04289500278200364,0.05379206402729714
2009-05-22,0.011651948140792748,False,0.06042223125513254,0.06922360656511814,0.042721781784025914,0.0535748379074751
2009-05-27,0.037068982788964686,False,0.05904373706978294,0.06764431468600804,0.04174711192239197,0.05235256257929897
2009-05-28,0.03511382788604283,False,0.06130552622031139,0.07023556626737254,0.043346319044061214,0.054358032827638306
2009-05-29,0.023512176922575647,False,0.0630299296157514,0.0722111540556066,0.044565565404834494,0.05588701695283066
2009-06-01,0.024625047305388975,False,0.0631135747240048,0.07230698328839975,0.044624707015262846,0.05596118291829305
2009-06-02,0.01593837269779071,False,0.06316816905803824,0.07236953007989207,0.04466330815886134,0.0560095903096745
2009-06-03,-0.022718059683169433,False,0.06194549582925321,0.0709687567421824,0.0437988121316828,0.054925477414714124
2009-06-04,0.02286582473700313,False,0.062298664494352694,0.07137336955134438,0.044048521457702675,0.05523862298371521
2009-06-05,0.0013289038500535126,False,0.06235835593084967,0.07144175591228373,0.044090726528111794,0.055291549844712566
2009-06-08,-0.002363718045435016,False,0.05984425991515112,0.06856144530735443,0.04231312482199077,0.05306236559039163
2009-06-09,0.01948065998613283,False,0.057894345204131635,0.06632749720601414,0.040934429777945036,0.05133342638364236
2009-06-10,0.022659796440950192,False,0.057700483731145905,0.06610539699462945,0.04079735924325632,0.051161534403224435
2009-06-11,0.016733850364814066,False,0.057940653033736696,0.06638055044338846,0.04096717191523762,0.051374486344742815
2009-06-12,-0.015316817394242977,False,0.0574071051002691,0.06576928350632287,0.04058992470156434,0.050901403119287335
2009-06-15,-0.030625641290426695,False,0.05701755351669008,0.06532298807832672,0.04031449068660696,0.05055599775253214
2009-06-16,0.02920860831985556,False,0.05854498158640305,0.06707290822457002,0.04139446485057878,0.05191032892419421
2009-06-17,-0.022514753290358607,False,0.05962660885046031,0.0683120902048092,0.04215923376074348,0.05286937999106873
2009-06-18,0.014542045911090429,False,0.06008837715174627,0.06884112176402933,0.042485728896598685,0.05327881806341901
2009-06-19,0.007405331477522987,False,0.05924755432171556,0.06787782088010061,0.04189122173065307,0.052533282092766274
2009-06-22,-0.06370647994135319,False,0.05757781690060166,0.0659648619591004,0.04071062716703555,0.051052768880559735
2009-06-23,0.003471963635672699,False,0.06379416866805512,0.0730867156225899,0.04510592370251945,0.056564648058124466
2009-06-24,0.03130122781072777,False,0.0616034079273217,0.07057683877023589,0.04355693750385645,0.05462215687332758
2009-06-25,0.0050987072363626075,False,0.06272847069629858,0.07186578326736753,0.044352417662584936,0.055619721084903304
2009-06-26,-0.010517187213867579,False,0.06074524159397718,0.06959366804990894,0.04295016754409221,0.05386124286450108
2009-06-29,0.023940207546008403,False,0.059676299046290016,0.06836901849916058,0.04219436741368785,0.05291343900927886
2009-06-30,-0.02379337544824798,False,0.05995390209298498,0.06868705846038856,0.0423906477650937,0.05315958248859701
2009-07-01,0.00600162820269205,False,0.06048015512998399,0.06928996789339338,0.04276273709285984,0.05362619751703728
2009-07-02,-0.041418105219845826,False,0.05864319973271486,0.06718543327001456,0.041463910386216926,0.05199741642756708
2009-07-07,-0.025350306643722977,False,0.06142542940197021,0.07037293508842798,0.04343109707121497,0.0544643478939396
2009-07-08,-0.030187859334994672,False,0.062168663393518064,0.07122443190256392,0.043956603656155606,0.05512335435228053
2009-07-09,-0.009084853870298386,False,0.06335947898700936,0.07258870707782811,0.04479857461408558,0.056179219901660936
2009-07-10,-0.012585200122257117,False,0.061955276928914296,0.07097996260103019,0.04380572789756315,0.05493415006413494
2009-07-13,-0.0030853641205356966,False,0.06125414468688741,0.07017670026754814,0.04330998952406386,0.05431247414389814
2009-07-14,0.03756863942546753,False,0.059268420270290584,0.06790172625705808,0.041905975083570066,0.0525517833925275
2009-07-15,0.012651117553558945,False,0.06126100986243248,0.07018456545559335,0.04331484357406256,0.05431856131842634
2009-07-16,0.012493064247466623,False,0.06022127420124027,0.06899337719844044,0.04257969429030038,0.053396654458022844
2009-07-17,0.024212715169067037,False,0.059179224755064076,0.06779953811992456,0.04184290903555323,0.052472696024003215
2009-07-20,0.017163785371469918,False,0.059500868769546765,0.06816803425537113,0.0420703287304805,0.05275788949637032
2009-07-21,0.019760158912368403,False,0.05905513943445772,0.06765737797065945,0.04175517401022519,0.052362672762695434
2009-07-22,-0.008683122573460994,False,0.05886903830739651,0.06744416851226302,0.04162359045935466,0.05219766168135017
2009-07-23,0.04047921852101222,False,0.05777879257779911,0.0661951126618381,0.040852727828443965,0.05123096884281757
2009-07-24,0.011104731296574528,False,0.06018842523111439,0.06895574329885036,0.04255646829376904,0.05336752812135231
2009-07-27,0.013853035389293947,False,0.058986018647586,0.0675781887375496,0.04170630187968428,0.05230138513931964
2009-07-28,-0.018075830160895694,False,0.058114511756677145,0.06657973421374486,0.04109009942500382,0.051528642401327436
2009-07-29,-0.040803754499825734,False,0.0580301021184734,0.06648302908611314,0.04103041725059715,0.05145379854682793
2009-07-30,0.04502654927142766,False,0.06078076095525306,0.06963436132189395,0.04297528165143341,0.05389273696830035
2009-07-31,0.018143046258801653,False,0.06367403049381606,0.07294907757887284,0.045020979522916074,0.05645812462994817
2009-08-03,0.039451192386476645,False,0.06315377822628514,0.07235304301453999,0.044653133063353015,0.05599683032940712
2009-08-04,0.01254105858723983,False,0.0653114797421324,0.07482504508588492,0.04617874460401022,0.05791000875004698
2009-08-05,0.00769182660139757,False,0.06424422260799852,0.07360232645364599,0.045424136152041814,0.056963699307660036
2009-08-06,0.0029530222801730397,False,0.06245675914376953,0.07155449298197492,0.04416030291583998,0.05537880144188539
2009-08-07,-0.005375634501380861,False,0.06019504236394147,0.06896332431315413,0.042561146964165714,0.053373395362784126
2009-08-10,-0.005675690911766772,False,0.058583695964760776,0.06711726191426631,0.04142183800760635,0.05194465596743837
2009-08-11,-0.03040751573239559,False,0.057050312614634315,0.06536051901454694,0.04033765313865058,0.050585044401851444
2009-08-12,0.03365471111712725,False,0.0585874588309203,0.0671215728965186,0.04142449855726846,0.05194799240405079
2009-08-13,-0.0036538372066685187,False,0.060127099938025,0.06888548508638241,0.04251310799848065,0.053313152561750426
2009-08-14,-0.03349958295839172,False,0.0583156172772295,0.06681013367340743,0.041232291892678886,0.051706957492347445
2009-08-17,-0.03829586407596659,False,0.06018172208944388,0.06894806374726628,0.04255172881047347,0.053361584618091866
2009-08-18,0.0001456558155658933,False,0.06250667962300882,0.0716116851038582,0.0441955993915959,0.055423064646470066
2009-08-19,0.05868652037707372,False,0.060185585719830924,0.06895249017151892,0.042554460605888175,0.05336501039975236
2009-08-20,0.012827686813309534,False,0.0648335599703727,0.07427750935999802,0.045840829505953404,0.05748624958437352
2009-08-21,-0.0005425200187318925,False,0.06361228868854998,0.07287834218318194,0.04497732473101686,0.05640337975971526
2009-08-24,0.00851068966790883,False,0.061357381922135176,0.07029497550510908,0.04338298382673398,0.05440401194429913
2009-08-25,-0.016820798113373437,False,0.05982470233447683,0.06853903888107987,0.04229929655586365,0.053045024386786245
2009-08-26,-0.032817182978398286,False,0.05953010883903871,0.06820153356554887,0.04209100303929426,0.05278381591369873
2009-08-27,-0.0008485363258387525,False,0.061154836347008516,0.07006292622601394,0.04323977316267652,0.0542244199939379
2009-08-28,0.02955330775114459,False,0.05896483537838028,0.0675539198176041,0.04169132416393827,0.05228260247951923
2009-08-31,-0.053319637532782974,False,0.05995945986493884,0.06869342580252606,0.04239457741012147,0.05316451042199784
2009-09-01,-0.0034833126657371817,False,0.0642446123167496,0.07360277292913522,0.04542441169718269,0.056964044852383176
2009-09-02,-0.017305021955201894,False,0.06219844371118271,0.07125855015590511,0.043977659949614153,0.05514975979376415
2009-09-03,-0.012204348533409883,False,0.06184955385411352,0.07085883942529109,0.04373097597203257,0.0548404081337581
2009-09-04,-0.014176078146694002,False,0.06098507684674385,0.06986843878963656,0.04311974402480094,0.05407389861263487
2009-09-09,0.008059916977100248,False,0.06033137099934953,0.06911951119379411,0.042657538674498695,0.053494274456329906
2009-09-10,-0.011534153245286742,False,0.05878608251201815,0.06734912900077393,0.04156493623036881,0.05212410691187939
2009-09-11,-0.002904445840788932,False,0.057951257606708294,0.06639269972639122,0.04097466992123631,0.051383889146761695
2009-09-14,-0.027273747719923067,False,0.05618960157304443,0.06437443291226963,0.03972908393268003,0.04982187406569417
2009-09-15,-0.005695459040929322,False,0.05735476331354613,0.06570931737836366,0.04055291623060731,0.05085499300365241
2009-09-16,0.029326746261011633,False,0.055957010605175814,0.06410796169272212,0.03956462955276379,0.049615641638598135
2009-09-17,0.043556538625710677,False,0.057148484598621846,0.0654729911734544,0.04040706603503156,0.05067209097427904
2009-09-18,-0.011807840311130424,False,0.060025733544412124,0.06876935320570503,0.042441436481917845,0.05322327358849397
2009-09-21,-0.03760437307616098,False,0.05912288898418971,0.06773499622602987,0.04180307660202777,0.05242274454537869
2009-09-22,0.02235865497258785,False,0.06132199727936395,0.07025443657533503,0.04335796497265369,0.054372637291931904
2009-09-23,-0.0323926774793241,False,0.06139913564196598,0.07034281126049509,0.04341250596238222,0.054441033893431134
2009-09-24,-0.036856610840233214,False,0.06291073753033348,0.07207459991228463,0.044481290161139726,0.055781332397271025
2009-09-25,-0.006019001117701319,False,0.06486673472510066,0.07431551649944783,0.0458642858497988,0.0575156647858689
2009-09-28,0.012766458093091492,False,0.06306902570759321,0.07225594506089839,0.04459320845391722,0.055921682451600396
2009-09-29,-0.01230216960684348,False,0.06198192542815306,0.0710104928411179,0.04382456982619937,0.054957778602795916
2009-09-30,0.018245044240389842,False,0.06105246747551756,0.06994564584199961,0.043167392840095464,0.05413365214933876
2009-10-01,0.019558318643756928,False,0.060725698320533955,0.06957127801492138,0.04293634939395039,0.05384391434674938
2009-10-02,-0.00928011449714236,False,0.06047743088454285,0.06928684682204782,0.04276081090415669,0.05362378199869415
2009-10-05,-0.018822656496633863,False,0.05924022587387138,0.06786942493741924,0.0418860401221108,0.05252678414660955
2009-10-06,0.04860042884963309,False,0.05926797461962608,0.06790121569090347,0.04190565998447417,0.052551388245549
2009-10-07,-0.012632365398010676,False,0.06269107264375315,0.07182293764545107,0.044325975219020625,0.055586561193890396
2009-10-08,0.012048338516174355,False,0.061825132894190594,0.0708308611979643,0.04371370903403456,0.05481875469689823
2009-10-09,0.014211376067381319,False,0.06067009105048632,0.06950757073857662,0.042897032049866404,0.05379460881106501
2009-10-12,0.01854546732299427,False,0.05978807902682072,0.06849708085689513,0.04227340189879137,0.05301255144213403
2009-10-13,0.0008476971403356189,False,0.0594281266937984,0.06808469624007882,0.04201889615306514,0.05269339096931632
2009-10-14,0.018885642090685648,False,0.057110691442334764,0.06542969289519941,0.04038034423177658,0.050638580754943666
2009-10-15,0.013489536966867022,False,0.05728085908997259,0.06562464793154114,0.04050066195189498,0.05078946403002164
2009-10-16,0.01949696202943961,False,0.056518203661181335,0.06475090066582902,0.03996142336158796,0.05011323708295277
2009-10-19,0.017017161510078233,False,0.05650050245769393,0.06473062102503312,0.039948907654421995,0.050097541881238015
2009-10-20,0.008531914983007616,False,0.05610759424032792,0.06428048002080074,0.039671100318036424,0.04974916027366356
2009-10-21,0.015948474180316575,False,0.05497156937293546,0.06297897663645019,0.03886786936350518,0.04874187625145621
2009-10-22,0.007943667652262912,False,0.05452642461036966,0.06246899007573773,0.03855312796760509,0.04834717784319778
2009-10-23,-0.00820096856710067,False,0.053212363977186206,0.06096351743123861,0.03762401610834925,0.047182034087977415
2009-10-26,-0.016475692134167923,False,0.05212530322610749,0.05971811049769936,0.03685540542931844,0.04621816528795403
2009-10-27,0.0031343894016964565,False,0.052098082602327206,0.05968692479482342,0.03683615897772257,0.046194029461181736
2009-10-28,-0.020817616078847433,False,0.05022346363311415,0.05753924035337392,0.03551070209095603,0.04453185305147928
2009-10-29,0.0271866504115524,False,0.05074493903669234,0.05813667622127918,0.03587941337378393,0.044994231875284535
2009-10-30,-0.029852963149681274,False,0.05207931900125776,0.05966542800281169,0.0368228920980705,0.046177392258864414
2009-11-02,0.008639649673517427,False,0.053686797327713184,0.06150705888801757,0.037959466118242025,0.04760270193364265
2009-11-03,0.0015868821103141985,False,0.05258354252494128,0.06024309900401923,0.03717940536978703,0.046624474284624365
2009-11-04,0.03288359186989695,False,0.050565526212788016,0.057931129314508265,0.03575255881457821,0.04483515114027146
2009-11-05,-0.002432312535009548,False,0.05237079733399914,0.05999936438696718,0.037028983026317894,0.0464358385973358
2009-11-06,-0.03270010626317616,False,0.05076684566106482,0.058161773863574566,0.035894902540711815,0.04501365591550078
2009-11-09,0.02187525829413855,False,0.05295505706190167,0.06066873002765977,0.03744208621834088,0.04695388666620092
2009-11-10,-0.0014262563195709189,False,0.053305552503060495,0.06107028021899908,0.03768990543061486,0.0472646619563107
2009-11-11,-0.0010385564999436925,False,0.05153899635264727,0.05904639951497414,0.03644085479478996,0.04569830206779197
2009-11-12,-0.023790305153926133,False,0.04982990130552743,0.05708834995826953,0.035232432263306385,0.0441828914612011
2009-11-13,-0.004933672251718393,False,0.050848467430813914,0.0582552850292315,0.03595261354150758,0.04508602783876798
2009-11-16,0.03067038689576806,False,0.04955934954938539,0.05677838841044788,0.03504113755526457,0.04394300017980025
2009-11-17,0.00284789836495712,False,0.05120379353579927,0.058662369540724665,0.03620384829408158,0.04540108635420915
2009-11-18,0.016410624693872247,False,0.049388238476946435,0.056582352525784266,0.034920152782843626,0.04379128039422361
2009-11-19,-0.02824354346383979,False,0.049242870121371234,0.056415809158478526,0.034817369501985246,0.043662386013380024
2009-11-20,-0.011048382804892839,False,0.05086956926358229,0.058279460650340106,0.03596753367729282,0.0451047382909746
2009-11-23,0.03291354005674603,False,0.05025557216093295,0.05757602595448369,0.035533404554774176,0.04456032285700627
2009-11-24,-0.03635816455442012,False,0.05210358874015522,0.059693232981574924,0.03684005211463385,0.046198911611931626
2009-11-25,0.016061430052527578,False,0.05461329717733627,0.0625685168934682,0.03861455156570584,0.048424205513264935
2009-11-30,0.023022412420520746,False,0.05423663175068539,0.0621369846782631,0.03834822875986608,0.048090225970322184
2009-12-01,0.011633240814006459,False,0.05474149745590291,0.06271539140406951,0.03870519608862074,0.04853787740192624
2009-12-02,-0.022103187163407492,False,0.05391439696943793,0.06176781172229457,0.03812039136092017,0.04780450868026403
2009-12-03,0.010341353794732751,False,0.054544799266594834,0.06249004126744116,0.03856611984223968,0.048363470178128476
2009-12-04,-0.00025723472810666243,False,0.053525282779286504,0.061322017400429654,0.0378452666067461,0.047459491139007805
2009-12-07,-0.020270964373618992,False,0.05177439281920479,0.059316084894830305,0.036607292813845185,0.04590702205839543
2009-12-08,-0.016544616674238632,False,0.052242240510458775,0.05985208139543973,0.03693808640684437,0.0463218505694195
2009-12-09,-0.017501792995593984,False,0.05224603023830658,0.059856423152175216,0.036940765949171284,0.046325210823599826
2009-12-10,-0.03764108406472018,False,0.05249581552323751,0.060142593290725764,0.037117377640166614,0.04654668900925869
2009-12-11,-0.011916724933462854,False,0.055194207847683696,0.06323404563774465,0.039025286793105886,0.0489392840589607
2009-12-14,0.015857616733339488,False,0.054549581608669157,0.06249552022707796,0.038569501216450315,0.04836771055780542
2009-12-15,0.001964637174164816,False,0.05413540510284905,0.0620210128993637,0.038276656051117006,0.0480004709060504
2009-12-16,0.027789166353233214,False,0.05219708846908458,0.05980035230363407,0.03690616147427201,0.046281815416007184
2009-12-17,-0.028490379480626084,False,0.053291224945276466,0.0610538656443884,0.037679775073221025,0.04725195807944378
2009-12-18,0.008243148317797466,False,0.054758929993385975,0.06273536324375652,0.03871752183440707,0.0485533343844072
2009-12-21,0.012032508078491632,False,0.053467444159682395,0.06125575374606644,0.037804371577977926,0.047408207123079985
2009-12-22,-0.01523786236633184,False,0.05268313636510055,0.06035720013309511,0.03724982359529664,0.04671278158033785
2009-12-23,0.030653214348135355,False,0.05255360806405797,0.060208804154261435,0.03715824008874537,0.04659793216831456
2009-12-24,0.01717932465833705,False,0.05398160671274881,0.06184481154060069,0.03816791228042021,0.047864101830481856
2009-12-29,0.0007830853963210996,False,0.05373164055444702,0.06155843418184654,0.03799117270218007,0.04764246326905857
2009-12-30,0.012575520622937037,False,0.05172186320811137,0.05925590358315388,0.0365701515409111,0.04586044540372359
2009-12-31,0.003729188402006331,False,0.051031766350641404,0.05846528409822271,0.036082215780475754,0.045248554275054434
2010-01-05,0.002779183193583382,False,0.04934839490754558,0.056536705161973615,0.03489198122674448,0.04375595212633339
2010-01-06,0.01091535835893398,False,0.047630237067772474,0.0545682726852745,0.03367715081124133,0.0422325057746649
2010-01-07,0.00535126658110597,False,0.04697081617757512,0.05381279756766265,0.033210904616924455,0.041647814236943415
2010-01-08,-0.006350018224676897,False,0.04568257778695922,0.05233690855029868,0.03230005047820011,0.04050556639985166
2010-01-11,0.0009987516435708886,False,0.04475053339965771,0.051269098364750375,0.03164104474305624,0.03967914662132007
2010-01-12,-0.009528657853079213,False,0.042998711926391826,0.049262098657546036,0.03040241232000949,0.038125851591933324
2010-01-13,-0.023065692852139164,False,0.04260092240467489,0.048806365316107735,0.030121153637737322,0.03777314185737737
2010-01-14,0.00051553036326724,False,0.0439253027977213,0.05032366094333623,0.03105756212473713,0.03894743587816085
2010-01-15,-0.009840814881442676,False,0.042203862103740136,0.04835146741704678,0.02984041055395401,0.037421078704127524
2010-01-20,-0.001197844024239407,False,0.04194270334998843,0.04805226709879953,0.02965575720605533,0.037189515956282504
2010-01-21,-0.0128670854431642,False,0.040496098409942116,0.04639494314460649,0.028632929361194784,0.03590684857427399
2010-01-22,-0.01906635450217899,False,0.04050280741166479,0.04640262940984443,0.028637672987863825,0.03591279727349192
2010-01-25,-0.007590954951806824,False,0.04146032426833102,0.04749962249977937,0.029314689134988418,0.036761802835252114
2010-01-26,0.006215060403434192,False,0.040929239091234436,0.04689117705530935,0.028939183223118878,0.03629090327250889
2010-01-27,0.0016508464335252108,False,0.03988867972793735,0.04569904511187985,0.028203451537468376,0.03536826605664124
2010-01-28,-0.029290796921065343,False,0.038325509289375316,0.04390817620178727,0.027098205587753228,0.03398224304610232
2010-01-29,0.007754709287393561,False,0.04081656084331737,0.046762085584500825,0.028859513614444665,0.03619099436907292
2010-02-01,0.005322886919949582,False,0.040024824063615,0.045855020846857684,0.028299712937935245,0.03548898173635774
2010-02-02,0.0324382481706062,False,0.03892943184688994,0.04460006884872823,0.027525211462588395,0.03451772564009814
2010-02-03,0.02444848243479611,False,0.04149230970861565,0.047536267083868405,0.029337304569270153,0.036790163502229356
2010-02-04,-0.06080610852303173,False,0.04274795454669244,0.048974814824509244,0.030225113305495835,0.03790351147485338
2010-02-05,-0.01683089020137397,False,0.04907832505212291,0.056227295710708274,0.034701027248545756,0.04351648813390203
2010-02-08,-0.007013554835583374,False,0.04924470770817735,0.056417914416484624,0.03481866877513205,0.043664015354323474
2010-02-09,0.01114138078070399,False,0.048276145662960304,0.05530826724591087,0.03413384308299018,0.042805216308046484
2010-02-10,0.0,False,0.04758532225682295,0.05451681537994944,0.03364539361339549,0.042192680967366655
2010-02-11,0.027322189913496053,False,0.0458883039005563,0.05257260165947372,0.032445509954783465,0.04068797845184555
2010-02-12,-0.011957873298732451,False,0.047256387888748586,0.054139966945055025,0.03341281924462049,0.041901023326036416
2010-02-17,0.0009351413412757669,False,0.04697746549392485,0.05382041545348645,0.03321560604281035,0.04165371001467675
2010-02-18,0.022707246267453827,False,0.0452674744393473,0.05186133937282793,0.032006549985647725,0.040137504941325654
2010-02-19,0.00351814813330738,False,0.04609099863088196,0.052804821820388315,0.03258882607962467,0.040867702654284264
2010-02-22,0.0009100956228512615,False,0.04464998687187647,0.051153905775267405,0.03156995291592934,0.03958999460200298
2010-02-23,-0.006649740912815977,False,0.042962135689964834,0.049220194561198395,0.030376550944839202,0.03809342038412891
2010-02-24,0.007299302481611535,False,0.04217617527818853,0.0483197476033423,0.02982083447251945,0.03739652950823907
2010-02-25,-0.03461833335675991,False,0.041318145893004476,0.04733673377966386,0.029214161342503233,0.03663573692782304
2010-02-26,0.026271910360622968,False,0.044084304333977725,0.05050582336204249,0.03116998480086422,0.03908841844955926
2010-03-01,-0.0038050298483371667,False,0.04541414756601059,0.05202937757007594,0.03211025581015512,0.04026755622912382
2010-03-02,0.018623967350091666,False,0.04425877882949857,0.050705712601196606,0.031293347695111634,0.039243120495848285
2010-03-03,0.014856830644362185,False,0.044634175601055065,0.05113579136327203,0.03155877349326108,0.03957597515495888
2010-03-04,-0.009965586499664506,False,0.04458198925469691,0.051076003317823755,0.031521874927039575,0.03952970286429625
2010-03-05,0.016807118316381407,False,0.04413948182511419,0.05056903825593729,0.031208998268039374,0.03913734291134047
2010-03-08,-0.0032882285856791664,False,0.04434647959822793,0.05080618826030201,0.0313553568766019,0.03932088251111046
2010-03-09,-0.0021558565194680674,False,0.04322856738913354,0.04952543590592553,0.030564932550016456,0.03832965851701257
2010-03-10,0.019112866481359847,False,0.04204212729624987,0.04816617358646451,0.02972605530740072,0.03727767261144783
2010-03-11,-0.01064306045967558,False,0.04259585385858829,0.04880055846268858,0.030117569901827936,0.0377686477079662
2010-03-12,-0.0007555723819978567,False,0.04233060040069144,0.048496666987182566,0.029930021376883907,0.03753345429130446
2010-03-15,-0.02940260380875365,False,0.04100439982915593,0.04697728604603913,0.02899232592535789,0.03635754636508432
2010-03-16,0.030284049436559327,False,0.04314060436240366,0.04942465978713384,0.030502737937951427,0.03825166396432872
2010-03-17,0.01039263094541246,False,0.04499051929149433,0.05154404168631574,0.03181072773372564,0.03989193593724153
2010-03-18,-0.0023695215925465096,False,0.04439263476150869,0.05085906659328521,0.03138799107055547,0.03936180710690896
2010-03-19,-0.021709801270817668,False,0.04312135702457078,0.04940260879507524,0.030489129030273922,0.03823459784506885
2010-03-22,-0.003579193390189514,False,0.044188947995713594,0.05062570989253075,0.03124397352304305,0.03918120329214263
2010-03-23,0.013735431508758618,False,0.04306544037561614,0.04933854707429351,0.03044959293858861,0.038185017991067355
2010-03-24,-0.014504071054672515,False,0.042925182117868124,0.04917785816476184,0.03035042277296502,0.038060654602494276
2010-03-25,0.007787107710241136,False,0.04314452650227125,0.04942915324362241,0.03050551110272983,0.038255141624840276
2010-03-26,-0.008428092284459846,False,0.04233552739335617,0.04850231166786859,0.02993350502687666,0.037537822928938334
2010-03-29,0.024198304939499312,False,0.04183580577600325,0.047929798341016155,0.029580174846149537,0.03709473262769644
2010-03-30,-0.005396938107497795,False,0.043012192941321185,0.049277543378043506,0.03041194412587094,0.038137804861030904
2010-03-31,0.011387221838174219,False,0.04210859499437188,0.04824232326992554,0.029773051560863538,0.03733660780928807
2010-04-01,0.02773183848846572,False,0.04173253590510278,0.04781148571394584,0.029507157468309824,0.03700316589010185
2010-04-06,0.006724498883919286,False,0.04334967527091842,0.04966418490917256,0.030650562365242776,0.03843704175992105
2010-04-07,-0.0066061346771173896,False,0.042337360817079096,0.04850441215637798,0.02993480135649874,0.037539448578583025
2010-04-08,-0.022260373451660435,False,0.0416458982676082,0.047712228046576155,0.02944589997803777,0.03692634652595325
2010-04-09,0.0016928661842114143,False,0.04284625989331292,0.049087439772253556,0.030294620496463174,0.03799067629649646
2010-04-12,0.029053120942560226,False,0.04128989143173765,0.0473043636458602,0.029194183911951724,0.03661068442395006
2010-04-13,-0.02099098714734756,False,0.04311618028542977,0.04939667798871236,0.030485468796029983,0.038230007763659944
2010-04-14,0.028007739126512655,False,0.04413304440287112,0.05056166312967349,0.031204446662734392,0.03913163501465989
2010-04-15,0.012622482452316742,False,0.045692107127429646,0.052347825977574154,0.03230678823673147,0.04051401582087539
2010-04-16,-0.024344571897737706,False,0.045266592985424056,0.05186032952234211,0.0320059267501038,0.04013672337881002
2010-04-19,-0.02048910269671865,False,0.04655783181520607,0.05333965603640295,0.03291890236141611,0.041281631628114906
2010-04-20,0.019545372533482756,False,0.04736813885108909,0.05426799605767862,0.033491833212295846,0.042000110029208906
2010-04-21,-0.002126654865783473,False,0.047740893167150696,0.054695047452248007,0.033755390651652825,0.04233062169101742
2010-04-22,0.0003547566997533253,False,0.04628127390629559,0.05302281345245311,0.032723360978887034,0.041036414845580904
2010-04-23,0.017695428625520697,False,0.0446320428677753,0.051133347966422875,0.031557265535612236,0.039574084115230786
2010-04-26,0.007291277021472746,False,0.04490408099311462,0.05144501239469739,0.031749611186977014,0.03981529332195748
2010-04-27,-0.013116083797817714,False,0.04394398773767066,0.050345067616093565,0.03107077338672766,0.0389640033336868
2010-04-28,-0.011752397577595183,False,0.04408591938813138,0.05050767367228413,0.031171126731403504,0.039089850476525106
2010-04-29,0.02602095355552417,False,0.04395475967564502,0.05035740864324188,0.03107838972882514,0.038973554533947664
2010-04-30,-0.007282848212139619,False,0.04524028419342726,0.05183018847278866,0.0319873250128402,0.04011339604982048
2010-05-03,0.021804857462396392,False,0.04450359961904916,0.050986195093530445,0.0314664492196682,0.03946019679118021
2010-05-04,-0.031130021202189585,False,0.04522644587904083,0.051814334406980245,0.03197754057695965,0.040101125972486946
2010-05-05,-0.03673639093496213,False,0.04749093693592782,0.05440868146659595,0.03357865809239378,0.0421089919316796
2010-05-06,-0.025844411605719538,False,0.05025739312159708,0.0575781121645088,0.035534692072340376,0.04456193745597738
2010-05-07,-0.04761892663568725,False,0.05153464358780842,0.059041412706734596,0.03643777715489253,0.045694442583197534
2010-05-10,0.0207046733616912,False,0.05559533914836065,0.06369360753677096,0.039308908293641046,0.04929495686294303
2010-05-11,0.011713910362184577,False,0.05576362723312349,0.0638864092246138,0.039427897061264205,0.04944417357797725
2010-05-12,-0.00380469704366386,False,0.05487807020849155,0.06287185796110199,0.03880176040298873,0.04865897294789539
2010-05-13,0.008981149483761903,False,0.05320868634717795,0.060959304101020656,0.03762141582525094,0.047178773228067364
2010-05-14,-0.0382490156523267,False,0.05202552083576195,0.05960379335336484,0.0367848538886408,0.04612969080964141
2010-05-17,-0.034068497714146405,False,0.054773786717217596,0.06275238406513309,0.03872802634078453,0.0485665074591941
2010-05-18,0.01678004335936107,False,0.05689804811590248,0.06518607498070216,0.040229993912019105,0.05045003538829523
2010-05-19,-0.04436705321463481,False,0.05643483357927149,0.06465538652095972,0.039902476209642684,0.050039314976273314
2010-05-20,-0.03253009219929035,False,0.05987778972217026,0.06859985921761699,0.04233683220698759,0.053092095607618815
2010-05-21,0.012713548858606857,False,0.061529741590447766,0.07049244186176487,0.04350485142389247,0.054556838827712985
2010-05-24,-0.011851355961396345,False,0.06042798667002295,0.06923020033975567,0.0427258511732874,0.0535799410857828
2010-05-25,-0.03567629819914608,False,0.059406577451689466,0.06806000803796285,0.04200365967470502,0.05267428381075841
2010-05-26,0.04951290722323401,False,0.06148884373178919,0.07044558663615788,0.04347593442833056,0.054520575748662765
2010-05-27,0.041212908328739487,False,0.06525970512262463,0.07476572874128104,0.046142137150915315,0.05786410152698967
2010-05-28,-0.0076419585877292185,False,0.06771410684676366,0.07757764971432712,0.04787753176794375,0.06004035638880273
2010-06-02,-0.004113539325792142,False,0.06581647174814677,0.07540359651003312,0.046535801234251606,0.05835777216931813
2010-06-03,0.004660734961880847,False,0.06363685883468714,0.07290649132786121,0.044994697151728054,0.05642516547615302
2010-06-04,-0.017660503151950478,False,0.0614376972797158,0.07038698996069616,0.04343977112354824,0.05447522550550799
2010-06-07,-0.010494744052552466,False,0.06114043631160597,0.07004642861636723,0.04322959155969082,0.05421165185303135
2010-06-08,0.004771269225489354,False,0.059977013795982616,0.06871353671850854,0.042406988987713445,0.053180075041025864
2010-06-09,0.031013442780170385,False,0.05801214711498063,0.06646245867565592,0.041017722093115945,0.05143787830717819
2010-06-10,0.008783246790150662,False,0.059370582954765404,0.06801877041992356,0.04197820962079154,0.05264236841640421
2010-06-11,-0.014226918371327278,False,0.057905344950090205,0.06634009922468731,0.04094220719259458,0.051343179575381766
2010-06-14,0.024665985332045615,False,0.05743930292449759,0.06580617141116098,0.04061269030276834,0.05092995210164337
2010-06-15,0.0023936181641105994,False,0.058037813070041556,0.06649186324973982,0.041035869309936884,0.05146063564919563
2010-06-16,0.010963718565917858,False,0.05590592389696708,0.06404943346368643,0.03952850849012143,0.049570344368791056
2010-06-17,0.018224925154561936,False,0.054945488528061776,0.06294909673782813,0.03884942879717237,0.04871875103731611
2010-06-18,-0.006081405816386031,False,0.054819135305181385,0.06280433833339295,0.038760090242414086,0.048606716885410656
2010-06-21,0.019026155620658628,False,0.053567938038166694,0.06137088601711791,0.037875426179207534,0.04749731245962005
2010-06-22,-0.005746775281946214,False,0.053574942962235785,0.06137891131008879,0.037880379038962575,0.04750352354556904
2010-06-23,-0.03731678906264673,False,0.05226377519247068,0.05987675291656913,0.036953312590429284,0.04634094481791398
2010-06-24,-0.0006649378528127397,False,0.05486000157821239,0.06285115737246709,0.0387889849052309,0.04864295195829756
2010-06-25,0.013740472488648384,False,0.05287753795352037,0.06057991913556929,0.037387276020776766,0.04688515246721506
2010-06-28,0.0058873722743828715,False,0.052285383525991456,0.0599015088176191,0.03696859084960997,0.04636010437130648
2010-06-29,-0.03248114797036684,False,0.05089501035679781,0.05830860760818584,0.03598552190464099,0.045127296253778974
2010-06-30,0.009788881383499173,False,0.05295202092876141,0.06066525163764314,0.037439939508184854,0.04695119460505926
2010-07-01,-0.04377872322719814,False,0.05188000431492761,0.05943708023837861,0.03668196584693963,0.04600066505447455
2010-07-02,0.000278784501387278,False,0.0553666596442993,0.06343161754252849,0.0391472195299518,0.049092192630170554
2010-07-07,-0.0015063337322772726,False,0.053255389609760735,0.06101281037192758,0.03765443755502187,0.047220183809415436
2010-07-08,0.021555772599807076,False,0.051427846305898924,0.05891905885002397,0.03636226570690248,0.045599748181014664
2010-07-09,0.008547060578458348,False,0.05195217955312385,0.05951976884799886,0.03673299763958248,0.04606466098125471
2010-07-12,-0.011367558049630123,False,0.05082065111934105,0.05822341686810121,0.035932945906531275,0.04506136383104457
2010-07-13,0.027853259468907276,False,0.05024711809206241,0.05756634042772951,0.03552742707135504,0.0445528268516455
2010-07-14,0.002351712607241501,False,0.0515133226529129,0.059016986068092664,0.036422702102066495,0.04567553785877185
2010-07-15,-0.014591123145067638,False,0.04965223462541786,0.05688480354649099,0.03510681232209826,0.044025358986965954
2010-07-16,0.00039716688150340257,False,0.04954230025656408,0.0567588556405723,0.03502908278415874,0.043927883010500726
2010-07-19,0.009747179383389577,False,0.04767958376532216,0.0546248074458338,0.033712041592344366,0.04227626022178768
2010-07-20,0.00026212319940374114,False,0.0470252191011403,0.053875125066972736,0.03324937042298102,0.041696051909587285
2010-07-21,-0.007365546912063299,False,0.04523060778752356,0.051819102557864184,0.03198048327110237,0.040104816229660764
2010-07-22,0.024000108516379324,False,0.044448588894785236,0.05092317125852461,0.03142755366568144,0.03941142019729429
2010-07-23,-0.004132770960365509,False,0.04558680688627557,0.05222718722734193,0.03223233527743252,0.0404206488062144
2010-07-26,0.008120170931210088,False,0.04437832749786219,0.050842675268947875,0.03137787506221325,0.039349121224331665
2010-07-27,-0.03102843103945744,False,0.04347186546162574,0.049804173875351666,0.03073695743134857,0.038545384658305364
2010-07-28,0.014982538115163755,False,0.04587607426978834,0.0525585906054108,0.03243686294512965,0.0406771347528882
2010-07-29,0.024991639482751786,False,0.04578026541200624,0.052448825796353064,0.03236912090664285,0.04059218350366831
2010-07-30,-0.014093763075859479,False,0.04695639989728434,0.053796281346823877,0.033200711527925156,0.04163503169211242
2010-08-02,0.055587287794422034,False,0.04694645019051193,0.053784882320790844,0.03319367654770817,0.041626209543103934
2010-08-03,0.020178295936932385,False,0.05217154042659406,0.05977108281779856,0.036888097628008536,0.04625916262403226
2010-08-04,0.0019120464716256631,False,0.05236752191413601,0.05999561185464206,0.03702666712752142,0.046432934366813346
2010-08-05,-0.010320504421032085,False,0.05046471891733544,0.0578156379727563,0.035681282610619806,0.04474576790496924
2010-08-06,-0.019735078311077535,False,0.049794064903458425,0.05704729346389647,0.03520709399099644,0.04415111624548742
2010-08-09,0.003193713560935743,False,0.05034261203885621,0.05767574445444101,0.03559494645076018,0.04463749887739411
2010-08-10,-0.020443008897156858,False,0.048609844176335515,0.05569057379304434,0.03436978595987391,0.04310109819444279
2010-08-11,-0.026123727522653795,False,0.04925814264097216,0.056433306342315526,0.034828167998434814,0.04367592776357796
2010-08-12,-0.015538315988983937,False,0.050578646920471954,0.05794616124377836,0.03576183586375169,0.04484678493420453
2010-08-13,-0.019635604836490097,False,0.05051134910005763,0.057869060518659816,0.035714252668981185,0.04478711368828513
2010-08-16,-0.007748869768487092,False,0.05094234861527706,0.05836284137136164,0.036018992610816106,0.04516926986965123
2010-08-17,0.02881891444147041,False,0.04994505703367597,0.057220279790278133,0.03531385358434912,0.044284997082617586
2010-08-18,-0.021602526048717235,False,0.05140836786837532,0.05889674309524915,0.036348493399258566,0.04558247715160478
2010-08-19,-0.0034680573642000335,False,0.052046193440801095,0.05962747722349309,0.036799470537232606,0.04614802067666371
2010-08-20,-0.018339241058963906,False,0.050483559499683896,0.057837222959488094,0.035694603920195016,0.044762473364606085
2010-08-23,-0.005458528837118989,False,0.05078756206297939,0.058185507910229084,0.03590955015606067,0.04503202461608572
2010-08-24,-0.03438295398155046,False,0.049513367475817284,0.056725708380207254,0.035008625745088964,0.0439022290581967
2010-08-25,0.0018394062490789782,False,0.051841113029800955,0.05939252387287381,0.03665446760726911,0.04596618115254984
2010-08-26,0.0517879416081793,False,0.04992430184145931,0.05719650130295079,0.03529917854216106,0.04426659398766978
2010-08-27,0.008820049159750753,False,0.05470533612641214,0.06267396265187777,0.03867962807506954,0.04850581408142742
2010-08-30,0.01177184416003726,False,0.05343344447415959,0.061216801512673565,0.03778033196349402,0.04737806047667267
2010-08-31,-0.007125920889967549,False,0.05255926301634754,0.060215282832461595,0.03716223844552061,0.046602946269018806
2010-09-01,0.0002648305100224291,False,0.05141771825335802,0.05890745549957169,0.03635510462659211,0.04559076789740173
2010-09-02,-0.007975583949137215,False,0.04944684322806306,0.05664949390983899,0.0349615895079811,0.043843243719252495
2010-09-03,0.0013336891814179767,False,0.048550232559425824,0.055622278878574155,0.03432763732622522,0.043048242107419886
2010-09-08,0.022185432948340435,False,0.046729544002034135,0.0535363805964946,0.03304031215418511,0.04143388440635488
2010-09-09,0.005020931050099664,False,0.04749964159997855,0.05441865409135695,0.033584812760143606,0.04211671013333931
2010-09-10,-0.004246837346111649,False,0.04612557398752841,0.05284443357976272,0.032613272724693394,0.04089835973346602
2010-09-13,0.012559437165477173,False,0.044936059179764294,0.05148164866855422,0.03177222149254696,0.039843647557323225
2010-09-14,0.004701107698737891,False,0.04457691099158389,0.051070185331952206,0.031518284320667556,0.03952520009904777
2010-09-15,-0.005465536325591782,False,0.043289813508597466,0.04959560341197986,0.03060823686527432,0.038383963875397734
2010-09-16,0.005465536325591804,False,0.042308680459387106,0.048471554088150834,0.02991452279416576,0.03751401844330734
2010-09-17,-0.018680174708366,False,0.04118095938995892,0.04717956407050879,0.029117163073404596,0.036514097185114364
2010-09-20,0.025375923304473143,False,0.04193499072096176,0.04804343101336815,0.029650303960661803,0.0371826773665555
2010-09-21,-0.008344971932180534,False,0.04330017521051087,0.049607474446228324,0.03061556314831386,0.03839315132989792
2010-09-22,-0.018840672652145108,False,0.042739352988134895,0.048964960324053605,0.03021903153889992,0.03789588469418177
2010-09-23,0.005161967843549569,False,0.043446560274121505,0.04977518261985741,0.030719065296680538,0.038522947199598596
2010-09-24,0.013297728234046426,False,0.04225129633582717,0.04840581113377989,0.02987394911865478,0.037463137417328596
2010-09-27,-0.013040327975225141,False,0.04204583697468602,0.04817042363342922,0.02972867825046896,0.03728096188787435
2010-09-28,0.018234486736127507,False,0.04206132935362802,0.04818817270231266,0.029739632199350465,0.03729469858169345
2010-09-29,-0.004432350699681398,False,0.04255279762299804,0.0487512304612103,0.030087126817169886,0.0377304708516215
2010-09-30,0.024819524196608104,False,0.04148908004989645,0.04753256697846228,0.029335021026074673,0.03678729984693588
2010-10-01,0.023493066279870363,False,0.0428110110233633,0.04904705639258399,0.030269697641102825,0.037959422030396976
2010-10-04,0.00878941303472398,False,0.04386187271511007,0.050250991348191144,0.03101271362954639,0.0388911940558421
2010-10-05,-0.0008394795719962453,False,0.043031729521351134,0.049299925744624946,0.030425757543407962,0.03815512744390527
2010-10-06,0.019720287432464595,False,0.041502119680327396,0.04754750602040025,0.029344240749250117,0.03679886175175467
2010-10-07,-0.015888406321760203,False,0.04214648736353386,0.04828573521285119,0.029799843512980997,0.03737020599812706
2010-10-08,0.0025067157262118516,False,0.04261249165918937,0.04881961980052722,0.030129333725703363,0.03778340001770094
2010-10-11,-0.009583207025807563,False,0.04113220691311115,0.04712371008752468,0.029082692438440336,0.03647086961819981
2010-10-12,-0.0010838803975549863,False,0.04074423974382174,0.04667922986676503,0.028808378689983056,0.03612686911083133
2010-10-13,0.012215720766399204,False,0.0393307589880677,0.04505985511526788,0.02780897143293783,0.03487357209081395
2010-10-14,-0.005490584335353135,False,0.03918738576469502,0.04489559750013918,0.027707598818332846,0.03474644674236348
2010-10-15,-0.019457982922677745,False,0.03842497205247555,0.04402212716052724,0.02716853113470071,0.03407043411915992
2010-10-18,0.004383835564299095,False,0.039561621912240254,0.0453243465764639,0.02797220399260409,0.03507827230602389
2010-10-19,-0.014441567840151041,False,0.03834323955895059,0.04392848914256878,0.0271107418462136,0.03399796401996937
2010-10-20,0.006879634013537007,False,0.03872444762980974,0.04436522570407005,0.02738027654692313,0.034335971408658204
2010-10-21,-0.004909190026238408,False,0.03782281510759743,0.04333225731333988,0.026742773643386057,0.0335365170484631
2010-10-22,-0.006542021727405801,False,0.03705354082007362,0.042450927056015345,0.026198855162373955,0.032854421329646444
2010-10-25,0.014263121424744774,False,0.03642507971659126,0.04173092146758802,0.025754499209854554,0.03229718103827007
2010-10-26,0.008630698441107804,False,0.03659189135203805,0.04192203163983397,0.025872444048046693,0.032445088623681916
2010-10-27,-0.016474837203505097,False,0.03598010426757291,0.04122112888339962,0.025439877527779615,0.031902632755978044
2010-10-28,0.020702151911080473,False,0.03675153557854224,0.042104930365954404,0.02598532114090003,0.03258664105198784
2010-10-29,-0.006044505830929903,False,0.03779435648386454,0.04329965327784256,0.02672265185894125,0.03351128351898417
2010-11-01,0.019096238731706676,False,0.03710655280579695,0.04251166100719056,0.02623633750023147,0.03290142569349206
2010-11-02,0.007702828866488887,False,0.038016547318507704,0.043554209433750934,0.026879752782804096,0.03370829441552439
2010-11-03,0.007292434105033958,False,0.037224885521237455,0.04264723060081989,0.026320005122925077,0.033006348267802625
2010-11-04,0.017426091524060373,False,0.03641251714753582,0.04171652897794181,0.02574561679484464,0.03228604213149907
2010-11-05,0.0025304821416442078,False,0.036988302716202,0.04237618607506092,0.026152728298474492,0.03279657638139295
2010-11-08,0.0011481057518319265,False,0.03557313664419374,0.04075488051652641,0.025152129431789006,0.03154178503481287
2010-11-09,0.008910271424880914,False,0.03404816101670849,0.03900777004633063,0.02407388927696439,0.030189628380577562
2010-11-10,-0.0001137332955448697,False,0.033712958258744485,0.038623740139542444,0.023836882817890183,0.02989241271920566
2010-11-11,0.001818182319058505,False,0.032463404268211454,0.03719217046682891,0.022953380639933522,0.028784465344393037
2010-11-12,-0.023084573753041515,False,0.031065133346606693,0.03559022108267088,0.021964727557336985,0.02754465449299639
2010-11-15,-0.006761508623240744,False,0.033339688439616495,0.038196098151399974,0.02357296089001543,0.02956144397409107
2010-11-16,-0.017820734782094984,False,0.0329278097604686,0.037724223362177046,0.023281740412278526,0.029196241746127685
2010-11-17,-0.007410097250990533,False,0.0341746823620098,0.03915272106265848,0.024163346703357014,0.030301811602308187
2010-11-18,0.004070399490372823,False,0.033845549269938845,0.03877564495673189,0.02393063182598044,0.030009977757522958
2010-11-19,-0.006352271614833484,False,0.032918121414832996,0.03771312376832535,0.023274890228505197,0.029187651339314884
2010-11-22,-0.010029689538837512,False,0.032546481958127996,0.03728734962856555,0.023012121054943168,0.028858128194614707
2010-11-23,0.0003642766113988059,False,0.03256664034275086,0.037310444374607454,0.02302637412192013,0.028876002115623793
2010-11-24,0.02588520798767887,False,0.03121996611924696,0.035767607496810065,0.022074202692371682,0.027681940728950517
2010-11-29,0.013124163065718586,False,0.03338654486175238,0.038249779891772785,0.02360609091186479,0.029602990358074392
2010-11-30,0.0013959983653803964,False,0.03353040612505827,0.03841459663693728,0.023707808597068718,0.029730548438977315
2010-12-01,0.029100461044791155,False,0.032244187445756696,0.03694102153116668,0.022798382503357684,0.028590091427944726
2010-12-02,0.009104766992919287,False,0.03482487752967269,0.039897626597291694,0.024623069813426084,0.030878322929218244
2010-12-03,0.014220881807559418,False,0.03436891695717006,0.03937524874688011,0.0243006810555809,0.030474034420558564
2010-12-06,0.006597055261740747,False,0.034538926337373016,0.039570022461837044,0.024420886872072507,0.030624777363973944
2010-12-07,-0.005163995434281317,False,0.03381606141971216,0.03874186177295763,0.023909782322800974,0.02998383163939197
2010-12-08,-0.01152239648048232,False,0.0331741811854963,0.0380064823625604,0.023455938319889878,0.029414692950042332
2010-12-09,0.0021149893785869824,False,0.03363487473110764,0.03853428261233651,0.023781673545419886,0.02982317806418732
2010-12-10,-0.004346137113604622,False,0.03227516325464079,0.036976509416381885,0.022820284073694307,0.028617556880734956
2010-12-13,0.009558814585311373,False,0.031625732606603695,0.036232479764758733,0.022361101520303534,0.02804172343370748
2010-12-14,0.0025410166685594085,False,0.03135097730881799,0.03591770236841781,0.022166834681225014,0.02779810498008014
2010-12-15,0.007694036636897325,False,0.030188927434734947,0.03458638305727045,0.021345202640973053,0.02676774525401305
2010-12-16,-0.0026312919468690845,False,0.029637314961783862,0.033954420218249445,0.020955182821955506,0.026278644666163017
2010-12-17,0.00021953896904857305,False,0.02878363962985936,0.03297639467890843,0.020351588242819758,0.025521712712750916
2010-12-20,0.0021927429024816434,False,0.02758579904083284,0.03160407121550674,0.019504650233523834,0.024459618280568904
2010-12-21,0.01952127927218968,False,0.02639475805768574,0.03023953781931073,0.01866251991293062,0.02340355288397954
2010-12-22,0.004714462819660161,False,0.027840404156169753,0.0318957632627456,0.01968466980500559,0.024685370085843893
2010-12-23,0.0008547922306991307,False,0.026978291204086374,0.030908071041355754,0.019075109372578492,0.023920956711720464
2010-12-28,0.004715978729721912,False,0.025913178501718016,0.029687809208506048,0.018322017149720374,0.02297654868180796
2010-12-29,0.0,False,0.025118388291930468,0.028777246264350163,0.0177600575331804,0.02227182865119507
2010-12-30,-0.010966672645433394,False,0.02419995530734127,0.02772503017995607,0.017110675795104675,0.021457477753253594
2010-12-31,0.007860913790222858,False,0.024917280133874477,0.028546843782993256,0.017617863200647774,0.022093511221568447
2011-01-03,0.027401873146373584,False,0.02459365821042408,0.0281760816274187,0.017389045017224596,0.021806563988207423
2011-01-04,-0.024296114291163053,False,0.027700337808839244,0.03173529421817027,0.019585635330415054,0.02456117685930053
2011-01-05,0.016438145207126015,False,0.030404361164832285,0.0348331978382431,0.021497525926872155,0.02695876479979964
2011-01-06,-0.0012630251126440825,False,0.031115514949647056,0.03564794149773235,0.022000350072532284,0.027589326564191653
2011-01-07,-0.007399610930174805,False,0.03028031184154937,0.034691078929834265,0.02140981635359653,0.02684877345639241
2011-01-10,0.008452242606317956,False,0.03017142283427276,0.034566328657585056,0.021332825942767315,0.02675222437514254
2011-01-11,0.018243925348093187,False,0.029834067702248033,0.034179832852201844,0.021094297638951036,0.026453100259067393
2011-01-12,0.010890891578446284,False,0.030906325571945018,0.035408280649749053,0.021852441881125274,0.027403843725018934
2011-01-13,0.0,False,0.03079012832153216,0.03527515758263549,0.021770284147573846,0.02730081461260703
2011-01-14,0.0,False,0.02964097276209691,0.03395861083028916,0.02095776908438802,0.026281887943592513
2011-01-19,0.006012756968494704,False,0.028554495833487705,0.03271387276143916,0.02018957119938392,0.02531853680393222
2011-01-20,-0.022087291647957037,False,0.028093868243576202,0.032186148074768245,0.01986388260809693,0.02491011017100937
2011-01-21,0.005903388279982686,False,0.03029180224897119,0.03470424308193719,0.021417940692408377,0.026858961705027513
2011-01-24,-0.0008264463280311878,False,0.029587847424221863,0.03389774701557545,0.02092020660043543,0.02623478307331029
2011-01-25,0.0,False,0.028549301250532302,0.03270792151205122,0.020185898348599206,0.025313930900872177
2011-01-26,-0.00746891438877399,False,0.02743477767982601,0.031431051400446906,0.019397869972423952,0.02432571152524993
2011-01-27,0.004570961625822774,False,0.02740847933456789,0.03140092231935133,0.019379275621568978,0.024302393459114814
2011-01-28,0.005993610998194775,False,0.026610828710598555,0.03048708230015502,0.018815293537669763,0.02359513717283983
2011-01-31,0.019487429931529503,False,0.026074110308028198,0.029872183069126815,0.01843580463105753,0.023119242774000934
2011-02-01,0.014345433349029192,False,0.027487452463846828,0.0314913990315955,0.01943511389046061,0.024372416901021488
2011-02-02,0.008924203997008868,False,0.0280467481468949,0.03213216425182394,0.019830566154099047,0.02486832999359047
2011-02-03,0.0038425585484084326,False,0.027820318555955643,0.03187275190321842,0.01967046820053777,0.024667560700897456
2011-02-04,-0.022475090811063737,False,0.026884682586703804,0.030800826969659124,0.019008923022921256,0.023837956359054936
2011-02-07,0.00010056821047335195,False,0.029209764848930918,0.03346459122345392,0.020652881793946257,0.02589954698112886
2011-02-08,-0.0019125276351559094,False,0.028114067916886764,0.0322092901237947,0.01987816486840669,0.02492802070163555
2011-02-09,0.00912698778448857,False,0.0273292378527916,0.031310138165172106,0.019323247612964084,0.02423213207595293
2011-02-10,0.00577403296571607,False,0.027172052874120167,0.031130056912039406,0.019212109341188374,0.024092760199428645
2011-02-11,-0.008072999443806407,False,0.026546725645919575,0.03041364169333236,0.018769969207799535,0.023538298634636107
2011-02-14,0.0314234177572339,False,0.02667692085124558,0.03056280172074175,0.018862024251708423,0.02365373937352936
2011-02-15,-0.006225701042453104,False,0.030046960326691026,0.03442373637858486,0.021244824225870308,0.02664186667184798
2011-02-16,0.002923123975604794,False,0.029766909643732607,0.0341028922473321,0.021046813263393634,0.026393552936427946
2011-02-17,0.006497622627468438,False,0.028703780504964804,0.03288490291292261,0.020295123527162333,0.025450903681326822
2011-02-18,-0.01215672642194797,False,0.0281741102472712,0.032278078491411163,0.01992061803975114,0.024981258691215088
2011-02-23,0.027242092787600817,False,0.028804338502145636,0.033000108642489756,0.020366223463774376,0.025540065870265447
2011-02-24,0.037021395212595565,False,0.031218221193543606,0.03576560839734178,0.022072968935630502,0.0276803935482229
2011-02-25,-0.02165316651028857,False,0.03514352288823265,0.04026268727904005,0.024848369296614815,0.03116085757052825
2011-02-28,0.0071511880691559815,False,0.03696734008804022,0.0423521699357311,0.026137906587866595,0.03277798935832955
2011-03-01,0.009485466270785134,False,0.036017616444038385,0.04126410525304216,0.02546640066312089,0.031935893837734666
2011-03-02,0.030841170878205613,False,0.035483198982461786,0.040651842128473004,0.025088538646098658,0.031462039624076205
2011-03-03,-0.021357432779296193,False,0.03817295577905525,0.043733401057620004,0.026990342014315147,0.03384697777340653
2011-03-04,0.011211172047863401,False,0.03977257872990988,0.04556603231770919,0.028121361859553412,0.03526532228874307
2011-03-07,0.007490671729157659,False,0.039299371583120815,0.04502389567904698,0.027786778841948502,0.03484574168638441
2011-03-08,-0.037225792339902766,False,0.03831111480497315,0.04389168495172476,0.027088027909624692,0.033969479827125
2011-03-09,0.025230998660914127,False,0.042554396371499034,0.048753062090644214,0.030088257218731835,0.03773188842078464
2011-03-10,-0.009770643898608582,False,0.044018261575653216,0.05043016051703057,0.03112328900279544,0.03902986003490459
2011-03-11,0.0,False,0.04356567502739727,0.049911648166487854,0.03080328586237295,0.038628563186737366
2011-03-14,-0.009867052125794164,False,0.04180338514845621,0.04789265517832105,0.029557251710962466,0.03706598609137015
2011-03-15,-0.016424541318094985,False,0.04152141719376214,0.04756961449686567,0.02935788513378886,0.03681597236042979
2011-03-16,-0.0013509255893412687,False,0.042134570762723166,0.048272082786103995,0.029791417832418295,0.03735963985477917
2011-03-17,0.028606374529537012,False,0.04065962235761976,0.046582286729622654,0.02874854962651813,0.03605184105152674
2011-03-18,-0.0004380009706046177,False,0.0427464601788728,0.04897310278031853,0.03022405670671473,0.03790218645735488
2011-03-21,0.006898084545580285,False,0.04107110111946662,0.047053703347782874,0.02903948734111783,0.03641668868310839
2011-03-22,0.006159204029781476,False,0.03998139029374332,0.0458052603177481,0.028269002916144082,0.03545047013007892
2011-03-23,0.00017295053657789033,False,0.03885525944687558,0.04451509216167236,0.02747276756864428,0.03445195888131695
2011-03-24,-0.002077383245134846,False,0.0373521480595175,0.042793030775645904,0.026409986612796317,0.033119188686278035
2011-03-25,0.00034653036819092507,False,0.03622148291259492,0.04149766783287455,0.025610545270194015,0.03211665699031616
2011-03-28,0.004321527901036398,False,0.034842206686218104,0.03991747999710641,0.024635322463304375,0.03089368824648158
2011-03-29,-0.003196132811908801,False,0.033691490138436184,0.038599144875795244,0.023821703697025683,0.02987337748926126
2011-03-30,-0.001991946269869251,False,0.03288481158663041,0.03767496187998807,0.02325133838041595,0.02915811637164472
2011-03-31,0.013689998127761694,False,0.03193560467646483,0.03658748920092158,0.022580197814408814,0.02831647902564789
2011-04-01,0.014348422925487436,False,0.0323182803750691,0.03702590717145894,0.022850770207222145,0.02865578772209912
2011-04-04,0.012065500369614757,False,0.03273246866415471,0.03750042799884242,0.023143623703960756,0.02902303782177251
2011-04-05,0.023051979836853257,False,0.03273744287922968,0.03750612678056841,0.023147140742748717,0.02902744833030261
2011-04-06,0.0011387670012137708,False,0.03437303955669497,0.039379971862885756,0.024303595956166782,0.030477689823490837
2011-04-07,-0.0008946363087044577,False,0.03296581324291421,0.037767762603649474,0.023308610927490373,0.029229938456256554
2011-04-08,0.02728901278445632,False,0.03186773373946088,0.03650973187646051,0.022532209395247058,0.02825629961199365
2011-04-11,0.0012660232740216075,False,0.03413476914710766,0.03910699390846802,0.024135125904125886,0.03026642158154382
2011-04-12,-0.04141194656668541,False,0.03283095597344436,0.037613261414760756,0.023213259552365657,0.029110363985032795
2011-04-13,0.011228245653084138,False,0.037705043799973345,0.043197330904727056,0.02665950296634849,0.03343209226001943
2011-04-14,0.0003259452440851679,False,0.037551970062275335,0.04302195975451057,0.02655127156404912,0.03329636571509205
2011-04-15,0.015281050877334655,False,0.03615349998519597,0.041419782204991346,0.025562477667772754,0.03205637827765997
2011-04-18,-0.023872520489576783,False,0.03653230411521683,0.04185376465676613,0.025830312652437674,0.0323922541538562
2011-04-19,-0.002797895176098362,False,0.03843188111020643,0.044030042622835774,0.027173416211775492,0.03407656020289327
2011-04-20,0.023697212462937534,False,0.03742621070038426,0.04287788171554062,0.026462352901093382,0.033184858124446937
2011-04-21,-0.005002027371632235,False,0.038794135479027866,0.04444506460039077,0.027429549621178263,0.03439776183162715
2011-04-27,0.00312638035723441,False,0.03804517555952938,0.04358700779375801,0.026899994495835588,0.03373367834028937
2011-04-28,0.013119895583313135,False,0.03668609280358973,0.04202995490060436,0.025939049563489115,0.03252861462715273
2011-05-03,-0.020986208058075637,False,0.036652596678101765,0.04199157957807706,0.025915365993154468,0.03249891447447268
2011-05-04,-0.02003650675254868,False,0.03813500446572287,0.04368992158444965,0.02696350838548477,0.033813327320288154
2011-05-05,-0.08245202486095615,False,0.03941594593946443,0.04515745078304568,0.027869203209765974,0.03494910516892292
2011-05-06,0.015601770239838863,False,0.051770997265674294,0.059312194729624824,0.03660489197405571,0.04590401130844092
2011-05-09,-0.004230945050997192,False,0.05131294884318972,0.05878742490356594,0.03628102699347804,0.04549787155691857
2011-05-10,0.03991353500352327,False,0.04965970463323837,0.05689336166941468,0.03511209402119151,0.04403198245071163
2011-05-11,-0.018503183363469056,False,0.05315554545731678,0.06089842246894824,0.037583842345203976,0.04713165456823917
2011-05-12,-0.02441813876253715,False,0.05347752236601641,0.06126729998948804,0.0378114974143271,0.04741714320934372
2011-05-13,0.0018588188578545506,False,0.05472475117745641,0.06269620578701218,0.03869335556504814,0.048523028907676895
2011-05-16,0.005643753957409501,False,0.05222324247068865,0.05983031601532653,0.036924653766365466,0.04630500549633793
2011-05-17,-0.038819808651099616,False,0.05039885409135956,0.05774017897852316,0.03563471262033423,0.04468736725835025
2011-05-18,0.028389235873433442,False,0.05406048425310429,0.06193517874000675,0.0382236829627788,0.04793404051614941
2011-05-19,0.005847451763949595,False,0.05539903592725507,0.06346870990119872,0.03917011131111714,0.04912089984728866
2011-05-20,-0.017376244722732977,False,0.05343168193410115,0.061214782233063626,0.037779085752452195,0.04737649767774959
2011-05-23,-0.010118434869496993,False,0.05356510102481378,0.061367635751576846,0.03787342025749852,0.047494796952870844
2011-05-24,0.02146949744480352,False,0.05268512000882142,0.06035947272332632,0.03725122613857284,0.046714540426189846
2011-05-25,0.01718179630872897,False,0.053073351445552905,0.060804255705918145,0.037525726738388616,0.04705877525270014
2011-05-26,0.005140951504762527,False,0.0528330402794906,0.06052893972921315,0.03735581376126885,0.04684569752449145
2011-05-27,-0.0018268023000401633,False,0.050963520546240884,0.0583870973014857,0.03603396230981256,0.04518804247612426
2011-06-01,-0.008828754900224457,False,0.049207465036717024,0.056375246809164434,0.034792336194389324,0.04363099323572109
2011-06-02,-0.01605588841565326,False,0.04843407716614499,0.05548920376569167,0.03424550918792745,0.042945250108650045
2011-06-03,0.006887860179634804,False,0.04873477320479333,0.05583370054846008,0.034458117532233906,0.0432118695497955
2011-06-06,0.002689923093599565,False,0.047368894389726274,0.05426886165148869,0.033492367418930004,0.04200077994587996
2011-06-07,0.0063920058699046154,False,0.04547084096512142,0.0520943291859525,0.03215034110616448,0.040317824807504545
2011-06-08,0.019525708789499854,False,0.04415629966806608,0.050588305861909336,0.031220889391583538,0.039152254859995524
2011-06-09,0.012752920552299965,False,0.0447397599063226,0.05125675555568043,0.03163342730123469,0.039669594041960854
2011-06-10,-0.010391445220260991,False,0.04430772194157694,0.05076178498820065,0.03132795311948291,0.039286517094117124
2011-06-13,0.014883217869742482,False,0.04394046637096662,0.050341033311199025,0.031068283590227494,0.03896088102842824
2011-06-14,-0.0011625977061041467,False,0.04381216589622043,0.050194044009389795,0.03097756822320059,0.038847120298392386
2011-06-15,-0.048345726178867905,False,0.04220396659303227,0.048351587126721496,0.029840484433528543,0.03742117135209456
2011-06-16,0.0001743983262181452,False,0.0477153939814777,0.05466583393993488,0.0337373613497988,0.042308012219125606
2011-06-17,-0.008317694497777486,False,0.045841557409730414,0.05251904586350241,0.03241245766030927,0.04064652954112649
2011-06-20,-0.013543026201878729,False,0.04516773248391772,0.051747068553341984,0.031936027034640144,0.0400490663156127
2011-06-21,-0.0016946888950886705,False,0.04521634202620728,0.051802758781274064,0.03197039660714976,0.04009216714613191
2011-06-22,0.01391804746164415,False,0.04386205729212087,0.050251202811523614,0.03101284413546472,0.03889135771552876
2011-06-23,-0.04796736692052339,False,0.04365444231832236,0.05001334570223267,0.030866049132674045,0.038707270859790956
2011-06-24,-0.03266975983595653,False,0.04889328969124625,0.05601530726281606,0.034570197251945295,0.043352422040012516
2011-06-27,-0.002101643876353039,False,0.05151690791781276,0.05902109357888305,0.03642523707804318,0.04567871682091666
2011-06-28,0.028285094833416593,False,0.04968877522474714,0.0569266668146802,0.03513264849991519,0.04405775859627271
2011-06-29,0.035793102335565964,False,0.05121936371004813,0.05868020773693098,0.036214857248447904,0.045414892027125314
2011-06-30,0.00197132680327682,False,0.053793578325390126,0.061629394088460736,0.038034966052399914,0.04769738189701549
2011-07-01,-0.017063565732030397,False,0.05145850769078607,0.058954186510821655,0.036383944962486627,0.04562693484213631
2011-07-06,0.002998767461549395,False,0.05174751480857469,0.0592852917116846,0.03658828860825603,0.045883190017888646
2011-07-07,0.033343638842428636,False,0.04966409893821446,0.05689839606871562,0.035115201032210164,0.04403587876787702
2011-07-08,0.0,False,0.05192287433268344,0.05948619489669102,0.0367122772655284,0.0460386767962565
2011-07-11,-0.00042598509696363713,False,0.049802350944526994,0.05705678648715957,0.03521295266968195,0.0441584632649192
2011-07-12,8.521153769375639e-05,False,0.047862119506492246,0.05483393216811483,0.03384110422277133,0.04243810996719372
2011-07-13,0.00932921701409284,False,0.04595415547629858,0.05264804547338434,0.03249207057643805,0.0407463673498233
2011-07-14,-0.009158815718630649,False,0.04506679902903854,0.051631432675211114,0.03186466162915142,0.03995957121799275
2011-07-15,0.005776434682354857,False,0.044614418894577575,0.05111315680562972,0.03154480443443341,0.0395584573916269
2011-07-18,-0.008591775875623582,False,0.043260193622066914,0.04956166895889691,0.03058729400529481,0.03835770068407314
2011-07-19,0.009607691980608877,False,0.04270341275985251,0.048923784879671625,0.030193619855847953,0.03786401741843593
2011-07-20,0.002872836787835858,False,0.04210159751328267,0.04823430650411262,0.029768103963697376,0.03733040332283784
2011-07-21,-0.0022806953333220953,False,0.040472197441014615,0.046367560652513864,0.028616030084922847,0.0358856562000514
2011-07-22,0.00623842859501972,False,0.039143331094437746,0.044845125627487395,0.027676449786425177,0.03470738459968731
2011-07-25,-0.006069309704036568,False,0.038091779317670105,0.043640400065956084,0.02693294587059029,0.03377500069360872
2011-07-26,-0.001099784383936274,False,0.037541574644090685,0.04301005009272639,0.02654392144178431,0.03328714836524161
2011-07-27,-0.0012704867672613273,False,0.036238290147867724,0.04151692328600502,0.025622428893535987,0.032131559533415094
2011-07-28,0.0014397631112964872,False,0.034951170951149434,0.04004231648938048,0.024712366085361242,0.030990304056757654
2011-07-29,-0.019053077540814155,False,0.033342835017591624,0.03819970307414534,0.023575185690636453,0.029564233963826295
2011-08-01,0.003788209437675382,False,0.035020428819767635,0.0401216627721836,0.0247613351401027,0.031051713226991205
2011-08-02,-0.0030121800820672997,False,0.033784965320873744,0.03870623607580965,0.023887795700968027,0.029956259528594067
2011-08-03,-0.019847448159264675,False,0.032826333726743574,0.03760796587071322,0.02320999137423319,0.02910626555780462
2011-08-04,-0.03143677342356424,False,0.0345976797005975,0.03963733410551098,0.024462428673998945,0.030676872459535376
2011-08-05,-0.030397477184371045,False,0.03825459526767877,0.04382693252316269,0.02704806554331238,0.0339193654075438
2011-08-08,-0.03676954837064004,False,0.04128097492990668,0.0472941483260704,0.02918787946344682,0.036602778391180785
2011-08-09,0.005515520296047666,False,0.045006266529725114,0.05156208273844392,0.031821861881892996,0.039905898608234965
2011-08-10,0.00202438975965394,False,0.04366455246931437,0.05002492854351552,0.03087319755562222,0.038716235270561054
2011-08-11,0.03761191706774266,False,0.041829329746440755,0.04792237898371627,0.029575595943383968,0.037088990498899015
2011-08-12,0.0032408936186756865,False,0.04531014734689974,0.0519102282089738,0.032036722036673904,0.04017534191056152
2011-08-15,0.0066341347157714515,False,0.04356290630315061,0.049908476137352935,0.030801328224751352,0.038626108230181734
2011-08-16,0.007320007065273049,False,0.04239747875876336,0.04857328714917796,0.029977307989117043,0.03759275361075679
2011-08-17,0.015199785981766186,False,0.04141709967603954,0.0474501016180018,0.029284127013047202,0.036723476701351926
2011-08-18,-0.027398974188114503,False,0.0416277113003116,0.04769139188341898,0.02943304080961551,0.03691022060996664
2011-08-19,0.009277612130240148,False,0.04389551177432615,0.05028953042481945,0.031036498261748747,0.03892102094418145
2011-08-22,-0.004949597639164138,False,0.04309174276740943,0.049368680791360864,0.030468190150562565,0.038208339645161106
2011-08-23,0.013870100994775092,False,0.042043241187054194,0.04816744973163812,0.02972684288837688,0.03727866026976578
2011-08-24,0.0140378441271905,False,0.04196557545030429,0.04807847085262811,0.02967192901663463,0.037209796059177944
2011-08-25,0.0,False,0.04192475321678993,0.048031702268065656,0.02964306549213529,0.037173600034997395
2011-08-26,0.003389833754511524,False,0.040251643822779314,0.046114880197355455,0.02846008676151032,0.035690096981177644
2011-08-31,0.007670137142199868,False,0.03882318269649088,0.04447834296684137,0.027450087573188807,0.03442351725202321
2011-09-01,-0.00042935039945118095,False,0.03803833782780447,0.04357917404712385,0.02689515985010038,0.03372761549949043
2011-09-02,-0.0043899360364977194,False,0.03659836912646429,0.04192945299616234,0.02587702418452519,0.032450832299605124
2011-09-07,0.03648743069881642,False,0.035744437407242334,0.040951133722991265,0.025273248325718922,0.03169367301417272
2011-09-08,0.004161541527614063,False,0.039424690531713456,0.045167469152126806,0.027875386108909102,0.03495685877388879
2011-09-09,-0.02479855938399094,False,0.038143932997480735,0.043700150686499864,0.026969821339797903,0.0338212440196841
2011-09-12,-0.0030454667871823277,False,0.0402375721627852,0.04609875879576343,0.028450137337678733,0.035677620002297294
2011-09-13,-0.005855892274668723,False,0.03909612633249966,0.044791044806562326,0.02764307346951675,0.034665529351763494
2011-09-14,-0.008627573543911067,False,0.03843236488189682,0.04403059686289722,0.027173758264496174,0.03407698915080464
2011-09-15,0.03141984230218762,False,0.03811539296169053,0.04366745338009698,0.026949641992630318,0.03379593830422852
2011-09-16,-0.0038631631510576726,False,0.04079560498089584,0.04673807719643956,0.028844696687580638,0.03617241334501732
2011-09-19,-0.029415168999748918,False,0.03973982270674143,0.045528504904150495,0.028098201581542394,0.03523627836574835
2011-09-20,0.013199769264126502,False,0.04235960839685924,0.048529900419186804,0.029950531597319814,0.03755917493518714
2011-09-21,-0.0011371092412655918,False,0.04218665897339824,0.04833175840098202,0.029828247011410118,0.03740582513105644
2011-09-22,-0.04520391908667957,False,0.04070320321497025,0.04663221577163804,0.02877936364710315,0.03609048307648875
2011-09-23,-0.00036633391745880017,False,0.04578096082486939,0.05244962250619709,0.0323696126011065,0.04059280010836245
2011-09-26,-0.011701428028089121,False,0.04409848466919083,0.050522069268977114,0.03118001106394677,0.03910099178796028
2011-09-27,0.015084907091486247,False,0.043904487846295234,0.05029981399200293,0.031042844829559553,0.03892897979625956
2011-09-28,-0.009355291564844397,False,0.04394291734040467,0.05034384129992367,0.031070016558032827,0.03896305423997029
2011-09-29,-0.013358269138579171,False,0.043491428415882515,0.04982658645794901,0.030750789496888812,0.03856273062652809
2011-09-30,-0.015623847225090897,False,0.04355094925751139,0.04989477737440068,0.030792873947509864,0.03861550622544497
2011-10-03,-0.01731852116340045,False,0.04401884842880219,0.05043083285386177,0.031123703939676263,0.03903038038249319
2011-10-04,-0.01723089601450929,False,0.04460322207258121,0.05110032900393232,0.03153688767637819,0.03954852945763518
2011-10-05,0.018773957368035832,False,0.045441067076338104,0.052060218297952564,0.03212928935827235,0.0402914250663446
2011-10-06,0.00586117459808006,False,0.04589077653220078,0.05257543446581969,0.032447258238939035,0.0406901708707087
2011-10-07,0.020670120576811966,False,0.044709231857161094,0.05122178065289285,0.031611842321211975,0.03964252560619665
2011-10-10,0.027125014093254525,False,0.04545210761451076,0.05207286705081811,0.03213709561522104,0.04030121442749073
2011-10-11,-0.0024690241613258765,False,0.04703227998558666,0.053883214471762385,0.03325436284974602,0.04170231261416305
2011-10-12,0.029055549314323453,False,0.04552923968350972,0.05216123452562042,0.032191632155032186,0.04036960544861404
2011-10-13,8.893236699350072e-05,False,0.047414711773662015,0.05432135300266072,0.03352476278463824,0.04204140504142363
2011-10-14,0.01658032514855391,False,0.04553980058954387,0.05217333378096226,0.03219909928614702,0.04037896953228296
2011-10-17,-0.012409400168589954,False,0.045646318367304754,0.05229536741968664,0.03227441310960389,0.040473416105328355
2011-10-18,-0.007466701356537079,False,0.045529722313565446,0.05216178745775154,0.032191973400555476,0.040370033384267326
2011-10-19,-0.0028591870800451333,False,0.044751051518934534,0.051269691955622934,0.03164141108137614,0.03967960602435263
2011-10-20,-0.025005832719562766,False,0.04336159432390687,0.049677840145292806,0.030658989779627634,0.03844761007755186
2011-10-21,0.02357316771806681,False,0.04506228766767771,0.05162626416856334,0.031861471852944835,0.03995557110994265
2011-10-24,0.0006270435104903454,False,0.04622851646457858,0.05296237112331469,0.032686058617393626,0.04098963617935676
2011-10-25,0.003932438707801509,False,0.044379396410970065,0.05084389988477047,0.031378630841528116,0.03935006900208337
2011-10-26,-0.015098696106462682,False,0.04283867915196116,0.04907875478585193,0.03028926050278099,0.03798395464817758
2011-10-27,0.01812684234628526,False,0.04319760522932577,0.0494899636579728,0.030543040630314173,0.03830220516650714
2011-10-28,-0.02193740765398031,False,0.04365658989686835,0.050015806106776604,0.030867567586728126,0.038709175062434674
2011-10-31,-0.014466467267253803,False,0.044893887685863006,0.051433334284238304,0.03174240396806082,0.039806255178671444
2011-11-01,-0.013556382166051189,False,0.045014919197317586,0.051571995792707534,0.031827979785337746,0.03991357070597291
2011-11-02,0.03535884212116406,False,0.04500910326242222,0.05156533268244757,0.03182386760516318,0.03990841386613387
2011-11-03,-0.0005415651364423556,False,0.047866816877551475,0.05483931377947442,0.03384442551788378,0.04244227500525772
2011-11-04,0.013095532020064828,False,0.046039680074682426,0.05274602797133554,0.03255254108792732,0.04082219981082874
2011-11-07,0.022294618617828627,False,0.04565334991340709,0.05230342321257647,0.03227938479257468,0.04047965079634929
2011-11-08,0.007466608746575857,False,0.046553384220917766,0.053334560585427716,0.03291575767197479,0.04127768806068741
2011-11-09,-0.0027717644423680067,False,0.04541824204274934,0.052034068466803286,0.03211315082641187,0.04027118669630515
2011-11-10,-0.017235018282546616,False,0.04400863601703659,0.05041913285603883,0.031116483212836565,0.03902132529972612
2011-11-11,0.00974760736730763,False,0.04458616411490079,0.05108078630703508,0.031524826778748856,0.039533404605428
2011-11-14,-0.016388031962910887,False,0.04388159795999495,0.050273589861403054,0.031026660443328392,0.038908683922989344
2011-11-15,-0.005969635048832978,False,0.044367733929504286,0.05083053859354057,0.031370384837070955,0.039339728179820614
2011-11-16,8.936151205615304e-05,False,0.04351794473108939,0.04985696525948131,0.0307695379642733,0.03858624196100883
2011-11-17,-0.024056142854236268,False,0.04187643399450449,0.04797634464946173,0.02960890119155301,0.03713075662375648
2011-11-18,-0.013175663952176897,False,0.04348520510898508,0.049819456636039865,0.03074638928270068,0.03855721258041571
2011-11-21,-0.017212772958906556,False,0.0434831656395207,0.04981712008823501,0.03074494726760785,0.03855540423531322
2011-11-22,0.016748929544124175,False,0.04404654509002231,0.05046256393594269,0.03114328697545983,0.03905493829941587
2011-11-23,-0.008760540650944247,False,0.04437679789234111,0.050840922854172854,0.031376793548473524,0.0393477649624699
2011-11-28,0.030634531481074187,False,0.04376062264860615,0.05013499273935519,0.03094112436253415,0.03880141822684027
2011-11-29,0.016951863127722858,False,0.04594369573345277,0.05263606211711811,0.032484674973162674,0.040737092964950754
2011-11-30,-0.00026969928693168976,False,0.0461907205164405,0.05291906964653508,0.032659334840149164,0.040956123484558925
2011-12-01,-0.021723190051447662,False,0.04437929136278333,0.050843779534790044,0.031378556566784906,0.03934997585855887
2011-12-02,0.006959097767330521,False,0.04554478495645658,0.05217904419328855,0.032202623502832706,0.040383389042186385
2011-12-05,0.005369262569269776,False,0.04443400119045595,0.05090645864324704,0.0314172393706258,0.03939848565517876
2011-12-06,-0.0001815376241711207,False,0.043130539012494924,0.04941312827286253,0.03049562119178948,0.03824273927752651
2011-12-07,-0.0008173273850990331,False,0.04144495981278864,0.04748201998819614,0.02930382563486145,0.036748179567820234
2011-12-08,-0.01685793472824519,False,0.03992786210233864,0.045743934968038746,0.028231155592982046,0.035403008059936604
2011-12-09,-0.002961045931412832,False,0.040663238165745415,0.046586429232703154,0.02875110619820554,0.03605504709556405
2011-12-12,-0.0008343763521196721,False,0.03942264955221426,0.04516513087432863,0.02787394302614007,0.03495504908987727
2011-12-13,0.013175663952176977,False,0.03796309422452502,0.04349297012049351,0.02684195855757652,0.03366089893233405
2011-12-14,-0.032844744239611104,False,0.03804245935902557,0.04358389593921171,0.02689807399533775,0.03373126995518519
2011-12-15,-0.011415649083676769,False,0.041196480051506515,0.04719734554176999,0.029128137019616217,0.03652785895639219
2011-12-16,-0.004987541511039051,False,0.04129395475312247,0.04730901884900394,0.029197056899690092,0.03661428726648063
2011-12-19,0.0052745267332697885,False,0.04025000953718458,0.0461130078543341,0.028458931233303217,0.03568864790218777
2011-12-20,0.030612232600254127,False,0.03913006415758897,0.044829926168651356,0.027667069345332185,0.034695621148115974
2011-12-21,0.0018535686493228347,False,0.04166394782421693,0.04773290678318358,0.02945866198968015,0.03694235060341824
2011-12-22,0.009033152030732532,False,0.04007844988399838,0.04591645804662404,0.028337629290059584,0.03553653037160366
2011-12-23,0.0027490166675276447,False,0.0394643957588287,0.045212958022089224,0.02790345984953844,0.03499206437723362
2011-12-29,-0.006062603095677675,False,0.03809262505838013,0.043641369001080635,0.026933543854963084,0.033775750590137044
2011-12-30,0.011163945142257175,False,0.03738735661446531,0.04283336796784826,0.026434880963272383,0.03315040720610264
2012-01-04,0.02004610758341896,False,0.037197737205548684,0.042616127738758905,0.026300809797056325,0.03298227655475473
2012-01-05,0.0019386682138228725,False,0.03830874584180188,0.04388897091467038,0.027086352924680326,0.03396737932842985
2012-01-06,-0.014453809596077602,False,0.036835816535388734,0.042201488067920734,0.026044912330635165,0.03266137080803859
2012-01-09,-0.00798103146822407,False,0.03742614764871102,0.04287780947947567,0.026462308320154063,0.033184802218150476
2012-01-10,0.01987853485493207,False,0.03705226558700404,0.042449466066732854,0.026197953503699807,0.03285329061329291
2012-01-11,-0.014580628151746291,False,0.03808612446394412,0.04363392150067673,0.026928947583504833,0.03376998668029828
2012-01-12,0.011663756856623025,False,0.03858728699909632,0.04420808563592796,0.027283296570961048,0.03421435460628078
2012-01-13,-0.02773343551176427,False,0.03838862807787588,0.04398048915831449,0.02714283398119019,0.03403820885194214
2012-01-18,-0.00671630769383341,False,0.04079907639541409,0.04674205427288715,0.028847151165186803,0.0361754913589579
2012-01-19,-0.0024618202540465355,False,0.040048791484703104,0.045882479470832974,0.028316659199474778,0.035510233032001445
2012-01-20,-0.009539606375061066,False,0.03876792974795007,0.044415041624075634,0.027411020753552222,0.03437452588410294
2012-01-23,0.008809012735257894,False,0.038521886589313714,0.044133158706849945,0.027237054948014015,0.034156365745551844
2012-01-24,-0.009915615577803944,False,0.03799714239860077,0.04353197790550113,0.026866032456086934,0.03369108857229375
2012-01-25,0.0009222540541173021,False,0.037791852818604775,0.04329678491738462,0.026720881632343093,0.033509063583412775
2012-01-26,0.0055157337853022625,False,0.036370621012811945,0.04166853006286568,0.025715993964173095,0.03224889390674544
2012-01-27,0.01293396298041971,False,0.03545129034928878,0.04061528553956664,0.025065977518594316,0.03143374705998875
2012-01-30,-0.002355713692459148,False,0.035652146346429284,0.04084539912910936,0.0252079935597368,0.031611840905019215
2012-01-31,0.00018140589618916586,False,0.03453408199162099,0.03956447246678658,0.024417461657911997,0.03062048200723121
2012-02-01,0.015300451485715056,False,0.03323366848712902,0.03807463485342846,0.023497999055921658,0.029467438809907532
2012-02-02,-0.008971888640676665,False,0.03377558316380908,0.03869548727134008,0.023881162009056066,0.029947940611309478
2012-02-03,0.014316636799557466,False,0.03367340141633701,0.038578421268675014,0.02380891399326566,0.02985733868476355
2012-02-06,0.02552434315763072,False,0.034065795507653006,0.039027973256933114,0.02408635781475842,0.030205264429996926
2012-02-07,0.011965881162526585,False,0.03636681048296546,0.04166416447401836,0.025713299713709295,0.03224551520796808
2012-02-08,0.002734576990351577,False,0.036324441854361025,0.0416156242394674,0.02568334280433791,0.03220794803504692
2012-02-09,0.010357508333262749,False,0.035001700671319025,0.0401002065969817,0.024748093327368877,0.03103510745960065
2012-02-10,-0.0022830094894768674,False,0.03481379325338407,0.039884927735218526,0.02461523263126648,0.030868494786609992
2012-02-13,0.0050662947172723325,False,0.03370764940550362,0.03861765797474277,0.02383312917184024,0.029887705495623456
2012-02-14,-0.003628236693359818,False,0.03276915655647684,0.037542460015387566,0.023169564025881065,0.02905556803198645
2012-02-15,0.01634913800152941,False,0.03192162187055372,0.0365714695962999,0.022570311215214217,0.0283040808313969
2012-02-16,0.006217636610870582,False,0.03270563639766605,0.03746968722313656,0.023124651841950904,0.028999246341419024
2012-02-17,-0.002565270966934561,False,0.03197188347008446,0.03662905252759812,0.02260584888144507,0.02834864649856764
2012-02-22,0.018203192034753318,False,0.03102005305089563,0.035538574187325936,0.02193285335282449,0.027504682954617686
2012-02-23,0.011793351548811825,False,0.032186428989200926,0.036874849716763754,0.02275754415419546,0.028538878490529437
2012-02-24,0.0028866991419366295,False,0.03229071120853037,0.036994322155510975,0.022831277317066176,0.028631342851430246
2012-02-27,0.012492702755473378,False,0.031107286411242482,0.0356385143532312,0.021994532051336786,0.0275820305308926
2012-02-28,-0.0194832097087352,False,0.031376570539862106,0.0359470236251759,0.02218493047823718,0.027820797839582922
2012-02-29,-0.01453832713256046,False,0.033119639643219324,0.037943996052710406,0.023417374502915252,0.029366332367753104
2012-03-01,0.02847081289172496,False,0.03388650379917977,0.03882256510781441,0.023959588890705683,0.03004629108492053
2012-03-02,0.0013508683368586777,False,0.03655955576545431,0.04188498590555326,0.02584958104141498,0.03241641749098984
2012-03-05,0.00593802465268408,False,0.03497483896539608,0.040069432093560495,0.024729100650088535,0.0310112898760582
2012-03-06,-0.01311051316353078,False,0.034088687499141325,0.03905419979937224,0.02410254368947126,0.030225562169883216
2012-03-07,0.0027156566210254957,False,0.03464418977943324,0.03969061905265307,0.024495313812424042,0.030718111749825187
2012-03-08,0.020448349953383422,False,0.03337599779365984,0.038237696490069674,0.023598633564922263,0.029593638544152267
2012-03-09,0.0009373536071422306,False,0.034693854424880065,0.03974751807483731,0.02453042939986736,0.030762148113168186
2012-03-12,-0.006344254684503679,False,0.03320044813036879,0.03803657546934825,0.02347451046897582,0.029437983174263386
2012-03-13,0.006812602206919608,False,0.03280475401795178,0.03758324276399964,0.023194733354282335,0.02908713138522286
2012-03-14,-0.00909382246857156,False,0.03208965376279024,0.03676397777345507,0.022689118840880575,0.028453070387109373
2012-03-15,-0.026736359723468193,False,0.03231313380649169,0.037020010930440314,0.022847131305196625,0.028651224392152723
2012-03-16,0.011740244207814316,False,0.035134745738974245,0.04025263161054841,0.024842163377907175,0.031153075098099794
2012-03-19,0.005341850454246556,False,0.035118698219068475,0.04023424653635921,0.024830816914373017,0.031138846175070817
2012-03-20,-0.011033933005153304,False,0.034113328043394925,0.03908242959667581,0.02411996588545401,0.03024741030651962
2012-03-21,-0.003947320548095663,False,0.03433052718582907,0.039331266947925804,0.024273537413250917,0.030439995198004628
2012-03-22,-0.011364681128053491,False,0.03349006868427094,0.03836838346220173,0.023679287847218122,0.029694782268035062
2012-03-23,0.021962933681262176,False,0.033760722040086025,0.03867846140916402,0.023870654391717656,0.02993476363525205
2012-03-26,0.005098393900468559,False,0.035336434750396745,0.04048369955499862,0.024984768405150293,0.03133190755546227
2012-03-27,-0.004778981616350692,False,0.034309898001400094,0.03930763282325006,0.024258951465376273,0.030421703830920237
2012-03-28,-0.006729177038574527,False,0.03360390104137929,0.03849879715496284,0.023759773473440854,0.02979571449039796
2012-03-29,-0.009530034976367834,False,0.03329142516309426,0.038140804627872,0.02353883614611018,0.029518650168519008
2012-03-30,0.0014596175150603536,False,0.03338032215526166,0.03824265075772831,0.023601691122196643,0.029597472844327198
2012-04-02,0.008311526564344121,False,0.0319306186480537,0.0365817768850755,0.02257667242295398,0.028312058042536555
2012-04-05,0.004379213875499616,False,0.03152410084232779,0.03611604385832808,0.022289242372345443,0.027951609163111603
2012-04-11,-0.012216412763617446,False,0.030616090576921075,0.03507576871350274,0.02164723005981493,0.027146499822112945
2012-04-12,0.0013279112250916838,False,0.031174958458894286,0.035716043817218115,0.022042379844981662,0.027642033594475333
2012-04-13,0.00041461089362135616,False,0.02983031882714942,0.03417553789901164,0.021091646981724853,0.026449776227968715
2012-04-16,-0.020013228147818713,False,0.028565646502598383,0.03272664768741295,0.020197455324855566,0.025328423815347636
2012-04-17,-0.006959797232901564,False,0.030490715040521185,0.0349321304097799,0.021558582782217475,0.02703533255965578
2012-04-18,-0.01917596056359413,False,0.03025241018819439,0.03465911299553757,0.021390088377299003,0.026824033778217807
2012-04-19,0.01567781271922979,False,0.03188637819927507,0.03653109217256323,0.0225453920355951,0.028272831174825208
2012-04-20,0.00918842605440617,False,0.0325853795412618,0.0373319132094737,0.02303962374764499,0.028892617680820316
2012-04-23,-0.012098639526670828,False,0.03230419213075406,0.037009766769798835,0.022840809057379702,0.028643296038328093
2012-04-24,0.009215082274623832,False,0.03271430978404891,0.03747962401418321,0.023130784394699788,0.029006936809975355
2012-04-25,-0.0024660924951934427,False,0.032417386514710454,0.03713944955935508,0.022920843602117758,0.028743662586310958
2012-04-26,0.015880053276642592,False,0.03150416235865171,0.03609320104499882,0.022275144787217923,0.02793393022261441
2012-04-27,-0.0002514352776939124,False,0.0322829381378877,0.03698541682426461,0.0228257813361848,0.028624450669677372
2012-04-30,-0.00537906827337325,False,0.031054138007474943,0.03557762411274284,0.02195695325855208,0.027534905208676946
2012-05-01,0.0076397131009914255,False,0.030542131170409534,0.034991036045546035,0.021594936763784194,0.02708092191919079
2012-05-02,-0.016868073051838805,False,0.030107362825918187,0.03449293737886563,0.021287532056044545,0.026695424013873915
2012-05-03,-0.014219872978996143,False,0.03135462554482158,0.03592188202296753,0.022169414181174036,0.02780133977708251
2012-05-04,-0.037355488018439215,False,0.03210711173634399,0.036783978754345796,0.022701462571343048,0.028468549923099787
2012-05-09,0.012681736718593087,False,0.036615003024140294,0.041948509862558186,0.025888785248821728,0.032465581148716616
2012-05-10,0.003123189974575727,False,0.036646901901261214,0.04198505527430182,0.02591133947827018,0.032493865062363694
2012-05-11,0.0023137858502694673,False,0.03544020738425211,0.0406025881797483,0.02505814126356068,0.03142392008003386
2012-05-14,-0.015316704111893288,False,0.03404337915966854,0.03900229164238049,0.02407050824569925,0.030185388430968116
2012-05-15,0.005490809960602221,False,0.03488667594072186,0.03996842684421992,0.024666764628672053,0.03093311799034266
2012-05-16,-0.01446679841775349,False,0.03403883401923861,0.03899708443625174,0.02406729458586591,0.030181358371886517
2012-05-17,-0.004472646769686114,False,0.034706024818425094,0.03976146126291566,0.024539034525604294,0.030772939288004016
2012-05-18,-0.01177891597685057,False,0.03394744882319363,0.03889238765949448,0.024002680315213794,0.030100329469716726
2012-05-21,0.009122385307241219,False,0.03419100121568338,0.039171416994318524,0.024174885014523716,0.030316281110008194
2012-05-22,0.0067648123414403094,False,0.033828017655024176,0.03875555960754676,0.02391823602709735,0.029994432925632458
2012-05-23,-0.02658945418923961,False,0.0331225032418634,0.037947276776076296,0.023419399221861377,0.02936887144699598
2012-05-24,0.002989538848365986,False,0.03586792210288144,0.04109260575754161,0.025360558676746595,0.031803163716774954
2012-05-25,0.006137841272379274,False,0.03450582433042977,0.039532098666943086,0.024397481964841074,0.030595426666067606
2012-05-30,-0.03500830539161776,False,0.03381412729942279,0.03873964591996479,0.023908414795266324,0.02998211670469254
2012-05-31,9.628809405154225e-05,False,0.0377627461263244,0.04326343841274595,0.026700301628423573,0.03348325542822633
2012-06-01,-0.0516683634502708,False,0.03635234675538311,0.04164759389450107,0.025703073076911533,0.032232690592844386
2012-06-04,-0.009064583123893393,False,0.04340215200308062,0.04972430563933362,0.030687666249915715,0.03848357152820505
2012-06-05,0.009267340626615805,False,0.04284064081023486,0.04908100218813637,0.03029064750115829,0.03798569400009921
2012-06-06,0.02492746318321248,False,0.04189510246226018,0.04799773245061123,0.029622100806812716,0.0371473094738121
2012-06-07,-0.01083563462209458,False,0.04348720629701895,0.04982174932616802,0.030747804230754003,0.03855898698235867
2012-06-08,-0.025099991909883768,False,0.04302331336412635,0.049290283651898206,0.03041980686557054,0.0381476650538254
2012-06-11,0.010501192488731135,False,0.044952028253484454,0.05149994386973184,0.031783512490389874,0.0398578069241377
2012-06-12,-0.02059604541738512,False,0.04409512192366807,0.050518216690742065,0.031177633421191203,0.03909801012802215
2012-06-13,0.007220992796131693,False,0.04501486122831157,0.05157192937967407,0.03182793879811874,0.039913519306346706
2012-06-14,-0.00856779434651058,False,0.04377826825126197,0.05015520868025108,0.030953600756908378,0.03881706412872817
2012-06-15,0.006921872773413319,False,0.04297678082723058,0.04923697297535354,0.030386905848083717,0.03810640585055156
2012-06-18,-0.019965309116639168,False,0.0419182740252798,0.04802427928823454,0.02963848435370192,0.03716785510258235
2012-06-19,-0.0007354872934644893,False,0.042904207444181885,0.049153828225302024,0.03033559254552057,0.03804205689897423
2012-06-20,-0.017388054709494154,False,0.04111569295026705,0.04710479062621046,0.029071016174549383,0.03645622711221808
2012-06-21,-0.04685620659452261,False,0.041731590027525516,0.04781040205556535,0.029506488681762044,0.03700232720478968
2012-06-22,0.0,False,0.04696126323150901,0.05380185309629373,0.03320415016796166,0.04163934388544531
2012-06-25,-0.005958086311757785,False,0.04486964396108828,0.0514055591089325,0.03172526234488764,0.03978475889165756
2012-06-26,0.0167714127892559,False,0.04373732762089228,0.0501083044526122,0.03092465351943598,0.03878076312510213
2012-06-27,0.02052198221147854,False,0.044157002471796346,0.050589111039207595,0.03122138631178953,0.03915287801798139
2012-06-28,-0.011361275800599592,False,0.045137276851276935,0.05171217661559287,0.03191449325700986,0.040022062089714296
2012-06-29,0.03402239693347613,False,0.04481989304986051,0.05134856125510374,0.03169008576287672,0.03974064603866604
2012-07-02,0.011718265525072845,False,0.048000334082390496,0.05499227970386116,0.03393882939491805,0.04256066127565057
2012-07-03,0.047249655497013605,False,0.04722831237175793,0.054107801821359616,0.033392968337339624,0.04187612948744923
2012-07-06,-0.030396261341205173,False,0.05214903619721516,0.05974530052065037,0.03687218592205574,0.04623920870283203
2012-07-09,0.014513457738015824,False,0.05448833238366985,0.06242534916312194,0.03852619470541116,0.04831340244582193
2012-07-10,-0.007936150950253846,False,0.05371469593637597,0.06153902133411846,0.03797919194177769,0.047627438912167024
2012-07-11,0.0008065329603451643,False,0.0522051917911713,0.05980963599224254,0.036911890960766025,0.04628900042321877
2012-07-12,-0.0005040068651622872,False,0.049766836476841936,0.057016098821587945,0.03518784202237383,0.04412697350014102
2012-07-13,0.02715368977961437,False,0.0475811599708568,0.05451204679659615,0.0336424506523516,0.04218899037548798
2012-07-16,0.0018626543300175357,False,0.049164798533370684,0.05632636531009027,0.03476216867148284,0.04359316194493
2012-07-17,0.020455368833716132,False,0.04705642373657062,0.05391087511064318,0.033271433786048084,0.04172372025698879
2012-07-18,0.016275998184361977,False,0.0476969550683111,0.05464470913133349,0.033724324042035174,0.042291662909218146
2012-07-19,0.01750079760483903,False,0.04772425599823375,0.05467598683810748,0.03374362727441221,0.04231586994138075
2012-07-20,-0.0075429886904330255,False,0.04789206661654612,0.054868241509578544,0.03386227844745995,0.04246466329919761
2012-07-23,-0.029116761238548738,False,0.04680762011170161,0.053625829625196214,0.033095516181750315,0.04150311248405062
2012-07-24,-0.0032774272637678694,False,0.04890677421026787,0.0560307559978277,0.03457973153538928,0.043364378416098553
2012-07-25,-0.011849400493488944,False,0.047173092897196074,0.05404453882854391,0.03335392518561458,0.041827167800044876
2012-07-26,0.023369159257575007,False,0.04672529322465355,0.05353151063166746,0.033037306624930506,0.04143011535141573
2012-07-27,0.014497813983028724,False,0.04781633546567847,0.054781479016974624,0.03380873243245167,0.04239751443613844
2012-07-30,0.0022552161409508673,False,0.047557849037946506,0.05448534028783393,0.03362596856342029,0.04216832117102137
2012-07-31,-0.005742002880448331,False,0.045626733851898665,0.052272930135245504,0.03226056579916625,0.040456051019389254
2012-08-01,0.007992144463635352,False,0.044409377061081896,0.05087824765188858,0.031399828780849695,0.039376652073193734
2012-08-02,0.007185212641698812,False,0.043588688852765664,0.04993801428968071,0.030819557880221032,0.03864896895359057
2012-08-03,0.01860775870356282,False,0.04248854703965356,0.04867762084748655,0.03004169818363352,0.03767350151241245
2012-08-06,0.0040076563340426,False,0.043136339619163605,0.04941977382211702,0.030499722534079673,0.038247882526221307
2012-08-07,0.021403694778831337,False,0.0415980704246549,0.047657433383838904,0.029412083109189885,0.036883938808123906
2012-08-08,0.009122777055706185,False,0.04270312596634737,0.04892345631052824,0.030193417077345915,0.037863763126013555
2012-08-09,0.000881290265905239,False,0.04193094638023886,0.04803879755569534,0.02964744439327684,0.03717909135368952
2012-08-10,-0.0034414329134117377,False,0.040015462956838097,0.04584429615895593,0.028293094129713956,0.035480681483821726
2012-08-13,0.011862535309820166,False,0.03874031532371143,0.04438340475798662,0.02739149586375738,0.03435004088459594
2012-08-14,-0.0050792647950589805,False,0.03854371473275287,0.04415816643632453,0.027252488624682134,0.03417572019874369
2012-08-15,0.014036235847452457,False,0.03758626514384908,0.043061250412678345,0.0265755200394997,0.03332677428157777
2012-08-16,0.005267032855840121,False,0.037788556828381566,0.043293008818327795,0.026718551189190743,0.03350614111368127
2012-08-17,-0.00795439089463829,False,0.036669328941142505,0.04201074913818127,0.025927196607078026,0.03251375054162233
2012-08-20,0.0026007817000574403,False,0.036212628381831695,0.041487523511138324,0.025604284638581967,0.03210880590569826
2012-08-21,0.004578248397605938,False,0.034773323624149526,0.03983856311686904,0.024586618417042277,0.030832611407572538
2012-08-22,-0.002243314141816984,False,0.03367416068052425,0.0385792911307156,0.02380945083406498,0.029858011904783984
2012-08-23,0.014407246887284833,False,0.032492149362744395,0.03722510270175785,0.022973704974710435,0.028809952880160035
2012-08-24,-0.014493628781693309,False,0.0330163755896734,0.0378256900903768,0.023344361238259486,0.029274770788257114
2012-08-27,-0.017603940444574907,False,0.03380180133164947,0.03872552449601287,0.023899699670145155,0.029971187586191106
2012-08-28,-0.009895822052181091,False,0.03501185899582888,0.04011184462895476,0.02475527581159672,0.031044114584589607
2012-08-29,-0.0007994670645668093,False,0.034929321427981934,0.04001728426590969,0.02469691729207016,0.030970930646710762
2012-08-30,-0.002224101268223924,False,0.033500670160081604,0.03838052919689709,0.023686783663356713,0.029704182323881032
2012-08-31,0.014588473216342731,False,0.03232028855958645,0.03702820787720998,0.02285219010216727,0.028657568327643972
2012-09-05,-0.014542525232829161,False,0.032900724051282144,0.0376931922261645,0.023262589352589205,0.029172225544654658
2012-09-06,0.010359148031978637,False,0.03364465798720472,0.0385454909417365,0.02378859083601698,0.029831852625664453
2012-09-07,-0.0075392660083071885,False,0.03349910616915397,0.03837873738798178,0.023685677837276896,0.02970279557336394
2012-09-10,0.0017583967956096619,False,0.03310539282269729,0.03792767397591624,0.02340730123112745,0.02935370007853919
2012-09-11,0.008920041654553455,False,0.03164940579355971,0.03625960129512835,0.022377839742415806,0.028062713839516345
2012-09-12,0.0,False,0.031375017034335775,0.03594524382901284,0.022183832065902555,0.027819420386201398
2012-09-13,0.009876195670214196,False,0.02987756799886843,0.03422966959864705,0.021125054698747616,0.0264916708529027
2012-09-14,0.01267791522405478,False,0.029859935984348253,0.03420946922519608,0.02111258791191939,0.026476036999265092
2012-09-17,-0.006661567037909071,False,0.0302895045823455,0.03470161072680547,0.021416316117973504,0.026856924423145002
2012-09-18,-0.029655636407113082,False,0.029955928140940426,0.034319444033197054,0.021180459552567556,0.026561150774823947
2012-09-19,-0.043292900051038065,False,0.033645702363572845,0.03854668744668693,0.023789329266531253,0.029832778647320295
2012-09-20,0.008444290654339324,False,0.03925501956733688,0.04497308314817514,0.02775541957068952,0.03480641589507987
2012-09-21,0.016857386680910545,False,0.038468560893513915,0.044072065349170554,0.02719935080018437,0.03410908322305256
2012-09-24,-0.018778616858804453,False,0.03898075952323204,0.04465887314640476,0.027561502902719245,0.03456323657014943
2012-09-25,0.014274916218036752,False,0.040032321676327316,0.04586361059572649,0.028305014155178346,0.035495629676650764
2012-09-26,-0.016199844627621196,False,0.04008496451508098,0.04592392162831593,0.028342235486185297,0.035542306727375815
2012-09-27,0.022319924930657643,False,0.040564224385517454,0.04647299265771002,0.028681098106404877,0.035967254124067836
2012-09-28,-0.0008078632457684044,False,0.04181170275291872,0.04790218436264471,0.029563132706672685,0.03707336109725128
2012-10-01,0.010895883449770983,False,0.04020395650991188,0.04606024653495156,0.028426369255025223,0.03564781386775987
2012-10-02,-0.0007997512311460279,False,0.03976726611928987,0.04555994584821355,0.028117605556833427,0.03526061173358944
2012-10-03,-0.02858496774486728,False,0.03813965211651508,0.04369524623306339,0.026966794525682316,0.033817448272670594
2012-10-04,0.01055514804116953,False,0.040741978733170016,0.046676639507082125,0.028806780033302098,0.03612486433085785
2012-10-05,0.015181068556095405,False,0.04024840983519952,0.046111175132527334,0.02845780015757653,0.03568722948759485
2012-10-08,0.0038261380484579505,False,0.040418776485343054,0.046306358158979224,0.028578258583217494,0.035838289213074685
2012-10-09,0.015159817916022052,False,0.038993624298753526,0.04467361186327683,0.02757059899402724,0.03457464343561869
2012-10-10,0.015536484017302817,False,0.03921561503711232,0.044927938775971635,0.02772755843900692,0.03477147691193165
2012-10-11,0.0006026949254716203,False,0.03951044129594551,0.04526571076026591,0.027936016531871576,0.035032891770333016
2012-10-12,-0.00873141488357045,False,0.03774845084802729,0.04324706081959815,0.026690194094370876,0.033470580172749974
2012-10-15,-0.001477169317565969,False,0.03734349719345389,0.04278311978533,0.026403869983129796,0.033111518185909385
2012-10-16,0.0,False,0.036033954673367674,0.0412828233827035,0.02547795267392294,0.03195038052533009
2012-10-17,-0.013217401050202578,False,0.034544729931876295,0.03957667143414762,0.024424990326923177,0.030629923261904814
2012-10-18,-0.00805064727716702,False,0.03496256644942377,0.04005537190744052,0.02472042331827839,0.031000408151893512
2012-10-19,-0.006147834216250711,False,0.0346050890771166,0.039645822765303845,0.024467667503486522,0.030683442163066017
2012-10-22,-0.02049640620165938,False,0.03399454364972034,0.03894634253131926,0.02403597890184717,0.030142087240739707
2012-10-23,-0.019249961215535426,False,0.0355093574420387,0.04068181094750678,0.025107034090219752,0.03148523365717679
2012-10-24,0.001208234730376208,False,0.03666397381450656,0.04200461395959464,0.025923410243237858,0.03250900228861123
2012-10-25,-0.00018578727410612568,False,0.03516933192458317,0.04029225577628091,0.0248666176796374,0.031183741779043966
2012-10-26,0.011637704080209829,False,0.033824579401590345,0.03875162052257703,0.023915804996169382,0.029991384314772256
2012-10-29,0.00394080150747859,False,0.03388714710527362,0.038823302120781604,0.023960043742868385,0.030046861487882937
2012-10-30,0.0006400585414875158,False,0.03298873723505924,0.037794025808105605,0.023324819428396325,0.029250264570301828
2012-10-31,0.004468975470951825,False,0.03175828635065629,0.03638434188630611,0.02245482417851123,0.02815925542820899
2012-11-01,-0.009600951543787135,False,0.031030713650669933,0.03555078765824873,0.02194039097279952,0.02751413543416107
2012-11-02,-0.019014624731591743,False,0.031085226640260998,0.03561324125629952,0.021978934601482654,0.027562470699518306
2012-11-05,-0.011300619365030847,False,0.03237835255228233,0.03709472973352818,0.022893244481887013,0.028709052176093847
2012-11-06,0.034258213764230855,False,0.03258013949692456,0.03732590987659356,0.02303591875320728,0.028887971468322626
2012-11-07,-0.009748099999096685,False,0.035519943938590155,0.040693939520996335,0.025114519315212833,0.031494620431299
2012-11-08,-0.009097723351502898,False,0.0354017887230066,0.040558573282655414,0.025030977194507444,0.031389855241544876
2012-11-09,0.012787424059890272,False,0.03517788854101098,0.04030205878813306,0.024872667669719614,0.03119132871068542
2012-11-12,0.014805607683279477,False,0.03529738589819463,0.04043896267048595,0.024957158757044923,0.03129728394286565
2012-11-13,-0.01287395091744489,False,0.03562078371967005,0.04080946808037892,0.02518581848826477,0.03158403247077117
2012-11-14,0.007689528918123062,False,0.035903608079899244,0.0411334899152706,0.025385790590418678,0.031834805554465884
2012-11-15,0.00373185705939787,False,0.03535819510586861,0.040508629622204195,0.025000154152063317,0.03135120190280757
2012-11-16,-0.030064971933696238,False,0.03443272595997715,0.03944835245744948,0.024345797467821124,0.030530612221666118
2012-11-19,0.029974116530008667,False,0.0367068191976018,0.04205370039485045,0.02595370424379071,0.03254699218747343
2012-11-20,-0.0004544008802683636,False,0.03867743973403321,0.04431137042572146,0.02734703942502654,0.03429429071689486
2012-11-21,0.007245752196889667,False,0.03744972733490685,0.04290482388934174,0.02647898043217754,0.03320570971924086
2012-11-26,0.0003631082102351043,False,0.0368311576387689,0.042196150535361285,0.026041618239029937,0.03265723988427013
2012-11-27,-0.007744560598177144,False,0.035608893566234805,0.040795845953451426,0.025177411507425317,0.03157348977763066
2012-11-28,-0.009835090077561545,False,0.03528069118295291,0.04041983612756288,0.02494535469144378,0.031282481168383364
2012-11-29,0.02020824951535179,False,0.035181394225924145,0.040306075126956185,0.024875146378346428,0.03119443711130346
2012-11-30,0.0033437291105940263,False,0.03604882924855836,0.04129986465574877,0.025488469802175676,0.031963569428457794
2012-12-03,0.0038719601748313025,False,0.03518180826959483,0.04030654948209939,0.024875439129590143,0.03119480423317372
2012-12-04,-0.011570227600583858,False,0.03442383910213296,0.03943817109972356,0.02433951397921637,0.030522732473457232
2012-12-05,-0.009408610167823104,False,0.03455529067751316,0.039588770505727976,0.02443245734462846,0.03063928720335358
2012-12-06,-0.008757026970819346,False,0.03440534049532564,0.03941697790223594,0.024326434464823833,0.030506330234734345
2012-12-07,-0.007900770753974903,False,0.03425760462801654,0.03924772216073611,0.024221977225265718,0.030375336642147793
2012-12-10,0.010120322206191188,False,0.03404182067262883,0.0390005061390743,0.024069406311165543,0.030184006560606845
2012-12-11,-0.006022719154915214,False,0.03377595491521034,0.03869591317373075,0.023881424857380477,0.029948270233712538
2012-12-12,0.023603979624289503,False,0.03332830174875637,0.03818305282368191,0.023564909884415945,0.029551347688262803
2012-12-13,9.076469259700189e-05,False,0.03472840320603726,0.03978709938761658,0.024554857254629456,0.030792781628547355
2012-12-14,-0.008201996222090599,False,0.03366390465792651,0.03856754116950959,0.023802199272010903,0.02984891815341408
2012-12-17,0.0006403513002968769,False,0.033493395693945376,0.03837219509914325,0.0236816402227983,0.029697732241915895
2012-12-18,0.005562916174268149,False,0.03245354710268516,0.03718087746201817,0.022946411091377038,0.028775725249326554
2012-12-19,-9.094629627467827e-05,False,0.03196095792061216,0.03661653551320677,0.022598123927719756,0.028338959094943685
2012-12-20,0.005623087553540169,False,0.030910109813708134,0.03541261612127196,0.021855117544493933,0.027407199114829115
2012-12-21,-0.013108972429311975,False,0.03049423727260893,0.034936165706113846,0.021561073190590675,0.027038455632227797
2012-12-24,-0.006342807494533621,False,0.03102875118198256,0.03554853932750209,0.02193900340141597,0.02751239536366648
2012-12-27,-0.00616055581298563,False,0.03053352014086349,0.0349811706945149,0.021588848300687746,0.027073286740837345
2012-12-28,9.08719160967702e-05,False,0.03019894681847071,0.034597861909728266,0.021352286886567397,0.0267766291837923
2012-12-31,0.006791966340712702,False,0.029353296438653205,0.033629030273290526,0.020754366382116095,0.026026812748947067
2013-01-03,0.00044245830552366633,False,0.029151326326708818,0.03339764028194585,0.020611562601617665,0.025847731046984002
2013-01-04,-0.003989190166759269,False,0.028254739439922516,0.03237045249670385,0.0199776272349152,0.02505275052190676
2013-01-07,-0.0007997512311460279,False,0.027862570949072404,0.031921158970895196,0.019700342925139797,0.02470502481080222
2013-01-08,0.004788941397905273,False,0.026759911726989355,0.03065788142256083,0.01892070328440782,0.023727325247857596
2013-01-09,0.0003538257445140146,False,0.026399573893572975,0.030245055151620636,0.018665924969076486,0.023407822961758668
2013-01-10,-0.0008847992083162819,False,0.025606481079731968,0.02933643685377701,0.018105165503171847,0.02270460796846088
2013-01-11,-0.023918370479380602,False,0.024847815263891213,0.028467260346070607,0.017568747784758056,0.02203191850855024
2013-01-14,0.009205010398233264,False,0.027438220119253533,0.031434995281161095,0.019400303963075613,0.024328763847723048
2013-01-15,0.0035868044192859418,False,0.027538342494243365,0.03154970193383991,0.019471095891264306,0.024417539781672628
2013-01-16,-0.006735846564503645,False,0.02704851590800097,0.030988524993054586,0.019124762032107386,0.02398322314993654
2013-01-17,0.00036039283208360006,False,0.02697930947624504,0.030909237639639587,0.01907582934600641,0.02392185958744539
2013-01-18,0.006285940238201113,False,0.026188705006695595,0.030003470149564223,0.018516829273947703,0.023220850945010682
2013-01-23,0.008480616198420573,False,0.02598175223107786,0.029766371697234156,0.01837050248104582,0.023037351243362692
2013-01-24,0.007973056649511591,False,0.02600186360973474,0.029789412590208588,0.018384722312265348,0.023055183485391106
2013-01-25,-0.006215278028520124,False,0.0259736952532536,0.029757141103602894,0.0183648057624491,0.023030207328416288
2013-01-28,0.00035118525382882456,False,0.02576421828413444,0.029517150772336763,0.018216694228373173,0.02284446948933318
2013-01-29,0.01134689664057144,False,0.024959224329135082,0.028594897759321117,0.01764752001271524,0.02213070206036349
2013-01-30,0.0017343049785833755,False,0.02538228424758077,0.029079582497696575,0.017946646230697614,0.0225058184055407
2013-01-31,0.00112568743756938,False,0.024651576151341215,0.02824243615739593,0.017429996130446386,0.021857918336302712
2013-02-01,0.0,False,0.023874830880576656,0.027352546659643318,0.01688079526066621,0.02116919828886034
2013-02-04,0.004403962042072455,False,0.023080373503986444,0.026442365030672682,0.016319070975177933,0.020464773372880378
2013-02-05,0.008323013424212575,False,0.022648776914756582,0.02594790013146132,0.01601390886976095,0.02008208778135077
2013-02-06,-0.0035952786544333564,False,0.022242558802330798,0.02548251045269472,0.015726690718506416,0.01972190463226451
2013-02-07,0.004790838147822676,False,0.02178852142150342,0.02496233593475053,0.015405661761075284,0.019319321368183297
2013-02-08,0.014656932016672035,False,0.02151135933285346,0.0246448011635095,0.015209693190829833,0.019073568875018664
2013-02-11,-0.0051435671390906235,False,0.022767096492123478,0.026083454673265852,0.01609756720312674,0.020186998706469478
2013-02-12,-0.003387250253609451,False,0.022375390356187262,0.025634690851077675,0.015820609803254,0.0198396829535716
2013-02-13,0.0045700824293675914,False,0.022060374910435596,0.025273788831644287,0.015597876864525306,0.01956036686255811
2013-02-14,0.000422101226139719,False,0.02163755921557914,0.024789383891569945,0.015298923325814595,0.01918546706415408
2013-02-15,-0.009157262565547233,False,0.02066728796965822,0.023677778550392294,0.014612889136436208,0.01832515251358737
2013-02-20,-0.006944770056252318,False,0.0213162670692366,0.02442129087896725,0.015071752420671939,0.01890058558421396
2013-02-21,-0.017707258942059968,False,0.021495189836602754,0.024626276345349623,0.015198260483430075,0.01905923179870284
2013-02-22,-0.0039485858349030635,False,0.02341708505544632,0.026828123508637017,0.01655714423276568,0.020763326842626745
2013-02-25,0.007096267020850984,False,0.023120295983865193,0.02648810279941812,0.016347298325248068,0.020500171608661133
2013-02-26,-0.013977635154572642,False,0.022978603781290748,0.026325771070175245,0.0162471142831639,0.020374536778103063
2013-02-27,-0.006394337950726476,False,0.02410770077000569,0.02761933742972645,0.01704544685319429,0.021375678028527884
2013-02-28,-0.0003564427056094528,False,0.024126421524133138,0.027640785133516945,0.01705868343774358,0.021392277239564116
2013-03-01,-0.018530709254260574,False,0.023380769715950763,0.026786518312647084,0.01653146732582077,0.020731126965419063
2013-03-04,-0.002181422424759703,False,0.02515392328327067,0.02881795744314531,0.017785182691821482,0.02230333661377024
2013-03-05,0.004720415446322933,False,0.02450916465562753,0.028079280359523992,0.017329303509253255,0.021731645727024098
2013-03-06,-0.0013593730853114839,False,0.024096514275515866,0.02760652145988686,0.017037537397244135,0.021365759251670495
2013-03-07,0.001359373085311497,False,0.023415528587813476,0.026826340318893624,0.016556043726061728,0.02076194676282159
2013-03-08,-0.013769423768303549,False,0.02257286829408904,0.0258609343180043,0.015960237374016417,0.020014781560385983
2013-03-11,-0.0024821892772090557,False,0.023671195225782465,0.027119248514949172,0.01673681385139269,0.02098863979290353
2013-03-12,-0.0014738396183005527,False,0.023177211513320556,0.026553308902149204,0.016387540679411505,0.020550637144303364
2013-03-13,-0.008981957694948754,False,0.02252968588712852,0.025811461766463664,0.01592970507938323,0.019976492831133407
2013-03-14,0.005472858148025783,False,0.022956484561824815,0.026300429865224177,0.016231474800019585,0.020354924235287102
2013-03-15,0.011222636414704633,False,0.022835403711173704,0.02616171183058804,0.01614586409726518,0.020247564960189472
2013-03-18,-0.007160592424608356,False,0.023490638849336862,0.026912391480605004,0.01660915073876031,0.02082854509927348
2013-03-19,-0.01513140960985035,False,0.023615411242769006,0.02705533878482925,0.016697371561695012,0.020939177570378838
2013-03-20,0.012640748297398436,False,0.024783985422361314,0.028394132761315877,0.017523616638415,0.021975322230283312
2013-03-21,-0.017328549869166716,False,0.025564271021025577,0.02928807828713216,0.01807532071128505,0.02266718139538861
2013-03-22,0.0009393200014342201,False,0.026736324731912394,0.030630858639168965,0.018904026004610525,0.02370641126617035
2013-03-25,0.0014073277173816644,False,0.0256419958281369,0.029377124840959435,0.018130276348964077,0.022736097982146156
2013-03-26,0.004116772281246811,False,0.024815389050631388,0.02843011078402255,0.01754582070017028,0.022003167019516132
2013-03-27,0.013079357178413359,False,0.024388044396043466,0.02794051717547159,0.0172436649422542,0.021624251509039526
2013-03-28,-0.0004608932192017436,False,0.025172437393467192,0.028839168402315873,0.01779827316794775,0.022319752598949458
2013-04-02,0.00824105021163237,False,0.02435640730007088,0.027904271677101602,0.017221295806220248,0.02159619971000156
2013-04-03,-0.016921499952379813,False,0.024523387019532758,0.02809557441724,0.017339359488891717,0.021744256331185107
2013-04-04,-0.02564604414601747,False,0.02600475443799076,0.029792724509574774,0.018386766284018183,0.023057746708430332
2013-04-05,-0.010618552921935373,False,0.028815867343715686,0.03301331682723267,0.02037437497760541,0.025550288197470947
2013-04-08,-0.007917391942425729,False,0.029186798783944534,0.033438279817636196,0.020636643545268497,0.025879183562177603
2013-04-09,0.008878653191105904,False,0.028991735964404314,0.03321480326612788,0.020498723593663493,0.025706226378678115
2013-04-10,0.0068939376826920385,False,0.02901094791649112,0.033236813717992676,0.02051230748170682,0.025723261122307342
2013-04-11,-0.01132341050029951,False,0.02876446027666064,0.032954421574433096,0.02033802740395145,0.025504706873717056
2013-04-12,-0.02977693064282358,False,0.02902602514608832,0.033254087165001306,0.02052296789757328,0.025736629713883394
2013-04-15,-0.012606470103852897,False,0.03205485118590263,0.036724105695912154,0.022664511538825864,0.02842221183758571
2013-04-16,-0.014604722065494876,False,0.03250431478378857,0.0372390401930184,0.022982306584620627,0.02882073964600729
2013-04-17,-0.01068210650461308,False,0.033045711104698484,0.03785929874911544,0.023365103032221574,0.029300781834684132
2013-04-18,0.006587096687147806,False,0.03312037261612737,0.037944835793765244,0.02341789275435981,0.029366982275972706
2013-04-19,0.014866377042556918,False,0.03258285447828731,0.03732902033441318,0.023037838391706516,0.02889037877244579
2013-04-22,0.0013130651853763375,False,0.03321992279969346,0.03805888690703125,0.023488280112299507,0.029455250862508216
2013-04-23,0.0018152485823610075,False,0.03193866106627686,0.036590990798288356,0.022582358847126147,0.028319189047859253
2013-04-24,0.01460318009275333,False,0.030789526280782756,0.03527446784590934,0.02176985847223901,0.027300280798563878
2013-04-25,0.008995266505532756,False,0.03148071720648368,0.03606634076599513,0.02225856779802025,0.02791314200938517
2013-04-26,0.007548685421139591,False,0.03131684406626795,0.03587859712347745,0.022142700634707493,0.027767839912092942
2013-04-29,0.004774208902583758,False,0.031094867566707596,0.03562428652366882,0.02198575125732756,0.027571019060956225
2013-04-30,-0.01320893917617785,False,0.03034219240672719,0.03476197329783284,0.021453569256249798,0.02690364136146904
2013-05-01,-0.031923459329337996,False,0.03086311711383895,0.03535877825233526,0.021821891166924783,0.027365531896885845
2013-05-02,0.01993421490081711,False,0.03412059029198436,0.03909074969721977,0.024125100687546787,0.030253849555500346
2013-05-03,0.04177847474621206,False,0.035364505060457636,0.04051585871329933,0.025004615630850508,0.031356796777198805
2013-05-06,0.003816798526700811,False,0.040419445235935075,0.046307124322805204,0.028578731426015035,0.03583888217701897
2013-05-07,0.001712818003674825,False,0.03889794662508883,0.044563997347208,0.027502949709798618,0.0344898085039806
2013-05-08,-0.0133035411840005,False,0.03731885399699281,0.04275488694948642,0.026386445911893076,0.03308966769762884
2013-05-09,-0.0019288269071870046,False,0.037423737699342735,0.04287504848598956,0.026460604355754147,0.033182665378048926
2013-05-10,-0.02225567700442465,False,0.0360949367602473,0.041352688395993896,0.02552107030387946,0.03200445177281581
2013-05-13,0.008452969537746194,False,0.0376217436966728,0.0431018969318676,0.02660060529306056,0.033358232201572434
2013-05-14,0.005174024331180198,False,0.037131381332498055,0.042540106169314605,0.02625389260996028,0.03292344050932825
2013-05-15,-0.011063900983102873,False,0.036082882012836645,0.04133887769958857,0.025512546946207266,0.03199376313843198
2013-05-16,0.026235472850091996,False,0.03603574287171318,0.041284872058102585,0.025479217026759912,0.031951966074796195
2013-05-17,-0.004228742486139132,False,0.03796712977390071,0.04349759350623174,0.026844811909004056,0.03366447715013864
2013-05-20,0.006910479559280012,False,0.03697363168428758,0.04235937799432553,0.02614235508631442,0.032783567954851545
2013-05-21,-0.013966034851728384,False,0.036347754083485465,0.04164233223325617,0.02569982580976265,0.03222861838883325
2013-05-22,-0.009354969803416296,False,0.03675952755325298,0.04211408648782483,0.02599097189878373,0.03259372733034589
2013-05-23,-0.016584782897599282,False,0.03647474212291193,0.04178781792448487,0.02578961321411472,0.032341215416237516
2013-05-24,0.0077342973550246445,False,0.037162719084231986,0.042576008719611126,0.026276050093445556,0.03295122688753135
2013-05-29,-0.015832490397689178,False,0.03638385666934301,0.04168369368495155,0.02572535228839156,0.03226062962286384
2013-05-30,-0.003432553755249344,False,0.03707929902273562,0.04248043731490282,0.02621706760323248,0.032877260465238395
2013-05-31,-0.013450900059000796,False,0.035943897514546956,0.04117964809107526,0.025414277397335056,0.031870529159599245
2013-06-03,0.011877799744427257,False,0.03618693694505218,0.04145808974355354,0.025586119404809347,0.03208602596969654
2013-06-04,0.004026126123935671,False,0.03616612117276997,0.04143424185179448,0.02557140152924213,0.03206756915996322
2013-06-05,0.014303333122048055,False,0.03513301574191833,0.04025064961430183,0.02484094017652625,0.03115154115421977
2013-06-06,-0.0013534418152654085,False,0.035509095403314615,0.04068151073903774,0.025106848814685286,0.03148500131418189
2013-06-07,0.006748965069374466,False,0.03423611881556554,0.03922310662772874,0.024206785595100522,0.030356285725035643
2013-06-10,-0.0019236324100479066,False,0.033672677029120135,0.038577591363941933,0.023808401812368603,0.029856696389255415
2013-06-11,-0.02308131875787806,False,0.03256957699686778,0.03731380879503656,0.023028450495032337,0.028878605971274857
2013-06-12,0.01573758104801028,False,0.03436384172457029,0.03936943423296007,0.024297092591945468,0.030469534342388208
2013-06-13,0.0026151402380409777,False,0.035003371974596076,0.040102121349848294,0.024749275029077235,0.031036589361217025
2013-06-14,0.01650075811501223,False,0.033876594310062264,0.03881121215772166,0.023952582346543454,0.03003750459587191
2013-06-17,0.006638241541293665,False,0.034628751138049356,0.03967293154898335,0.02448439785889927,0.0307044227037163
2013-06-18,-0.005592166604002645,False,0.03399164326808754,0.03894301966698825,0.02403392817534083,0.030139515546967078
2013-06-19,0.0033211588149269795,False,0.033325758808155366,0.038180139466859005,0.023563111888029696,0.029549092928256807
2013-06-20,-0.027272671693472302,False,0.03233745022967827,0.037047869393737234,0.022864324330074483,0.02867278513897801
2013-06-21,-0.023243118443429463,False,0.034879810226822,0.03996056103940073,0.02466191019802743,0.03092703033846912
2013-06-24,-0.005595538180803319,False,0.036598952454071965,0.041930121293905956,0.025877436628657855,0.032451349521186966
2013-06-25,0.016989132478921608,False,0.035787377713316276,0.0410003289081359,0.025303609441945898,0.03173174707879795
2013-06-26,-0.008806270733167233,False,0.03649015011866994,0.04180547031854834,0.025800507499526382,0.03235487728965839
2013-06-27,0.020850479975949254,False,0.036104453270218155,0.04136359112382124,0.025527798990554462,0.032012889817365685
2013-06-28,-0.0024362921956502088,False,0.03739862106020922,0.04284627324367394,0.026442845534970463,0.033160395100331495
2013-07-01,0.006806716284151321,False,0.036058321394055466,0.041310739470063,0.025495181261851463,0.03197198586965565
2013-07-02,0.007434260645666396,False,0.03542308108433893,0.04058296718557977,0.02504603204428062,0.031408734630527214
2013-07-03,0.020564319496249588,False,0.03488422842385367,0.03996562281098205,0.02466503410202013,0.03093094784010549
2013-07-08,0.0026950436831817922,False,0.03617917564473636,0.041449197897153046,0.02558063174618495,0.032079144224389664
2013-07-09,0.0013911432802317816,False,0.0348914349043764,0.03997387902003065,0.024670129473076903,0.03093733764097627
2013-07-10,0.004899931220001514,False,0.0335609263959147,0.03844956262839671,0.023729388077409527,0.029757609977918528
2013-07-11,-0.002308297040809718,False,0.03277297594471629,0.03754683575298142,0.023172264539707266,0.029058954585272946
2013-07-12,0.007826567275009329,False,0.03175190726534268,0.03637703359459258,0.022450313820566996,0.028153599257382866
2013-07-15,0.00018341892934762213,False,0.031450706785236766,0.036031958891143835,0.02223734880889779,0.02788653254097528
2013-07-16,0.0021984070409441685,False,0.0301841801411113,0.03458094425140006,0.021341846047910513,0.02676353595089559
2013-07-17,0.0034709570835353043,False,0.02921843296777653,0.03347452197967004,0.020659010622261727,0.025907232779095433
2013-07-18,0.0003646640572820469,False,0.028421223268013135,0.03256118711169245,0.02009534029559686,0.02520036744896973
2013-07-19,-0.003378227362546261,False,0.027245195977778608,0.031213854370779785,0.019263825467001533,0.02415761430761284
2013-07-22,-0.004767152409074053,False,0.026583349897869143,0.030455600799360626,0.018795864532538304,0.023570772416569043
2013-07-23,0.004126742524874805,False,0.026088316053804857,0.029888458088042538,0.018445848860781305,0.0231318386432949
2013-07-24,-0.009563291275598854,False,0.025419756731752296,0.029122513393286212,0.01797314130144271,0.02253904429316148
2013-07-25,-0.0012018676618925168,False,0.025790481092745274,0.029547239140356386,0.018235263452898665,0.022867756046037437
2013-07-26,-0.004914926201248533,False,0.024813368328345884,0.02842779571419538,0.017544391940345724,0.02200137529705483
2013-07-29,0.004914926201248502,False,0.024471483537547113,0.028036110439467268,0.01730266092306321,0.021698234849084046
2013-07-30,-0.005844985792100596,False,0.02404685203818453,0.0275496251965951,0.01700242351246856,0.021321725023541547
2013-07-31,0.003900450710186823,False,0.023878300031497237,0.027356521142767373,0.01688324813778654,0.021172274295727118
2013-08-01,0.018822572869265607,False,0.023374804033209635,0.026779683641593305,0.01652724926582919,0.020725837348017917
2013-08-02,-0.002823702746065698,False,0.02561477613691597,0.029345940206483664,0.01811103055673805,0.02271196298225025
2013-08-05,0.0016405399231731927,False,0.02494592447878821,0.02857966059265809,0.017638116300000957,0.022118909425240193
2013-08-06,-0.009516038503863058,False,0.02406542487764552,0.027570903439800253,0.017015555513357636,0.02133819308244858
2013-08-07,-0.003499727278100331,False,0.024542537821043417,0.028117514811059334,0.01735290014017407,0.021761236854171747
2013-08-08,-0.00992080827023528,False,0.02401572737480212,0.027513966774062537,0.016980416693959825,0.021294127585297397
2013-08-09,0.010842977276935976,False,0.024547758119857082,0.028123495522193676,0.01735659117345987,0.02176586555882169
2013-08-12,0.007255392988120684,False,0.025151801320628667,0.02881552638583371,0.01778368234959541,0.022301455124089542
2013-08-13,0.012820105575052603,False,0.025133268196557285,0.028794293643141327,0.017770578429632398,0.022285022279796673
2013-08-14,-0.003892288235994977,False,0.026045691203370507,0.029839624309231802,0.018415710788733886,0.02309404428506923
2013-08-15,0.011900609255844642,False,0.025529845551838463,0.029248638248501914,0.018050980044747686,0.022636657217560734
2013-08-16,0.002148613181116887,False,0.026199112563289384,0.03001539371789308,0.018524187978723555,0.023230079057676208
2013-08-19,-0.003673345527274012,False,0.025278189185949065,0.028960324478883297,0.017873045398430324,0.02241351999255527
2013-08-20,-0.006031978676404081,False,0.024711251630500784,0.028310804236579962,0.017472189918155866,0.021910831048339532
2013-08-21,0.0007221520443825023,False,0.02457489275955399,0.028154582716156014,0.01737577682966354,0.021789925145719456
2013-08-22,-0.002801248838512577,False,0.023535099230723208,0.026963328162102715,0.01664058663035461,0.020867966975569644
2013-08-23,0.014463711695896655,False,0.02291833100658326,0.026256718690674037,0.016204498175233388,0.020321094459471157
2013-08-26,0.000980610731576964,False,0.024319211604219085,0.02786165788806941,0.017194996439770575,0.021563219243462658
2013-08-27,0.026206213021797674,False,0.023333176052809008,0.026731991941411203,0.016497816034751114,0.020688926888803624
2013-08-28,0.009158522630554623,False,0.027052704039401118,0.030993323186604613,0.0191277232672694,0.023986936658296577
2013-08-29,0.0054893353382106875,False,0.027187623697327957,0.03114789585173496,0.019223118754403717,0.02410656644776001
2013-08-30,-0.008072871050115607,False,0.026715736854531318,0.03060727183851241,0.01888946926305034,0.023688156524982577
2013-09-04,0.0013844425504521956,False,0.026791782856965124,0.03069439504538473,0.018943237895125618,0.023755584558824948
2013-09-05,0.0013825285188381004,False,0.025693694994118624,0.02943635474113561,0.018166830452339723,0.022781938302503194
2013-09-06,0.011504247757518293,False,0.024695065854111714,0.028292260766843193,0.01746074569981876,0.021896479536843882
2013-09-09,-0.016785416692013836,False,0.02537260757579844,0.029068496278164373,0.017939804300969222,0.022497238349633245
2013-09-10,-0.02727841818367674,False,0.027095553975494353,0.031042414838068685,0.01915802048703781,0.024024930594184958
2013-09-11,0.0024056678416967976,False,0.03082689650681347,0.035317281587975174,0.021796281240954098,0.0273334160165221
2013-09-12,0.006563798623478671,False,0.02957054484006234,0.03387792405880046,0.020907972738669525,0.02621944131709787
2013-09-13,0.0017666288491855098,False,0.02910250223659291,0.033341704254181294,0.020577041332203963,0.025804439982427072
2013-09-16,-0.021859281400816607,False,0.027950424667043238,0.032021809858519934,0.01976246025000682,0.024782922442221727
2013-09-17,-0.01646165134402055,False,0.030415319630799426,0.03484575256389471,0.021505274154337624,0.02696848138963269
2013-09-18,0.0003667369620273407,False,0.031694095493736814,0.03631080069902838,0.022409437774784026,0.028102339046884344
2013-09-19,0.014289207860298147,False,0.030133926797063296,0.03452337077811551,0.02130631421875195,0.026718977603648993
2013-09-20,-0.003984069014874347,False,0.030968520374531194,0.03547953502839722,0.0218964169666028,0.02745899025632084
2013-09-23,-0.015175352928475607,False,0.030114748701360262,0.03450139911430837,0.02129275426900103,0.026701972879604203
2013-09-24,-0.008139149630195977,False,0.031124718582644522,0.03565848577351217,0.02200685753828405,0.027597487188778934
2013-09-25,0.016395319819354364,False,0.030925656607975704,0.035430427531863255,0.021866109967950388,0.027420984057317403
2013-09-26,-0.005496532709718077,False,0.0320425351698262,0.03670999567326628,0.022655803450092035,0.02841129154299787
2013-09-27,0.005405170962818115,False,0.03139431110500335,0.03596734836122205,0.022197474016218906,0.02783652794226343
2013-09-30,-0.014726451133706655,False,0.030633575767198162,0.03509580087562775,0.021659593033971174,0.02716200349047171
2013-10-01,-0.00492634727774198,False,0.03151080165277084,0.03610080744870862,0.022279839126845336,0.027939817113893727
2013-10-02,0.01635820405224211,False,0.030768886408088822,0.035250821476067645,0.02175526496718361,0.027281979954469928
2013-10-03,0.0036599912756681025,False,0.03191911855558294,0.03656860163715562,0.022568541236289298,0.028301861206417735
2013-10-04,-0.0006395322496536292,False,0.030935960666499555,0.0354422325261255,0.021873395493999352,0.027430120400907122
2013-10-07,0.0021909813402223826,False,0.029585015312568342,0.033894502365737475,0.020918204144492702,0.026232271912771832
2013-10-08,0.008173690043457357,False,0.028515526541841606,0.0326692270266327,0.02016201780488988,0.02528398373563368
2013-10-09,-0.014027008383224987,False,0.028468097951491456,0.03261488977343738,0.020128483229201882,0.02524193002481555
2013-10-10,0.02365847939050592,False,0.02939772006516329,0.033679924846030565,0.02078577628602721,0.026066202035640085
2013-10-11,-0.008817764529582082,False,0.03181648270456962,0.036451015384174966,0.022495972144762472,0.02821085663794498
2013-10-14,-0.004710580320206173,False,0.03178060686499377,0.036409913707649545,0.022470605988004592,0.028179046454008618
2013-10-15,0.004891314099841293,False,0.030965647217081105,0.035476243353846436,0.021894385489064416,0.0274564427015306
2013-10-16,0.001083717255887631,False,0.03019282302005473,0.03459084609115576,0.021347957030251562,0.026771199369290268
2013-10-17,-0.011255451491106034,False,0.028914356465254226,0.03312615231938025,0.02044401210736818,0.025637615967605696
2013-10-18,-0.0013701760535946516,False,0.029382728892060617,0.03366274999089443,0.020775176716751546,0.02605290974814366
2013-10-21,0.000639649128585129,False,0.028252389698819647,0.03236776048169123,0.019975965841011658,0.025050667066925113
2013-10-22,0.0009130753008358682,False,0.02701699789931458,0.03095241592876316,0.019102477097218414,0.023955276942531356
2013-10-23,-0.01684269716491418,False,0.025876808772567844,0.029646141700218565,0.018296301786351266,0.02294430057869287
2013-10-24,-0.010356019222299517,False,0.027555463492813115,0.03156931685444735,0.019483201362208154,0.024432720530614443
2013-10-25,-0.008760005153896171,False,0.02795470214655577,0.032026710415032245,0.019765484659111283,0.024786715173254262
2013-10-28,0.024207920764096166,False,0.028048243100252727,0.03213387696684498,0.019831623166887285,0.02486965553027061
2013-10-29,-0.00231128471587321,False,0.03088191329239826,0.03538031236722127,0.02183518108062217,0.027382197984825284
2013-10-30,0.003418806748785461,False,0.029727782839922903,0.034058066056428346,0.021019148499290395,0.026358860206146417
2013-10-31,-0.008150457270765446,False,0.02880437649884941,0.033000152173965146,0.0203662503294967,0.025540099560965104
2013-11-01,-0.016408412764601088,False,0.028771932744756173,0.0329629825160066,0.02034331084259207,0.0255113325189253
2013-11-04,-0.008830708289904976,False,0.030148760203707773,0.034540364885818055,0.021316802238618402,0.026732130003685954
2013-11-05,0.0015248263699731298,False,0.030166048099032658,0.034560171014116355,0.02132902571458466,0.02674745873568662
2013-11-06,0.004276150384421702,False,0.028890349802505547,0.03309864873762673,0.020427038099854605,0.025616329877391167
2013-11-07,-0.02282634831815939,False,0.02820206053894559,0.03231010014890472,0.01994038040596816,0.025006041495736146
2013-11-08,0.011670094348957204,False,0.030772560664347862,0.03525503094110083,0.021757862864858965,0.027285237822963358
2013-11-11,0.013996895970254606,False,0.030989505409300976,0.035503576838182845,0.021911254519893068,0.02747759714674709
2013-11-12,0.004998831442114268,False,0.03176283167211464,0.036389549299832694,0.02245803796634143,0.028163285647803828
2013-11-13,0.005722610485509162,False,0.03085606875811729,0.035350703201260984,0.021816907598644998,0.027359282301207932
2013-11-14,0.012918995609288586,False,0.030206059239989667,0.03460601035871345,0.021357315752827,0.02678293558496439
2013-11-15,-0.00036944675768892446,False,0.030729535976834425,0.03520573908313481,0.02172744208639559,0.02724708893948669
2013-11-18,0.005067967539243064,False,0.02935818096908409,0.0336346263065018,0.020757820009015517,0.026031143736410668
2013-11-19,-0.00469852078155415,False,0.028724271248303693,0.032908378430553345,0.02030961158970706,0.025469072296258458
2013-11-20,-0.00018470631748121341,False,0.02814620034623027,0.0322461031080333,0.01990088423189407,0.02495651170002955
2013-11-21,0.014942754086768976,False,0.026925661267533128,0.03084777479035957,0.019037897164124275,0.02387429110104457
2013-11-22,0.013197335176533742,False,0.028048481763982502,0.032134150395412384,0.019831791915037946,0.02486986714725945
2013-11-25,-0.004770700798547845,False,0.028791355564482785,0.032985234551444725,0.020357043825448774,0.025528554233465523
2013-11-26,0.010858454604346226,False,0.028228727914367247,0.03234065201476545,0.019959235681085458,0.025029686771422845
2013-11-27,-0.006447013734217914,False,0.028578525717388933,0.03274140294684327,0.020206561625506863,0.025339843483745277
2013-12-02,0.0037742676004515353,False,0.02829091067397212,0.032411892596197235,0.020003202251524584,0.025084822624523065
2013-12-03,0.013983750467664764,False,0.02749885779141747,0.03150446571073157,0.01944317807322127,0.024382529711541485
2013-12-04,0.0018556979654773536,False,0.028426522892606946,0.03256725870355863,0.020099087416494764,0.025205066489748035
2013-12-05,-0.01065067314868557,False,0.02733190815008451,0.0313131974300383,0.019325135657411903,0.024234499759860997
2013-12-06,-0.005099085163763065,False,0.027795982370762053,0.031844870799291235,0.019653261202853323,0.024645982431608995
2013-12-09,-0.012908063864873144,False,0.027302618709024888,0.03127964155660718,0.019304426440232524,0.024208529566033764
2013-12-10,-0.010594673947705278,False,0.028116609257617196,0.03221220164770265,0.01987996173359801,0.02493027404307747
2013-12-11,0.005128686028870826,False,0.028465065306765798,0.03261141537997358,0.020126338985543436,0.02523924105676136
2013-12-12,-0.004394404215245734,False,0.027891329592505017,0.03195410672831779,0.019720676839720754,0.02473052436002998
2013-12-13,-0.008384441249276777,False,0.027276816845877967,0.031250081277451186,0.019286183129052413,0.024185651717813127
2013-12-16,0.020332232607513285,False,0.027311044873561494,0.03128929511435601,0.01931038419378004,0.024216000829339553
2013-12-17,-0.012682073171861695,False,0.029335595655198117,0.03360875111371074,0.02074185097193567,0.02601111791966416
2013-12-18,0.005950491307282449,False,0.02991823125959709,0.0342762560537293,0.021153805820899024,0.026527725920004224
2013-12-19,0.011073908210080368,False,0.029375917750656,0.03365494670784681,0.02077036087180932,0.026046870484297602
2013-12-20,0.01229100836125946,False,0.029678021395193783,0.034001056134740824,0.02098396446952495,0.02631473801337026
2013-12-23,-0.005095438548835078,False,0.030177410713502033,0.03457318875836777,0.021337059696875167,0.026757533673598653
2013-12-24,-8.962581229391554e-05,False,0.02952098581213758,0.033821146038863936,0.020872931828520243,0.026175498602094345
2013-12-27,0.003665463850971503,False,0.02816705204833981,0.03226999216332073,0.019915627511790303,0.02497500036781635
2013-12-30,-0.0142904512529548,False,0.027403427152190196,0.0313951342132529,0.019375703455685837,0.024297913818983337
2013-12-31,-0.004718273883413513,False,0.02838515995665328,0.03251987065539562,0.02006984158615961,0.025168391038625785
2014-01-03,-0.012773470957632002,False,0.02782245758137968,0.031875202508754,0.019671980607072547,0.024669457319707988
2014-01-06,0.0013128283956088313,False,0.028483631049295088,0.03263268549247589,0.02013946596851839,0.025255702823001647
2014-01-07,0.00280741341043652,False,0.027373009897320662,0.03136028624355465,0.019354196813213164,0.024270943621667308
2014-01-08,0.0038240964384034758,False,0.02653046322166413,0.030395010410854545,0.018758470795280032,0.02352387916144934
2014-01-09,0.0006514355076587345,False,0.025885167418659996,0.029655717904481144,0.0183022118007109,0.02295171197513108
2014-01-10,-0.009816373875483666,False,0.024800451785189765,0.02841299768898103,0.017535259246523317,0.021989922530555824
2014-01-13,0.014734949055256533,False,0.025233351159001254,0.028908955142264704,0.01784134249102192,0.022373763267655843
2014-01-14,-0.008366693781827927,False,0.02642651182549095,0.030275916984459843,0.018684971542253386,0.023431708132929756
2014-01-15,0.009014512045194498,False,0.02654360691284907,0.030410068671506293,0.018767764095030396,0.02353553333426143
2014-01-16,-0.005845528127436187,False,0.026671116978106823,0.030556152429208394,0.01885792059984742,0.023648593228539582
2014-01-17,0.009170551972208105,False,0.026372569051229183,0.030214116661880557,0.01864683108661372,0.023383878462834476
2014-01-20,-0.004065421842500594,False,0.026569270062622642,0.030439470031671995,0.018785909328361616,0.023558288188902744
2014-01-21,0.010682484861795303,False,0.025951562925351113,0.029731784880781147,0.018349157010931958,0.023010583162686886
2014-01-22,0.004751905131064528,False,0.026429487502676357,0.03027932611223398,0.018687075506783227,0.023434346589331672
2014-01-23,0.0,False,0.025869773224952305,0.029638081322937035,0.018291327274094462,0.022938062339633122
2014-01-24,-0.005026743665156819,False,0.024684523085144013,0.028280182290494876,0.01745329139258976,0.02188713153484515
2014-01-27,-0.003855691915197602,False,0.02434073154638528,0.027886312522280566,0.017210212201488266,0.021582300422515188
2014-01-28,0.003489122996136862,False,0.023816837915203178,0.027286106176808333,0.016839791101100624,0.021117777418509842
2014-01-29,-0.0024778611310548432,False,0.02324278287684611,0.026628431686865066,0.01643390317589051,0.02060877758531787
2014-01-30,0.004858160707723928,False,0.022561174593901362,0.025847537260592367,0.0159519692962363,0.020004413057285723
2014-01-31,-0.01103358012104022,False,0.02225938702541413,0.02550178995081507,0.01573858918136429,0.019736825784715063
2014-02-03,-0.014997253750027783,False,0.023056277504468554,0.02641475909895235,0.016302033801742142,0.020443408070051048
2014-02-04,0.004588237835292263,False,0.024491399012497847,0.028058926892516243,0.01731674223977887,0.021715893388336436
2014-02-05,-0.0021510412783142894,False,0.024049269377237763,0.027552394656181076,0.017004132701774963,0.021323868415886616
2014-02-06,0.012467597297463814,False,0.02327362336159543,0.026663764536020367,0.016455709064753018,0.02063612304967942
2014-02-07,0.018051527875338813,False,0.02426702187421846,0.027801865966102013,0.017158095481131046,0.02151694395261132
2014-02-10,0.0005447117701638993,False,0.02619157364519212,0.030006756646910254,0.018518857556341785,0.02322339449296106
2014-02-11,-0.008842757834933527,False,0.024975279173943446,0.02861329122539134,0.01765887165535126,0.02214493747819515
2014-02-12,-0.005417081602937711,False,0.025200700713574865,0.02887154868537918,0.017818256862178333,0.0223448129577287
2014-02-13,0.0033088265482530623,False,0.024899071001390164,0.02852598222596694,0.017604988360240336,0.02207736565228016
2014-02-14,-0.0032167667092928036,False,0.024300178368084836,0.027839852184730604,0.017181538913560765,0.021546342962670557
2014-02-19,0.002086073950457347,False,0.023628033629540097,0.027069799805509952,0.016706296271061526,0.020950369515979315
2014-02-20,-0.008644669149112839,False,0.022793021839215503,0.026113156423596535,0.01611589782412721,0.02020998604472724
2014-02-21,-0.0035706149173895287,False,0.023151954928708713,0.026524373329264342,0.016369682909614148,0.020528242780530826
2014-02-24,0.0066730902592846576,False,0.02273475509465535,0.026046402281661076,0.016074700087885835,0.02015832242141572
2014-02-25,-0.005206679951600338,False,0.022773861071129452,0.026091204611425386,0.016102350125937616,0.02019299668463462
2014-02-26,0.0018299941057245488,False,0.022443172991161362,0.025712347011036113,0.015868535788110174,0.019899784072087815
2014-02-27,-0.0078007094964406614,False,0.021610276223038384,0.02475812673501799,0.015279632776135624,0.019161275936606506
2014-02-28,0.004045610519693501,False,0.021818251080657863,0.024996396150433933,0.015426682236230307,0.019345681892069255
2014-03-03,0.02070542549219498,False,0.021352187421201613,0.02446244355175763,0.015097150050093718,0.01893243523614057
2014-03-04,-0.018963504354969067,False,0.02404254326560844,0.02754468878873015,0.016999376977477568,0.021317904545754662
2014-03-05,-0.009387147893110345,False,0.026076237586427634,0.0298746202165131,0.018437308731811285,0.023121128977026978
2014-03-06,-0.0014805221543995294,False,0.026207784422150725,0.03002532875891252,0.018530319451432197,0.023237768171818503
2014-03-07,0.010592831513417496,False,0.025097772736998043,0.02875362775450504,0.017745481222096144,0.022253549369034606
2014-03-10,-0.008003354435278992,False,0.025537002451431066,0.02925683765443799,0.01805604035940827,0.0226430030562964
2014-03-11,0.0007386206595610619,False,0.02559722659644549,0.029325834320625237,0.018098622083518586,0.022696402256230607
2014-03-12,-0.004347229710838867,False,0.024462081614260504,0.028025338989538524,0.017296013255364465,0.021689898405598998
2014-03-13,-0.0037147145242386053,False,0.02398005128875745,0.027473093948070536,0.0169551917737401,0.021262494517677866
2014-03-14,0.005566909904652863,False,0.023439030777920766,0.026853265944240624,0.01657266104416391,0.020782785550124097
2014-03-17,-0.010136321501428257,False,0.023204668893853232,0.026584765848836213,0.016406954530822006,0.020574982897196708
2014-03-18,-0.0018710829670612206,False,0.023696051084337616,0.02714772499020866,0.0167543882862189,0.021010678843191497
2014-03-19,-0.007897004469145805,False,0.022918837256773048,0.0262572986835547,0.01620485612146753,0.02032154333848961
2014-03-20,-0.002078609969872859,False,0.023090904393538614,0.026454429897196104,0.016326516883018376,0.02047411084170699
2014-03-21,0.013807573892266516,False,0.022387260233102627,0.02564828974791576,0.01582900244749847,0.01985020766804361
2014-03-24,-0.00570654993565624,False,0.02356730194494546,0.027000221669233188,0.01666335568904838,0.020896520293757336
2014-03-25,0.003932589337864524,False,0.02338282442736535,0.02678887232261351,0.01653292011779584,0.020732948825166655
2014-03-26,-0.010427035431549039,False,0.022937642741885835,0.026278843460628837,0.01621815261540101,0.020338217678310577
2014-03-27,0.006400624261275332,False,0.02343546474161676,0.02684918046297028,0.016570139663843308,0.02077962363748051
2014-03-28,0.0005627990018169897,False,0.02329170309172169,0.026684477841356264,0.0164684924107024,0.020652153881226095
2014-03-31,-0.006491391156145186,False,0.02225255831826195,0.0254939665433137,0.01573376091648955,0.019730770945772576
2014-04-01,-0.002362391838116156,False,0.022221330784942046,0.025458190266343585,0.0157116813633775,0.019703082295401488
2014-04-02,-0.022290108295798552,False,0.02153994463904143,0.024677550334600916,0.015229904546614352,0.019098914730571227
2014-04-03,0.014502054875050957,False,0.02429116866093726,0.0278295300829165,0.017175168563861642,0.021538354287145036
2014-04-04,0.014482717998195857,False,0.025458098195585456,0.02916643984804275,0.01800025078775486,0.022573040682691076
2014-04-07,-0.014387375480127635,False,0.026563891910335563,0.030433308473413804,0.018782106684142142,0.02355351951963918
2014-04-08,0.008921851132120623,False,0.027556859355784367,0.031570916045128225,0.01948418831273976,0.024433958206398213
2014-04-09,0.014633034764492004,False,0.027563472438466723,0.03157849241932488,0.01948886411946531,0.024439821856670905
2014-04-10,-0.002704090416422075,False,0.02853748610458402,0.03269438531854027,0.02017754440210528,0.025303454714940554
2014-04-11,0.0022383892949797007,False,0.02753237362951408,0.03154286361729519,0.019466875581435193,0.024412247342884448
2014-04-14,0.003162499147734824,False,0.026535380498948175,0.030400643960973625,0.01876194757597377,0.023528239184705126
2014-04-15,0.013101026942607414,False,0.025751217909904988,0.029502256704836027,0.01820750226145298,0.022832942391978257
2014-04-16,0.0055756279903743065,False,0.026561866505054238,0.030430988038444476,0.018780674613186544,0.023551723644885968
2014-04-17,0.0007289294172415933,False,0.026130997286672793,0.029937356462206986,0.01847602679825531,0.02316968299437382
2014-04-22,-0.010539436787983943,False,0.02502729232277084,0.028672880844573673,0.01769564776156159,0.022191056199063277
2014-04-23,-0.0005529444431733251,False,0.025467388090170438,0.02917708295066282,0.018006819245109246,0.02258127779320867
2014-04-24,0.012003626054555601,False,0.024390425343480026,0.027943244942473525,0.01724534840072157,0.021626362633874383
2014-04-25,-0.002370965910985925,False,0.025087539157156166,0.028741903505168146,0.017738245528282917,0.022244475517078914
2014-04-28,-0.0037502902405032418,False,0.024282791340725616,0.027819932484377776,0.017169245345890666,0.021530926332845524
2014-04-29,0.007031671363680747,False,0.023731997387304263,0.027188907394140857,0.016779804264400823,0.021042551505203587
2014-04-30,-0.011532253013173274,False,0.02367440038022026,0.027122920546669503,0.016739080068737384,0.020991481720881132
2014-05-01,0.0,False,0.02434167534873672,0.027887393803148454,0.017210879520739273,0.021583137267778007
2014-05-02,0.007794271726818923,False,0.023247450376619915,0.026633779075752782,0.016437203350390384,0.02061291613728161
2014-05-05,0.0,False,0.023346197923191266,0.02674691063629152,0.01650702320061266,0.020700473046244183
2014-05-06,-0.010836730165533482,False,0.022320414069710862,0.02557170647022315,0.015781738598643506,0.019790936894785865
2014-05-07,-0.0012010903647466488,False,0.022950953161628613,0.026294092736273752,0.016227563801249206,0.020350019685045292
2014-05-08,0.00018487705728381776,False,0.02207753057967948,0.025293443473212975,0.015610006849508837,0.01957557835309467
2014-05-09,0.000646800669349907,False,0.021089402256880732,0.024161379912626398,0.014911346742056453,0.018699430391888237
2014-05-12,0.0010155565660720555,False,0.020234960655336944,0.02318247648536986,0.014307210368902467,0.01794181900691934
2014-05-13,0.0037761960599108726,False,0.019435662175488252,0.022266748576158582,0.013742063161871794,0.017233101609232256
2014-05-14,0.009970354717974935,False,0.019117963256417972,0.021902772196553826,0.01351743286253328,0.016951406151467698
2014-05-15,-0.001183917081960371,False,0.01981796411726856,0.02270473834676363,0.014012371288418519,0.01757207890512371
2014-05-16,0.010514962725492117,False,0.019094717529697065,0.021876140392209267,0.013500996877900599,0.016930794763651592
2014-05-19,-0.0005411743615437258,False,0.019890742572125933,0.022788118040310383,0.014063829587829318,0.017636609688597697
2014-05-20,-0.004430587292032338,False,0.019095916768697117,0.02187751431778257,0.013501844804662039,0.016931858098018854
2014-05-21,0.00875180395494465,False,0.018874047542695407,0.02162332661748401,0.013344971275483477,0.016735132363586647
2014-05-22,-0.0038702176925654607,False,0.01938316770144626,0.022206607519755322,0.013704946732731342,0.017186556109679903
2014-05-23,-0.006332570465438903,False,0.019094459554301245,0.021875844838951258,0.013500814475358737,0.016930566023505324
2014-05-26,-0.0016348777483411849,False,0.019158047697531447,0.021948695518539493,0.013545774727946254,0.01698694799410834
2014-05-27,-0.001819671141722431,False,0.01853990278908564,0.021240508828746427,0.013108712882645975,0.016438854807455255
2014-05-28,-0.006578369999956499,False,0.017979333718663254,0.020598284733783084,0.012712360265339655,0.015941812635063248
2014-05-29,0.008125301470003371,False,0.018146379293427755,0.020789662922005146,0.012830470511267887,0.016089927648449298
2014-05-30,-0.007025896870031739,False,0.01861986583004863,0.021332119647684895,0.01316525107257781,0.01650975597858367
2014-06-02,0.001189659257216176,False,0.01879587659656557,0.021533768938012263,0.01328970019341588,0.01666582019683967
2014-06-03,-0.004307783573764549,False,0.018096680098646022,0.020732724317873718,0.012795330495578272,0.016045860651099926
2014-06-04,0.0018353680475628716,False,0.0178506897532542,0.020450901906908472,0.012621402031857167,0.01582774734069398
2014-06-05,-0.0058850744565608435,False,0.01729839348664011,0.019818155669748785,0.012230898733778195,0.015338040450595636
2014-06-06,0.00716783072554626,False,0.0173655402805285,0.019895083369134994,0.012278375144635716,0.01539757778518011
2014-06-09,0.012195273093818206,False,0.017685763202391933,0.02026195140918812,0.012504790050307224,0.015681511211283673
2014-06-10,-0.012470010949843654,False,0.018891503341035943,0.02164332510631014,0.013357313467952695,0.016750609970871473
2014-06-11,0.005935819446642972,False,0.02004979948849213,0.022970343906043526,0.014176291420685905,0.017777641364114614
2014-06-12,0.021171008279936298,False,0.02004397896527409,0.02296367553910508,0.014172175996319333,0.017772480455927914
2014-06-13,0.008609647999355475,False,0.022817582491368598,0.026141294691355125,0.016133263532078765,0.020231763343093595
2014-06-16,0.0023833705063356324,False,0.02307446419023014,0.026435594939564842,0.01631489277110394,0.020459533736407805
2014-06-17,0.0052761290175538916,False,0.022329919719611874,0.025582596756053788,0.01578845960666242,0.019799365309991213
2014-06-18,0.00201515817087831,False,0.022088478450037294,0.025305986059850915,0.015617747585306086,0.019585285548073542
2014-06-19,0.008193909164101032,False,0.021332188822099606,0.024439531866317782,0.015083009960112356,0.018914702992841863
2014-06-20,-0.005571530038910485,False,0.021627539570779408,0.02477790474002041,0.01529183889563392,0.01917658290289612
2014-06-23,-0.008151861770523593,False,0.0215011362902453,0.024633088986307408,0.015202464947410115,0.019064504366157007
2014-06-24,0.0010555947496726822,False,0.021740197534080016,0.02490697297146356,0.01537149416198843,0.019276473820484568
2014-06-25,-0.00794425574485796,False,0.020822118649560784,0.023855162566956137,0.014722362791792286,0.01846243689396482
2014-06-26,-0.002040364424861423,False,0.021078501055218454,0.02414889079265713,0.014903639003548205,0.018689764576841003
2014-06-27,8.87981175383543e-05,False,0.020315696272925114,0.023274972417936742,0.014364294812246445,0.018013405201864417
2014-06-30,-0.014218884760298233,False,0.019418497251597677,0.022247083331869533,0.013729926633353075,0.017217881912838576
2014-07-01,-0.001712715071396599,False,0.02082663580890049,0.023860337716142592,0.014725556667483167,0.018466442142933616
2014-07-02,-0.00597232795020715,False,0.020213559059054576,0.023157957435838893,0.014292078284118236,0.0179228427621172
2014-07-03,-0.010951012889618266,False,0.020245505823560335,0.023194557710460282,0.014314666372534857,0.017951169136276358
2014-07-08,-0.00970657031679165,False,0.020934133506917026,0.023983494014736255,0.014801563347500591,0.018561757586058263
2014-07-09,-0.007552835568611942,False,0.021379115828705712,0.024493294472813783,0.015116189888995457,0.018956311962258922
2014-07-10,-0.0060082794339216105,False,0.02153657053376489,0.024673684741899012,0.015227518871899161,0.01909592299823168
2014-07-11,-0.004057183467877006,False,0.021287496994419224,0.024388330025012728,0.015051410423484379,0.01887507589907144
2014-07-14,-0.009881315554907077,False,0.020836885989458348,0.023872080984330794,0.01473280409889944,0.018475530714317068
2014-07-15,0.0,False,0.021336272484984018,0.024444210373995887,0.015085897330389874,0.018918323871656772
2014-07-16,0.0064718984820433334,False,0.020423258885831033,0.02339820308721599,0.014440347390597661,0.018108778203351338
2014-07-17,0.005958873153727135,False,0.020380995208146357,0.023349783091210122,0.014410464687196471,0.018071304087710533
2014-07-18,-9.430848311799932e-05,False,0.02018800405859764,0.023128679978508114,0.014274009518196597,0.017900183800692474
2014-07-21,-0.00302257715713526,False,0.019296033557886078,0.02210678102300234,0.01364333818584737,0.017109296506377075
2014-07-22,0.007257678306284511,False,0.018819397613095243,0.021560716132123427,0.01330633082281578,0.016686675677046542
2014-07-23,0.003468807678300309,False,0.01903159981838397,0.02180382866977752,0.013456369246093372,0.016874829912926183
2014-07-24,-0.01006451612732266,False,0.01866979866669693,0.021389325927013234,0.013200556285689499,0.016554030140164988
2014-07-25,0.010438802648020551,False,0.0192897450831247,0.022099576540583633,0.013638891894458762,0.017103720677596378
2014-07-28,-0.0017791099781466356,False,0.019985173385135474,0.02289630407236529,0.01413059727421361,0.017720339060972166
2014-07-29,0.00262074279539641,False,0.019340555106511774,0.022157787781635952,0.013674817325984424,0.01714877261809065
2014-07-30,-0.004778645776589331,False,0.01881311602744945,0.021553519542320026,0.013301889402404076,0.016681105956667393
2014-07-31,-0.014474497067949116,False,0.018622552682656213,0.021335197879387736,0.013167150822527498,0.016512138341663325
2014-08-01,-0.014300354067013635,False,0.01997357869565311,0.022883020448005525,0.01412239920235116,0.017710058348116956
2014-08-04,0.0017384590045739755,False,0.021205230598691317,0.024294080334243233,0.014993243637295936,0.018802132402533808
2014-08-05,-0.007846976568767436,False,0.020507427576461193,0.02349463216976147,0.014499859202052712,0.018183408415836454
2014-08-06,0.01304429336899886,False,0.020683398268181646,0.023696235547816358,0.01462427998784464,0.018339437100801454
2014-08-07,-0.001440991651431053,False,0.02171350616134668,0.024876393612734256,0.015352621919475328,0.019252807266999006
2014-08-08,-0.006365148310634608,False,0.020948026594031534,0.0239994108317159,0.01481138651065897,0.018574076228960595
2014-08-11,0.0010636755825676064,False,0.0208693254340817,0.023909245705082596,0.014755740538776046,0.018504293935260797
2014-08-12,-0.01745108873566056,False,0.020140882373626094,0.023074694335916034,0.014240691941191711,0.01785840221497748
2014-08-13,0.0057857479367226395,False,0.021835385264383823,0.02501602617680704,0.01543879702979192,0.019360874331949853
2014-08-14,-0.011011811204166812,False,0.02171671026529151,0.024880064440942075,0.015354887394064745,0.01925564826353153
2014-08-15,-0.0001977456996755528,False,0.022313735049165305,0.0255640545533561,0.015777016170286408,0.01978501477910632
2014-08-18,-0.017556560670806978,False,0.02135817128521775,0.024469299052453108,0.015101380965228962,0.018937740974410498
2014-08-19,0.00371654287470431,False,0.023007760541497224,0.02635917493586045,0.016267729687812076,0.020400389327231434
2014-08-20,0.0018030656993457165,False,0.022511705745369374,0.025790862555986574,0.015916992147789615,0.019960550302029634
2014-08-21,0.003596407472770443,False,0.02178774556141411,0.024961447059373764,0.015405113186076614,0.01931863343300348
2014-08-22,-0.0018964920591651527,False,0.021301201636350343,0.024404030947031804,0.015061100345717428,0.01888722745247799
2014-08-25,0.003988438829939746,False,0.0205939842475968,0.02359379707684637,0.014561059444734794,0.018260155989197654
2014-08-26,9.950743826326705e-05,False,0.020238025767137666,0.02318598807520962,0.014309377568537002,0.017944536762693676
2014-08-27,-0.0009955202415015939,False,0.01938840050106891,0.02221260255262299,0.013708646604764443,0.017191195898475554
2014-08-28,0.003082892402424357,False,0.018663322603726374,0.021381906531438913,0.013195977359302625,0.016548287981745492
2014-08-29,0.004062830738494056,False,0.018260419370337802,0.020920314591973164,0.0129111030066124,0.01619104405061614
2014-09-03,0.00666370758642673,False,0.01804523612429665,0.020673786781696506,0.01275895682647332,0.016000246602597704
2014-09-04,0.0032658745441456923,False,0.01821113071605642,0.02086384632952699,0.012876253265235818,0.016147341068966016
2014-09-05,-0.016939424573738936,False,0.017888005243334424,0.020493652939937868,0.012647786099298168,0.015860834025693153
2014-09-08,0.0002009646309014543,False,0.019752276991062873,0.022629482936852408,0.013965926941470625,0.017513835820319082
2014-09-09,-0.01467563407007097,False,0.018981060988311406,0.02174592812528368,0.01342063556289218,0.016830018432566606
2014-09-10,-0.018730608312937918,False,0.020399272676908865,0.023370722938685792,0.014423387845044437,0.01808751024901854
2014-09-11,0.0016607851025127979,False,0.02236265924788196,0.025620105271992672,0.015811608221889168,0.019828394607383937
2014-09-12,-0.0011414934047032622,False,0.021686028964602828,0.024844913963317186,0.015333194056932965,0.019228443943581044
2014-09-15,0.0012452009495201373,False,0.020895728511621352,0.02393949477423722,0.014774408941012184,0.018527704864815395
2014-09-16,0.009906179450814843,False,0.020087527315455187,0.02301356733880985,0.014202967032579407,0.017811093657619174
2014-09-17,0.00317802307562917,False,0.020709058316521957,0.023725633354780007,0.014642423028294991,0.018362189205481688
2014-09-18,-0.009047974537188804,False,0.02021717048052459,0.023162094913283665,0.014294631754203119,0.01792604491661981
2014-09-19,-0.0007232526016570096,False,0.020640623723889848,0.023647230270064285,0.014594036074152855,0.01830151001288372
2014-09-22,-0.014366268319070109,False,0.019497615934396695,0.022337726799617416,0.013785867816446874,0.01728803441330669
2014-09-23,-0.005256530186035551,False,0.020657192738299253,0.023666212802003653,0.014605751262474619,0.018316201331672034
2014-09-24,-0.0035902889674925835,False,0.020473848439497185,0.02345616174393132,0.01447611693811984,0.018153634659016326
2014-09-25,0.007062697360026744,False,0.02004980701630468,0.022970352530391275,0.014176296743256066,0.017777648038832326
2014-09-26,-0.0012612993053264508,False,0.020178628955201814,0.02311793925517667,0.014267380813609573,0.017891871137714566
2014-09-29,0.006499655966915444,False,0.019493045864210978,0.022332491032351968,0.013782636529929376,0.01728398224965203
2014-09-30,-0.010821138318108737,False,0.0195711113401286,0.02242192787834367,0.013837833038858952,0.01735320089867538
2014-10-01,-0.001056859113379117,False,0.02013139890157094,0.023063829458456527,0.01423398661410797,0.01784999346429746
2014-10-02,-0.03529904845043126,False,0.0193755134724282,0.022197838341141772,0.01369953477929894,0.01717976930173801
2014-10-03,-0.005381966969741926,False,0.024561187356401382,0.02813888092203248,0.01736608636920577,0.021777772917357392
2014-10-06,-0.0016533484063874782,False,0.024234120243671015,0.027764171735335356,0.017134832250836694,0.021487770923299836
2014-10-07,0.0027540639825730196,False,0.023131506622280557,0.026500946430096574,0.016355224852257943,0.020510111793316122
2014-10-08,-0.007176403970442917,False,0.02248081175318202,0.025755468405257963,0.015895148426277702,0.01993315739399942
2014-10-09,0.002434706824659878,False,0.022541710039849464,0.02582523741161849,0.01593820680495693,0.01998715433799301
2014-10-10,-0.02020947472074278,False,0.021923919082352628,0.025117456230869462,0.015501395222099631,0.01943937499053991
2014-10-13,-0.009519564183336089,False,0.02404241030417332,0.027544536459531404,0.016999282966559746,0.021317786652270975
2014-10-14,-0.016764659486964716,False,0.02394516535128592,0.02743312636726427,0.016930525531249043,0.021231562054469157
2014-10-15,-0.02746973990537068,False,0.02543144693235207,0.029135906441344457,0.01798140690482512,0.022549409693267186
2014-10-16,0.0,False,0.02838602437042965,0.032520860983589764,0.020070452773399108,0.02516915749208161
2014-10-17,0.014767827012722211,False,0.027040815300041782,0.03097970267973371,0.019119317286258004,0.023976395218980786
2014-10-20,-0.010018352399605421,False,0.02801637225222944,0.032097363667044035,0.019809088755525124,0.024841396469303275
2014-10-21,0.008844918798636916,False,0.028048735981232892,0.03213444164309651,0.01983197166036796,0.024870092555154856
2014-10-22,0.01410690837956543,False,0.028013133184736486,0.03209365278233964,0.019806798559818293,0.024838524471492176
2014-10-23,-0.0051067891857059415,False,0.028814137304664943,0.0330113347828741,0.020373151746531874,0.025548754216355187
2014-10-24,0.0006979179066586421,False,0.028139779735504827,0.03223874724212876,0.01989634451324028,0.02495081870968912
2014-10-27,-0.004194832532025684,False,0.027003847140937672,0.030937349571480328,0.01909317880058153,0.023943616503421982
2014-10-28,-0.0008177092915186372,False,0.026317665836050184,0.030151215996218887,0.018608011547358135,0.023335197194488164
2014-10-29,0.015538346019405404,False,0.025265438800781574,0.028945716814981228,0.017864030187282498,0.02240221455406986
2014-10-30,-0.01635672450665418,False,0.02637092331125831,0.03021223119598686,0.018645667459543873,0.02338241922754399
2014-10-31,-0.015677812719229793,False,0.027445698063896334,0.03144356249702049,0.019405591273931013,0.024335394348844856
2014-11-03,0.008635530093816856,False,0.02839024872414182,0.03252570067575751,0.020073439619692615,0.025172903117833788
2014-11-04,-0.033292501166568796,False,0.028370351828351,0.032502905508192854,0.020059371439446746,0.025155261052244485
2014-11-05,0.009212186360439939,False,0.03227518913566792,0.03697653906735641,0.0228203023729787,0.028617579828775844
2014-11-06,-0.009699397088713506,False,0.03197080474892558,0.036627816675039476,0.02260508616730827,0.02834769002426946
2014-11-07,0.013552966404703668,False,0.03175629984322084,0.0363820660152187,0.022453419610434098,0.028157494043174944
2014-11-10,-0.0036122856859135493,False,0.03224104671605538,0.03693742330858113,0.0227961618377822,0.028587306623723434
2014-11-11,-0.02392692269352982,False,0.031165011370928895,0.03570464779145936,0.02203534671640272,0.02763321376749564
2014-11-12,-0.006445237978591545,False,0.033190062184765466,0.0380246766599644,0.02346716704433775,0.02942877422350709
2014-11-13,-0.033892976045050906,False,0.03243249204439154,0.037156755428765724,0.02293152402767243,0.02875705627084329
2014-11-14,-0.0029629651306569606,False,0.03615207564602728,0.041418150390141406,0.02556147058303114,0.03205511535276456
2014-11-17,-0.008421375156722194,False,0.034712434323212235,0.03976880440514074,0.024543566391759718,0.03077862243099469
2014-11-18,0.004802397444474593,False,0.03408604350746009,0.039051170671912015,0.02410067424451204,0.03022321781048423
2014-11-19,-0.0002590002604482266,False,0.03318686140695439,0.03802100964239002,0.02346490392150459,0.029425936176171792
2014-11-20,0.005167302545323091,False,0.03164694054943164,0.036256776952397804,0.02237609668163344,0.028060527970973918
2014-11-21,0.020280013954332845,False,0.030947498375230847,0.03545545086966044,0.02188155327739243,0.02744035059039636
2014-11-24,0.005289018751791033,False,0.032525696736744124,0.03726353673788678,0.022997424780511578,0.02883969847357693
2014-11-25,-0.02544019163141085,False,0.0318451476657756,0.03648385581319435,0.022516239820948053,0.028236273121552642
2014-11-26,-0.002967552658392572,False,0.033983462014579156,0.03893364669511499,0.024028143587121485,0.030132261439968926
2014-12-01,-0.014289960173615439,False,0.03273523381799733,0.03750359593749211,0.023145578817113807,0.02902548961254273
2014-12-02,0.0036619759232590443,False,0.033124507013264276,0.03794957242587637,0.02342081599649474,0.029370648139544
2014-12-03,-0.01415852619660473,False,0.032147755584846144,0.03683054296952887,0.022730199968001574,0.0285045877778795
2014-12-04,-0.02380893071533224,False,0.032552762945988634,0.03729454553350771,0.023016562052688472,0.028863697384953136
2014-12-05,-0.007034026657380048,False,0.034478126829238905,0.03950036662253748,0.024377898335152814,0.03057086800436448
2014-12-08,-0.035322438954216516,False,0.03371339971688123,0.038624245902466756,0.023837194952642464,0.029892804148777655
2014-12-09,0.007134755123596662,False,0.037477298826252066,0.042936411568738016,0.026498474966097293,0.03323015665125584
2014-12-10,-0.04311878633267532,False,0.03665243150259872,0.04199139034236365,0.02591524920515027,0.03249876801760377
2014-12-11,0.005198089990604164,False,0.041801964565414025,0.047891027666731985,0.029556247282005215,0.03706472649693548
2014-12-12,-0.03160173600001408,False,0.04038309641797663,0.04626548077172815,0.0285530308479882,0.03580665261531958
2014-12-15,-0.009449402341725876,False,0.04324362473046073,0.04954268656764883,0.030575578903801557,0.03834300947417128
2014-12-16,-0.013679652959520535,False,0.042210539225553664,0.04835911715860391,0.029845131639804984,0.03742699913625023
2014-12-17,-0.006994200035933244,False,0.041964073337594714,0.04807674993539179,0.029670866941797925,0.0372084641744848
2014-12-18,-0.017362425194357198,False,0.04071770914222423,0.04664883469782188,0.028789620121348575,0.03610334510897557
2014-12-19,0.0010197145683052485,False,0.041107564636907304,0.04709547830598718,0.0290652690178752,0.036449019945887694
2014-12-22,-0.009558017806105244,False,0.03922945130262239,0.044943790494455106,0.027737341426221196,0.034783745172579233
2014-12-23,0.012949576085079155,False,0.03852905412022248,0.044141370292707746,0.027242122779589473,0.034162721010802026
2014-12-24,-0.006794658381375367,False,0.03854780194659587,0.0441628490122099,0.027255378505679214,0.03417934422610221
2014-12-29,-0.014754084758271085,False,0.037508095258189204,0.042971693948149405,0.026520249707241657,0.03325746305512223
2014-12-30,-0.03984309829145237,False,0.037699626404813696,0.04319112438730211,0.026655672575298037,0.033427288795110414
2014-12-31,-0.0059529354113650925,False,0.04197064516674962,0.04808427904688572,0.02967551358005086,0.03721429124631607
2015-01-05,-0.08082548657847728,False,0.04057378279311749,0.046483943386164586,0.028687856416967212,0.03597572931816756
2015-01-06,-0.018972901136470974,False,0.05391009126200787,0.06176287882605867,0.038117346993153015,0.04780069092026327
2015-01-07,-0.02137609119752416,False,0.05373200579912926,0.061558852629720086,0.03799143094990261,0.04764278712212128
2015-01-08,0.007513488488524735,False,0.05407250084036753,0.061948945717685104,0.03823217933916519,0.04794469531491232
2015-01-09,-0.036884782831768596,False,0.052136549792777105,0.059730995290103964,0.03686335735954508,0.04622813732926769
2015-01-12,-0.01565506903486568,False,0.055440533034772754,0.06351625166496222,0.03919945200799663,0.049157694264884755
2015-01-13,-0.03847046161332373,False,0.0545977499865279,0.0625507050285742,0.03860355886187362,0.04841042021917413
2015-01-14,0.015173463186439536,False,0.0580033322138149,0.06645235975614351,0.0410114894817703,0.05143006236110481
2015-01-15,0.039371794645246476,False,0.0570797333262655,0.06539422528001441,0.04035845517121589,0.050611130989917145
2015-01-16,-0.005892272939956543,False,0.06073300332143805,0.06957964709527541,0.04294151442423932,0.05385039150310759
2015-01-21,0.000215076890817295,False,0.05791722224107782,0.06635370661556492,0.04095060507898868,0.0513537108637209
2015-01-22,-0.008856305860893695,False,0.05457295963814418,0.06252230360599381,0.03858603074627776,0.04838843925506971
2015-01-23,0.012934002250428617,False,0.05266823374019249,0.06034012672448385,0.037239286634378345,0.04669956780624742
2015-01-26,-0.01336803003502004,False,0.05177174662136895,0.05931305323985701,0.03660542180901547,0.04590467574285592
2015-01-27,0.010365024775250312,False,0.05075911665798749,0.058152919018974306,0.03588943771797987,0.04500680280732434
2015-01-28,0.011108851689974913,False,0.04949680329812079,0.05670673138951826,0.034996913976584526,0.04388754202799728
2015-01-29,-0.0098207450284014,False,0.04836103253159483,0.055405519119514954,0.0341938626850936,0.04288048331049075
2015-01-30,0.019335564669739888,False,0.047000162100563264,0.05384641815043531,0.033231653769878716,0.041673834511843505
2015-02-02,0.08508050170349346,False,0.047628661415244626,0.054566467516077584,0.03367603673978015,0.04223110868410693
2015-02-03,0.05031678373995073,False,0.06243742107679125,0.07153233804475351,0.044146629857755075,0.05536165487542658
2015-02-04,0.012057142776556184,False,0.06806487773011301,0.0779795154700114,0.04812554573272708,0.06035137590641623
2015-02-05,0.0163893808129173,False,0.06596605940456043,0.07557497378060847,0.04664156778874881,0.05849040769566077
2015-02-06,-0.0017879496985463107,False,0.06479818741552033,0.07423698427892375,0.0458158191986848,0.05745488565005294
2015-02-09,0.019844733445789128,False,0.06116650070840756,0.07007628967101667,0.04324802049634806,0.0542347624830891
2015-02-10,-0.021456625977113175,False,0.06095753952828221,0.06983689026090054,0.04310027365295605,0.054049481980836554
2015-02-11,-0.042286889623694604,False,0.06088877384261607,0.06975810785464291,0.043051652598151684,0.05398850921656368
2015-02-12,0.05014267007036786,False,0.06466142280629972,0.0740802979185551,0.04571911923131303,0.057333619989744324
2015-02-13,0.07037907014856006,False,0.06996501394604719,0.08015643411567608,0.049469044691484415,0.062036177802277215
2015-02-16,0.020345246470448424,False,0.07957754902329645,0.09116917450043928,0.056265626304425984,0.070559365343449
2015-02-17,-0.012913951434471764,False,0.07820539098979662,0.08959714172569647,0.05529543644445787,0.06934270811810121
2015-02-18,-0.000987654401272541,False,0.07545804149958782,0.08644960089086612,0.05335291193043333,0.06690670400909013
2015-02-19,-0.03247147209660319,False,0.07095884597930005,0.08129503221496197,0.0501717376303685,0.06291738309679792
2015-02-20,0.03690825531759369,False,0.07219560784078137,0.08271194639928636,0.051046195081996,0.064013988019897
2015-02-23,-0.020038759452573218,False,0.07441903967205175,0.08525925336089658,0.052618281506711106,0.0659854478201094
2015-02-24,0.00915833559687847,False,0.07318574918977251,0.0838463162125593,0.05174627850771934,0.064891920879637
2015-02-25,-0.009325629616507425,False,0.0705057230938522,0.08077590540192775,0.049851355270575944,0.06251561069224154
2015-02-26,0.026743092603242036,False,0.06767776452385142,0.07753601360439406,0.04785183578226548,0.06000813258609371
2015-02-27,0.008111660311865197,False,0.0682482566100677,0.07818960614648336,0.048255204507825,0.06051397324129027
2015-03-02,-0.01859153353061235,False,0.0655492156970803,0.07509741073458477,0.04634683676774737,0.0581208031048157
2015-03-03,0.0070532565020995225,False,0.06464901116518469,0.07406607834169528,0.0457103435305108,0.05732261490689502
2015-03-04,-0.03323669175069378,False,0.061965879911684195,0.07099211006219527,0.04381322477920334,0.05494355145616289
2015-03-05,0.019245845480606767,False,0.06393251190284256,0.07324521055826073,0.045203739843451565,0.05668731344510821
2015-03-06,-0.019752902028274583,False,0.06339220430114523,0.07262619930913775,0.04482171317915153,0.05620823659574656
2015-03-09,-0.008148067486627174,False,0.06289329418242356,0.07205461568747512,0.04446895677179759,0.055765865829462705
2015-03-10,-0.047470088179834294,False,0.060395063126192104,0.0691924810037177,0.042702572449117834,0.053550748626526715
2015-03-11,0.00907398806740899,False,0.06546327195081914,0.0749989480337819,0.046286069896064534,0.05804459899617131
2015-03-12,0.0035360715770271925,False,0.06303932099173176,0.07222191342186078,0.044572205615017894,0.0558953440442906
2015-03-13,-0.03337830044840062,False,0.05995431009872784,0.0686875258980921,0.04239093624719625,0.05315994425679201
2015-03-16,-0.05244647537254243,False,0.062218403534580816,0.07128141741739674,0.04399177262307801,0.05516745765564383
2015-03-17,0.0032638984528740324,False,0.06802437249035463,0.07793311005394823,0.0480969063399387,0.06031546095244351
2015-03-18,0.008018370566951592,False,0.06466498229409687,0.07408437589743347,0.0457216359814855,0.057336776095995357
2015-03-19,0.007010924027499991,False,0.062266047033310054,0.07133600088349704,0.04402545915060036,0.05520970192019251
2015-03-20,0.017222439913410513,False,0.059847953835726324,0.06856567730109696,0.042315736623400005,0.05306564089472828
2015-03-23,-0.0011142062434035757,False,0.05926534874405892,0.06789820731843238,0.041903803348586316,0.05254905994924228
2015-03-24,-0.003909527459313422,False,0.055897394738739975,0.0640396619097206,0.03952247791447054,0.049562781783629724
2015-03-25,0.010576218817502708,False,0.05314143498660993,0.06088225660329963,0.03757386548010175,0.04711914317689835
2015-03-26,0.05109024682757695,False,0.05180122585622195,0.05934682655330332,0.0366262652206603,0.04593081422195671
2015-03-27,-0.01022395649991274,False,0.05856772528559708,0.067098964873789,0.04141054587462813,0.051930495177118424
2015-03-30,-0.044379282754417555,False,0.056744356041099786,0.06500999542360347,0.040121325311981315,0.050313760579765734
2015-03-31,-0.0055720797957175775,False,0.0610824882555701,0.06998003958456696,0.04318861915345312,0.05416027080263508
2015-04-01,0.03729183714696693,False,0.05841775366485033,0.06692714770890029,0.041304507836603915,0.051797519199480294
2015-04-02,0.0,False,0.06143104337941907,0.07037936682320692,0.043435066456564184,0.05446932566330679
2015-04-07,0.032135533586446746,False,0.05807570340053688,0.06653527285703743,0.04106265982060688,0.051494232030401356
2015-04-08,-0.01983042959404135,False,0.06034452314638327,0.06913457914201182,0.042666837952990984,0.05350593612672557
2015-04-09,-0.006757984105044023,False,0.05997646108893124,0.06871290350164984,0.04240659819396835,0.05317958496990348
2015-04-10,0.013822654957235727,False,0.05752905258263116,0.06590899441016213,0.04067614815975782,0.05100953081442632
2015-04-13,0.005616020376585231,False,0.056518630506563396,0.06475138968743875,0.039961725164333224,0.050113615555771145
2015-04-14,0.009579451466171045,False,0.054290491412100565,0.0621986897814029,0.038386310450233066,0.04813798194639472
2015-04-15,0.027862669000933257,False,0.052891291496156796,0.06059567608139144,0.03739700051845031,0.046897347379618884
2015-04-16,0.013562367781745941,False,0.05469275678842583,0.06265955095066242,0.03867073380351956,0.04849466030607685
2015-04-17,0.019434076723119163,False,0.0538415895033173,0.06168439879157282,0.03806891254897893,0.047739952173249306
2015-04-20,-0.001795772256316158,False,0.054028566048457016,0.061898611185401915,0.03820111506772506,0.047905739465281975
2015-04-21,-0.017804624633506707,False,0.05117312449611665,0.058627233110099396,0.03618216362614348,0.045373892905777286
2015-04-22,0.0,False,0.0510068182301923,0.05843670192178477,0.0360645761115061,0.04522643341851881
2015-04-23,0.04138072063927183,False,0.048132167345172124,0.0551433163955791,0.03403204263394346,0.04267755443794569
2015-04-24,0.004776318585102098,False,0.05296242121313873,0.06067716687445161,0.037447293071110783,0.046960416269637546
2015-04-27,-0.0015895727397262404,False,0.050839677015488936,0.05824521416227807,0.03594639824297419,0.04507823360365961
2015-04-28,-0.003985021612202461,False,0.04782355380311128,0.05478974881006441,0.033813836186984435,0.04240391475022633
2015-04-29,0.021489213704827183,False,0.04530453392653284,0.051903797112423884,0.032032753045211734,0.040170364635144576
2015-04-30,-0.0010948620785571034,False,0.04656295429715554,0.053345524682226524,0.0329225242328944,0.041286173601068
2015-05-01,0.0035929117772823312,False,0.04409940292351369,0.0505231212803751,0.03118066031936135,0.039101805980443466
2015-05-04,0.007611687235580705,False,0.042271410266989946,0.04842885495106976,0.02988817075463387,0.03748097192259832
2015-05-05,0.012609731898139253,False,0.04109734823145674,0.047083773732741065,0.029058045467284473,0.03643996132202291
2015-05-06,0.011848839824608564,False,0.041085312103625024,0.047069984368126705,0.0290495352746605,0.036429289197140675
2015-05-07,-0.019672765598704667,False,0.040374279375079924,0.04625537939851053,0.028546796722323044,0.03579883477022844
2015-05-08,-0.017243145670298037,False,0.041581726225456424,0.04763870841471024,0.0294005268773678,0.03686944682719906
2015-05-11,-0.01579312673959702,False,0.04211320642777583,0.04824760642556254,0.029776312093410955,0.03734069664864414
2015-05-12,0.03549743347379548,False,0.04233220659696094,0.04849850714926061,0.029931157044420547,0.037534878464212315
2015-05-13,0.018871355953168596,False,0.04632899855571897,0.05307748989002445,0.03275710488433428,0.04107873106436223
2015-05-14,-0.011371512120962372,False,0.046907770200563595,0.053740568028675065,0.033166327705143855,0.04159191299117762
2015-05-15,-0.013664141360608088,False,0.04603052160427203,0.05273553543672936,0.03254606555456451,0.040814079230745474
2015-05-18,0.007085673514960085,False,0.045553279056057605,0.05218877558183036,0.032208629290140935,0.04039092054176597
2015-05-19,-0.025967407912645915,False,0.04424373591013925,0.05068847846221018,0.031282711538436946,0.03922978232627742
2015-05-20,0.0006299212806720389,False,0.04585342173673446,0.052532638402004006,0.032420846380466606,0.040657049334634925
2015-05-21,0.01840638456797465,False,0.04358890718245385,0.04993826442225811,0.03081971225110575,0.03864916254090788
2015-05-22,0.0,False,0.04418530713435251,0.050621538686847295,0.031241399237364697,0.039177975034046034
2015-05-27,-0.004878058453432855,False,0.041911685611642456,0.048016731176487505,0.029633825989323938,0.03716201332571719
2015-05-28,-0.020252606272146763,False,0.04035996611861369,0.04623898120841225,0.028536676476733518,0.035786143573972064
2015-05-29,0.0493286245026676,False,0.04121387263322089,0.04721727160555045,0.02914043451451548,0.03654328051112104
2015-06-01,-0.004602086992471623,False,0.04733529306320913,0.05423036580387481,0.03346860946578429,0.04197098651415397
2015-06-02,0.004285380734875893,False,0.04549028540535577,0.05211660599123924,0.03216408937588819,0.040335065692392716
2015-06-03,-0.005717931716038053,False,0.043743888134839114,0.05011582060067372,0.03092929215722551,0.038786580164029534
2015-06-04,-0.03964131768289244,False,0.04236006338968734,0.048530421688326796,0.029950853301830088,0.03755957836562174
2015-06-05,0.00033140016873301327,False,0.0463740268803456,0.0531290772439419,0.03278894234248237,0.041118656521317486
2015-06-08,0.015942485738244222,False,0.044016372973573484,0.05042799681263552,0.0311219536590941,0.03902818546003055
2015-06-09,0.030509752432629548,False,0.04416940294373394,0.05060331781993712,0.031230154115379896,0.03916387319740843
2015-06-10,0.02267316263838442,False,0.04670607650939394,0.053509494722804585,0.03302371936906669,0.041413076384403745
2015-06-11,-0.014326000226946635,False,0.04772707399970888,0.054679215322414695,0.03374561975369651,0.042318368590787046
2015-06-12,-0.00897997369659569,False,0.04726346811491182,0.05414807850896344,0.033417825347024255,0.041907301180414906
2015-06-15,-0.03543614447699886,False,0.04594136648794767,0.052633393583184675,0.032483028070754025,0.040735027682888336
2015-06-16,-0.003942834087707113,False,0.0489910579871871,0.05612731693065131,0.03463932471906819,0.04343911067263524
2015-06-17,0.0,False,0.04679998178509878,0.05361707866541558,0.03309011547218461,0.04149633977637118
2015-06-18,0.01015403418034782,False,0.04433479428060654,0.050792800806498874,0.031347094725749015,0.03931052144061606
2015-06-19,-0.032458554033355555,False,0.04353228497026607,0.0498733943627136,0.030779677288096843,0.03859895708214034
2015-06-22,0.018841741225922456,False,0.04686394981082066,0.05369036456289628,0.033135344322216743,0.04155305857900593
2015-06-23,0.018493285409829006,False,0.047346976843978955,0.05424375149696164,0.03347687053000009,0.04198134622196162
2015-06-24,-0.0006488240292496843,False,0.047695049378961345,0.054642525850659436,0.0337229766167108,0.042289973183501396
2015-06-25,-0.022812181482513592,False,0.0453525959799008,0.051958860101723424,0.032066735513475914,0.04021298002132282
2015-06-26,-0.001661405931255127,False,0.04640929460897672,0.05316948222933374,0.03281387853194937,0.04114992750892466
2015-06-29,-0.018629388307785027,False,0.0441617977610641,0.05059460483198456,0.031224776840365398,0.03915712987760164
2015-06-30,0.021452138210297424,False,0.04456097209500992,0.05105192470366028,0.03150701465969731,0.03951106748953243
2015-07-01,0.021975302147457732,False,0.04558078389608494,0.052220286901176534,0.03222807669797814,0.04041530837577219
2015-07-02,0.001296806795451228,False,0.046804595664030405,0.05362236462280688,0.03309337773385221,0.04150043078411372
2015-07-03,-0.044216160090027774,False,0.044633789567675414,0.051135349098525434,0.03155850054680637,0.039575632869093026
2015-07-06,-0.03217481838855191,False,0.04952672896227979,0.056741016161181115,0.035018073037866866,0.04391407634447795
2015-07-07,-0.044149784612929746,False,0.051964448302095324,0.05953382471839963,0.03674167230791952,0.04607553936531667
2015-07-08,0.01775087361894338,False,0.05636929558725634,0.06458030196879931,0.03985613730862442,0.0499812041249185
2015-07-09,0.03752752523688838,False,0.05617890084600885,0.06436217346896733,0.03972151794056342,0.0498123860063406
2015-07-10,-0.0019039382644567959,False,0.059415456602475436,0.0680701805659856,0.042009937714003236,0.05268215672531705
2015-07-13,-0.001560468457095109,False,0.05620917532054742,0.06439685786030624,0.03974292362962845,0.04983922960401063
2015-07-14,-0.0074893670628227715,False,0.05319438413014781,0.06094291855841263,0.03761130338513913,0.04716609182019495
2015-07-15,0.0024445620694715734,False,0.05130521439823031,0.05877856382439446,0.036275558323041475,0.045491013623565286
2015-07-16,-0.0005233318915776881,False,0.04897192045292881,0.05610539173665227,0.034625793448450015,0.04342214191337993
2015-07-17,-0.016360642877679632,False,0.04630396896358333,0.05304881437436588,0.032739407610480775,0.04105653796897827
2015-07-20,0.000709219887883662,False,0.04619805284563958,0.052927470035947055,0.03266451919301904,0.040962624872213194
2015-07-21,-0.00854401780003661,False,0.04383995987522838,0.050225886585007394,0.03099722006791771,0.038871764504493735
2015-07-22,0.007479999256665922,False,0.042700759635231046,0.048920745288925815,0.030191743953406593,0.03786166496109381
2015-07-23,-0.01070292057821105,False,0.04158774449945616,0.04764560333770307,0.029404782122220436,0.03687478307591615
2015-07-24,-0.02671671853490873,False,0.040831152790035234,0.046778803060132455,0.028869830909098223,0.03620393267280525
2015-07-27,-0.004060544523446261,False,0.04286522743200473,0.04910917020836351,0.0303080315710319,0.03800749432505662
2015-07-28,0.004244723545976165,False,0.040943143476351446,0.046907106816009604,0.028949014374575394,0.036303231933059364
2015-07-29,0.007887778215937133,False,0.03968223628338193,0.0454625301820768,0.02805748486914396,0.035185217965742116
2015-07-30,-0.008071957238467008,False,0.038750971835756605,0.04439561354574318,0.027399030593487077,0.03435948973965508
2015-07-31,-0.01859135160866886,False,0.037735503570656234,0.043232227583284204,0.026681039669798103,0.03345910015501331
2015-08-03,-0.07397806734489616,False,0.03857520883521511,0.04419424811210314,0.02727475665657911,0.03420364520911498
2015-08-04,-0.008319009121084037,False,0.05007279973934721,0.057366630075847865,0.035404174578506774,0.04439826325316499
2015-08-05,-0.0008153282147546764,False,0.04857528426056859,0.055650979723737774,0.0343453502323412,0.043070454806291646
2015-08-06,-0.025610652130545655,False,0.04630827012630428,0.05305374206388979,0.032742448764893066,0.04106035169930239
2015-08-07,-0.0054541775653623465,False,0.04786438560035574,0.05483652835145312,0.03384270647355763,0.04244011925432029
2015-08-10,0.015860098726479005,False,0.0460762969673496,0.05278797864609507,0.032578431209255854,0.04085466706747532
2015-08-11,-0.020287216740370338,False,0.046229606106260326,0.052963619487128924,0.03268682905293007,0.0409906023366016
2015-08-12,0.020080155967293848,False,0.046897847867769515,0.05372920036403778,0.03315931207980842,0.041583115113971426
2015-08-13,-0.005815177342601586,False,0.047640856112377145,0.05458043854791383,0.03368465904946643,0.0422419214083085
2015-08-14,-0.004592909952782061,False,0.04593312010860647,0.052623945998955424,0.03247719743505248,0.0407277158304898
2015-08-17,-0.00041858518819630117,False,0.044135366336570635,0.050564323286730696,0.03120608839530148,0.03913369381353241
2015-08-18,-0.01625022569181193,False,0.041660269976987595,0.04772869320410314,0.029456061552994798,0.03693908955090384
2015-08-19,-0.02695580998852822,False,0.04197529834019476,0.048089610022606984,0.02967880362506239,0.03721841709549278
2015-08-20,-0.002626396782219133,False,0.04403727438066155,0.050451942813153315,0.031136732083095444,0.039046718199943
2015-08-21,-0.04001875229955105,False,0.04205299327928392,0.04817862235770098,0.02973373814443614,0.037287307199043516
2015-08-24,-0.052686888884939796,False,0.046294960062431556,0.05303849319595256,0.032733037830664224,0.041048550008108496
2015-08-25,0.006470963263033206,False,0.05257669120173269,0.06023524968610444,0.03717456111413858,0.046618399392606515
2015-08-26,-0.002391773443470424,False,0.0508284511864059,0.05823235312819062,0.03593846097534159,0.04506827994983042
2015-08-27,0.06265096496166728,False,0.04842669419926468,0.05548074536248494,0.03424028903148127,0.042938703821866646
2015-08-28,0.07598590697792205,False,0.05680106751083047,0.06507496774234803,0.04016142338489516,0.05036404518090015
2015-09-02,-0.02342804364236712,False,0.0680028026978289,0.07790839830794886,0.04808165533132367,0.060296335572359736
2015-09-03,0.05588729887780514,False,0.06779007394835007,0.077664682527298,0.04793124461285734,0.06010771446329369
2015-09-04,-0.03677181967672771,False,0.07416750233510276,0.08497107595851183,0.0524404310202851,0.06576241613500301
2015-09-07,-0.04568734757152069,False,0.07605389518453622,0.08713224931679196,0.05377421267644659,0.06743503214137786
2015-09-08,0.051637914017048876,False,0.07958319067127387,0.09117563793636106,0.05626961525433378,0.07056436764756198
2015-09-09,-0.017334317651557147,False,0.08436670260478321,0.09665593783933212,0.05965181661862568,0.0748057846085496
2015-09-10,-0.00563616980991224,False,0.08202436915599036,0.09397240951316195,0.05799566032671031,0.0727288978031873
2015-09-11,-0.019020015467255798,False,0.07794461001277622,0.08929837421284674,0.055111050205117466,0.06911148033516437
2015-09-14,-0.021566503325534097,False,0.07635353516968321,0.08747553621653273,0.05398607433387473,0.06770071520705388
2015-09-15,0.00087164965205011,False,0.07529609896800686,0.0862640690781632,0.05323840981172571,0.06676311373280354
2015-09-16,0.07225480761835996,False,0.07110962608427368,0.08146777563154435,0.05027834731041916,0.06305107593659931
2015-09-17,-0.02212751620708899,False,0.08073572729504243,0.09249605825415372,0.05708452091266389,0.07158629221933263
2015-09-18,-0.020722876574558815,False,0.07964319385680925,0.09124438145711282,0.056312040748155164,0.07061757092841098
2015-09-21,0.007585371389256564,False,0.07848777902215143,0.08992066367522338,0.05549510003923215,0.06959309432109556
2015-09-22,-0.02014273550425379,False,0.07525036369530752,0.0862116717989214,0.053206072503097626,0.06672256144318062
2015-09-23,0.027671001925045256,False,0.07409490152204622,0.08488789978287355,0.05238909832322451,0.06569804286194345
2015-09-24,-0.019777627608674457,False,0.0747828370776248,0.08567604314091086,0.0528755059264592,0.06630801761983159
2015-09-25,0.00466398979862628,False,0.07359362317145274,0.08431360296198037,0.052034667447994426,0.06525357224538886
2015-09-28,-0.026576789244160924,False,0.07016103663116413,0.08038101035111954,0.0496076433199085,0.06220998607388809
2015-09-29,0.03290192102112977,False,0.07042722512324097,0.08068597306211053,0.049795852964532636,0.06244600856130063
2015-09-30,-0.00611364821902723,False,0.07204574791590375,0.08254025720039194,0.05094023601898559,0.06388111108011231
2015-10-01,0.004009713085682876,False,0.06886273421628783,0.07889359133823254,0.04868967337232721,0.06105881472541241
2015-10-02,-0.01978156601839119,False,0.06561546794624361,0.07517331358581796,0.04639368068715684,0.05817954726960735
2015-10-05,0.060435054345645174,False,0.0649435374457386,0.07440350665151824,0.0459185895225258,0.057583763782274
2015-10-06,0.0375081173742733,False,0.07238205829760819,0.08292555607240101,0.05117802562788322,0.06417930884295785
2015-10-07,0.006213612224699972,False,0.07470612271275053,0.08558815421490404,0.0528212647260305,0.06623999696620893
2015-10-08,0.009056811112320304,False,0.0714447626380681,0.08185172969056435,0.0505153069595688,0.06334823289643733
2015-10-09,-0.000959600879700888,False,0.06878469686039809,0.07880418670835909,0.04863449674577652,0.06098962100969431
2015-10-12,-0.02193623823157988,False,0.06477856613357619,0.07421450487236445,0.04580194589231845,0.05743748796417048
2015-10-13,-0.040249701654208346,False,0.06439490245608664,0.07377495500947176,0.04553067494505807,0.05709730325226045
2015-10-14,-0.014199230229530624,False,0.06748903045454333,0.07731978767748232,0.047718390598982766,0.059840786942598624
2015-10-15,-0.007906824380577373,False,0.06611886567492534,0.07575003850299117,0.046749610077193846,0.05862589708418529
2015-10-16,0.02251463479965312,False,0.063313243416493,0.07253573662512795,0.04476588356787249,0.056138224010835354
2015-10-19,-0.030063423005240692,False,0.0636250137341089,0.07289292081639352,0.044986322025692464,0.05641466273022169
2015-10-20,-0.012283085392503588,False,0.06480768798384592,0.0742478687429737,0.04582253661375535,0.05746330955955609
2015-10-21,-0.004484791286354731,False,0.06279643533812466,0.07194364794611867,0.04440047233611832,0.05567998358421249
2015-10-22,-0.0027864126912661453,False,0.05956520591158186,0.06824174303631561,0.042115818565687434,0.052814935584943344
2015-10-23,-0.006243964736517149,False,0.05667495685967019,0.06493048724372612,0.04007225634144783,0.050252226111098024
2015-10-26,0.005814595902097431,False,0.05399474015296294,0.06185985805707887,0.038177198332180404,0.04787574691402186
2015-10-27,-0.022365496358692286,False,0.052037173198582164,0.05961714305202151,0.03679309273866888,0.046140022659961456
2015-10-28,0.04424170060178082,False,0.05269215891123714,0.06036753694408339,0.037256203022854616,0.0467207816398646
2015-10-29,0.00920123597440844,False,0.05783615502123558,0.06626083077806082,0.04089328617493639,0.05128183064558862
2015-10-30,-0.0008329863038918846,False,0.05648679166314174,0.06471491305417437,0.03993921338195345,0.05008538487246065
2015-11-02,-0.0018767600128602431,False,0.05311961527599208,0.06085725853500921,0.03755843776589387,0.047099796200872214
2015-11-03,0.0018767600128601842,False,0.05014350919631946,0.0574476393919258,0.03545416998463602,0.044460959509445536
2015-11-04,-0.021904835388049864,False,0.047526226094816305,0.05444911100387331,0.0336036094342105,0.04214028192094462
2015-11-05,0.004885830218455101,False,0.04842974551135005,0.05548424114248044,0.034242446473971525,0.042941409341788424
2015-11-06,-0.023585999005879113,False,0.04638719313249746,0.05314416135189297,0.03279825159405518,0.04113033069835848
2015-11-09,-0.015524527380721265,False,0.04775865628582368,0.05471539802707528,0.03376795013619993,0.04234637179133427
2015-11-10,0.023089677477994976,False,0.047507784898221495,0.054427983579229254,0.03359057051193977,0.042123930586380115
2015-11-11,-0.03194321029852116,False,0.04892152254787293,0.05604765264495003,0.034590159406849036,0.04337745538760693
2015-11-12,0.0,False,0.05174259214295068,0.059279651988335604,0.03658480801771483,0.045878825216930444
2015-11-13,-0.06902463213868265,False,0.04871974940700894,0.05581648831638362,0.03444749489554573,0.043198548334833164
2015-11-16,-0.04133824654212527,False,0.05945588371648018,0.06811649647614475,0.042038521867663096,0.05271800240719407
2015-11-17,0.024523053322945812,False,0.06326453314550048,0.07247993099589475,0.044731442774728056,0.056095033866766786
2015-11-18,0.00410976040799664,False,0.0638355764761705,0.07313415507919652,0.04513520125989713,0.056601363296238036
2015-11-19,0.01840616083887051,False,0.061131495770324944,0.07003618575543244,0.043223270113996,0.0542037245051002
2015-11-20,0.006374711706545732,False,0.06076064393626595,0.06961131396699327,0.04296105783219569,0.05387489972513624
2015-11-23,0.02807934797482429,False,0.058505623520958776,0.06702781708541672,0.04136663657200608,0.05187543114017122
2015-11-24,0.015440815402903431,False,0.06002894201927296,0.06877302904151623,0.04244370504698102,0.05322611846060526
2015-11-25,-0.018649619439688167,False,0.05922787559572964,0.06785527566194076,0.041877307808245806,0.052515833472729895
2015-11-26,-0.0002295947662479865,False,0.05879004389562831,0.06735366741742602,0.04156773714259335,0.05212761936880783
2015-11-27,-0.011083004232492463,False,0.05564237270911218,0.06374749221857083,0.03934216356206151,0.04933666031117941
2015-11-30,0.015207666358810022,False,0.05432962366636954,0.062243522216704456,0.03841397906810547,0.048172679509458256
2015-12-01,-0.01753216763792543,False,0.053779041244308594,0.06161273947044201,0.038024687550715336,0.04768449224123131
2015-12-02,-0.024739157774116904,False,0.053473570387348415,0.06126277234774453,0.03780870315190478,0.04741363909153553
2015-12-03,0.0019065782705814474,False,0.05452720954609115,0.06246988934874428,0.03855368295956602,0.04834787382550715
2015-12-04,-0.013423020332140774,False,0.05190063182854187,0.05946071244886122,0.03669655061345801,0.04601895494009052
2015-12-07,-0.0431473311562536,False,0.05115498172030115,0.058606447575554194,0.03616933570348579,0.045357806173240006
2015-12-08,-0.006318737060539364,False,0.05582329055370414,0.06395476337414535,0.03947008225220153,0.04949707550931496
2015-12-09,-0.010193768189542944,False,0.05362194523666131,0.061432760148254995,0.03791361218626032,0.04754519925302508
2015-12-10,-0.010039986511460784,False,0.05241535425899584,0.0600504116750539,0.03706048717946044,0.046475346076367385
2015-12-11,-0.04389916918906827,False,0.05095775027115163,0.0583804865020456,0.03602988241358768,0.045182926121660576
2015-12-14,-0.01306141017681726,False,0.055732407260158025,0.06385064160927353,0.03940582285373119,0.049416491631177936
2015-12-15,0.03101232756146076,False,0.054719036144557406,0.06268965827658944,0.03868931472803619,0.04851796153504202
2015-12-16,-0.018762276455522777,False,0.0570011275435603,0.0653041694237063,0.040302876636197645,0.050541433264766296
2015-12-17,-0.018294025548504535,False,0.05675941131531923,0.06502724371711478,0.040131970204209576,0.050327109704073204
2015-12-18,0.012868076262507213,False,0.05652552797695222,0.06475929187454062,0.039966602048531176,0.05011973136530642
2015-12-21,-0.03939483059593584,False,0.055567176782700324,0.06366134291363612,0.039288995979658764,0.0492699860178749
2015-12-22,-0.0022662899218263027,False,0.059114713310324016,0.06772562964655528,0.04179729595891725,0.05241549538570617
2015-12-23,0.01491934780821023,False,0.05609444451609259,0.0642654148482972,0.0396618027525935,0.04973750075150091
2015-12-24,0.039177726436170186,False,0.05544565123235552,0.06352211540233887,0.0392030708501962,0.04916223243900013
2015-12-29,-0.006222122062308655,False,0.05928054102696443,0.06791561257793423,0.04191454511335746,0.0525625305556267
2015-12-30,-0.033106471775040745,False,0.056908815049391416,0.06519841027438908,0.040237606715675014,0.05045958215120762
2015-12-31,0.02657228027183998,False,0.05923786676144092,0.06786672218600909,0.04188437210217237,0.05252469238231283
2016-01-05,-0.020045214601232035,False,0.0604625941940322,0.06926984895213632,0.04275032056241945,0.05361062668693754
2016-01-06,-0.04810142502674396,False,0.06026601096180338,0.069044630517755,0.04261132559690393,0.05343632139262434
2016-01-07,-0.009487174627016365,False,0.06513344210497768,0.07462107368178132,0.04605286237613037,0.0577521473577439
2016-01-08,-0.0582629504413951,False,0.06294881231381436,0.0721182208408234,0.04450821109003551,0.05581509232819343
2016-01-11,-0.049516667352199034,False,0.06955815792803327,0.07969031361111006,0.04918137550651647,0.06167542903871802
2016-01-12,-0.033741392431290665,False,0.07408990850911706,0.08488217946511299,0.0523855679933381,0.06569361568583967
2016-01-13,-0.01940462826533746,False,0.07547296308785942,0.08646669602513019,0.05336346229947413,0.06691993459750713
2016-01-14,0.009056139915027048,False,0.07430791613657693,0.08513194306897186,0.05253971116372628,0.06588691744019624
2016-01-15,-0.0013879252748480802,False,0.07174818192098507,0.08219934639767051,0.05072984078469536,0.06361726696821202
2016-01-18,-0.05129329438755058,False,0.06786525492743349,0.07775081470760883,0.04798440162669135,0.06017437550318663
2016-01-19,0.0,False,0.07289068514924957,0.08350827181021957,0.051537652290353966,0.06463029518632897
2016-01-20,-0.05060101329378949,False,0.06890928526671691,0.07894692322507547,0.04872258747988227,0.06110009034415991
2016-01-21,0.05897230876863453,False,0.07375854585865568,0.08450254903324333,0.052151276697728496,0.06539980494899185
2016-01-22,0.09896095923782106,False,0.08028764049931975,0.09198270111043691,0.056767699340379736,0.07118898518596677
2016-01-25,-0.021235038130423378,False,0.09541297519451256,0.10931126042306273,0.06746212810998088,0.08460023031476083
2016-01-26,0.036870535808327796,False,0.09329013173084605,0.1068791939853358,0.06596116309540767,0.08271795963215979
2016-01-27,0.028359396149081298,False,0.09444708862780832,0.108204678453295,0.06677919412568922,0.08374380354644628
2016-01-28,0.03640130457110019,False,0.09391667692717176,0.10759700458691024,0.06640416439806121,0.08327350113795293
2016-01-29,0.003930466133315384,False,0.09499412041850784,0.10883139336718324,0.0671659751548854,0.0842288425611959
2016-02-01,-0.021040568848317814,False,0.0901536095323221,0.10328579178645661,0.06374347245170588,0.07993688609534225
2016-02-02,-0.04635860816137645,False,0.08835710737586526,0.10122760300579334,0.062473248371787256,0.07834397385371714
2016-02-03,0.0441991132607666,False,0.0912889457340926,0.10458650619103796,0.06454621648243752,0.08094355949546064
2016-02-04,0.011667310735379448,False,0.09386464231011571,0.10753739037234003,0.06636737311265341,0.08322736338175876
2016-02-05,-0.012594238037958946,False,0.09042697328488634,0.10359897493880939,0.06393675539313516,0.08017927070162349
2016-02-08,-0.02219187804745647,False,0.08721907441400345,0.09992379901885658,0.061668597585979694,0.07733490930580819
2016-02-09,-0.04823721972625878,False,0.08575043228269674,0.09824122783651718,0.060630188256347695,0.07603270211328314
2016-02-10,-0.0170601227453083,False,0.08922474814827648,0.10222162825480545,0.0630867172718244,0.0791132886039052
2016-02-11,-0.028055209856510093,False,0.08675443362746073,0.0993914765551937,0.061340071447863104,0.07692292427468418
2016-02-12,0.09839669921475523,False,0.08643665192635265,0.09902740533514531,0.06111538261715159,0.07664115541621652
2016-02-17,0.06596481131799278,False,0.10080259551790569,0.11548595720356666,0.07127288085068167,0.0893790679910688
2016-02-18,-0.00030115946621232006,False,0.10712313845371152,0.12272717899192945,0.07574184617107649,0.09498333079697553
2016-02-19,-0.047495821469576815,False,0.10104748638642785,0.11576651998289186,0.07144603192485713,0.08959620642362182
2016-02-22,0.0591743491713353,False,0.10347264381161532,0.11854493680021837,0.07316074924261538,0.09174653111795346
2016-02-23,-0.05162239383340264,False,0.10824730311535811,0.12401509455935765,0.07653669131940258,0.09598009867988803
2016-02-24,-0.012618463959211462,False,0.1110189618798691,0.12719048566726168,0.0784964038036575,0.09843765719699252
2016-02-25,0.04135518568191386,False,0.10651540807633547,0.1220309238608749,0.07531214796188336,0.09444447190707636
2016-02-26,0.0854872187918121,False,0.10763881046909893,0.12331796612388905,0.07610645414492781,0.0954405639057819
2016-02-29,0.004464293128685528,False,0.11761174663430764,0.13474360524807819,0.08315785879757998,0.10428330981922856
2016-03-01,-0.005303571398680555,False,0.11153154931694581,0.12777773890729174,0.07885883081400007,0.098892155289571
2016-03-02,0.018028501054657916,False,0.10578607203665795,0.12119534943709673,0.07479646797974629,0.0937977884050916
2016-03-03,-0.017468903949959647,False,0.10271645339879808,0.11767859627392857,0.07262608176787186,0.09107603653421646
2016-03-04,0.05071970334222827,False,0.0994608664702107,0.11394878583823848,0.07032420592759125,0.08818939136455554
2016-03-07,0.036804362712720216,False,0.10289035880612599,0.11787783352893132,0.07274904228602211,0.09123023398464634
2016-03-08,0.0035814824673443602,False,0.103347159505,0.11840117388231886,0.07307202505859935,0.09163526741174471
2016-03-09,0.02770260254933575,False,0.09797492809155037,0.1122463989589778,0.06927356721665746,0.08687184803450082
2016-03-10,-0.04132924353345543,False,0.09711706569513388,0.11126357644840558,0.06866701215672141,0.08611120351872871
2016-03-11,0.01999041452872216,False,0.09857508543475499,0.11293397793347376,0.06969791088156127,0.0874039921098396
2016-03-14,-0.03485572933890869,False,0.09623944687724735,0.11025811970671398,0.06804648823947335,0.08533304149233337
2016-03-15,-0.015089631120182771,False,0.09651380273437549,0.11057243947806569,0.06824047265242734,0.0855763057722065
2016-03-16,0.02346225983173328,False,0.09316113270672775,0.10673140438029552,0.06586995381623584,0.082603579516368
2016-03-17,0.02343354299081438,False,0.09170128495479693,0.10505890860638205,0.06483776258793539,0.08130917007377327
2016-03-18,-0.0007638447220534427,False,0.09027099409900932,0.10342027511969966,0.06382646968200757,0.0800409679705473
2016-03-21,0.01642073021232749,False,0.08481856060870835,0.09717361552248382,0.059971304638846964,0.07520643547520273
2016-03-22,0.015662221963211428,False,0.08249486118364624,0.09451143553616584,0.05832832360840485,0.0731460709792653
2016-03-23,-0.04283849760072972,False,0.08007785678323812,0.09174235935005928,0.05661937091962947,0.07100297536224405
2016-03-24,-0.013217764030660599,False,0.08310271443141855,0.09520783143547394,0.058758108693606155,0.0736850388151836
2016-03-29,-0.042094653733617975,False,0.08009952895292707,0.09176718838594222,0.05663469431442978,0.07102219151752448
2016-03-30,0.0,False,0.08279676402684244,0.09485731491208725,0.05854178522872376,0.0734137604629546
2016-03-31,0.0,False,0.07779958396183588,0.08913222301181617,0.0550085089521288,0.0689828894670337
2016-04-01,-0.009020151359383784,False,0.07307821193991086,0.08372311460081999,0.05167024386241065,0.06479657036690886
2016-04-04,-0.010211210568503899,False,0.0698111024731866,0.0799801032020067,0.0493602209651668,0.061899708459134464
2016-04-05,-0.0047268265403625775,False,0.06688577438695423,0.07662865860440193,0.0472918559685318,0.059305895308072266
2016-04-06,0.05133509953377004,False,0.06316664746403931,0.07236778684363372,0.04466223230970059,0.05600824115142329
2016-04-07,-0.016551365560597473,False,0.0701857685866076,0.08040934487498008,0.049625130148540954,0.062231915262474735
2016-04-08,0.09150999135111942,False,0.06856007452124838,0.07854684486400747,0.04847567661686649,0.06079045416066601
2016-04-11,0.02114551991497925,False,0.0842438600363619,0.0965152014671525,0.05956496028623165,0.0746968632636307
2016-04-12,0.03404584140971728,False,0.08309572135212277,0.09519981971263958,0.058753164208745746,0.07367883823169036
2016-04-13,-0.004893403682729236,False,0.08434645550114366,0.09663274145106056,0.05963750082251091,0.07478783202267097
2016-04-14,0.004893403682729357,False,0.08015411555162291,0.09182972631533269,0.05667328998872669,0.0710705920501811
2016-04-15,-0.0403184795881462,False,0.07644155351118612,0.0875763757074973,0.05404830805647264,0.06777875880592382
2016-04-18,0.0077145994953303825,False,0.07900252266567911,0.09051038720448198,0.055859051604023734,0.07004950426645912
2016-04-19,0.03260388009281588,False,0.07570445331586927,0.0867319061660758,0.0535271383968432,0.06712519102689028
2016-04-20,0.001625827788162602,False,0.0771399607994709,0.0883765161581585,0.05454211974046175,0.06839801857978527
2016-04-21,0.009010110625261919,False,0.07303263753310484,0.08367090161992465,0.051638020294659866,0.06475616071293479
2016-04-22,0.011206520939710028,False,0.07029386720327069,0.08053318962474647,0.04970156171050587,0.062327763524702796
2016-04-25,-0.023005385405814975,False,0.0681700725126788,0.07810003340008072,0.04819992412710676,0.06044464941366025
2016-04-26,0.022322869169560337,False,0.06800051602745502,0.0779057785508327,0.048080038531832896,0.06029430804057079
2016-04-27,0.005220758651971116,False,0.06783930395931158,0.07772108360417325,0.047966052890238586,0.060151365447420856
2016-04-28,0.03186189091190527,False,0.06482106249277474,0.07426319144332519,0.045831993114120465,0.05747516839252319
2016-04-29,0.0008768084735343862,False,0.06693268633463062,0.07668240395841644,0.047325025249938035,0.05934749092512378
2016-05-02,0.003936152031474487,False,0.06318243102222867,0.07238586950624981,0.04467339213804083,0.05602223602638957
2016-05-03,-0.061429725397602726,False,0.0601514357387671,0.06891336574985717,0.04253031472433711,0.05333473049015564
2016-05-04,-0.0002320993395589187,False,0.06874279198272203,0.07875617777679285,0.04860486773336544,0.06095246503278991
2016-05-05,0.029955366557756116,False,0.06489089881654378,0.074343200441671,0.045881371167904375,0.057537090464056466
2016-05-06,0.004719640180074468,False,0.06652471945112808,0.0762150107746737,0.04703657062305558,0.05898575718571624
2016-05-09,-0.049878199811784915,False,0.06358096209843452,0.07284245242035567,0.04495517513939884,0.05637560327823209
2016-05-10,0.03656122160876648,False,0.06892127996270658,0.07896066512269839,0.04873106837795557,0.06111072573249375
2016-05-11,0.04596213556463585,False,0.07143000756439415,0.0818348253261669,0.05050487432534443,0.06333514995223
2016-05-12,0.0075667856441945895,False,0.07554960132496182,0.08655449773424977,0.05341764967345534,0.06698788775059308
2016-05-13,0.013265063999558223,False,0.07262877638382029,0.08320821223020378,0.05135246864368016,0.06439806742242579
2016-05-16,0.0301467250858723,False,0.07083348222709177,0.08115140741196934,0.05008309868483116,0.06280622628308027
2016-05-17,0.004526756701190284,False,0.07207857102790405,0.08257786147524498,0.05096344373242518,0.06391021448904816
2016-05-18,0.004506357482580851,False,0.06887395436413253,0.0789064458635268,0.04869760662301737,0.061068763341833726
2016-05-19,-0.04003036026499303,False,0.06582430600652076,0.07541257194189228,0.04654134047816466,0.05836471860465811
2016-05-20,0.0320278552624161,False,0.06897701693228761,0.07902452099119682,0.04877047742661664,0.06116014626941748
2016-05-23,-0.01599037289658472,False,0.07060296272294199,0.08088730939490889,0.04992010894167413,0.06260183056956901
2016-05-24,0.013515124108041916,False,0.06919039589650691,0.07926898169980619,0.04892134788203207,0.061349343907165135
2016-05-25,0.009250759772150997,False,0.06758252092535205,0.07742689639284113,0.04778449341262947,0.05992368253773679
2016-05-26,0.013212917094277358,False,0.06534830510474252,0.07486723459726156,0.046204782124850914,0.05794266085162843
2016-05-27,-0.008721280306379493,False,0.06389971645849758,0.07320763798125876,0.045180551692539025,0.0566582345683705
2016-06-01,-0.009177182793335625,False,0.06161218004327163,0.07058688867224461,0.04356313986374307,0.05462993488285092
2016-06-02,0.0049049761123159405,False,0.059502081625344615,0.06816942378122653,0.04207118628505363,0.05275896490440186
2016-06-03,-0.011276388067934497,False,0.0570456288433376,0.06535515298395274,0.04033434145930495,0.050580891422346966
2016-06-06,0.009031260071088015,False,0.055542835908723255,0.06363345643793607,0.03927178566675109,0.04924840359116276
2016-06-07,0.016616390416398303,False,0.053910893905237664,0.06176379838592923,0.03811791450527896,0.04780140260336468
2016-06-08,0.019306003147674576,False,0.053672306473906445,0.06149045723094744,0.03794922030173814,0.04758985326639369
2016-06-09,-0.002763523274753727,False,0.05396441916015311,0.06182512037140705,0.038155759752184465,0.047848862069797535
2016-06-10,-0.01774899520126173,False,0.05114506556290933,0.05859508698585616,0.03616232444449337,0.045349013771604114
2016-06-13,-0.006864553505450691,False,0.051104485396595574,0.05854859572909689,0.03613363207458244,0.04531303238218243
2016-06-14,-0.030442498907359866,False,0.04908184303654136,0.056231326140638235,0.034703514653587286,0.043519607440174975
2016-06-15,-0.008599948126545798,False,0.05158113350543053,0.05909467455588957,0.03647064803825039,0.045735663997057925
2016-06-16,-0.03887529146157722,False,0.049866875957706884,0.05713071050540896,0.03525857533993791,0.04421567593400277
2016-06-17,0.0197339158926364,False,0.053915840101642645,0.06176946506765912,0.03812141173335354,0.047805788268460964
2016-06-20,0.044311711125040495,False,0.05436065799136581,0.06227907714175323,0.03843592201249471,0.04820019684697965
2016-06-21,-0.010324270932601128,False,0.059257427074632295,0.06788913174283152,0.041898202300336695,0.05254203600877082
2016-06-22,0.005175459228412407,False,0.0574261736356453,0.06579112965075078,0.04060340718624524,0.050918310699009095
2016-06-23,0.004121168000556669,False,0.05521152589347915,0.06325388630836734,0.0390375315870837,0.048954639524607886
2016-06-24,-0.04071061543284886,False,0.052704414446658965,0.06038157767618915,0.0372648683484982,0.046731648307812054
2016-06-27,-0.03531317228028867,False,0.05718647782572471,0.06551651866574448,0.040433929299162036,0.05070577859125934
2016-06-28,0.026709118340622243,False,0.059973803299945457,0.06870985856710733,0.04240471899356942,0.05317722837678952
2016-06-29,0.04457385867940685,False,0.061205633993892235,0.07012112328774547,0.04327568984334567,0.05426946096050507
2016-06-30,-0.007257678306284528,False,0.06576796533732224,0.07534802443616143,0.04650150458125941,0.058314762782815596
2016-07-01,-0.0083595053160903,False,0.06310078850146096,0.0722923345668871,0.04461566646515384,0.05594984570372805
2016-07-04,0.007734960692896161,False,0.060853830100875334,0.06971807404953631,0.04302694548491944,0.05395752549979667
2016-07-05,-0.05083306579923228,False,0.058750214474313854,0.06730803626257596,0.04153957558995562,0.05209230364566182
2016-07-06,0.0013137729062842444,False,0.06444421840784138,0.07383145454566466,0.04556554398722305,0.05714103043787789
2016-07-07,0.005020200437542943,False,0.06106942758755397,0.06996507644061406,0.04317938455556841,0.05414869024433076
2016-07-08,-0.030955379004091007,False,0.05848019299252224,0.06699868223126343,0.041348655814527416,0.05185288254488456
2016-07-11,-0.011064807479131888,False,0.06036961163917005,0.06916332213805661,0.04268457687278693,0.0535281814478015
2016-07-12,0.05907402666549231,False,0.058685521350470934,0.0672339196459045,0.04149383405637878,0.05203494191717851
2016-07-13,-0.04487020315594428,False,0.06628601324924126,0.07594153354848035,0.046867792442315426,0.058774102537949346
2016-07-14,0.02955662880334991,False,0.0703913655648243,0.08064489003833154,0.049770498319433885,0.06241421281344924
2016-07-15,0.00520269979105711,False,0.07156433648987856,0.08198872121009716,0.050599852132727864,0.06345425595443512
2016-07-18,-0.019651287397288615,False,0.06838815275328758,0.07834988019424799,0.04835411863891411,0.06063801555222776
2016-07-19,0.00768812133901349,False,0.06767925739177819,0.07753772393021073,0.047852891320541296,0.06000945627367579
2016-07-20,0.0026223791251904524,False,0.06515960601306676,0.07465104874298217,0.046071361672643925,0.05777534622190003
2016-07-21,-0.018280434172268552,False,0.06198086048131009,0.07100927276930427,0.04382381685124807,0.054956834341829255
2016-07-22,-0.016810885639001585,False,0.06140649249877783,0.07035123975032277,0.04341770765759941,0.05444755702908859
2016-07-25,-0.010909199100353732,False,0.06080865914627693,0.06966632328952073,0.04299500717967579,0.053917473576515045
2016-07-26,-0.004580860048965925,False,0.05906002585938515,0.06766297617432818,0.041758628976636014,0.052367005429960374
2016-07-27,-0.018068594410500165,False,0.05682628662676303,0.06510386038869642,0.040179254662312036,0.05038640632215876
2016-07-28,-0.021501123623207698,False,0.056735060722240285,0.06499934610658453,0.0401147530193718,0.05030551865968348
2016-07-29,-0.026868371676527864,False,0.05709459583498781,0.065411252728935,0.040368963767823604,0.05062430919401779
2016-08-01,-0.014580759983333136,False,0.058318570099145296,0.06681351661671008,0.04123437969729836,0.05170957568356981
2016-08-02,-0.004240994257254623,False,0.05733728445507941,0.06568929247036914,0.04054055773338307,0.050839494949546996
2016-08-03,0.011187189390564376,False,0.05469524890370782,0.0626624060787206,0.03867249586365945,0.04849687000058012
2016-08-04,0.021521985019140166,False,0.05371025605246307,0.06153393471664677,0.037976052703988336,0.04762350218133104
2016-08-05,0.02720931580153884,False,0.054379674990130036,0.062300864242513306,0.038449368058006694,0.048217058730513504
2016-08-08,0.01796804844582776,False,0.05612600688831401,0.0643015747383167,0.039684119054898465,0.04976548629491121
2016-08-09,0.0030019650762672678,False,0.05611934739217284,0.06429394518986702,0.039679410431350065,0.04975958149101871
2016-08-10,-0.02758473171102751,False,0.053652225723382393,0.0614674514275381,0.03793502212626319,0.047572048181542655
2016-08-11,0.047220065743987974,False,0.05522116877853302,0.0632649338196435,0.03904434962776976,0.04896318962269249
2016-08-12,0.01992231530956815,False,0.060628329908283644,0.06945972647964249,0.04286750466620026,0.05375758028070683
2016-08-15,0.04739608245325344,False,0.06065266152710673,0.06948760235204102,0.04288470843521407,0.05377915450111206
2016-08-16,0.020088560029344834,False,0.06560922510260987,0.07516616138136319,0.046389266659440674,0.05817401190077353
2016-08-17,0.006401673901624826,False,0.06547164414111531,0.07500853975515848,0.046291989486908124,0.05805202240190675
2016-08-18,0.01795233851924374,False,0.0630110068867649,0.07218947495638615,0.04455218601314824,0.055870238655883316
2016-08-19,-0.00141628754073666,False,0.06256548462766492,0.0716790559112881,0.044237177706804395,0.055475205531160275
2016-08-22,-0.026465797440817923,False,0.05927364694838739,0.06790771427671079,0.04190967062735368,0.052556417753523675
2016-08-23,0.01239685297682872,False,0.060338452623152426,0.06912762435892872,0.04266254576510921,0.053500553549959536
2016-08-24,-0.023686958265963027,False,0.059130199196435425,0.06774337127683307,0.04180824531701676,0.052429226322499425
2016-08-25,0.03491729579551675,False,0.05974255320341599,0.06844492353627889,0.04224121268213,0.052972184865811914
2016-08-26,0.008290412461922657,False,0.062465290938102824,0.07156426755603408,0.04416633535536036,0.05538636636441425
2016-08-29,0.0,False,0.060508119760344405,0.06932200597821077,0.042782509597302516,0.053650993035302325
2016-08-30,-0.03524955107378222,False,0.05726740176744105,0.06560923035458324,0.04049114689783877,0.050777531768363644
2016-08-31,0.0,False,0.06004205419931786,0.06878805120097285,0.042452976066653,0.05323774469330019
2016-09-01,-0.06217724495189141,False,0.0568459279138284,0.06512636271441334,0.040193142113379855,0.05040382174606753
2016-09-02,0.01999846892620811,False,0.06477281843678605,0.07420791994008055,0.045797881960170816,0.05743239162930371
2016-09-05,0.01640088553941673,False,0.06458054457982447,0.07398763860404606,0.0456619339557815,0.05726190734716813
2016-09-06,-0.010976113637796514,False,0.06385690238405968,0.07315858741522083,0.04515027982889834,0.05662027243008924
2016-09-07,0.016951376827883446,False,0.0620278014101337,0.0710630513259909,0.04385700662389108,0.05499845565571839
2016-09-08,0.04635559206005065,False,0.061495637725671716,0.07045337027389784,0.04348073814904828,0.054526599808242156
2016-09-09,-0.017623406935217363,False,0.06615445655445513,0.07579081371090221,0.04677477475180431,0.05865745460138028
2016-09-12,-0.011435824804713064,False,0.06528082596583949,0.07478992614198371,0.04615707072811325,0.05788282883527008
2016-09-13,-0.02842184948652298,False,0.06343775582566732,0.07267838607461226,0.044853920567891364,0.05624862596058819
2016-09-14,-0.01801850550267825,False,0.06457319069475083,0.0739792135188334,0.04565673436174376,0.057255386846474486
2016-09-15,0.003935291480055115,False,0.06387700611794811,0.07318161954985528,0.04516449425485357,0.056638097893698156
2016-09-16,-0.012515258315641415,False,0.06117295306970222,0.07008368191242186,0.0432525826643696,0.05424048362584238
2016-09-19,0.017086943648290533,False,0.059759544644224644,0.06846439002715617,0.04225322654873745,0.052987250739220226
2016-09-20,-0.017528932605762097,False,0.05935568583029421,0.06800170331296765,0.04196767654897927,0.052629159519409635
2016-09-21,0.016442330303912737,False,0.05882889652561176,0.06739817949710472,0.04159520805098929,0.05216206899621158
2016-09-22,0.026181753006362815,False,0.0584106171405049,0.06691897164616199,0.04129946192834385,0.05179119142695209
2016-09-23,-0.010647460044178724,False,0.0596527609237604,0.06834205170731221,0.042177724689421846,0.05289256836162195
2016-09-26,-0.0021431641293671207,False,0.05801208703490734,0.0664623898440476,0.04101767961325833,0.05143782503572296
2016-09-27,-0.03626434946702018,False,0.05507368198348732,0.06309596343139875,0.038940068495757894,0.048832416876073745
2016-09-28,0.011941760664283476,False,0.058040428308605826,0.06649485943577411,0.04103771842488903,0.05146295451394557
2016-09-29,0.06262693483322501,False,0.05687248438580725,0.06515678752213451,0.04021191897377158,0.05042736868652482
2016-09-30,-0.003930903996207695,False,0.06502079919114379,0.07449202269197823,0.045973217750561866,0.057652269784130385
2016-10-03,0.007640718638433962,False,0.06197058122625847,0.07099749619150013,0.043816548862593965,0.05494771999084023
2016-10-04,0.004105938841692,False,0.05989134690814307,0.06861539120457638,0.042346417869891864,0.05310411641562089
2016-10-05,0.015450602133426316,False,0.057304062405132514,0.06565123114646504,0.040517067949262776,0.05081003781259778
2016-10-06,0.011433280697664822,False,0.056897002985206946,0.06518487761154558,0.040229254948154596,0.05044910869779668
2016-10-07,0.006956204140677057,False,0.056021932568085187,0.06418234048219279,0.03961053288792355,0.049673206272794077
2016-10-10,0.02058290835339456,False,0.05420042664995618,0.06209550577891649,0.03832262979768458,0.04805812383899239
2016-10-11,-0.020780986991261317,False,0.05477058259195136,0.06274871321249807,0.03872576085111973,0.04856366644375644
2016-10-12,-0.01899867163281129,False,0.05513776813426969,0.06316938466057018,0.03898538086658945,0.04888924041716051
2016-10-13,-0.004857325882859989,False,0.05518176495580206,0.06321979025799031,0.03901648899632335,0.048928251266860644
2016-10-14,-0.008557509435222944,False,0.05295124653304949,0.06066436443995159,0.0374393919685801,0.04695050796830519
2016-10-17,0.00896318895397134,False,0.051493440210925605,0.058994207459737893,0.03640864414144057,0.04565790860899826
2016-10-18,0.010088866849157292,False,0.05019761940909887,0.057509631542874015,0.03549242882835346,0.044508937642966546
2016-10-19,0.04013916759034426,False,0.04921345374354024,0.05638210785809217,0.0347965705336508,0.04363630326798346
2016-10-20,-0.027967012915762566,False,0.05346753297273106,0.061255855496025205,0.03780443437360142,0.04740828587132524
2016-10-21,-0.0027805380377270766,False,0.055171700593428005,0.06320825987510245,0.03900937294840179,0.04891932745568003
2016-10-24,-0.009592399691439522,False,0.05262830172095025,0.06029437802682812,0.037211052539462865,0.046664161112158486
2016-10-25,-0.014563364187896555,False,0.05128831811820566,0.05875920635585111,0.036263611740249335,0.045476032126775846
2016-10-26,-0.002039568318688988,False,0.05077762757181996,0.05817412631618398,0.035902525934104076,0.045023215958369785
2016-10-27,0.003057794656535315,False,0.0483332285210253,0.055373665051093174,0.0341742037475205,0.04285583020966184
2016-10-28,-0.02786270428289348,False,0.04634472929105118,0.05309551203536726,0.03276822736406078,0.041092679102660096
2016-10-31,-0.03362734380997032,False,0.0483914581593385,0.05544037668171802,0.03421537524764062,0.04290746093181885
2016-11-01,-0.009350943422142405,False,0.05131230640574,0.058786688885773514,0.036280572755493665,0.04549730192416057
2016-11-02,-0.03354752004264719,False,0.0499507336423485,0.05722678327942787,0.03531786725335708,0.04429003038547941
2016-11-03,-0.009534691983143356,False,0.05271218966241652,0.06039048546501751,0.037270365846091676,0.0467385423915831
2016-11-04,-0.017952150703543137,False,0.051342205135260055,0.05882094279937618,0.036301712772531136,0.04552381235838987
2016-11-07,-0.0053557003089375055,False,0.051385480182020285,0.058870521485048476,0.036332310568507546,0.045562183228969405
2016-11-08,0.01483225337342107,False,0.04938271686430046,0.056576026610082875,0.03491624870440003,0.043786384522350764
2016-11-09,0.00938759040632893,False,0.04931208327577804,0.05649510421379612,0.034866306941363584,0.043723755536672744
2016-11-10,-0.004797267909559971,False,0.04834955317152449,0.05539236762397066,0.034185746157356076,0.04287030485725798
2016-11-11,-0.048320844502619725,False,0.04640433684737753,0.05316380229777118,0.03281037312665767,0.04114553158926822
2016-11-14,0.005273262459257034,False,0.052142061268970606,0.0597373095928314,0.03686725427096916,0.04623302421340892
2016-11-15,0.05397914159586189,False,0.05032234134667778,0.05765252104161739,0.03558061397627407,0.04461952537616497
2016-11-16,0.02062390965258799,False,0.057062125948113815,0.06537405313157672,0.04034600580363115,0.05059551898071363
2016-11-17,-0.011155849744092434,False,0.05746223397540819,0.0658324427025944,0.040628903794602905,0.050950284474514475
2016-11-18,-0.0035963176544535807,False,0.05606980198460836,0.06423718277429401,0.039644379151531337,0.04971565085283823
2016-11-21,0.03430678367654419,False,0.05354499221435737,0.06134459780089858,0.03785920224213547,0.04747696698799972
2016-11-22,0.003041497022047899,False,0.056521678032412544,0.06475488112967774,0.039963879929749924,0.05011631771853467
2016-11-23,0.009499207871542804,False,0.05408242448549793,0.061960314885819566,0.03823919589239331,0.047953494355733366
2016-11-24,0.021259304057902263,False,0.05293831425136231,0.060649548383660615,0.037430248146765974,0.04693904124685561
2016-11-25,-0.025997628667308016,False,0.053644835722161346,0.06145898496533678,0.03792979699615808,0.0475654956575903
2016-11-28,0.006884708777497233,False,0.05490325085067353,0.0629007065294394,0.03881956447738541,0.04868129997546921
2016-11-29,-0.04293256784123699,False,0.05322465411480237,0.060977597805850735,0.0376327058996136,0.04719293143680034
2016-11-30,0.07063282712844743,False,0.05739900089204359,0.06575999880249664,0.04058419458852233,0.05089421732635929
2016-12-01,0.08645508742657393,False,0.06675036874146313,0.07647352916056209,0.04719611686193427,0.05918583460593913
2016-12-02,0.0013380485605247504,False,0.07956081730735425,0.09115000556712645,0.05625379607733065,0.07054452976139756
2016-12-05,0.017984393855252887,False,0.07554761378012614,0.08655222067464974,0.053416244371880216,0.06698612544572295
2016-12-06,-0.01874877378927903,False,0.0737597792102934,0.08450396204045531,0.0521521487439677,0.06540089853015729
2016-12-07,-0.007868767210676813,False,0.07232019295510769,0.08285467914448373,0.05113428348848521,0.06412445443543756
2016-12-08,-0.005797117684325846,False,0.06973307404802552,0.07989070880375221,0.049305050653123746,0.061830522662063694
2016-12-09,0.011369233167804705,False,0.06694075877252377,0.07669165226410012,0.04733073289963869,0.05935464854811553
2016-12-12,0.03390793857487385,False,0.06538119840288358,0.07490491928188585,0.0462280394636838,0.05797182649280955
2016-12-13,-0.013237817998061977,False,0.0674853285028855,0.07731554648281337,0.04771577311916424,0.059837504517307634
2016-12-14,-0.0024429214441767833,False,0.0659496149252682,0.07555613392413434,0.046629940653482846,0.058475826798956805
2016-12-15,-0.02727355088430016,False,0.06285728749390496,0.07201336410195851,0.04444349809776812,0.0557339396251353
2016-12-16,0.045913419543342875,False,0.06380389595098199,0.07309785982551471,0.045112801417061275,0.056573272989631655
2016-12-19,-0.011515729041709612,False,0.06801571092399247,0.07792318680467994,0.048090782144583025,0.06030778096439542
2016-12-20,0.019058769129916747,False,0.0661857900431546,0.07582671137719138,0.04679692922109391,0.058685237199660394
2016-12-21,-0.02882043853549197,False,0.0658232946703367,0.07541141328990848,0.0465406254088455,0.05836382187888342
2016-12-22,0.019243938092283457,False,0.06684253401463178,0.07657911964400274,0.04726128268925617,0.0592675551824246
2016-12-23,-0.002037603742862437,False,0.06647593349046586,0.07615911843047139,0.04700207631322557,0.05894249992956491
2016-12-29,0.00036390102293855717,False,0.0633459417429572,0.07257319793761967,0.04478900305119656,0.05616721677564683
2016-12-30,-0.00018193395847502497,False,0.06034486086198203,0.06913496605079116,0.04266707673616425,0.05350623557045823
2017-01-04,-0.008757581970548298,False,0.057279638348131746,0.06562324937092608,0.04049979882146342,0.050788381629638675
2017-01-05,0.007667069321582736,False,0.05567582918607378,0.0637858221171882,0.039365819098746015,0.049366325308531196
2017-01-06,0.01641302964133005,False,0.0541208008608684,0.06200428133748573,0.03826633006304841,0.04798752170042488
2017-01-09,-0.027384066726184063,False,0.054016909359027185,0.06188525652990211,0.03819287315855023,0.04789540377866849
2017-01-10,-0.022121917087270595,False,0.05545920340533416,0.06353764164608872,0.039212652968642764,0.04917424880210924
2017-01-11,0.007677221491847648,False,0.05598091437176131,0.06413534738999224,0.039581530807131074,0.049636836493432084
2017-01-12,0.01664855323674305,False,0.05442949256002487,0.062357938464811864,0.03848459177129644,0.04826123068803011
2017-01-13,-0.002571639918360186,False,0.05429186535587458,0.0622002638600372,0.038387281902708056,0.04813920018699024
2017-01-16,-0.0012883042179395552,False,0.05187618106213227,0.05943270007330019,0.03667926260066364,0.04599727507458578
2017-01-17,0.006973784915859106,False,0.049379141272655774,0.056571930181597736,0.034913720567937345,0.04378321413723244
2017-01-18,-0.016782321034162,False,0.04796780309273948,0.054955010103219196,0.0339158282277612,0.042531816884086096
2017-01-19,-0.01103330500671303,False,0.04804444377046114,0.05504281460846969,0.033970017327392084,0.042599772201206365
2017-01-20,0.03437780781021438,False,0.04711382357109606,0.05397663606450987,0.033312018570060456,0.04177461521347643
2017-01-23,-0.004369999671118379,False,0.05045816724334623,0.05780813195232059,0.03567665022315789,0.04473995870420482
2017-01-24,-0.0018264845260341873,False,0.048406780903997734,0.05545793140662235,0.0342262092559198,0.04292104721528379
2017-01-25,-0.006603105429733847,False,0.04606802756203617,0.05277850468182641,0.03257258429294798,0.04084733479853962
2017-01-26,0.02812486928340514,False,0.044507311867133324,0.050990448084449726,0.031469073979616416,0.03946348834604752
2017-01-27,-0.01969527932763694,False,0.046938323320362,0.053775571654001826,0.033187930411461286,0.04161900365643054
2017-01-30,-0.0005475951583397858,False,0.047535154787349085,0.05445934029011765,0.033609922502200185,0.04214819876289555
2017-01-31,0.008725741602232282,False,0.04499224900677332,0.05154602335974049,0.03181195073587506,0.0398934696312772
2017-02-01,0.009726301459574788,False,0.04409567741608559,0.05051885309869593,0.031178026184340648,0.039098502668857026
2017-02-02,0.002685045916376594,False,0.04339437093668147,0.04971539114763275,0.030682164615602546,0.038476672256820624
2017-02-03,-0.0003575898482588139,False,0.041605420807239314,0.04766585445637392,0.029417280226778517,0.03689045620325047
2017-02-06,-0.01622534242912627,False,0.03937930998433756,0.0451154782691024,0.02784329961024859,0.03491662101008376
2017-02-07,-0.022609179211277326,False,0.03986428176285535,0.04567109322892647,0.02818620085806519,0.035346633008715204
2017-02-08,0.011644157069949188,False,0.04148107736659427,0.04752339858813858,0.029329362696638293,0.036780204073545306
2017-02-09,-0.00811812576524174,False,0.041270337044855686,0.04728196087860019,0.029180357904008324,0.036593346052198154
2017-02-10,0.02234934569319112,False,0.040284831906785896,0.04615290260768686,0.02848355252987581,0.03571952400140145
2017-02-13,-0.01920497983605004,False,0.042021723171115466,0.048142797304237435,0.029711628488606073,0.03725958079864959
2017-02-14,0.014847674467094316,False,0.04288580518775736,0.04913274541302945,0.030322581156053956,0.03802574009165686
2017-02-15,-0.007121366715953382,False,0.04315868636570782,0.04944537569676901,0.030515522891160395,0.03826769681144375
2017-02-16,-0.007541652594121057,False,0.041909960025083966,0.04801475423319134,0.029632605906402966,0.03716048329251176
2017-02-17,0.005891033237237342,False,0.04078684936225021,0.04672804619480706,0.028838505992179415,0.03616464996322927
2017-02-20,0.014034678556605406,False,0.03966680005241708,0.04544484543993864,0.028046570619915664,0.03517153105688977
2017-02-21,0.019536422050364318,False,0.03997947452591271,0.04580306549051611,0.028267648364789257,0.0354487714680325
2017-02-22,-0.025891413932741705,False,0.041234301726290196,0.04724067649265467,0.029154878986988982,0.03656139446234477
2017-02-23,0.0166188795926913,False,0.04332487612908269,0.04963577341224619,0.03063302803220129,0.03841505299888897
2017-02-24,-0.020451350749494772,False,0.04386624415126494,0.050255999547494996,0.031015804471072952,0.038895070095812063
2017-02-27,-0.0007316627361337846,False,0.04478813943548273,0.051312182265731004,0.03166763424203543,0.03971249092575598
2017-02-28,-0.023887813015179282,False,0.042418403491928366,0.048597259873554496,0.02999210290591496,0.03761130703330153
2017-03-01,0.043277747304236745,False,0.04401333781530143,0.05042451953949081,0.031119807638222564,0.03902549426327944
2017-03-02,-0.028396520307585424,False,0.04931278101912562,0.056495903593593466,0.03486680028360562,0.04372437420774746
2017-03-03,-0.0007388253014322039,False,0.05129390524017886,0.05876560732326442,0.036267562137326396,0.0454809860840837
2017-03-06,0.01120820185323946,False,0.04863893016806215,0.05572389658179307,0.0343903513273836,0.04312688799498082
2017-03-07,-0.0021949889917643704,False,0.04794290029012954,0.05492647984582171,0.03389822060095212,0.04250973620971252
2017-03-08,-0.02428068499226357,False,0.045649839932777624,0.052299401952303586,0.032276903046644365,0.040476538586830126
2017-03-09,-0.05099710047710643,False,0.04716594610223942,0.054036350999130726,0.03334887201547751,0.04182083092082994
2017-03-10,-0.00039494471287447743,False,0.053494849900282845,0.06128715153071529,0.037823748917166514,0.04743250708817402
2017-03-13,-0.010523277890998757,False,0.050615162916127214,0.05798799632441118,0.03578765464544188,0.04487916272806652
2017-03-14,-0.010030174359937357,False,0.04959604302474958,0.05682042682328623,0.03506708182469724,0.04397553534035394
2017-03-15,0.02055345225093599,False,0.04843560736258552,0.05549095685746213,0.03424659111947915,0.04294660689446489
2017-03-16,-0.0013835361432158807,False,0.049320079936763996,0.05650426570456578,0.03487196101269703,0.04373084597023046
2017-03-17,0.00039549140321705326,False,0.0468238459181485,0.053644418955949964,0.033106988703500914,0.041517499489168656
2017-03-20,0.0017777782459993572,False,0.0445218640130566,0.05100711996172312,0.031479363132957974,0.039476391359439277
2017-03-21,-0.01051492675767109,False,0.04258257688932678,0.04878534751007324,0.03010818236727715,0.037756875360912615
2017-03-22,-0.011635035969205555,False,0.041937289735898844,0.048046064913212394,0.02965192948842568,0.03718471584395103
2017-03-23,0.01223318173521998,False,0.04150347525067758,0.04754905904925475,0.029345199210721838,0.03680006370110799
2017-03-24,-0.0039944131400480145,False,0.04138979186887049,0.047418816032210626,0.029264818918085425,0.036699263571311876
2017-03-27,0.0029973046717538124,False,0.039757553778937096,0.04554881876446572,0.028110738407498746,0.03525200005127826
2017-03-28,0.011900180101103037,False,0.038226225292642975,0.04379443004933237,0.027028006438285627,0.03389421048058382
2017-03-29,0.012539349252735173,False,0.038223448910946894,0.04379124924732933,0.0270260433864336,0.033891748734364804
2017-03-30,0.0171802314632147,False,0.03834374074480191,0.043929063333416535,0.027111096211686846,0.0339984084085692
2017-03-31,-0.0009573959563273326,False,0.039253765232644094,0.04497164610142148,0.027754532688296793,0.034805303708779364
2017-04-03,-0.0030698412442886026,False,0.03726292254606968,0.04269080827061456,0.02634689935441637,0.03304007471910271
2017-04-04,0.019787555819702162,False,0.035662165722363866,0.04085687797262963,0.025215077799815286,0.031620724827881364
2017-04-05,0.006197784887672087,False,0.037181006623239546,0.04259696010420925,0.02628898037150081,0.032967441977866545
2017-04-06,0.003924138456134365,False,0.03626336974520965,0.04154565609085425,0.025640161523771847,0.03215379696712893
2017-04-07,0.01149651082432706,False,0.03505524183743814,0.040161546811361026,0.02478594982435497,0.03108258103408843
2017-04-10,0.01008905191818424,False,0.03510881341155347,0.04022292186310275,0.02482382782143717,0.031130081570564124
2017-04-11,-0.0010956903944975896,False,0.03495104981660741,0.040042177709833544,0.024712280436695787,0.030990196649875804
2017-04-12,0.00036536354078338314,False,0.03317052889753055,0.0380022980658214,0.023453355954984708,0.029411454560269362
2017-04-13,0.005464494472078745,False,0.03153943861815674,0.036133615803910224,0.022300087008473655,0.027965208774327996
2017-04-18,-0.04079157580666019,False,0.03075733387905255,0.03523758615343511,0.02174709670503425,0.027271736624197566
2017-04-19,-0.0032371731592228388,False,0.036747032370714826,0.04209977120052059,0.025982137129682063,0.032582648173466046
2017-04-20,-0.034342302010912325,False,0.03528581388394825,0.04042570502433954,0.02494897671779933,0.03128702333555879
2017-04-21,-0.01451462006101115,False,0.039176976916727134,0.04488367245232883,0.02770023920048574,0.03473721748466976
2017-04-24,-0.009659966443796759,False,0.03938586176913698,0.04512298441648943,0.027847932076059307,0.034922430309100735
2017-04-25,-0.001619105797949698,False,0.03886429251221298,0.04452544102413579,0.027479154433845528,0.03445996826794842
2017-04-26,0.01248003315470758,False,0.03707076818213647,0.04247066383350304,0.026211035838053665,0.03286969638836106
2017-04-27,-0.010658723332208844,False,0.03726212775659631,0.0426898977085141,0.026346337395320517,0.033039369999725066
2017-04-28,0.0,False,0.03695968722228587,0.04234340231896041,0.026132495598335286,0.032771203759158506
2017-05-01,0.01902530600126932,False,0.03515024994996443,0.04027039423498966,0.024853125692685978,0.03116682228309161
2017-05-02,-0.022062667858504637,False,0.03653261170403557,0.041854117050362495,0.02583053013434989,0.03239252688494813
2017-05-03,-0.009986835271220735,False,0.0381302372052228,0.043684459903237376,0.0269601376747619,0.033809100313055084
2017-05-04,-0.026778974338895877,False,0.03764743127934808,0.0431313262839419,0.026618767801773264,0.03338100872023908
2017-05-05,-0.0016845655699812025,False,0.04003205985359749,0.04586331063471442,0.028304829032363497,0.03549539752517242
2017-05-08,-0.01786141467128737,False,0.038150346400847406,0.043707498295189176,0.026974355962459666,0.03382693061944494
2017-05-09,0.009608272914566816,False,0.03896181317717423,0.04463716698994367,0.02754810681248768,0.03454643733255259
2017-05-10,0.02165087199035487,False,0.038560070847095,0.044176905056210525,0.027264053281154492,0.03419022274451985
2017-05-11,0.02241278149847507,False,0.04022636235687835,0.04608591611886043,0.028442211399297344,0.03566768055580618
2017-05-12,-0.00203541694533583,False,0.04187472314802362,0.04797438459334952,0.029607691530663244,0.03712923966019863
2017-05-15,0.04404418155846632,False,0.03995190788984564,0.04577148337363974,0.02824815726381346,0.03542432884106774
2017-05-16,-0.0015609759267180728,False,0.04538509244848128,0.0519960901527997,0.03208971227237091,0.04024179380394223
2017-05-17,0.01068282471818615,False,0.04327930821917401,0.04958356787461562,0.030600809058107917,0.03837464910554661
2017-05-18,-0.0009664637845149529,False,0.04283964191745058,0.04907985779211419,0.030289941229995024,0.03798480830756696
2017-05-19,0.020481144667047823,False,0.04079750326500075,0.046740251993187334,0.02884603887699684,0.03617409650469398
2017-05-22,0.010741646672584438,False,0.0420462991087397,0.04817095308401798,0.029729005004211516,0.037281371650249945
2017-05-23,-0.0030035689935362505,False,0.04169971335546151,0.047773882083367594,0.02948395015248845,0.03697406297979527
2017-05-24,0.0018782875544646664,False,0.040031867083963425,0.04586308978538414,0.02830469273381791,0.035495226601297475
2017-05-25,-0.019708805463770514,False,0.0384159508803427,0.04401179192368628,0.027162152678637603,0.03406243527792693
2017-05-26,-0.027356444523667065,False,0.03950723714408985,0.04526203987716837,0.027933751023406617,0.0350300507313192
2017-05-29,0.027356444523666954,False,0.04184581440455511,0.04794126487164136,0.029587251487247813,0.03710360702113084
2017-05-30,-0.031100660150228002,False,0.04415867862286764,0.05059103134602004,0.031222571441150315,0.03915436421801219
2017-05-31,-0.024988806500815582,False,0.046819766240118604,0.05363974501357831,0.03310410415073082,0.04151388214362173
2017-06-01,0.020239143900662674,False,0.04832041785434558,0.05535898832480134,0.03416514591408684,0.04284447132111046
2017-06-02,-0.03945085270615975,False,0.049130334136088916,0.056286880672923145,0.03473780048067948,0.04356260325056215
2017-06-05,-0.004342887603384812,False,0.053041283425394964,0.06076751651299821,0.037503052915675114,0.047030341364273864
2017-06-06,-0.0029057720736325975,False,0.05087988604884522,0.058291280225175775,0.03597482820183387,0.04511388591903642
2017-06-07,-0.021641773319286402,False,0.04867681487960132,0.05576729975165196,0.03441713786514804,0.04316047939400268
2017-06-08,-0.016706321299887614,False,0.049512435722401674,0.05672464090337764,0.035007966945086524,0.04390140289641528
2017-06-09,0.007316580950048702,False,0.04952625876721472,0.05674047747537761,0.03501774058455376,0.04391365943461096
2017-06-12,0.011511531937291986,False,0.048211123777244555,0.0552337739784262,0.034087869097008026,0.04274756307486895
2017-06-13,-0.004886868325256946,False,0.04763713802145313,0.05457617886306024,0.033682030158314794,0.04223862467274542
2017-06-14,-0.03203043781735281,False,0.04592784068799882,0.05261789755407935,0.032473464599464305,0.04072303470406621
2017-06-15,0.0030742228866898766,False,0.048615898050632725,0.05569750950203489,0.03437406637606015,0.04310646600902772
2017-06-16,0.001971307176549994,False,0.04673545628179426,0.05354315408564779,0.03304449245538405,0.04143912667270673
2017-06-19,0.005020200437542943,False,0.04477429156817397,0.051296317255478396,0.0316578430517227,0.03970021237809199
2017-06-20,-0.04338351321108706,False,0.043447635502956286,0.04977641447138425,0.03071982554155553,0.03852390057734285
2017-06-21,0.014447203877771422,False,0.048234268542867144,0.05526029011522252,0.034104233696689815,0.04276808494307671
2017-06-22,-0.0035922804683358777,False,0.04813192557564144,0.0551430394088058,0.034031871689823766,0.0426773400671231
2017-06-23,-0.007223507707460135,False,0.0462147128499582,0.05294655681179709,0.03267629871612231,0.040977396869413006
2017-06-26,-0.0011334014587439842,False,0.04493511539193981,0.05148056740432935,0.031771554183567294,0.03984281072494108
2017-06-27,0.0460972371490513,False,0.04280944292051254,0.049045259872784255,0.03026858890767121,0.037958031633943436
2017-06-28,0.006046228740949901,False,0.04832636115264134,0.055365797350790266,0.034169348147066236,0.042849741090799816
2017-06-29,0.012196577852075863,False,0.04695708935023961,0.05379707122861291,0.033201199008411945,0.041635643012309584
2017-06-30,0.0012752392801525072,False,0.0466306286410689,0.05342305677695885,0.032970373650120254,0.041346178700686784
2017-07-03,0.042621563788481066,False,0.044648537065169455,0.05115224478316239,0.03156892782426225,0.039588709095696575
2017-07-04,0.0004070004126187052,False,0.0492844897260953,0.05646349126294516,0.034846796811007504,0.043699289046097406
2017-07-05,-0.032464341718364,False,0.04705035526297128,0.05390392267575017,0.03326714304736651,0.04171833949757828
2017-07-06,0.01976965854231328,False,0.04978810465339434,0.05704046501686802,0.035202879772201025,0.04414583144510123
2017-07-07,-0.04337522032023795,False,0.05038854071218442,0.057728363305921425,0.035627420504081256,0.044678222650378824
2017-07-10,0.002149613897398967,False,0.05471973630085182,0.06269046042081437,0.038689809776362,0.04851858234561462
2017-07-11,0.0023592504240693597,False,0.052431316550163864,0.06006869910570219,0.03707177338167257,0.046489499429267375
2017-07-12,0.0010705492939795688,False,0.0505332943696909,0.057894202435459355,0.03572976916019624,0.04480657199425986
2017-07-13,0.01949627338787633,False,0.0482832304792749,0.05531638406859285,0.03413885243087894,0.04281149823239409
2017-07-14,0.005024084254306954,False,0.04896371720231211,0.05609599356347248,0.034619993307086705,0.04341486830211178
2017-07-17,-0.004814242683922034,False,0.04741215334755433,0.05431842190464224,0.03352295383916217,0.04203913655081727
2017-07-18,0.005440482136597901,False,0.045747636939987874,0.0524114445136215,0.03234605081418584,0.04056325267699673
2017-07-19,0.00872642146814312,False,0.044445119932675144,0.05091919699171403,0.03142510092206033,0.039408344357840915
2017-07-20,0.004128825023118175,False,0.0436923589552252,0.05005678544784801,0.030892858243395348,0.038740890566211404
2017-07-21,-0.022290267735228658,False,0.042292596309074566,0.048453127047804245,0.029903150430955067,0.03749975704103911
2017-07-24,0.007136890074785299,False,0.043595989998404625,0.049946378953194245,0.03082472018462922,0.038655442691584364
2017-07-25,0.028455528169236327,False,0.04265629726423537,0.0488698063280033,0.03016030665505101,0.037822241320662246
2017-07-26,0.017931375984594686,False,0.045038797331283006,0.05159935212359428,0.03184486291605784,0.039934742833022126
2017-07-27,0.011712292695975358,False,0.04562073005891245,0.05226605180263609,0.032256320793172505,0.040450727610614294
2017-07-28,0.025909699093608903,False,0.045252444098603815,0.05184411964471538,0.031995922722733994,0.04012417792488983
2017-07-31,-0.00019232618580286207,False,0.04707355313159398,0.053930499650769625,0.03328354519373825,0.04173890845085
2017-08-01,-0.023745763436321392,False,0.04488993307336371,0.05142880362500771,0.03173960784337747,0.0398027487255128
2017-08-02,0.02566736279779727,False,0.046216396554993266,0.05294848577291782,0.03267748918654358,0.04097888976734915
2017-08-03,0.015052203786330594,False,0.04793394410387862,0.054916219060999985,0.03389188809341837,0.04250179498978907
2017-08-04,-0.007593050907597319,False,0.04792826689117411,0.05490971487983222,0.033887873997327164,0.04249676115134762
2017-08-07,-0.020404942798090128,False,0.046673944527026674,0.0534726822506508,0.03300100032161565,0.04138458578233207
2017-08-08,0.0146720778708389,False,0.047478245181796594,0.0543941409741919,0.03356968433655611,0.04209773847982558
2017-08-09,-0.0003833620901849574,False,0.04742715775170139,0.054335611918116485,0.033533562763501015,0.04205244056994035
2017-08-10,0.00821006998285533,False,0.04520721542177601,0.05179230275438956,0.03196394360475573,0.04008407482079248
2017-08-11,-0.02152687393658979,False,0.044334634676227225,0.05079261795342426,0.03134698187683028,0.039310379923519226
2017-08-14,-0.0035033122634861038,False,0.04532887695219167,0.0519316860532294,0.03204996487947466,0.04019194896969757
2017-08-15,-0.027474798643704057,False,0.043621565338660004,0.04997567971311045,0.030842803331887207,0.03867811968778507
2017-08-16,0.00977173993503385,False,0.04562183142272415,0.05226731359607871,0.03225709951688811,0.04045170416157018
2017-08-17,-0.00039698293494760636,False,0.04497047497967551,0.05152107762943813,0.03179655532238388,0.03987416316165293
2017-08-18,0.011645251506348793,False,0.042928482755424276,0.049181639588103135,0.03035275650203283,0.03806358119289633
2017-08-21,0.01904819497069441,False,0.04265329355886627,0.048866365089333536,0.030158182873081085,0.037819578012390956
2017-08-22,0.006715941965436809,False,0.04357761642637582,0.04992532900361614,0.03081172907658005,0.03863915131798269
2017-08-23,0.0003824091824805265,False,0.042544620590456404,0.04874186232514889,0.030081345213402073,0.03772322048724597
2017-08-24,-0.011149673367096066,False,0.04062500265277863,0.04654262416209509,0.028724071624879874,0.03602114464994176
2017-08-25,0.002702704347885073,False,0.04020848603096368,0.046065435846512966,0.028429571871114386,0.03565183007754073
2017-08-28,0.0,False,0.038685414654356924,0.044320507008985745,0.027352678124537247,0.03430136187356671
2017-08-29,-0.004444022384867052,False,0.03680661629621283,0.0421680343899229,0.02602426618400667,0.032635479707226654
2017-08-30,0.005214883860695817,False,0.03564134864564749,0.040833028586426644,0.02520035900194265,0.031602266861539836
2017-08-31,0.014914234382056827,False,0.03463592899397434,0.0396811549638459,0.024489472990818995,0.030710787123892712
2017-09-01,0.008692420566762595,False,0.03558938394252772,0.04077349446977267,0.025163617149464863,0.03155619109623424
2017-09-04,-0.010401985044292725,False,0.03525824967101812,0.040394125683565194,0.02492948733011226,0.03126258285712722
2017-09-05,0.019392493251169655,False,0.03498953109089811,0.04008626434047081,0.024739488776554623,0.031024317005741053
2017-09-06,0.015725048846422948,False,0.036388481088017774,0.04168899171735261,0.02572862200222697,0.032264729975925464
2017-09-07,-0.005891033237237419,False,0.03706247106950857,0.042461158125947245,0.02620516933117758,0.03286233955206247
2017-09-08,0.007175083675060303,False,0.035973508603054254,0.04121357246457512,0.025435214036636813,0.03189678454994297
2017-09-11,-0.006436803833479199,False,0.03539098696752327,0.040546198094645,0.02502333976982025,0.03138027760286596
2017-09-12,0.01574259126886063,False,0.03456042411987493,0.039594651708507046,0.02443608696571038,0.03064383889462227
2017-09-13,0.008319816484087809,False,0.035572706624049516,0.04075438785770431,0.025151825384315377,0.03154140374701457
2017-09-14,0.02208853609329285,False,0.035129004003861916,0.04024605350834728,0.02483810366098784,0.03114798404929937
2017-09-15,-0.010271030615744267,False,0.03698256329699667,0.04236961062611226,0.02614867021902652,0.03279148738604768
2017-09-18,-0.01217780092370876,False,0.03661848224474594,0.04195249588216314,0.025891245245753407,0.03246866608411406
2017-09-19,0.019272545121032325,False,0.03667340760958769,0.04201542192390756,0.025930080446017186,0.03251736699199648
2017-09-20,0.010898332512331103,False,0.03796754123124867,0.043498064898316764,0.026845102831577882,0.03366484197878308
2017-09-21,0.009223070687089802,False,0.037809315779828524,0.0433167916124719,0.026733228889357714,0.03352454754184185
2017-09-22,0.0074208641524216145,False,0.037492097697052335,0.042953366109949195,0.02650893856725611,0.03324327842924829
2017-09-25,0.021433036809197687,False,0.03681220572483862,0.04217443799998624,0.026028218212011726,0.03264043570978402
2017-09-26,0.0058729928017013265,False,0.03839344562891353,0.04398600845561137,0.02714624025004006,0.03404248045050101
2017-09-27,-0.017382937065688806,False,0.03745661765622115,0.04291271788600259,0.02648385226159358,0.033211819189875695
2017-09-28,0.001020929134107143,False,0.038360781522518164,0.043948586347838374,0.027123144962153376,0.03401351802774415
2017-09-29,-0.030739771420055143,False,0.036660921508592216,0.042001117041004545,0.02592125209805682,0.032506295887486866
2017-10-02,-0.023960681289109557,False,0.039776882779272445,0.045570963314355985,0.028124405054977274,0.03526913857857804
2017-10-03,0.008050853038843621,False,0.041502642365801146,0.04754810484260262,0.02934461031611793,0.036799325203516565
2017-10-04,-0.002140564499110877,False,0.040738522786276724,0.04667268015134365,0.028804336492142403,0.03612180003166235
2017-10-05,0.019277279241018578,False,0.03908993597118597,0.044783952729239566,0.0276386965496362,0.03466004051765259
2017-10-06,-0.02824594922377908,False,0.04020947697551007,0.046066571136521,0.028430272522444067,0.03565270872257494
2017-10-09,-0.003790960402547182,False,0.04260606121883731,0.04881225267316822,0.030124787056972514,0.03777769831168349
2017-10-10,0.02377021933391185,False,0.04100334745155617,0.046976080374361504,0.028991581837540588,0.03635661324894225
2017-10-11,-0.008691850729645558,False,0.04279421945620142,0.049027818889852304,0.03025782509596174,0.03794453337980889
2017-10-12,0.0,False,0.04191697755858854,0.04802279397234509,0.029637567681710116,0.037166705558922784
2017-10-13,0.01292167726874583,False,0.04008913106767517,0.04592869509979359,0.02834518146396571,0.0355460011023638
2017-10-16,0.011018913412345791,False,0.040181465385366086,0.046034479251545704,0.028410466814897416,0.03562787156627798
2017-10-17,0.002432245813375364,False,0.03993939808431294,0.04575715133328947,0.028239312155464644,0.03541323671835484
2017-10-18,0.0072614426953255045,False,0.038447556025846104,0.04404800081753733,0.027184499223963734,0.034090458747305895
2017-10-19,-0.003969971555700482,False,0.03770936166373676,0.04320227772804277,0.02666255592930007,0.033435920798728216
2017-10-20,0.0012099215027131511,False,0.03640717042891373,0.04171040343211833,0.025741836375924507,0.03228130133365753
2017-10-23,-0.003460809822115194,False,0.03482863639108151,0.039901932991443186,0.024625727531513094,0.03088165581492126
2017-10-24,0.0025967295817113565,False,0.03350507236164577,0.038385572643038816,0.02368989625768974,0.029708085642747895
2017-10-25,0.010491110067568135,False,0.03222571748579937,0.0369198611533587,0.022785323243835726,0.028573714589646696
2017-10-26,0.005119465106190774,False,0.03237164630985,0.03708704662951128,0.022888502806185314,0.028703105923467667
2017-10-27,0.02355028939641949,False,0.0315937642087042,0.0361958547055257,0.02233849813590881,0.028013377877774685
2017-10-30,0.008278192969371254,False,0.0339501288020153,0.03889545801614469,0.02400457520502549,0.030102705737987262
2017-10-31,0.011475535766861281,False,0.0338113817278865,0.03873650041606869,0.023906473527861773,0.029979682277049526
2017-11-01,-0.006049229596811783,False,0.033927573898400606,0.03886961766332248,0.02398862766965034,0.0300827068852459
2017-11-02,-0.0031206397994775277,False,0.03310822319380039,0.03793091663166735,0.023409302456407,0.029356209695776368
2017-11-03,0.010310213252045276,False,0.031887566996621694,0.03653245413550467,0.022546232579543465,0.028273885250847022
2017-11-06,0.0453574443705185,False,0.032017518965390276,0.03668133549542026,0.02263811564206549,0.028389110318142806
2017-11-07,0.0013993627409876726,False,0.03817336855617664,0.043733873961722625,0.02699063387004008,0.033847343772260105
2017-11-08,-0.006234434158428942,False,0.03662446661095073,0.04195935195819835,0.025895476515963165,0.03247397226766176
2017-11-09,0.00825228505653234,False,0.03577369103071459,0.04098464856148335,0.025293932217929,0.03171961144946675
2017-11-10,-0.0021732389801503832,False,0.03533688406567986,0.04048421431957676,0.024985086095329533,0.03133230595176381
2017-11-13,-0.02215504240587476,False,0.034050154052565965,0.03901005339679953,0.024075298460988586,0.030191395554195453
2017-11-14,-0.03278452678786758,False,0.03588325156705244,0.04111016818075214,0.025371397436083604,0.031816755958258086
2017-11-15,0.005566484576443112,False,0.03922984191148214,0.0449442380011669,0.027737617607787528,0.034784091515405575
2017-11-16,-0.0011435107020789379,False,0.038279145980893,0.04385505940423166,0.027065424223897207,0.033941133893308766
2017-11-17,0.0026118199633481647,False,0.03669366620139195,0.042038631473761814,0.02594440436488504,0.03253532976413516
2017-11-20,0.0,False,0.035420814506995926,0.040580370448336185,0.025044429451648195,0.0314067249147118
2017-11-21,0.01520818827969207,False,0.03385988668775818,0.03879207082763518,0.02394076915495192,0.030022690377029496
2017-11-22,0.01022373122427944,False,0.03458766800337514,0.03962586405921885,0.024455349863184834,0.030667995345189797
2017-11-23,0.00554720496871583,False,0.0345108310234576,0.03953783465750734,0.024401021967296318,0.030599865971962913
2017-11-24,0.004887672323863704,False,0.033851563283627026,0.03878253499883693,0.023934884058562648,0.030015310228731395
2017-11-27,-0.005203827875026998,False,0.03312452778936328,0.037949596228315854,0.02342083068631915,0.029370666561176456
2017-11-28,0.004889214060885675,False,0.03227257750494085,0.03697354701469319,0.022818455808962364,0.028615264163002325
2017-11-29,0.00282796732067516,False,0.031621347304976954,0.03622745568027571,0.022358000875139283,0.028037835099580334
2017-11-30,-0.003300073710748483,False,0.03058035942324907,0.035034832798483906,0.02162196620380767,0.02711481792744504
2017-12-01,0.016237671359933578,False,0.02954429767002477,0.033847853607339363,0.020889414571460197,0.026196168626714172
2017-12-04,-0.017497712477978836,False,0.030849899993797534,0.035343635866847904,0.02181254594900593,0.027353812616595908
2017-12-05,0.0,False,0.03200535339929492,0.036667397837979725,0.02262951392959628,0.0283783234236824
2017-12-06,-0.0190936588155797,False,0.03059410735307723,0.03505058331391076,0.021631686732922536,0.027127007863116177
2017-12-07,0.0019258551932142657,False,0.032024792939402656,0.03668966902936527,0.022643258734665755,0.028395559963754383
2017-12-08,0.023608796748604746,False,0.030902704002445564,0.035404131546067,0.021849881235835332,0.027400632572519713
2017-12-11,0.02718734024631961,False,0.03318653416602438,0.03802063473406703,0.023464672544488013,0.029425646020058427
2017-12-12,-0.010108831679533243,False,0.03588972884968572,0.04111758897365077,0.02537597722483791,0.031822499198121135
2017-12-13,-0.020215273999475727,False,0.035653565334789875,0.0408470248137283,0.02520899686116801,0.03161309908549074
2017-12-14,0.0009420631879009365,False,0.03699249106801161,0.04238098452112625,0.026155689689477905,0.0328002900851844
2017-12-15,0.0014114328384078085,False,0.03558045573630133,0.040763265740672315,0.02515730442532007,0.031548274685478675
2017-12-18,0.009979811504940865,False,0.034270759289496217,0.039262792989665306,0.02423127828160712,0.03038700054203797
2017-12-19,-0.011862165001922104,False,0.034234136104557306,0.03922083510607329,0.024205383711302538,0.03035452770619594
2017-12-20,0.011551798767276675,False,0.03443002355386535,0.03944525640664869,0.02434388672070368,0.030528216067694434
2017-12-21,0.0032540510622888273,False,0.03472223530424074,0.039780033041365785,0.02455049621484091,0.030787312708712492
2017-12-22,-0.0004642166427658592,False,0.03367094910409579,0.038575611741548416,0.02380718007602594,0.029855164282592484
2017-12-28,0.01159389633612002,False,0.032140424434342625,0.03682214393050658,0.022725016448533142,0.028498087435344266
2017-12-29,-0.0010484536270848057,False,0.0324250031405979,0.037148175657396046,0.02292622896810532,0.028750416052524392
2018-01-03,0.017844339656160335,False,0.031138054504477805,0.03567376426599737,0.022016286755487974,0.027609311807561186
2018-01-04,0.012886398852635924,False,0.03240698098719941,0.03712752831567432,0.022913486332013025,0.02873443627278089
2018-01-05,-0.010531031945966484,False,0.03288834022597193,0.03767900451688534,0.023253833319063718,0.029161245125363822
2018-01-08,0.00688697864593927,False,0.032891369483134196,0.03768247502933795,0.023255975167531837,0.029163931089752713
2018-01-09,0.008723521444991103,False,0.03243400336096024,0.03715848689053689,0.022932592610134764,0.028758396316361515
2018-01-10,0.010225479750582607,False,0.032269669533056086,0.036970215454479816,0.02281639971573783,0.028612685739148568
2018-01-11,0.008134186840297153,False,0.032307575420304276,0.03701364288459723,0.02284320122587255,0.028646295914126804
2018-01-12,-0.010285804969369157,False,0.032028423226216206,0.0366938281201648,0.022645825543567717,0.028398778845671744
2018-01-15,0.009574921311081772,False,0.03220695241486749,0.036898362677377734,0.022772055324911503,0.02855707608404016
2018-01-16,-0.013027168698311133,False,0.032153485479418736,0.036837107506443735,0.02273425131301964,0.02850966832797798
2018-01-17,-0.003030524002039226,False,0.032667992196718884,0.0374265595977296,0.023098035358168505,0.028965868196951225
2018-01-18,0.004182597862184483,False,0.03158114371974056,0.03618139585909565,0.022329574768394686,0.028002187614911245
2018-01-19,-0.013329667083379897,False,0.03086549336724833,0.03536150064155679,0.021823571306461346,0.027367638859647568
2018-01-22,0.011024190557880831,False,0.031378210723810314,0.03594890272573155,0.022186090176898838,0.02782225214849105
2018-01-23,0.007043801134904919,False,0.031708174420133906,0.03632693042548049,0.022419392336355086,0.028114822468697266
2018-01-24,0.001431434541583726,False,0.031349828451432464,0.035916386163272744,0.022166022376986894,0.027797086317794262
2018-01-25,0.016597302762556797,False,0.03013978193371158,0.0345300788004329,0.021310454116683683,0.026724169202673752
2018-01-26,-0.014168556658314586,False,0.03127800730368272,0.035834103222513895,0.022115240945419317,0.02773340435390296
2018-01-29,-0.024118433855229427,False,0.03189608398741292,0.03654221174967091,0.02255225455215985,0.028281437047456004
2018-01-30,-0.009251846594001264,False,0.034097363710548105,0.039064139826948556,0.02410867823966467,0.030233255143315572
2018-01-31,0.0,False,0.033812459811231134,0.03873773553790617,0.023907235791029442,0.029980638185814222
2018-02-01,0.012025368552934214,False,0.03232074172193848,0.03702872704923848,0.02285251051243207,0.028657970135042538
2018-02-02,-0.016905952078074552,False,0.032680362937120844,0.03744073231609361,0.023106782139956948,0.028976837014190564
2018-02-05,0.0035518758667513234,False,0.033726021594224026,0.03863870633951354,0.023846119301815648,0.029903995642681168
2018-02-06,-0.013984161240157274,False,0.03274591734750699,0.03751583567819915,0.023153132649650503,0.029034962423292517
2018-02-07,-0.015246729044285636,False,0.033254356093804,0.038098335910398635,0.023512626311480468,0.029485781978494368
2018-02-08,-0.022770214548360798,False,0.03401144156285623,0.03896570187086022,0.024047926639337178,0.030157070185566872
2018-02-09,-0.019167908138088798,False,0.03600304065003608,0.04124740628300365,0.02545609478930988,0.03192296985619965
2018-02-12,-0.013414445804489812,False,0.03710163959616757,0.04250603211723912,0.026232863595589333,0.03289706927692102
2018-02-13,-0.004188825200077138,False,0.037329036825917074,0.042766553055297654,0.02639364572206575,0.03309869655005161
2018-02-14,0.005634724720997366,False,0.03615904282775683,0.04142613244305298,0.025566396756913114,0.032061292973552126
2018-02-15,0.009109132103367461,False,0.03536782737649879,0.040519664972911734,0.02500696468777839,0.03135974258935576
2018-02-16,0.022649599874152045,False,0.0351227630028181,0.04023890341488242,0.0248336909360823,0.03114245031424263
2018-02-19,0.010058111873035002,False,0.036976648205379395,0.042362833915514105,0.02614448792969267,0.03278624262649444
2018-02-20,-0.004165708407702389,False,0.036808357685102676,0.04217002943738942,0.026025497440029622,0.03263702375195273
2018-02-21,0.0020078777307185342,False,0.03565071198683653,0.040843755834215095,0.02520697939001403,0.03161056909527161
2018-02-22,0.0200113605131988,False,0.034369292422388814,0.03937567890405971,0.024300946529774915,0.030474367335908043
2018-02-23,0.013818183221004206,False,0.03584912146216026,0.04107106653051505,0.025347265608059697,0.03178649367235139
2018-02-26,0.013629840629903543,False,0.036283691182420405,0.041568937640460976,0.02565452987773729,0.03217181546267267
2018-02-27,-0.005459253691468323,False,0.03666359429851354,0.04200417916158669,0.025923141904927595,0.032508665781544425
2018-02-28,-0.02259391389954018,False,0.03570646008204584,0.040907624448951095,0.02524639630509534,0.031659999497003675
2018-03-01,-0.028395737943021422,False,0.037509233730007176,0.04297299825491822,0.02652105466832244,0.03325847250879256
2018-03-02,0.0004669624180113042,False,0.04011781665314846,0.04596155915730428,0.0283654637226225,0.03557143587297866
2018-03-05,0.023378487073198357,False,0.03843427714380023,0.0440327876735128,0.02717511033697106,0.03407868470423561
2018-03-06,-0.0016736405580296484,False,0.04018265603007579,0.046035843330945486,0.028411308665031283,0.035628927280309114
2018-03-07,-0.008871272618585287,False,0.038600576379164565,0.044223310807164254,0.027292692880622693,0.034226137957677406
2018-03-08,-0.018921160010798285,False,0.038091373034302295,0.04363993460151654,0.02693265860629996,0.03377464045259937
2018-03-09,0.020456315362950242,False,0.03905247304840471,0.0447410327877955,0.027612208239310567,0.03462682310787056
2018-03-12,-0.010175850988699562,False,0.04033529988957443,0.046210721984961046,0.028519236120219695,0.035764272663297035
2018-03-13,-0.005127021251832878,False,0.03989404930472887,0.04570519684549704,0.0282072481183492,0.03537302712223351
2018-03-14,-0.009232520005202699,False,0.038748206010331195,0.04439244483768492,0.027397075005488714,0.034357037353409677
2018-03-15,0.0009428033382210968,False,0.038293527751686623,0.04387153608876395,0.027075592912817664,0.033953885839456494
2018-03-16,0.015738540679972216,False,0.03671689690454995,0.042065246066143376,0.0259608297270471,0.032555927830944555
2018-03-19,0.0021621630044950956,False,0.037417073269657423,0.0428674132853534,0.026455892243923505,0.033176756199709764
2018-03-20,0.018040544313024282,False,0.036039234625401664,0.04128887243641588,0.025481685885258253,0.03195506212295574
2018-03-21,0.0320564161161162,False,0.03717370899024667,0.04258859946500971,0.02628382055072317,0.032960971354445666
2018-03-22,0.012105449366153256,False,0.04039382445662383,0.04627777150497488,0.028560616150889725,0.0358161648911765
2018-03-23,0.0007245852066892535,False,0.04034378695859163,0.046220445318812406,0.028525236936525332,0.03577179792903881
2018-03-26,-0.0031921095009957027,False,0.038615931392692024,0.04424090250136599,0.02730354970473501,0.034239752853117575
2018-03-27,-0.002619326293845293,False,0.03729788719912495,0.04273086603307229,0.02637162125307771,0.03307107697739432
2018-03-28,-0.007312112134966532,False,0.03591224534044068,0.04114338531822246,0.025391897600245985,0.03184246399116806
2018-03-29,0.012978672884280637,False,0.0352830798057569,0.04042257268796095,0.02494704357681058,0.031284599098769045
2018-04-04,-0.04413569861792993,False,0.03558562145490215,0.04076918392119331,0.02516095686744671,0.03155285499525813
2018-04-05,0.007542651538403445,False,0.040995222023140654,0.04696677135931647,0.028985836720677827,0.03634940864061768
2018-04-06,-0.0004509582940009306,False,0.04024764573607096,0.04611029973126601,0.02845725989821249,0.035686551980556334
2018-04-09,0.02494561423623166,False,0.038572565313505634,0.04419121952307287,0.027272887543915315,0.03420130126642785
2018-04-10,0.035723228170201494,False,0.040509006947039725,0.04640973199756366,0.028642056394301302,0.0359182942420069
2018-04-11,0.028870284856079908,False,0.04392770497772367,0.05032641303573547,0.031059260595775608,0.03894956582936553
2018-04-12,-0.018033502990599293,False,0.046132073214337876,0.05285187951332542,0.03261786802916579,0.04090412243066551
2018-04-13,0.02406422302281733,False,0.04657625306802013,0.05336076061216502,0.0329319271823564,0.041297965279042136
2018-04-16,-0.015561837145529762,False,0.04793175146845428,0.05491370703638913,0.03389033778171712,0.042499850836370555
2018-04-17,-0.004730114551047623,False,0.0479490524374037,0.05493352814267521,0.03390257050144222,0.042515191160417735
2018-04-18,0.027779564107075886,False,0.04647194627197436,0.053241260016745895,0.032858176642419495,0.041205479126599276
2018-04-19,0.015076338864078115,False,0.04836428189748223,0.05540924180272448,0.03419616016232167,0.04288336443962324
2018-04-20,-0.0030775430726254164,False,0.04834454889720679,0.05538663440443678,0.034182207865059565,0.04286586769597072
2018-04-23,-0.0010726737418994135,False,0.04661356928510891,0.053403512478102315,0.032958311763831724,0.041331052608661094
2018-04-24,0.017553642209640383,False,0.04475599554590866,0.05127535615191285,0.03164490677554591,0.0396839897658704
2018-04-25,-0.027666315190477537,False,0.04532166988624418,0.05192342917348042,0.03204486909449095,0.04018555864974571
2018-04-26,0.021451419153335132,False,0.047125866766264325,0.05399043352592097,0.03332053375967317,0.041785293604784154
2018-04-27,-0.0007961783860072499,False,0.0480327326279681,0.05502939756802736,0.033961736916959764,0.0425893882324627
2018-04-30,0.007801692464069037,False,0.046099892774227574,0.052815011524854724,0.032595114719472525,0.04087558886235982
2018-05-01,-0.01419404343603514,False,0.04527598654614305,0.05187109139157384,0.03201256850501546,0.04014505240742151
2018-05-02,-0.02311069814440216,False,0.045210052034145395,0.051795552560538013,0.031965949242947725,0.04008658997199989
2018-05-03,0.00422948989865108,False,0.046409453458202896,0.05316966421725619,0.03281399084693404,0.04115006835644663
2018-05-04,0.017544309650909525,False,0.04504119083922909,0.05160209428072632,0.03184655525548402,0.03993686509493761
2018-05-09,0.04534250593157329,False,0.04557974662367924,0.0522190985349838,0.032227343290349084,0.04041438865301705
2018-05-10,-0.0001288742833150568,False,0.049970405304390446,0.05724932040467775,0.03533177618117434,0.04430747274209842
2018-05-11,-0.0028394443444948246,False,0.04784995602898189,0.05481999690349203,0.03383250398704455,0.0424273249246279
2018-05-14,0.010286833670875838,False,0.046183687407809114,0.05291101206351116,0.03265436205238592,0.04094988740808368
2018-05-15,0.009802128002461859,False,0.045615923090954136,0.05226054462999772,0.03225292200713147,0.04044646539579958
2018-05-16,-0.00954630809827841,False,0.04502890368367785,0.05158801732256019,0.03183786757270068,0.03992597039023493
2018-05-17,0.024009240199168374,False,0.044452140870138566,0.05092724063066265,0.031430065104150286,0.039414569642454676
2018-05-18,-0.021582209564105635,False,0.04581897673338304,0.05249317598377478,0.03239649190221975,0.040626507836366135
2018-05-21,-0.0005104645338000839,False,0.046826521077010776,0.05364748379054371,0.033108880185340916,0.0415198714837052
2018-05-22,0.026204573231442797,False,0.0448802055237014,0.051417659116493555,0.031732729940239277,0.03979412355749815
2018-05-23,-0.021746818922236028,False,0.0465601200961195,0.05334227763865714,0.03292052029964536,0.041283660587927824
2018-05-24,0.0026651453049367562,False,0.047511912439565526,0.054432712356901725,0.03359348890665875,0.04212759037109626
2018-05-25,-0.029584151105283046,False,0.04590239249265852,0.052588742459581256,0.03245547135053023,0.04070047044399052
2018-05-30,0.01835157885018517,False,0.047939526846822046,0.05492261501151425,0.03389583539428481,0.0425067450643239
2018-05-31,0.007352008959249945,False,0.04836688206396787,0.05541222072121304,0.034197998620499964,0.042885669940348835
2018-06-01,-0.0253010383239589,False,0.04729449748288005,0.054183627754921075,0.033439764786526875,0.04193481412266707
2018-06-04,-0.01527572792842253,False,0.04866325175037847,0.05575176095572187,0.034407548000044905,0.04314845331627371
2018-06-05,-0.006834362304351104,False,0.048604317458474586,0.05568424202847932,0.03436587827176753,0.043096197795907204
2018-06-06,0.004379369254639659,False,0.047417769667346385,0.05432485632296068,0.03352692488067456,0.04204411639707991
2018-06-07,0.0269449144991519,False,0.04601660097434188,0.05271958706492306,0.032536222917147486,0.04080173616633714
2018-06-08,-0.0015963818742098389,False,0.04773861270661396,0.05469243480952193,0.03375377824285239,0.04232859966533131
2018-06-11,-0.007081330947245661,False,0.045898066470284014,0.052583786289234276,0.032452412618999844,0.04069663467125118
2018-06-12,0.003747327725608095,False,0.044869382615095786,0.05140525969410147,0.03172507755915184,0.039784527162889945
2018-06-13,0.002801309108627995,False,0.0435104083361712,0.049848331079215207,0.030764209325915445,0.03857955963353165
2018-06-14,-0.004004276573086795,False,0.04215993729768122,0.04830114432519947,0.029809353343050446,0.037382131708694886
2018-06-15,-0.037472876791095046,False,0.04098564926636996,0.04695580419152619,0.028979068264476632,0.03634092072347751
2018-06-18,0.03880941802186473,False,0.044462537486151456,0.050939151664756155,0.031437416073344375,0.0394237880543886
2018-06-19,0.0006676013332939752,False,0.04807003217025212,0.05507213033023246,0.033988109708447276,0.04262246077696128
2018-06-20,-0.008983099893078748,False,0.04631614770071961,0.053062767121400685,0.03274801863558748,0.0410673365418618
2018-06-21,-0.018760746000618073,False,0.04552295011465055,0.05215402878973271,0.03218718509005734,0.040364028649724985
2018-06-22,0.010918629012531416,False,0.04604433680262063,0.052751363019313394,0.03255583364615748,0.040826328811682994
2018-06-25,-0.011605017947435008,False,0.045642973091629714,0.052291534856036305,0.03227204781897447,0.04047044993545473
2018-06-26,0.01038260692934099,False,0.045238124454010924,0.05182771413596704,0.0319857979603938,0.040111481064445904
2018-06-27,0.0335436005118032,False,0.04483073419528277,0.05136098157076963,0.03169775103837876,0.03975025860339038
2018-06-28,0.0022317042409862944,False,0.04756210609654646,0.05449021744883124,0.03362897853383632,0.042172095795356114
2018-06-29,0.015354888538903811,False,0.04597539745456865,0.05267238165422187,0.032507089802664285,0.040765202065440605
2018-07-02,-0.009471364997116712,False,0.04615603475525005,0.05287933140059179,0.03263481013310327,0.040925368512508505
2018-07-03,-0.01101072862122129,False,0.045411909732171275,0.0520268137632447,0.03210867354073266,0.04026557199943361
2018-07-04,0.014654193939974577,False,0.04490539650676516,0.05144651953201233,0.03175054132619804,0.039816459754065815
2018-07-05,0.001298027181212842,False,0.04510632850379205,0.0516767201919284,0.03189261110336607,0.039994620986240216
2018-07-06,-0.02775215916340486,False,0.04349783494894445,0.049833926195573953,0.030755319261873963,0.03856841113456648
2018-07-09,0.027622432238399518,False,0.04536531261151125,0.05197342909537277,0.03207572685903539,0.04022425553139763
2018-07-10,0.00929758763818036,False,0.04723468368436434,0.054115101208158295,0.03339747319955995,0.041881778766415856
2018-07-11,-0.03199750611184152,False,0.046554885645648296,0.05333628071447086,0.03291681926037315,0.04127901933536724
2018-07-12,-0.04395119414383626,False,0.04887580634753918,0.055995277216240806,0.03455783558341381,0.04333692000895988
2018-07-13,0.02735774503459944,False,0.0527866933542574,0.06047584170136478,0.03732304398125506,0.04680460289830338
2018-07-16,-0.04244815295354885,False,0.054173534461591795,0.062064696352843646,0.03830361556767134,0.048034279227453375
2018-07-17,-0.0022551101875539405,False,0.05770929114004989,0.06611548733052343,0.04080358655716815,0.0511693437061021
2018-07-18,-0.004950855292495293,False,0.055371379036208285,0.06343702438239435,0.03915055639499469,0.04909637719355547
2018-07-19,0.019936080737808493,False,0.053595807657173936,0.06140281525079898,0.037895131505490565,0.04752202373376269
2018-07-20,0.0006947822137336413,False,0.053939903008078854,0.06179703308580991,0.03813842550819274,0.047827124228506185
2018-07-23,0.02007768213867482,False,0.05173615902066636,0.05927228178838197,0.03658025945271299,0.045873121132912656
2018-07-24,0.0010885835882446127,False,0.05217993777901039,0.05978070336652344,0.03689403500983045,0.04626660834037228
2018-07-25,0.0019021744865913945,False,0.05017593185668231,0.057484784883545845,0.035477094557133694,0.044489707848217305
2018-07-26,0.011337683870913988,False,0.048368205047402135,0.05541373641639415,0.03419893404126163,0.04288684299572221
2018-07-27,0.004419156840252802,False,0.04786909296626843,0.054841921413561694,0.03384603483557144,0.04244429315456371
2018-07-30,0.0020022699074089484,False,0.046544175505426603,0.0533240104868152,0.032909246612625405,0.04126952292958373
2018-07-31,-0.011129850055698227,False,0.0449030344755532,0.051443813436657784,0.03174887124252341,0.039814365401760636
2018-08-01,-0.02567745553357187,False,0.04447579764200877,0.05095434335485086,0.031446791719910064,0.03943554549342927
2018-08-02,0.009226809244766937,False,0.04604818072012058,0.052755766859210705,0.03255855150349604,0.040829737114433697
2018-08-03,-0.00646361323407075,False,0.045422055014147554,0.0520384368528498,0.03211584680318465,0.04027456755994361
2018-08-06,0.00041382164877743345,False,0.04442082888840501,0.050891367604141244,0.031407925841447484,0.0393868061138479
2018-08-07,-0.0027620511966409064,False,0.04267531301551798,0.04889159199956795,0.0301737518185261,0.037839102098086254
2018-08-08,-0.022375426570711145,False,0.04128377073815491,0.047297351384384984,0.029189856250920732,0.03660525736242379
2018-08-09,-0.0022653273173263333,False,0.04269073652095469,0.048909262162520006,0.03018465707011851,0.0378527777235402
2018-08-10,0.006358198742492503,False,0.041206929423635866,0.04720931701667432,0.029135525290234776,0.036537124145817265
2018-08-13,-0.005366486541075019,False,0.04038401713880438,0.04626653560891328,0.02855368184735499,0.0358074689947892
2018-08-14,0.002121791587452968,False,0.039393215335769956,0.04513140913687592,0.027853131444942295,0.03492895052744123
2018-08-15,-0.034354797876538105,False,0.03813628552750143,0.04369138925147721,0.02696441416537106,0.03381446320480798
2018-08-16,0.012064976642616791,False,0.04160490694729637,0.04766526574526906,0.029416916900037778,0.03689000057685967
2018-08-17,0.013347883858260086,False,0.0415931245985274,0.0476517671263228,0.029408586142921484,0.03687955347134314
2018-08-20,0.013734729183394403,False,0.04167179039673084,0.047741891740257884,0.0294642071121393,0.03694930441069219
2018-08-21,0.007565180378754427,False,0.041938260002017405,0.04804717651267934,0.029652615518989737,0.0371855761539553
2018-08-22,0.018118191491894933,False,0.04123943465161216,0.047246557103079595,0.029158508242495832,0.03656594569516757
2018-08-23,0.01049842623548334,False,0.04201321428392926,0.04813304897408396,0.029705612245676236,0.0372520361872987
2018-08-24,0.009180569407610544,False,0.04168471115319571,0.047756694592510585,0.029473342784998614,0.036960760913023666
2018-08-27,0.0,False,0.041158512119640486,0.04715384702933526,0.029101291640584743,0.0364941937680476
2018-08-28,0.01995808661950687,False,0.03948198310559965,0.04523310722128474,0.027915895053854816,0.03500765862512722
2018-08-29,0.002105540980532833,False,0.04054349465033024,0.0464492433355981,0.02866644106371194,0.035948873601213086
2018-08-30,0.012800592756915096,False,0.039110341151134036,0.04480733021992923,0.02765312411424109,0.03467813326572696
2018-08-31,-0.0014286644419756452,False,0.039178665829232295,0.04488560737946329,0.027701433352869703,0.03473871499993566
2018-09-03,0.011244060304689768,False,0.03777382661351599,0.04327613293378509,0.02670813613148687,0.03349308021113973
2018-09-04,-0.0038629973354187136,False,0.03771785516938817,0.043212008436117576,0.026668561296653834,0.03344345177166795
2018-09-05,-0.010766042115976324,False,0.036671567938886554,0.04201331427845687,0.025928779699444012,0.03251573580331692
2018-09-06,-0.01325913747101363,False,0.036736484032377094,0.04208768634354264,0.02597467888460757,0.032573295233250206
2018-09-07,-0.0015870919876816584,False,0.03701298424751975,0.04240446282978966,0.02617017947452591,0.03281846086020463
2018-09-10,0.016019250121058648,False,0.03579338042523339,0.04100720600220281,0.025307853683565387,0.03173706952901676
2018-09-11,0.018711430487561027,False,0.03665419207125611,0.04199340736340936,0.02591649402230506,0.032500329068536275
2018-09-12,0.02275123410172087,False,0.03766979794331192,0.043156950977274885,0.02663458224154569,0.033400840665725066
2018-09-13,-0.029936279125567664,False,0.039148004134679205,0.044850479363892325,0.027679753878335003,0.03471152806424118
2018-09-14,0.002700445285373577,False,0.04173944008533598,0.04781939558827835,0.029512039096730246,0.037009287649083504
2018-09-17,0.00448459973847319,False,0.04035577609357415,0.046234180845386746,0.028533713902666152,0.0357824283865707
2018-09-18,0.013082043430022052,False,0.039176752418611946,0.04488341525280346,0.02770008046818988,0.03473701842796693
2018-09-19,0.002268717887650708,False,0.039234246604509734,0.04494928430168988,0.0277407319637198,0.03478799704338895
2018-09-20,-0.00504860342815681,False,0.03778395352667199,0.04328773497888452,0.02671529640619056,0.03350205948448939
2018-09-21,-0.0016462993650553895,False,0.03700115219243459,0.04239090726408052,0.0261618135723587,0.03280796968137637
2018-09-24,0.024908979178032618,False,0.03571109410115928,0.040912933480234136,0.025249672806959556,0.03166410836252727
2018-09-25,0.01618674213418064,False,0.037602267335761635,0.04307958355619396,0.02658683445369383,0.03334096301344137
2018-09-26,-0.004144325775685107,False,0.03812332963800771,0.043676546148559876,0.026955253651562296,0.03380297555092372
2018-09-27,-0.004038925997249446,False,0.03709499783695485,0.04249842288935906,0.026228167513007578,0.03289118019990664
2018-09-28,0.014367713369011461,False,0.03613960494774184,0.041403863153576796,0.025552653125618895,0.03204405790544167
2018-10-01,0.026483714125006105,False,0.03648545702358636,0.04180009360602234,0.025797189227759726,0.03235071604299199
2018-10-02,0.008090564152975627,False,0.0384664043376211,0.04406959465959888,0.027197825998661093,0.03410717106042639
2018-10-03,-0.00210427947650072,False,0.03816130803615322,0.04372005665183966,0.026982106430818796,0.03383665001944905
2018-10-04,0.007229509099783187,False,0.0368798608521888,0.042251948078983935,0.026076054042089247,0.03270042377057063
2018-10-05,-0.01109889306804869,False,0.03614718922361859,0.04141255218935829,0.0255580156184012,0.03205078268773292
2018-10-08,-0.010629602859552554,False,0.03618319689493398,0.04145380490083029,0.025583474987321084,0.032082709763480946
2018-10-09,0.011099417291497044,False,0.03616156277615372,0.04142901945852339,0.025568178496568904,0.03206352734696227
2018-10-10,-0.01586019752835333,False,0.035988345139372574,0.041230570157833935,0.02544570426935175,0.03190993972498121
2018-10-11,-0.029910808831878615,False,0.0367924885267938,0.0421518487057535,0.02601427708778038,0.03262295297756282
2018-10-12,-0.00789835032876582,False,0.03952954550200276,0.045287597771327494,0.02794952423765107,0.03504983097832993
2018-10-15,0.002474942483467335,False,0.03906175806965267,0.04475167030720626,0.027618773250952397,0.034635055897325594
2018-10-16,-0.0047076400122947285,False,0.03789731733323753,0.043417611869912935,0.026795450741866268,0.03360257625514087
2018-10-17,-0.00772878442108221,False,0.036944172840373914,0.042325628042054954,0.026121526092165313,0.03275744755587204
2018-10-18,0.004868619566344607,False,0.03654978005454598,0.04187378622040831,0.025842669085673953,0.032407749619637445
2018-10-19,0.0009957680683389768,False,0.03557292762698005,0.04075464105292063,0.025151981645326855,0.0315415997046271
2018-10-22,0.0008704844173371768,False,0.03413118125736214,0.03910288339048509,0.024132589072241504,0.030263240292015894
2018-10-23,-0.0223739850972411,False,0.03277180795682416,0.037545497630693675,0.023171438709167456,0.029057918960459048
2018-10-24,-0.017050602162000078,False,0.03461955732970612,0.03966239852896131,0.02447789733970882,0.03069627079039716
2018-10-25,-0.0005173305857747766,False,0.03548708453814282,0.04065629367175705,0.02509128594388072,0.03146548484633079
2018-10-26,0.0012928250023051713,False,0.03417990197546647,0.03915870098860363,0.02416703725205839,0.03030643969926972
2018-10-29,0.0020650497787696427,False,0.03288550638661993,0.03767575788768453,0.02325182964154483,0.029158732432919575
2018-10-30,-0.024537905630828166,False,0.03177898683172984,0.036408057693017935,0.022469460536965358,0.0281776100121938
2018-10-31,-0.011161423337734042,False,0.03390293438719643,0.03884138904954698,0.023971206204089344,0.030060859664587842
2018-11-01,-0.049157682257129034,False,0.03404568983812901,0.039004938904709664,0.024072142020204274,0.03018743725010975
2018-11-02,-0.001966845253333304,False,0.03957183675002297,0.04533604935368859,0.027979426434768962,0.03508732953987793
2018-11-05,0.021838269632543903,False,0.03871832271615224,0.04435820860780492,0.027375945902071295,0.03433054060530022
2018-11-06,-0.028469687232265995,False,0.0398051847054345,0.045603387827006056,0.028144416045773987,0.035294233168352444
2018-11-07,-0.007673762255160277,False,0.04190406292732944,0.04800799813752332,0.029628436339702195,0.03715525448765367
2018-11-08,-0.011622198401254363,False,0.0411564711636676,0.04715150877849035,0.02909984857445009,0.03649238410489626
2018-11-09,-0.0040491740067794225,False,0.040820769893785025,0.04676690774428428,0.028862489640517547,0.03619472642583191
2018-11-12,0.011525844349799624,False,0.039930124896422045,0.04574652737093605,0.02823275551064555,0.03540501442123307
2018-11-13,-0.06449077362640115,False,0.03957320663554716,0.04533761878293004,0.027980395017842077,0.035088544182127736
2018-11-14,-0.008747082548751575,False,0.04820487908101705,0.055226619651520495,0.03408345375940799,0.0427420260633879
2018-11-15,0.011188713549628755,False,0.04692890640055268,0.053764783023089104,0.03318127214041081,0.04161065391591464
2018-11-16,-0.004889238158243922,False,0.04607168064021859,0.0527826898838886,0.03257516721657903,0.04085057388897737
2018-11-19,-0.017770690933533374,False,0.044599247450195834,0.051095775420085206,0.031534077403624364,0.03954500526222536
2018-11-20,-0.04203101945253664,False,0.04478534796521143,0.05130898417728268,0.03166566052174557,0.039710015800885526
2018-11-21,0.002436054797881121,False,0.04839907733274574,0.05544910569836205,0.03422076241486231,0.04291421665685255
2018-11-22,-0.008797710703529197,False,0.04667148519589594,0.05346986468223151,0.03299926144164185,0.041382405156692254
2018-11-23,-0.05759167063802611,False,0.045743932403663305,0.05240720035779158,0.03234343150686829,0.04055996795994825
2018-11-26,0.03424817212975846,False,0.05216218885042673,0.05976036904877805,0.0368814855584431,0.04625087082204255
2018-11-27,-0.002012073113420231,False,0.05425459070663937,0.062157559616914895,0.03836092671195089,0.04810614971451758
2018-11-28,-0.027394311933494713,False,0.05211313072713806,0.05970416489751097,0.03684679881493271,0.046207372246292545
2018-11-29,0.005504916705816994,False,0.05333473095384181,0.06110370893480628,0.03771053617167127,0.04729053373791371
2018-11-30,-0.01000008333458331,False,0.051623737626612716,0.05914348458593158,0.036500771453596634,0.045773439975189026
2018-12-03,0.0417434205093854,False,0.05077509058128252,0.05817121977613779,0.035900732144734215,0.04502096647413207
2018-12-04,0.017300044285005936,False,0.05399495305353898,0.06186010196971512,0.03817734886438953,0.04787593568748511
2018-12-05,0.00293590163583032,False,0.053859105362415706,0.06170446608987829,0.03808129720764872,0.0477554830348629
2018-12-06,-0.05990216298296994,False,0.05188175107184999,0.059439081435809546,0.03668320089845159,0.04600221385889697
2018-12-07,0.06493832016284859,False,0.058322027164180563,0.06681747725346414,0.04123682402904484,0.05171264097419302
2018-12-10,-0.02327973983166128,False,0.06536551175680914,0.07488694764804138,0.046216948157444454,0.05795791754732223
2018-12-11,-0.00933184575709964,False,0.0655373382616956,0.07508380317827652,0.04633843877925673,0.05811027168844339
2018-12-12,0.0035096551443025183,False,0.063594570655668,0.07285804326154575,0.04496479712455972,0.05638766963580931
2018-12-13,-0.015298272635919088,False,0.060957434300042676,0.06983676970463999,0.04310019925090579,0.05404938867766389
2018-12-14,-0.007993919599541906,False,0.06022390735796492,0.06899639391267533,0.04258155607435994,0.05339898921034458
2018-12-17,-0.01670292813447511,False,0.058624257588603255,0.06716373192757415,0.04145051726698833,0.05198062091572784
2018-12-18,-0.04129962202331061,False,0.05826822513476136,0.06675583817725735,0.04119878308761255,0.05166493609892856
2018-12-19,0.006133881761266217,False,0.061312141857585704,0.07024314556827457,0.04335099665702129,0.05436389874300196
2018-12-20,-0.050914721602412075,False,0.059268165971616896,0.06790143491609017,0.041905795280669386,0.052551557912436146
2018-12-21,-0.0173718217978971,False,0.06375657380326924,0.07304364451987246,0.04507934210206843,0.056531313658761545
2018-12-28,-0.01802909896615834,False,0.06316285271334739,0.07236343933240394,0.04465954921595153,0.05600487644361632
2019-01-03,-0.015472393663635668,False,0.06264150099331503,0.07176614516434883,0.04429092538407248,0.05554260728682903
2019-01-04,0.04428021987057612,False,0.06189287695217508,0.07090847316163446,0.04376160774287498,0.054878821610190275
2019-01-07,0.02590174960672228,False,0.06530403191968787,0.07481651237995933,0.046173478591176334,0.05790340495750339
2019-01-08,-0.0033330440469321316,False,0.06559016357205998,0.07514432326211626,0.04637578912755041,0.058157110532051026
2019-01-09,0.04383274495491921,False,0.06305939876435479,0.07224491581359457,0.04458640168495593,0.05591314648871341
2019-01-10,0.016843556715169856,False,0.06603754112439349,0.07565686785084609,0.046692109226441826,0.058553788697551165
2019-01-11,-0.020550384885523416,False,0.0650847401823516,0.07456527761697536,0.046018427485732025,0.05770896461595706
2019-01-14,-0.007455134495016934,False,0.06484641552053133,0.07429223750769919,0.04584991907443147,0.057497648269950886
2019-01-15,-0.0025542798050967423,False,0.0629629010131182,0.07213436176374803,0.044518172561579625,0.055827584415391325
2019-01-16,0.01958529595698128,False,0.060535874071086654,0.0693538031073038,0.042802133394412724,0.05367560206857307
2019-01-17,0.0006685609475164736,False,0.060288319982788406,0.06907018917157233,0.04262709927997619,0.053456102227564056
2019-01-18,0.03593790630435591,False,0.05761546291121564,0.06600799165777843,0.04073724493035016,0.05108614862961254
2019-01-21,0.0022540663222697485,False,0.0596636101401159,0.06835448126955994,0.042185395671509716,0.052902188082635145
2019-01-22,-0.0208002299147564,False,0.05714021955515797,0.06546352220640199,0.04040122220278696,0.05066476257288311
2019-01-23,0.002460025840862399,False,0.05734435019694052,0.06569738744012654,0.040545553594602726,0.05084575996106745
2019-01-24,0.0006549861049619846,False,0.054917455610994884,0.06291698041935394,0.03882960801033905,0.048693894970985314
2019-01-25,0.006526373303702819,False,0.052327387148192565,0.05994963087728423,0.03699828967973489,0.04639734790244073
2019-01-28,-0.02937504940647726,False,0.05055548354265245,0.057919623783648407,0.035745458104241165,0.044826246563040614
2019-01-29,0.021046431001207705,False,0.052349116094641414,0.05997452496028653,0.03701365321877178,0.04641661440021341
2019-01-30,0.014812674191161564,False,0.05265709792818148,0.060327368819762014,0.03723141301367881,0.046689693968240034
2019-01-31,0.009167736103662337,False,0.052612107012475984,0.06027582432391824,0.037199602005658965,0.04664980168081269
2019-02-01,-0.009652584598008941,False,0.051524165413725447,0.05902940823445389,0.03643036851973674,0.04568515185582119
2019-02-04,0.006445397756538562,False,0.050518052327168425,0.05787674016812981,0.03571899221268766,0.04479305726730327
2019-02-05,-0.00952157601006055,False,0.048950252853617544,0.0560805679368889,0.034610473285153646,0.0434029298105358
2019-02-06,0.008878902466089512,False,0.0479679679481392,0.05495519897220157,0.03391594478943505,0.042531963057127614
2019-02-07,-0.01963870630572992,False,0.04683268041493196,0.053654540325466384,0.033113235170006944,0.041525332810172136
2019-02-08,0.005883331237244602,False,0.047534489059937325,0.05445857758984204,0.03360945179695441,0.042147608479527414
2019-02-11,-0.0011412734588399124,False,0.04620077853974202,0.052930592766972456,0.03266644640600398,0.04096504167504702
2019-02-12,0.02066589529857045,False,0.04460242024663409,0.051099410380393534,0.03153632074211526,0.03954781849919729
2019-02-13,0.010965544918057004,False,0.045758500348827516,0.05242389033569477,0.03235373183112674,0.04057288498212047
2019-02-14,0.011471800200878906,False,0.045122361456581224,0.05169508857708897,0.03190394726716181,0.04000883699298169
2019-02-15,0.025454517389133423,False,0.0445567803105977,0.05104712232498393,0.03150405084165841,0.03950735074214057
2019-02-18,0.011510046803817005,False,0.046031535839849154,0.052736697410444934,0.0325467826739112,0.0408149785273374
2019-02-19,-0.008316370604404091,False,0.04549366112370001,0.05212047343197559,0.03216647619112939,0.040338058854997895
2019-02-20,0.014471159980392128,False,0.04474529549060619,0.05126309747819133,0.0316373412583809,0.039674502302125304
2019-02-21,0.0013459958661150948,False,0.04464979224594203,0.05115368279923966,0.0315698153048791,0.03958982203219426
2019-02-22,0.0,False,0.04272904693592548,0.04895315304569655,0.03021174460320756,0.037886746582842364
2019-02-25,-0.04415289825300861,False,0.04086362103933911,0.046816000781384745,0.028892787715440123,0.03623272143411811
2019-02-26,0.007624716002433397,False,0.04602314723812595,0.052727086887078674,0.03254085147930207,0.040807540570011826
2019-02-27,0.015992959665558505,False,0.044932735130513636,0.051477840423265184,0.03176987121014633,0.039840700208373984
2019-02-28,-0.007964508328648347,False,0.04504685313417756,0.05160858137115027,0.03185055880391579,0.03994188570618858
2019-03-01,-0.02050716575266365,False,0.04421156638848039,0.050651622982621915,0.03125996594867871,0.039201258439081704
2019-03-04,0.011393022180376826,False,0.04525840597919868,0.05185094995978509,0.03200013809440276,0.04012946417102572
2019-03-05,-0.0031084886702674487,False,0.04473798147625374,0.05125471807144933,0.03163216985509704,0.03966801715377434
2019-03-06,0.004194180905644253,False,0.04331389434170507,0.04962319196808204,0.030625263315238686,0.03840531573056127
2019-03-07,0.004793947169250828,False,0.04185457519955092,0.04795130180363461,0.029593445842608267,0.03711137499265542
2019-03-08,0.012875714360045367,False,0.04077299625956674,0.04671217518657141,0.02882871110017392,0.03615236677349321
2019-03-11,-0.009179991028241142,False,0.04060245477940082,0.04651679186356584,0.028708129060262006,0.036001152030730565
2019-03-12,0.0041414278074535325,False,0.04011901766246788,0.045962935111069664,0.02836631290109537,0.035572500777042555
2019-03-13,0.008535336073069595,False,0.038914494850261626,0.04458295606165658,0.027514650199006965,0.034504481389487675
2019-03-14,0.004391617567737601,False,0.0384399093684613,0.04403924031347536,0.027179092624085098,0.0340836786529364
2019-03-15,-0.0010582811479794643,False,0.03718001411946687,0.04259582302785099,0.026288278617713913,0.03296656195030651
2019-03-18,0.008135025279230913,False,0.03578383650352607,0.04099627186972157,0.025301105615311792,0.031728607179185415
2019-03-19,0.007175991325942382,False,0.03512191433214618,0.04023793112300448,0.024833090880068163,0.031141697819792487
2019-03-20,0.01801052521929845,False,0.03442751879707502,0.03944238679566291,0.024342115722334443,0.03052599516429097
2019-03-21,-0.0007317965932141176,False,0.03537820837466307,0.04053155811419021,0.025014304614309767,0.03136894715334515
2019-03-22,-0.029870710323444075,False,0.03394125070954625,0.03888528670059807,0.023998297914014508,0.030094833761810998
2019-03-25,0.016160758719268378,False,0.03742959254385379,0.04288175617361569,0.026464744047129077,0.03318785671804313
2019-03-26,0.0020759200812107397,False,0.03810157330558215,0.04365162069041572,0.026939870749160353,0.03378368477071009
2019-03-27,-0.0023728321974062273,False,0.036600075950728374,0.04193140844416348,0.02587823100149039,0.032452345696766825
2019-03-28,-0.019036773643650282,False,0.03546819716955261,0.040634655083688055,0.025077931553904982,0.03144873790253709
2019-03-29,0.027611633990487966,False,0.036881056641375386,0.042253318052228345,0.026076899529646185,0.03270148404607704
2019-04-01,0.016787490075267062,False,0.03930578297114963,0.04503124097883522,0.027791312039657526,0.03485142649919702
2019-04-02,0.008648079265769642,False,0.03982376064902524,0.04562466962650253,0.02815755024145049,0.03531070397961147
2019-04-03,-0.006767971690475556,False,0.03924802487072321,0.04496506957243705,0.02775047394229799,0.03480021387755246
2019-04-04,0.008488648914554937,False,0.03862278402228344,0.04424875331595722,0.02730839488406669,0.03424582890347146
2019-04-05,0.001860731947448896,False,0.037972531064064265,0.043503781572734074,0.026848630912952212,0.033669266335161985
2019-04-08,0.016873849489873635,False,0.036453422747037174,0.04176339307195772,0.025774539263600592,0.03232231207415543
2019-04-09,-0.0014070636907074277,False,0.037155330603383246,0.0425675439992464,0.026270826038325798,0.032944675711654
2019-04-10,0.008552453111417918,False,0.0358578562660492,0.041081073685419314,0.025353441586303427,0.0317942385982302
2019-04-11,-0.004617653206109592,False,0.03542084639428752,0.04058040698047479,0.025044451997686047,0.03140675318835286
2019-04-12,0.003779664330255841,False,0.034662925297286956,0.03971208367072094,0.024508560835725408,0.030734724051477657
2019-04-15,-0.009405558212424187,False,0.033567666289857793,0.038457284285755525,0.023734153546547336,0.029763586068473506
2019-04-16,-0.002259249760747452,False,0.03360015077691748,0.03849450061002853,0.023757121833859834,0.02979238922738668
2019-04-17,0.005638582742974631,False,0.03254240942005378,0.037282683866187785,0.02300924155050747,0.028854517179882775
2019-04-18,-0.006062760904159794,False,0.031744440868050734,0.03636847960812336,0.02244503467431249,0.028146978994999974
2019-04-23,0.050734518587100735,False,0.03139078255211577,0.03596330582337199,0.022194979138698744,0.02783339926520082
2019-04-24,-0.010812377264742386,False,0.03866895137904868,0.044301645618582956,0.027341037699472524,0.034286764310918934
2019-04-25,0.018178646427033696,False,0.038587420753452034,0.04420823887354768,0.027283391142516565,0.03421447320282675
2019-04-26,-0.05358547035582271,False,0.039311088874933085,0.04503731976454618,0.02779506360028174,0.03485613110757123
2019-04-29,0.002671354839913137,False,0.04646630085233472,0.05323479225976454,0.032854185025742756,0.04120047347825047
2019-04-30,0.013527854301437962,False,0.04443676401806662,0.050909623916815326,0.03141919283900719,0.03940093538333897
2019-05-01,-0.002496533890294121,False,0.04412746889941067,0.050555275473177994,0.03120050448057353,0.039126691359188365
2019-05-02,-0.020341586562239587,False,0.042573456193322236,0.048774898252263596,0.030101733542460016,0.03774878827442315
2019-05-03,0.019508021634840923,False,0.04366383113784815,0.050024102139647565,0.030872687535305962,0.03871559568450842
2019-05-06,0.0,False,0.04434064155690167,0.05079949982348854,0.03135122906598642,0.039315706070067916
2019-05-07,-0.013573286115026397,False,0.042528709743824056,0.04872363383267987,0.030070095385255933,0.03770911274889219
2019-05-08,0.0015485327230412838,False,0.04265986994906094,0.0488738994262489,0.03016283273623554,0.03782540912837884
2019-05-09,-0.006774902413136318,False,0.040968765380730944,0.046936460922790704,0.02896713044518474,0.03632595021647091
2019-05-10,0.01434220309810427,False,0.040365673216885944,0.046245519628414625,0.02854071170353568,0.035791203911177544
2019-05-13,0.010001472451133031,False,0.04053601022878535,0.046440668699381786,0.028661149173336852,0.035942237357188836
2019-05-14,0.0024848162978282616,False,0.04006117439074263,0.04589666612693632,0.02832541458302622,0.03552121263619862
2019-05-15,0.0076912891169793164,False,0.038623731799726634,0.0442498391509467,0.02730906501392232,0.034246669273345874
2019-05-16,0.021788533646471275,False,0.037931406247392996,0.04345666632938442,0.026819553445814007,0.03363280201828108
2019-05-17,-0.010226138630285873,False,0.03926806157479294,0.04498802491338645,0.02776464097455014,0.034817979907545676
2019-05-20,-0.009921929849934568,False,0.0390864800261715,0.044779993375653596,0.027636253009804938,0.03465697622012301
2019-05-21,-0.0036948382780170675,False,0.03891228806327564,0.044580427824103645,0.027513089881387096,0.03450252468824354
2019-05-22,-0.013804747113056287,False,0.037876824389240824,0.04339413383106662,0.026780961123337575,0.03358440568894257
2019-05-23,-0.05089830634177524,False,0.0382609728439163,0.043834239085981296,0.027052574834258297,0.03392502024031099
2019-05-24,-0.005720587657732604,False,0.04429512673930002,0.050747355111830414,0.03131904763102241,0.03927534925230823
2019-05-29,0.006390705553374587,False,0.043477581566198804,0.04981072261355333,0.030740999026091967,0.03855045298116604
2019-05-30,-0.015550637926252726,False,0.04232245776653494,0.04848733826013055,0.029924264094632738,0.03752623442709202
2019-05-31,-0.040642283853943424,False,0.0426658384048137,0.048880737274243725,0.030167052756896157,0.03783070120453806
2019-06-03,-0.05573244512806718,False,0.04675909110482463,0.05357023166382893,0.03306120355212829,0.04146008306220973
2019-06-04,0.006313152281073945,False,0.054012768871939794,0.061880512920750766,0.0381899456104913,0.04789173251529477
2019-06-05,-0.0225944377036139,False,0.051949630683110225,0.05951684869805829,0.03673119545078117,0.04606240096379109
2019-06-06,0.010087348364538977,False,0.052783551361546284,0.060472242031793716,0.03732082242266341,0.04680181697420379
2019-06-07,0.020967111597183796,False,0.051673561448075014,0.05920056597042918,0.03653599958708232,0.04581761747580966
2019-06-10,0.0032707762201474432,False,0.05217950540737816,0.059780208013684964,0.036893729299727764,0.04626622496757006
2019-06-11,-0.011730798478256567,False,0.05003238801436651,0.05732033179634757,0.0353756013057183,0.04436243121633967
2019-06-12,-0.030348919210510975,False,0.04936579521252101,0.05655664007402024,0.034904284182406556,0.043771380529079106
2019-06-13,0.025933901001394203,False,0.05177793420262757,0.059320142132169316,0.0366097967632469,0.045910162111963505
2019-06-14,-0.002373231079864146,False,0.05287759561721642,0.06057998519881994,0.03738731679212513,0.04688520359613078
2019-06-17,-0.009069996142478567,False,0.05067377797406225,0.05805514951662207,0.03582909865805679,0.04493113519188612
2019-06-18,0.012548810530092392,False,0.04961106589691684,0.05683763799491599,0.035077703806924106,0.04398885573459539
2019-06-19,-0.007923971730891594,False,0.04911278187398991,0.05626677166899149,0.034725390083121616,0.04354704011134452
2019-06-20,0.04038275725823509,False,0.04805680034733518,0.055056971100182296,0.033978754094801104,0.04261072846000989
2019-06-21,0.008369523100838579,False,0.051618525178630394,0.059137512869216154,0.036497085971272734,0.04576881823166925
2019-06-24,-0.012657431661485839,False,0.05020910652050667,0.057522791918850624,0.03550055083670533,0.0445191229691108
2019-06-25,0.01643872634315994,False,0.04976785309653547,0.057017263526701105,0.03518856082741962,0.04412787491066762
2019-06-26,0.009166793470948,False,0.049609164948243106,0.056835460145466254,0.035076359733513786,0.0439871702123141
2019-06-27,-0.0010476690324435778,False,0.04854536004536281,0.05561669661208923,0.03432419219554707,0.04304392177456052
2019-06-28,0.011020215772193073,False,0.04668485962615973,0.05348518729245927,0.03300871788638655,0.04139426391990909
2019-07-01,-0.03649930107317811,False,0.04606051040995612,0.05276989254739724,0.03256726926031627,0.040840669533191924
2019-07-02,-0.037244173172371095,False,0.04911959542178198,0.05627457770895183,0.03473020762950977,0.04355308150887241
2019-07-03,0.012831859236289423,False,0.052381969502018774,0.060012163943478185,0.03703688235267964,0.04644574467128066
2019-07-04,0.0014156510425561539,False,0.051729792934457126,0.05926498838928111,0.03657575828583782,0.04586747648805794
2019-07-05,0.009542504948703243,False,0.049714791417175365,0.05695647264328936,0.03515104335347623,0.04408082648475279
2019-07-08,0.010223137363375817,False,0.04866033686777235,0.05574842147814023,0.03440548702056702,0.04314586876486112
2019-07-09,-0.009133897389503433,False,0.047871670232961634,0.054844874096570545,0.03384785710235933,0.04244657835063252
2019-07-10,0.03228801630904853,False,0.047020032344573796,0.05386918278400089,0.033245703105876066,0.04169145294598492
2019-07-11,0.01835187647775731,False,0.049382848070593635,0.05657617692847776,0.03491634147433768,0.04378650085959524
2019-07-12,-0.014744477405661847,False,0.04952255743497383,0.056736236990352684,0.03501512354269647,0.04391037755854104
2019-07-15,0.0031458343672347623,False,0.04932253359434839,0.05650707677300432,0.03487369588116706,0.043733021565282706
2019-07-16,-0.014917778339350957,False,0.04744344807365144,0.054354275161993204,0.03354508090119777,0.04206688477929517
2019-07-17,-0.0339696086236677,False,0.04745064761237828,0.05436252341807253,0.03355017136402982,0.042073268425054135
2019-07-18,-0.04776979596348139,False,0.05000932032972143,0.05729390396849235,0.03535929120645188,0.044341977693851516
2019-07-19,0.0055856889107489364,False,0.05444713053428368,0.062378145666123944,0.03849706277198186,0.04827686982601464
2019-07-22,0.014959628572466369,False,0.05258084697533034,0.06024001080846821,0.037177499470586114,0.046622084210135584
2019-07-23,0.0051513314171297555,False,0.052074613807027846,0.05966003742872301,0.03681956527155373,0.046173220284196244
2019-07-24,0.02458295230216835,False,0.05041953965970862,0.05776387770025565,0.03564933843468649,0.04470570861960593
2019-07-25,-0.005655945949587248,False,0.05130037102939391,0.058773014948561575,0.03627213379961309,0.045486719133028514
2019-07-26,-0.01604100146344623,False,0.049889287089779355,0.05715638614427627,0.035274421221065506,0.0442355473082166
2019-07-29,-0.0027254525888784197,False,0.049867899925227124,0.05713188362866648,0.03525929934029415,0.04421658385965827
2019-07-30,0.004165337646865968,False,0.0482017174351692,0.05522299746604796,0.034081218304986914,0.0427392227133576
2019-07-31,0.024009998738009932,False,0.04665907051680522,0.05345564162487073,0.032990483592826685,0.041371397380148056
2019-08-01,-0.018430071944535262,False,0.04783970615945229,0.05480825399163786,0.03382525677554206,0.042418236629025205
2019-08-02,-0.028707018848129828,False,0.04826564731905275,0.05529623966577776,0.03412642018667875,0.04279590769660562
2019-08-05,-0.029892627588533675,False,0.05000961485286668,0.05729424139321017,0.035359499450227067,0.04434223883994691
2019-08-06,-0.011700006293607566,False,0.05185465896575908,0.05940804297109053,0.03666404531580523,0.04597819198545334
2019-08-07,-0.06336801990445637,False,0.051128949632230074,0.05857662353587099,0.03615092961084649,0.045334724190502364
2019-08-08,0.02263840840426772,False,0.057810540918524715,0.06623148560937467,0.040875175620528253,0.05125911927971592
2019-08-09,0.019004619137844465,False,0.058022229025798205,0.06647400916317292,0.041024850548735135,0.05144681767811219
2019-08-12,-0.004192145877408417,False,0.05772187766167379,0.06612990726177749,0.040812485907938,0.0511805038509993
2019-08-13,0.04734713238503241,False,0.055697406190318946,0.06381054212539866,0.03938107520643629,0.04938545708306105
2019-08-14,-0.034650205573414646,False,0.059601090201536484,0.06828285439414016,0.042141190697319635,0.05284675326161316
2019-08-15,-0.00850478093420934,False,0.06164717897458695,0.07062698570608866,0.04358788599898613,0.0546609675347938
2019-08-16,0.0280159252919399,False,0.059874896373246764,0.06859654441041149,0.04233478645298667,0.05308953014956858
2019-08-19,0.013300978987093547,False,0.06072593157961475,0.0695715452515742,0.04293651432072224,0.05384412117157501
2019-08-20,-0.012792633640215061,False,0.059510644254435106,0.06817923368157298,0.042077240526413186,0.052766557167316604
2019-08-21,0.026249103822670716,False,0.05844687499841192,0.06696051098753539,0.04132509819270025,0.051823340336714104
2019-08-22,-0.013122022018803092,False,0.05910351978691019,0.06771280562392684,0.04178938153313809,0.052405570376482705
2019-08-23,-0.019755813478069584,False,0.05814172080988028,0.06661090666062107,0.04110933769557655,0.051552767968766657
2019-08-26,0.0,False,0.05810694371603343,0.06657106377809383,0.04108474841140837,0.05152193201439961
2019-08-27,-0.0034164706958974113,False,0.0555177400959119,0.06360470505559883,0.0392540415713023,0.049226151779609366
2019-08-28,0.033319589076027334,False,0.053710928406844556,0.061534705009206464,0.03797652809485972,0.04762409834066273
2019-08-29,0.002809686998371716,False,0.05562858799977612,0.0637316995661667,0.03933241702784756,0.04932443776406487
2019-08-30,0.007399524019303897,False,0.05355253249358357,0.06135323643127854,0.03786453362690894,0.047483652759592876
2019-09-02,-0.04164829693247524,False,0.05213061992214102,0.059724201647708315,0.0368591646206465,0.04622287946553871
2019-09-03,-0.01064570493519358,False,0.05549558114467116,0.06357931833136304,0.039238373995646704,0.049206504007650906
2019-09-04,0.046378769371798634,False,0.054595306175602064,0.062547905241103,0.03860183095552315,0.048408253354900684
2019-09-05,0.032747293158543585,False,0.058185458551428974,0.06666101543929609,0.041140262641765304,0.05159154909891089
2019-09-06,-0.02290792220653915,False,0.0597287385419121,0.0684290965687388,0.04223144497011524,0.05295993576088077
2019-09-09,0.04327329571903305,False,0.06004937927555209,0.06879644328092033,0.04245815529128488,0.053244239649937124
2019-09-10,0.010570594307132511,False,0.0629696022207464,0.07214203909956846,0.04452291067740279,0.05583352620378621
2019-09-11,-0.0258452791293728,False,0.06134997974096112,0.07028649508876773,0.04337775008474407,0.05439744862069582
2019-09-12,-0.03652045860155656,False,0.062294134009059435,0.07136817913508575,0.0440453181598427,0.05523460591896625
2019-09-13,0.008032171697264253,False,0.06438930502923838,0.07376854223612872,0.04552671726187763,0.05709234015788501
2019-09-16,0.11070133012462227,False,0.06232628235031705,0.07140501034903979,0.04406804877391299,0.05526311102604511
2019-09-17,-0.04224193424381444,False,0.07694754717258354,0.08815607469267905,0.05440607291118387,0.06822741036725248
2019-09-18,-0.020019147152048722,False,0.07922188746512271,0.09076170567213009,0.056014154368325075,0.07024400939029626
2019-09-19,-0.0006223743782662355,False,0.07789324576767391,0.08923952801963908,0.05507473290889753,0.06906593698053426
2019-09-20,0.01513776203267544,False,0.07397397582725922,0.08474935950480599,0.05230359732404827,0.06559082115955865
2019-09-23,-0.008776713510717755,False,0.07212993018695464,0.08263670184154365,0.05099975743253178,0.06395575333400709
2019-09-24,-0.00823049913651548,False,0.06978948684426016,0.07995533894286931,0.04934493754774018,0.06188054243709347
2019-09-25,-0.027186754214819947,False,0.067563311379864,0.07740488869813116,0.04777091122618148,0.059906649927976785
2019-09-26,-0.0053016430709882925,False,0.0680432135787436,0.0779546956204327,0.048110228007311885,0.06033216686077346
2019-09-27,0.006422629656467192,False,0.06546911078740213,0.07500563738169282,0.0462901982689695,0.05804977614234754
2019-09-30,-0.02413658922306553,False,0.06306193109502486,0.07224781701499605,0.04458819217954782,0.055915391841166624
2019-10-01,-0.015365853753180787,False,0.0635654279548719,0.0728246555032282,0.04494419166067423,0.0563618295527984
2019-10-02,-0.03628131447772331,False,0.06263132763801364,0.0717544899121312,0.04428373227226298,0.05553358683442392
2019-10-03,0.0015526614005119835,False,0.06480454060342118,0.07424426290089031,0.0458203112457591,0.05746051885830946
2019-10-04,0.0191230003547657,False,0.061776795697666004,0.07077548298691232,0.043679532024694157,0.05477589534836189
2019-10-07,0.005565407737213151,False,0.06132474076808557,0.07025757969302426,0.04335990476739574,0.054375069872796736
2019-10-08,-0.022449922439221802,False,0.05905608960371921,0.06765846654587028,0.041755845831225574,0.05236351525333359
2019-10-09,0.026478125267826478,False,0.059364606797454166,0.06801192374852644,0.041973984154713005,0.052637069511471235
2019-10-10,-0.010439562735377404,False,0.06014138902267979,0.06890185558369395,0.042523211153293605,0.053325822325483475
2019-10-11,0.025237405293718825,False,0.05875506225284197,0.0673135901904362,0.04154300323127428,0.05209660204615879
2019-10-14,-0.02981795448503312,False,0.05935597764273419,0.06800203763212663,0.04196788287613939,0.0526294182619924
2019-10-15,0.006440700230769081,False,0.060765793290704855,0.06961721339967457,0.04296469870397579,0.053879465525234344
2019-10-16,0.0018566973010461472,False,0.05861318934573292,0.06715105143441942,0.041442691421321655,0.05197080698953906
2019-10-17,0.0008428150519973713,False,0.055997221821363755,0.06415403025641261,0.03959306105500338,0.04965129588943563
2019-10-18,0.010225552178719805,False,0.05339305467001014,0.06117052834709188,0.0377517741899175,0.04734224787648443
2019-10-21,-0.016988046251016974,False,0.05217747514087581,0.05977788200938718,0.03689229379162627,0.04626442478249724
2019-10-22,0.025953738053415804,False,0.05216982399022142,0.05976911635754567,0.036886884014763296,0.046257640704061215
2019-10-23,0.00033052388335951384,False,0.05328939206227627,0.06105176577536587,0.03767847912591912,0.047250332909244026
2019-10-24,0.019472103412820314,False,0.050756181519190355,0.0581495563345933,0.03588736241628061,0.045004200295268325
2019-10-25,0.00565566668725874,False,0.05104075885879227,0.0584755864957565,0.03608857396955504,0.045256527700672074
2019-10-28,-0.027278130700424414,False,0.049321081291744576,0.0565054129214389,0.0348726690247661,0.04373173384592883
2019-10-29,0.010869672236903891,False,0.051052856729719015,0.05848944659724419,0.03609712781788284,0.04526725457156813
2019-10-30,-0.013688677503125928,False,0.05003653542841898,0.05732508334147702,0.03537853375151576,0.044366108621675095
2019-10-31,-0.015395217049908034,False,0.049686582998417564,0.05692415525875471,0.03513109847746603,0.044055814805587984
2019-11-01,0.014564583228580731,False,0.04956767528883799,0.056787926914741056,0.035047024302852274,0.04395038239876779
2019-11-04,0.03831261632101549,False,0.04917899062169218,0.05634262468214419,0.03477220324464798,0.043605745704509855
2019-11-05,0.003193870488876415,False,0.05234119311958784,0.059965447888875215,0.03700805124737337,0.046409589302076136
2019-11-06,-0.009773369470940808,False,0.05025275423271503,0.05757279755410467,0.03553141212728667,0.04455782427255525
2019-11-07,0.007858271534841262,False,0.04937790647944912,0.05657051552283139,0.03491284750243103,0.04378211927786492
2019-11-08,-0.0096308930609613,False,0.04801117648184107,0.05500470145622279,0.033946495557085864,0.04257027495228956
2019-11-11,0.009311353195644453,False,0.04715040676690597,0.054018548133975615,0.03333788486589044,0.04180705259198663
2019-11-12,-0.00625152312493815,False,0.046040544649497264,0.052747018484025736,0.03255315238902972,0.04082296640707324
2019-11-13,0.0012855537685628297,False,0.04484100658059352,0.051372750278155396,0.03170501416975493,0.039759366863156946
2019-11-14,0.0030465829705719743,False,0.04285293947482512,0.04909509233180019,0.030299343321453995,0.03799659890957069
2019-11-15,0.01367488315787895,False,0.041168149384852144,0.0471648881021576,0.029108105707738748,0.03650273888316269
2019-11-18,-0.007927740902310867,False,0.041224350844209515,0.04722927612011265,0.029147843175765558,0.03655257127122066
2019-11-19,-0.007189103572469338,False,0.04053268227804342,0.046436855984292626,0.028658796132371114,0.035939286548887665
2019-11-20,0.022668799812712893,False,0.0398350431475141,0.045637595584717576,0.028165527577414536,0.035320707880744796
2019-11-21,0.0184802215555132,False,0.041387395220718645,0.04741607027745626,0.02926312435836412,0.03669713852505673
2019-11-22,-0.0024649527193531325,False,0.042162982738154164,0.04830463337829694,0.029811506633993512,0.03738483202240899
2019-11-25,-0.0024710437284028203,False,0.04072730181835318,0.04665982468651417,0.028796402661612194,0.03611185068809822
2019-11-26,0.002316782254899665,False,0.03937105344857396,0.04510601904902036,0.027837461793407715,0.03490930015224678
2019-11-27,0.0032345041676593187,False,0.03782374964527819,0.04333332798000329,0.026743434412014377,0.0335373456789808
2019-11-28,-0.005396667172154276,False,0.03643866636871881,0.04174648721287543,0.025764105706922127,0.03230922797315344
2019-11-29,-0.002786810907179395,False,0.03576395542779288,0.04097349482663565,0.025287048620701337,0.03171097914083419
2019-12-02,-0.020360922648914967,False,0.034699803598987757,0.03975433383253549,0.02453463578736323,0.0307674230927888
2019-12-03,-0.003963540662455587,False,0.036401766373306166,0.041704212197344916,0.025738015416658037,0.03227650969658614
2019-12-04,0.0358852857124466,False,0.03552810849263375,0.04070329336088528,0.025120292096008388,0.031501859731311366
2019-12-05,0.006416154000078543,False,0.03959350786102281,0.04536087717666896,0.027994749081018865,0.03510654475644596
2019-12-06,0.012559747458927224,False,0.03869593974445735,0.044332565231283066,0.027360119931851994,0.03431069420016867
2019-12-09,-0.0009026629167143254,False,0.038618096641920285,0.044243383150583654,0.027305080652916106,0.03424167272390063
2019-12-10,0.0019547408675179424,False,0.03727206493881685,0.04270128238561243,0.0263533635200027,0.03304818104353566
2019-12-11,-0.01819058798797388,False,0.035852075491948084,0.04107445085763384,0.025349354266709954,0.03178911293456281
2019-12-12,0.019691639005330316,False,0.03712211071569203,0.04252948515256191,0.026247337783037096,0.03291522049192128
2019-12-13,0.011483237063631286,False,0.038218527539649945,0.04378561100684492,0.027022563711051557,0.03388738508105311
2019-12-16,0.008857453834061023,False,0.038082494266386255,0.04362976251213428,0.026926380837711466,0.03376676787752164
2019-12-17,0.013865799030356205,False,0.03756480527827056,0.04303666460608217,0.02656034675517511,0.03330774637088989
2019-12-18,0.001882557937783024,False,0.037790011769233835,0.043294675692440866,0.026719579910975892,0.033507431172302184
2019-12-19,0.008356193270678035,False,0.03641562324253956,0.041720087520783176,0.02574781297181781,0.0322887962260251
2019-12-20,-0.01503352973693229,False,0.03589483432643617,0.041123438137221184,0.0253795870727218,0.03182702609300178
2019-12-23,-0.01718734927423089,False,0.03669288532553422,0.04203773685199713,0.02594385224346712,0.032534637381602526
2019-12-24,0.02588810021896094,False,0.03767582222377241,0.04316385278165668,0.026638841733290574,0.03340618224021637
2019-12-27,-0.005066233605159459,False,0.03953975359758977,0.04529929282425777,0.02795674191271933,0.03505888223405249
2019-12-30,-0.008891538792372217,False,0.038744492770197266,0.04438819071020943,0.027394449544107725,0.034353744918917364
2019-12-31,-0.00779014742872279,False,0.03847498627139033,0.044079426676630826,0.02720389388947144,0.03411478044030311
2020-01-03,0.02982664355079032,False,0.03809042820210038,0.04363885214078551,0.026931990558889028,0.03377380269419463
2020-01-06,0.016795054935377255,False,0.04045534567393214,0.04634825418086904,0.02860411497518563,0.035870714171742556
2020-01-07,-0.021729036792167374,False,0.040870039909125445,0.04682335465275712,0.02889732620315591,0.03623841288081262
2020-01-08,-0.021022457399066028,False,0.04221449635780429,0.04836365070462419,0.02984792954608865,0.037430507823607545
2020-01-09,-0.010904581875742902,False,0.04336553001040348,0.049682349121673616,0.030661772522604616,0.03845109974951086
2020-01-10,0.0028496457228986208,False,0.04309806828569956,0.04937592771323614,0.030472662633727252,0.03821394831948568
2020-01-13,-0.0401856836047685,False,0.041599551277853905,0.047659129944808254,0.029413130152404075,0.03688525184255599
2020-01-14,0.004821535120187537,False,0.04550971474525052,0.05213886549660268,0.03217782696885602,0.04035229318819828
2020-01-15,-0.018162390597982497,False,0.04410615977477776,0.05053086236513492,0.03118543777824121,0.03910779710661868
2020-01-16,0.020951360487589936,False,0.04473314165776808,0.05124917326312733,0.03162874784195844,0.03966372581124222
2020-01-17,-0.009014670932060808,False,0.045448222020906544,0.052068415464086824,0.032134348290625225,0.04029776917161063
2020-01-20,0.009014670932060714,False,0.04492368201342617,0.051467468588223125,0.03176347016727449,0.03983267304237162
2020-01-21,-0.01512227742085727,False,0.0440311660887381,0.05044494475981914,0.03113241319070756,0.039041302134648945
2020-01-22,-0.024649415282735128,False,0.04425871601858129,0.05070564064095721,0.031293303284399776,0.03924306480302394
2020-01-23,-0.013779905166582496,False,0.045733583087606736,0.052395343513579835,0.032336113981298674,0.04055079148766865
2020-01-24,-0.031843486541953334,False,0.04564918739699404,0.05229865436520834,0.03227644166859239,0.04047596000013929
2020-01-27,-0.013573333598936059,False,0.048040937822262805,0.055038797968010075,0.03396753843260843,0.042596663567140126
2020-01-28,0.014078767018844291,False,0.04775535775229765,0.05471161901424665,0.03376561789479509,0.04234344706652159
2020-01-29,0.0015147692873675469,False,0.04739117099437806,0.05429438316706316,0.03350811818190339,0.042020532038091
2020-01-30,-0.0297000836642815,False,0.04545634595354639,0.05207772276547474,0.03214009234989378,0.0403049724536694
2020-01-31,0.0008658758875040947,False,0.047520041550980587,0.05444202559142867,0.03359923662760116,0.04213479824504177
2020-02-03,-0.06748556322889983,False,0.04551123834981519,0.05214061103629486,0.032178904239595366,0.040353644129166394
2020-02-04,-0.0018535686493229438,False,0.05342125946389132,0.061202841578734,0.03777171650294409,0.047367256341564405
2020-02-05,0.026726833394462617,False,0.05118663985192383,0.058642717173722145,0.0361917197128608,0.0453858766240477
2020-02-06,-0.0032567425202740603,False,0.05236469064136303,0.05999236816587976,0.03702466526471256,0.04643042395008868
2020-02-07,-0.01184955985116981,False,0.05043458206990324,0.05778111125591012,0.035659974231354225,0.04471904633771355
2020-02-10,-0.021127546425875394,False,0.049790394916247184,0.05704308888975989,0.03520449911176852,0.04414786216224884
2020-02-11,0.0113605840521796,False,0.05043651956176639,0.05778333097159543,0.035661344142773686,0.04472076426190071
2020-02-12,0.028119435314379194,False,0.049531402326478645,0.05674637026873255,0.03502137735883207,0.04391822009627651
2020-02-13,0.014301280569573147,False,0.05095706331666302,0.058379699482661175,0.036029396699651786,0.04518231701678953
2020-02-14,0.018116756165552955,False,0.05042657348416166,0.05777193610337104,0.03565431172857431,0.04471194533078182
2020-02-17,0.007986153556347254,False,0.050444146320914644,0.05779206867895378,0.03566673667352409,0.04472752671301579
2020-02-18,-0.008334828594747167,False,0.04910373718146424,0.05625640948567098,0.0347189949968701,0.04353902041518434
2020-02-19,0.04049412909560994,False,0.04811295887695133,0.055121309935055984,0.03401846120918161,0.042660522783370826
2020-02-20,-0.0025148810303935922,False,0.05162561506663254,0.05914563550235062,0.036502098905118595,0.045775104652951724
2020-02-21,-0.016417395057629156,False,0.04963391612726801,0.05686381669310197,0.03509386015425685,0.0440091164459558
2020-02-24,-0.03278413455703034,False,0.0496103934593462,0.056836867607049424,0.03507722835723349,0.04398825950150201
2020-02-25,-0.025358501676095033,False,0.05183674580323115,0.05938752049634221,0.036651379742146606,0.04596230884511065
2020-02-26,-0.005986412435747725,False,0.052873235025692036,0.06057498942382447,0.0373842336183382,0.04688133717181565
2020-02-27,-0.05171474225877214,False,0.05138348553762292,0.0588682362917325,0.036330900247158744,0.045560414629100585
2020-02-28,-0.017005240701448404,False,0.05646948995165616,0.06469509109719096,0.03992698013721517,0.05007004389002576
2020-03-02,0.0233083844807221,False,0.05596669110915392,0.06411905230266506,0.03957147419206163,0.049624225092414986
2020-03-03,-0.0053455644664198035,False,0.056276667056042035,0.06447418074705215,0.039790643932836905,0.04989907278944267
2020-03-04,-0.00730070485765736,False,0.05442609032107901,0.0623540406403632,0.03848218620455713,0.0482582140102898
2020-03-05,-0.011051978709341246,False,0.05284454635941365,0.06054212183674468,0.03736394918138577,0.04685589966953016
2020-03-06,-0.11758808488083661,False,0.05194287985057318,0.05950911450874048,0.03672642224746648,0.04605641517426628
2020-03-09,-0.2551752551492866,False,0.06944219345968927,0.07955745723415367,0.04909938236246368,0.06157260632817754
2020-03-10,0.006770124589309984,False,0.1791735196910926,0.2052727444243475,0.1266853581986599,0.15886855012403545
2020-03-11,-0.03199358850069613,False,0.15686263074999288,0.17971195055602207,0.11091035438053568,0.13908605891572604
2020-03-12,-0.10487683971127487,False,0.14585439031265782,0.16710020005990686,0.1031269336755949,0.12932533534054955
2020-03-13,0.03888588549338868,False,0.15917248461731917,0.18235826817808323,0.11254354585365792,0.14113414691183837
2020-03-16,-0.14202807400444636,False,0.14960116376876054,0.1713927454728479,0.10577610492698268,0.13264750296688463
2020-03-17,-0.00035746202346678056,False,0.17558232720552844,0.20115844260933158,0.12414619109864197,0.1556843321414812
2020-03-18,-0.20481066395627548,False,0.15430062728066907,0.17677675408123328,0.10909887951652077,0.1368143963548412
2020-03-19,0.05089830634177545,False,0.20586633427677486,0.23585375503272282,0.1455586201792676,0.18253638206297496
2020-03-20,0.06341716705034528,False,0.19402696859815804,0.2222898138360376,0.13718754902753505,0.1720387211195893
2020-03-23,-0.07305478616906322,False,0.1870186133482736,0.21426058988305144,0.1322322632423041,0.16582459283086168
2020-03-24,0.03109058707003118,False,0.18424343864756523,0.21108117069179164,0.13027006480121062,0.16336391682358917
2020-03-25,0.04470017891790699,False,0.16848697907775123,0.19302955400265545,0.11912939664898574,0.14939306950608355
2020-03-26,-0.0842474760061614,False,0.15798697541009188,0.18100007234129084,0.11170532679749197,0.14008298639863528
2020-03-27,-0.05051138985176328,False,0.16436523241123316,0.18830741508661042,0.11621509908005802,0.14573842278140434
2020-03-30,-0.1542251205910549,False,0.15700384477287196,0.17987373445175384,0.11101020032374177,0.13921126975665088
2020-03-31,-0.2563894447709,False,0.1917700304522257,0.21970411987852498,0.13559177182818882,0.1700375521322184
2020-04-01,0.008048333182828415,False,0.2601322181103633,0.29802425278450256,0.18392753174207813,0.23065254510260808
2020-04-02,0.3016126459877277,False,0.2314811501519043,0.2651997407658677,0.16366967883306943,0.2052483802800767
2020-04-03,0.18404931237616645,False,0.3111849820014595,0.3565135930198305,0.22002459391803905,0.2759197173565579
2020-04-06,-0.07464559807391527,False,0.33065321349667903,0.37881765511004406,0.23378968534850522,0.2931816973436507
2020-04-07,-0.02148695019780865,False,0.3136497893541162,0.35933743535227697,0.22176734587658936,0.278105198621461
2020-04-08,0.13205972201306632,False,0.28332132258858944,0.32459118703458106,0.2003234813901905,0.25121372743291037
2020-04-09,-0.22047067935711936,False,0.2891420049836942,0.33125973633654043,0.20443901830354577,0.2563747767578166
2020-04-15,-0.09347194399257372,False,0.32762012216663594,0.37534274998745076,0.23164512591663028,0.2904923332968401
2020-04-16,-0.05769331623301806,False,0.31637467922936274,0.3624592450031134,0.22369399022946396,0.2805212883677273
2020-04-17,0.05516486987965936,False,0.2951539899551446,0.33814745421279363,0.20868981647342183,0.26170544915532545
2020-04-20,-0.12898478211492678,False,0.27497949839645425,0.3150342550260052,0.19442536102266708,0.24381724654065048
2020-04-21,-0.6436989051459642,False,0.2818324694720638,0.3228854608435632,0.1992707818021184,0.24989359967978106
2020-04-22,0.4120225086543235,False,0.54204451864007,0.6210011732383971,0.3832547584147907,0.48061692892730323
2020-04-23,0.08954990963118407,False,0.6206682984112216,0.7110776481464365,0.43884601833095155,0.5503306116135026
2020-04-24,0.05238831216657014,False,0.5918511872468136,0.6780629063179673,0.4184707639049197,0.5247792205522248
2020-04-27,-0.045110741177876765,False,0.5538557806578968,0.6345329170680345,0.3916059587600558,0.49108967107771884
2020-04-28,0.027951120895050502,False,0.5179270129555767,0.593370602666021,0.36620237895734714,0.4592325571333606
2020-04-29,0.13529266119286157,False,0.4766852530435888,0.5461213815946293,0.3370422266301444,0.4226645496896423
2020-04-30,0.013900696446969129,False,0.47077279984714404,0.5393476937416075,0.3328618028023612,0.417422129556272
2020-05-01,0.02076577350371139,False,0.42576109712819354,0.4877793829540443,0.30103609724099795,0.37751141081891343
2020-05-04,0.09830485545113715,False,0.3918190610687556,0.44889319650593956,0.27703724404218183,0.34741588070755897
2020-05-05,0.22157369227908993,False,0.38155439084339715,0.4371333280197765,0.269779567648189,0.3383144617087273
2020-05-06,-0.050755959966619815,False,0.4184647314839026,0.47942019571081035,0.29587717254727636,0.37104191112341267
2020-05-07,0.001238901665793613,False,0.3899245406087861,0.4467227116326364,0.2756977157262805,0.34573605815802944
2020-05-12,0.043685106940530474,False,0.34888211068173924,0.3997018558527535,0.24667850046715303,0.3093447914835857
2020-05-13,0.04472886344547472,False,0.3240510165525157,0.3712537523174049,0.22912157542795758,0.287327699174943
2020-05-14,0.06858643058862084,False,0.29887093220088196,0.342405823066432,0.21131789544746224,0.2650011662149286
2020-05-15,0.035518366902586515,False,0.2842585474225145,0.32566493227402343,0.20098614998096875,0.2520447405801802
2020-05-18,0.07318439785579293,False,0.2607011558032327,0.2986760645132843,0.18432980142756594,0.2311570075172155
2020-05-19,-0.007233304593519837,False,0.2518508905068867,0.28853662957113074,0.1780721857310401,0.22330970497905223
2020-05-20,0.05014320800431304,False,0.22372157075131982,0.2563098659568962,0.15818323698871214,0.19836816086445913
2020-05-21,0.0005752085289457673,False,0.2116961275093166,0.2425327422978808,0.14968059894690017,0.18770550973303243
2020-05-22,-0.028581706437163984,False,0.18612327436072176,0.2132348317716868,0.13159921020777765,0.1650307187859296
2020-05-27,-0.0365967654916162,False,0.17182671742720035,0.1968557737355301,0.12149077209006214,0.15235432957557027
2020-05-28,0.03748002773069688,False,0.1622852655163908,0.18592447081252245,0.11474445011603279,0.14389416964924898
2020-05-29,0.004990469773013247,False,0.15378876683229895,0.17619033372637077,0.10873696652646904,0.13636054286444482
2020-06-01,0.07310349377018065,False,0.1361128294538797,0.15593963941508743,0.09623912386454668,0.12068774395847842
2020-06-02,0.02632437797827709,False,0.14577812999378426,0.16701283131829345,0.10307301351021834,0.12925771727783397
2020-06-03,0.006869247618883014,False,0.13626570076190014,0.15611477864880455,0.09634721213812782,0.12082329101421883
2020-06-04,0.011258136973673696,False,0.12186560886822535,0.13961710428222585,0.08616556921014944,0.10805510001844457
2020-06-05,0.06525422434649453,False,0.1103899150500277,0.12646980903292643,0.07805163371095863,0.09787989755712319
2020-06-08,-0.033228943612657914,False,0.12039779147894142,0.13793547797756006,0.08512774301768389,0.1067536241034521
2020-06-09,0.019723520412850967,False,0.11737682900352728,0.1344744684533828,0.08299175934128811,0.10407501439998919
2020-06-10,0.01788605809514264,False,0.10951849702553139,0.12547145632021756,0.07743549408963281,0.09710723361469263
2020-06-11,-0.08670236032234346,False,0.1023057115646325,0.11720802392766658,0.07233566510095504,0.0907118423174501
2020-06-12,0.02044632170892053,False,0.12287262871072156,0.14077081118665768,0.08687758664263463,0.10894799860412469
2020-06-15,0.023083866748214322,False,0.11550540936543736,0.13233044937208863,0.0816685645544682,0.10241567475488107
2020-06-16,0.03267530995243713,False,0.10956534578112742,0.1255251292773077,0.07746861869082432,0.09714877320095232
2020-06-17,-0.0068948807990975155,False,0.10767992148497953,0.12336506555616249,0.07613552185416143,0.09547701598585677
2020-06-18,0.031138492409090317,False,0.0982462464820537,0.11255723881258693,0.06946540397660982,0.08711241907086582
2020-06-19,0.013796603235967894,False,0.09677398499397853,0.11087052106161291,0.06842443556620822,0.0858070026878132
2020-06-22,0.020344440717232425,False,0.0899192332401048,0.10301727518414619,0.06357775575102369,0.07972907066707915
2020-06-23,-0.011173300598125302,False,0.08628480166834941,0.09885343588220602,0.06100801628109443,0.07650651369925675
2020-06-24,-0.055837409684835033,False,0.0808297517667549,0.09260377875540159,0.057151001293798735,0.07166966129933336
2020-06-25,0.01912291663253902,False,0.09173820879387988,0.10510121093875967,0.06486386973696254,0.08134190949190957
2020-06-26,-0.0051126100408636485,False,0.08769541586498417,0.10046952651862587,0.062005396725977616,0.07775726901505405
2020-06-29,0.014779190871087105,False,0.08017583288741087,0.09185460709641276,0.056688645318399074,0.07108984825307949
2020-06-30,0.0014419613169014058,False,0.07578780891559946,0.0868274037192257,0.05358607530910506,0.06719910029259364
2020-07-01,0.012884931303860299,False,0.06777497838435592,0.07764738807522127,0.04792057123358172,0.06009432961507956
2020-07-02,0.023662811921981157,False,0.06451722850911515,0.07391509962829185,0.04561716607316485,0.05720576661626949
2020-07-03,-0.006271069210111892,False,0.06484184572889866,0.07428700205956208,0.045846687984866026,0.057493596353282043
2020-07-06,-0.004436668106564283,False,0.0601898770394328,0.06895740658413053,0.042557494800683514,0.053368815402436036
2020-07-07,0.012789384882292686,False,0.05570691846730743,0.06382144000364828,0.039387800900164076,0.04939389137433436
2020-07-08,0.008970732959243537,False,0.053507943392878884,0.06130215228062478,0.03783300672380256,0.047444116751188835
2020-07-09,-0.03069294639940625,False,0.05068524709523382,0.05806828928182332,0.035837207946339725,0.04494130456655078
2020-07-10,0.021491133138729968,False,0.056509320709283245,0.06474072378300696,0.03995514263469812,0.050105360798045805
2020-07-13,-0.00975390919300468,False,0.05734620275342882,0.06569950984836638,0.04054686345212357,0.05084740257524295
2020-07-14,0.002796552743114976,False,0.05486126003667135,0.06285259914367335,0.038789874703349096,0.048644067801035425
2020-07-15,0.022777931748516847,False,0.049810114950881924,0.05706568143377306,0.03521844224162219,0.044165347409601347
2020-07-16,-0.005703220660197464,False,0.05192489104797955,0.0594885053758526,0.03671370319219498,0.0460404649658234
2020-07-17,-0.004126553311016978,False,0.0487807183382805,0.055886338257760626,0.03449060322377662,0.04325260791757968
2020-07-20,-0.005297720555762118,False,0.045493882971953115,0.052120727595647974,0.0321666330498296,0.040338255562136195
2020-07-21,0.02305775020295402,False,0.04294820814241598,0.04920423826412179,0.030366703416292037,0.03808107118604605
2020-07-22,-0.007475400084783141,False,0.04606430385032271,0.052774238557433774,0.032569951427594536,0.04084403307916714
2020-07-23,-0.023465534926005834,False,0.044178880431748335,0.050614175841693435,0.031236855211423536,0.03917227664219347
2020-07-24,0.007652211253280015,False,0.0480837612239686,0.055087859219967915,0.03399781689113141,0.042634633975669856
2020-07-27,0.0023073383563702744,False,0.04533001312403439,0.051932987724998166,0.03205076821434869,0.04019295638403902
2020-07-28,-0.006474011051216058,False,0.04119888427733232,0.04720009997799656,0.02912983693716239,0.03652999072157588
2020-07-29,0.009235807973545515,False,0.03956037347022305,0.04532291628073957,0.02797132127665135,0.03507716534460722
2020-07-30,-0.012255905518224315,False,0.03823865091285708,0.04380866564155001,0.027036792023066115,0.03390522795834063
2020-07-31,0.0034839194453874316,False,0.03887931666431402,0.04454265366214026,0.027489777321054714,0.03447328979707421
2020-08-03,0.014501347453973811,False,0.03580204580942814,0.04101713362542646,0.025313980578334956,0.03174475290223877
2020-08-04,0.005242177246902737,False,0.03673373183487543,0.042084533248513085,0.02597273293228753,0.03257085493053416
2020-08-05,0.020920794509613986,False,0.0344365823282265,0.039452770561728606,0.02434852412851215,0.030534031564175963
2020-08-06,0.0026678539611924477,False,0.03784309780811853,0.043355494483695654,0.026757114608419185,0.033554501197180744
2020-08-07,-0.02177170497753927,False,0.03459612962723837,0.03963555824146009,0.024461332688391946,0.0306754980493682
2020-08-10,0.0027192402887529186,False,0.039306597383071566,0.045032174021678806,0.027791887872884613,0.034852148617294965
2020-08-11,-0.011608187705998915,False,0.03596038097758846,0.041198532609847786,0.02542593209621783,0.031885144622190706
2020-08-12,0.03177016099634331,False,0.03670311305108861,0.04204945439428456,0.02595108379798282,0.032543706042712124
2020-08-13,-0.004891072445101004,False,0.04413184196828361,0.05056028554302903,0.03120359647651998,0.03913056884684745
2020-08-14,-0.00022289089582971293,False,0.04160390429177995,0.04766411703841816,0.02941620796841961,0.03688911154800964
2020-08-17,0.0011139580075844229,False,0.0379172252542196,0.043440419668648034,0.02680952671751799,0.0336202280964836
2020-08-18,0.009529157979736351,False,0.03422218256303847,0.039207140357667425,0.02419693191166346,0.03034392880847255
2020-08-19,-0.0028713437728692284,False,0.03364342097058204,0.038544073735681306,0.023787716198435418,0.02983075579485115
2020-08-20,-0.014481705687485203,False,0.03165450228604696,0.03626544016574717,0.022381443237940238,0.02806723276828195
2020-08-21,-0.01401152866256448,False,0.03390074509659383,0.03883888085697973,0.023969658257357765,0.030058918476936706
2020-08-24,0.011089849991352936,False,0.0356864470488389,0.04088469622686937,0.025232246009421998,0.03164225445535549
2020-08-25,0.03494384721956,False,0.0354555215542007,0.040620133080910864,0.025068969209056182,0.03143749876052348
2020-08-26,-0.004793037498373103,False,0.044443211658925647,0.050917010750184885,0.031423751669425716,0.03940665234060341
2020-08-27,-0.02096512846504485,False,0.041820078423735765,0.04791178007153057,0.029569054758432564,0.037080787589075036
2020-08-28,0.008438868645864604,False,0.04517274447501613,0.05175281061371775,0.031939570783117516,0.040053510319170885
2020-09-02,-0.068336918692031,False,0.043002080603753386,0.04926595803167833,0.03040479415689555,0.038128838511480315
2020-09-03,0.00046827441736039686,False,0.06815366871908989,0.07808124015577333,0.048188325758831065,0.06043010459192264
2020-09-04,-0.03865907314975043,False,0.060888075139414376,0.06975730737517476,0.04305115857724093,0.053987889694411026
2020-09-07,-0.01051740158305571,False,0.06850058335417676,0.0784786879446432,0.04843361314776058,0.060737704873415586
2020-09-08,-0.05405356128106692,False,0.06474803792559121,0.07417952978761845,0.04578036079999896,0.0574104193875816
2020-09-09,0.03694217043418773,False,0.07823985285072282,0.089636623457051,0.05531980284192082,0.06937326456354784
2020-09-10,-0.017918460482335544,False,0.08187228217327337,0.0937981688531171,0.05788812661349157,0.0725940461885143
2020-09-11,-0.012040621960690667,False,0.07887861620434133,0.09036843196793494,0.05577144304186138,0.06993963959506308
2020-09-14,-0.0059454744090912,False,0.07440441182905463,0.0852424947601714,0.05260793883144883,0.0659724776880698
2020-09-15,0.024838045522334325,False,0.06847250860134611,0.07844652369641882,0.048413762780782126,0.060712811712389424
2020-09-16,0.04185332897633771,False,0.06893926409664748,0.07898126890687648,0.048743784132237365,0.06112667180136238
2020-09-17,0.02680227437925479,False,0.07568348510787644,0.08670788363413151,0.053512312740993294,0.06710659905633423
2020-09-18,-0.004496516864956617,False,0.07589771929491684,0.08695332414118369,0.05366378788514631,0.06729655499815414
2020-09-21,-0.04338496936825746,False,0.06932199780392376,0.0794197533358912,0.049014397540315696,0.061466031932610625
2020-09-22,0.011575058431615598,False,0.07742794920454046,0.08870645425600321,0.05474574310130323,0.0686533704891791
2020-09-23,0.00610278959885359,False,0.07224613983406879,0.08276983911111804,0.05108192393122075,0.06405879343825509
2020-09-24,0.003643876253440746,False,0.06595118982934911,0.07555793823586214,0.0466310541957516,0.058477223225886124
2020-09-25,-0.00803412720745208,False,0.05960866671372307,0.06829153453533729,0.04214654770075356,0.052853471160040084
2020-09-28,0.016485221813513275,False,0.05626926065497324,0.06446569549612713,0.039785407207153435,0.049892505724167244
2020-09-29,-0.03076414486954368,False,0.055352885185303034,0.06341583663357499,0.039137480243281855,0.049079979171768595
2020-09-30,-0.0007441399326395343,False,0.06075364849073714,0.06960329953324969,0.042956111674280706,0.05386869704356504
2020-10-01,-0.013741627852296353,False,0.05482367341005116,0.06280953747913005,0.0387632989277263,0.048610740706242085
2020-10-02,-0.04502368137395513,False,0.05392307658750554,0.06177775565276134,0.038126528319806834,0.04781220467429489
2020-10-05,0.04577811369944049,False,0.06516637798987804,0.07465880715654477,0.046076149826102815,0.05778135075950881
2020-10-06,0.03677157033866439,False,0.07412180543028196,0.0849187226359872,0.052408120839819966,0.06572189786519086
2020-10-07,-0.01587528761225196,False,0.07820961086309076,0.08960197628480825,0.05529842012285379,0.069346449771182
2020-10-08,0.03340906213112983,False,0.07500529261899985,0.08593090256193017,0.05303279401228217,0.0665052632250206
2020-10-09,-0.008848557076484137,False,0.07774668824079413,0.08907162226096155,0.054971108819682306,0.06893598819208996
2020-10-12,-0.027519087094390635,False,0.07232702516741861,0.08286250656772111,0.05113911423169654,0.06413051238231411
2020-10-13,0.02052858014112873,False,0.07402457697267967,0.08480733144178294,0.05233937506756698,0.06563568789333396
2020-10-14,0.01130499111485143,False,0.07227963444421925,0.08280821269757692,0.051105606430129916,0.06408849224732435
2020-10-15,-0.004795022373623779,False,0.06766324920232315,0.07751938391552349,0.047841572665760605,0.05999526222394557
2020-10-16,-0.0065099687412276536,False,0.062180974933212105,0.07123853679677732,0.04396530857984526,0.05513427067777528
2020-10-19,-0.0012102143556234554,False,0.05791375220319038,0.0663497311162744,0.04094815157473486,0.051350634070403425
2020-10-20,0.007960481067489537,False,0.052425749194909485,0.0600623207843173,0.037067836960733604,0.046484562998600536
2020-10-21,-0.03745389431107262,False,0.049176076487311635,0.056339286061778036,0.034770142794206,0.04360316181652964
2020-10-22,0.029251194518891566,False,0.05811621297195236,0.06658168323572647,0.041091302276110866,0.051530150825143
2020-10-23,-0.013904358658419798,False,0.06165318503196058,0.07063386663292642,0.04359213260602412,0.05466629295134283
2020-10-26,-0.04137483706635456,False,0.05994835930274907,0.06868070828227375,0.042386728712949906,0.05315466783910004
2020-10-27,0.01675591372843886,False,0.06860847007630436,0.0786022899343583,0.048509894888841394,0.060833365254210674
2020-10-28,-0.047959693395795054,False,0.06627462018927585,0.07592848092390435,0.046859736933414414,0.058764000604799284
2020-10-29,-0.03494039919522748,False,0.0766948289073735,0.08786654434268504,0.05422738744467814,0.06800333158344002
2020-10-30,-0.0063109003528388115,False,0.08052108006814418,0.09225014454199111,0.05693275372701707,0.07139597004569748
2020-11-02,0.0391360158402529,False,0.07387082094241547,0.08463117861318115,0.05223066124756274,0.0654993563771422
2020-11-03,0.010270004683774835,False,0.0789007398749628,0.09039377827241697,0.05578708567221312,0.06995925608460413
2020-11-04,0.03879741565953355,False,0.0730671817371159,0.08371047768882996,0.051662444913132356,0.06478679016987623
2020-11-05,-0.005306392741916371,False,0.07799037692805262,0.08935080774386639,0.055143409886757,0.06915206068144628
2020-11-06,-0.03585167975159125,False,0.07136175574656264,0.08175663164005538,0.05045661660286066,0.06327463282134527
2020-11-09,0.07217408058114713,False,0.076207174495058,0.08730785598449892,0.05388258942983835,0.0675709409624391
2020-11-10,0.03174106329887126,False,0.09426695972346169,0.1079983111585679,0.06665183325892483,0.08358408788132837
2020-11-11,0.005899722127188322,False,0.09363165994856953,0.10727047074694279,0.06620264199626225,0.08302078391595864
2020-11-12,-0.008032171697264378,False,0.08449947761143817,0.09680805345359261,0.059745695721446855,0.07492351279090796
2020-11-13,-0.015537542168159463,False,0.07789430673553835,0.08924074353287817,0.05507548307049604,0.069066877713443
2020-11-16,0.028498722788427893,False,0.07473422741289455,0.08562035277270283,0.0528411362673774,0.06626491668074737
2020-11-17,-0.003988275081284063,False,0.07565340709491178,0.08667342432184735,0.05349104596087477,0.06707992965608721
2020-11-18,0.008660089231342082,False,0.06885225113190824,0.07888158124039922,0.04868226126532643,0.061049519644202375
2020-11-19,0.004186052624313438,False,0.06369942250937619,0.07297816831019004,0.04503893304971047,0.05648063907685818
2020-11-20,0.01611452918556017,False,0.05776764401690047,0.06618234015116806,0.04084484519359212,0.05122108370069952
2020-11-23,0.027257008957012892,False,0.056488318834334555,0.06471666268002586,0.039940293174491576,0.05008673897586618
2020-11-24,0.03558162104990988,False,0.059375380125496154,0.06802426636822591,0.04198160147966339,0.0526466219442693
2020-11-25,0.014266184677657633,False,0.06505082375400695,0.07452642076837751,0.04599444673857101,0.057678891791547574
2020-11-26,-0.02093646223314745,False,0.06221821280233551,0.07128119890223049,0.04399163776507635,0.055167288538269084
2020-11-27,0.012017312004017488,False,0.06283616320345034,0.07198916275187557,0.04442856208318544,0.05571520926027607
2020-11-30,-0.00085360653924054,False,0.059560098723590534,0.06823589191223724,0.0421122075078638,0.05281040717274945
2020-12-01,0.004048157227439957,False,0.054066979815474515,0.061942620475351436,0.038228275676294686,0.04793979996418491
2020-12-02,0.016239943540453505,False,0.04959183173933299,0.05681560210300106,0.03506410421839472,0.043971801301923234
2020-12-03,0.011854147337481592,False,0.04940700687787148,0.05660385481682026,0.03493342305625292,0.0438079218524494
2020-12-04,0.01497924796558308,False,0.04778040941874909,0.05474031981966564,0.033783330776382424,0.042365659734633444
2020-12-07,-0.009618410384780455,False,0.04736835568138597,0.0542682444724566,0.03349198652302991,0.04200030228705452
2020-12-08,0.004309024826809585,False,0.046004304621435524,0.05270549956967348,0.032527528731337185,0.040790833306576305
2020-12-09,-0.0006144393434478832,False,0.04222980916581498,0.04838119404546282,0.029858756528620477,0.03744408529650187
2020-12-10,0.030666110889212336,False,0.03847056505249293,0.04407436144300515,0.027200767848856416,0.03411086025925615
2020-12-11,-0.006378335357456323,False,0.0454355077219718,0.052053849142901266,0.0321253585943935,0.040286495729859366
2020-12-14,0.005185492273671655,False,0.04324666679891568,0.049546171757544936,0.030577729810545733,0.03834570679800379
2020-12-15,0.009897151254819117,False,0.04009136501282058,0.04593125445148619,0.028346760983871497,0.03554798188404917
2020-12-16,0.0011811024995080994,False,0.03890598118995172,0.04457320226310462,0.0275086305812208,0.034496932545930795
2020-12-17,0.00725280058665106,False,0.03514944107069646,0.04026946753071142,0.024852553771344148,0.031166105070655592
2020-12-18,0.018768084988839123,False,0.03361389093967624,0.03851024222699955,0.02376683687123702,0.029804572276197216
2020-12-21,-0.030358431808314802,False,0.03644996215438927,0.041759428393743026,0.025772092437641406,0.032319243655688855
2020-12-22,-0.014529064414150871,False,0.04456534732582052,0.05105693725036657,0.031510108184250485,0.03951494689412602
2020-12-23,0.02318542379883879,False,0.045353597386154756,0.05196000737733863,0.032067443561798026,0.040213867942483966
2020-12-24,-0.0033356255788077826,False,0.048229383425109,0.05525469340913123,0.03410077965451829,0.04276375343484513
2020-12-29,-0.008685407935148033,False,0.04471740151534075,0.051231140340409397,0.03161761871090748,0.039649769431915144
2020-12-30,0.005930043074416986,False,0.04339320453272912,0.04971405484000862,0.030681339904993735,0.03847563803644538
2020-12-31,0.009415526600243277,False,0.04053220343920325,0.04643630739562268,0.02865845756744204,0.03593886197480769
2021-01-05,0.05391047408748534,False,0.03913569630187041,0.044836378716525835,0.027671051575613486,0.03470061502554621
2021-01-06,0.011967233322694193,False,0.056310695853643726,0.06451316633312092,0.039814704131133354,0.04992924524878133
2021-01-07,-0.0018604656529195673,False,0.053754147838125585,0.06158421997819747,0.038007086567687726,0.04766241989842773
2021-01-08,0.03315018318725075,False,0.0492615988743964,0.05643726602632234,0.03483061174218736,0.04367899231683307
2021-01-11,-0.012143330007956208,False,0.05529924575022921,0.06335438383594084,0.039099554264835835,0.04903241846472693
2021-01-12,0.020574629393193728,False,0.05397275376845483,0.061834669036425996,0.038161652770527625,0.047856252152545416
2021-01-13,-0.008251167888758251,False,0.05470360627793285,0.06267198082585017,0.03867840497874032,0.04850428026928648
2021-01-14,0.0043134502537193475,False,0.052137381369041655,0.059731947997525896,0.036863945328889695,0.046228874666546634
2021-01-15,-0.01736657249829859,False,0.04771511530563451,0.05466551467090877,0.03373716431092232,0.042307765124425245
2021-01-18,-0.010824800681723,False,0.04913055839118501,0.05628713759403016,0.03473795904114771,0.04356280209178621
2021-01-19,0.02135312447056906,False,0.04810451827398746,0.0551116398357133,0.03401249324688599,0.04265303871788306
2021-01-20,0.005043238354928816,False,0.04993382634242244,0.057207413185774464,0.03530591287889931,0.04427503911762691
2021-01-21,0.00035925992841950486,False,0.04600437894698445,0.0527055847218178,0.03252758128351568,0.04079089920912828
2021-01-22,-0.008295809524155864,False,0.04171292156565702,0.04778901426116061,0.0294932890706649,0.03698577435995408
2021-01-25,0.003976148379639417,False,0.04071179679520233,0.046642061131609264,0.02878543977259193,0.036098102782984434
2021-01-26,-0.0032520353863773432,False,0.03753276088116722,0.04299995247725774,0.026537689635237432,0.033279333428418344
2021-01-27,-0.0034442162208803543,False,0.03535071529819802,0.04050006027193997,0.024994865523946624,0.03134456974978696
2021-01-28,-0.0036383522035062024,False,0.033449867381062995,0.0383223262554607,0.02365086335399093,0.02965913680678189
2021-01-29,0.006901589326978164,False,0.03180907478027992,0.036442528388149785,0.022490734342079533,0.02820428822206878
2021-02-01,0.02095536517598809,False,0.030518584833430465,0.03496405984269437,0.021578288231458645,0.027060043987992888
2021-02-02,0.021046024082532207,False,0.03456479934537159,0.03959966424912535,0.024439180486506312,0.030647718294504127
2021-02-03,0.017035600831955527,False,0.038030647278349636,0.04357036325747453,0.02688972221615698,0.0337207964871517
2021-02-04,0.006293072898792323,False,0.03953431731234693,0.04529306466513473,0.02795289816535953,0.03505406201979271
2021-02-05,0.008441718204824155,False,0.03714675447263827,0.042557718630533446,0.026264762250567102,0.032937071477169594
2021-02-08,0.011533767640306192,False,0.035750351659391395,0.04095790947184048,0.025277430021503393,0.031698917029391094
2021-02-09,0.009428570385342264,False,0.03549159534794279,0.04066146154650112,0.025094475330103984,0.03146948446532607
2021-02-10,0.007054413636870818,False,0.03461694122961099,0.03965940135590167,0.02447604761560781,0.030693951161749965
2021-02-11,-0.0013086865927979254,False,0.03297656966452503,0.037780085854250585,0.023316216298680553,0.02923947589855706
2021-02-12,0.02233825484380298,False,0.030711632557431704,0.03518522777073936,0.021714783401652865,0.027231214438122448
2021-02-15,0.0176125139771782,False,0.03515734680078054,0.04027852484517304,0.024858143549617462,0.031173114878122087
2021-02-16,0.005958932483096847,False,0.03713143722414292,0.04254017020238909,0.026253932128372723,0.032923490067011764
2021-02-17,0.01643702691000564,False,0.03481792910720808,0.039889666036204384,0.024618156903357887,0.030872161941788264
2021-02-18,-0.014406569359623735,False,0.03640718800259084,0.04171042356565668,0.02574184880146363,0.03228131691578488
2021-02-19,-0.019696532128715093,False,0.038346210858624254,0.04393189325518303,0.027112842715606145,0.034000598594944254
2021-02-22,0.02963295916999848,False,0.04197689806026304,0.04809144276513107,0.0296799347135749,0.03721983552611964
2021-02-23,0.006621011176425539,False,0.04768605511428027,0.05463222144073131,0.03371661718566976,0.04228199820041362
2021-02-24,0.02560551981410782,False,0.04434294805404356,0.05080214229542936,0.03135285988407331,0.039317751181741946
2021-02-25,-0.0023962869037372084,False,0.0481076340787473,0.05511520950267774,0.03401469628918129,0.042655801421800005
2021-02-26,-0.012523739695996646,False,0.04442660321354741,0.05089798304358354,0.03141200860127875,0.039391926059389515
2021-03-01,-0.019936252986524877,False,0.0447052234209117,0.05121718832970145,0.0316090081402295,0.03963897142890358
2021-03-02,-0.021765519051084356,False,0.04755300271914883,0.05447978803233507,0.03362254195420991,0.04216402406482982
2021-03-03,0.02393169659624583,False,0.050644940171066855,0.058022111068896993,0.03580870877338838,0.04490556545391067
2021-03-04,0.039696167815750125,False,0.052942225615140684,0.06065402949436611,0.037433013692267134,0.046942509352486124
2021-03-05,0.038323331788885064,False,0.06102451681934026,0.06991362376690799,0.0431476302161552,0.05410886902162235
2021-03-08,-0.028272995935383502,False,0.06718172488955752,0.0769677185948954,0.04750110896247873,0.059568307004499985
2021-03-09,-0.014367424806240396,False,0.07028492656069053,0.08052294664775685,0.04969524019318709,0.06231983608695231
2021-03-10,0.0074316632168841545,False,0.0678149695567138,0.07769320454250285,0.04794884715294569,0.060129788758714234
2021-03-11,0.026449996670126933,False,0.062304215471454115,0.07137972910886053,0.04405244629840267,0.0552435448922952
2021-03-12,-0.006801270700270513,False,0.06392840446269285,0.07324050480981341,0.045200835661362924,0.05668367148360391
2021-03-15,-0.0013076645524868274,False,0.05989261128628618,0.06861683975775473,0.04234731185354656,0.053105237507190386
2021-03-16,-0.012140864406967431,False,0.05450956739368414,0.062449677360676054,0.038541209004704105,0.04833223098286611
2021-03-17,-0.0032429273703404337,False,0.05335803874906123,0.0611304118488274,0.03772701604208563,0.04731120016027055
2021-03-18,-0.08662220665560076,False,0.0494034259929685,0.05659975232403689,0.03493089117717065,0.04380474677393513
2021-03-19,0.02997607678846033,False,0.082356215919128,0.09435259457574845,0.05823029391613602,0.07302313779028989
2021-03-22,-0.0017202287454199444,False,0.08258575271090417,0.09461556673410917,0.05839258882855426,0.07322666215802275
2021-03-23,-0.06348518137985491,False,0.07463132164646524,0.08550245728720668,0.0527683763310694,0.06617367278521966
2021-03-24,0.06050688934372074,False,0.09028251456474068,0.10343347370854135,0.06383461527366815,0.08005118287111213
2021-03-25,-0.03987398771513926,False,0.10074501698336118,0.11541999151942842,0.07123216971610162,0.08932801458587183
2021-03-26,0.04097228546420184,False,0.10321554025375575,0.11825038237602617,0.07297896313729275,0.09151856400797369
2021-03-29,0.004537283853831782,False,0.10444424908753942,0.1196580704922392,0.07384772666327645,0.09260802851860199
2021-03-30,-0.012250820721613646,False,0.09344214868668714,0.1070533544180735,0.06606864729584198,0.08285274915580357
2021-03-31,0.003785493479481886,False,0.08754455638344213,0.10029669216312538,0.061898730922404825,0.07762350579409168
2021-04-01,0.005181765539667942,False,0.07858036354903515,0.09002673448277027,0.05556056230158063,0.06967518663906362
2021-04-07,0.006324516338005563,False,0.07111270339138487,0.08147130119311863,0.05028052313279704,0.06305380450564167
2021-04-08,0.0037111781198780076,False,0.0648986240356273,0.07435205095108381,0.045886833315148264,0.05754394021706297
2021-04-09,-0.0032263296255313585,False,0.05850471533839875,0.06702677661288006,0.04136599443787195,0.05187462587806101
2021-04-12,0.00788609542838716,False,0.053869764139838384,0.06171667747299748,0.03808883353912269,0.047764933898573975
2021-04-13,0.007187955235198351,False,0.05000750076387589,0.0572918193564614,0.03535800467509777,0.04434036433163016
2021-04-14,0.05088735493063113,False,0.0462772863212764,0.05301824501777635,0.0327205415408508,0.04103287915653719
2021-04-15,0.0003024803410842495,False,0.06054612548054845,0.06936554778340363,0.04280938169473047,0.053684691729594024
2021-04-16,-0.0022708358861355388,False,0.05458294767643183,0.06253374654708385,0.038593092828946865,0.04839729539164657
2021-04-19,0.008451604789895328,False,0.05026297317320475,0.0575845050316552,0.035538637470287036,0.04456688514417403
2021-04-20,-0.018198864417406643,False,0.04707914020626164,0.05393690056398665,0.033287495557367736,0.04174386236621324
2021-04-21,-0.020408871631207238,False,0.049152797717665044,0.056312616401325885,0.03475368344643973,0.04358252113040145
2021-04-22,0.016268078965175743,False,0.05177699903226825,0.05931907074066853,0.03660913554728066,0.04590933292046601
2021-04-23,0.01039605755098134,False,0.051080799964917115,0.05852146017038322,0.036116885194789894,0.045292031119293225
2021-04-26,-0.0038095284166677302,False,0.04841542188140559,0.0554678310678562,0.03423231889377247,0.0429287089476358
2021-04-27,0.011385322225125429,False,0.04533904560716037,0.05194333592044263,0.032057154667895014,0.04020096525443861
2021-04-28,0.012450472088676386,False,0.0436896165089536,0.05005364352445678,0.030890919185721778,0.03873845890966019
2021-04-29,0.017438006523553012,False,0.04258314049530899,0.04878599321345028,0.030108580867155153,0.03775737509583654
2021-04-30,-0.007794730251748729,False,0.04341820356924104,0.04974269534917321,0.030699015574370513,0.03849780403894393
2021-05-05,0.011542474129190721,False,0.04226937280995581,0.04842652070883484,0.029886730162437945,0.037479165361865956
2021-05-06,-0.015759742068003596,False,0.04101376273921513,0.046988012799897436,0.028998946008597183,0.03636584821654436
2021-05-07,0.001601747703210274,False,0.04307247635822016,0.04934660794992591,0.03045456775840577,0.0381912566158202
2021-05-10,-0.0017474884307144486,False,0.038826198669675,0.04448179826031153,0.027452220029166714,0.03442619143785045
2021-05-11,0.003201399707473364,False,0.03618143690546417,0.04145178854333925,0.025582230579683212,0.03208114922609918
2021-05-12,0.011412185973020213,False,0.032813519705507464,0.03759328530122514,0.023200931168946934,0.029094903694854398
2021-05-13,-0.033000512449221676,False,0.032650896541395906,0.03740697371198079,0.023085947806269283,0.028950709919214286
2021-05-14,0.027527360373937253,False,0.043337643883948215,0.049650400975995025,0.03064205552466402,0.03842637383863875
2021-05-17,0.00547315207528444,False,0.04788708632655457,0.05486253576803617,0.03385875711337777,0.042460247404195274
2021-05-18,-0.008800460750782361,False,0.044100077878615675,0.05052389455248801,0.03118113754908263,0.03910240444576712
2021-05-19,-0.031351452856064395,False,0.04318624259268542,0.049476945888320883,0.030535006632347594,0.03829213020893668
2021-05-20,-0.02574729536703053,False,0.051035007108154486,0.0584689969191232,0.03608450717111812,0.04525142777136291
2021-05-21,0.023352084641075667,False,0.05539804743818021,0.06346757742433731,0.0391694123959385,0.04912002337945789
2021-05-24,0.027641993460738794,False,0.05679802071335047,0.06507147713457573,0.0401592691344748,0.050361343663962804
2021-05-25,0.0030569934280678195,False,0.059571634267128956,0.06824910777518753,0.04212036376034854,0.05282063544241788
2021-05-26,0.001887751958262664,False,0.05349717358650235,0.06128981369557247,0.037825391888859916,0.04743456744096094
2021-05-27,0.007227553867621514,False,0.04787630958232337,0.05485018923452994,0.03385113737299705,0.04245069194235014
2021-05-28,-0.001008718292895692,False,0.044576111993870814,0.05106926994862081,0.031517719386118886,0.039524491648332244
2021-06-02,0.008106422831770042,False,0.0410176030899421,0.04699241255346948,0.02900166134403455,0.03636925335672921
2021-06-03,0.0015568611169530886,False,0.03883066674364456,0.04448691717413097,0.02745537919884909,0.03443015316408441
2021-06-04,0.00830932180410088,False,0.03511151516014948,0.04022601716061101,0.024825738103655428,0.031132477141533475
2021-06-07,-0.005766947553324095,False,0.03365135289835711,0.038553161063908006,0.023793324499891595,0.029837788831136244
2021-06-08,0.007028423647443096,False,0.032960467374146436,0.03776163803147393,0.023304831109463152,0.029225198411958964
2021-06-09,-0.0011212334741569502,False,0.03133317998140778,0.03589731260185403,0.02215425100925257,0.027782324547756115
2021-06-10,0.004756584233968584,False,0.02927636523970806,0.033540892928181985,0.020699971868284917,0.025958599834132477
2021-06-11,0.005567168171350154,False,0.027193982099249208,0.031155180447219703,0.01922761448807214,0.024112204279154267
2021-06-14,0.0030487828493585096,False,0.02564354897465491,0.0293789042258194,0.018131374507460423,0.022737475117204236
2021-06-15,0.015242313632246214,False,0.023383899291386637,0.026790103756186467,0.016533680104727982,0.02073390187944017
2021-06-16,0.00679073640390324,False,0.025839674838849316,0.029603598669871133,0.018270046089066492,0.022911374875048518
2021-06-17,-0.013079205520576806,False,0.024776369344990647,0.02838540729169112,0.017518231660258433,0.021968569250425594
2021-06-18,0.0024654169452704303,False,0.028067953713447346,0.03215645871704848,0.0198455596352738,0.024887132423874556
2021-06-21,0.018836521432452093,False,0.025458806421210383,0.029167251237013345,0.018000751541533286,0.022573668648131432
2021-06-22,0.005755989387702845,False,0.02904137031637448,0.03327166758215072,0.020533817761982227,0.025750235881574757
2021-06-23,0.003996275466302445,False,0.027243162314973,0.031211524475457865,0.019262387557530156,0.024155811111125296
2021-06-24,0.009658075999591623,False,0.02502934667497908,0.028675234443010133,0.017697100299558365,0.022192877740311836
2021-06-25,0.006561703333289417,False,0.02503166945444529,0.02867789556903223,0.017698742630128196,0.022194937289103926
2021-06-28,-0.02208646282610371,False,0.023912802173850223,0.02739604902312339,0.01690764301639441,0.021202866457678514
2021-06-29,0.007991518290021624,False,0.031705146910253244,0.036323461914826424,0.022417251723309457,0.02811213805357802
2021-06-30,0.02048390948515963,False,0.030430108092456103,0.034862695179719384,0.021515730395669563,0.02698159393810532
2021-07-01,-0.0032545755473811994,False,0.03410195421210114,0.03906939900170664,0.024111923972262656,0.03023732542293797
2021-07-02,0.010635638516652338,False,0.03250356927175874,0.03723818608633663,0.022981779467339546,0.02882007861967101
2021-07-05,0.01065136794426511,False,0.032062056931153,0.03673236106258529,0.022669606390005356,0.028428600986509407
2021-07-06,-0.03282811816947276,False,0.03167481591593561,0.03628871277078196,0.02239580607170717,0.028085244341274043
2021-07-07,-0.019984677898834638,False,0.043021376920809574,0.04928806513749528,0.03041843769553001,0.03814594805935734
2021-07-08,0.010175479415533057,False,0.04645775377477061,0.0532250001762501,0.032848141780152516,0.04119289500447405
2021-07-09,0.02720094119517084,False,0.04423836524053493,0.050682325476596145,0.03127891418487843,0.03922502029171615
2021-07-12,-0.004808013940274698,False,0.048715840174992794,0.05581200964796248,0.034444730857315635,0.04319508211938138
2021-07-13,0.00946399751949418,False,0.04572108968676649,0.05238103026750368,0.032327280471953684,0.04053971391057451
2021-07-14,-0.02297151388565263,False,0.04346193862766272,0.049792801053884804,0.030729938623443514,0.038536582790028466
2021-07-15,-0.016104693580046243,False,0.04801113254326126,0.055004651117350846,0.03394646449013617,0.042570235993081296
2021-07-16,-0.0009396604490316657,False,0.04919754132194244,0.05636387756124111,0.03478531959191901,0.04362219413314834
2021-07-19,-0.07138435549017173,False,0.04487033235645873,0.05140634777908411,0.03172574907760483,0.03978536927412146
2021-07-20,0.010046008713027303,False,0.07373826792214411,0.08447931732084427,0.052136939101107484,0.06538182502439889
2021-07-21,0.035214412187330124,False,0.06782554654338066,0.07770532222085502,0.04795632565393658,0.060139167100666455
2021-07-22,0.02329964382805264,False,0.07214496992391226,0.08265393233456535,0.05101039133907653,0.06396908868182424
2021-07-23,0.008181924793473815,False,0.07123067094529609,0.0816064524341398,0.05036393256656174,0.06315840330061911
2021-07-26,-0.0009355162727065967,False,0.06510632431404799,0.0745900057908538,0.04603368863291537,0.05772810271021453
2021-07-27,0.0010690900390176214,False,0.058749303652290905,0.06730699276610028,0.0415389315895786,0.05209149604320775
2021-07-28,0.002934117869198629,False,0.052601317401631466,0.06026346304958963,0.037191973167887526,0.04664023481047255
2021-07-29,0.015985544178618787,False,0.047108320767710585,0.0539703316979109,0.03330812779078019,0.04176973601929096
2021-07-30,0.018439686218828088,False,0.046936193623105305,0.0537731317354166,0.03318642460044477,0.04161711530866599
2021-08-02,-0.050264487712443975,False,0.04770792456624159,0.0546572764959141,0.03373208006969473,0.042301389280809266
2021-08-03,-0.009106416990485425,False,0.06385535808298949,0.07315681816427659,0.04514918792461148,0.05661890313806217
2021-08-04,-0.031202697755015434,False,0.06042620577805707,0.0692281600350165,0.042724591986455555,0.05357836201469554
2021-08-05,0.016069653424098385,False,0.06576309004605116,0.07534243898792772,0.04649805748694511,0.058310439987477286
2021-08-06,-0.01564714796045122,False,0.06321293712230257,0.07242081926274647,0.04469496159887281,0.05604928500046248
2021-08-09,-0.019478827289127004,False,0.062223410362903846,0.07128715356296392,0.04399531272119427,0.05517189708150191
2021-08-10,0.021167066294494427,False,0.06274837967314324,0.07188859227576694,0.04436649438478855,0.055637373862452225
2021-08-11,0.01187745396090235,False,0.062444874938510045,0.07154087766966134,0.044151900140682133,0.05536826402283928
2021-08-12,-0.0027820298928197306,False,0.05892480189455293,0.06750805487557318,0.04166301832807953,0.052247105819393166
2021-08-13,-0.012474757050309836,False,0.05406035397251778,0.061935029482161154,0.03822359084736578,0.04793392499970522
2021-08-16,-0.011775691155639431,False,0.05311623778738564,0.0608533890661463,0.037556049698981665,0.0470968014686211
2021-08-17,-0.009607874869683553,False,0.052041873465184796,0.05962252798070246,0.03679641608108695,0.046144190265429305
2021-08-18,-0.0114485708099595,False,0.050423651974818205,0.05776858903377154,0.03565224606363513,0.04470935490361173
2021-08-19,-0.026735216160199502,False,0.049577175626044474,0.05679881111400609,0.03505374155450914,0.043958806103343594
2021-08-20,-0.019500277798814986,False,0.054890746994806006,0.06288638130540943,0.03881072357577131,0.048670213128171366
2021-08-23,0.052917680357096326,False,0.056405915026062514,0.06462225556057996,0.03988202923021077,0.050013673639161024
2021-08-24,0.03051277489315186,False,0.07004953335795268,0.0802532650071431,0.0495288044818287,0.06211111899029378
2021-08-25,0.012698140341083235,False,0.07215522502640394,0.08266568124163849,0.051017642250565924,0.06397818161735978
2021-08-26,-0.02385408460821016,False,0.06761028683966552,0.077458706815734,0.0478041254140914,0.0599483018595956
2021-08-27,0.02579341199258782,False,0.06903259441514244,0.07908819414141163,0.048809773709546075,0.06120942539356435
2021-09-01,-0.020077682138674852,False,0.06954016524422868,0.07966970003165649,0.04916865370701915,0.06165947538890524
2021-09-02,0.021574179254908857,False,0.06935245937000395,0.07945465207137134,0.0490359355132082,0.061493041419537105
2021-09-03,-0.006683513932994009,False,0.06825100538135916,0.07819275531622545,0.04825714803762932,0.06051641050607388
2021-09-06,-0.008797307595891528,False,0.06349249606175522,0.07274110002091175,0.04489262487212466,0.056297162719567556
2021-09-07,-0.012643447341976147,False,0.06008723437720097,0.06883981252777847,0.04248492089325722,0.05327780479463107
2021-09-08,0.011676529661835638,False,0.058430770232816766,0.06694206032899094,0.041313711253371015,0.051809060655405165
2021-09-09,-0.014476867532154773,False,0.05530695647790779,0.06336321774306518,0.03910500616587354,0.049039255368577506
2021-09-10,0.015581840020272943,False,0.054922061925117886,0.0629222577100124,0.038832864923278275,0.04869797927120668
2021-09-13,0.007289764762316231,False,0.05364336787974396,0.0614573033103583,0.0379287591522694,0.04756419415948354
2021-09-14,0.0010957404191798117,False,0.0496489658445645,0.056881058620243806,0.035104501117440366,0.044022460643082656
2021-09-15,0.024208363209180562,False,0.04460872254596616,0.05110663070113237,0.031540776808222204,0.03955340658586913
2021-09-16,0.004000538739934012,False,0.04795357600762217,0.054938710636578,0.03390576890997074,0.04251920209374779
2021-09-17,-0.006676483606734409,False,0.0435446257539661,0.049887532760747075,0.03078840288887862,0.0386098993375428
2021-09-20,-0.014167409600580758,False,0.041880132677635774,0.04798058209949578,0.02961151636034669,0.03713403615092906
2021-09-21,0.0008149959701315723,False,0.04318668659289551,0.04947745456360843,0.03053532056448306,0.03829252389249971
2021-09-22,0.024808513346339735,False,0.03899798382168649,0.044678606414025025,0.027573681412262314,0.034578508912441304
2021-09-23,0.012373463117093173,False,0.04345151314632105,0.04978085694980828,0.030722567244902535,0.03852733878395017
2021-09-24,0.012739025777429712,False,0.0424982312954428,0.04868871575574639,0.03004854547566452,0.03768208829286371
2021-09-27,0.018302168259545212,False,0.04178591471357631,0.04787263992093108,0.029544899169669184,0.03705049550624244
2021-09-28,-0.006999710412289954,False,0.04326238216894977,0.04956417629941085,0.030588841426176357,0.038359641212287125
2021-09-29,-0.005635260814447713,False,0.04176303116255312,0.047846423048433395,0.029528719262821187,0.037030205250299424
2021-09-30,-0.0006423845534709173,False,0.03995244797110793,0.045772102125579826,0.02824853913044357,0.035424807717227766
2021-10-01,0.020228410624251257,False,0.03662259306919685,0.041957205507884295,0.025894151820725835,0.03247231104639117
2021-10-04,0.025368184549122447,False,0.03957167902291491,0.04533586865133705,0.027979314913182417,0.035087189687309214
2021-10-05,0.015594857957906418,False,0.04412057665089442,0.05054737926859027,0.031195631288521604,0.03912058017975316
2021-10-06,-0.016208995421168895,False,0.044223841263291756,0.05066568587118011,0.03126864494831551,0.03921214225476831
2021-10-07,0.011604601002808508,False,0.04599550682947773,0.05269542025157353,0.032521308217125865,0.040783032530797396
2021-10-08,-0.0020667443986621594,False,0.044428760580359834,0.05090045466219705,0.031413533976166,0.03939383894103724
2021-10-11,0.01904589876207931,False,0.04112099591042103,0.04711086603950958,0.02907476565386853,0.03646092911055177
2021-10-12,-0.0026303219373609455,False,0.042893021545710626,0.049141012938299755,0.03032768351098774,0.038032138650591164
2021-10-13,0.0,False,0.03992730959937691,0.045743301984998326,0.028230764943539353,0.035402518169775264
2021-10-14,0.003942892974801568,False,0.03646275350657768,0.041774082992107456,0.025781136614686253,0.032330585418577716
2021-10-15,0.009612605911569237,False,0.033392740310728086,0.0382568777978494,0.02361047142899724,0.0296084837032843
2021-10-18,-0.006398126091463694,False,0.03255838397162289,0.0373009853431426,0.023020536421485528,0.028868681403764977
2021-10-19,0.010523301367921872,False,0.03233122159907319,0.03704073347264512,0.022859920351737433,0.02866726237247103
2021-10-20,0.008666174391847917,False,0.03198540402207647,0.036644542544305485,0.022615408642145785,0.028360634824161457
2021-10-21,-0.013854865278149414,False,0.030971284837507152,0.03548270217554549,0.0218983715912758,0.027461441434517366
2021-10-22,0.009999495119184893,False,0.033884358822255774,0.03882010768385648,0.023958072276138904,0.030044389189068106
2021-10-25,-0.006812335483292082,False,0.03321905028376256,0.03805788729648613,0.023487663196399042,0.029454477225080426
2021-10-26,0.0030595458086343265,False,0.03290854971061451,0.03770215780640679,0.02326812251651527,0.029179164355445673
2021-10-27,-0.01170018665437063,False,0.029885387375860533,0.03423862798143501,0.02113058342071972,0.026498604093304245
2021-10-28,-0.008596041469797908,False,0.031888162902412504,0.036533136843626426,0.022546653917131135,0.028274413625180236
2021-10-29,-0.0036036075032986558,False,0.0323567911597083,0.03707002761105544,0.022877999412491648,0.028689934244031136
2021-11-01,0.01682516869498865,False,0.030935792066448056,0.03544203936702844,0.02187327628465439,0.02742997090757921
2021-11-02,-0.0010655302020382848,False,0.033213881705323585,0.03805196583955003,0.023484008732212323,0.029449894379556054
2021-11-03,-0.040121379232985546,False,0.030807700446722437,0.03529528934300608,0.02178270858941034,0.027316395363916657
2021-11-04,-0.011783082065805183,False,0.046128749568694366,0.052848071730434765,0.03261551803213721,0.040901175439584346
2021-11-05,0.028049569269574234,False,0.0459346757359722,0.0526257282260346,0.03247829734764219,0.040729095165251715
2021-11-08,0.009538255229658866,False,0.05069924479152081,0.058084325945820345,0.03584710507383452,0.04495371596371496
2021-11-09,0.015500489193060782,False,0.04773033009468786,0.054682945714905694,0.03374792198875587,0.04232125568643193
2021-11-10,-0.01923251061972864,False,0.04730490958998276,0.05419555653660656,0.03344712670875837,0.041944046270151795
2021-11-11,0.005892627236573861,False,0.04983347132584388,0.05709244000388158,0.035234956460539014,0.044186056906366025
2021-11-12,-0.006013247223451746,False,0.045735845214619604,0.052397935152238104,0.03233771342730727,0.04055279725749084
2021-11-15,-0.011647790022524418,False,0.04363004352612234,0.0499853928716795,0.03084879786845373,0.03868563707848065
2021-11-16,0.011044471753846862,False,0.04368967414421252,0.05005370955512802,0.030890959936963554,0.03873851001336143
2021-11-17,-0.026664984923688854,False,0.04221138713405832,0.04836008857729386,0.029845731156925695,0.037427750954906275
2021-11-18,0.021825290056724986,False,0.048477499634375296,0.05553895134691171,0.03427621121884759,0.04298375169405424
2021-11-19,-0.02716990535192795,False,0.05038640378901319,0.057725915108862304,0.03562590958395279,0.044676327895581784
2021-11-22,0.009056572044343037,False,0.055575635585903636,0.06367103386434737,0.039294976810506935,0.049277486221046725
2021-11-23,0.02992924121596037,False,0.052059959290244893,0.0596432482687878,0.03680920373648383,0.046160226501197
2021-11-24,-0.012786663960825858,False,0.0566336957172608,0.06488321581681514,0.040043082484647836,0.050215640917692525
2021-11-25,-0.003892475417057568,False,0.055433088339473725,0.0635077225416963,0.03919418820622356,0.04915109324510063
2021-11-26,-0.12553696865806344,False,0.05123644319380677,0.05869977509549229,0.03622693336617747,0.04543003596595222
2021-11-29,0.013314313765143606,False,0.11758307876851287,0.13471076149137448,0.08313758906769321,0.10425789076019676
2021-11-30,-0.0344000632058541,False,0.1063327484581578,0.12182165721710142,0.07518299774371963,0.09428251232311481
2021-12-01,-0.018947785326399475,False,0.10603845077971716,0.12148449080860883,0.07497491338574885,0.09402156614334818
2021-12-02,0.014705097587609328,False,0.09996907978798376,0.1145310278049763,0.0706835401992761,0.08864001103808504
2021-12-03,0.0021235939176135355,False,0.09207941149068229,0.10549211476259689,0.06510511847693977,0.08164444514468275
2021-12-06,0.03706441331098662,False,0.0811603937626028,0.09298258355884942,0.057384783047663514,0.07196283305027644
2021-12-07,0.029010898357175026,False,0.08433275390844504,0.09661704402243898,0.05962781305624998,0.07477568317294045
2021-12-08,0.00528123751934538,False,0.08394583818357419,0.09617376840424435,0.05935424273580048,0.07443261495428627
2021-12-09,-0.02452802250161509,False,0.07521263029587763,0.08616844198197755,0.05317939295116904,0.0666891042087131
2021-12-10,0.011805879005724917,False,0.07588055995039486,0.08693366528897928,0.05365165530154261,0.06728134024884305
2021-12-13,-0.01153600989060698,False,0.07048393966703641,0.08075094890270203,0.04983595321097634,0.06249629588812918
2021-12-14,-0.010170268691256113,False,0.0670169624170664,0.07677895607594336,0.04738461299320146,0.05942221635915996
2021-12-15,0.004623342475294434,False,0.06360367253523211,0.07286847096202721,0.044971232645136916,0.05639574003824516
2021-12-16,0.012538081337890975,False,0.0573287465525968,0.06567951089842006,0.04053452097507113,0.05083192461107928
2021-12-17,-0.022628158761559693,False,0.05472657956119365,0.06269830050138878,0.038694648331128054,0.04852465008849595
2021-12-20,-0.03429385404657945,False,0.05769139869416035,0.06609498859009269,0.04079093563129208,0.05115347893466967
2021-12-21,0.0326479889102645,False,0.06479862538322922,0.0742374860429887,0.04581612886551601,0.057455273984752364
2021-12-22,0.02494368172776147,False,0.06870131358882257,0.0787086574525578,0.04857554026802505,0.060915687208077635
2021-12-23,0.020802340060442504,False,0.06901553673838129,0.07906865176635364,0.04879771301054184,0.061194300790441074
2021-12-24,-0.013465549996588206,False,0.06775437170781677,0.07762377973703632,0.047906001200001165,0.06007605820516199
2021-12-30,-0.00025438819775952857,False,0.06541260659186435,0.07494090252963695,0.04625024675010793,0.0579996753259072
2021-12-31,-0.01758146024535147,False,0.05882812011960156,0.06739728999628576,0.04159465908999506,0.052161380576977744
2022-01-03,0.012991371859948884,False,0.05920065109045969,0.06782408551217983,0.04185805861222704,0.052491694204340585
2022-01-04,0.014463586316759385,False,0.056456461176270595,0.06468016449149334,0.03991776808914325,0.05005849161009643
2022-01-05,0.015126233775560426,False,0.054597281724799024,0.06255016855772538,0.038603227775533655,0.0484100050235466
2022-01-06,0.017098639095503774,False,0.053243119578863296,0.06099875303286972,0.037645761980293915,0.04720930428870271
2022-01-07,0.0035307761766701956,False,0.0527649953601543,0.060450983079366805,0.03730770232719879,0.046785363845179326
2022-01-10,-0.008789119078501956,False,0.047624578471612826,0.05456178983242167,0.03367314987805308,0.0422274884430348
2022-01-11,0.04107698898041104,False,0.04628280656798559,0.05302456936857242,0.03272444465350329,0.041037773817269016
2022-01-12,0.00995266104346292,False,0.05676665749089886,0.06503554540338168,0.04013709364181608,0.05033353470152966
2022-01-13,-0.00034958923621201016,False,0.05329732678228419,0.061060856302554666,0.037684089401634764,0.04725736842133014
2022-01-14,0.015841228529568138,False,0.04830438092556286,0.055340615384486036,0.034153806939048854,0.0428302517889578
2022-01-17,0.007429030110086682,False,0.04808321663012907,0.05508723529812818,0.0339974318338654,0.042634151098323685
2022-01-18,0.011435165648038287,False,0.04486904251762163,0.05140487005649201,0.03172483709186398,0.03978422560720966
2022-01-19,0.00907721815111668,False,0.04342870337557314,0.04975472460475423,0.03070643950469511,0.038507113947079015
2022-01-20,0.001226378435661947,False,0.04135358917864824,0.04737733989449631,0.02923922166026257,0.036667163577316586
2022-01-21,0.0,False,0.03727058132051567,0.04269958265676362,0.026352314521711884,0.03304686555735861
2022-01-24,-0.022650131630320404,False,0.03406111780240351,0.03902261417599399,0.024083050424435884,0.03020111682910045
2022-01-25,0.01974899145669888,False,0.04021253491348742,0.04607007450756585,0.028432434649797913,0.035655420117504666
2022-01-26,0.01914728408878755,False,0.04256476488366012,0.04876494092715183,0.030095588316984407,0.03774108191375623
2022-01-27,-0.005716814162463408,False,0.04434286804169199,0.050802050628117004,0.03135280331101811,0.03931768023684836
2022-01-28,0.00845369254718219,False,0.042317620581352904,0.048481796468691066,0.029920843943382062,0.037521945419442475
2022-01-31,0.00957465697697571,False,0.04012545050685804,0.04597030499264982,0.028370861269611036,0.03557820461465874
2022-02-01,-0.023112918895500222,False,0.03865206662165009,0.044282301351103455,0.027329099263799516,0.03427179303094556
2022-02-02,0.013100864426586463,False,0.04421364830466144,0.05065400816012406,0.0312614379758934,0.0392031044205958
2022-02-03,0.016918308313770575,False,0.043500876394441564,0.04983741067176935,0.03075746972815329,0.03857110790603829
2022-02-04,0.040774676484977276,False,0.044255862568281325,0.050702371544189107,0.0312912857408812,0.03924053472205668
2022-02-07,0.004326781242773778,False,0.05496813611944762,0.06297504327974118,0.03886544186780914,0.04873883207391948
2022-02-08,-0.012516325796209812,False,0.04972480584429882,0.056967945817132305,0.0351581240944779,0.04408970601963144
2022-02-09,-0.011726655163352116,False,0.04950373843416139,0.056714676728821,0.03500181749243316,0.043893691234696934
2022-02-10,0.0148445126049012,False,0.04901152568255048,0.05615076604303424,0.03465379648544908,0.043457258851519964
2022-02-11,0.011657428140605455,False,0.04820617601151849,0.05522810549878083,0.03408437075933865,0.04274317601829602
2022-02-14,0.04178153401495492,False,0.046314166862426336,0.053060497745248326,0.032746618075900145,0.04106558018351027
2022-02-15,-0.03228827637763636,False,0.05700677751605519,0.06531064239673239,0.04030687147198902,0.050546442950014724
2022-02-16,-0.010108831679533132,False,0.0637030905904154,0.07298237070049297,0.0450415265811718,0.05648389146994306
2022-02-17,-0.022416878914542145,False,0.06079369050338483,0.06964917424644747,0.04298442354047619,0.05390420126597668
2022-02-18,0.009401510802472049,False,0.06287726483110526,0.07203625142839194,0.044457623154436306,0.05575165301605279
2022-02-21,0.02839323619905811,False,0.05822876062187307,0.06671062508504419,0.04117087954494615,0.05162994393069564
2022-02-22,-0.002225820425216421,False,0.06126324977791126,0.07018713164728509,0.04331642731531659,0.05432054739385271
2022-02-23,0.005656009422144404,False,0.05596633601029986,0.06411864547850689,0.03957122311798774,0.04962391023539709
2022-02-24,0.019942828653203154,False,0.05099569636779831,0.058423959998644234,0.03605671235393943,0.04521657194927795
2022-02-25,-0.02732218991349617,False,0.05178959856475823,0.05933350557801024,0.03661804409743573,0.045920504601763425
2022-02-28,0.04483988599895458,False,0.057160443850795425,0.06548669246435478,0.04041552187241205,0.05068269493549307
2022-03-01,0.07339398596640409,False,0.06728799990705467,0.07708947411179877,0.04757625114131413,0.059662538328265284
2022-03-02,0.06971979252787928,False,0.0891229959125874,0.10210505432855105,0.06301477294406878,0.07902306751440674
2022-03-03,-0.03056149074180861,False,0.10486803737179279,0.12014358969347806,0.07414736787523452,0.09298379068700142
2022-03-04,0.07109422197327595,False,0.10337749696567028,0.11843593043463413,0.0730934752822623,0.09166216685759722
2022-03-07,0.04081553559418091,False,0.11698819992660367,0.13402922990853114,0.08271697758837415,0.10373042699615105
2022-03-08,0.031734165578380616,False,0.11587113261286773,0.1327494455207899,0.08192715064845224,0.10273995214902996
2022-03-09,-0.13312386406507265,False,0.11143781590990154,0.12767035186850725,0.07879255623131029,0.09880904428912304
2022-03-10,-0.017653625651692418,False,0.15683669814556234,0.17968224049121612,0.11089201862820479,0.1390630651425729
2022-03-11,0.030692286658044615,False,0.14244535225470897,0.1631945861097613,0.10071655959672045,0.12630262900248282
2022-03-14,-0.06759684359349555,False,0.1335038659189621,0.15295064245929335,0.09439444569715837,0.11837444311562266
2022-03-15,-0.04872675463895833,False,0.14233622515754585,0.16306956306637657,0.10063940084347874,0.12620586881305615
2022-03-16,-0.005053646035632557,False,0.14195674021469232,0.16263480063149466,0.10037108448736047,0.12586938927763716
2022-03-17,0.08156368756578795,False,0.1255889258095424,0.14388277639841526,0.08879815543835498,0.11135646935660967
2022-03-18,0.007198696700154454,False,0.13990276162601772,0.16028163023771663,0.09891881065980361,0.1240481793079322
2022-03-21,0.06739373957966661,False,0.12306796695969224,0.14099460328789223,0.08701570133772693,0.1091212000038139
2022-03-22,-0.006234127318569661,False,0.13173289905208663,0.15092170855391007,0.09314227644650747,0.116804172358296
2022-03-23,0.04811206915919598,False,0.11737832227114521,0.13447617923711144,0.08299281516216717,0.10407633844196715
2022-03-24,-0.028152952768131536,False,0.11908839386693167,0.13643534759097542,0.08420192816631569,0.105592614929136
2022-03-25,-0.010622439229112702,False,0.11452033528670584,0.13120188495056517,0.08097206396257565,0.10154223491330928
2022-03-28,-0.06892300005036632,False,0.10417261773255178,0.11934687208632437,0.0736556686205259,0.09236717998468072
2022-03-29,-0.015047140342468842,False,0.11890016553725502,0.13621970107201573,0.08406884056827478,0.10542571771196041
2022-03-30,0.024521764654350332,False,0.10959278401359542,0.12555656428673634,0.07748801900351862,0.09717310197574933
2022-03-31,-0.07451399865752108,False,0.10346733409200218,0.1185388536428467,0.07315699498399343,0.09174182312618125
2022-04-01,-0.010870690874923832,False,0.12087171692917803,0.13847843755099667,0.08546283391463226,0.10717384160699715
2022-04-04,0.018854394625336807,False,0.10972074740250273,0.12570316740125978,0.07757849603264651,0.09728656382044443
2022-04-05,-0.014435640667323677,False,0.10147659659186531,0.11625813632040928,0.071749436022607,0.08997668740261251
2022-04-06,-0.05584595466589387,False,0.09467267401628511,0.1084631236290916,0.06693869518250184,0.0839438243065355
2022-04-07,-0.009768817717516365,False,0.10536074115446929,0.12070806293613487,0.07449573606770973,0.09342065845479097
2022-04-08,0.014222727193429386,False,0.09608711145603686,0.11008359441950176,0.06793877886681791,0.08519796959364004
2022-04-11,-0.03354064777774723,False,0.08824453576555821,0.1010986337059111,0.062393654161664376,0.07824415950310638
2022-04-12,0.06427040921839045,False,0.090673198928047,0.10388106692208,0.0641108502250907,0.0803975926445073
2022-04-13,0.03823677485195292,False,0.10393938041925964,0.1190796603717575,0.07349075723947669,0.09216037445972686
2022-04-14,0.021339492953202407,False,0.10398647754350315,0.1191336178759949,0.07352405745071998,0.09220213426807622
2022-04-20,-0.004179734402707968,False,0.09763043595655412,0.11185172654251134,0.06902999266616662,0.08656639572151203
2022-04-21,0.020259821345692295,False,0.08761601933797811,0.1003785647346279,0.06194925909201902,0.07768687015727593
2022-04-22,-0.01930834648799283,False,0.08322125392757701,0.09534363793043524,0.0588419225214386,0.07379014473663671
2022-04-25,-0.057544491547078365,False,0.0808168285331915,0.09258897306522498,0.05714186386949693,0.07165820260062235
2022-04-26,0.03581704578608847,False,0.09483666679105668,0.10865100433267527,0.06705464693390878,0.08408923248071044
2022-04-27,0.003976919737874036,False,0.0953483259572191,0.10923719408565391,0.06741641760656547,0.08454290749935181
2022-04-28,0.02372408951224107,False,0.08408188718176551,0.09632963491444667,0.05945043672751393,0.07455324610070649
2022-04-29,0.024097551579060524,False,0.08157132985780317,0.0934533784630866,0.05767533706762681,0.07232719951330441
2022-05-04,0.05189821906429831,False,0.07955647740106934,0.09114503349047595,0.05625072752912554,0.0705406816781521
2022-05-05,0.014193554842638083,False,0.08930187625942541,0.1023099911952394,0.06314125101322175,0.07918167611570473
2022-05-06,0.015489091357433593,False,0.08247010452957583,0.09448307271596473,0.05831081931650882,0.0731241198910416
2022-05-09,-0.0652296668855444,False,0.07709054592112094,0.08831990328527538,0.05450718075184947,0.06835420367850102
2022-05-10,-0.03880456276327371,False,0.09550419547640367,0.10941576826352507,0.0675266257774168,0.08468111299179329
2022-05-11,0.04841419028822516,False,0.09882807245621975,0.11322381618797336,0.06987678637325855,0.08762830919290855
2022-05-12,0.0033370442535769133,False,0.10376644083185776,0.11888152962237668,0.07336847960819218,0.09200703337697673
2022-05-13,0.036883097880667785,False,0.09106159764732778,0.10432604155435336,0.0643854691027062,0.08074197579615021
2022-05-16,0.024144269139562795,False,0.09274287951820498,0.10625222654184972,0.06557422621599061,0.08223272517494562
2022-05-17,-0.017300102162694835,False,0.08906882291440894,0.10204299024659876,0.06297646970768225,0.07897503371068774
2022-05-18,-0.02556995721708173,False,0.08501389269460065,0.09739740056289811,0.06010941497630989,0.07537963141024889
2022-05-19,0.028488892552139912,False,0.0847348202206351,0.09707767713098159,0.05991209566043852,0.07513218502757543
2022-05-20,0.0036147273214037893,False,0.08393762932270722,0.09616436380359988,0.059348438627687135,0.07442533636855354
2022-05-23,0.01311436875565536,False,0.07417222665275339,0.08497648844162511,0.05244377136809345,0.06576660506591632
2022-05-24,0.005543539532063966,False,0.0691933540596991,0.07927237076241972,0.04892343946322252,0.061351966834359874
2022-05-25,0.005512978042512577,False,0.06214063933237699,0.07119232573000973,0.04393678913094028,0.055098506138271316
2022-05-26,0.028788712391658148,False,0.05597604867668842,0.06412977293578236,0.03957809049784733,0.04963252220679582
2022-05-27,0.011452407328588213,False,0.059822383455556044,0.06853638222377428,0.04229765698319016,0.053042968296507426
2022-05-30,0.014906090900297571,False,0.056193858713289316,0.06437931016680463,0.039732093960823445,0.04982564876242137
2022-05-31,0.02027912094942336,False,0.05424345828234135,0.062144805593375645,0.03835305548654746,0.048096278880308145
2022-06-01,-0.026885727092622082,False,0.05475074043988921,0.06272598076288105,0.03871173137764753,0.048546072918022896
2022-06-06,-0.00550525984523533,False,0.05987163939783595,0.068592813009241,0.042332483595414444,0.05308664227326746
2022-06-07,0.01508683530669283,False,0.055673374636342504,0.06378301002664863,0.03936408359947995,0.049364148922435264
2022-06-08,0.018041021939678097,False,0.05399410878423872,0.06185913472033254,0.038176751920382945,0.04787518709561799
2022-06-09,-0.005666177304983087,False,0.05367017291119304,0.06148801288384561,0.037947711757634894,0.04758796149122814
2022-06-10,-0.008049748441725258,False,0.05039816869780416,0.05773939374744453,0.03563422801006245,0.044686759537518515
2022-06-13,0.00781620361952007,False,0.048441818186133606,0.05549807237764083,0.034250982507264875,0.04295211387191256
2022-06-14,-0.011117314846484374,False,0.04506226460269633,0.05162623774383252,0.031861455544756924,0.03995555065881708
2022-06-15,-0.016350868283453026,False,0.04502093038413364,0.051578882596165464,0.031832230019168635,0.03991890067066657
2022-06-16,0.006540663023981544,False,0.04714448124677174,0.05401175947579559,0.033333695203031706,0.04180179858573571
2022-06-17,-0.05356382332357686,False,0.043329779272441166,0.04964139076962823,0.030636494819446074,0.0384194004899566
2022-06-20,-0.00816949841973812,False,0.06435629645487992,0.07373072548363215,0.045503378416531286,0.057063072304247744
2022-06-21,0.002196317828315026,False,0.06048400693216823,0.06929438076649373,0.04276546052509616,0.05362961281093468
2022-06-22,-0.025380554847237738,False,0.053500730130877514,0.061293888302276715,0.03782790655787403,0.04743772093735542
2022-06-23,-0.009041967358825233,False,0.058151237447157555,0.06662180953429887,0.041116066472264075,0.05156120612619585
2022-06-24,0.024671310840431903,False,0.055484107351895594,0.06356617321407085,0.03923026140428736,0.04919633049079518
2022-06-27,0.01965893305055289,False,0.05766053146477551,0.06605962510055736,0.0407691108325274,0.051126109756527885
2022-06-28,0.020835809564629944,False,0.057493900854225025,0.06586872232211234,0.040651293988716745,0.05097836268123418
2022-06-29,-0.011604590949194532,False,0.05777030562214308,0.06618538945786062,0.0408467270922908,0.05122344367759022
2022-06-30,-0.008479558664398167,False,0.05617713445239053,0.06436014977447055,0.03972026900484656,0.04981081979056511
2022-07-01,-0.0047700831064061405,False,0.05360464702319243,0.06141294219882521,0.037901381414808824,0.047529861372191604
2022-07-04,0.02149371154588649,False,0.05002573806796512,0.05731271318869594,0.035370899434351843,0.04435653487995573
2022-07-05,-0.09745533615071303,False,0.05168725969057215,0.05921625956084379,0.03654568498456981,0.04582976335500274
2022-07-06,-0.017806250489824788,False,0.09839946998480205,0.11273278154330792,0.06957374127089076,0.08724827840861017
2022-07-07,0.04380262265839284,False,0.092923816004663,0.10645951905474879,0.06570215808693705,0.0823931569023442
2022-07-08,0.004838364398041526,False,0.09704610690516025,0.11118228148035432,0.06861684045869007,0.08604828618529067
2022-07-11,0.007867173443413986,False,0.08561602157148566,0.09808723825358162,0.060535152622037056,0.07591352359377836
2022-07-12,-0.07098502803200309,False,0.07702822352280737,0.08824850272472945,0.054463115449299375,0.06829894401135043
2022-07-13,0.001774457621801722,False,0.09869196015569834,0.11306787715453742,0.06978054762337782,0.0875076219179409
2022-07-14,0.005304558527482047,False,0.08627206957582087,0.09883884917553137,0.06099901400383059,0.07649522448038366
2022-07-15,0.04109669226166571,False,0.07673858141129167,0.08791667003408297,0.05425832282865964,0.06804212580299746
2022-07-18,0.043661358958919816,False,0.0823694895468604,0.09436780170009246,0.0582396790880452,0.07303490717449558
2022-07-19,-0.019894726702203644,False,0.08812949502832429,0.10096683561491351,0.06231231414541062,0.07814215584117541
2022-07-20,0.007798323897708746,False,0.0852252981011189,0.09763960023647134,0.060258890019810024,0.07556707914515884
2022-07-21,-0.026677578051649112,False,0.0768925062977113,0.08809301631519104,0.054367156039088156,0.0681786070395979
2022-07-22,-0.055027999426618054,False,0.07842709442119263,0.08985113948099767,0.05545219274789322,0.0695392868467221
2022-07-25,0.013581604116844075,False,0.09177729544846551,0.1051459911321219,0.06489150611339531,0.0813765666229071
2022-07-26,-0.008443566749631802,False,0.084442366071116,0.09674262278816591,0.05970531477701118,0.07487287345747311
2022-07-27,0.021387245877161655,False,0.07800405923330928,0.08936648307555004,0.05515308401575447,0.06916419242949826
2022-07-28,0.0003647638194739244,False,0.07555008458545628,0.08655505138865217,0.05341799136473288,0.06698831624524018
2022-07-29,0.01654723772321159,False,0.06728277982845625,0.07708349365295723,0.047572560263732404,0.05965790981887453
2022-08-01,-0.049826482506090355,False,0.06459092977674757,0.07399953655569354,0.0456692768510622,0.05727111563408894
2022-08-02,0.003951086983894155,False,0.07817269294302963,0.08955968073364391,0.05527231715889484,0.06931371560129004
2022-08-03,-0.0450323289808845,False,0.0695029660367359,0.07962708221946184,0.0491423518576496,0.061626491808684625
2022-08-04,-0.03834111582646287,False,0.07992669252460816,0.09156917582226264,0.05651248962219005,0.07086894190327912
2022-08-05,0.02339995824766677,False,0.08566965042748462,0.09814867893114505,0.06057307112050561,0.07596107492062651
2022-08-08,0.030919673679975064,False,0.08291298695420038,0.09499046739636578,0.058623961117262556,0.0735168123424531
2022-08-09,0.0033772406297850163,False,0.0833957655745554,0.09554356973269612,0.058965311683773586,0.0739448797241673
2022-08-10,0.011969310320661475,False,0.07376917143206607,0.08451472237570373,0.05215878955217196,0.0654092263715595
2022-08-11,0.020071345177612575,False,0.06848429580730477,0.07846002788007496,0.048422096972193934,0.06072326312465109
2022-08-12,-0.03310084546794641,False,0.06691424597024648,0.07666127748720662,0.04731198691608521,0.05933114032845907
2022-08-15,-0.053986864486111,False,0.07264225982007912,0.0832236597247325,0.05136200216155235,0.0644100228384539
2022-08-16,-0.02985604743233095,False,0.08659195250901686,0.09920532770263102,0.06122518851914647,0.07677885644728305
2022-08-17,0.019317248300269846,False,0.08792651037462361,0.10073428329907463,0.06216879302908028,0.07796217457113921
2022-08-18,-0.008989056756934078,False,0.08325599674459787,0.0953834415432191,0.058866487570039004,0.07382095029862401
2022-08-19,0.001037344491362722,False,0.07714087759989507,0.08837756650387635,0.05454276796789141,0.06839883148313389
2022-08-22,-0.014516468165874718,False,0.0685067416038079,0.07848574323275058,0.04843796736294675,0.06074316523492374
2022-08-23,0.045548865415404934,False,0.06655746413243431,0.07625252519426326,0.04705972288175727,0.05901479105217354
2022-08-24,0.0038122036537749262,False,0.07586751566965443,0.08691872091934671,0.053642432290347125,0.06726977422071446
2022-08-25,-0.010670526048171858,False,0.06734128653293038,0.07715052270845234,0.047613927664596704,0.05970978620846807
2022-08-26,0.023208003707207617,False,0.06411800296259747,0.07345772108418956,0.04533489204377789,0.05685178359546882
2022-08-31,-0.028487300804681075,False,0.06444814084189318,0.07383594833918965,0.04556831736000559,0.05714450835923502
2022-09-01,-0.04566713291371992,False,0.06869358285539574,0.07869980062555751,0.04857007422184253,0.0609088325656448
2022-09-02,0.00917289116759494,False,0.07967178396561185,0.09127713613038942,0.05633225549964769,0.07064292104231835
2022-09-05,0.012065706143496486,False,0.0725094834483862,0.08307154254659645,0.05126812209357559,0.0642922934457515
2022-09-06,-0.030058821095559747,False,0.06746340214595903,0.077290426233631,0.047700270000254646,0.059818062980743436
2022-09-07,-0.05162146810378153,False,0.07181086405103203,0.08227115909010009,0.050774160437015325,0.0636728456002354
2022-09-08,0.013270987584915508,False,0.08484852897465534,0.09720794921607012,0.05999249389260036,0.07523300765426018
2022-09-09,0.041081081308960286,False,0.07845439626064268,0.08988241822978493,0.055471496623355265,0.06956349468533927
2022-09-12,0.019122280935142323,False,0.08388056851982702,0.09609899126626026,0.05930809355736399,0.07437474202270311
2022-09-13,-0.015203268734406711,False,0.07976887582907581,0.09138837083353575,0.05640090469246543,0.07072900989966711
2022-09-14,0.008546598244676025,False,0.0763550373522626,0.08747725721381641,0.053987136458113164,0.06770204715369879
2022-09-15,-0.038992364778840334,False,0.06948451728755635,0.07960594614208938,0.049129307595293416,0.06161013377743753
2022-09-16,0.0016786977250889859,False,0.07731063918094708,0.08857205632413796,0.05466279857699605,0.0685493547094175
2022-09-21,0.002674394284016926,False,0.06819466850385343,0.07812821215450245,0.04821731482165571,0.06046645804622779
2022-09-22,0.005991363756116905,False,0.060466046799795996,0.06927380448006128,0.042752761741220086,0.053613688023639465
2022-09-23,-0.06998103338873995,False,0.05500799682036409,0.06302071027052146,0.03889362553681536,0.04877417553188383
2022-09-26,-0.020859063643253878,False,0.08131747509777319,0.09316254607130026,0.05749584803788469,0.0721021130287749
2022-09-27,0.04059422782021563,False,0.07980777159109367,0.09143293232805597,0.0564284060975399,0.07076349777113608
2022-09-28,0.0407987303203681,False,0.08476187400079357,0.09710867168703965,0.05993122414458012,0.07515617291840082
2022-09-29,-0.0015645957594941282,False,0.08901650277500285,0.10198304891920246,0.06293947654254774,0.07892864278917176
2022-09-30,-0.005720390227367686,False,0.0794643026609671,0.09103943216110534,0.056185555008170136,0.07045895270758015
2022-10-03,0.01982468311946937,False,0.07273944707288307,0.08333500371206123,0.05143071879978685,0.06449619627507626
2022-10-04,0.0331881668552316,False,0.07065160006953046,0.0809430314772397,0.04995449817332518,0.06264495605344471
2022-10-05,0.0064862793199992035,False,0.07409936053630994,0.08489300831730943,0.05239225108720542,0.06570199655516933
2022-10-06,0.013684424071702688,False,0.06707046057527251,0.07684024701768269,0.04742243908126957,0.05946965179963779
2022-10-07,0.03321129782311869,False,0.06352944320384978,0.07278342905072296,0.044918748497639945,0.05632992279988471
2022-10-10,-0.01785670629514141,False,0.06804742147811918,0.0779595164614508,0.04811320321950049,0.06033589789688871
2022-10-11,-0.020385521329987062,False,0.06739634758023869,0.07721360419678466,0.047652858799694525,0.059758607422502726
2022-10-12,-0.01834524700433515,False,0.06781689322425469,0.07769540842015263,0.04795020728982246,0.060131494425230525
2022-10-13,0.018240166354839923,False,0.06733504463734886,0.07714337159014736,0.047609514307204684,0.05970425168024777
2022-10-14,-0.03138265865619742,False,0.06545531169930657,0.0749898282560541,0.046280441568195774,0.05803754084595691
2022-10-17,-0.012878056400538658,False,0.0705018533875605,0.08077147201672674,0.0498486191791684,0.06251217952323272
2022-10-18,-0.017507372373318824,False,0.06758789762641845,0.07743305628848728,0.047788295030757516,0.059928449920240316
2022-10-19,0.020797209752150967,False,0.06681736971467457,0.07655028979837245,0.04724349016969528,0.059245242645081034
2022-10-20,0.001968719874634826,False,0.06596718939499138,0.07557626837055309,0.04664236675303077,0.05849140962910343
2022-10-21,0.003272611189588279,False,0.05850656257351396,0.06702889292461155,0.04136730053289453,0.0518762637739119
2022-10-24,-0.0027264317014352372,False,0.05246212823101808,0.06010399895525684,0.037093558904625124,0.04651681935395621
2022-10-25,0.0020727657014745276,False,0.04835821434649308,0.05540229042483324,0.03419187007597535,0.04287798449826745
2022-10-26,0.01267004874813277,False,0.043200805087357554,0.04949362962178867,0.030545303102813684,0.0383050423982978
2022-10-27,0.013255137952723853,False,0.04251880288501737,0.048712283896040924,0.030063090700865568,0.037700328592072514
2022-10-28,0.004978560148159504,False,0.04213978776069305,0.04827805971557873,0.02979510653182921,0.03736426563265586
2022-10-31,-0.014260111816833197,False,0.03873281471312099,0.04437481157455521,0.027386192526852482,0.03434339028616151
2022-11-01,0.019319144529228335,False,0.0408380111454143,0.046786660434555455,0.028874680136871105,0.03621001380006773
2022-11-02,0.009937840039120635,False,0.04307203395272578,0.049346101101647576,0.030454254953820467,0.03819086434625057
2022-11-03,-0.00815221906155016,False,0.04135064136044266,0.047373962683766924,0.02923713739353654,0.03666454982275533
2022-11-04,0.04353423289787531,False,0.04069716298171579,0.04662529569070619,0.02877509287587108,0.03608512735706547
2022-11-07,0.003410233997071214,False,0.05404447898530583,0.06191684207255778,0.03821236637376716,0.04791984905697692
2022-11-08,-0.030705950402038516,False,0.048510242099913274,0.0555764632279742,0.03429936191088142,0.04301278359584682
2022-11-09,-0.04002640676474508,False,0.05613338043260938,0.06431002234640217,0.03968933254906804,0.049772024226930965
2022-11-10,0.012813843239860453,False,0.06665177329578556,0.07636057185662079,0.04712640455526108,0.05909841256092581
2022-11-11,0.02224412353507596,False,0.06273853264476874,0.07187731088473134,0.044359532003746045,0.05562864275573743
2022-11-14,-0.029271409694030987,False,0.06300243828401393,0.07217965821222884,0.044546127548087996,0.055862641096277504
2022-11-15,0.007557649470246732,False,0.0676051504734264,0.07745282226317238,0.04780049372567023,0.05994374757580008
2022-11-16,-0.018084062457234117,False,0.061692353080745756,0.07067874007673519,0.04361982653255326,0.05470102225248295
2022-11-17,-0.01753762066532759,False,0.06201374050682284,0.07104694224794923,0.04384706480561568,0.05498598821451234
2022-11-18,-0.023009963105301245,False,0.06204968869719221,0.07108812681421177,0.0438724821182933,0.055017862550035865
2022-11-21,-0.005525187422303284,False,0.06421769135608311,0.0735719305396567,0.04540537712359745,0.05694017472918413
2022-11-22,0.0023716765309715333,False,0.05947052086557142,0.06813326573853178,0.04204887112283667,0.052730980790707906
2022-11-23,-0.031512203530007256,False,0.05285112122660465,0.06054965442880879,0.03736859796769435,0.04686172943510988
2022-11-24,-0.0036153750966914015,False,0.060188869604030505,0.06895625240113398,0.0425567824894278,0.053367922135384174
2022-11-25,-0.025920144528817236,False,0.055292316862982825,0.06334644565565993,0.039094655167222304,0.049026274798672345
2022-11-28,0.0011983224921087163,False,0.05969405237717304,0.06838935786046417,0.042206919977738684,0.052929180431014175
2022-11-29,-0.0033589283020146205,False,0.05316333335982125,0.060907344792532424,0.03758934881301292,0.0471385599010223
2022-11-30,0.02831439519959904,False,0.04911597771718122,0.056270433033147084,0.03472764971691201,0.043549873783279416
2022-12-01,0.007795722766561261,False,0.05392727819241047,0.061782569282427764,0.03812949908146463,0.04781593012926498
2022-12-02,0.003008913275783264,False,0.04992860912374732,0.05720143600344556,0.03530222402343786,0.04427041314405656
2022-12-05,-0.037438156791682047,False,0.044759077085205164,0.05127888656215169,0.031647085590307454,0.03968672208748259
2022-12-06,-0.04214244366475863,False,0.056350239288609785,0.06455846984355841,0.03984266347597246,0.04996430739519009
2022-12-07,-0.03579316049542887,False,0.06784890274913496,0.07773208059710834,0.04797283975321446,0.060159876447399056
2022-12-08,-0.014236510283766676,False,0.07440823734116891,0.08524687751367137,0.05261064367518538,0.06597586967123854
2022-12-09,0.004593485339190115,False,0.0713237913334794,0.08171313715896522,0.05042977371179871,0.06324097075301484
2022-12-12,0.021118877789298954,False,0.063789550459337,0.07308142470471583,0.04510265837945887,0.05656055321127163
2022-12-13,0.027066278518406796,False,0.06339163716295089,0.07262554955903058,0.04482131218180872,0.056207733728901
2022-12-14,0.039033523186116824,False,0.0653959099920508,0.0749217738276268,0.04623844135201269,0.05798487088042356
2022-12-15,-0.01195161205235672,False,0.07202777242723628,0.08251966332079691,0.05092752637737918,0.06386517267678522
2022-12-16,-0.026333501469289852,False,0.06846868470152707,0.07844214279006828,0.04841105907702541,0.06070942115880137
2022-12-19,0.018040771018960837,False,0.07100874106080086,0.08135219523955739,0.05020701614855122,0.06296162378186133
2022-12-20,-0.02743639290870464,False,0.06848115885859361,0.07845643398923569,0.04841987897998276,0.060720481672936484
2022-12-21,0.010018869027400148,False,0.07147676130553983,0.08188838942857235,0.05053793174618641,0.06337660529162106
2022-12-22,-0.00838395701134273,False,0.06585430542163515,0.07544694120740805,0.04656255168535682,0.05839131831421346
2022-12-23,0.03542924400682532,False,0.06185455164062947,0.07086456521198069,0.04373450967710275,0.05484483954247847
2022-12-29,-0.009098796326801948,False,0.06754729724882991,0.07738654187638758,0.04775958837038341,0.05989245061000127
2022-12-30,0.02271437257826579,False,0.06358323577911647,0.07284505729564268,0.04495678275447566,0.056377619292395396
2023-01-04,-0.06490361183347325,False,0.06381084540555237,0.07310582156904898,0.04511771505688401,0.05657943489220327
2023-01-05,0.01867983807631346,False,0.08477846311880952,0.09712767725096776,0.05994295354723779,0.07517088206253983
2023-01-06,-0.004179188530098584,False,0.08041733897689271,0.09213129205448357,0.05685940317093171,0.07130398548914123
2023-01-09,0.014164358699826057,False,0.07298912409644992,0.08362104981940807,0.05160725394414899,0.06471757846816893
2023-01-10,0.011545990997060948,False,0.06866167433648626,0.07866324416755881,0.04854751317512867,0.060880540102871875
2023-01-11,0.03398233072589115,False,0.06399608978088045,0.07331804947738235,0.04524869283799354,0.05674368631382931
2023-01-12,0.018082349740372285,False,0.06864830081679557,0.07864792260054235,0.048538057374208354,0.06086868214703678
2023-01-13,0.010119349091357649,False,0.06643128949403594,0.07610797138773294,0.04697051059587574,0.05890291524653366
2023-01-16,-0.009393132646949971,False,0.061616765453059524,0.07059214201354802,0.04356638199618802,0.05463400064773617
2023-01-17,0.020715582429159267,False,0.05868469843198197,0.0672329768573889,0.04149325220854925,0.052034212256526435
2023-01-18,-0.00713609117730375,False,0.058957990063083554,0.06754607738274078,0.04168648415620809,0.05227653291456227
2023-01-19,0.015397674813147596,False,0.05561370022341277,0.0637146431690063,0.039321890565652565,0.04931123715579701
2023-01-20,0.021856252480917528,False,0.0542113224784274,0.062107988743011405,0.038330333737056466,0.04806778488976935
2023-01-23,0.00664758894979547,False,0.05544006022473874,0.06351570998328158,0.03919911770575921,0.04915727503639207
2023-01-24,-0.02650771559912319,False,0.05082627340613635,0.058229858122603555,0.035936921167037325,0.045066348968095464
2023-01-25,-0.0019961258315898036,False,0.05629556242602929,0.06449582850203786,0.03980400398023263,0.049915826827869256
2023-01-26,0.014121726188179732,False,0.05142591527095081,0.058916846531797136,0.03636090036087078,0.04559803598200794
2023-01-27,-0.01083610952671826,False,0.05026406432800136,0.057585755128991445,0.03553940897567744,0.04456785264305889
2023-01-30,-0.005403513676196244,False,0.04937104641293855,0.05656265618802576,0.03490799706479574,0.043776036633386174
2023-01-31,-0.017586004548502437,False,0.046719246744280435,0.05352458339363342,0.033033031436648055,0.04142475409283307
2023-02-01,-0.021936285287647732,False,0.04897156505914507,0.056104984574603646,0.03462554216584491,0.043421826794855484
2023-02-02,-0.012825431692047048,False,0.05269313023418682,0.06036864975432426,0.03725688980065537,0.04672164288693383
2023-02-03,-0.02157905838005717,False,0.052240058260037976,0.05984958126855898,0.03693654343790167,0.04631991562411644
2023-02-06,0.02046139294238183,False,0.05549378317586119,0.06357725846228948,0.039237102734563524,0.04920490979496534
2023-02-07,0.029867581216149682,False,0.05604786631404483,0.0642120518548081,0.039628869447377174,0.04969620105811167
2023-02-08,0.014962275655905872,False,0.06035388170197179,0.06914530090710755,0.042673454957384255,0.05351423411718849
2023-02-09,-0.008471088060078274,False,0.05811805520510424,0.06658379381688605,0.04109260483447515,0.051531784285881704
2023-02-10,0.0236809550524724,False,0.055312720723669176,0.06336982163491825,0.03910908179903789,0.04904436637699129
2023-02-13,0.006066280852256809,False,0.05716368532603166,0.06549040610752521,0.040417813770523454,0.050685569068188184
2023-02-14,-0.011934153574506905,False,0.052133770647279885,0.059727811321712024,0.03686139235353633,0.046225673132457325
2023-02-15,-0.010055091519282749,False,0.05145058397819881,0.058945108594444164,0.03637834246961206,0.0456199090900469
2023-02-16,-0.003215245401613823,False,0.05020973586435447,0.0575235129357679,0.03550099581680577,0.04451968099210885
2023-02-17,-0.022556893907792835,False,0.0465334384568358,0.05331170943119575,0.03290165493920699,0.04126000266484164
2023-02-20,0.009953954485775388,False,0.0509242906787269,0.058342153034152654,0.036006224674102416,0.045153258361907776
2023-02-21,-0.00788217262230203,False,0.0481431544998177,0.055155903988831724,0.03403981114585447,0.04268729646529181
2023-02-22,-0.03203935374461666,False,0.046428328828272664,0.053191289059046014,0.03282733675330761,0.041166804661460936
2023-02-23,0.031308626638663475,False,0.05501851921166267,0.06303276540089725,0.038901065435931394,0.04878350546552763
2023-02-24,0.0027982255620932856,False,0.06010383040232786,0.06885882600493853,0.0424966551796155,0.053292520063127645
2023-02-27,-0.013084870272368812,False,0.05356814720007073,0.06137112564649028,0.03787557406797357,0.04749749791809902
2023-02-28,0.0239597962001546,False,0.05306211546316549,0.060791383039550125,0.0375177822918213,0.04704881259619719
2023-03-01,0.005632467404274467,False,0.05535827046730306,0.06342200636009233,0.03914128792859355,0.04908475416276518
2023-03-02,0.005600920320202304,False,0.0504058474539185,0.05774819102588208,0.03563965730547699,0.04469356809300565
2023-03-03,0.01871854053301594,False,0.04603432521161561,0.0527398930947107,0.03254875491044477,0.040817451791517606
2023-03-06,0.001398601626583598,False,0.04731573778484047,0.05420796201527011,0.033454782827511624,0.04195364735194373
2023-03-07,-0.03351607452247525,False,0.042333851495412474,0.04850039165105545,0.029932320076490757,0.03753633695334926
2023-03-08,-0.011263971815556734,False,0.05261482773259298,0.060278941356424996,0.03720152570176749,0.0466522140733416
2023-03-09,-0.01348886178594366,False,0.0515709263463459,0.05908298057587684,0.0364634310253399,0.04572661357170793
2023-03-10,0.015921953010585257,False,0.05164081750579612,0.05916305239751701,0.03651284785091288,0.04578858426462889
2023-03-13,-0.032478004290749415,False,0.05100564991357716,0.05843536342289073,0.036063750048541364,0.04522539750223468
2023-03-14,-0.0370791645524676,False,0.05912436066191592,0.06773668227498557,0.041804117157687,0.052424049444155116
2023-03-15,-0.032702987116093596,False,0.06785159766837345,0.07773516807046402,0.047974745206708,0.0601622659629528
2023-03-16,-0.016009024577818866,False,0.0731122428557754,0.08376210261370733,0.051694305558433365,0.06482674470445669
2023-03-17,-0.02899960413617604,False,0.07079104525961034,0.0811027888839917,0.05005309345618176,0.0627685985158351
2023-03-20,0.01938018132777649,False,0.07408087411278329,0.08487182907777421,0.052379180187050504,0.06568560511904795
2023-03-21,0.03206796521147245,False,0.07145724897170157,0.08186603483999245,0.050524135472016805,0.06335930420722106
2023-03-22,0.0172349486881672,False,0.07426704117693089,0.08508511407795107,0.05251081035900333,0.06585067466511128
2023-03-23,-0.02353988606775695,False,0.07084322365327557,0.08116256781832183,0.05008998639941972,0.06281486375504952
2023-03-24,-0.009192980788752556,False,0.07183283484911031,0.08229633025393332,0.05078969497822016,0.06369232654162552
2023-03-27,0.042152088773000994,False,0.06720394525818689,0.07699317568285424,0.047516819963546134,0.05958800923367679
2023-03-28,0.016401219978573148,False,0.074974898047762,0.08589608058006391,0.05301130340836257,0.06647831314069717
2023-03-29,-0.007198899838779376,False,0.07115781487731686,0.08152298382199304,0.05031241939048076,0.06309380369958681
2023-03-30,0.012054518885621602,False,0.06590074295616527,0.07550014304311309,0.04659538553103867,0.05843249328133391
2023-03-31,0.00938854904327939,False,0.06181999533406071,0.07082497527760441,0.04371007650146813,0.05481419935451049
2023-04-03,0.08028552159670856,False,0.05729930488643645,0.06564578062609197,0.04051370412652163,0.05080581944317168
2023-04-04,-0.0012827242152954864,False,0.08665660437066929,0.09927939704667481,0.06127090087812545,0.07683618158964363
2023-04-05,0.0022145821743992386,False,0.07711823538769018,0.08835162612470006,0.05452675870062618,0.06837875521611188
2023-04-06,0.007770407320037998,False,0.0680124750969199,0.0779194796324102,0.04808849424002846,0.060304911839781705
2023-04-12,0.011273819798967723,False,0.06215615783893202,0.07121010473237242,0.04394776155345574,0.055112265998772676
2023-04-13,-0.020593337288427837,False,0.05833881057057514,0.06683670540669427,0.04124869080408256,0.0517275223888387
2023-04-14,0.00920498963043334,False,0.06013380044251971,0.06889316161664776,0.04251784561715045,0.05331909372669493
2023-04-17,-0.019429314784615712,False,0.05583753969047284,0.06397108810458116,0.03948015716170086,0.04950970985228519
2023-04-18,-0.0017532585871537188,False,0.05750824826851337,0.06588515964561549,0.04066143838573187,0.0509910841643526
2023-04-19,-0.0016391526910929902,False,0.052265403161831744,0.05987861802330567,0.03695446365271795,0.04634238829646196
2023-04-20,-0.024314783812604785,False,0.047703984172655534,0.054652762126787935,0.033729293998551214,0.042297895435195174
2023-04-21,0.0008400840578076088,False,0.052531785583329334,0.06018380291235338,0.03714281041591951,0.04657858273610245
2023-04-24,0.01038257432221557,False,0.047000518020093474,0.05384682591481302,0.03323190542421498,0.041674150096533816
2023-04-25,-0.025247794575171473,False,0.044848171458559245,0.05138095882463048,0.03171008012555634,0.03976571977611078
2023-04-26,-0.03645332952977974,False,0.05048912915635069,0.057843603917519526,0.035698541968356895,0.044767411835876104
2023-04-27,0.011550662004704308,False,0.06025215238952561,0.06902875324319922,0.04260152683759977,0.05342403335313974
2023-04-28,0.014991298533120465,False,0.05676474505638851,0.06503335439501644,0.04013574144729876,0.05033183899505255
2023-05-03,-0.050806274152865996,False,0.05505478873755775,0.06307431810987059,0.03892670995018571,0.04881566472099447
2023-05-04,0.001233637330052194,False,0.07102430842698136,0.08137003021865942,0.05021802311746149,0.06297542696493554
2023-05-05,0.03829826464615,False,0.06261908463974615,0.07174046354339834,0.044275075811064823,0.05552273128284867
2023-05-10,-0.013725451778973176,False,0.06963759063134584,0.07978131684101886,0.04923753871907818,0.06174585997309636
2023-05-11,-0.01815600458425895,False,0.06688920676758321,0.07663259096110753,0.04729428284706946,0.059308938711667515
2023-05-12,-0.010409809737839157,False,0.06650656598769457,0.07619421299570375,0.04702373514367456,0.05896966097674305
2023-05-15,0.012266820485051974,False,0.06297439725773032,0.07214753260331278,0.044526301027600364,0.055837777839712874
2023-05-16,-0.0041165983371807295,False,0.05938142490074296,0.06803119165275724,0.04198587546232943,0.052651981690960345
2023-05-17,0.02405953165661654,False,0.05456581940975615,0.06251412329966531,0.03858098221905947,0.04838210819826223
2023-05-18,-0.01610720346612164,False,0.05687349637444727,0.06515794692161397,0.04021263450441235,0.05042826599081543
2023-05-19,-0.004365952559267472,False,0.05694600835505316,0.06524102132506533,0.04026390439213119,0.0504925604984265
2023-05-22,0.004629944113070817,False,0.05255088753883327,0.06020568734503587,0.037156316530436224,0.04659551994859164
2023-05-23,0.011677624009126947,False,0.047656500548586375,0.05459836182341332,0.0336957205110507,0.042255792927394314
2023-05-24,0.017200553389997607,False,0.045972428101147406,0.05266897977135996,0.03250499030937735,0.040762569216157674
2023-05-25,-0.030330994137523416,False,0.04665711099465898,0.05345339666987173,0.0329890981048069,0.041369659922275676
2023-05-26,0.008816426605495784,False,0.05432929545994352,0.062243146202246954,0.03841374700843105,0.048172388497264414
2023-05-31,-0.019263116276251213,False,0.050686454784279,0.058069672888313516,0.035838061847739584,0.044942375393355646
2023-06-01,0.03010626941056017,False,0.05284007904823287,0.06053700379682529,0.03736079055103627,0.04685193861964138
2023-06-02,0.024238768224886287,False,0.05781287054746561,0.06623415458259688,0.04087682279404673,0.05126118490176099
2023-06-05,0.00799427624239856,False,0.05960027586832722,0.06828192144147488,0.042140614919746654,0.052846031213307706
2023-06-06,-0.005103721083015372,False,0.0549144154591062,0.06291349742519982,0.03882745845871077,0.04869119934652281
2023-06-07,0.008231574538890583,False,0.05106309149334064,0.05850117220279554,0.0361043643486923,0.04527632947315088
2023-06-08,-0.012702324917791379,False,0.04759760372308565,0.05453088582009957,0.033654077273544476,0.04220357062752355
2023-06-09,-0.01513772100947567,False,0.04759922104377109,0.05453273872702625,0.033655220806644175,0.04220500466416482
2023-06-12,-0.04013094800315934,False,0.04863232812281782,0.05571633285279754,0.034385683324723026,0.04312103413132045
2023-06-13,0.033418612423766696,False,0.0604688285254072,0.06927699140439826,0.04275472857150881,0.053616154508170547
2023-06-14,-0.01151540192097364,False,0.06566930881619822,0.07523499716024809,0.046431749090946,0.05822728658377526
2023-06-15,0.031650757832507065,False,0.06266562736103733,0.0717937858878435,0.04430798402946942,0.05556399951636389
2023-06-16,0.013245226750020723,False,0.06667676708302925,0.07638920635188504,0.04714407651312163,0.059120573909033275
2023-06-19,-0.0087668209510678,False,0.06300273895335151,0.07218000267842113,0.0445463401375532,0.0558629076920435
2023-06-20,-0.003950492364493568,False,0.05941891609318985,0.06807414398175418,0.04201238376083591,0.05268522416672755
2023-06-21,0.014799562896641265,False,0.05463564615096949,0.06259412131961706,0.0386303534974588,0.04844402177318991
2023-06-22,-0.03964722115157021,False,0.05312338512155539,0.06086157751331679,0.03756110325037152,0.047103138825942414
2023-06-23,-0.005017299832888426,False,0.06386440130969917,0.07316717866826371,0.04515558197445189,0.05662692153452101
2023-06-26,0.004070009688296679,False,0.05878466030641513,0.06734749963027449,0.041563930654173395,0.05212284587876178
2023-06-27,-0.027173347509058893,False,0.05284788807250873,0.06054595031887357,0.03736631195307869,0.04685886268055579
2023-06-28,0.024190294449518864,False,0.05807866170712451,0.06653866208393401,0.041064751503185656,0.05149685508474113
2023-06-29,0.0029830530595400854,False,0.05978094519538648,0.06848890787932962,0.042268357894565,0.05300622605734088
2023-06-30,0.00876193514121899,False,0.053309918910564524,0.061075282657156074,0.03769299271661361,0.04726853353750534
2023-07-03,0.00013420116775142492,False,0.04975352675287726,0.05700085034307131,0.035178431328478345,0.04411517211033484
2023-07-04,0.0226875402667948,False,0.044758135812171945,0.051277808179033935,0.031646420059421074,0.039685887484901164
2023-07-05,0.00666799881862384,False,0.0477829559258454,0.054743237262495685,0.03378513129447353,0.042367917656959075
2023-07-06,-0.00026065424362344436,False,0.044267344315200755,0.05071552577426172,0.031299403956249985,0.03925071529164713
2023-07-07,0.026369783140050153,False,0.04008705883224264,0.045926321013181545,0.028343716281563226,0.035544163704520355
2023-07-10,-0.012005252743936106,False,0.045462660900613086,0.05208495757627441,0.0321445573586324,0.040310571754762145
2023-07-11,0.021733078808247843,False,0.045543154935069864,0.05217717673561904,0.03220147098965105,0.04038194374416008
2023-07-12,0.010132052403976839,False,0.04804974716711185,0.055048890521847624,0.033973767115338,0.04260447458657047
2023-07-13,0.011876918036224624,False,0.04563675243709387,0.052284408072843735,0.03226764948014928,0.040464934241123136
2023-07-14,-0.017493157447517116,False,0.0441971211700807,0.050635073608418485,0.03124975239887304,0.039188450235574074
2023-07-17,-0.026634421587883178,False,0.0467069356712145,0.053510479034019294,0.03302432684288968,0.04141383818108546
2023-07-18,0.022118608595198833,False,0.05280782935474911,0.060500056467221744,0.03733798827546659,0.046823343646151205
2023-07-19,-0.002013592424625338,False,0.05439948404939616,0.06232355877888806,0.038463374133084274,0.048234622913716226
2023-07-20,0.003018870217251951,False,0.049508328531155554,0.056719935440090324,0.03500506293898616,0.04389776115560738
2023-07-21,0.017924303627991352,False,0.04433867462770788,0.05079724638249796,0.03134983834078385,0.03931396204455704
2023-07-24,0.017972242404430436,False,0.04545025549177734,0.052070745139515845,0.03213578606438833,0.04029957219791452
2023-07-25,0.011205611558813534,False,0.04639854185769818,0.05315716318370208,0.032806275755882394,0.041140393321013345
2023-07-26,-0.005767860258684614,False,0.044639621653470005,0.051142030712297594,0.03156262414653923,0.03958080402951887
2023-07-27,0.015544974031266411,False,0.04245129754257145,0.04863494542029367,0.03001536077680743,0.03764047334170684
2023-07-28,0.0024885952287650322,False,0.0428502426682685,0.0490920026962111,0.030297436533524576,0.03799420772058052
2023-07-31,0.008602963907012599,False,0.03831397678212168,0.043894963817400726,0.027090051482085858,0.03397201746862949
2023-08-01,0.0014071296880880046,False,0.03656219577867341,0.041888010475030574,0.02585144767338653,0.032418758322788815
2023-08-02,-0.015707438383098057,False,0.032772186368897005,0.03754593116397945,0.02317170626694652,0.029058254488708236
2023-08-03,0.025618322282552113,False,0.03628523299166976,0.04157070403661448,0.025655620020172205,0.03217318254526631
2023-08-04,0.013712261863982014,False,0.04191151541515345,0.048016536188408634,0.029633705651211414,0.03716186241686922
2023-08-07,-0.010468890550950925,False,0.04163761948818026,0.04770274334271709,0.0294400464337245,0.036919005945231384
2023-08-08,0.01753928150586767,False,0.041662926596331,0.04773173679862789,0.029457939926393378,0.03694144510692599
2023-08-09,0.014776649217588242,False,0.042966464414196874,0.04922515382696768,0.030379611586728836,0.03809725855253581
2023-08-10,-0.02116061982751164,False,0.0429356670367583,0.049189870364328855,0.03035783617706388,0.038069951310317623
2023-08-11,0.005588199522627794,False,0.04720359369178991,0.0540794825067403,0.03337549089518553,0.04185421206988513
2023-08-14,-0.006045760729420958,False,0.043156207328090015,0.04944253555132667,0.0305137700776356,0.03826549871256886
2023-08-15,-0.012897461140534172,False,0.04126459268558259,0.047275379769991174,0.029176296331665554,0.03658825267662189
2023-08-16,-0.0209646373562023,False,0.04229499906183043,0.048455879796386846,0.029904849306961214,0.03750188750008958
2023-08-17,0.008837623065662886,False,0.04652448039541624,0.053301446498059846,0.03289532110582771,0.0412520597822544
2023-08-18,0.007945823530138351,False,0.04378986208393709,0.05016849132299719,0.030961798222961818,0.038827344081874444
2023-08-21,-0.005602255548669898,False,0.04108305853764095,0.047067402537535385,0.02904794188176177,0.036427291018162465
2023-08-22,-0.00869877355387595,False,0.03928813894905065,0.04501102684872723,0.02777883676282238,0.03483578199874821
2023-08-23,-0.009013343752563996,False,0.03895647137591321,0.04463104707776631,0.027544329870407485,0.034541700894808604
2023-08-24,0.0015475272417605416,False,0.038740184569940835,0.0443832549580308,0.02739140341377765,0.0343499249485916
2023-08-25,0.01593048026611503,False,0.03461921391458916,0.039662005090446185,0.02447765452666826,0.030695966293048348
2023-08-30,0.002890342494286351,False,0.0362297218208433,0.04150710685773782,0.02561637062342931,0.03212396221828892
2023-08-31,0.0077051729607777114,False,0.032634232344786594,0.03738788213317206,0.02307416531899001,0.028935934204818166
2023-09-01,0.030351514665767878,False,0.031246686151243392,0.03579821968944026,0.022093095198532097,0.02770563269386732
2023-09-04,0.004878058453432773,False,0.04006456022601119,0.04590054515827389,0.028327808551479473,0.03552421476922029
2023-09-05,0.009137510596141776,False,0.036713551489611806,0.04206141334294425,0.025958464337951147,0.03255296153758993
2023-09-06,0.005900366768398839,False,0.03531925457916035,0.04046401684236645,0.02497262109593435,0.03131667433963935
2023-09-07,-0.0068871548535161566,False,0.03287144684520031,0.03765965036991332,0.023241888786200107,0.029146266199267443
2023-09-08,0.007540607283651133,False,0.03268738511822049,0.03744877737983213,0.023111747201364895,0.028983063401504555
2023-09-11,0.0013056252534716507,False,0.03117066380578046,0.03571112358552012,0.022039343293213286,0.027638225636052373
2023-09-12,0.01735424852346402,False,0.028100697915245915,0.032193972587283126,0.01986871155493767,0.02491616586516474
2023-09-13,-0.005787177227661168,False,0.031160144551566755,0.03569907204919116,0.022031905612185734,0.027628898483981028
2023-09-14,0.02295043358691071,False,0.030737823495377015,0.035215233799087475,0.021733301809735046,0.02725443726895668
2023-09-15,0.0036697288889624017,False,0.035924765136651556,0.04115772880453825,0.025400749772544015,0.03185356497235825
2023-09-18,0.004177551767426827,False,0.03255350539281254,0.037295396128491816,0.023017087002703367,0.028864355693450187
2023-09-19,0.0016661463814840588,False,0.029786593092376155,0.03412544287607324,0.02106073052497499,0.026411005743923344
2023-09-20,-0.016258815177404864,False,0.02678529359766322,0.030686960531241796,0.018938649638219562,0.02374983069955797
2023-09-21,-0.009136364413411532,False,0.03150922188821007,0.03609899756850147,0.022278722147954726,0.027938416377301954
2023-09-22,0.0030902043878334577,False,0.0323876774678088,0.03710541295839838,0.02289983770093903,0.02871732033877924
2023-09-25,0.00021276595824945585,False,0.02929773059877527,0.033565370462021245,0.020715078331400332,0.025977543948328255
2023-09-26,0.004775304877511431,False,0.026860757577271993,0.03077341693521367,0.018992006748713992,0.023816742668735694
2023-09-27,0.027564910829308103,False,0.02505524823223881,0.02870490893817402,0.017715414099862166,0.02221584398473737
2023-09-28,-0.004748641110774369,False,0.03361107445886175,0.03850701548485928,0.02376484546714194,0.029802074975121585
2023-09-29,-0.008103940455019587,False,0.0325141156498715,0.03725026869755438,0.02298923632642909,0.028829429821805804
2023-10-02,-0.04972425353941821,False,0.032813229660704935,0.03759295300718568,0.02320072609160199,0.02909464651959028
2023-10-03,0.03501192427590409,False,0.054910586671944706,0.06290911091959446,0.03882475129933891,0.048687804459453955
2023-10-04,-0.050257469226855714,False,0.06130427972268525,0.07023413819926808,0.043345437702898,0.054356927590263164
2023-10-05,-0.01740541385257957,False,0.07624691723266074,0.08735338782889598,0.053910689692408836,0.06760617982536812
2023-10-06,-0.0047689428409021595,False,0.07399585249589861,0.08477442282788081,0.052319065310654514,0.06561021863879708
2023-10-09,0.0391725584628957,False,0.06729296101230131,0.07709515787405959,0.04757975891074521,0.059666937212647896
2023-10-10,-0.007359839889438345,False,0.07376283829006594,0.08450746671961437,0.05215431167863242,0.06540361093748742
2023-10-11,-0.035004695747838654,False,0.06810498921961151,0.07802546978037213,0.04815390672280955,0.06038694173216398
2023-10-12,0.009319308270345508,False,0.07433151245444489,0.0851589765331546,0.05255639503524046,0.06590783968816241
2023-10-13,0.06492730301816406,False,0.06791184055830353,0.07780418621203605,0.04801734018448637,0.060215681783521456
2023-10-16,-0.03604966229316245,False,0.08641122666212438,0.0989982765120087,0.06109740558175258,0.0766186114885679
2023-10-17,0.016675226994638952,False,0.09013166705483212,0.10326065306851656,0.06372795793468698,0.07991743026508916
2023-10-18,-0.005744961874172521,False,0.08398492206844445,0.09621854542444196,0.05938187715389485,0.07446726962944841
2023-10-19,0.01220910849406182,False,0.07631977152895078,0.0874368544112813,0.05396220161580984,0.06767077785548921
2023-10-20,0.006422629656467192,False,0.07067808025636901,0.08097336888778224,0.04997322109600144,0.06266843535383076
2023-10-23,-0.019828235818697436,False,0.06366226880159533,0.072935602625401,0.04501266337109534,0.0564476958400615
2023-10-24,-0.043146563342691,False,0.06434040451073772,0.07371251864707541,0.04549214195346689,0.057048981326245654
2023-10-25,0.024027202784295827,False,0.07490608608975034,0.08581724516122179,0.052962649636510074,0.06641729934792603
2023-10-26,-0.018926596656707935,False,0.07389017512793386,0.08465335201684207,0.0522443457023263,0.06551651723549583
2023-10-27,0.025450642575743188,False,0.07268737380836385,0.08327534522046366,0.05139390018853465,0.06445002425117083
2023-10-30,0.0,False,0.07254211247532528,0.08310892446508099,0.05129119257839153,0.06432122476445701
2023-10-31,-0.04405105331009015,False,0.0645609888343348,0.07396523428027739,0.04564810698722904,0.05724456777077372
2023-11-01,0.0011511455167814723,False,0.07556052188323793,0.08656700903040475,0.053425371098135305,0.0669975707286518
2023-11-02,0.023872908199479403,False,0.06674292719458186,0.07646500364432668,0.047190855286262635,0.05917923637777602
2023-11-03,-0.016651004855847366,False,0.06685845978023902,0.07659736522861198,0.047272543065923545,0.05928167614904959
2023-11-06,-0.0027450549091445615,False,0.06578721778735669,0.07537008128508796,0.046515117103539595,0.058331833434933054
2023-11-07,-0.04545704690873306,False,0.05968185393524878,0.06837538253835289,0.04219829502028233,0.05291836438640212
2023-11-08,-0.02389585469371685,False,0.0722282063438292,0.08274929334763169,0.051069243984771785,0.06404289227385344
2023-11-09,0.003431375915864679,False,0.07315796230452232,0.08381448176400827,0.05172663167867219,0.06486728296338813
2023-11-10,0.02321748787792116,False,0.06483797105025375,0.07428256297771241,0.04584394837773613,0.05749016077541556
2023-11-13,0.005126687830754218,False,0.06500930032482137,0.07447884884881302,0.045965087430850315,0.05764207403520576
2023-11-14,0.0013072674034744047,False,0.05841566534171778,0.06692475519118114,0.041303031279328384,0.05179566753708715
2023-11-15,-0.02160948433285499,False,0.05198970215721282,0.059562757164199655,0.03675952814781691,0.046097931308916804
2023-11-16,-0.058344153673297795,False,0.05511369129631563,0.06314180068157367,0.03896835724141449,0.04886789210439684
2023-11-17,0.04392023901602327,False,0.07510071085942656,0.08604021985454294,0.053100259863195755,0.06658986812388126
2023-11-20,0.024686606602401434,False,0.08221655374978758,0.0941925885835561,0.058131545217220026,0.07289930293797162
2023-11-21,-0.010020002949881852,False,0.08033761302831632,0.09203995286388038,0.05680303261812602,0.07123329454173209
2023-11-22,-0.00803999945527698,False,0.07495702951119078,0.08587560923169087,0.05299866938766624,0.06646246956904214
2023-11-23,-0.01119254043227858,False,0.06952325868912679,0.0796503307913217,0.04915669985919229,0.061644484781469146
2023-11-24,-0.012821486402527999,False,0.06608896893234471,0.07571578686575452,0.046728471465029904,0.05859938841172407
2023-11-27,-0.00414287203556651,False,0.06366187804149244,0.0729351549454153,0.04501238708259194,0.05644734936313177
2023-11-28,0.026933058306408523,False,0.05848663598010087,0.06700606373353475,0.041353211354825316,0.051858595376205
2023-11-29,0.016035329013292177,False,0.06111613727213476,0.07001859006897625,0.043212410826038876,0.05419010651989924
2023-11-30,-0.015300844955300598,False,0.05911388828091249,0.06772468443963056,0.04179671261855142,0.05241476385335336
2023-12-01,-0.03740151720542328,False,0.05865655992963094,0.06720073957360084,0.04147335676721584,0.052009262570440695
2023-12-04,-0.007139245009470764,False,0.06746130092909469,0.07728801894402082,0.04769878432641417,0.05981619988581006
2023-12-05,-0.011452225789034808,False,0.06273449746976939,0.0718726879279028,0.0443566789170228,0.05562506486988271
2023-12-06,-0.038791143208290406,False,0.06029114799224179,0.06907342912166516,0.0426290988354418,0.05345860975078719
2023-12-07,-0.0016157267551599587,False,0.06943071815789514,0.07954431038803245,0.04909126870414669,0.061562431473313875
2023-12-08,0.02304464282161417,False,0.06247131702688007,0.07157117143214023,0.04417059612568289,0.05539170954229349
2023-12-11,-0.0025051104141777607,False,0.0629854028196424,0.07216014128511754,0.044534082554443244,0.055847536188308636
2023-12-12,-0.021887968426211005,False,0.05721362499065217,0.06554762020941905,0.04045312381138037,0.05072984928395679
2023-12-13,0.00040472175931876474,False,0.059576046973331465,0.0682541632561207,0.04212348378202839,0.0528245480754773
2023-12-14,0.03849936404353841,False,0.05317201759920548,0.060917294017477676,0.0375954890394201,0.04714625999265571
2023-12-15,-0.002729223865768745,False,0.06173818436321034,0.0707312473509586,0.043652231725272245,0.05474165967149457
2023-12-18,0.02632913920664238,False,0.05619301549602528,0.06437834412270263,0.03973149776066331,0.0498249011033677
2023-12-19,0.011719622513589519,False,0.05897629411726585,0.06756704768818865,0.04169942611138411,0.052292762648478
2023-12-20,0.015908861500779397,False,0.05567559541964444,0.06378555429928415,0.039365653813251335,0.04936611803385266
2023-12-21,-0.004572707714442971,False,0.0543724892279243,0.06229263176970541,0.03844428733591934,0.04821068730004136
2023-12-22,-0.006212743641359462,False,0.050537535793053964,0.057899061683720505,0.03573276807565511,0.044810332755232316
2023-12-28,-0.024124662258410562,False,0.04776026513254537,0.05471724122568235,0.033769087677749464,0.042347798314329894
2023-12-29,-0.01722750447728311,False,0.052551556745110396,0.0602064540309241,0.03715678969542775,0.046596113316580194
2024-01-03,0.012254096763526266,False,0.053728722884298946,0.06155509151067697,0.037989109751759426,0.04763987624600425
2024-01-04,-0.01817399828553498,False,0.05133609740988893,0.05881394539512089,0.03629739428072635,0.045518396795443186
2024-01-05,0.032708950938908465,False,0.05309318998268283,0.06082698401403557,0.03753975365590843,0.04707636557316629
2024-01-08,-0.03694008246606933,False,0.05913448986417265,0.06774828694262648,0.04181127905090857,0.05243303074719149
2024-01-09,0.03258891102473156,False,0.0676988382821268,0.07756015706155214,0.047866736067867455,0.06002681814536969
2024-01-10,0.006264803459897833,False,0.07129403730140475,0.0816790490200919,0.05040873600367237,0.0632145886182876
2024-01-11,0.02205925459742664,False,0.06425359406103973,0.07361306299489567,0.04543076227563092,0.05697200873396242
2024-01-12,-0.003997506884882527,False,0.06410566390933446,0.07344358466865639,0.04532616766650858,0.056840842874400346
2024-01-15,-0.00162856284036759,False,0.05863208283063914,0.06717269702973466,0.041456050135863245,0.0519875593565128
2024-01-16,0.004877753401979042,False,0.0530844030932161,0.060816917186532836,0.0375335408503473,0.0470685744643457
2024-01-17,-0.01597216876118207,False,0.04809143474488785,0.05509665050062816,0.034003242484980184,0.042641437889244176
2024-01-18,0.02701514964604801,False,0.04942590842453537,0.05662550964820522,0.034946787470892714,0.04382468136757625
2024-01-19,-0.004080376604147147,False,0.05356517114414117,0.06136771608480241,0.03787346983565116,0.047494859125874415
2024-01-22,0.01219151852967632,False,0.049573097749638126,0.05679413923569059,0.035050858275584226,0.04395519035524991
2024-01-23,0.004152931338222691,False,0.047695736807138144,0.05464331341273162,0.03372346266556983,0.04229058270837958
2024-01-24,0.0013399112790972686,False,0.04312311789119148,0.04940462615748695,0.030490374058104862,0.03823615916019775
2024-01-25,0.002188716827057533,False,0.03854405957431447,0.04415856150906665,0.02725273244629611,0.03417602596088425
2024-01-26,0.012193064683972831,False,0.034418453568432705,0.0394320010848422,0.02433570611593901,0.030517957259284523
2024-01-29,0.007769118143228331,False,0.03456864875110892,0.039604074376701486,0.024441902224325192,0.030651131463533692
2024-01-30,0.0017843340248391841,False,0.03295546885192902,0.03775591140191726,0.023301296884212293,0.02922076635091103
2024-01-31,-0.013882463257652954,False,0.02946896858338835,0.0337615517454599,0.02083615283758476,0.026129376263664492
2024-02-01,-0.009444312842587592,False,0.0327885535684428,0.03756468248378998,0.023183278761256743,0.029072766863449295
2024-02-02,-0.03289526228258959,False,0.03365781734148512,0.03856056714704098,0.02379789521042202,0.0298435206865403
2024-02-05,-0.0030219111387423427,False,0.04552004952523028,0.05215070568734696,0.032185134216634034,0.04036145677171256
2024-02-06,0.014522037880839913,False,0.04216433083495149,0.04830617784496708,0.0298124598112596,0.03738602734515527
2024-02-07,0.00890874488910965,False,0.04224070829736489,0.04839368079377781,0.029866462803447447,0.037453749276033725
2024-02-08,0.022292171056192484,False,0.0401139430511229,0.04595712130889919,0.02836272487672064,0.035568001249722835
2024-02-09,0.006843174552824963,False,0.04370539359815139,0.05007171877577874,0.03090207444013549,0.038752448048738064
2024-02-12,0.0035829490139499287,False,0.040587018106100624,0.04649910661465977,0.028697214498278726,0.03598746472967085
2024-02-13,0.009964495259431947,False,0.036693106846336365,0.04203799064052058,0.025944008870641813,0.03253483379839849
2024-02-14,-0.003665823297522485,False,0.03564859424606446,0.04084132961375009,0.02520548203287808,0.03160869134901436
2024-02-15,-0.0009482044090783334,False,0.033867925413097515,0.03880128051004207,0.023946452968055722,0.03002981810796712
2024-02-16,0.00650082071917747,False,0.03129991132953873,0.035859197887781157,0.02213072827505567,0.027752826090081516
2024-02-19,0.007511772411062185,False,0.029634855519469927,0.0339516025224515,0.020953443863369173,0.026276463941939915
2024-02-20,-0.008690600792298624,False,0.02853359655633264,0.03268992920111003,0.020174794281360278,0.025300005952576567
2024-02-21,-0.00011795930417693321,False,0.029724352386027476,0.03405413590711304,0.021016722983057443,0.026355818510936244
2024-02-22,0.012543391702128866,False,0.027332982576444478,0.03131442836219822,0.01932589533489385,0.02423545242607148
2024-02-23,-0.0195277349800184,False,0.02857040834041087,0.03273210315604447,0.02020082220144536,0.02533264601442315
2024-02-26,-0.002021523965668787,False,0.0345109467211601,0.03953796720826013,0.02440110377182251,0.03059996855813904
2024-02-27,-0.00250283188871851,False,0.03219900487189057,0.03688925745936831,0.022766435982664025,0.028550029202157347
2024-02-28,0.0033357190806582435,False,0.03036586621469667,0.03478909553967554,0.021470307917452136,0.026924632317914556
2024-02-29,0.005810867225435136,False,0.027721735074208186,0.03175980830592739,0.01960076435300952,0.024580149263993163
2024-03-01,0.0029517702523138355,False,0.026300926025899948,0.030132037789659092,0.018596175597220432,0.023320354435510695
2024-03-04,0.020537477967389913,False,0.02409811229994886,0.027608352259781754,0.017038667286850887,0.021367176178821175
2024-03-05,-0.00881676245045591,False,0.028889350131664784,0.03309750345021284,0.020426331278563373,0.025615443494976246
2024-03-06,0.00893225589633123,False,0.029725358739457745,0.034055288850532626,0.02101743452930048,0.026356710818631352
2024-03-07,-0.019945841153982236,False,0.029148140687086006,0.03339399060765665,0.020609310182301444,0.025844906422290766
2024-03-08,-0.00697526029633679,False,0.03403414920595945,0.03899171721189522,0.0240639821697824,0.030177204468483015
2024-03-11,-0.010135423316873882,False,0.033553293251796394,0.038440817606004714,0.023723991032140353,0.02975084186541477
2024-03-12,0.0026331553215353997,False,0.03414170601655982,0.03911494123367887,0.02414003064559013,0.030272572325214894
2024-03-13,0.0034604175094976072,False,0.03126601038916184,0.03582035878319846,0.02210675847872459,0.027722766998454558
2024-03-14,0.0259846493245832,False,0.02899340000746411,0.033216709701221155,0.020499900162006025,0.02570770184284665
2024-03-15,-0.008977034928618245,False,0.03466679944583774,0.03971652214526058,0.02451130006805012,0.03073815915932333
2024-03-18,0.012568535052824136,False,0.03485333796707764,0.03993023271064876,0.02464319288023502,0.030903558066833533
2024-03-19,0.010239979024256027,False,0.035038679677978586,0.040142572132894495,0.02477423948285309,0.03106789579340779
2024-03-20,-0.018368216994264833,False,0.034477198200109443,0.03949930272509166,0.024377241744189468,0.03057004461280721
2024-03-21,-0.009959658167274659,False,0.03787099968407748,0.04338746067302182,0.026776842742109747,0.033579241072732566
2024-03-22,-0.0005889628534698293,False,0.03801826588167494,0.043556178330596926,0.026880967899808015,0.03370981822126949
2024-03-25,0.01531745820610638,False,0.035293518214899865,0.04043453160296075,0.024954424096005495,0.03129385456759615
2024-03-26,-0.0031378955377269163,False,0.036350576103178225,0.041645565321092766,0.02570182113014391,0.03223112060108975
2024-03-27,-0.011355111764839998,False,0.03455744640502697,0.03959124024625522,0.02443398156044303,0.030641198631477396
2024-03-28,0.014376964366550428,False,0.03548766804121209,0.04065696217052079,0.025091698512074212,0.031466002223489914
2024-04-03,0.03333080798117431,False,0.03619683660896897,0.041469431437262415,0.02559311900202386,0.032094803746992466
2024-04-04,-0.0030952932075270392,False,0.043415133063622796,0.04973917757982809,0.03069684456101559,0.038495081500610366
2024-04-05,0.027195472765895057,False,0.040833743897885,0.0467817716004633,0.028871662962331564,0.03620623014147147
2024-04-08,-0.01170491308573722,False,0.04504004922395816,0.05160078637261499,0.031845748071812174,0.039935852854048416
2024-04-09,0.004351143599276324,False,0.04488933340055392,0.05142811660114595,0.03173918384230387,0.03980221701106077
2024-04-10,-0.006096916001199958,False,0.04148504074404022,0.047527939289057575,0.02933216501861245,0.03678371829835664
2024-04-11,-0.0008740304281968453,False,0.0401110810743627,0.045953842443668125,0.028360701304534046,0.03556546360856267
2024-04-12,0.01765930729168397,False,0.03736448878195694,0.042807169103495295,0.026418712170263547,0.03313013088736231
2024-04-15,-0.02478926674577,False,0.03882388044696243,0.044479142354800404,0.027450580920467885,0.034424135929414575
2024-04-16,0.004941535339631605,False,0.04346989094311256,0.04980191173954712,0.03073556134008718,0.038543633903540236
2024-04-17,-0.019355799764169915,False,0.04058318738179855,0.04649471788974119,0.02869450596924383,0.03598406812498929
2024-04-18,-0.01349244664443913,False,0.043163999078306134,0.049451462283097575,0.03051927926598455,0.03827240745701891
2024-04-19,-0.00431084048182007,False,0.04368601913402325,0.050049522139634116,0.03088837564729929,0.03873526920986291
2024-04-22,-0.007531702841003893,False,0.04167176838843758,0.04774186652613715,0.029464191551086972,0.036949284896504786
2024-04-23,0.011276388067934757,False,0.04075786132822107,0.04669483563271683,0.02881800988605398,0.03613894701926135
2024-04-24,0.008234212674217048,False,0.04006370289911089,0.04589956294926223,0.028327202375044224,0.03552345459951515
2024-04-25,-0.01038853064557445,False,0.03869432707865009,0.044330717657285156,0.02735897969000264,0.03430926429088812
2024-04-26,0.020781427454408353,False,0.038886836547051565,0.04455126892498684,0.027495094284408786,0.03447995748362564
2024-04-29,-0.016929604407296617,False,0.04102944505226452,0.04700597946954884,0.02901003425115373,0.036379753320049855
2024-04-30,-0.002377314755232157,False,0.04275067494934971,0.04897793149331365,0.030227036777143182,0.037905923585898914
2024-05-01,-0.05450178619261071,False,0.04062468323546426,0.04654225821701096,0.028723845779582223,0.03602086143082709
2024-05-02,0.014968205332205949,False,0.053633272678550496,0.06144573759652921,0.03792162129963645,0.047555243004315184
2024-05-03,-0.014369940282952787,False,0.05238019071055913,0.060010126045214475,0.037035624651019186,0.04644416746265824
2024-05-08,-0.0030279197118170255,False,0.05217117479414472,0.059770663925674004,0.03688783910611371,0.04625883842714644
2024-05-09,0.010017584225469708,False,0.04938332535641839,0.05657672373791306,0.03491667894120095,0.043786924056656414
2024-05-10,0.0014400578511661022,False,0.04778380132805526,0.0547442058098126,0.03378572903950841,0.042368667253347994
2024-05-13,-0.0025214637841282474,False,0.044390795763087146,0.05085695971804141,0.03138669079932029,0.03936017651432243
2024-05-14,-0.026557779642326876,False,0.0421578838956362,0.048298791815331296,0.029807901476870395,0.0373803110099316
2024-05-15,-0.012672551253766358,False,0.04624928483077258,0.05298616470360045,0.03270074297429538,0.041008050955331325
2024-05-16,0.02066521599780184,False,0.04624284700032639,0.052978789109672804,0.03269619108036873,0.041002342696707536
2024-05-17,0.007199982290380821,False,0.04750179734530277,0.054421123852288956,0.0335863369885511,0.04211862157725517
2024-05-20,-0.004020718179344291,False,0.04528012827520929,0.05187583642361626,0.03201549693122053,0.040148724772025905
2024-05-21,-0.008459561269358939,False,0.043329679094983094,0.04964127599986881,0.03063642398857117,0.03841931166518189
2024-05-22,-0.016385669485922696,False,0.04266854974535517,0.048883843560903584,0.03016896982113805,0.037833105280438664
2024-05-23,-0.008168440014839075,False,0.04406995999309081,0.0504893895596263,0.031159842576909947,0.03907569969154681
2024-05-24,-0.004172731602975421,False,0.04326692939879163,0.04956938589930471,0.0305920565633368,0.038363673123996515
2024-05-29,0.00196511976773852,False,0.04160224069961595,0.047662211119900204,0.029415031718884765,0.036887636483638804
2024-05-30,-0.000982077171984267,False,0.03872472276535462,0.04436554091710201,0.02738047108261745,0.034336215364267154
2024-05-31,-0.024996638167713282,False,0.03671983279961462,0.042068609616953266,0.02596290556346837,0.032558531013563534
2024-06-03,-0.03798737253204821,False,0.04123567023882888,0.04724224434891535,0.02915584659928717,0.03656260788720366
2024-06-04,-0.01475847053746808,False,0.04882251623260797,0.055934224622300154,0.03452015659318051,0.04328966903510135
2024-06-05,0.0010614303769522124,False,0.04896492448559887,0.05609737670509965,0.03462084692159344,0.0434159387691411
2024-06-06,0.028885233726204624,False,0.04536289407583044,0.05197065826485303,0.03207401682364864,0.04022211107803366
2024-06-07,0.006420980067717915,False,0.04892481315616012,0.056051422578113706,0.03459248604468186,0.04338037308531423
2024-06-10,0.018642350809279774,False,0.04642129942963693,0.05318323572643248,0.032822366588711724,0.04116057187454338
2024-06-11,0.007011422237804083,False,0.04714872986980865,0.05401662697246761,0.03333669920904895,0.04180556573047373
2024-06-12,0.004605721716028599,False,0.044982820315521026,0.0515352212427032,0.031805284141778446,0.03988510945332568
2024-06-13,0.01136095203062199,False,0.04247842601336591,0.04866602554676334,0.030034542071263794,0.03766452745879751
2024-06-14,0.0006137605299157904,False,0.04187847879006735,0.04797868729918865,0.02961034697248521,0.037132569691373456
2024-06-17,0.0117117356734796,False,0.03921447665161069,0.04492663456809239,0.02772675353895645,0.0347704675347958
2024-06-18,0.027985562310303847,False,0.03908163705018796,0.04477444494989829,0.027632828764144746,0.034652682077918745
2024-06-19,0.009974852405570283,False,0.043193730064133615,0.0494855240187032,0.03054030067916909,0.03829876915723172
2024-06-20,0.0032641670390724507,False,0.04219798229081359,0.0483447311239929,0.029836253208560422,0.0374158652252817
2024-06-21,0.0058024997432324565,False,0.03969697692492431,0.04547941801209318,0.028067907299071628,0.03519828811334972
2024-06-24,0.003811288323181407,False,0.03800140203048695,0.04353685801462116,0.026869044245955355,0.033694865478295186
2024-06-25,0.0006914035767480475,False,0.03600538941788737,0.04125009718299646,0.02545775549507197,0.031925052448224155
2024-06-26,-0.012169125081224723,False,0.03398075636942359,0.03893054693345668,0.024026230549825115,0.03012986241402047
2024-06-27,0.014355421332091787,False,0.03535746707834438,0.04050779554690014,0.024999639397272296,0.03135055637953257
2024-06-28,0.002984049040879782,False,0.03627304051428476,0.04155673554786422,0.02564699927996734,0.03216237178925776
2024-07-01,-0.007938832467781225,False,0.03425620995215096,0.03924612433008009,0.024220991114081953,0.030374100018940083
2024-07-02,0.01956024616085344,False,0.03436146624418504,0.03936671272936485,0.02429541299897873,0.030467428065047094
2024-07-03,-0.00033988557512955076,False,0.036786638181134014,0.04214514617230165,0.026010140577336346,0.0326177656265843
2024-07-04,0.0010193103549742599,False,0.0348410143537867,0.03991611398414376,0.024634479419860092,0.030892631035991044
2024-07-05,0.003615823148526961,False,0.0327792512289322,0.03755402512346018,0.023176701504667614,0.029064518718336343
2024-07-08,-0.017178057350877473,False,0.031204860849752127,0.035750301925485575,0.02206352245078275,0.027668547275118645
2024-07-09,-0.007717598635077083,False,0.034281523957443986,0.039275125687802094,0.02423888948340304,0.030396545296153304
2024-07-10,0.0008091082912653426,False,0.03435156721427273,0.03935537176201241,0.024288413850039627,0.030458650849906628
2024-07-11,-0.0006934813037977247,False,0.032322844359974,0.03703113596703406,0.022853997191117345,0.028659834490091837
2024-07-12,0.00989423626164496,False,0.03081004447282974,0.035297974810551046,0.02178436594250327,0.027318473751558776
2024-07-15,-0.010703906076278401,False,0.03102174280383879,0.0355405100773204,0.021934048099443524,0.02750618121507833
2024-07-16,0.0020806850646022104,False,0.0322392510663628,0.036935366096438084,0.022794892216440293,0.028585714467339596
2024-07-17,-0.009747118245897477,False,0.030348463890348894,0.034769158314105666,0.021458003533984714,0.02690920212464333
2024-07-18,0.005813293897205156,False,0.031345304360840154,0.0359112030731961,0.022162823600525964,0.027793074923062107
2024-07-19,-0.012481935164948093,False,0.0304192775546703,0.034850287016846226,0.02150807262033957,0.026971990778899318
2024-07-22,-0.020756245362232126,False,0.032143209712869235,0.0368253349252927,0.022726985790925,0.028500557070154017
2024-07-23,-0.014972508630382663,False,0.03600992712342874,0.04125529587123718,0.02546096389803743,0.03192907591498135
2024-07-24,0.009805780404810035,False,0.03773647274586954,0.04323333793293971,0.026681724929033215,0.033459959497739965
2024-07-25,-0.005193562009000116,False,0.037224818972797266,0.04264715435863311,0.026319958069582615,0.03300628926101287
2024-07-26,-0.01500668679289737,False,0.03626014322697253,0.04154195958338702,0.02563788020106686,0.03215093609642011
2024-07-29,-0.00505269421732724,False,0.037917349997512825,0.04344056258261318,0.026809614917765505,0.0336203387031523
2024-07-30,-0.020974551685430446,False,0.0368981942931229,0.042272952051790706,0.0260890167752864,0.032716679560963136
2024-07-31,0.02651882757666111,False,0.040108927114789694,0.04595137472860792,0.028359178338749128,0.035563553748026465
2024-08-01,-0.0002457606303840749,False,0.043889093628708555,0.050282177383101506,0.031031960286059382,0.03891533013958872
2024-08-02,-0.03782068590653615,False,0.04099777631217356,0.04696969771763516,0.028987642741018522,0.03635167346298626
2024-08-05,-0.010779008508609645,False,0.04867351426272317,0.05576351835200073,0.03441480415070069,0.04315755282193528
2024-08-06,-0.011548821020917182,False,0.047773855526383344,0.05473281125771464,0.03377869682040845,0.042359848566891636
2024-08-07,0.021178477509763427,False,0.04717775985489175,0.05404988559639195,0.03335722497683592,0.041831305871361885
2024-08-08,0.031445176662370435,False,0.04855009634272118,0.05562212281992863,0.03432754101365598,0.043048121327572464
2024-08-09,0.003831185554978798,False,0.0524999548476512,0.06014733556784309,0.03712030436615243,0.04655035924171955
2024-08-12,0.024250259202991818,False,0.048832499009568354,0.055945661535674214,0.03452721495580699,0.04329852050659469
2024-08-13,-0.006643740086355645,False,0.050807813156208144,0.058208708869231435,0.03592386877303053,0.04504998073943043
2024-08-14,-0.004372653632974782,False,0.048653689044296664,0.05574080530264925,0.03440078665022373,0.0431399743108208
2024-08-15,0.011377513193612871,False,0.04621615809615022,0.05294821257908187,0.03267732058325891,0.040978678332028104
2024-08-16,-0.018585411970635554,False,0.04514787732605869,0.051724321203444924,0.03192198836536692,0.04003146125797368
2024-08-19,-0.005779296749788497,False,0.04669536268022083,0.053497220268848164,0.033016144113031,0.04140357670772193
2024-08-20,-0.02801233554741865,False,0.044871823658882974,0.051408056311360084,0.03172680350898579,0.03978669157361274
2024-08-21,-0.0010150996938144044,False,0.04892996161752935,0.056057320987636765,0.034596126285013455,0.04338493809355042
2024-08-22,0.0003807831486005595,False,0.045676274546016804,0.052329687150790276,0.03229559374632377,0.04049997747827814
2024-08-23,0.019354632067302868,False,0.04249364503802192,0.04868346144333994,0.030045302743897252,0.0376780217764041
2024-08-28,-0.018199202390833412,False,0.043883470009331856,0.05027573460190793,0.03102798408334629,0.038910343820972186
2024-08-29,0.018689819351490177,False,0.04538546520495177,0.05199651720666252,0.032089975831333564,0.04024212431751431
2024-08-30,-0.016692814194553988,False,0.04628237331472533,0.053024073005684,0.03272413832004196,0.04103738966274991
2024-09-02,-0.030125047316061464,False,0.04708964138983992,0.05394893139742976,0.033294920461479784,0.04175317349551709
2024-09-03,-0.01763073928814073,False,0.0512968116945148,0.05876893714487596,0.036269617157561926,0.04548356316236596
2024-09-04,-0.023689323220656307,False,0.051809139261374766,0.05935589266081887,0.036631860425621866,0.0459378308347092
2024-09-05,-0.0026820453250562056,False,0.053625703768977906,0.0614370661653772,0.03791626967166135,0.04754853184693049
2024-09-06,-0.02240571697526689,False,0.0501737669522307,0.057482304629326554,0.03547556385272831,0.04448778828313884
2024-09-09,-0.006198793869250905,False,0.05184257690161433,0.059394200978872144,0.03665550264372625,0.04596747913002419
2024-09-10,-0.028451221832199978,False,0.04945758282118728,0.05666179788064009,0.0349691829805221,0.0438527662401669
2024-09-11,-0.00042659083476643606,False,0.05274338502533783,0.060426224885503386,0.037292422652993935,0.04676620251728944
2024-09-12,0.04858018757089107,False,0.049003639650463976,0.05614173129586956,0.03464822063472422,0.043450266509761123
2024-09-13,-0.0017628318349094995,False,0.05735533145450864,0.06570996827730675,0.040553317936961396,0.050855496759626716
2024-09-16,0.003793014571872473,False,0.053368888053032026,0.06114284151145287,0.037734687086122244,0.04732081995896997
2024-09-17,0.007945634691823423,False,0.0497889793748056,0.05704146715415375,0.03520349824749527,0.04414660703807172
2024-09-18,-0.0004024954773597643,False,0.04756556354128652,0.05449417852059961,0.0336314231340546,0.0421751614226538
2024-09-19,0.01874431749175475,False,0.04442207442867576,0.05089279457543761,0.031408806505708715,0.03938791050236064
2024-09-20,0.00039502271894259515,False,0.045342492152813614,0.05194728450551393,0.03205959156187009,0.040204021217796426
2024-09-23,-0.013385661395478348,False,0.042314828158645734,0.048478597289070766,0.029918869549668582,0.03751946945007163
2024-09-24,0.00452609931342429,False,0.042736257698726965,0.04896141416079997,0.030216843002066757,0.03789314018069954
2024-09-25,0.001459951151879414,False,0.04050055451042269,0.04640004834082441,0.028636080064973583,0.03591079968392332
2024-09-26,-0.03152625364677401,False,0.037737862552160724,0.043234930184697117,0.026682707597164807,0.033461191803221345
2024-09-27,-0.019767040740776693,False,0.04361415979335807,0.04996719544260714,0.030837567211277145,0.03867155338129611
2024-09-30,0.010001472451133031,False,0.04549301032932171,0.052119727839946575,0.032166016044345026,0.04033748181236632
2024-10-01,0.03996468172835498,False,0.04423863516418396,0.05068263471854394,0.031279105035480814,0.03922525962607114
2024-10-02,-0.005860432329564958,False,0.05077677380320435,0.05817314818377283,0.03590192227356834,0.04502245894370413
2024-10-03,0.03556105202649714,False,0.048494347348165726,0.05555825317484365,0.03428812346268836,0.04299869012841331
2024-10-04,0.022309549148814944,False,0.053241554521204056,0.06099696000183785,0.037644655399977224,0.04720791659234214
2024-10-07,0.030053174484536094,False,0.05401579906319664,0.0618839845033624,0.038192088119414755,0.04789441930792129
2024-10-08,-0.04440171599970857,False,0.056614368035617264,0.06486107277770328,0.04002941676955566,0.05019850355964285
2024-10-09,-0.014557422938411071,False,0.0634104873931541,0.07264714559896725,0.04483464031293846,0.05622444774304243
2024-10-10,0.030543553784713427,False,0.061706682131697846,0.07069515636201555,0.04362995794569758,0.05471372745330357
2024-10-11,0.010268059160760352,False,0.06341534177583809,0.07265270709297456,0.044838072623752105,0.0562287519992745
2024-10-14,-0.022679566004103646,False,0.059965315292811884,0.06870013415848931,0.04239871751396483,0.0531697022792441
2024-10-15,-0.06298499419233036,False,0.06054453544788566,0.06936372613939631,0.042808257455737,0.05368328188854037
2024-10-16,-0.00040724903841218423,False,0.07213500603219403,0.08264251705734314,0.051003346329336514,0.06396025395538923
2024-10-17,0.009728491806569484,False,0.0658576245582007,0.07545074382440807,0.04656489849422368,0.05839426130721122
2024-10-18,-0.02202372866360705,False,0.06203034423994568,0.07106596455588676,0.04385880454194351,0.05500071031749061
2024-10-21,0.007395267886156915,False,0.06217564054423522,0.0712324253765909,0.043961536878650384,0.055129540812312916
2024-10-22,0.030899825366326555,False,0.0582559198475311,0.06674174044626986,0.041190082584752576,0.05165402531733258
2024-10-23,-0.012111680630563408,False,0.060572786972961416,0.06939609290931004,0.0428282328102428,0.05370833178896828
2024-10-24,-0.005505216992316918,False,0.05859657182657741,0.0671320133323134,0.041430941937523946,0.05195607266284031
2024-10-25,0.018013696781581837,False,0.055295030967635814,0.06334955510906429,0.03909657418584038,0.04902868132543951
2024-10-28,-0.05086186698243549,False,0.05474943329785579,0.06272448321663082,0.03871080715761208,0.04854491390881209
2024-10-29,-0.010912251538959522,False,0.0636478677960122,0.07291910390425281,0.045002481082139556,0.05643492683892079
2024-10-30,0.029385343717159396,False,0.06092599296053747,0.06980074847750922,0.04307796852526993,0.0540215104508491
2024-10-31,0.0005462242386253906,False,0.06253704670191226,0.07164647558873234,0.04421707055694981,0.05544999035404789
2024-11-01,0.0051743034834487904,False,0.05736470728684306,0.06572070983575727,0.04055994715694738,0.050863810068935714
2024-11-04,0.016967818880650225,False,0.05357356265806296,0.061377329944571256,0.03787940308934202,0.04750229966537155
2024-11-05,0.02752527759432436,False,0.052981141801666555,0.060698614388520485,0.037460529538572186,0.04697701533384084
2024-11-06,-0.0059935032835480885,False,0.05505931707843397,0.06307950606934672,0.038929911731826985,0.048819679884344
2024-11-07,-0.010377761446320745,False,0.05225854965409796,0.05987076620265788,0.03694961785249217,0.046336311467481836
2024-11-08,-0.022568895420434557,False,0.05080548839585676,0.05820604547377947,0.035922225041867865,0.045047919434238415
2024-11-11,-0.025303955554227268,False,0.052564323345847375,0.0602210802724288,0.03716581637185925,0.04660743313299387
2024-11-12,0.005112273655811607,False,0.054747947119693864,0.0627227805550404,0.03870975634936143,0.04854359615287238
2024-11-13,0.004125985773536572,False,0.05123800134085842,0.05870156020928623,0.03622803506032126,0.04543141753485483
2024-11-14,0.007247894976553787,False,0.04796950565515448,0.05495696066857105,0.03391703203136886,0.04253332650237585
2024-11-15,0.0008172160629148973,False,0.045714633039046194,0.05237363311529272,0.03232271527319765,0.040533988967157895
2024-11-18,0.01217877028627767,False,0.04249911309409157,0.04868972600117202,0.030049168954948018,0.03768287016103861
2024-11-19,-0.000403578400581038,False,0.04204711859235788,0.04817189193732401,0.02972958442340184,0.03728209826529046
2024-11-20,0.00013454423161901268,False,0.039407896193622685,0.04514822847484019,0.02786351160457159,0.03494196766638934
2024-11-21,0.010172755374590498,False,0.036983029975700694,0.04237014528334568,0.026149000186082395,0.032791901178047804
2024-11-22,0.013360870755847529,False,0.03655700925383114,0.04188206845753695,0.025847780520123133,0.032414159564650366
2024-11-25,-0.02434116318643506,False,0.03709238398081493,0.0424954282871193,0.02622631937550413,0.032888862560916804
2024-11-26,0.0038970686961307885,False,0.04110448938987732,0.04709195510457485,0.029063094652086018,0.036446293203466325
2024-11-27,-0.008756033580540404,False,0.03888337948528901,0.04454730829198222,0.0274926499549763,0.03447689219590426
2024-11-28,0.00013529053663349387,False,0.038679989535169206,0.04431429164241589,0.027348842272181657,0.03429655155996072
2024-11-29,0.003241493924171023,False,0.03634897588513883,0.041643732008060846,0.02570068968953892,0.03222970172892471
2024-12-02,-0.018371612850979945,False,0.034400058141960926,0.03941092609740415,0.02432269955561797,0.030501646507910526
2024-12-03,0.026964576573811856,False,0.03705947439507058,0.042457724942365806,0.0262030505204558,0.032859682477936906
2024-12-04,-0.0016055663069095673,False,0.04108176533140631,0.047065920957035386,0.029047027515088936,0.036426144365465894
2024-12-05,-0.012124626504992344,False,0.03892463198617574,0.04459456981860727,0.027521817701752917,0.03451346972709393
2024-12-06,0.0,False,0.039437719132811834,0.04518239555814977,0.027884598033750565,0.034968410899282154
2024-12-09,-0.0006779201669703153,False,0.036996646631399316,0.042385745402659936,0.026158627897295644,0.032803974716325714
2024-12-10,-0.0012214156366821198,False,0.03492800959462025,0.04001578134497113,0.02469598975501218,0.030969767477819876
2024-12-11,0.009998732132046783,False,0.033181990098990685,0.03801542875769026,0.023461459643603803,0.029421616912729653
2024-12-12,-0.01162961044949239,False,0.033220238406759396,0.03805924848684894,0.02348850326354567,0.029455530703173624
2024-12-13,0.01846289221384412,False,0.034217272546118074,0.03920151512548939,0.024193460264439064,0.030339575222794415
2024-12-16,-0.007909418537562286,False,0.03634240851294128,0.04163620800274482,0.02569604620259562,0.03222387860896286
2024-12-17,-0.015462128201048524,False,0.036135463421307495,0.04139911835368253,0.025549724842685518,0.03204038572050575
2024-12-18,0.019089458033038447,False,0.03778083022331181,0.04328415672103972,0.026713088061979706,0.033499290131756426
2024-12-19,-0.01105728633577413,False,0.039626617496673136,0.04539880971150195,0.028018159382158344,0.03513590221853059
2024-12-20,-0.007622195606793537,False,0.039728823225447435,0.04551590318869413,0.028090424354025006,0.03522652540868022
2024-12-23,-0.014727401278019105,False,0.03899131964186443,0.04467097149964834,0.0275689694770985,0.03457259995564947
2024-12-24,0.018954007883674455,False,0.04007438400946517,0.04591179991842878,0.028334754497107376,0.03553292526526211
2024-12-30,0.0063509435817341465,False,0.04164602694990159,0.04771237547331404,0.029445990963371207,0.03692646062523206
2024-12-31,0.004569286272729764,False,0.03992368785455649,0.045739152680457265,0.028228204174288014,0.035399306861823444
2025-01-03,0.007588679620831535,False,0.03792705751666753,0.043451684142885444,0.026816478658252683,0.0336289461106312
2025-01-06,0.007143351370309762,False,0.03684216778442834,0.042208764468602764,0.02604940300682983,0.03266700229715672
2025-01-07,0.007349655932257202,False,0.035866224936966354,0.04109066137476823,0.025359358688755922,0.03180165888342282
2025-01-08,-0.006056329316386467,False,0.03493094459068395,0.04001914386582749,0.02469806495579119,0.03097236986331782
2025-01-09,0.013734892766782424,False,0.0342446832542917,0.03923291860131056,0.024212841115970257,0.03036387959250778
2025-01-10,0.01668812432543737,False,0.03506915300233766,0.04017748433941756,0.024795785769483998,0.031094915706097633
2025-01-13,0.03607655008049229,False,0.0365460417978728,0.04186950343237139,0.025840025936248207,0.03240443500362341
2025-01-14,-0.003634605406576671,False,0.04338305394031894,0.04970242566642781,0.030674162887778078,0.03846663776731027
2025-01-15,0.013143011881501342,False,0.041265025839517654,0.04727587601908625,0.02917660259489861,0.0365886367430719
2025-01-16,-0.013143011881501342,False,0.04117633144909429,0.04717426200285977,0.029113890869190664,0.03650999370901761
2025-01-17,0.007617472297394096,False,0.041636362813288356,0.04770130361488032,0.02943915789668457,0.03691789168393653
2025-01-20,-0.01627236876848241,False,0.04019024441136041,0.046044537070147114,0.028416674060558745,0.035635655702759894
2025-01-21,-0.013682802067305712,False,0.041532898083506874,0.047582767744903644,0.02936600274308881,0.036826152169985485
2025-01-22,-0.007099737115222933,False,0.042069931604705006,0.048198027996163254,0.029745714455595037,0.03730232597640423
2025-01-23,-0.017400514680167335,False,0.04091935633261274,0.046879854729397256,0.028932195578861293,0.036282140484703185
2025-01-24,0.0011440921606443687,False,0.04248589473823781,0.04867458219985832,0.03003982286324307,0.03767114978498566
2025-01-27,-0.018076256560982502,False,0.03935757012231877,0.045090571680518894,0.027827928353314036,0.03489734483375605
2025-01-28,0.009143068006845565,False,0.04123645777961004,0.047243146606446344,0.029156403433166025,0.03656330617935242
2025-01-29,-0.012771895213459079,False,0.04019789240956589,0.04605329911033975,0.02842208160847003,0.03564243698600058
2025-01-30,0.005180016762739313,False,0.040603964103814776,0.046518521042996,0.028709196234163313,0.03600249030985644
2025-01-31,-0.00401217130463276,False,0.038711623070599326,0.04435053306159871,0.02737120889071973,0.03432460020195729
2025-02-03,-0.008072960511094664,False,0.03714246351128171,0.04255280262835077,0.026261728309070562,0.03293326679213282
2025-02-04,0.0011759327153739291,False,0.03671496622263619,0.04206303415237548,0.025959464630629765,0.03255421594496432
2025-02-05,-0.02472199406143863,False,0.03424571196838824,0.03923409716255215,0.024213568472412378,0.030364791726830372
2025-02-06,-0.0022780579365973483,False,0.03861241313014334,0.04423687175279209,0.027301062103040372,0.0342366333002337
2025-02-07,0.0018764246224094406,False,0.03665682105934608,0.04199641930178741,0.02591835285891469,0.03250266012463691
2025-02-10,0.02054276732666046,False,0.03437602555649799,0.03938339281691665,0.02430570721934495,0.030480337432692208
2025-02-11,0.01845646359451375,False,0.03707237617907266,0.04247250605854102,0.02621217277875893,0.032871122157873744
2025-02-12,-0.029669561755706838,False,0.03885961977427977,0.044520087634074695,0.027475850555683967,0.0344558250714435
2025-02-13,0.003046561731189101,False,0.043977088051357895,0.05038298947108419,0.03109417709673562,0.0389933525302266
2025-02-14,-0.005570306180243064,False,0.041220642041818335,0.047225027076801575,0.02914522085210844,0.03654928277156067
2025-02-17,0.008211966678277064,False,0.03975187543358222,0.04554231328566062,0.028106723510562533,0.03524696520854487
2025-02-18,0.008537518200054136,False,0.038684055805143,0.0443189502236534,0.027351717344731727,0.03430015701692927
2025-02-19,-0.0015706809511829341,False,0.0378060222629508,0.043313018347039246,0.026730900194994245,0.03352162726516216
2025-02-20,0.007958812967804523,False,0.03576241638894314,0.04097173160443068,0.025285960437088622,0.031709614514682606
2025-02-21,-0.02726902811555175,False,0.035040765595969775,0.04014496189512852,0.024775714339563736,0.031069745323223964
2025-02-24,0.00013353809193916634,False,0.0399220008423167,0.04573721993038942,0.02822701136549433,0.03539781103147397
2025-02-25,-0.02405521395605119,False,0.03726436595930094,0.04269246193794124,0.026347919925550686,0.03304135455647866
2025-02-26,0.005184186235555235,False,0.040864723455721286,0.04681726378072001,0.02889356718337992,0.03623369891836115
2025-02-27,0.020472095440765174,False,0.03899252022465902,0.04467234696475936,0.02756981835399527,0.03457366448152477
2025-02-28,-0.003338455394182807,False,0.04106339231294874,0.04704487164166419,0.029034036798444525,0.03640985348270158
2025-03-03,-0.025880449946148385,False,0.03906823098776965,0.044759086099833416,0.027623349953757894,0.034640795267284336
2025-03-04,-0.007440100454353251,False,0.0428274495057967,0.049065889378669736,0.030281320536265616,0.0379739976098405
2025-03-05,-0.01940995098085334,False,0.04156767623254189,0.04762261183632254,0.02939059277333203,0.03685698905996073
2025-03-06,0.002253522080443475,False,0.043336382644651554,0.04964895601888168,0.030641163760343332,0.03842525553020363
2025-03-07,0.019642618026335813,False,0.040616426891607695,0.04653279921679,0.02871800809842999,0.03601354074314914
2025-03-10,-0.01964261802633572,False,0.04224596763783618,0.0483997062335541,0.029870181441294396,0.03745841259791702
2025-03-11,0.006031296773854049,False,0.043962682582320584,0.050366485636314934,0.031083991651876593,0.038980579571455905
2025-03-12,0.011816360466789723,False,0.04204205167627194,0.04816608695133879,0.02972600183999098,0.03727760556115895
2025-03-13,-0.02151221384333678,False,0.041653015257284216,0.047720381729136806,0.029450932074231207,0.036932656977592675
2025-03-14,0.015690991583720344,False,0.043916084356698214,0.05031309970252684,0.03105104418891125,0.03893926212367824
2025-03-17,-0.00013901438821291274,False,0.044192508805527726,0.050629789385997076,0.031246491207952955,0.03918436057059211
2025-03-18,0.0,False,0.04123102107712661,0.04723691796930556,0.029152559390794586,0.03655848559513614
2025-03-19,0.00013901438821290707,False,0.03850325407706693,0.04411181209865131,0.02722388075524159,0.03413984477632091
2025-03-20,0.009270215124677446,False,0.036023970977524904,0.041271385416598486,0.02547089366159697,0.031941528239087386
2025-03-21,0.00041308090088259565,False,0.03564777672152758,0.040840393004894,0.025204903998864076,0.031607966471040826
2025-03-24,0.018008672225886136,False,0.033372385187562525,0.03823355765543944,0.023596079257241883,0.029590435339271113
2025-03-25,-0.0024367143503944,False,0.03536889673311397,0.04052089009684492,0.025007720780676878,0.03136069076035398
2025-03-26,0.011052815041185604,False,0.03378586658428285,0.03870726862132059,0.023888432942888657,0.029957058655671165
2025-03-27,0.0016072867108720599,False,0.034085593815755925,0.039050655476081636,0.024100356288182787,0.03022281908041984
2025-03-28,-0.0004015795516118532,False,0.0321919409379599,0.03688116456089269,0.02276144139974886,0.0285437657936823
2025-03-31,0.03344176821219722,False,0.030337874522138833,0.03475702645065873,0.021450516278573858,0.026899812804295313
2025-04-01,0.007096346146428626,False,0.03691728870856026,0.04229482784608644,0.026102517558568693,0.03273361008786927
2025-04-02,-0.0065785467821088146,False,0.03597001543307307,0.04120957046366553,0.02543274417674302,0.03189368724599312
2025-04-03,-0.06316764809073609,False,0.035244941707416134,0.040378879221833634,0.024920077880888295,0.03125078302818935
2025-04-04,-0.05935027560736627,False,0.05081880337280768,0.05822129997045607,0.03593163944990842,0.04505972548173235
2025-04-07,-0.03316535656081924,False,0.06349487512081906,0.07274382562447206,0.0448943069954105,0.056299272170030897
2025-04-08,-0.019391400807399,False,0.06651779648141483,0.07620707937390056,0.047031675709457675,0.05897961876658605
2025-04-09,0.03692913577151023,False,0.06468753395563895,0.07411021253592812,0.045737581224540164,0.05735677207407435
2025-04-10,-0.029096799026043816,False,0.06775892863358143,0.07762900044520493,0.047909223192702854,0.06008009871399668
2025-04-11,0.022088643898340397,False,0.06883534474290691,0.07886221219035996,0.048670307534941656,0.061034529184043396
2025-04-14,0.005223502661167973,False,0.0672725574137272,0.07707178219509395,0.047565332464257135,0.05964884586673712
2025-04-15,-0.008971352037267876,False,0.062126686113518334,0.07117634002222431,0.043926923451390196,0.055086134178098524
2025-04-16,0.020220730585558885,False,0.05892407664230472,0.0675072239798044,0.041662505535558586,0.05224646275688401
2025-04-17,0.020252750221961262,False,0.05844707448488554,0.06696073953211043,0.04132523924041427,0.05182351721623787
2025-04-23,-0.009767553418999524,False,0.05818598804665255,0.06666162206318722,0.04114063702349414,0.05159201858870276
2025-04-24,-0.011196345600076867,False,0.055780588275991,0.06390584088964843,0.03943988943488503,0.04945921249831323
2025-04-25,-0.0075842433583080335,False,0.05401382994510236,0.061881728554626196,0.038190695846541285,0.04789267334156867
2025-04-28,-0.01292085283360522,False,0.0516210526135181,0.05914040846169348,0.03649887300428199,0.0457710592431582
2025-04-29,-0.03211461355805685,False,0.0506698437091234,0.05805064216886955,0.03582631692019795,0.04492764678038582
2025-04-30,-0.010517324793088464,False,0.05447299586331588,0.06240777865589292,0.03851535095697158,0.048299803947802894
2025-05-01,-0.0159061727973943,False,0.05255835595568661,0.06021424364524492,0.03716159710462974,0.04660214200166766
2025-05-02,-0.012909651614912473,False,0.052118877005636374,0.05971074820490823,0.03685086174427139,0.04621246732359644
2025-05-07,-0.03358646307513573,False,0.05101151790503637,0.058442086172508914,0.036067899035518894,0.045230600499289564
2025-05-08,0.031178564006595542,False,0.05523197158012037,0.06327731020613818,0.039051987792109014,0.04897276818892493
2025-05-09,0.03226086221822148,False,0.05812421570484549,0.06659085168286474,0.04109696064061072,0.0515372466425046
2025-05-12,0.015748356968139112,False,0.060908833014315565,0.06978108893595858,0.04306583551623188,0.05400629516802617
2025-05-13,0.02496158645669937,False,0.059265229132020314,0.06789807028316358,0.041903718776413024,0.05254895389232503
2025-05-14,-0.015357122047922485,False,0.06006865651060309,0.06881852852516096,0.04247178533791078,0.053261332278291086
2025-05-15,-0.023797852940446063,False,0.05866252282162628,0.06720757104739618,0.041477572853999375,0.05201454971335935
2025-05-16,0.012967146808424822,False,0.05938836716952705,0.06803914516379111,0.04199078402141304,0.05265813722208012
2025-05-19,0.015975995933724174,False,0.057283303443569654,0.0656274483407315,0.04050239024194332,0.05079163137546769
2025-05-20,0.010211832246219297,False,0.05614446887543207,0.0643227259819256,0.039697172677192326,0.04978185606389778
2025-05-21,-0.01611602016433268,False,0.05381372190932802,0.06165247187788299,0.03804920865449299,0.04771524269463799
2025-05-22,-0.015146009723254163,False,0.05330707281533952,0.0610720219868364,0.03769098037353039,0.047266009978093826
2025-05-23,0.008289884748157297,False,0.052619235162444364,0.06028399079242989,0.03720464199278204,0.04665612202799622
2025-05-28,0.021532668298356563,False,0.05027898794151441,0.05760285258350276,0.03554996077667336,0.044581085027205376
2025-05-29,-0.017188882380511267,False,0.0513713566681047,0.058854340676258395,0.03632232448115209,0.045549660272550994
2025-05-30,-0.004343785917845308,False,0.05141535314515701,0.05890474587901995,0.03635343236731998,0.04558867081680952
2025-06-02,0.03408291997040977,False,0.048420844391246574,0.055474043444990094,0.03423615290117895,0.04293351694760117
2025-06-03,0.013877712836647113,False,0.05297407288372405,0.06069051578003933,0.0374555314316914,0.04697074750617073
2025-06-04,-0.01177624103355272,False,0.05184535298451748,0.059397381438558716,0.03665746548431553,0.0459699406113112
2025-06-05,0.006724974907673916,False,0.05052529854821715,0.05788504190648904,0.03572411568244327,0.044799482305076015
2025-06-06,0.013021788027160492,False,0.04809781666210581,0.05510396203675404,0.03400775484523379,0.04264709657104703
2025-06-09,0.01038400555446455,False,0.04744634654939314,0.0543575958428124,0.03354713028013614,0.04206945478316319
2025-06-10,-0.004666772360607313,False,0.046149905642443874,0.05287230949351098,0.03263047651922646,0.04091993398587342
2025-06-11,0.04123705235663054,False,0.04383140269116697,0.05021608292283756,0.030991169676487875,0.03886417706954618
2025-06-12,-0.006332252214904317,False,0.050993835424618286,0.05842182798206924,0.036055396566574444,0.045214921898838675
2025-06-13,0.07030952737169817,False,0.048641839848697827,0.05572723009966174,0.03439240862878734,0.043129467933940055
2025-06-16,-0.012578782206860185,False,0.06342092557440625,0.07265910425288062,0.04484202067100225,0.056233703009804605
2025-06-17,0.04748859734388673,False,0.061133640657776295,0.07003864307688472,0.04322478666530078,0.05420562632161953
2025-06-18,-0.004074362651872199,False,0.06746029134438349,0.0772868622986373,0.04769807049548093,0.05981530471302127
2025-06-19,0.025072179453141684,False,0.062477481847597036,0.0715782342485075,0.044174954986981735,0.05539717573021439
2025-06-20,-0.02061669502825125,False,0.06282935107545429,0.07198135833852516,0.044423745540669766,0.05570916912164478
2025-06-23,-0.05737511232726981,False,0.06227951263674862,0.0713514279475963,0.04403498005970522,0.055221641524317716
2025-06-24,-0.07266037491193252,False,0.07134418120570465,0.08173649711214,0.05044419045301659,0.06325904992812524
2025-06-25,-0.010615965328668701,False,0.08368460283364558,0.09587448033247487,0.05916953523026664,0.07420098429058185
2025-06-26,0.002482296667768099,False,0.07784950240604194,0.08918941280223407,0.055043803989006275,0.06902715086720676
2025-06-27,0.011599376100936991,False,0.07097012303417163,0.08130795193661786,0.05017971111740105,0.06292738217121588
2025-06-30,-0.017743339254668294,False,0.06708478052841625,0.07685665287992678,0.04743256406177188,0.05948234893366582
2025-07-01,-0.0076594865556932346,False,0.06529763303324833,0.07480918140279838,0.04616895423276632,0.05789773122952834
2025-07-02,0.045807329112825555,False,0.06145998851358756,0.0704125282364489,0.04345553223017049,0.054494990569072
2025-07-03,-0.005381686972767558,False,0.0672425898823936,0.0770374494576946,0.0475441438006205,0.05962227442770989
2025-07-04,0.008625009282812087,False,0.0627019743829982,0.07183542738130984,0.04433368333762894,0.055596227485598435
2025-07-07,0.012869110323658346,False,0.059316233826159734,0.06795650455158993,0.0419397818506776,0.052594178442366905
2025-07-08,0.007615128527252122,False,0.05731379460259128,0.06566238097979468,0.04052394913864417,0.05081866710169397
2025-07-09,-0.007198259209744408,False,0.054353096928822515,0.06227041470066427,0.03843057593279325,0.04819349264735394
2025-07-10,-0.02247917075744568,False,0.051823057833318135,0.05937183867486275,0.03664170160793106,0.04595017207435361
2025-07-11,0.023589973426508117,False,0.053091899650207226,0.06082550572589935,0.03753884132113849,0.04707522146855791
2025-07-14,-0.015382767318623267,False,0.05437787334503059,0.062298800161645324,0.03844809419758824,0.04821546125815665
2025-07-15,-0.00977137279721768,False,0.05368842958784443,0.061508928910537275,0.037960620214337014,0.047604149216706144
2025-07-16,-0.008575156162078754,False,0.05179794434219483,0.059343067039110735,0.03662394501296066,0.045927904587895835
2025-07-17,0.02340698395291193,False,0.04985438695160557,0.057116402294229277,0.03524974493791077,0.04420460225361056
2025-07-18,-0.0036522024020585585,False,0.051461665292364255,0.058957804062917916,0.036386177557390556,0.04562973460621675
2025-07-21,0.012029799570483786,False,0.04848553087762,0.055548152457348246,0.03428188974170627,0.042990872790811055
2025-07-22,-0.031497554712937414,False,0.047573697731630116,0.05450349757387477,0.03363717444607387,0.04218237379995457
2025-07-23,-0.007489592837934093,False,0.051550798628957506,0.059059920964197404,0.036449199641754505,0.045708766842546655
2025-07-24,0.017910071114413013,False,0.04936221254905236,0.05655253554359729,0.034901751045782275,0.04376820387355642
2025-07-25,-0.017043019036972338,False,0.049725091769274914,0.05696827339123279,0.035158326258882974,0.04408995954195144
2025-07-28,0.023412918132230544,False,0.049950050444730464,0.05722600056415678,0.03531738419573166,0.04428942461172885
2025-07-29,0.032484810836386435,False,0.05151964981777879,0.059024234876391385,0.03642717574944921,0.04568114799307279
2025-07-30,0.010462762745756709,False,0.055064937071880385,0.06308594469644062,0.03893388537081147,0.04882466298794144
2025-07-31,-0.0074622149407887785,False,0.053042489243242584,0.06076889797572375,0.0375039054940372,0.047031410531936005
2025-08-01,-0.04001089316469628,False,0.05069519012342823,0.0580796806564465,0.035844238204441256,0.044950120793835986
2025-08-04,-0.014131988812740665,False,0.05639951253231487,0.0646149204506541,0.03987750232123905,0.05000799671267869
2025-08-05,-0.00605625499260379,False,0.05511293910853214,0.06314093892671778,0.038967825404014916,0.04886722515884155
2025-08-06,-0.017067003134931615,False,0.052193862402828896,0.05979665631398593,0.03690388047114231,0.04627895494605867
2025-08-07,-0.014523076838370728,False,0.0520571400302818,0.05964001834267557,0.03680721036738054,0.0461577267359218
2025-08-08,0.002683364758597028,False,0.05151607025152405,0.05902013389433653,0.036424644802722485,0.04567797408376999
2025-08-11,0.002824650655298019,False,0.048127753995026674,0.055138260176903355,0.03402892215696116,0.04267364123391864
2025-08-12,-0.008348289391471274,False,0.045166071464425105,0.051745165582242354,0.03193485260412296,0.040047593532363396
2025-08-13,-0.008267615676268363,False,0.04384474379178497,0.050231367348472666,0.031000602555372375,0.03887600628022359
2025-08-14,0.02783539092815597,False,0.04262345679329399,0.04883218216562736,0.030137086667902272,0.037793122519999944
2025-08-15,-0.01211061914380553,False,0.04630635487733046,0.053051547831093615,0.03274109458039802,0.041058653497312934
2025-08-18,0.01299103005907509,False,0.04570319402002331,0.0523605278370552,0.03231462726876009,0.040523846283294016
2025-08-19,-0.02314643394422353,False,0.045309537131569384,0.051909529106920274,0.0320362905814687,0.040174800848327745
2025-08-20,0.014751068337052833,False,0.04751569126604693,0.05443704162432851,0.03359616074113068,0.042130940959315466
2025-08-21,0.011763111670320094,False,0.0473432282879894,0.05423945690936336,0.033474220098401244,0.04197802247380873
2025-08-22,-0.0017556697999086396,False,0.04652980983430006,0.05330755224710027,0.03289908930703936,0.04125678525859659
2025-08-27,0.012774980629493659,False,0.04356568040065319,0.04991165432243652,0.030803289661555176,0.038628567951065146
2025-08-28,0.012613836942989143,False,0.04337198540844434,0.04968974484217117,0.030666336837769773,0.03845682358486885
2025-08-29,-0.011433721744811267,False,0.04314669752576946,0.04943164050821629,0.030507046133631737,0.03825706661551993
2025-09-01,-0.0109695733831914,False,0.042798809000791804,0.04903307696825222,0.030261070151935434,0.03794860281091713
2025-09-02,0.014795357920078694,False,0.04238770158303993,0.04856208578584633,0.02997039499767261,0.03758408444059053
2025-09-03,-0.004858309151076295,False,0.04280244522941779,0.049037242866375445,0.030263641162019794,0.037951826961286704
2025-09-04,-0.020124402791176745,False,0.040933384234473576,0.04689592599884854,0.02894211406332864,0.036294578664372565
2025-09-05,-0.0226919049062318,False,0.04297108917080056,0.049230452246521915,0.030382881539498245,0.038101359205230306
2025-09-08,0.007977949648101178,False,0.04541186569755625,0.05202676331434862,0.03210864240588088,0.040265532955073395
2025-09-09,0.0379327390640553,False,0.04385036227626653,0.050237804246799064,0.03100457512743719,0.038880988045860716
2025-09-10,-0.005162634078806831,False,0.05014607484468227,0.05745057876422572,0.03545598403663664,0.044463234403839695
2025-09-11,-0.005486778797791491,False,0.04750174381727604,0.0544210625271279,0.03358629914134437,0.042118574115331035
2025-09-12,0.009177092233718497,False,0.04525399615208669,0.05184589777732378,0.031997020108395446,0.04012555409078177
2025-09-15,0.0001473296503583558,False,0.0439830708295741,0.05038984372781722,0.031098407244151655,0.03899865730574567
2025-09-16,0.026315395084401866,False,0.04093920904066669,0.04690259927263956,0.028946232515989972,0.03629974337016307
2025-09-17,-0.00720049193970774,False,0.04436199907616337,0.05082396837554078,0.0313663299859358,0.03933464323290984
2025-09-18,-0.01985176855273147,False,0.04291125282468606,0.04916189986777519,0.030340574010160857,0.03804830385660334
2025-09-19,-0.011565965230300644,False,0.04460847187264392,0.05110634351360099,0.03154059956864086,0.039553184320283645
2025-09-22,-0.002688173661800191,False,0.04411040253900883,0.05053572314958096,0.031188437641766202,0.039111559056504305
2025-09-23,0.016168860737843963,False,0.041752981956686,0.047834910029817775,0.029521613931368845,0.03702129487800356
2025-09-24,0.02441981809625721,False,0.04254616700396529,0.04874363399623919,0.03008243861129722,0.03772459165231808
2025-09-25,0.01198986672793573,False,0.04525674150821489,0.05184904303443448,0.03199896122349485,0.040127988327427984
2025-09-26,0.009461342907937263,False,0.04468309518014735,0.05119183678936886,0.03159336227853984,0.03961935088713441
2025-09-29,-0.030683819938602096,False,0.043584264144666304,0.04993294505860015,0.030816429372551715,0.038645045678758
2025-09-30,-0.006980831141340317,False,0.04790458374922963,0.05488258194438553,0.03387112873650023,0.04247576191870662
2025-10-01,-0.027370596825950378,False,0.0460655168463823,0.05277562824398209,0.03257080908134029,0.04084510861156515
2025-10-02,-0.018621384335477137,False,0.04920632095670976,0.056373936077292124,0.03479152726801572,0.04362997880941359
2025-10-03,0.01048880939207925,False,0.04983242838959581,0.05709124514882561,0.03523421904826742,0.04418513216162758
2025-10-06,0.01441249988822578,False,0.04840700378089713,0.055458186748778296,0.03422636684192851,0.042921244834496296
2025-10-07,0.0001490424028392572,False,0.04806754378616,0.055069279476866136,0.0339863502864602,0.04262025439080809
2025-10-08,0.0047576658282786,False,0.04460079964323357,0.05109755371257665,0.03153517488795864,0.03954638155185702
2025-10-09,-0.0028221333249692916,False,0.0425078813793038,0.048699771514440465,0.030055368606296134,0.037690644773945375
2025-10-10,-0.04285067592214613,False,0.04029548057386592,0.046165102407745184,0.028491081712791327,0.035728965900531824
2025-10-13,-0.0040448094971537694,False,0.048214393549055976,0.055237520039978866,0.0340901810023268,0.04275046229740926
2025-10-14,-0.018089364670112875,False,0.04568257965498188,0.052336910690425974,0.03230005179899305,0.04050556805617928
2025-10-15,-0.010691875570773494,False,0.04654924563925906,0.05332981915925842,0.03291283147115688,0.0412740184868083
2025-10-16,-0.02025837047032759,False,0.045616649778144225,0.05226137716972849,0.032253435814233844,0.040447109730634784
2025-10-17,0.0024527851394313465,False,0.04698074814050204,0.05382417626520147,0.033217927051284075,0.04165662065294064
2025-10-20,-0.008528836347520323,False,0.04421351206227076,0.05065385207205094,0.03126134164516275,0.03920298361797324
2025-10-21,0.004765435030968503,False,0.04304432605586915,0.04931435714729653,0.030434663973834885,0.03816629646697806
2025-10-22,0.02076648279248625,False,0.04117449172871852,0.047172154300498606,0.029112590087494835,0.03650836247629283
2025-10-23,0.06285116386124182,False,0.04320972563734372,0.049503849579406255,0.030551610413583015,0.03831295202046214
2025-10-24,-0.00787167249576794,False,0.056412947993555514,0.06463031298190665,0.03988700191818156,0.050019909590492496
2025-10-27,-0.00426439878645754,False,0.05374269151639337,0.06157109487685977,0.0379989863292999,0.047652261872696645
2025-10-28,-0.023003716014103084,False,0.05065341477643871,0.058031820123592086,0.035814700777223415,0.04491307966845878
2025-10-29,0.015189380685666722,False,0.05208902792073643,0.05967655116738544,0.03682975682866237,0.04618600090797454
2025-10-30,0.001537043032393178,False,0.051528281846016405,0.05903412428487841,0.03643327905975504,0.04568880179042579
2025-10-31,0.005055545045720945,False,0.04815402955480468,0.055168363153482794,0.03404750039725073,0.04269693909675477
2025-11-03,0.005334158803414924,False,0.04586987580846042,0.05255148924818913,0.032432480298101446,0.04067163873670309
2025-11-04,-0.011465385858351381,False,0.04392303493266822,0.05032106273080887,0.031055958621624104,0.03894542502056604
2025-11-05,-0.023332836398185137,False,0.04349611266934488,0.049831953040943296,0.030754101517151605,0.038566884033556445
2025-11-06,-0.002048051129429905,False,0.04575167932072405,0.05241607572580707,0.0323489089957543,0.04056683695199291
2025-11-07,0.004876907329907669,False,0.043139251077117816,0.04942310937619648,0.03050178109214364,0.03825046404108315
2025-11-10,-0.011205041087883711,False,0.04142289799375145,0.04745674454487971,0.029288226736921292,0.03672861792048764
2025-11-11,0.0133997433326718,False,0.041160641612049326,0.047156286713233575,0.02910279730676276,0.03649608193417882
2025-11-12,-0.031496161581770495,False,0.041441746396111985,0.047478338490721896,0.029301553575667515,0.03674533031392801
2025-11-13,0.004192878260035958,False,0.04568414024347825,0.0523386986012965,0.032301155219370145,0.04050695178984811
2025-11-14,0.02086229019549529,False,0.0435793986602709,0.04992737084575597,0.03081298921222833,0.03864073157892404
2025-11-17,-0.004581004772955444,False,0.045126345759479235,0.05169965325155595,0.03190676438456106,0.040012369771853
2025-11-18,0.026559911491730637,False,0.04314534402018747,0.04943008984489344,0.030506089132062677,0.038255866496943444
2025-11-19,-0.016791439297260277,False,0.04591618824994933,0.052604547769235156,0.032465225696245055,0.04071270278704229
2025-11-20,-0.002197458112325452,False,0.04624594578501238,0.05298233927734251,0.032698382088552316,0.041005090309362904
2025-11-21,-0.013605652055778598,False,0.04376455434536741,0.05013949714483777,0.0309439042845527,0.03880490436120359
2025-11-24,0.032131907773096796,False,0.043649342324827346,0.05000750282063345,0.030862443161747976,0.038702748826771834
2025-11-25,-0.013041638035535342,False,0.04764100806031849,0.0545806126292791,0.033684766484869885,0.04224205613663876
2025-11-26,0.012733091288255805,False,0.04705272501035105,0.053906637611244416,0.03326881858678866,0.04172044069161093
2025-11-27,-0.00976827675791378,False,0.046601602275106846,0.053389802299333086,0.03294985044124738,0.04132044176878015
2025-11-28,-0.0017154000307808138,False,0.04548980421037107,0.052116054703218104,0.03216374914503765,0.04033463902918
2025-12-01,0.0023384530104377022,False,0.04302200061816687,0.04928877968542872,0.030418878683256618,0.03814650107575753
2025-12-02,-0.013324125325942298,False,0.04094293804753266,0.04690687146350054,0.028948869125302302,0.036303049784611026
2025-12-03,0.005978620703109941,False,0.04101913512158435,0.04699416774776544,0.02900274457317301,0.0363706117697702
2025-12-04,0.006254907023109973,False,0.03971652474379526,0.045501813254616,0.02808172866307641,0.03521562066141524
2025-12-05,0.004200052841407376,False,0.03856777798213392,0.04418573484737507,0.02726950264200187,0.034197056462869274
2025-12-08,-0.017538814752922297,False,0.0370868289820251,0.04248906412209744,0.02622239169125316,0.03288393708640918
2025-12-09,-0.010800613251870827,False,0.038435846920425565,0.044034586110896695,0.027176220253851722,0.034080076584782
2025-12-10,0.007952960639359213,False,0.03824918075291774,0.04382072930570825,0.027044237188859364,0.03391456449661013
2025-12-11,-0.0200022669947214,False,0.03758500592352035,0.04305980776862492,0.026574629702698412,0.03332565776330957
2025-12-12,0.003871597028314107,False,0.039411961318377146,0.045152885744040534,0.027866385867389716,0.03494557210792137
2025-12-15,-0.009057153940749161,False,0.03782346748440715,0.043333004718304424,0.02674323490903493,0.033537095494195895
2025-12-16,-0.02667263816036854,False,0.03730800217905421,0.042742454406697224,0.026378773090345402,0.033080045669858844
2025-12-17,0.011282681493099678,False,0.04099813159550453,0.04697010475314198,0.02898789394552756,0.036351988483575084
2025-12-18,0.0013190438845701326,False,0.04055080901220118,0.0464576231404797,0.02867161271271014,0.03595535905769975
2025-12-19,0.010816231309156694,False,0.038268896102747425,0.043843316482506486,0.02705817700630276,0.03393204559006651
2025-12-22,0.014081320312570506,False,0.03818148662103316,0.04374317454059938,0.026996373780468822,0.033854541851506374
2025-12-23,0.023508071108626804,False,0.038788083092355784,0.044438130595719556,0.027425270256823352,0.03439239533608114
2025-12-24,0.0,False,0.041464864368094136,0.04750482393099501,0.029317899230798004,0.03676582842490414
2025-12-30,-0.012759343753760099,False,0.038813736399250065,0.04446752067924768,0.027443408530707158,0.03441514146329463
2025-12-31,-0.015366254636486956,False,0.03906172743643025,0.044751635211810206,0.0276187515916092,0.03463502873563541
2026-01-05,0.01632297403193052,False,0.03984561667355189,0.04564970929834983,0.028173003631553728,0.03533008315424625
2026-01-06,-0.014388737452099556,False,0.04079029923339483,0.04673199858977586,0.02884094523745656,0.036167708875214734
2026-01-07,-0.016561508589001427,False,0.04117648885838588,0.04717444234110024,0.02911400216606379,0.036510133279786625
2026-01-08,0.03633256076006215,False,0.041979386421537035,0.04809429359235549,0.029681694119428323,0.0372220418920406
2026-01-09,0.027561106138276798,False,0.047463542452440985,0.05437729657882278,0.03355928871259268,0.04208470194797859
2026-01-12,0.004444111214382369,False,0.050205498904724526,0.05751865880144741,0.03549800005744737,0.04451592418901371
2026-01-13,0.032789822822990755,False,0.0475431512366005,0.054468501538310565,0.03361557642382588,0.04215528900871371
2026-01-14,0.01890858827046314,False,0.05152664434265091,0.05903224825537127,0.036432121256410176,0.04568734985832138
2026-01-15,-0.04014461884117107,False,0.0517794807372214,0.05932191394198233,0.036610890246755644,0.04591153338439853
2026-01-16,0.012168707206522932,False,0.05706602960343808,0.06537852541097984,0.04034876589883882,0.0505989802514562
2026-01-19,-0.0008963251272332786,False,0.055247218582850185,0.06329477815620127,0.03906276824675215,0.048986287313969736
2026-01-20,0.01144228250324241,False,0.05132361639325492,0.05879964633719041,0.036288569527684215,0.04550733019910607
2026-01-21,-0.014285957247476654,False,0.05004397297145256,0.05733360427064619,0.03538379249625077,0.04437270329972946
2026-01-22,-0.019065488977456975,False,0.04947324383908892,0.05667974015319628,0.03498025616625874,0.04386665246181277
2026-01-23,0.04041861344802584,False,0.04998863280154068,0.05727020300145024,0.03534466400639273,0.0443236345948635
2026-01-26,-0.006771702602830927,False,0.05548993243906641,0.06357284680976805,0.03923438005561511,0.049201495445721374
2026-01-27,0.03740108340066705,False,0.05273522732489662,0.06041687889754352,0.037286654718065526,0.046758969294189975
2026-01-28,0.00878317021918549,False,0.05717854234078987,0.06550742726220604,0.040428318482601734,0.0506987424009322
2026-01-29,0.001409443503233604,False,0.054674287295583,0.06263839110801094,0.03865767487427279,0.048478283881957226
2026-01-30,0.017452449951226207,False,0.050948981680961916,0.05837044063937527,0.036023682546604,0.04517515123833812
2026-02-02,-0.064750769727607,False,0.050979322920208535,0.0584052015206714,0.03604513544192456,0.04520205403455704
2026-02-03,0.03325653172417164,False,0.06268629625422072,0.0718174655054303,0.04432259805357868,0.05558232609217919
2026-02-04,0.01615223554675511,False,0.0652313843541988,0.0747332826417179,0.046122112837620174,0.05783899023026475
2026-02-05,-0.01815395197150204,False,0.06333185713048654,0.07255706169683482,0.044779044469264305,0.056154728312138774
2026-02-06,0.008266865780329908,False,0.06200674234212068,0.07103892469894521,0.04384211672509824,0.054979783121920096
2026-02-09,0.010449120771092685,False,0.05891344971025737,0.06749504908080185,0.0416549917204854,0.052237040129647916
2026-02-10,-0.002531646921779508,False,0.05662307788782744,0.06487105134635449,0.0400355751056145,0.050206226361510065
2026-02-11,0.007156418671256347,False,0.05295185723278948,0.06066506409697605,0.037439823766289085,0.046951049460052525
2026-02-12,-0.024343121096931944,False,0.05069134708952984,0.058075277828860156,0.03584152097185674,0.044946713274552075
2026-02-13,0.002289640382074439,False,0.05221042081927276,0.0598156267042122,0.03691558816612989,0.046293636867903616
2026-02-16,0.012076583513281334,False,0.049126661196020716,0.05628267271580312,0.034735203513622165,0.043559346549101284
2026-02-17,-0.014796115712537488,False,0.048275467391526584,0.05530749017439436,0.034133363508443204,0.042804614902216806
2026-02-18,0.028401767768315978,False,0.04800877459288585,0.05500194969726594,0.03394479729183344,0.04256814525914889
2026-02-19,0.019179615176477507,False,0.05070721270468474,0.058093454501230296,0.03585273881890471,0.04496078090731852
2026-02-20,-0.005756594844336745,False,0.05113081591262508,0.05857876166710383,0.03615224917191081,0.04533637897331286
2026-02-23,-0.011752641324600847,False,0.0488455286380386,0.05596058911872069,0.03453642760705587,0.043310073542932266
2026-02-24,-0.00964300673296773,False,0.04794621550594394,0.05493027797095624,0.0339005646376361,0.04251267572628109
2026-02-25,-0.007329137811170706,False,0.04672850175737972,0.05353518653377293,0.03303957523090759,0.04143296027483473
2026-02-26,0.013628591693944965,False,0.0452287811312262,0.05181700982255415,0.03197919172641576,0.04010319658051821
2026-02-27,-0.004755918881868143,False,0.04512948032790417,0.05170324441538574,0.03190898069378128,0.04001514911302904
2026-03-02,0.07974066456537406,False,0.043233796179789355,0.04953142634586213,0.030568629587493415,0.038334294751160465
2026-03-03,0.07529096674639985,False,0.05636546754953614,0.06457591632180225,0.03985343067914804,0.049977809902359956
2026-03-04,-0.02086947860045901,False,0.06753523350789029,0.07737272087641521,0.047751058653800374,0.0598817540012867
2026-03-05,0.08268003871768653,False,0.06605011760204513,0.0756712762750775,0.04670100147558067,0.058564939936716576
2026-03-06,0.0776171995404218,False,0.07922496398954833,0.09076523033700927,0.05601632963730197,0.07024673726535147
2026-03-09,-0.014624912149803746,False,0.09029340783367514,0.10344595374026583,0.06384231740330927,0.0800608416524137
2026-03-10,-0.0489809613843714,False,0.08540368435596796,0.09784397103949836,0.0603850187392337,0.07572524964780222
2026-03-11,0.01260939171167021,False,0.08825301636153868,0.10110834962383396,0.062399650401183344,0.07825167902937304
2026-03-12,0.11805167888757907,False,0.08296489474460289,0.09504993631013885,0.05866066272937454,0.07356283764471655
2026-03-13,0.008268127448061702,False,0.1047311037999144,0.11998670975858722,0.07405054844213557,0.09286237521185126
2026-03-16,-0.021443030435262963,False,0.0964956814650298,0.11055167858271993,0.0682276599360057,0.08556023810890268
2026-03-17,0.07021935578542292,False,0.09217218881935327,0.10559840645631079,0.06517071706056787,0.08172670841503514
2026-03-18,0.08571121178553162,False,0.09902177815535045,0.11344573793477919,0.07001374676741613,0.08780006305265699
2026-03-19,-0.061466495272753816,False,0.10908959067343649,0.12498007353024196,0.07713223412720922,0.09672693338721602
2026-03-20,0.06425707676319364,False,0.11190313061272603,0.12820344641414355,0.07912155886464614,0.09922162686447553
2026-03-23,-0.13186800012643243,False,0.11501562479389188,0.1317693205660509,0.08132226040197182,0.10198139537649577
2026-03-24,0.0436429468549945,False,0.13656576007841123,0.15645854596161124,0.09655937028548457,0.1210893458902268
2026-03-25,0.00661888792589377,False,0.13212829190160089,0.15137469611303983,0.0934218405520531,0.11715475702527159
2026-03-26,0.03820174222566249,False,0.12043169987223887,0.1379743256206894,0.08515171808363244,0.10678368980339195
2026-03-27,0.06883411472843094,False,0.11644588045997703,0.13340791373713973,0.08233352842687891,0.10324956627791794
2026-03-30,0.00336963540532892,False,0.12054133202015954,0.13809992728280784,0.08522923393504488,0.10688089780833136
2026-03-31,0.03870620349645368,False,0.10924786194874099,0.12516139931488532,0.07724414046939125,0.09686726845501656
2026-04-01,-0.05792482019822474,False,0.10651673654527627,0.12203244584060623,0.07531308726119451,0.09444564982630727
2026-04-02,0.06516040033014789,False,0.11063081975956789,0.1267458050113351,0.07822196635538321,0.09809350156506302
2026-04-08,-0.12385198977100491,False,0.11436157644600492,0.131020000579546,0.08085981288531784,0.10140146753381586
2026-04-09,-0.025546715665142033,False,0.1340441874202356,0.15356966963266763,0.09477648218920967,0.11885353228938092
2026-04-10,0.000335993283295295,False,0.12646803332204626,0.14488993868471098,0.08941973194312362,0.11213595137022098
2026-04-13,0.034746635548776605,False,0.11439552629833334,0.13105889572081617,0.0808838172650411,0.10143156999441183
2026-04-14,-0.03794313894344649,False,0.11035483790819302,0.12642962239606526,0.0780268322766531,0.097848795557925
2026-04-15,-0.03219180468774646,False,0.10873517336531148,0.12457403019506756,0.07688164194311288,0.09641268067856937
2026-04-16,0.014683283322291053,False,0.10483754223955043,0.12010865250243687,0.07412580616925196,0.09295675143782255
2026-04-17,-0.1676310557370564,False,0.09839206722033761,0.11272430045871147,0.06956850711648305,0.08724171456781828
2026-04-20,0.04722948710842677,False,0.13676528470725663,0.15668713424973527,0.09670044497731578,0.12126625924524351
2026-04-21,0.026154015325420155,False,0.1346035328178213,0.15421049180907795,0.09517196960371202,0.11934948946255135
2026-04-22,0.06651508538406842,False,0.12779087942813414,0.14640547653380767,0.09035505560635453,0.11330888497823256
2026-04-23,-0.0016762984206739788,False,0.13061793579834916,0.14964433471305694,0.09235393719067549,0.1158155631270422
2026-04-24,-0.012349674969701466,False,0.11984531283567373,0.13730252279793906,0.084737110769458,0.10626375550466721
2026-04-27,0.017984980892817734,False,0.11143420902343662,0.12766621958665691,0.078790005967719,0.09880584615569275
2026-04-28,0.032226018745550186,False,0.1050986104625142,0.12040774910277241,0.0743103955069927,0.0931882339143471
2026-04-29,0.05411196740309865,False,0.10340561514877013,0.11846814443937703,0.07311335635678738,0.09168709852712571
2026-04-30,0.0006441224055230074,False,0.10624782919425432,0.12172436822938709,0.07512295523641092,0.09420721659661904
2026-05-01,-0.049329588447747735,False,0.09693715421774982,0.11105745825203517,0.06853980502256596,0.08595168064050453
2026-05-06,-0.09916004018976646,False,0.09927686881922936,0.1137379862577553,0.07019410964794864,0.08802624538133196
2026-05-07,-0.018295566761291765,False,0.11537873933113255,0.132185328008045,0.08157900199691724,0.10230335969443652
2026-05-08,0.016171808843638648,False,0.10893288055917702,0.12480053631241785,0.07702143161022713,0.09658798256074849
2026-05-11,0.025097934567670534,False,0.10267494749592924,0.11763104443364333,0.07259673485220396,0.09103923431800881
2026-05-12,0.04838169951950997,False,0.09913822839224969,0.11357915083953422,0.07009608337608092,0.08790331648167751
2026-05-13,-0.009835405249412814,False,0.10183716236434537,0.11667122373304743,0.07200437550317068,0.09029639179641478
2026-05-14,0.005696475461054114,False,0.0952924122747921,0.10917313576351763,0.06737688361237547,0.08449333027569404
2026-05-15,0.02712844801305735,False,0.08836029173410236,0.10123125121204439,0.06247549988509456,0.07834679734223864
2026-05-18,0.024016066034864458,False,0.08647310399045438,0.09906916717166557,0.06114115619577956,0.07667347652361485
2026-05-19,-0.01806679214465548,False,0.08419923511779108,0.09646407628124032,0.05953340805795887,0.07465729549644629
2026-05-20,-0.05109130942556222,False,0.08074977726654782,0.09251215480801375,0.057094455001562246,0.07159874996758804
2026-05-21,-0.028776954287653936,False,0.0860686986639813,0.09860585433744726,0.06085521978212862,0.0763149007251934
2026-05-22,0.009965298224299314,False,0.0851206296666969,0.09751968532479552,0.06018488378200376,0.07547427233727202
2026-05-27,-0.05645449677008127,False,0.07996039448383234,0.09160778696119853,0.05653631872809629,0.07089882456343737
2026-05-28,-0.01703229459632087,False,0.0862904264886536,0.09885988003925962,0.06101199333292814,0.07651150108270478
2026-05-29,-0.02750372462030581,False,0.08265350238062624,0.09469318512694797,0.05844049150519631,0.07328673404709812
2026-06-01,0.05661395518890207,False,0.08192924790002927,0.09386343246511442,0.057928404459858376,0.07264455623281145
2026-06-02,0.0020327276030728757,False,0.0879434709534107,0.1007537144324288,0.06218078507457117,0.07797721307998705
2026-06-03,0.031973949621435,False,0.08113431822857217,0.09295270974467185,0.057366346236383675,0.07193971254512425
2026-06-04,-0.027011160279306057,False,0.08174894820332801,0.09365686949964633,0.05780092283367227,0.07248468913050685
2026-06-05,-0.017221600536403706,False,0.0809209204445658,0.09270822747490014,0.057215462474362044,0.07175049822035558
2026-06-08,0.0017458284280236361,False,0.07804490654423413,0.08941328039041194,0.05518196527133782,0.06920041068917349
2026-06-09,-0.03455278231219863,False,0.07216587636008015,0.08267788409672146,0.051025173318909,0.06398762588089238
2026-06-10,0.01664247385510046,False,0.07398372316130909,0.08476052667959103,0.052310489215817324,0.06559946386988075
2026-06-11,-0.030654147552025494,False,0.0716299107520405,0.0820638473156779,0.0506462166786994,0.06351239896559593
2026-06-12,-0.04629435840726269,False,0.07259492053532425,0.0831694247857891,0.05132853072974492,0.06436804831260946
2026-06-15,-0.049489867388399854,False,0.07717003646803462,0.08841097278454567,0.054563384862962146,0.06842468590131227
2026-06-16,-0.04683617118605612,False,0.08196886832773374,0.0939088241834006,0.057956418242723046,0.07267968664670048
2026-06-17,-0.0021140342387965918,False,0.08560426094903797,0.09807376452571079,0.06052683722660366,0.07590309575243193
2026-06-18,-0.012274703213303088,False,0.07907075810918837,0.09058856213111348,0.05590729774897706,0.07011000687865358
2026-06-19,0.013891719549224121,False,0.07531578006418246,0.08628661701176528,0.05325232540998513,0.06678056445442614
2026-06-22,-0.05060015318786751,False,0.07240071544903785,0.08294693090883729,0.051191217241889055,0.06419585165911831
